sample_index,sample_id,source_index,SMILES,column,true_RT,Speed,true_RTv,split,pred_q10,pred_central,pred_q90
3853,ODH_charity_0616:row:3853,21236,CN1CCc2ccccc2[C@H]1Cc3ccccc3,ODH,5.79,0.8,4.632,train,0.0,0.0,4.4483194
4933,ODH_charity_0616:row:4933,25640,OC[C@H](O)c1cccc2ccccc12,ODH,9.8,0.5,4.9,train,0.0,0.0,4.0843787
1783,ODH_charity_0616:row:1783,9996,CC1(C)OB(OC1(C)C)[C@@H](Cc2ccc3ccccc3c2)N4CCOC4=O,ODH,10.3,1.0,10.3,train,0.0,0.0,14.736286
1448,ODH_charity_0616:row:1448,8340,BrC(=C)[C@H]1CC(CN1[S](=O)(=O)c2ccccc2)(c3ccccc3)c4ccccc4,ODH,13.04,1.0,13.04,train,0.0,0.0,8.581575
1263,ODH_charity_0616:row:1263,7351,Cc1ccc(cc1)[S](=O)(=O)NC[C@H](Sc2sc3ccccc3n2)c4ccc(cc4)B5OC(C)(C)C(C)(C)O5,ODH,10.7,1.0,10.7,train,0.0,0.0,18.726688
688,ODH_charity_0616:row:688,3887,CC(C)(N1[C@@H](CC1=O)c2ccc(Oc3ccccc3)cc2)c4ccccn4,ODH,18.0,0.8,14.4,train,0.0,0.0,8.976346
3942,ODH_charity_0616:row:3942,21593,CC(C)(C)OC(=O)OC[C@@]1(CC=C)C(=O)N(COCc2ccccc2)c3ccccc13,ODH,9.7,0.8,7.76,train,0.0,0.0,13.007184
2041,ODH_charity_0616:row:2041,11392,C([C@@H]1Cc2ccccc2N1)c3ccccc3,ODH,16.6,1.0,16.6,train,0.0,0.0,3.458838
4019,ODH_charity_0616:row:4019,21984,Cc1ccc(C[C@]2(C\C=C\c3ccccc3)C(=NN(c4ccc(C)cc4)C2=O)C)cc1,ODH,11.751,1.0,11.751,train,0.0,0.0,12.752355
4119,ODH_charity_0616:row:4119,22331,Cc1cccc(/C=C/[C@H]2COc3cc(F)c(F)cc3O2)c1,ODH,7.99,1.0,7.99,train,0.0,0.0,4.95887
2429,ODH_charity_0616:row:2429,13360,O[C@H](C(O)=O)c1ccccc1F,ODH,13.86,0.8,11.088,train,0.0,0.0,2.6832395
3961,ODH_charity_0616:row:3961,21702,COc1cc(Br)cc2[C@H](N[S](=O)(=O)Oc12)\C=C\c3ccccc3,ODH,44.1,0.8,35.28,train,0.0,0.0,6.8049393
3972,ODH_charity_0616:row:3972,21741,ClCCCC[C@]1(CI)COc2ccccc12,ODH,59.4,0.75,44.55,train,0.0,0.0,3.8852363
3715,ODH_charity_0616:row:3715,20651,C[C@@H](COC=O)c1ccc(F)cc1,ODH,45.1,0.5,22.55,train,0.0,0.0,2.2396593
3730,ODH_charity_0616:row:3730,20722,COC(=O)C[C@H](O)c1ccc(F)cc1,ODH,46.3,0.5,23.15,train,0.0,0.0,2.6141236
3474,ODH_charity_0616:row:3474,19254,O=C1C[C@@H](CC2CCCCC2)C(=O)N1Cc3ccccc3,ODH,33.5,0.5,16.75,train,0.0,0.0,4.606444
4222,ODH_charity_0616:row:4222,22838,C[C@](C\C=C\C=C\c1ccccc1)(C=O)c2ccc(F)cc2,ODH,7.162,1.0,7.162,train,0.0,0.0,5.272656
1544,ODH_charity_0616:row:1544,8755,N[C@H](C(=[N+]=[N-])C(=O)c1ccc(F)cc1)C(F)(F)F,ODH,10.445,1.0,10.445,train,0.0,0.0,4.64185
254,ODH_charity_0616:row:254,1449,NC(=O)[C@H]1COc2ccccc2O1,ODH,8.7,1.0,8.7,train,0.0,0.0,3.0184813
4630,ODH_charity_0616:row:4630,24450,O[C@H]/1CCCC1=C/c2ccc(F)cc2,ODH,8.7,1.0,8.7,train,0.0,0.0,2.6039643
4251,ODH_charity_0616:row:4251,22946,O=C(OCc1ccccc1)[C@@H](Oc2ccccc2)c3ccc(cc3)c4ccccc4,ODH,7.3,1.0,7.3,train,0.0,0.0,8.095462
1317,ODH_charity_0616:row:1317,7620,COc1ccc(cc1)[C@H]([C@H](C)O)N2CCCC2,ODH,9.0,1.0,9.0,train,0.0,0.0,3.7215543
1553,ODH_charity_0616:row:1553,8817,Cc1cc2C[C@H](/C=C/c3ccc(Cl)cc3)N(c2cc1C)[S](=O)(=O)C(F)(F)F,ODH,12.0,0.5,6.0,train,0.0,0.0,10.131985
4910,ODH_charity_0616:row:4910,25536,COC(=O)[C@@H](F)\C=C\c1ccccc1C=C,ODH,9.7,1.0,9.7,train,0.0,0.0,3.04303
4661,ODH_charity_0616:row:4661,24538,CCCCC[C@H](C=C)n1ccc2cc(ccc12)c3ccccc3,ODH,7.3,1.0,7.3,train,0.0,0.0,6.0272818
467,ODH_charity_0616:row:467,2563,C[C@H](CC(=O)c1ccccc1)[S](=O)(=O)c2ccc(Cl)cc2,ODH,16.0,1.0,16.0,train,0.0,0.0,5.6332126
3711,ODH_charity_0616:row:3711,20644,Cc1ccccc1[C@H](O)c2ccccc2,ODH,45.01,1.0,45.01,train,0.0,0.0,3.1772308
4903,ODH_charity_0616:row:4903,25521,CCCCC[C@H](C=C)n1ccc2ccc(OC)cc12,ODH,8.7,1.0,8.7,train,0.0,0.0,5.080204
3001,ODH_charity_0616:row:3001,16548,CC(=O)[C@H](C(C(=O)\C=C(/C)c1ccccc1)c2ccccc2)C(=O)c3ccccc3,ODH,23.4,0.6,14.04,train,0.0,0.0,10.785046
520,ODH_charity_0616:row:520,3076,CCC[C@@H]1Nc2ccccc2NC1=O,ODH,14.8,1.0,14.8,train,0.0,0.0,3.157424
278,ODH_charity_0616:row:278,1603,C[C@@H]1N[S](=O)(=O)Oc2ccc(C)cc12,ODH,8.1,0.8,6.48,train,0.0,0.0,5.1169887
3609,ODH_charity_0616:row:3609,20092,COc1ccc(cc1)[C@H]2N(C)CCc3ccccc23,ODH,4.4,1.0,4.4,train,0.0,0.0,5.292554
2518,ODH_charity_0616:row:2518,13854,CC(C)C[C@H](C=C)c1n2ccccc2cc1c3ccccc3,ODH,12.716,1.0,12.716,train,0.0,0.0,9.134807
866,ODH_charity_0616:row:866,4935,O[C@H](C[N+]([O-])=O)c1sccc1,ODH,23.948,0.8,19.1584,train,0.0,0.0,2.429676
3043,ODH_charity_0616:row:3043,16907,O[C@]1([C@H](C=C)c2ccccc2F)C(=O)N(Cc3cccc4ccccc34)c5ccccc15,ODH,16.676,1.0,16.676,train,0.0,0.0,10.325061
113,ODH_charity_0616:row:113,625,COC(=O)[C@@]1(N[C@@H]([C@H]([C@@H]1[N+]([O-])=O)c2ccc(Cl)cc2)c3ccccc3)c4ccccc4,ODH,8.164,1.0,8.164,train,0.0,0.0,9.470675
4929,ODH_charity_0616:row:4929,25628,Clc1ccc2sc(SC[C@H](CN(Cc3ccccc3)C(c4ccccc4)c5ccccc5)OCc6ccccc6)nc2c1,ODH,9.8,1.0,9.8,train,0.0,0.0,9.519852
4809,ODH_charity_0616:row:4809,25150,CCOC(=O)[C@H]1[C@H](c2ccccc2)c3ccccc3OC1=O,ODH,10.4,0.7,7.28,train,0.0,0.0,6.5667114
2859,ODH_charity_0616:row:2859,15830,FC(F)(F)c1ccc(cc1)[C@H]2CCCC(=O)C2,ODH,21.7,0.5,10.85,train,0.0,0.0,3.5226867
4913,ODH_charity_0616:row:4913,25543,C[C@@](C\C=C\C=C\c1ccccc1)(C=O)c2ccc(cc2)C(F)(F)F,ODH,11.554,1.0,11.554,train,0.0,0.0,5.9293804
2487,ODH_charity_0616:row:2487,13776,Clc1ccc(cc1)[C@@H]2CNc3ccccc3N2,ODH,28.7,0.6,17.22,train,0.0,0.0,5.8965383
605,ODH_charity_0616:row:605,3494,CCOC(=O)[C@H](CCOCc1ccccc1)CC=O,ODH,16.2,1.0,16.2,train,0.0,0.07928614,3.2410316
1089,ODH_charity_0616:row:1089,6400,N[C@@H](C[C@](O)(CC(F)(F)F)c1ccccc1)c2ccccc2,ODH,56.23,0.8,44.984,train,0.0,0.0,5.535518
65,ODH_charity_0616:row:65,423,CC1(C)CN(C(=S)Nc2ccc(Cl)cc2)[C@](C)(C1)c3ccccc3,ODH,6.38,1.0,6.38,train,0.0,0.0,12.38898
977,ODH_charity_0616:row:977,5616,COc1ccc(cc1)[C@@H](CCO)C[N+]([O-])=O,ODH,27.28,1.0,27.28,train,0.0,0.0,3.5111287
63,ODH_charity_0616:row:63,417,FC(F)(F)c1ccc(CN[C@@H](\C=C\c2ccccc2)c3ccccc3)cc1,ODH,6.309,1.0,6.309,train,0.0,0.0,6.094189
607,ODH_charity_0616:row:607,3496,CC(C)(C)OC(=O)N1CCC[C@@H](CC1=O)c2ccccc2,ODH,16.2,1.0,16.2,train,0.0,0.0,7.932976
2576,ODH_charity_0616:row:2576,14105,CCC1(CC)[C@@H](CCC1=O)c2ccccc2,ODH,18.57,1.0,18.57,train,0.0,0.0,4.6784444
2228,ODH_charity_0616:row:2228,12266,CCCCC[C@@H](C=C)c1c[nH]c2ccccc12,ODH,15.9,1.0,15.9,train,0.0,0.0,3.8236094
434,ODH_charity_0616:row:434,2386,Cc1cc(C)c(NC[C@@H]2CCc3ccccc3N2)c(C)c1,ODH,10.3,1.0,10.3,train,0.0,0.0,7.5343366
4183,ODH_charity_0616:row:4183,22656,O[C@@H]([C@H](C=C)c1ccccc1)C(=O)c2ccc3OCOc3c2,ODH,57.0,0.5,28.5,train,0.0,0.0,5.8853784
3836,ODH_charity_0616:row:3836,21173,C=C1C[C@@](CC#C)(C(=O)O1)c2ccc3ccccc3c2,ODH,5.66,2.0,11.32,train,0.0,0.0,5.2222123
2002,ODH_charity_0616:row:2002,11145,Cc1cc([C@@H](C(=O)OCc2ccccc2)c3ccc(cc3)c4ccccc4)c(C)n1Cc5ccccc5,ODH,14.5,0.7,10.15,train,0.0,0.0,10.523361
2901,ODH_charity_0616:row:2901,15983,C[C@@H](Nc1ccccc1)C(=O)c2ccc(Br)cc2,ODH,22.0,1.0,22.0,train,0.0,0.0,3.5125942
1677,ODH_charity_0616:row:1677,9470,CC(=C)C[C@@]1(C)CC(=NO1)c2ccc3OCCOc3c2,ODH,13.43,0.8,10.744,train,0.0,0.0,8.005682
3618,ODH_charity_0616:row:3618,20129,C1CCC(CC1)C[C@@H]2CCC(=N2)c3ccccc3,ODH,4.3,1.0,4.3,train,0.0,0.0,4.333236
3759,ODH_charity_0616:row:3759,20877,O=C([C@](C1=CC=CC=C12)(C#CC3=CC=C(C(OC)=O)C=C3)NS2(=O)=O)OCC,ODH,60.2,0.5,30.1,train,0.0,0.0,8.898169
537,ODH_charity_0616:row:537,3201,CC(C)=CCC[C@@H]1CCc2ccccc2N1,ODH,17.5,0.5,8.75,train,0.0,0.0,4.398178
579,ODH_charity_0616:row:579,3380,O=C1Nc2ccccc2N[C@@H]1c3ccccc3,ODH,27.1,1.0,27.1,train,0.0,0.0,4.9434104
2693,ODH_charity_0616:row:2693,14891,COC(=O)c1ccc(cc1)c2oc(C)c3Cc4ccccc4N5CCOC[C@@H]5c23,ODH,19.8,0.6,11.88,train,0.0,0.0,7.9707785
1550,ODH_charity_0616:row:1550,8791,O[C@@H]/1CCCC1=C/c2cccc3ccccc23,ODH,117.9,0.5,58.95,train,0.0,0.0,3.5949254
383,ODH_charity_0616:row:383,2086,FC(F)(F)CCCc1ccccc1[C@H](NC(=O)c2ccccc2)c3cn(Cc4ccc(Br)cc4)c5ccccc35,ODH,9.32,1.0,9.32,train,0.0,0.0,11.540537
1645,ODH_charity_0616:row:1645,9342,CCCC[C@@H]1[C@H](C)c2ccccc2[S](=O)(=O)N1Cc3ccccc3,ODH,12.5,0.7,8.75,train,0.0,0.0,7.0252085
4527,ODH_charity_0616:row:4527,24069,Cc1ccc(cc1)[S](=O)(=O)N2C[C@H](C=C)N(c3cc(Br)ccc3C2=O)[S](C)(=O)=O,ODH,8.36,1.0,8.36,train,0.0,0.0,10.8181305
3796,ODH_charity_0616:row:3796,21019,O1C=C[C@H](c2ccccc2)c3ccccc13,ODH,5.3,1.0,5.3,train,0.0,0.0,3.9579244
663,ODH_charity_0616:row:663,3810,Cc1cccc(c1)[C@H](O)CCl,ODH,14.3,1.0,14.3,train,0.0,0.08213019,2.100725
836,ODH_charity_0616:row:836,4803,COc1ccc2cc(ccc2c1)[C@H](C)C#N,ODH,24.0,1.0,24.0,train,0.0,0.0,3.3677773
1426,ODH_charity_0616:row:1426,8221,Cc1ccc(\C=C\[C@H]2COc3ccccc3O2)cc1,ODH,12.96,1.0,12.96,train,0.0,0.0,3.6015081
4050,ODH_charity_0616:row:4050,22085,Cc1ccc(cc1)c2oc(C)c3Cc4ccccc4N5CCOC[C@@H]5c23,ODH,6.4,0.8,5.12,train,0.0,0.0,8.901796
3244,ODH_charity_0616:row:3244,18142,CC(C)[C@H](COC=O)c1ccccc1,ODH,33.8,0.5,16.9,train,0.0,0.0,2.617694
2008,ODH_charity_0616:row:2008,11176,COc1ccc(cc1)[C@H]2CCc3ccccc3N2,ODH,14.53,1.0,14.53,train,0.0,0.0,3.8852532
2768,ODH_charity_0616:row:2768,15372,O[C@H](C(O)=O)c1cccc(Cl)c1,ODH,15.44,0.8,12.352,train,0.0,0.0,2.57339
3458,ODH_charity_0616:row:3458,19183,O=C1Nc2ccccc2[C@@]13CCN(C3)C(=O)c4ccccc4,ODH,33.0,1.0,33.0,train,0.0,0.0,6.5096836
1567,ODH_charity_0616:row:1567,8922,CC(C)[C@@H]1C=Cc2ccccc2N1[S](C)(=O)=O,ODH,12.1,0.5,6.05,train,0.0,0.0,6.9918895
3579,ODH_charity_0616:row:3579,19969,CCOC(=O)c1ccc2N[C@@H]([C@@H]3CCO[C@@H]3c2c1)c4ccccc4,ODH,32.3,1.0,32.3,train,0.0,0.0,6.637237
2457,ODH_charity_0616:row:2457,13587,CCC[C@@H](C=C)C(Cc1ccccc1)(C#N)C#N,ODH,17.752,0.5,8.876,train,0.0,0.0,5.335368
4761,ODH_charity_0616:row:4761,24975,O=C(OCc1ccccc1)[C@H](Oc2ccc(cc2)c3ccccc3)c4ccccc4,ODH,22.9,1.0,22.9,train,0.0,0.0,7.117095
48,ODH_charity_0616:row:48,365,COc1cccc2[C@@H](CCOc12)CC(=O)NC(C)(C)c3ccccn3,ODH,12.3,1.0,12.3,train,0.0,0.0,6.7431297
3675,ODH_charity_0616:row:3675,20406,CCOC(=O)[C@]1(N[S](=O)(=O)c2ccc(OC)cc12)C#Cc3ccccc3,ODH,41.6,0.5,20.8,train,0.0,0.0,8.2188015
3291,ODH_charity_0616:row:3291,18346,C=C[C@H](CCc1ccccc1)c2c[nH]c3ccccc23,ODH,29.4,1.0,29.4,train,0.0,0.0,4.0812793
441,ODH_charity_0616:row:441,2401,CCOC(=O)[C@H]1COc2ccccc2O1,ODH,14.6,1.0,14.6,train,0.0,0.0,3.0374877
705,ODH_charity_0616:row:705,4040,CC(C)(NC(=O)C[C@@H](CCc1ccccc1)c2ccc(Cl)cc2)c3ccccn3,ODH,18.8,0.5,9.4,train,0.0,0.0,8.26982
4324,ODH_charity_0616:row:4324,23280,CC(C)(C)OC(=O)[C@](O)(SCc1ccccc1)[Si](C)(C)c2ccccc2,ODH,13.93,1.0,13.93,train,0.0,0.0,13.873479
4624,ODH_charity_0616:row:4624,24425,CC(C)(C)OC[C@@](N)(C\C=C\c1ccccc1)C(=O)OC(C)(C)C,ODH,8.7,1.0,8.7,train,0.0,0.0,14.650369
1096,ODH_charity_0616:row:1096,6523,CC[C@@H]1Nc2ccccc2C[C@H]1C,ODH,84.6,0.15,12.69,train,0.0,0.0,3.5739264
3909,ODH_charity_0616:row:3909,21462,COC(=O)C[C@@H](O)c1ccc(F)cc1,ODH,41.5,0.5,20.75,train,0.0,0.0,2.584411
1326,ODH_charity_0616:row:1326,7666,CCC1(CC)OC[C@H](CO)Oc2ccccc12,ODH,11.0,1.0,11.0,train,0.0,0.0,4.2316976
2207,ODH_charity_0616:row:2207,12171,CC[C@@H](\C=C\c1cscc1)C#Cc2ccc(cc2)C#N,ODH,14.6,0.5,7.3,train,0.0,0.0,4.215509
2149,ODH_charity_0616:row:2149,11807,CC[C@]1(CO)CCCOC1,ODH,15.3,1.0,15.3,train,0.0,0.0,1.8780316
1405,ODH_charity_0616:row:1405,8089,CC(=C)[C@H]1CN(C(=C1)c2ccccc2)[S](=O)(=O)c3ccc(C)cc3,ODH,11.33,0.8,9.064,train,0.0,0.0,8.068663
3544,ODH_charity_0616:row:3544,19756,CC(=O)C1=C(C)OC(=O)C[C@@H]1c2ccccc2C,ODH,33.0,0.75,24.75,train,0.0,0.0,4.610437
346,ODH_charity_0616:row:346,1911,CC(C)(O)C[C@H]1CCc2ccccc2N1,ODH,11.1,1.0,11.1,train,0.0,0.0,4.2142115
4015,ODH_charity_0616:row:4015,21967,COC(=O)[C@@H](O)c1ccc(Cl)cc1,ODH,6.26,2.0,12.52,train,0.0,0.0,2.6611238
4391,ODH_charity_0616:row:4391,23567,CC[C@]1(N(c2cc(C)c(C)cc2C1=C)[S](=O)(=O)C(F)(F)F)c3ccc(Br)cc3,ODH,7.92,0.5,3.96,train,0.0,0.0,16.926527
1977,ODH_charity_0616:row:1977,11016,C=C[C@H](c1ccccc1)c2n3ccccc3cc2c4ccccc4,ODH,14.349,0.7,10.0443,train,0.0,0.0,6.2522902
449,ODH_charity_0616:row:449,2457,C[C@@H](CC=O)c1ccccc1F,ODH,14.2,1.0,14.2,train,0.0,0.028528955,2.2353683
2961,ODH_charity_0616:row:2961,16353,O[C@@H]([C@H](C=C)c1cccc(Cl)c1)C(=O)c2ccccc2,ODH,26.4,0.5,13.2,train,0.0,0.0,4.757715
2954,ODH_charity_0616:row:2954,16268,CCCCC[C@@H](C=C)c1c[nH]c2ccc(cc12)C(=O)OC,ODH,22.7,1.0,22.7,train,0.0,0.0,4.9791603
1296,ODH_charity_0616:row:1296,7499,CCc1ccc(cc1)[C@@H](O)C(O)=O,ODH,10.89,0.8,8.712,train,0.0,0.0,2.6025722
4059,ODH_charity_0616:row:4059,22132,Cc1ccc(cc1)[C@H](Oc2ccccc2)C(=O)OCc3ccccc3,ODH,13.8,1.0,13.8,train,0.0,0.0,5.7521524
1456,ODH_charity_0616:row:1456,8365,F[C@H]1CCc2ccccc2C1=O,ODH,10.9,1.0,10.9,train,0.0,0.0,2.716021
580,ODH_charity_0616:row:580,3381,O=C1Nc2ccccc2N[C@H]1c3ccccc3,ODH,15.8,1.0,15.8,train,0.0,0.0,4.8648562
190,ODH_charity_0616:row:190,1049,F[C@@H]1CCCO[C@]1(C(=O)c2ccc(Cl)cc2)c3ccc(Cl)cc3,ODH,8.55,1.0,8.55,train,0.0,0.0,5.7660813
4658,ODH_charity_0616:row:4658,24524,Clc1ccc(cc1)[C@H](Oc2ccccc2)C(=O)OCc3ccccc3,ODH,8.8,0.7,6.16,train,0.0,0.0,6.2153473
2379,ODH_charity_0616:row:2379,13146,CCCCCCCCCCC(=C)[C@@H](CCC)Nc1ccc(OC)cc1,ODH,16.274,0.3,4.8822,train,0.0,0.0,6.275026
2247,ODH_charity_0616:row:2247,12375,CC(C)[C@H](CC(C)=O)c1ccccc1,ODH,16.0,0.5,8.0,train,0.0,0.0,4.1113415
3027,ODH_charity_0616:row:3027,16794,OC[C@H](O)c1occc1,ODH,24.0,0.9,21.6,train,0.0,0.3271679,1.6917284
3373,ODH_charity_0616:row:3373,18760,CN1C(=O)[C@]2(OC(=O)c3cccc4ccn2c34)c5ccccc15,ODH,15.3,0.8,12.24,train,0.0,0.0,9.054224
3638,ODH_charity_0616:row:3638,20228,COC(=O)[C@@H](O)c1ccccc1OC,ODH,4.88,2.0,9.76,train,0.0,0.0,3.005927
4361,ODH_charity_0616:row:4361,23451,C[C@H](CC(C)=O)\C=C\c1sc(C)cc1,ODH,8.52,0.8,6.816,train,0.0,0.0,2.9161315
2145,ODH_charity_0616:row:2145,11803,C[C@H](C(=O)OC(c1ccccc1)c2ccccc2)c3ccc(c(F)c3)c4ccccc4,ODH,15.3,0.5,7.65,train,0.0,0.0,7.177381
4881,ODH_charity_0616:row:4881,25429,C1[C@@H](Oc2ccccc2[C@@H]1c3sccc3)Sc4ccccc4,ODH,9.1,1.0,9.1,train,0.0,0.0,5.6463795
2291,ODH_charity_0616:row:2291,12650,C[C@](C\C=C\C=C\c1ccccc1)(C=O)c2ccc(cc2)c3ccccc3,ODH,16.343,1.0,16.343,train,0.0,0.0,5.8704915
4908,ODH_charity_0616:row:4908,25532,COC(=O)[C@@H](F)\C=C\c1ccc(F)cc1,ODH,9.7,1.0,9.7,train,0.0,0.0,2.9013288
3903,ODH_charity_0616:row:3903,21412,CC(C)(C)c1ccc(cc1)[C@@H]2NCCNC2=O,ODH,34.3,1.0,34.3,train,0.0,0.0,6.6354604
1078,ODH_charity_0616:row:1078,6307,COc1cccc(OC)c1NC[C@@H]2CCc3ccccc3N2,ODH,46.1,1.0,46.1,train,0.0,0.0,5.234605
2542,ODH_charity_0616:row:2542,13979,CC[C@@](O)(N(C)Cc1ccccc1)c2occc2,ODH,18.38,0.5,9.19,train,0.0,0.0,4.717796
4294,ODH_charity_0616:row:4294,23134,CCC[C@H](Nc1ccccc1)C=C,ODH,7.5,1.0,7.5,train,0.0,0.0,2.6253939
1367,ODH_charity_0616:row:1367,7862,O[C@H]/1CCC1=C/c2cccc(Cl)c2,ODH,11.154,0.8,8.9232,train,0.0,0.0,2.9351144
982,ODH_charity_0616:row:982,5655,CC(C)(NC(=O)C[C@H]1CCOc2ccc(F)cc12)c3ccccn3,ODH,31.6,0.65,20.54,train,0.0,0.0,5.8036017
3210,ODH_charity_0616:row:3210,18007,CC(C)C[C@H]1CC(=O)N(Cc2ccccc2)C1=O,ODH,30.6,0.5,15.3,train,0.0,0.0,4.62569
3099,ODH_charity_0616:row:3099,17245,C[C@H](COC=O)c1ccccc1C,ODH,26.5,0.5,13.25,train,0.0,0.0,2.2577503
180,ODH_charity_0616:row:180,1017,Cc1ccc(cc1)C(=O)[C@@]2(OCCC[C@H]2Br)c3ccc(C)cc3,ODH,8.47,1.0,8.47,train,0.0,0.0,6.106695
1252,ODH_charity_0616:row:1252,7290,CC(C)(C)OC(=O)N1OCC[C@@H]1Cc2ccc(C=O)cc2,ODH,9.532,0.8,7.6256,train,0.0,0.0,8.3578825
864,ODH_charity_0616:row:864,4931,COc1ccc(cc1)[C@@H](O)CBr,ODH,23.9,1.0,23.9,train,0.0,0.0,2.3569396
3259,ODH_charity_0616:row:3259,18215,CC(=O)C1=C(C)OC(=O)C[C@H]1c2ccc(cc2)[N+]([O-])=O,ODH,28.8,0.7,20.16,train,0.0,0.0,5.346956
4130,ODH_charity_0616:row:4130,22364,CCCC(=O)O\C(c1ccccc1)=C\2[C@@H]([C@H](C)C=C2c3ccccc3)c4sccc4,ODH,6.8,0.7,4.76,train,0.0,0.0,8.098111
2006,ODH_charity_0616:row:2006,11149,CCOC(=O)[C@H](CC=O)c1c[nH]c2ccccc12,ODH,14.5,1.0,14.5,train,0.0,0.0,4.534558
1135,ODH_charity_0616:row:1135,6711,Clc1ccc2OC(=O)[C@@H](Nc2c1)c3ccccc3,ODH,10.1,0.7,7.07,train,0.0,0.0,5.659867
3436,ODH_charity_0616:row:3436,19093,CCC[C@H](Nc1ccc(OC)cc1)C(=C)CCCCCCCCCOCc2ccccc2,ODH,32.459,0.5,16.2295,train,0.0,0.0,6.3026047
2987,ODH_charity_0616:row:2987,16499,CCCCC[C@@H](C=C)n1ccc2cc(ccc12)C#N,ODH,23.3,0.5,11.65,train,0.0,0.0,4.9581556
1241,ODH_charity_0616:row:1241,7257,COC(=O)[C@H](O)c1ccc2ccccc2c1,ODH,9.76,2.0,19.52,train,0.0,0.0,3.9255252
2805,ODH_charity_0616:row:2805,15547,CCOC(=O)CN1C(=O)OC[C@]1(CC=C)c2ccccc2,ODH,35.4,0.8,28.32,train,0.0,0.0,5.42
1785,ODH_charity_0616:row:1785,9998,CC(C)(C)OC(=O)[C@@](C)(N)C\C=C\c1cccc(Cl)c1,ODH,11.1,0.5,5.55,train,0.0,0.0,8.303699
2578,ODH_charity_0616:row:2578,14115,O[C@@H]([C@@H](C=C)c1ccc(cc1)C(F)(F)F)C(=O)c2ccccc2,ODH,13.6,0.5,6.8,train,0.0,0.0,5.5504594
773,ODH_charity_0616:row:773,4362,CCOC(=O)[C@@H]1N[S](=O)(=O)Oc2ccc(OC)cc12,ODH,13.0,1.0,13.0,train,0.0,0.0,5.3726444
1624,ODH_charity_0616:row:1624,9226,C=C[C@@H](C1CC1)n2ccc3ccccc23,ODH,12.9,0.5,6.45,train,0.0,0.0,4.228964
3242,ODH_charity_0616:row:3242,18140,C[C@]1(CC#Cc2ccc(cc2)C#N)CN(Cc3ccccc3)C(=O)c4ccccc14,ODH,33.6,1.0,33.6,train,0.0,0.0,7.763412
4583,ODH_charity_0616:row:4583,24284,COC(=O)[C@H](OCC=C)c1ccccc1,ODH,7.69,1.0,7.69,train,0.0,0.006967042,2.8698394
1587,ODH_charity_0616:row:1587,8988,CCOC(=O)N1[C@@H](C[C@](C)(N1C(C)=O)c2ccccc2)c3ccccc3,ODH,12.13,1.0,12.13,train,0.0,0.0,10.112287
2433,ODH_charity_0616:row:2433,13403,CCC[C@@]1(COc2ccccc12)CC3=CCCC3,ODH,9.9,0.75,7.425,train,0.0,0.0,4.5922155
792,ODH_charity_0616:row:792,4577,O[C@H](C[N+]([O-])=O)c1ccccc1,ODH,21.602,0.8,17.2816,train,0.0,0.0,2.4463975
2549,ODH_charity_0616:row:2549,14008,C[C@@]12Cc3ccccc3N=C1c4c(O)cc(cc4C2=O)c5ccccc5,ODH,23.8,0.75,17.85,train,0.0,0.0,8.032665
970,ODH_charity_0616:row:970,5572,FC(F)(F)c1cc(cc(c1)C(F)(F)F)[C@@H]2COC(=O)N2,ODH,30.4,1.0,30.4,train,0.0,0.0,4.7724543
915,ODH_charity_0616:row:915,5152,C1CCC(CC1)[C@@H]2CCc3ccccc3N2,ODH,18.4,0.5,9.2,train,0.0,0.0,3.7949114
2753,ODH_charity_0616:row:2753,15203,CC(=O)SC[C@H](CO)c1ccccc1,ODH,20.5,1.0,20.5,train,0.0,0.11453434,2.7702076
1048,ODH_charity_0616:row:1048,6148,[O-][N+](=O)c1ccc(cc1)C(=O)C[C@@H]2CCCCN2C(=O)OCc3ccccc3,ODH,42.0,0.5,21.0,train,0.0,0.0,6.9139085
923,ODH_charity_0616:row:923,5194,COc1cccc(c1)[C@H]2CCc3ccccc3N2,ODH,28.1,0.6,16.86,train,0.0,0.0,4.2403007
4269,ODH_charity_0616:row:4269,23030,CCOC(=O)[C@H](Oc1ccccc1)c2ccccc2,ODH,15.6,1.0,15.6,train,0.0,0.0,3.8880558
835,ODH_charity_0616:row:835,4776,CCOC(=O)C[C@@H](Sc1ccc(C)cc1)c2ccc3ccccc3c2,ODH,22.9,1.0,22.9,train,0.0,0.0,5.1191125
1479,ODH_charity_0616:row:1479,8421,COc1ccc(cc1)[C@@H]2Nc3ccccc3OC2=O,ODH,11.6,0.7,8.12,train,0.0,0.0,5.749207
1928,ODH_charity_0616:row:1928,10719,COc1cccc(c1)[C@@H](C)O,ODH,11.55,1.0,11.55,train,0.0,0.0,2.5932875
455,ODH_charity_0616:row:455,2463,Fc1ccc2OC(=O)[C@@H](Nc2c1)c3ccccc3,ODH,21.0,1.0,21.0,train,0.0,0.0,4.9276214
813,ODH_charity_0616:row:813,4669,CC(C)(NC(=O)C[C@H](CCc1ccccc1)c2ccc(F)c(F)c2)c3ccccn3,ODH,24.6,0.5,12.3,train,0.0,0.0,7.0070286
1508,ODH_charity_0616:row:1508,8537,O[C@@H](c1ccccc1)C(=O)c2ccccc2,ODH,11.73,1.0,11.73,train,0.0,0.0,3.9713798
3507,ODH_charity_0616:row:3507,19508,CC[C@@H]1C=Cc2cc(C)c(C)cc2[C@H]1O,ODH,37.85,1.0,37.85,train,0.0,0.0,4.8786936
4529,ODH_charity_0616:row:4529,24073,CC(C)(C)OC(=O)N1OCC[C@@H]1Cc2ccc(F)cc2,ODH,7.331,0.8,5.8648,train,0.0,0.0,7.1828003
226,ODH_charity_0616:row:226,1320,CCOC(=O)C[C@H](Sc1ccc(C)cc1)c2cccc(C)c2,ODH,13.4,1.0,13.4,train,0.0,0.0,4.7531796
911,ODH_charity_0616:row:911,5136,Cc1cccc(NC[C@@H]2CCc3ccccc3N2)c1,ODH,22.8,1.0,22.8,train,0.0,0.0,4.4242706
1221,ODH_charity_0616:row:1221,7161,N#CC1=C(O[C@H]2C=CCC[C@@H]12)C3CC3,ODH,12.588,1.0,12.588,train,0.0,0.0,4.3996215
3860,ODH_charity_0616:row:3860,21251,CN1CCc2ccccc2[C@H]1c3ccccc3,ODH,5.8,0.7,4.06,train,0.0,0.0,4.538593
1169,ODH_charity_0616:row:1169,6934,CC[C@]1(N(c2cc(OC)ccc2C1=C)[S](=O)(=O)C(F)(F)F)c3ccccc3,ODH,10.3,0.5,5.15,train,0.0,0.0,12.229179
586,ODH_charity_0616:row:586,3405,CC1(C)CN(C(=O)Nc2cc(cc(c2)C(F)(F)F)C(F)(F)F)[C@](CN)(C1)c3ccccc3,ODH,15.81,0.8,12.648,train,0.0,0.0,10.138998
2000,ODH_charity_0616:row:2000,11135,CCCCCC/C=C/[C@H]1Cc2cc(C)c(C)cc2N1[S](=O)(=O)C(F)(F)F,ODH,14.5,0.5,7.25,train,0.0,0.0,9.461408
660,ODH_charity_0616:row:660,3785,CC(=O)Nc1ccc(cc1)[C@@H]2CCc3ccccc3N2,ODH,17.5,0.6,10.5,train,0.0,0.0,5.858465
2425,ODH_charity_0616:row:2425,13344,COc1ccc(OC)c(c1)[C@H](O)C(O)=O,ODH,14.92,0.8,11.936,train,0.0,0.0,3.3890443
370,ODH_charity_0616:row:370,2008,CCOC(=O)C[C@@H](B1OC(C)(C)C(C)(C)O1)c2ccc3ccccc3c2,ODH,11.3,0.5,5.65,train,0.0,0.0,13.672058
1453,ODH_charity_0616:row:1453,8351,COc1ccc(cc1)C2=NO[C@H](CC(C)=C)C2,ODH,11.59,0.8,9.272,train,0.0,0.0,4.5569115
4880,ODH_charity_0616:row:4880,25426,Fc1ccc2O[C@@H]3OCC[C@H]3c2c1,ODH,9.6,1.0,9.6,train,0.0,0.0,3.455659
1234,ODH_charity_0616:row:1234,7234,CN1C(=O)[C@H](Nc2ccccc12)c3ccc(Br)cc3,ODH,17.2,1.0,17.2,train,0.0,0.0,5.7983127
4629,ODH_charity_0616:row:4629,24449,O[C@@H]/1CCCC1=C/c2ccc(F)cc2,ODH,9.9,1.0,9.9,train,0.0,0.0,2.6241412
4611,ODH_charity_0616:row:4611,24398,Cc1cc([C@H](C(=O)OCc2ccccc2)c3ccc(F)cc3)c(C)n1Cc4ccccc4,ODH,10.0,0.7,7.0,train,0.0,0.0,9.469806
4042,ODH_charity_0616:row:4042,22071,CCCC(=O)O\C(c1ccccc1)=C\2[C@@H]([C@H](C)C=C2c3ccccc3)c4ccccc4,ODH,6.4,0.7,4.48,train,0.0,0.0,8.3202
1134,ODH_charity_0616:row:1134,6710,Clc1ccc2OC(=O)[C@H](Nc2c1)c3ccccc3,ODH,14.7,0.7,10.29,train,0.0,0.0,5.6963277
268,ODH_charity_0616:row:268,1532,Cc1cccc(c1)[C@@H]2Nc3ccccc3OC2=O,ODH,15.4,1.0,15.4,train,0.0,0.0,5.1082664
281,ODH_charity_0616:row:281,1606,Cc1ccc2OC(=O)[C@H](Nc2c1)c3ccccc3,ODH,10.2,1.0,10.2,train,0.0,0.0,5.1269608
3289,ODH_charity_0616:row:3289,18334,O[C@@]1([C@H](C=C)c2ccc(Cl)cc2)C(=O)N(Cc3cccc4ccccc34)c5ccccc15,ODH,14.121,1.0,14.121,train,0.0,0.0,9.8359995
1379,ODH_charity_0616:row:1379,7932,CCCCC[C@@H](C=C)c1c([nH]c2ccccc12)c3ccccc3,ODH,11.2,1.0,11.2,train,0.0,0.0,5.732133
2944,ODH_charity_0616:row:2944,16221,COc1ccccc1\C=C\[C@H](C)C#Cc2ccc(cc2)C#N,ODH,23.8,0.5,11.9,train,0.0,0.0,4.6394067
3855,ODH_charity_0616:row:3855,21242,COc1ccc([C@@H](C)c2ccc(cc2)c3ccccc3)c(O[Si](C)(C)C)c1,ODH,5.8,1.0,5.8,train,0.0,0.0,14.000034
4817,ODH_charity_0616:row:4817,25164,COc1ccc(cc1)[C@@](C)(c2[nH]c3ccccc3c2)c4ccccc4,ODH,11.3,1.0,11.3,train,0.0,0.0,7.4369984
1284,ODH_charity_0616:row:1284,7441,C[C@@H](N[S](=O)(=O)C(C)(C)C)c1cccc(Br)c1,ODH,8.3,1.0,8.3,train,0.0,0.0,6.614718
926,ODH_charity_0616:row:926,5205,COc1cccc(c1)[C@H](O)C[N+]([O-])=O,ODH,26.4,1.2,31.68,train,0.0,0.0,3.0003126
4687,ODH_charity_0616:row:4687,24627,Brc1ccc(CCC(=O)O\C(c2ccccc2)=C\3[C@H]([C@@H](C=C3c4ccccc4)c5ccc(Br)cc5)c6cccc(Br)c6)cc1,ODH,13.1,0.7,9.17,train,0.0,0.0,11.295469
4306,ODH_charity_0616:row:4306,23178,Cc1ccc(cc1)[S](=O)(=O)N2C[C@H](C=C)N(c3cc(C)c(C)cc3C2=O)[S](C)(=O)=O,ODH,7.56,1.0,7.56,train,0.0,0.0,15.698197
4861,ODH_charity_0616:row:4861,25346,CCN(C)C(=O)Oc1cccc(c1)[C@H](C)N(C)C,ODH,16.01,1.0,16.01,train,0.0,0.0,8.401501
1346,ODH_charity_0616:row:1346,7775,O[C@H]/1CCCC1=C/c2ccc3ccccc3c2,ODH,11.1,1.0,11.1,train,0.0,0.0,4.02284
623,ODH_charity_0616:row:623,3632,CCOC(OCC)[C@@H](N)c1ccc2ccccc2c1,ODH,25.8,0.8,20.64,train,0.0,0.0,4.3004117
503,ODH_charity_0616:row:503,2963,FC(F)(F)C[C@]1(CC(=NO1)c2ccccc2)c3occc3,ODH,14.43,0.8,11.544,train,0.0,0.0,6.057551
4477,ODH_charity_0616:row:4477,23904,C1CSC(SC1)([C@H](C=Cc2ccccc2)c3ccccc3)c4ccccc4,ODH,8.2,1.0,8.2,train,0.0,0.0,7.8201637
4210,ODH_charity_0616:row:4210,22765,Brc1ccc(cc1)[C@@H](Oc2ccccc2)C(=O)OCc3ccccc3,ODH,12.4,1.0,12.4,train,0.0,0.0,5.8069177
4867,ODH_charity_0616:row:4867,25361,Cc1cccc(c1)[C@H]2CCC(=O)C2(C)C,ODH,8.7,1.0,8.7,train,0.0,0.0,5.451132
3498,ODH_charity_0616:row:3498,19401,C[C@](CC(=C)c1ccccc1)(C=O)c2ccc(F)cc2,ODH,34.54,1.0,34.54,train,0.0,0.0,4.4528294
2582,ODH_charity_0616:row:2582,14135,CCOC(=O)[C@H]1[C@H](c2ccccc2)c3ccccc3N(C)C1=O,ODH,21.6,1.0,21.6,train,0.0,0.0,6.881116
3493,ODH_charity_0616:row:3493,19372,CC(=O)C1=C(C)OC(=O)C[C@H]1c2ccc(cc2)C(F)(F)F,ODH,34.3,0.7,24.01,train,0.0,0.0,5.112924
2579,ODH_charity_0616:row:2579,14116,CCCCCC[C@H]1[C@@H](c2ccc(OC)cc2)c3cc4OCOc4cc3OC1=O,ODH,14.7,0.6,8.82,train,0.0,0.0,7.9901724
1177,ODH_charity_0616:row:1177,7007,COc1ccc2[C@H](C[S](=O)(=O)Oc2c1)c3ccccc3,ODH,10.4,1.0,10.4,train,0.0,0.0,6.3375525
634,ODH_charity_0616:row:634,3698,COC(=O)[C@@H]1COc2cc(Br)ccc2O1,ODH,17.1,1.0,17.1,train,0.0,0.0,3.2592866
860,ODH_charity_0616:row:860,4904,Clc1ccc(cc1Cl)[C@H]2COc3ccccc3N2,ODH,23.8,1.0,23.8,train,0.0,0.0,5.039096
1109,ODH_charity_0616:row:1109,6599,Brc1ccc(cc1)[C@@]2(CCC(=O)O2)C(=O)OC(c3ccccc3)c4ccccc4,ODH,10.0,0.75,7.5,train,0.0,0.0,8.648808
2973,ODH_charity_0616:row:2973,16432,O=C1[C@@H](Cc2sccc2)Oc3ccccc3N1Cc4ccccc4,ODH,23.1,0.5,11.55,train,0.0,0.0,5.7557235
4445,ODH_charity_0616:row:4445,23785,CC[C@]1(N(c2cc(C)c(C)cc2C1=C)[S](=O)(=O)C(F)(F)F)c3ccc(F)cc3,ODH,8.08,1.0,8.08,train,0.0,0.0,14.127929
2554,ODH_charity_0616:row:2554,14027,CC(C)(C)OC(=O)C(C)(C)C[C@H](CCCn1c2ccccc2c3ccccc13)c4ccccc4,ODH,18.42,0.5,9.21,train,0.0,0.0,22.42571
3397,ODH_charity_0616:row:3397,18846,COC(=O)/C=C/[C@H](NCc1ccccc1)c2ccc3ccccc3c2,ODH,31.2,0.6,18.72,train,0.0,0.0,5.8759747
1080,ODH_charity_0616:row:1080,6313,Cc1ccc(C[C@H]2CCCOC2=O)cc1,ODH,45.4,0.5,22.7,train,0.0,0.0,2.809238
3406,ODH_charity_0616:row:3406,18903,COc1cccc(c1)[C@@H]2CCc3ccccc3N2,ODH,29.61,0.6,17.766,train,0.0,0.0,4.2623973
3128,ODH_charity_0616:row:3128,17488,O[C@H](c1ccc2ccccc2c1)C(=O)c3ccc4ccccc4c3,ODH,35.32,1.0,35.32,train,0.0,0.0,6.7112465
3586,ODH_charity_0616:row:3586,20012,CCCC1=C(N(C(=O)C[C@@H]1c2ccccc2)[S](=O)(=O)c3ccc(C)cc3)c4ccccc4,ODH,35.3,0.5,17.65,train,0.0,0.0,9.733179
299,ODH_charity_0616:row:299,1682,FC(F)(F)CCCc1ccccc1[C@H](NC(=O)c2ccccc2)c3cn(Cc4ccccc4)c5ccccc35,ODH,8.04,1.0,8.04,train,0.0,0.0,11.050096
2367,ODH_charity_0616:row:2367,13098,C[C@H](C=C)n1ccc2ccccc12,ODH,18.9,0.5,9.45,train,0.0,0.0,3.8283978
2440,ODH_charity_0616:row:2440,13452,FC1=CC=C(C=C1)C[C@H]2NC3=C(C=CC=C3C)C2,ODH,17.5,1.0,17.5,train,0.0,0.0,3.7469733
4382,ODH_charity_0616:row:4382,23526,CCCc1ccc(C[C@H](B2OC(C)(C)C(C)(C)O2)N3CCOC3=O)cc1,ODH,6.4,1.0,6.4,train,0.0,0.0,12.565573
1672,ODH_charity_0616:row:1672,9440,CON1C(=O)c2ccccc2[C@]1(C=C)C3CCCC3,ODH,12.6,0.5,6.3,train,0.0,0.0,6.3550787
4405,ODH_charity_0616:row:4405,23647,CCOC(=O)[C@H](CC(=O)c1ccc(Cl)c(Cl)c1)N2N=CC=CC2=O,ODH,73.29,0.5,36.645,train,0.0,0.0,7.1233454
1892,ODH_charity_0616:row:1892,10553,CCOC(=O)C1=C(C)OC(=O)C[C@H]1c2ccc(Cl)cc2,ODH,7.5,0.7,5.25,train,0.0,0.0,5.585533
152,ODH_charity_0616:row:152,898,CC(C)OC(=O)C[C@@H](B1OC(C)(C)C(C)(C)O1)c2ccccc2,ODH,7.5,0.5,3.75,train,0.0,0.0,14.601657
1722,ODH_charity_0616:row:1722,9682,CC(C)c1ccc(cc1)[C@@H](O)C(O)=O,ODH,12.84,0.8,10.272,train,0.0,0.0,2.987586
210,ODH_charity_0616:row:210,1183,CCOC(=O)C[C@H](B1OC(C)(C)C(C)(C)O1)c2ccccc2,ODH,8.9,0.5,4.45,train,0.0,0.0,12.215027
1474,ODH_charity_0616:row:1474,8416,Cc1oc(c2cccc3ccccc23)c4[C@@H]5COCCN5c6ccccc6Cc14,ODH,20.6,0.6,12.36,train,0.0,0.0,7.8492804
4487,ODH_charity_0616:row:4487,23939,CN(C[C@H](CSc1scnn1)C#N)C(c2ccccc2)c3ccccc3,ODH,8.2,1.0,8.2,train,0.0,0.0,6.5743804
2882,ODH_charity_0616:row:2882,15900,Cc1ccc(cc1)[C@H]2Cc3ccccc3C(=O)C(=N2)c4cc(C)ccc4O,ODH,21.8,0.7,15.26,train,0.0,0.0,6.503338
2528,ODH_charity_0616:row:2528,13898,OC[C@@H](CCl)Oc1ccccc1Br,ODH,18.2,1.0,18.2,train,0.0,0.07079089,2.5490084
621,ODH_charity_0616:row:621,3622,CO[C@H](NC(=O)c1ccc(Br)cc1)c2ccccc2CCCC(F)(F)F,ODH,20.94,1.0,20.94,train,0.0,0.0,5.3130736
2921,ODH_charity_0616:row:2921,16107,FC(F)(F)Oc1ccc(C[C@H]2Oc3ccccc3N(Cc4ccccc4)C2=O)cc1,ODH,22.3,0.5,11.15,train,0.0,0.0,7.249364
1522,ODH_charity_0616:row:1522,8599,Cc1cc([C@@H](C(=O)OCc2ccccc2)c3ccc4ccccc4c3)c(C)n1Cc5ccccc5,ODH,11.8,0.7,8.26,train,0.0,0.0,11.457796
1289,ODH_charity_0616:row:1289,7453,CCOC(=O)[C@H](CC(=O)c1ccc(C)cc1)C(=C)C(C)=O,ODH,10.8,1.0,10.8,train,0.0,0.0,6.233987
2180,ODH_charity_0616:row:2180,12060,Fc1ccc(cc1)[C@@H]2CNc3ccccc3N2,ODH,23.0,0.6,13.8,train,0.0,0.0,5.5206537
3381,ODH_charity_0616:row:3381,18794,C[C@H](COC=O)c1ccccc1,ODH,32.1,0.5,16.05,train,0.0,0.36893463,2.0771453
3640,ODH_charity_0616:row:3640,20238,O=C(O[C@H]1C[C@@H](C2=CC=CC(C(F)(F)F)=C2)N3C4=C1C=CC=C4CC[C@@H]3C5=CC=CC=C5)NCC6=CC=CC=C6,ODH,5.82,1.0,5.82,train,0.0,0.0,13.980271
1032,ODH_charity_0616:row:1032,6047,COc1ccc(cc1OC)[C@H]2COC(=O)C2,ODH,41.3,1.0,41.3,train,0.0,0.0,3.6626298
761,ODH_charity_0616:row:761,4256,O[C@H](CCl)c1ccccc1,ODH,17.6,1.0,17.6,train,0.0,0.29272375,2.0156658
1681,ODH_charity_0616:row:1681,9479,CC(=C)C[C@@H]1CC(=NO1)c2ccc(F)cc2,ODH,12.66,0.6,7.596,train,0.0,0.0,3.7960393
417,ODH_charity_0616:row:417,2290,FC(F)(F)C[C@]1(CC(=NO1)c2ccccc2)\C=C\c3ccccc3,ODH,12.17,0.8,9.736,train,0.0,0.0,6.854146
421,ODH_charity_0616:row:421,2308,Cc1ccc2[C@@H](O)CCc2c1,ODH,12.2,1.0,12.2,train,0.0,0.0,2.3403373
468,ODH_charity_0616:row:468,2564,C[C@@H](CC(=O)c1ccccc1)[S](=O)(=O)c2ccc(Cl)cc2,ODH,13.1,1.0,13.1,train,0.0,0.0,5.587495
4768,ODH_charity_0616:row:4768,25007,O[C@H]/1CCC1=C/c2ccccc2F,ODH,9.214,0.8,7.3712,train,0.0,0.0,2.755981
4868,ODH_charity_0616:row:4868,25362,Cc1cccc(c1)[C@@H]2CCC(=O)C2(C)C,ODH,9.59,1.0,9.59,train,0.0,0.0,5.4350796
3742,ODH_charity_0616:row:3742,20800,Cc1ccc(cc1)[C@H]2NCCNC2=O,ODH,47.8,1.0,47.8,train,0.0,0.0,2.9611807
1246,ODH_charity_0616:row:1246,7264,CC(C)c1ccccc1[C@@H](C#Cc2ccccc2)c3ccc(C)cc3,ODH,11.39,0.8,9.112,train,0.0,0.0,8.498394
1490,ODH_charity_0616:row:1490,8452,CCCCCCC1=NO[C@](C)(C1)Cc2ccccc2,ODH,13.66,0.5,6.83,train,0.0,0.0,4.699787
1384,ODH_charity_0616:row:1384,7984,Cn1cc([C@@H]2[C@H]([C@H](c3ccccc3)c4c(C)oc(c5ccccc5)c24)c6ccccc6)c7cc(Br)ccc17,ODH,10.09,0.6,6.054,train,0.0,0.0,12.580261
3545,ODH_charity_0616:row:3545,19757,CC(=O)C1=C(C)OC(=O)C[C@H]1c2ccccc2C,ODH,37.3,0.75,27.975,train,0.0,0.0,4.572392
3212,ODH_charity_0616:row:3212,18019,CCOC(=O)[C@@]1(CC=C)N[S](=O)(=O)c2ccc(OC)cc12,ODH,20.5,0.8,16.4,train,0.0,0.0,6.5285993
1406,ODH_charity_0616:row:1406,8093,Cc1ccc(cc1)[C@H]2Nc3ccc(C)cc3[C@H]4OCC[C@@H]24,ODH,6.25,1.0,6.25,train,0.0,0.0,7.0986648
3490,ODH_charity_0616:row:3490,19366,O[C@@H]([C@H](C=C)c1ccc2ccccc2c1)C(=O)c3ccccc3,ODH,36.4,0.5,18.2,train,0.0,0.0,5.8562617
2754,ODH_charity_0616:row:2754,15231,C=C[C@H]1CC(=C(O1)\C=C\c2ccccc2)C#N,ODH,16.098,1.0,16.098,train,0.0,0.0,3.713206
3473,ODH_charity_0616:row:3473,19253,O=C1C[C@H](CC2CCCCC2)C(=O)N1Cc3ccccc3,ODH,31.0,0.5,15.5,train,0.0,0.0,4.5993032
4573,ODH_charity_0616:row:4573,24255,C[C@@H](CC(C)=O)\C=C\c1cccc(C)c1,ODH,8.52,0.8,6.816,train,0.0,0.0,3.0865712
4124,ODH_charity_0616:row:4124,22341,CCc1ccc(cc1)[C@]2(CC)N(c3cc(C)c(C)cc3C2=C)[S](=O)(=O)C(F)(F)F,ODH,6.78,1.0,6.78,train,0.0,0.0,18.275213
480,ODH_charity_0616:row:480,2660,COc1ccc(cc1)C(=O)[C@@]2(OCCC[C@H]2Br)c3ccc(OC)cc3,ODH,13.47,1.0,13.47,train,0.0,0.0,6.24628
2534,ODH_charity_0616:row:2534,13917,CC(C)(C)OC(=O)C(=C)C[C@@](C)(N)C(F)(F)F,ODH,18.223,0.8,14.5784,train,0.0,0.0,8.642575
15,ODH_charity_0616:row:15,159,C[C@@]1(CC2(CCCCC2)CN1C(=S)Nc3cc(cc(c3)C(F)(F)F)C(F)(F)F)c4ccc(cc4)c5ccccc5,ODH,4.95,1.0,4.95,train,0.0,0.0,13.556109
2502,ODH_charity_0616:row:2502,13818,COC(=O)[C@@](C)(N)[C@@H](C=C)c1cc(Cl)cc(Cl)c1,ODH,15.8,0.3,4.74,train,0.0,0.0,5.3686547
1685,ODH_charity_0616:row:1685,9505,COc1ccc(cc1)[C@H](C)N[S](=O)(=O)C(C)(C)C,ODH,12.7,1.0,12.7,train,0.0,0.0,7.0755396
3362,ODH_charity_0616:row:3362,18693,CC(C)(C)OC(=O)C[C@H]1[C@@H](c2ccccc2)c3cc(oc3N(C1=O)[S](=O)(=O)c4ccc(cc4)[N+]([O-])=O)c5ccccc5,ODH,34.5,0.5,17.25,train,0.0,0.0,16.604033
1548,ODH_charity_0616:row:1548,8759,FC(F)(F)COC[C@@H](C(=O)c1ccccc1)c2ccccc2,ODH,13.92,1.0,13.92,train,0.0,0.0,4.504991
3390,ODH_charity_0616:row:3390,18812,COc1cccc(c1)[C@H](C[N+]([O-])=O)c2ccc(C)cc2,ODH,31.0,1.5,46.5,train,0.0,0.0,4.5381737
412,ODH_charity_0616:row:412,2262,O=C1CCCC2=C1CC[C@@H](CCc3ccccc3)N2,ODH,12.1,1.0,12.1,train,0.0,0.0,4.861454
1390,ODH_charity_0616:row:1390,8018,OC[C@](O)(CCl)C#Cc1ccccc1,ODH,14.2,1.0,14.2,train,0.0,0.0318661,2.9171135
4396,ODH_charity_0616:row:4396,23599,C[C@@](C\C=C\C=C\c1ccccc1)(C=O)c2cccc(Cl)c2,ODH,8.448,1.0,8.448,train,0.0,0.0,5.4561324
2673,ODH_charity_0616:row:2673,14763,FC(F)(F)c1ccc(cc1)[C@H]2CCc3ccccc3N2,ODH,19.61,1.0,19.61,train,0.0,0.0,4.8125396
993,ODH_charity_0616:row:993,5771,CC(=O)C[C@H]1CCCN1C(=O)OCc2ccccc2,ODH,41.0,0.5,20.5,train,0.0,0.0,3.7302215
2329,ODH_charity_0616:row:2329,12916,CC[C@@H](C(=O)OC(c1cccc2ccccc12)c3cccc4ccccc34)c5ccccc5,ODH,15.2,0.5,7.6,train,0.0,0.0,7.5568876
2034,ODH_charity_0616:row:2034,11345,CC[C@@H]1C=Cc2c(OC)ccc(OC)c2[C@H]1O,ODH,29.95,1.0,29.95,train,0.0,0.0,5.286506
1153,ODH_charity_0616:row:1153,6831,CC(C)(C)[P@@](=O)(Cc1ccc(cc1)C#N)c2ccccc2,ODH,10.22,1.0,10.22,train,0.0,0.0,10.606864
4286,ODH_charity_0616:row:4286,23075,CCOC(=O)[C@H](C)Oc1ccc2ccccc2c1,ODH,7.44,1.0,7.44,train,0.0,0.0,4.1279106
1011,ODH_charity_0616:row:1011,5880,COc1cccc(c1)c2ccc(cc2)[C@@H](O)C(F)(F)F,ODH,24.3,1.0,24.3,train,0.0,0.0,4.4915895
2851,ODH_charity_0616:row:2851,15802,COc1ccccc1C(=O)NN[C@H](C)c2ccccc2,ODH,21.681,1.0,21.681,train,0.0,0.0,4.191254
88,ODH_charity_0616:row:88,501,CC1(C)CN(C(=S)Nc2ccc(Br)cc2)[C@@](C)(C1)c3ccccc3,ODH,8.78,1.0,8.78,train,0.0,0.0,12.533675
4099,ODH_charity_0616:row:4099,22281,N[C@@H](C#Cc1ccccc1)C(F)(F)F,ODH,6.7,1.0,6.7,train,0.0,0.0,3.0024414
2080,ODH_charity_0616:row:2080,11511,COc1ccc(cc1)[C@@H](C)O,ODH,13.28,1.0,13.28,train,0.0,0.0,2.223887
646,ODH_charity_0616:row:646,3733,C[C@@H]1Cc2ccccc2N[C@H]1c3ccccc3,ODH,17.3,0.8,13.84,train,0.0,0.0,4.686307
3241,ODH_charity_0616:row:3241,18124,O=COC[C@H](Cc1ccccc1)c2ccccc2,ODH,28.4,0.5,14.2,train,0.0,0.6012337,3.5782506
3466,ODH_charity_0616:row:3466,19227,CCC[C@H]1C[C@@H](O)c2ccccc2O1,ODH,35.837,0.5,17.9185,train,0.0,0.0,3.022141
2093,ODH_charity_0616:row:2093,11573,CCCCC[C@@H](C=C)n1ccc2cc(C=O)ccc12,ODH,15.0,1.0,15.0,train,0.0,0.0,4.066381
1010,ODH_charity_0616:row:1010,5865,O[C@@H](CCCC(=O)Nc1ccccc1)c2sccc2,ODH,34.8,1.0,34.8,train,0.0,0.0,4.040619
3882,ODH_charity_0616:row:3882,21340,FC(F)(F)c1cccc(\C=C\[C@H]2COc3ccccc3O2)c1,ODH,6.48,1.0,6.48,train,0.0,0.0,5.2051153
478,ODH_charity_0616:row:478,2646,Cc1ccc(cc1)[C@@H](O)C[S](C)(=O)=O,ODH,13.4,1.0,13.4,train,0.0,0.0,3.2963448
3752,ODH_charity_0616:row:3752,20865,COc1ccc(cc1)[C@@H]2CC(=O)C(/[C@H]2c3ccc(Br)cc3)=C(\N[S](=O)(=O)c4ccc(OC)cc4)c5ccccc5,ODH,70.3,0.75,52.725,train,0.0,0.0,11.922579
3231,ODH_charity_0616:row:3231,18099,CCOC(=O)[C@@]12[C@H](C[C@@H](Cc3ccc(cc3)[N+]([O-])=O)C(=O)N1[S](=O)(=O)c4ccccc24)C(=O)c5ccccc5,ODH,61.0,0.6,36.6,train,0.0,0.0,15.151502
435,ODH_charity_0616:row:435,2387,Cc1cc(C)c(NC[C@H]2CCc3ccccc3N2)c(C)c1,ODH,12.5,1.0,12.5,train,0.0,0.0,7.97045
3279,ODH_charity_0616:row:3279,18287,N[C@H](C(=[N+]=[N-])C(=O)c1ccc(cc1)C#N)C(F)(F)F,ODH,25.341,1.0,25.341,train,0.0,0.0,4.6145387
4237,ODH_charity_0616:row:4237,22899,C[C@H]1Cc2cc(C)ccc2N1,ODH,7.2,1.0,7.2,train,0.0,0.0,2.530716
4343,ODH_charity_0616:row:4343,23360,CCC[C@@H]1Cc2ccccc2N1,ODH,9.2,1.0,9.2,train,0.0,0.0,2.8043966
2844,ODH_charity_0616:row:2844,15735,Cc1ccc(cc1)[C@@H](C=C)[C@]2(O)C(=O)N(Cc3cccc4ccccc34)c5ccccc25,ODH,8.565,1.0,8.565,train,0.0,0.0,10.811142
2229,ODH_charity_0616:row:2229,12267,CC[C@H]1C=Cc2ccccc2[C@@H]1O,ODH,18.2,1.0,18.2,train,0.0,0.0,3.100024
909,ODH_charity_0616:row:909,5130,O=C1Oc2cc3ccccc3cc2N[C@H]1c4ccccc4,ODH,35.3,1.0,35.3,train,0.0,0.0,6.365711
1185,ODH_charity_0616:row:1185,7040,CSCC[C@](N)(C\C=C\c1ccccc1)C(=O)OC(C)(C)C,ODH,10.4,1.0,10.4,train,0.0,0.0,8.684259
3684,ODH_charity_0616:row:3684,20491,COC(=O)[C@@H](Cc1ccc(F)cc1)NC(=O)c2ccccc2OC,ODH,46.1,0.8,36.88,train,0.0,0.0,5.05538
653,ODH_charity_0616:row:653,3761,O[C@H](C[N+]([O-])=O)c1ccccc1Br,ODH,17.4,1.2,20.88,train,0.0,0.0,2.8763883
4811,ODH_charity_0616:row:4811,25152,Cc1cc([C@H](C(=O)OCc2ccccc2)c3ccc(Cl)cc3)c(C)n1Cc4ccccc4,ODH,10.5,0.7,7.35,train,0.0,0.0,10.323759
1976,ODH_charity_0616:row:1976,11015,C=C[C@@H](c1ccccc1)c2n3ccccc3cc2c4ccccc4,ODH,15.31,0.7,10.717,train,0.0,0.0,6.241293
4166,ODH_charity_0616:row:4166,22509,Clc1ccc2C[C@@H](COc2c1)c3ccccc3,ODH,60.1,0.5,30.05,train,0.0,0.0,3.606227
2500,ODH_charity_0616:row:2500,13816,O=C1CC[C@@H](Cc2ccccc2)O1,ODH,15.1,1.0,15.1,train,0.0,0.0,2.5849607
4812,ODH_charity_0616:row:4812,25153,Cc1cc([C@@H](C(=O)OCc2ccccc2)c3ccc(Cl)cc3)c(C)n1Cc4ccccc4,ODH,9.4,0.7,6.58,train,0.0,0.0,9.99453
167,ODH_charity_0616:row:167,978,F[C@H]1CCCO[C@]1(C(=O)c2ccc(F)cc2)c3ccc(F)cc3,ODH,9.1,1.0,9.1,train,0.0,0.0,6.007436
905,ODH_charity_0616:row:905,5104,O[C@H](C[N+]([O-])=O)c1ccccc1Cl,ODH,25.5,1.1,28.05,train,0.0,0.0,2.7670374
4595,ODH_charity_0616:row:4595,24327,Cc1ccccc1/C=C/C[C@](C)(N)C(=O)OC(C)(C)C,ODH,4.9,1.0,4.9,train,0.0,0.0,8.68161
1274,ODH_charity_0616:row:1274,7388,COc1ccc(cc1)C2=C(C[C@@H](O2)C=C)C#N,ODH,15.33,1.0,15.33,train,0.0,0.0,3.9227078
3164,ODH_charity_0616:row:3164,17710,COC(=O)c1ccc2N([C@@H]3C=C(CC[C@@H]3c2c1)c4ccccc4)[S](=O)(=O)C(F)(F)F,ODH,23.3,0.5,11.65,train,0.0,0.0,8.775136
657,ODH_charity_0616:row:657,3782,C[C@H]1Nc2cc(Br)ccc2N(C)C1=O,ODH,7.4,1.0,7.4,train,0.0,0.0,4.317072
2922,ODH_charity_0616:row:2922,16108,OC[C@H](CCl)\C=C\c1ccccc1,ODH,20.3,1.0,20.3,train,0.0,0.44861054,2.5781898
2996,ODH_charity_0616:row:2996,16543,CCc1ccc(cc1)[C@H](C)COC=O,ODH,25.6,0.5,12.8,train,0.0,0.0,2.3391733
2081,ODH_charity_0616:row:2081,11512,COc1ccc(cc1)[C@H](C)O,ODH,14.92,1.0,14.92,train,0.0,0.0,2.2312665
1813,ODH_charity_0616:row:1813,10169,OC[C@H]1COC2(CCC2)c3ccccc3O1,ODH,13.4,1.0,13.4,train,0.0,0.0,4.081858
3469,ODH_charity_0616:row:3469,19242,COC(=O)[C@]12n3ccc4cccc(C(=O)N1[S](=O)(=O)c5ccccc25)c34,ODH,36.0,0.8,28.8,train,0.0,0.0,11.454038
3171,ODH_charity_0616:row:3171,17754,COC(=O)/C=C/[C@H](NCc1ccccc1)c2occc2,ODH,27.0,0.6,16.2,train,0.0,0.0,4.1108117
2723,ODH_charity_0616:row:2723,15034,Cc1cc(C)cc(c1)[C@@H](C[N+]([O-])=O)c2ccccc2,ODH,20.1,1.0,20.1,train,0.0,0.0,4.113307
4646,ODH_charity_0616:row:4646,24502,COc1ccccc1\C=C\[C@@H]2COc3ccccc3O2,ODH,8.79,1.0,8.79,train,0.0,0.0,4.437848
129,ODH_charity_0616:row:129,729,CC(C)OC(=O)C[C@H](B1OC(C)(C)C(C)(C)O1)c2ccccc2,ODH,8.0,0.5,4.0,train,0.0,0.0,14.709303
3918,ODH_charity_0616:row:3918,21488,OCC[C@H](O)c1ccccc1,ODH,52.4,0.6,31.44,train,0.0,0.44445053,2.2195597
4253,ODH_charity_0616:row:4253,22950,Fc1ccc(cc1)[C@H](Oc2ccccc2)C(=O)OCc3ccccc3,ODH,7.3,1.0,7.3,train,0.0,0.0,5.9536715
204,ODH_charity_0616:row:204,1152,CCCCC[C@@H]1Cc2ccccc2N1,ODH,8.8,0.8,7.04,train,0.0,0.0,3.1898668
1824,ODH_charity_0616:row:1824,10208,Cc1ccc(cc1C)[C@@H]2Nc3ccccc3OC2=O,ODH,13.4,0.7,9.38,train,0.0,0.0,6.4020414
246,ODH_charity_0616:row:246,1424,O[C@@H]1CCCCc2ccc(F)cc12,ODH,10.4,1.0,10.4,train,0.0,0.0,2.6072838
3524,ODH_charity_0616:row:3524,19612,COc1ccccc1O[C@@H](CCO)c2ccccc2,ODH,36.1,0.8,28.88,train,0.0,0.0,4.002142
1087,ODH_charity_0616:row:1087,6369,CC(C)OC(=O)[C@]1(CC(=NN1)C(=O)N2CCOC2=O)c3ccccc3,ODH,54.411,0.5,27.2055,train,0.0,0.0,7.6580462
2325,ODH_charity_0616:row:2325,12883,CCC[C@@H](C=C)c1n2ccccc2cc1c3ccccc3,ODH,16.749,1.0,16.749,train,0.0,0.0,6.121729
4088,ODH_charity_0616:row:4088,22232,COc1cccc(c1)[C@H](O)[C@@H](C=C)c2ccccc2,ODH,7.8,1.0,7.8,train,0.0,0.0,6.2525306
4432,ODH_charity_0616:row:4432,23723,C1CCC(CC1)[C@@H]2Cc3ccccc3N2,ODH,8.0,0.8,6.4,train,0.0,0.0,3.6448383
3736,ODH_charity_0616:row:3736,20767,Cc1ccc(cc1)[S](=O)(=O)N2CC[C@@H](C2)c3ccc4ccccc4c3,ODH,47.1,1.0,47.1,train,0.0,0.0,6.6043644
899,ODH_charity_0616:row:899,5069,OCC[C@H](C[N+]([O-])=O)c1ccccc1,ODH,25.15,1.0,25.15,train,0.0,0.0,2.900217
1536,ODH_charity_0616:row:1536,8706,COC(=O)[C@H]1[C@@H](CCC(C)(C)[C@H]1CC(=O)c2cocc2)c3ccccc3,ODH,14.5,0.7,10.15,train,0.0,0.0,7.8392386
4948,ODH_charity_0616:row:4948,25738,CC1(C)OC[C@H](CO)Oc2ccc(Cl)cc12,ODH,9.9,1.0,9.9,train,0.0,0.0,4.5075607
3721,ODH_charity_0616:row:3721,20678,Cc1ccc(cc1)[S](=O)(=O)N2CC[C@H](C2)c3ccc(Cl)cc3,ODH,47.2,1.0,47.2,train,0.0,0.0,5.509081
3348,ODH_charity_0616:row:3348,18615,Clc1ccc(C[C@H]2Oc3ccccc3N(Cc4ccccc4)C2=O)cc1Cl,ODH,30.3,0.5,15.15,train,0.0,0.0,6.5329304
3511,ODH_charity_0616:row:3511,19546,Cc1ccc(cc1)[C@H](C[N+]([O-])=O)c2cccc(Cl)c2,ODH,26.3,1.5,39.45,train,0.0,0.0,4.434969
4339,ODH_charity_0616:row:4339,23320,COc1cc2[C@@H](c3ccc(C)cc3)C(=C(N)Oc2c4ccccc14)C#N,ODH,7.7,0.7,5.39,train,0.0,0.0,8.872759
2153,ODH_charity_0616:row:2153,11856,COC(=O)[C@@H](O)c1ccc(Cl)cc1,ODH,15.33,1.0,15.33,train,0.0,0.0,2.618037
1534,ODH_charity_0616:row:1534,8698,CC1(C)OC[C@@H](CO)Sc2ccccc12,ODH,13.4,1.0,13.4,train,0.0,0.0,4.2705917
4517,ODH_charity_0616:row:4517,24039,CCC[C@@H](C=C)c1n2cc(Br)ccc2cc1c3ccccc3,ODH,8.318,1.0,8.318,train,0.0,0.0,6.4378047
661,ODH_charity_0616:row:661,3792,N[C@@H](c1cccc(Cl)c1)c2ccccc2O,ODH,11.14,0.7,7.798,train,0.0,0.0,4.629431
2727,ODH_charity_0616:row:2727,15041,Brc1ccc(cc1)[C@H]2CCc3ccccc3N2,ODH,20.13,1.0,20.13,train,0.0,0.0,3.9479914
2386,ODH_charity_0616:row:2386,13165,CCOC(=O)[C@]1(CC=C)N[S](=O)(=O)c2ccc(cc12)C(F)(F)F,ODH,17.1,0.8,13.68,train,0.0,0.0,7.1839976
3858,ODH_charity_0616:row:3858,21248,O=C([C@H]1OCC=C[C@@H]1c2ccccc2)c3ccccc3,ODH,6.2,1.0,6.2,train,0.0,0.0,4.9351144
2965,ODH_charity_0616:row:2965,16400,Fc1ccc(OC(=O)/C=C/[C@@H](C2CCCC2)N3C(=O)C4CC=CCC4C3=O)cc1,ODH,23.0,0.8,18.4,train,0.0,0.0,8.4341755
3629,ODH_charity_0616:row:3629,20193,CCCCC[C@H](C=C)n1ccc2c(Cl)cccc12,ODH,5.4,1.0,5.4,train,0.0,0.0,4.8863935
4716,ODH_charity_0616:row:4716,24774,Cc1oc(c2ccccc2)c3[C@H]4COCCN4c5cc(ccc5Cc13)C#Cc6ccccc6,ODH,9.0,0.8,7.2,train,0.0,0.0,9.061478
1164,ODH_charity_0616:row:1164,6927,CC[C@@]1(N(c2ccccc2C1=C)[S](=O)(=O)C(F)(F)F)c3ccccc3,ODH,8.3,0.5,4.15,train,0.0,0.0,11.24297
2364,ODH_charity_0616:row:2364,13050,C1Cc2cc(ccc2N[C@H]1c3ccccc3)c4ccccc4,ODH,16.94,1.0,16.94,train,0.0,0.0,5.174512
1651,ODH_charity_0616:row:1651,9359,Clc1ccc2N[C@H](CNc2c1)c3ccccc3,ODH,12.5,0.6,7.5,train,0.0,0.0,5.832863
126,ODH_charity_0616:row:126,712,Cc1cc(C)c(NC[C@H]2CCc3cccc(C)c3N2)c(C)c1,ODH,7.5,1.0,7.5,train,0.0,0.0,9.886926
443,ODH_charity_0616:row:443,2423,O=[S@@](c1ccc(OCc2ccccc2)cc1)c3ccccn3,ODH,15.1,1.0,15.1,train,0.0,0.0,6.414001
2701,ODH_charity_0616:row:2701,14938,Cc1ccc(cc1)[S](=O)(=O)N/C(c2ccccc2)=C3/[C@H]([C@@H](CC3=O)c4ccc(Br)cc4)c5ccccc5,ODH,23.3,0.75,17.475,train,0.0,0.0,11.069989
2288,ODH_charity_0616:row:2288,12642,C[C@H](O)[C@H](N1CCN(C)CC1)c2ccccc2,ODH,14.71,1.0,14.71,train,0.0,0.0,3.7978003
2717,ODH_charity_0616:row:2717,14988,C=C[C@H](C1CC1)c2c[nH]c3ccccc23,ODH,20.0,1.0,20.0,train,0.0,0.0,3.5947273
2607,ODH_charity_0616:row:2607,14256,CCOC(=O)C[C@H]1[C@@H](c2ccccc2)c3cc(oc3N(C1=O)[S](=O)(=O)c4ccc(C)cc4)c5ccc(Br)cc5,ODH,30.7,0.5,15.35,train,0.0,0.0,13.2875595
1016,ODH_charity_0616:row:1016,5911,FC(F)(F)C[C@]1(CC(=NO1)c2ccccc2)c3cncnc3,ODH,35.9,0.8,28.72,train,0.0,0.0,5.945252
102,ODH_charity_0616:row:102,567,C1CN(CCO1)[C@@H](\C=C\c2ccccc2)c3ccccc3,ODH,6.918,1.0,6.918,train,0.0,0.0,4.8663588
2934,ODH_charity_0616:row:2934,16171,COC(=O)c1ccc(cc1)[C@@](C)(C=O)c2ccc(cc2)c3ccccc3,ODH,22.48,0.6,13.488,train,0.0,0.0,6.688766
562,ODH_charity_0616:row:562,3281,CCOC(=O)C[C@@H](Sc1ccc(C)cc1)c2cccc(OC)c2,ODH,15.4,1.0,15.4,train,0.0,0.0,4.555539
2774,ODH_charity_0616:row:2774,15382,O[C@H]1CCCC[C@H]1Nc2ccc(Cl)cc2,ODH,15.95,1.0,15.95,train,0.0,0.0,3.244513
236,ODH_charity_0616:row:236,1386,CC(C)(NC(=O)C[C@H](CCc1ccccc1)c2ccc(Cl)cc2)c3ccccn3,ODH,10.9,1.0,10.9,train,0.0,0.0,8.431566
342,ODH_charity_0616:row:342,1867,CCOC(=O)C[C@@H](Sc1ccc(C)cc1)c2ccccc2,ODH,10.9,1.0,10.9,train,0.0,0.0,4.1391544
4901,ODH_charity_0616:row:4901,25517,O[C@@H]/1CCCCC1=C/c2ccccc2,ODH,8.0,0.8,6.4,train,0.0,0.0,3.083832
3706,ODH_charity_0616:row:3706,20621,Brc1ccc(cc1)[C@@H]2NCCNC2=O,ODH,38.0,1.0,38.0,train,0.0,0.0,3.1293263
3222,ODH_charity_0616:row:3222,18067,CCC[C@H](C=C)N(C)c1ccccc1,ODH,30.46,0.3,9.138,train,0.0,0.0,4.474809
17,ODH_charity_0616:row:17,177,C[C@@]1(CC2(CCCC2)CN1C(=S)Nc3cc(cc(c3)C(F)(F)F)C(F)(F)F)c4ccccc4,ODH,5.08,1.0,5.08,train,0.0,0.0,11.331163
2344,ODH_charity_0616:row:2344,12983,CO[C@@H](CO)c1ccccc1,ODH,16.89,0.7,11.823,train,0.0,0.16988373,2.3021233
4235,ODH_charity_0616:row:4235,22879,COC(=O)[C@@H](c1ccc(Cl)cc1)c2cn(c3ccccc23)[Si](C)(C)C(C)(C)C,ODH,7.2,0.6,4.32,train,0.0,0.0,24.611082
4490,ODH_charity_0616:row:4490,23944,COC(=O)[C@@]1(CCCC1=O)[C@H](C[N+]([O-])=O)c2occc2,ODH,12.8,1.0,12.8,train,0.0,0.0,5.4151096
4342,ODH_charity_0616:row:4342,23328,Cc1ccc2O[C@@H]3OCC[C@H]3c2c1,ODH,7.7,1.0,7.7,train,0.0,0.0,3.1773083
4194,ODH_charity_0616:row:4194,22707,COc1ccc(N[C@H](C#CC2=CCCCC2)C(F)(F)F)cc1,ODH,7.8,0.8,6.24,train,0.0,0.0,4.6371326
1224,ODH_charity_0616:row:1224,7187,Cc1cccc(c1)\C=C\2CC[C@H]2O,ODH,8.389,0.8,6.7112,train,0.0,0.0,2.8927882
4373,ODH_charity_0616:row:4373,23490,O=C(O[C@H]1C[C@@H](C2=CC=CO2)N3C4=C1C=CC=C4CC[C@H]3C5=CC=CC=C5)NCC6=CC=CC=C6,ODH,8.49,1.0,8.49,train,0.0,0.0,9.819718
2912,ODH_charity_0616:row:2912,16050,COc1ccc2O[C@H](C[C@@H](O)c2c1)C(C)C,ODH,25.229,0.5,12.6145,train,0.0,0.0,4.665398
1950,ODH_charity_0616:row:1950,10876,COc1ccc(cc1)[C@H]2Cc3ccccc3[C@H](N2)c4ccc(OC)cc4,ODH,16.3,1.0,16.3,train,0.0,0.0,6.0736856
4700,ODH_charity_0616:row:4700,24685,C[C@@H](O)[C@H](N1CCCC1)c2cccc(C)c2,ODH,8.96,1.0,8.96,train,0.0,0.0,3.7327793
2296,ODH_charity_0616:row:2296,12737,CC(=O)C1=C(C)OC(=O)C[C@@H]1c2ccccc2,ODH,21.6,0.7,15.12,train,0.0,0.0,4.2077885
2756,ODH_charity_0616:row:2756,15244,CC[C@H]1C[C@@H](O)c2ccccc2O1,ODH,22.228,0.5,11.114,train,0.0,0.0,2.8890896
811,ODH_charity_0616:row:811,4661,C[C@H]1Cc2ccccc2N[C@H]1c3ccccc3,ODH,28.3,0.5,14.15,train,0.0,0.0,4.6132007
2913,ODH_charity_0616:row:2913,16057,Cc1ccc(cc1)[S](=O)(=O)N2C(=O)[C@@H]([C@H](C=C2c3cccc(Br)c3)c4ccccc4)c5ccccc5,ODH,11.6,0.75,8.7,train,0.0,0.0,12.307742
418,ODH_charity_0616:row:418,2293,O=C1Nc2ccccc2N[C@@H]1Cc3ccccc3,ODH,13.6,1.0,13.6,train,0.0,0.0,4.6592383
2040,ODH_charity_0616:row:2040,11375,C[C@H](N[S](=O)(=O)C(C)(C)C)c1ccc2OCOc2c1,ODH,14.8,1.0,14.8,train,0.0,0.0,7.132698
1472,ODH_charity_0616:row:1472,8409,COc1ccc(cc1)[C@H]2c3cc4OCOc4cc3OC(=C2C#N)N,ODH,16.8,0.7,11.76,train,0.0,0.0,8.371049
4437,ODH_charity_0616:row:4437,23736,CC[C@H]1Cc2ccccc2N1,ODH,8.0,1.0,8.0,train,0.0,0.0,2.5100663
2708,ODH_charity_0616:row:2708,14963,CCC[C@@H](NCc1ccccc1)C(=C)CCCCCCCCCOCc2ccccc2,ODH,3.082,1.0,3.082,train,0.0,0.0,6.8907466
1378,ODH_charity_0616:row:1378,7931,CCCCC[C@H](C=C)c1c([nH]c2ccccc12)c3ccccc3,ODH,16.3,1.0,16.3,train,0.0,0.0,5.729602
1712,ODH_charity_0616:row:1712,9636,COc1ccc(cc1OC)[C@H](C)C#Cc2ccc(cc2)C#N,ODH,12.8,1.0,12.8,train,0.0,0.0,6.3743787
2250,ODH_charity_0616:row:2250,12401,O[C@H](C(O)=O)c1ccc2ccccc2c1,ODH,13.42,0.8,10.736,train,0.0,0.0,3.752611
1858,ODH_charity_0616:row:1858,10385,[O-][N+](=O)c1ccc(cc1)[C@]2(CC#C)CC(=C)OC2=O,ODH,14.59,2.0,29.18,train,0.0,0.0,4.8089733
525,ODH_charity_0616:row:525,3111,CCC[C@@H]1CCC2=C(CCCC2=O)N1,ODH,11.0,1.0,11.0,train,0.0,0.0,3.242555
4196,ODH_charity_0616:row:4196,22709,COC(=O)N1C(=O)[C@@](C)([C@H](C=C)c2ccccc2)c3ccc(Cl)cc13,ODH,7.9,1.0,7.9,train,0.0,0.0,8.928432
2118,ODH_charity_0616:row:2118,11678,CC[C@@H]1Nc2ccccc2OC1=O,ODH,15.1,0.7,10.57,train,0.0,0.0,2.9412065
1572,ODH_charity_0616:row:1572,8939,COc1ccc(cc1)n2c(C)cc([C@H](C(=O)OCc3ccccc3)c4ccccc4)c2C,ODH,13.1,0.7,9.17,train,0.0,0.0,8.85455
2561,ODH_charity_0616:row:2561,14058,COC(=O)[C@@H](Cc1ccccc1C)NC(=O)c2ccccc2OC,ODH,13.7,0.8,10.96,train,0.0,0.0,6.166348
4788,ODH_charity_0616:row:4788,25084,Fc1cccc2[C@@H]3CCO[C@@H]3Oc12,ODH,7.7,1.0,7.7,train,0.0,0.0,3.5499609
2106,ODH_charity_0616:row:2106,11616,Cn1cc([C@@H]\2[C@H](CC2=C/N(c3ccccc3)[S](=O)(=O)c4ccc(C)cc4)c5ccc(C)cc5)c6ccccc16,ODH,13.81,0.8,11.048,train,0.0,0.0,12.198951
1661,ODH_charity_0616:row:1661,9402,Cc1ccc(cc1)[C@@](C)(CC(=C)c2ccccc2)C=O,ODH,12.555,1.0,12.555,train,0.0,0.0,5.6076045
3196,ODH_charity_0616:row:3196,17934,COc1ccc(/C=C/C[C@](C)(N)C(=O)OC(C)(C)C)cc1,ODH,16.2,0.5,8.1,train,0.0,0.0,7.8676467
3679,ODH_charity_0616:row:3679,20450,Fc1ccc(cc1)[C@H](Nc2ccccc2)C(=O)c3ccc(F)cc3,ODH,42.25,1.0,42.25,train,0.0,0.0,5.990928
3653,ODH_charity_0616:row:3653,20282,COc1ccc2cc(ccc2c1)[C@@H](O)C(O)=O,ODH,40.21,0.8,32.168,train,0.0,0.0,4.067335
4368,ODH_charity_0616:row:4368,23478,CC(=C)C[C@H]1CC(=NO1)c2ccc(Cl)cc2,ODH,7.29,0.8,5.832,train,0.0,0.0,4.959538
2312,ODH_charity_0616:row:2312,12835,C=C[C@@H](C1CC1)c2n3ccccc3cc2c4ccccc4,ODH,15.745,0.7,11.0215,train,0.0,0.0,5.9984646
2524,ODH_charity_0616:row:2524,13890,CC[C@]1(N(c2ccc(C)cc2C1=C)[S](=O)(=O)C(F)(F)F)c3ccc4OCCOc4c3,ODH,18.2,0.5,9.1,train,0.0,0.0,12.544655
3040,ODH_charity_0616:row:3040,16875,Clc1cccc(C[C@H]2Oc3ccccc3N(Cc4ccccc4)C2=O)c1,ODH,24.3,0.5,12.15,train,0.0,0.0,6.2597704
1145,ODH_charity_0616:row:1145,6788,CO[C@@H](c1ccccc1)c2ccccc2O,ODH,10.2,1.0,10.2,train,0.0,0.0,3.3909476
2766,ODH_charity_0616:row:2766,15337,COc1cccc(c1)[C@H](C(C(=O)c2ccccc2)C(=O)c3ccccc3)C(=O)\C=C\c4ccccc4,ODH,20.8,0.75,15.6,train,0.0,0.0,12.515417
3644,ODH_charity_0616:row:3644,20254,C=C[C@@H](CCc1ccccc1)N2CCOCC2,ODH,5.42,1.0,5.42,train,0.0,0.0,3.3810232
247,ODH_charity_0616:row:247,1425,O[C@H]1CCCCc2ccc(F)cc12,ODH,9.6,1.0,9.6,train,0.0,0.0,2.601723
1208,ODH_charity_0616:row:1208,7114,CCOC(=O)N1CCN(CC1)[C@H](CCc2ccccc2)C=C,ODH,11.87,0.5,5.935,train,0.0,0.0,4.6268306
2950,ODH_charity_0616:row:2950,16256,CCOC(=O)N1[C@@H]2C\C(=C/N(c3ccccc3)[S](=O)(=O)c4ccc(C)cc4)[C@H](C=C2c5ccccc15)c6ccccc6,ODH,22.69,0.8,18.152,train,0.0,0.0,13.057891
2381,ODH_charity_0616:row:2381,13148,CC1(C)[C@H](CCC1=O)c2cccc(Cl)c2,ODH,14.39,1.0,14.39,train,0.0,0.0,4.7900677
3766,ODH_charity_0616:row:3766,20892,C[C@@H](\C=C\c1occc1)[C@@](C)(N)C(=O)OC(C)(C)C,ODH,5.7,1.0,5.7,train,0.0,0.0,9.442236
147,ODH_charity_0616:row:147,858,CC[C@@H]1Nc2ccccc2NC1=O,ODH,8.0,1.0,8.0,train,0.0,0.0,3.281241
1511,ODH_charity_0616:row:1511,8556,COC(=O)[C@H](O)c1ccccc1,ODH,7.74,1.0,7.74,train,0.0,0.0,2.537349
1869,ODH_charity_0616:row:1869,10429,COC(=O)[C@@H](Cc1ccc(cc1)C(C)(C)C)NC(=O)c2ccccc2OC,ODH,15.9,0.8,12.72,train,0.0,0.0,10.55054
3602,ODH_charity_0616:row:3602,20046,COC(=O)CCCNC(=O)[C@](C)(NC(=O)c1ccc(OC)cc1)C(=O)OCc2ccccc2,ODH,39.8,0.5,19.9,train,0.0,0.0,7.6755495
545,ODH_charity_0616:row:545,3246,Cc1ccc2[C@@H](O)CCCCc2c1,ODH,15.3,1.0,15.3,train,0.0,0.0,2.704358
2422,ODH_charity_0616:row:2422,13316,OC[C@@H](CCl)c1cccc(c1)C(F)(F)F,ODH,17.3,1.0,17.3,train,0.0,0.0,3.1430311
4073,ODH_charity_0616:row:4073,22178,O[C@H](CCC1)[C@@H](C2=CC=CC=C2OC)C31OCCO3,ODH,7.815,1.0,7.815,train,0.0,0.0,5.2823668
3783,ODH_charity_0616:row:3783,20988,CCC[C@@H](c1ccccc1)c2cc(cc(c2)c3ccccc3)c4ccccc4,ODH,5.25,1.0,5.25,train,0.0,0.0,6.61475
2211,ODH_charity_0616:row:2211,12201,OC[C@]1(COCCO1)c2sccc2,ODH,19.2,1.0,19.2,train,0.0,0.0,2.909002
4714,ODH_charity_0616:row:4714,24770,O=C(OCc1ccccc1)[C@H](Oc2ccccc2)c3ccc4ccccc4c3,ODH,9.0,1.0,9.0,train,0.0,0.0,6.8248076
2883,ODH_charity_0616:row:2883,15904,CC1=C([C@H](CC(=O)O1)c2ccccc2)C(=O)c3ccccc3,ODH,27.9,0.7,19.53,train,0.0,0.0,5.4966817
4607,ODH_charity_0616:row:4607,24384,COC(=O)[C@H]1[C@H]([C@@H]([C@H]2N1CCc3ccccc23)C(=O)n4nc(C)cc4C)c5ccc(I)cc5,ODH,7.485,1.0,7.485,train,0.0,0.0,11.564526
473,ODH_charity_0616:row:473,2623,CCOC(=O)C[C@@H](Sc1ccccc1)c2cccc(C)c2,ODH,9.8,1.0,9.8,train,0.0,0.0,4.1456804
2403,ODH_charity_0616:row:2403,13240,COc1ccccc1C[C@@H]2Oc3ccccc3N(Cc4ccccc4)C2=O,ODH,15.9,0.5,7.95,train,0.0,0.0,6.367733
4850,ODH_charity_0616:row:4850,25293,Clc1ccc(cc1)[C@]2(CCC(=O)O2)C(=O)OC(c3ccccc3)c4ccccc4,ODH,28.5,0.75,21.375,train,0.0,0.0,8.794364
918,ODH_charity_0616:row:918,5156,C[C@@H](CC(=O)c1ccccc1)[S](C)(=O)=O,ODH,26.0,1.0,26.0,train,0.0,0.0,3.6096685
4103,ODH_charity_0616:row:4103,22287,Cc1ccc(C=C[C@H](c2ccc(C)cc2)C3(SCCCS3)c4ccccc4)cc1,ODH,6.7,1.0,6.7,train,0.0,0.0,8.511205
2405,ODH_charity_0616:row:2405,13248,COc1ccc2nc(S[C@H](CN[S](=O)(=O)c3ccc(C)cc3)c4ccccc4)sc2c1,ODH,20.8,1.0,20.8,train,0.0,0.0,9.3910265
1457,ODH_charity_0616:row:1457,8366,F[C@@H]1CCc2ccccc2C1=O,ODH,11.6,1.0,11.6,train,0.0,0.0,2.715612
1664,ODH_charity_0616:row:1664,9422,C[C@@H]1CCC(=O)O[C@H]1c2cccc(c2)[N+]([O-])=O,ODH,11.3,1.0,11.3,train,0.0,0.0,4.8017344
4577,ODH_charity_0616:row:4577,24265,Cc1cccc(c1)C2=C(C[C@H](O2)C=C)C#N,ODH,8.529,1.0,8.529,train,0.0,0.0,3.8709924
2420,ODH_charity_0616:row:2420,13310,[O-][N+](=O)C1(CCCC1)CC2=C(Br)[C@@H](OC2=O)C3CC3,ODH,17.3,1.0,17.3,train,0.0,0.0,5.228047
312,ODH_charity_0616:row:312,1749,CCOC(=O)C[C@@H](Sc1ccccc1)c2ccc(F)cc2,ODH,10.6,1.0,10.6,train,0.0,0.02232037,4.1654253
712,ODH_charity_0616:row:712,4102,Cc1cccc2c1[nH]cc2[C@@H](\C=C\c3ccccc3)c4ccccc4,ODH,21.002,1.0,21.002,train,0.0,0.0,5.918815
3235,ODH_charity_0616:row:3235,18108,O[C@@H]([C@H](C=C)c1ccc(cc1)C(F)(F)F)C(=O)c2ccccc2,ODH,15.5,0.5,7.75,train,0.0,0.0,5.5626464
1610,ODH_charity_0616:row:1610,9143,CCOC(=O)C1=C(C)OC(=O)C[C@@H]1c2ccccc2,ODH,25.9,0.75,19.425,train,0.0,0.0,4.266877
1962,ODH_charity_0616:row:1962,10971,OC[C@]1(COCCO1)\C=C\c2ccccc2,ODH,15.4,1.0,15.4,train,0.0,0.0,3.4731903
2523,ODH_charity_0616:row:2523,13889,CC[C@@]1(N(c2ccc(C)cc2C1=C)[S](=O)(=O)C(F)(F)F)c3ccc4OCCOc4c3,ODH,19.9,0.5,9.95,train,0.0,0.0,12.529028
1706,ODH_charity_0616:row:1706,9620,CCC(CC)(CC[C@@]1(C)COc2cc(C)c(C)cc12)CC(=O)c3ccccc3,ODH,13.6,0.5,6.8,train,0.0,0.0,12.926964
3075,ODH_charity_0616:row:3075,17115,O[C@H]1CCOc2ccccc12,ODH,24.971,0.5,12.4855,train,0.0,0.0,2.4235609
2938,ODH_charity_0616:row:2938,16206,COc1ccc(cc1)[C@@H]2CCc3ccccc3N2,ODH,15.32,0.6,9.192,train,0.0,0.0,4.2386403
4326,ODH_charity_0616:row:4326,23286,CCC[C@@H](Oc1ccccc1)C=C,ODH,7.965,0.5,3.9825,train,0.0,0.0,2.645492
3519,ODH_charity_0616:row:3519,19567,Cc1ccc(cc1)[C@H](C[N+]([O-])=O)c2cccc(c2)C(F)(F)F,ODH,18.4,1.5,27.6,train,0.0,0.0,5.298023
2476,ODH_charity_0616:row:2476,13704,FC1=CC=C(C=C1)C[C@H]2NC3=C(C=CC=C3)C2,ODH,17.9,1.0,17.9,train,0.0,0.0,3.5727408
3768,ODH_charity_0616:row:3768,20900,COC(=O)[C@@H]1CCc2cc(F)ccc2O1,ODH,5.0,1.0,5.0,train,0.0,0.0,3.9029584
4424,ODH_charity_0616:row:4424,23708,Cc1ccc(cc1)[S](=O)(=O)N2C(=O)[C@@H]([C@H](C=C2c3ccccc3)c4cccnc4)c5ccccc5,ODH,35.5,0.75,26.625,train,0.0,0.0,11.862235
328,ODH_charity_0616:row:328,1809,CCCCCCCCCC[C@H]1CCC2=C(CCCC2=O)N1,ODH,10.8,1.0,10.8,train,0.0,0.0,4.756326
1332,ODH_charity_0616:row:1332,7684,COc1ccc(cc1)[C@@H]2Nc3ccccc3C[C@@H]2C(F)(F)F,ODH,16.7,0.7,11.69,train,0.0,0.0,7.8538384
2283,ODH_charity_0616:row:2283,12606,C[C@@H](O)c1ccccc1Cl,ODH,15.25,1.0,15.25,train,0.0,0.0,1.954645
724,ODH_charity_0616:row:724,4158,CCOC(=O)C[C@@H](Sc1ccc(C)cc1)c2ccccc2,ODH,10.7,1.0,10.7,train,0.0,0.0,4.071297
1174,ODH_charity_0616:row:1174,6997,CN(CC[C@@H](O)c1ccc(Cl)c(Cl)c1)Cc2ccccc2,ODH,13.56,1.0,13.56,train,0.0,0.0,4.350382
1638,ODH_charity_0616:row:1638,9303,CCC[C@H](C=C)N1CCc2ccccc12,ODH,11.84,1.0,11.84,train,0.0,0.0,4.2030735
2475,ODH_charity_0616:row:2475,13703,FC1=CC=C(C=C1)C[C@@H]2NC3=C(C=CC=C3)C2,ODH,21.1,1.0,21.1,train,0.0,0.0,3.5721312
4308,ODH_charity_0616:row:4308,23183,Cc1ccc(cc1)[C@@](C)(C\C=C\C=C\c2ccccc2)C=O,ODH,7.564,1.0,7.564,train,0.0,0.0,4.9320955
2388,ODH_charity_0616:row:2388,13167,CCOC(=O)C1=C(C)OC(=O)C[C@@H]1c2ccc(C)cc2,ODH,17.1,0.7,11.97,train,0.0,0.0,4.674458
4456,ODH_charity_0616:row:4456,23828,CC1(C)OB(OC1(C)C)[C@@H](Cc2ccc(cc2)C(F)(F)F)N3CCOC3=O,ODH,7.0,1.0,7.0,train,0.0,0.0,14.781747
2522,ODH_charity_0616:row:2522,13887,OC[C@@]1(COCCO1)CC=C,ODH,18.2,1.0,18.2,train,0.0,0.0,1.9347147
274,ODH_charity_0616:row:274,1583,Cc1ccc(cc1)c2ccn3CCC[C@](C)(CCO)c23,ODH,13.97,1.0,13.97,train,0.0,0.0,5.8986726
2690,ODH_charity_0616:row:2690,14888,Cc1ccc(C[C@H]2NC(=O)c3ccccc23)cc1,ODH,25.9,1.0,25.9,train,0.0,0.0,4.2264533
3553,ODH_charity_0616:row:3553,19779,O[C@H](C(=O)NCCc1ccc(cc1)[N+]([O-])=O)c2ccccc2,ODH,37.44,0.8,29.952,train,0.0,0.0,5.289726
3152,ODH_charity_0616:row:3152,17657,OC[C@@H](CCl)c1ccc2ccccc2c1,ODH,26.6,1.0,26.6,train,0.0,0.0,3.3304105
3258,ODH_charity_0616:row:3258,18214,CC(=O)C1=C(C)OC(=O)C[C@@H]1c2ccc(cc2)[N+]([O-])=O,ODH,41.2,0.7,28.84,train,0.0,0.0,5.409473
818,ODH_charity_0616:row:818,4684,Cc1ccc(cc1)[C@H]2CN(C(=O)C2)C(=O)OC(C)(C)C,ODH,22.3,0.7,15.61,train,0.0,0.0,7.892789
3978,ODH_charity_0616:row:3978,21776,CCCC(=O)O\C(c1ccccc1)=C\2[C@@H]([C@H](C)C=C2c3ccccc3)c4ccc(C)cc4,ODH,6.0,0.7,4.2,train,0.0,0.0,9.174242
1528,ODH_charity_0616:row:1528,8668,Cc1ccc(cc1)[C@H](O)C(O)=O,ODH,8.51,0.8,6.808,train,0.0,0.0,2.4349358
698,ODH_charity_0616:row:698,4002,FC(F)(F)C[C@@]1(CCCN1C(=O)Nc2cccc(c2)C(F)(F)F)c3ccccc3,ODH,18.63,0.5,9.315,train,0.0,0.0,8.07784
3169,ODH_charity_0616:row:3169,17742,CCOC(=O)[C@]1(N[S](=O)(=O)c2ccc(C)cc12)C#Cc3ccccc3,ODH,26.9,0.5,13.45,train,0.0,0.0,7.904099
1159,ODH_charity_0616:row:1159,6890,OC[C@H](O)c1ccc2ccccc2c1,ODH,10.3,0.5,5.15,train,0.0,0.0,3.999728
3878,ODH_charity_0616:row:3878,21318,CCN(C[C@@H](CSc1sc2ccc(Cl)cc2n1)OCc3ccccc3)C(c4ccccc4)c5ccccc5,ODH,5.9,1.0,5.9,train,0.0,0.0,9.276378
825,ODH_charity_0616:row:825,4749,CC(C)(C)OC(=O)N1CCN(CC1)C(=O)[C@H]2COc3ccccc3O2,ODH,36.2,1.0,36.2,train,0.0,0.0,9.1813545
3794,ODH_charity_0616:row:3794,21015,CC(C)(C)OC(=O)[C@](C)(N)C\C=C\c1cccc(F)c1,ODH,5.3,0.5,2.65,train,0.0,0.0,6.7795
4031,ODH_charity_0616:row:4031,22011,O=C(OCc1ccccc1)[C@@H](Oc2ccccc2)c3ccccc3,ODH,6.3,1.0,6.3,train,0.0,0.0,6.27502
109,ODH_charity_0616:row:109,616,CCOC(=O)C[C@H](B1OC(C)(C)C(C)(C)O1)c2ccccc2,ODH,9.0,0.5,4.5,train,0.0,0.0,12.522714
4539,ODH_charity_0616:row:4539,24094,C[C@@]1(N(c2ccccc2C1=C)[S](=O)(=O)C(F)(F)F)c3ccccc3,ODH,9.43,0.5,4.715,train,0.0,0.0,11.144249
1496,ODH_charity_0616:row:1496,8475,CCC[C@@H](C=C)[C@@]1(O)C(=O)N(Cc2cccc3ccccc23)c4ccccc14,ODH,28.521,1.0,28.521,train,0.0,0.0,9.134331
1535,ODH_charity_0616:row:1535,8699,CC1(C)OC[C@H](CO)Sc2ccccc12,ODH,11.9,1.0,11.9,train,0.0,0.0,4.319936
4367,ODH_charity_0616:row:4367,23477,Cc1cccc(c1)[C@@]2(CC#C)CC(=C)OC2=O,ODH,7.82,1.0,7.82,train,0.0,0.0,4.7325234
3958,ODH_charity_0616:row:3958,21690,O=COC[C@H](C1=CC=C2C=CC=CC2=C1)C,ODH,93.8,0.5,46.9,train,0.0,0.0,3.3182178
3867,ODH_charity_0616:row:3867,21279,Cc1cccc(\C=C\[C@H]2COc3ccccc3O2)c1,ODH,6.84,1.0,6.84,train,0.0,0.0,4.2275295
4365,ODH_charity_0616:row:4365,23463,O[C@H]([C@@H](C=C)c1ccccc1)c2ccccc2[N+]([O-])=O,ODH,9.2,1.0,9.2,train,0.0,0.0,5.214528
804,ODH_charity_0616:row:804,4630,Cc1ccc2N[C@H](CCc2c1)CNc3ccccc3,ODH,22.0,1.0,22.0,train,0.0,0.0,4.332054
2413,ODH_charity_0616:row:2413,13297,CC(C)(C)c1ccc(C[C@@H]2Oc3ccccc3N(Cc4ccccc4)C2=O)cc1,ODH,14.5,0.5,7.25,train,0.0,0.0,13.861422
3645,ODH_charity_0616:row:3645,20255,C=C[C@H](CCc1ccccc1)N2CCOCC2,ODH,4.99,1.0,4.99,train,0.0,0.0,3.3877058
796,ODH_charity_0616:row:796,4603,C[C@@H]1Nc2ccccc2[C@@H]1Cc3occc3,ODH,17.1,0.8,13.68,train,0.0,0.0,3.6689663
216,ODH_charity_0616:row:216,1249,CC(C)OC(=O)[C@@H](O)c1ccccc1Cl,ODH,7.8,1.0,7.8,train,0.0,0.0,3.5157871
400,ODH_charity_0616:row:400,2176,CCCCCCC[C@@H]1CCC2=C(CCCC2=O)N1,ODH,11.8,1.0,11.8,train,0.0,0.0,4.062835
1970,ODH_charity_0616:row:1970,10987,C1CCC(CC1)[C@@H]2N[C@H](Cc3ccccc23)c4ccccc4,ODH,14.3,0.8,11.44,train,0.0,0.0,6.047043
3083,ODH_charity_0616:row:3083,17171,O=C1[C@@H](Cc2cscc2)Oc3ccccc3N1Cc4ccccc4,ODH,25.1,0.5,12.55,train,0.0,0.0,5.768601
1612,ODH_charity_0616:row:1612,9156,COc1cccc(c1)[C@H]([C@H](C)O)N2CCCC2,ODH,10.18,1.0,10.18,train,0.0,0.0,3.6426349
1815,ODH_charity_0616:row:1815,10183,CC(C)(C)OC(=O)N[C@@H]([C@H](CCCCCCC=C)C=O)c1ccccc1,ODH,15.0,0.5,7.5,train,0.0,0.0,7.0234737
2565,ODH_charity_0616:row:2565,14068,OC[C@H](CCl)n1nc2ccccc2n1,ODH,16.7,1.0,16.7,train,0.0,0.0,3.1029983
1040,ODH_charity_0616:row:1040,6117,COc1ccc(cc1)[C@H]2CCCNC(=O)C2,ODH,40.9,0.5,20.45,train,0.0,0.0,3.1132538
3225,ODH_charity_0616:row:3225,18083,Brc1cccc(C[C@@H]2CN(Cc3ccccc3)C2=O)c1,ODH,24.7,1.0,24.7,train,0.0,0.0,4.3856483
3339,ODH_charity_0616:row:3339,18576,CCOC(=O)[C@]1(N[S](=O)(=O)c2ccccc12)\C=C/c3ccccc3,ODH,30.1,0.5,15.05,train,0.0,0.0,7.3598523
1903,ODH_charity_0616:row:1903,10603,C[C@@]1(COc2ccc(cc12)C(C)(C)c3ccccc3)Cc4ccccc4,ODH,13.9,0.5,6.95,train,0.0,0.0,10.650938
2537,ODH_charity_0616:row:2537,13951,CCCC[C@H]1Nc2ccccc2OC1=O,ODH,23.5,0.7,16.45,train,0.0,0.0,3.171931
262,ODH_charity_0616:row:262,1476,CCOC(OCC)[C@@H](N)c1cccc(C)c1,ODH,11.5,0.8,9.2,train,0.0,0.0,3.5912442
2278,ODH_charity_0616:row:2278,12588,Cc1ccc(cc1)[C@@H](C=C)[C@H](O)C(=O)c2ccccc2,ODH,16.3,0.5,8.15,train,0.0,0.0,4.863543
1245,ODH_charity_0616:row:1245,7263,CC(C)(C)c1ccc(cc1)[C@@H](\C=C\c2ccccc2)[P](=O)(c3ccccc3)c4ccccc4,ODH,10.605,1.0,10.605,train,0.0,0.0,15.4117365
4916,ODH_charity_0616:row:4916,25546,C=C[C@H](CCc1ccccc1)NCC#C,ODH,9.71,0.8,7.768,train,0.0,0.30174974,2.8458166
4201,ODH_charity_0616:row:4201,22735,Cc1ccc(cc1)N2N=C(C)[C@@](C\C=C\c3ccccc3)(Cc4ccc(Br)cc4)C2=O,ODH,13.959,1.0,13.959,train,0.0,0.0,11.691718
4923,ODH_charity_0616:row:4923,25606,Cc1ccccc1C[C@H]2Cc3ccccc3N2,ODH,9.8,1.0,9.8,train,0.0,0.0,3.5216913
1154,ODH_charity_0616:row:1154,6875,C=C[C@@H](CCc1ccccc1)NCC#C,ODH,11.015,0.8,8.812,train,0.0,0.34244373,2.8560917
904,ODH_charity_0616:row:904,5103,O[C@@H](C[N+]([O-])=O)c1ccccc1Cl,ODH,23.3,1.1,25.63,train,0.0,0.0,2.7224393
1737,ODH_charity_0616:row:1737,9744,COc1ccc(cc1OC)[C@@H](C[N+]([O-])=O)c2ccccc2,ODH,7.5,1.5,11.25,train,0.0,0.0,4.960551
491,ODH_charity_0616:row:491,2820,O[C@@H]1CCc2cc(Cl)ccc12,ODH,15.4,1.0,15.4,train,0.0,0.0,2.4380236
3810,ODH_charity_0616:row:3810,21098,COC(=O)[C@H](NC(=O)OC(C)(C)C)c1ccc(C)cc1,ODH,4.94,1.0,4.94,train,0.0,0.0,7.2286363
1210,ODH_charity_0616:row:1210,7127,Cc1ccc(cc1)[C@H]2c3cc4OCOc4cc3OC(=C2C#N)N,ODH,12.9,0.7,9.03,train,0.0,0.0,7.4594035
2691,ODH_charity_0616:row:2691,14889,Cc1ccc(C[C@@H]2NC(=O)c3ccccc23)cc1,ODH,19.8,1.0,19.8,train,0.0,0.0,4.242609
2937,ODH_charity_0616:row:2937,16204,C[C@H]1C[C@@H](O)c2cc(F)ccc2O1,ODH,27.109,0.5,13.5545,train,0.0,0.0,2.822716
1386,ODH_charity_0616:row:1386,8008,CCCOC(=O)[C@@H]1[C@H](c2ccccc2)c3ccccc3OC1=O,ODH,11.3,0.7,7.91,train,0.0,0.0,6.332353
2902,ODH_charity_0616:row:2902,15994,C[C@@H]1C[C@H](c2ccccc2)C(C)(C)C1=O,ODH,26.97,1.0,26.97,train,0.0,0.0,6.582536
983,ODH_charity_0616:row:983,5658,OCC[C@@H](C[N+]([O-])=O)c1cccc2ccccc12,ODH,21.8,1.0,21.8,train,0.0,0.0,4.5891523
1059,ODH_charity_0616:row:1059,6221,C(Cc1cc(OCc2ccccc2)cc(OCc3ccccc3)c1)[C@@H]4CCc5ccccc5N4,ODH,39.1,0.5,19.55,train,0.0,0.0,7.5505233
1586,ODH_charity_0616:row:1586,8987,CCOC(=O)N1[C@H](C[C@](C)(N1C(C)=O)c2ccccc2)c3ccccc3,ODH,9.32,1.0,9.32,train,0.0,0.0,10.115501
4789,ODH_charity_0616:row:4789,25085,CC1(C)OB(OC1(C)C)[C@@H](Cc2ccc(F)cc2)N3CCOC3=O,ODH,7.8,1.0,7.8,train,0.0,0.0,11.549075
4874,ODH_charity_0616:row:4874,25411,Cc1ccc(cc1)[C@H]2Nc3ccccc3OC2=O,ODH,26.0,0.7,18.2,train,0.0,0.0,5.534434
1489,ODH_charity_0616:row:1489,8444,C[C@@H]1C[C@H](c2ccc3ccccc3c2)C(C)(C)C1=O,ODH,11.61,1.0,11.61,train,0.0,0.0,8.463326
3326,ODH_charity_0616:row:3326,18515,C[C@](C\C=C\c1ccccc1)(C=O)c2cc(cc(c2)C(F)(F)F)C(F)(F)F,ODH,3.842,1.0,3.842,train,0.0,0.0,6.9006157
3787,ODH_charity_0616:row:3787,21008,CC(C)(C)OC(=O)[C@@](C)(N)C\C=C\c1ccccc1F,ODH,4.3,1.0,4.3,train,0.0,0.0,7.78957
2116,ODH_charity_0616:row:2116,11676,Oc1ccccc1[C@@H](OCc2ccccc2)c3ccccc3,ODH,15.1,1.0,15.1,train,0.0,0.0,4.635891
2838,ODH_charity_0616:row:2838,15716,Cc1ccc(O)c(c1)C2=N[C@@H](Cc3ccccc3C2=O)c4ccccc4,ODH,24.9,0.7,17.43,train,0.0,0.0,6.4259586
1927,ODH_charity_0616:row:1927,10715,CC[C@@H]1Nc2ccccc2C[C@H]1N3C(=O)c4ccccc4C3=O,ODH,14.0,0.7,9.8,train,0.0,0.0,8.061401
4189,ODH_charity_0616:row:4189,22680,C[C@@]1(CC(=CC(=O)O1)c2ccccc2)C(F)(F)F,ODH,69.6,0.75,52.2,train,0.0,0.0,4.429619
1614,ODH_charity_0616:row:1614,9174,C[C@@](C\C=C\C=C\c1ccccc1)(C=O)c2ccc3ccccc3c2,ODH,15.87,1.0,15.87,train,0.0,0.0,6.4087324
1454,ODH_charity_0616:row:1454,8363,CC(C)[C@@]1(COc2ccccc12)CC#Cc3ccccc3,ODH,10.9,0.5,5.45,train,0.0,0.0,7.269335
208,ODH_charity_0616:row:208,1165,Cc1cccc(c1)C2=NO[C@](C2)(CC(F)(F)F)c3ccccc3,ODH,8.83,0.8,7.064,train,0.0,0.0,6.9547105
2511,ODH_charity_0616:row:2511,13843,CCCC[C@H]1Nc2ccccc2OC1=O,ODH,18.1,0.7,12.67,train,0.0,0.0,3.170868
3446,ODH_charity_0616:row:3446,19148,Cc1cc2C=C[C@H]([C@H](O)c2cc1C)C(C)(C)C,ODH,40.67,1.0,40.67,train,0.0,0.0,9.568823
3214,ODH_charity_0616:row:3214,18031,O=C1NCCN[C@H]1c2ccccc2,ODH,23.7,1.0,23.7,train,0.0,0.0,2.962518
4085,ODH_charity_0616:row:4085,22217,C=C[C@@]1(COC(=O)N1)c2ccccc2,ODH,6.6,1.0,6.6,train,0.0,0.0,3.8134065
1520,ODH_charity_0616:row:1520,8589,Cc1ccc(cc1)C#CC[C@]2(C)COc3ccccc23,ODH,11.8,0.5,5.9,train,0.0,0.0,4.883945
1132,ODH_charity_0616:row:1132,6693,CC1(C)OC[C@@H](CO)Oc2ccc(F)cc12,ODH,11.9,1.0,11.9,train,0.0,0.0,3.9853601
1780,ODH_charity_0616:row:1780,9983,Cc1ccccc1/C=C/C=C/C[C@](C)(C=O)c2ccccc2,ODH,16.858,1.0,16.858,train,0.0,0.0,4.5425205
3376,ODH_charity_0616:row:3376,18769,C[C@@]1(CI)COc2cc3ccccc3cc12,ODH,30.9,0.5,15.45,train,0.0,0.0,4.103473
1634,ODH_charity_0616:row:1634,9286,N[C@@H](C(=[N+]=[N-])C(=O)c1ccc(cc1)C(F)(F)F)C(F)(F)F,ODH,12.445,1.0,12.445,train,0.0,0.0,5.236792
3238,ODH_charity_0616:row:3238,18121,O=COC[C@@H](Cc1ccccc1)c2ccccc2,ODH,33.3,0.5,16.65,train,0.0,0.5678582,3.5595255
2585,ODH_charity_0616:row:2585,14151,O=C1N(C[C@H]2COC3(CCC3)c4ccccc4O2)C(=O)c5ccccc15,ODH,18.6,1.0,18.6,train,0.0,0.0,7.4082384
4151,ODH_charity_0616:row:4151,22448,O[C@H]/1CCCC1=C/c2cccc(Cl)c2,ODH,6.9,0.8,5.52,train,0.0,0.0,3.6106257
3915,ODH_charity_0616:row:3915,21485,O=C1C[C@H](C=C(O1)c2ccccc2)c3ccc4ccccc4c3,ODH,43.0,0.5,21.5,train,0.0,0.0,6.036986
4816,ODH_charity_0616:row:4816,25163,Cc1cc([C@@H](C(=O)OCc2ccccc2)c3cccc(Cl)c3)c(C)n1Cc4ccccc4,ODH,9.4,0.7,6.58,train,0.0,0.0,10.301957
2419,ODH_charity_0616:row:2419,13309,[O-][N+](=O)C1(CCCC1)CC2=C(Br)[C@H](OC2=O)C3CC3,ODH,15.9,1.0,15.9,train,0.0,0.0,5.2785807
2647,ODH_charity_0616:row:2647,14562,COC[C@H](C(=O)c1ccccc1)c2ccccc2,ODH,19.24,1.0,19.24,train,0.0,0.021478327,3.7689183
695,ODH_charity_0616:row:695,3958,O[C@@H]1CCSc2ccccc12,ODH,24.3,1.0,24.3,train,0.0,0.0,2.4385686
4143,ODH_charity_0616:row:4143,22416,Cc1ccc(cc1)N2N=C(C)[C@](C\C=C\c3ccccc3)(Cc4ccc(Cl)cc4)C2=O,ODH,6.87,1.0,6.87,train,0.0,0.0,11.962161
55,ODH_charity_0616:row:55,403,Cc1ccc(CO[C@@H](NC(=O)c2ccccc2)c3ccccc3CCCC(F)(F)F)cc1,ODH,6.26,1.0,6.26,train,0.0,0.0,7.1213913
2218,ODH_charity_0616:row:2218,12222,C[C@@H](CC=O)c1c[nH]c2ccccc12,ODH,18.35,1.0,18.35,train,0.0,0.0,3.3874404
2027,ODH_charity_0616:row:2027,11299,FC(F)(F)[S](=O)(=O)N1[C@@H]2C=C(CC[C@@H]2c3ccccc13)c4ccccc4,ODH,13.4,0.5,6.7,train,0.0,0.0,9.285477
2788,ODH_charity_0616:row:2788,15413,OC[C@H]1COC(CC=C)(CC=C)c2ccccc2O1,ODH,20.9,1.0,20.9,train,0.0,0.0,4.2734823
3037,ODH_charity_0616:row:3037,16852,C[C@H](O)c1ccccc1Br,ODH,22.1,1.0,22.1,train,0.0,0.0,1.9777883
1705,ODH_charity_0616:row:1705,9613,Clc1ccc(cc1)[C@@]2(CCCCC2=C)c3ccccc3,ODH,12.8,0.5,6.4,train,0.0,0.0,5.736318
2046,ODH_charity_0616:row:2046,11407,COc1cccc(c1)[C@H]2Cc3ccccc3C(=O)C(=N2)c4ccccc4O,ODH,14.8,0.8,11.84,train,0.0,0.0,7.377738
499,ODH_charity_0616:row:499,2900,Cc1ccc([C@@H]2C[C@@H]([C@H]2CO)c3ccccc3)n1CC=C,ODH,10.0,1.0,10.0,train,0.0,0.0,6.853956
816,ODH_charity_0616:row:816,4676,O[C@@H](CCCCl)c1ccccc1,ODH,22.2,1.0,22.2,train,0.0,0.23821335,2.3704278
3912,ODH_charity_0616:row:3912,21469,O[C@@]1(Cc2ccccc2C1=O)[C@H](C=C)c3ccc4ccccc4c3,ODH,52.2,0.5,26.1,train,0.0,0.0,6.662112
3760,ODH_charity_0616:row:3760,20878,O=C([C@@](C1=CC=CC=C12)(C#CC3=CC=C(C(OC)=O)C=C3)NS2(=O)=O)OCC,ODH,49.9,0.5,24.95,train,0.0,0.0,8.823663
2569,ODH_charity_0616:row:2569,14074,CC(=O)[C@]12O[C@@]1(C)OC(=O)C[C@@H]2c3ccccc3,ODH,20.4,0.7,14.28,train,0.0,0.0,6.2104974
2472,ODH_charity_0616:row:2472,13668,CC[C@H]1C[C@@H](O)c2cc(C)ccc2O1,ODH,19.17,0.5,9.585,train,0.0,0.0,3.237171
2847,ODH_charity_0616:row:2847,15751,FC(F)(F)[C@@]1(CC(=CC(=O)O1)c2sccc2)c3ccccc3,ODH,13.0,0.75,9.75,train,0.0,0.0,6.354395
3831,ODH_charity_0616:row:3831,21161,Cc1cccc(c1)[C@](C)(C\C=C\C=C\c2ccccc2)C=O,ODH,6.082,1.0,6.082,train,0.0,0.0,5.786882
4625,ODH_charity_0616:row:4625,24426,Brc1ccc(cc1)C2(SCCCS2)[C@@H](C=Cc3ccccc3)c4ccccc4,ODH,6.1,1.0,6.1,train,0.0,0.0,8.085912
264,ODH_charity_0616:row:264,1504,CCC[C@@H]1N[S](=O)(=O)Oc2ccccc12,ODH,7.6,0.8,6.08,train,0.0,0.0,4.9013944
3992,ODH_charity_0616:row:3992,21837,CN1CCc2ccccc2[C@H]1c3ccccc3,ODH,6.4,0.7,4.48,train,0.0,0.0,4.483745
4922,ODH_charity_0616:row:4922,25605,Cc1ccccc1C[C@@H]2Cc3ccccc3N2,ODH,10.8,1.0,10.8,train,0.0,0.0,3.5478685
2506,ODH_charity_0616:row:2506,13828,COc1cccc(c1)C#CC[C@@]2(C)COc3ccccc23,ODH,19.0,0.5,9.5,train,0.0,0.0,4.601948
4336,ODH_charity_0616:row:4336,23317,O[C@H](CCC(=O)Nc1ccccc1)c2ccccc2,ODH,8.73,0.8,6.984,train,0.0,0.0,5.085658
173,ODH_charity_0616:row:173,999,CCCOC(=O)C[C@@H](B1OC(C)(C)C(C)(C)O1)c2ccccc2,ODH,7.0,0.5,3.5,train,0.0,0.0,12.2001915
1784,ODH_charity_0616:row:1784,9997,CC1(C)OB(OC1(C)C)[C@H](Cc2ccc3ccccc3c2)N4CCOC4=O,ODH,13.2,1.0,13.2,train,0.0,0.0,14.672542
39,ODH_charity_0616:row:39,255,C[C@H]1CCc2cc(F)ccc2N1,ODH,5.6,1.0,5.6,train,0.0,0.0,2.6328564
1364,ODH_charity_0616:row:1364,7851,CN(CC[C@@H](O)c1ccc(F)cc1)Cc2ccccc2,ODH,14.26,0.8,11.408,train,0.0,0.0,4.0707397
2498,ODH_charity_0616:row:2498,13808,C[C@@H]1N[S](=O)(=O)c2ccccc12,ODH,14.1,0.8,11.28,train,0.0,0.0,3.9634638
2591,ODH_charity_0616:row:2591,14167,Cc1ccc(/C=C/C[C@@](C)(N)C(=O)OC(C)(C)C)cc1,ODH,18.7,0.5,9.35,train,0.0,0.0,8.281424
2483,ODH_charity_0616:row:2483,13760,COc1ccc(cc1)\C=C\2CCC[C@H]2O,ODH,16.2,0.8,12.96,train,0.0,0.0,2.8901143
922,ODH_charity_0616:row:922,5172,O=C1Nc2ccccc2N[C@@H]1c3ccccc3,ODH,26.1,1.0,26.1,train,0.0,0.0,4.94399
4257,ODH_charity_0616:row:4257,22971,CCCC(=O)O\C(c1ccccc1)=C\2[C@H]([C@H](C)C=C2c3ccccc3)c4cccc(OC)c4,ODH,8.3,0.7,5.81,train,0.0,0.0,8.669708
3949,ODH_charity_0616:row:3949,21643,COc1ccc(C[C@H]2Oc3ccccc3N(Cc4ccccc4)C2=O)cc1OC,ODH,56.5,0.5,28.25,train,0.0,0.0,7.2181563
2254,ODH_charity_0616:row:2254,12409,CN(CC[C@H](O)c1ccc(Cl)cc1)Cc2ccccc2,ODH,16.09,0.6,9.654,train,0.0,0.0,4.100027
1351,ODH_charity_0616:row:1351,7795,C[C@@H]1Cc2cccc(C)c2N1,ODH,12.4,1.0,12.4,train,0.0,0.0,2.734894
384,ODH_charity_0616:row:384,2087,FC(F)(F)CCCc1ccccc1[C@@H](NC(=O)c2ccccc2)c3cn(Cc4ccc(Br)cc4)c5ccccc35,ODH,11.59,1.0,11.59,train,0.0,0.0,11.363885
3953,ODH_charity_0616:row:3953,21671,CCOC(=O)[C@]1(N[S](=O)(=O)c2ccccc12)C#Cc3ccc(cc3)c4ccccc4,ODH,57.2,0.5,28.6,train,0.0,0.0,9.574809
3740,ODH_charity_0616:row:3740,20784,COc1ccc(C[C@@H]2[C@H](C=C(OC2=O)c3ccc(OC)cc3)c4ccccc4)cc1,ODH,47.5,0.75,35.625,train,0.0,0.0,7.3882403
4312,ODH_charity_0616:row:4312,23213,COc1ccc(cc1)[C@H]2Cc3ccccc3[C@H](N2)c4ccccc4,ODH,10.3,0.8,8.24,train,0.0,0.0,5.9343085
3254,ODH_charity_0616:row:3254,18204,CC[C@]1(C(=O)OCC=C)C(=O)N(C(=O)C(c2ccccc2)c3ccccc3)c4ccccc14,ODH,19.0,0.5,9.5,train,0.0,0.0,9.274291
3355,ODH_charity_0616:row:3355,18644,Cc1ccc(cc1)[S](=O)(=O)N2C(=O)C[C@](C)(\C=C\c3ccccc3)C=C2c4ccccc4,ODH,22.0,0.7,15.4,train,0.0,0.0,9.613515
1452,ODH_charity_0616:row:1452,8350,COc1ccc(cc1)C2=NO[C@@H](CC(C)=C)C2,ODH,13.35,0.8,10.68,train,0.0,0.0,4.7283864
1631,ODH_charity_0616:row:1631,9261,N[C@H](C(=[N+]=[N-])C(=O)c1ccccc1)C(F)(F)F,ODH,9.132,1.0,9.132,train,0.0,0.0,4.1210823
1860,ODH_charity_0616:row:1860,10390,COC(=O)[C@@]1(CCCC1=O)[C@H](C[N+]([O-])=O)c2ccc(OC)cc2,ODH,19.21,1.0,19.21,train,0.0,0.0,6.2011137
106,ODH_charity_0616:row:106,609,C[C@H](CC(=O)NC(C)(C)c1ccccn1)c2ccc3[nH]ccc3c2,ODH,7.1,1.0,7.1,train,0.0,0.0,9.257325
820,ODH_charity_0616:row:820,4701,O=C1Oc2c(N[C@@H]1c3ccccc3)ccc4ccccc24,ODH,22.4,1.0,22.4,train,0.0,0.0,6.442472
3887,ODH_charity_0616:row:3887,21345,CCC[C@@H]1N(CCCC1=C)c2ccc(OC)cc2,ODH,5.973,1.0,5.973,train,0.0,0.0,4.9378104
1516,ODH_charity_0616:row:1516,8569,COc1ccccc1N2C(=O)OC[C@@]2(COCc3ccccc3)C=C,ODH,11.8,1.0,11.8,train,0.0,0.0,7.4845886
3435,ODH_charity_0616:row:3435,19092,CCC[C@@H](Nc1ccc(OC)cc1)C(=C)CCCCCCCCCOCc2ccccc2,ODH,29.904,0.5,14.952,train,0.0,0.0,6.413398
3146,ODH_charity_0616:row:3146,17612,CC[C@H](C#Cc1cccc(OC)c1)c2ccccc2,ODH,26.49,0.7,18.543,train,0.0,0.0,3.7439837
3529,ODH_charity_0616:row:3529,19662,Cc1cc2OC[C@](C)(Cn3cc(C)c4ccccc34)c2cc1C,ODH,29.3,0.5,14.65,train,0.0,0.0,11.325584
2158,ODH_charity_0616:row:2158,11913,Fc1cccc(c1)[C@@H]2CNc3ccccc3N2,ODH,22.4,0.6,13.44,train,0.0,0.0,5.522422
2089,ODH_charity_0616:row:2089,11538,N[C@@H](C(=[N+]=[N-])C(=O)c1cccc2ccccc12)C(F)(F)F,ODH,14.975,1.0,14.975,train,0.0,0.0,5.643731
3677,ODH_charity_0616:row:3677,20448,COC(=O)[C@]1(N[S](=O)(=O)c2ccccc12)C#Cc3ccccc3,ODH,42.2,0.5,21.1,train,0.0,0.0,7.0330086
779,ODH_charity_0616:row:779,4418,CCC(=O)C[C@H]1CCCCN1C(=O)OCc2ccccc2,ODH,22.8,0.5,11.4,train,0.0,0.0,4.0933456
1531,ODH_charity_0616:row:1531,8677,CC(C)(C)N1C(=O)N[C@H](C1=O)c2ccccc2,ODH,11.87,1.0,11.87,train,0.0,0.0,8.341524
1795,ODH_charity_0616:row:1795,10018,CC(=O)Oc1ccc(cc1)[C@@H](CN[S](=O)(=O)c2ccc(C)cc2)Sc3sc4ccccc4n3,ODH,14.8,1.0,14.8,train,0.0,0.0,10.799715
2001,ODH_charity_0616:row:2001,11144,Cc1cc([C@H](C(=O)OCc2ccccc2)c3ccc(cc3)c4ccccc4)c(C)n1Cc5ccccc5,ODH,18.2,0.7,12.74,train,0.0,0.0,10.301359
2105,ODH_charity_0616:row:2105,11615,BrC[C@H]1CC(CN1[S](=O)(=O)c2ccccc2)(c3ccccc3)c4ccccc4,ODH,15.01,1.0,15.01,train,0.0,0.0,8.475539
414,ODH_charity_0616:row:414,2274,COC(=O)C[C@H](B1OC(C)(C)C(C)(C)O1)c2ccccc2,ODH,12.1,0.5,6.05,train,0.0,0.0,12.09239
3053,ODH_charity_0616:row:3053,16973,COc1cccc(c1)[C@H](C(C(=O)c2ccccc2)C(=O)c3ccccc3)C(=O)C=C(c4ccc(C)cc4)c5ccc(C)cc5,ODH,24.5,0.6,14.7,train,0.0,0.0,16.306808
1578,ODH_charity_0616:row:1578,8953,Clc1cccc2c1N(Cc3ccccc3)C(=O)[C@]24OC(=O)c5cccc6ccn4c56,ODH,14.0,0.8,11.2,train,0.0,0.0,11.385254
683,ODH_charity_0616:row:683,3872,CC[S](=O)(=O)[C@H](C)CC(=O)c1ccccc1,ODH,16.8,1.0,16.8,train,0.0,0.0,3.9494069
2662,ODH_charity_0616:row:2662,14655,C[C@H](C#Cc1ccccc1)c2ccc3Sc4ccccc4C(=O)Cc3c2,ODH,19.45,0.7,13.615,train,0.0,0.0,5.6126738
4022,ODH_charity_0616:row:4022,22000,CC(C)OC(=O)[C@@H](c1ccccc1)c2cc(C)n(Cc3ccccc3)c2C,ODH,6.3,0.7,4.41,train,0.0,0.0,13.19354
517,ODH_charity_0616:row:517,3049,CCOC(=O)C[C@@H](Sc1ccccc1)c2ccc3ccccc3c2,ODH,25.2,1.0,25.2,train,0.0,0.0,4.8631186
1215,ODH_charity_0616:row:1215,7150,C[C@H](CC(C)=O)\C=C\c1sccc1,ODH,12.17,0.8,9.736,train,0.0,0.030502878,2.331714
1720,ODH_charity_0616:row:1720,9673,CCC[C@@H](C=C)c1n2ccccc2cc1c3ccccc3Br,ODH,12.802,0.7,8.9614,train,0.0,0.0,6.562095
4965,ODH_charity_0616:row:4965,25836,O[C@@H]([C@H](C=C)c1ccc(cc1)[N+]([O-])=O)C(=O)c2ccccc2,ODH,46.9,0.5,23.45,train,0.0,0.0,5.845135
4090,ODH_charity_0616:row:4090,22239,CCCC(=O)O\C(c1ccccc1)=C\2[C@@H]([C@H](C)C=C2c3ccccc3)c4cccc(Br)c4,ODH,6.6,0.7,4.62,train,0.0,0.0,8.478143
4479,ODH_charity_0616:row:4479,23906,C[C@H](N[S](=O)(=O)C(C)(C)C)c1cccc(C)c1,ODH,8.2,1.0,8.2,train,0.0,0.0,7.385981
4452,ODH_charity_0616:row:4452,23802,CCCCC[C@@H](C=C)n1cc(CC#N)c2ccccc12,ODH,8.1,1.0,8.1,train,0.0,0.0,5.654895
700,ODH_charity_0616:row:700,4010,C1Cc2ccccc2N[C@@H]1c3occc3,ODH,18.7,0.5,9.35,train,0.0,0.0,3.2838335
2827,ODH_charity_0616:row:2827,15675,C[C@H]1C[C@@H](O)c2cc(Cl)ccc2O1,ODH,25.758,0.5,12.879,train,0.0,0.0,2.9282694
656,ODH_charity_0616:row:656,3770,C[C@@H]1Cc2ccccc2N[C@H]1c3ccc(C)cc3,ODH,17.4,0.5,8.7,train,0.0,0.0,5.2059813
4964,ODH_charity_0616:row:4964,25829,O=C1OC(=C[C@@H]([C@@H]1Cc2ccccc2)c3ccccc3)c4ccccc4,ODH,75.4,0.5,37.7,train,0.0,0.0,6.1304493
1775,ODH_charity_0616:row:1775,9976,N[C@@H](C(=[N+]=[N-])C(=O)c1ccc(Cl)c(Cl)c1)C(F)(F)F,ODH,13.164,1.0,13.164,train,0.0,0.0,4.8277955
4679,ODH_charity_0616:row:4679,24593,C[C@H](CC(C)=O)\C=C\c1ccccc1C,ODH,9.99,0.8,7.992,train,0.0,0.0,3.2254348
554,ODH_charity_0616:row:554,3265,O=C[C@@H]1[C@@H](c2ccc3ccccc3c2)[C@@]14CCC4(c5ccccc5)c6ccccc6,ODH,10.42,1.0,10.42,train,0.0,0.0,11.151361
2393,ODH_charity_0616:row:2393,13180,O=C([C@@H]1CCc2ccccc2N1)c3ccccc3,ODH,17.1,0.7,11.97,train,0.0,0.0,5.611195
3930,ODH_charity_0616:row:3930,21550,CCOC(=O)[C@@H]1c2ccccc2C(=O)N3[C@]1(CO)c4ccccc4[S]3(=O)=O,ODH,69.7,0.5,34.85,train,0.0,0.0,10.079152
2436,ODH_charity_0616:row:2436,13406,COC(=O)[C@@H]1Cc2ccc(Br)cc2CO1,ODH,17.42,1.0,17.42,train,0.0,0.0,3.34221
263,ODH_charity_0616:row:263,1477,CCOC(OCC)[C@H](N)c1cccc(C)c1,ODH,9.8,0.8,7.84,train,0.0,0.0,3.6604326
699,ODH_charity_0616:row:699,4009,C1Cc2ccccc2N[C@H]1c3occc3,ODH,20.4,0.5,10.2,train,0.0,0.0,3.2745912
3515,ODH_charity_0616:row:3515,19559,OCCC[C@@H](O)c1ccccc1,ODH,31.48,0.8,25.184,train,0.0,0.35589248,2.3916254
1579,ODH_charity_0616:row:1579,8954,Clc1cccc2c1N(Cc3ccccc3)C(=O)[C@@]24OC(=O)c5cccc6ccn4c56,ODH,12.1,0.8,9.68,train,0.0,0.0,11.373161
2380,ODH_charity_0616:row:2380,13147,CCCCCCCCCCC(=C)[C@H](CCC)Nc1ccc(OC)cc1,ODH,17.071,0.3,5.1213,train,0.0,0.0,6.2136664
1988,ODH_charity_0616:row:1988,11055,CC[C@@](C)(CO)c1ccccc1,ODH,12.8,1.0,12.8,train,0.0,0.0,2.9269938
1588,ODH_charity_0616:row:1588,8994,COC(=O)c1ccc(cc1)[C@](C)(C=O)c2ccc(cc2)C(C)C,ODH,12.78,0.5,6.39,train,0.0,0.0,7.316328
3403,ODH_charity_0616:row:3403,18894,COC(=O)CCNC(=O)[C@](NC(=O)c1ccccc1)(C(=O)OCc2ccccc2)c3ccccc3,ODH,31.5,1.0,31.5,train,0.0,0.0,9.419949
585,ODH_charity_0616:row:585,3404,CC1(C)CN(C(=O)Nc2cc(cc(c2)C(F)(F)F)C(F)(F)F)[C@@](CN)(C1)c3ccccc3,ODH,25.43,0.8,20.344,train,0.0,0.0,9.915242
2735,ODH_charity_0616:row:2735,15100,CCCCC(=O)[C@@H](NC(=O)OC(C)(C)C)c1cccc(C)c1,ODH,20.3,0.5,10.15,train,0.0,0.0,7.5349317
1232,ODH_charity_0616:row:1232,7232,Clc1ccc2OC(=O)[C@@H](Nc2c1)c3ccccc3,ODH,10.6,0.7,7.42,train,0.0,0.0,5.6261663
4803,ODH_charity_0616:row:4803,25131,Fc1cccc2OC(=O)C[C@H](c3ccccc3)c12,ODH,10.84,1.0,10.84,train,0.0,0.0,4.8123436
2739,ODH_charity_0616:row:2739,15117,C1Nc2ccccc2N[C@H]1c3ccc4ccccc4c3,ODH,20.3,0.6,12.18,train,0.0,0.0,7.0218697
2817,ODH_charity_0616:row:2817,15591,CCCCC[C@@H](C=C)c1c[nH]c2cccc(OC)c12,ODH,21.2,1.0,21.2,train,0.0,0.0,4.806716
1492,ODH_charity_0616:row:1492,8459,C=C[C@H](NC(=O)c1ccccc1)c2ccccc2,ODH,18.171,1.0,18.171,train,0.0,0.0,3.8477159
961,ODH_charity_0616:row:961,5421,C1Cc2ccccc2N[C@@H]1CNc3ccccc3,ODH,26.1,1.0,26.1,train,0.0,0.0,4.133395
3032,ODH_charity_0616:row:3032,16809,Fc1cccc2N(Cc3ccccc3)C(=O)[C@@H](Cc4ccccc4)Oc12,ODH,24.1,0.5,12.05,train,0.0,0.0,6.7612886
2392,ODH_charity_0616:row:2392,13179,O=C([C@H]1CCc2ccccc2N1)c3ccccc3,ODH,18.6,0.7,13.02,train,0.0,0.0,5.596029
164,ODH_charity_0616:row:164,964,CC(C)OC(=O)[C@H](O)c1sccc1,ODH,8.3,1.0,8.3,train,0.0,0.0,2.759813
4390,ODH_charity_0616:row:4390,23566,CC[C@@]1(N(c2cc(C)c(C)cc2C1=C)[S](=O)(=O)C(F)(F)F)c3ccc(Br)cc3,ODH,8.23,0.5,4.115,train,0.0,0.0,16.962553
2842,ODH_charity_0616:row:2842,15733,CC(C)Oc1ccccc1[C@H](CCCc2ccccc2)C(F)(F)F,ODH,17.56,0.5,8.78,train,0.0,0.0,7.5342126
1998,ODH_charity_0616:row:1998,11121,O[C@H]([C@@H](C=C)c1ccccc1)c2cccc(c2)[N+]([O-])=O,ODH,12.5,1.0,12.5,train,0.0,0.0,5.1129947
738,ODH_charity_0616:row:738,4207,O[C@@H]1C[C@H](N(O1)C(=O)OCc2ccccc2)c3ccccc3,ODH,17.1,1.0,17.1,train,0.0,0.0,5.2246923
4937,ODH_charity_0616:row:4937,25660,C[C@H](N[S](=O)(=O)C(C)(C)C)c1ccc(C)cc1C,ODH,9.8,1.0,9.8,train,0.0,0.0,10.771109
2752,ODH_charity_0616:row:2752,15202,CC(=O)SC[C@@H](CO)c1ccccc1,ODH,19.0,1.0,19.0,train,0.0,0.12862991,2.7457557
4918,ODH_charity_0616:row:4918,25588,C[C@@H](O)c1ccc(Cl)cc1,ODH,8.89,1.0,8.89,train,0.0,0.0029448462,2.0313327
3897,ODH_charity_0616:row:3897,21398,CCC[C@@H](\C=C\C(=O)Oc1ccc(F)cc1)N2C(=O)C3CC=CCC3C2=O,ODH,37.0,0.8,29.6,train,0.0,0.0,7.548804
3771,ODH_charity_0616:row:3771,20922,C[C@@H](\C=C\c1ccccc1Cl)[C@@](C)(N)C(=O)OC(C)(C)C,ODH,6.2,1.0,6.2,train,0.0,0.0,11.071049
689,ODH_charity_0616:row:689,3908,CCOC(=O)C[C@@H](Sc1ccc(OC)cc1)c2ccccc2,ODH,11.1,1.0,11.1,train,0.0,0.0,4.225112
4026,ODH_charity_0616:row:4026,22004,Cc1ccc(cc1)c2oc(C)c3Cc4ccccc4N5CCCC[C@H]5c23,ODH,7.4,0.6,4.44,train,0.0,0.0,8.669729
283,ODH_charity_0616:row:283,1624,CC(C)c1cccc(C(C)C)c1NC[C@H]2CCc3cccc(C)c3N2,ODH,10.3,1.0,10.3,train,0.0,0.0,13.159817
1840,ODH_charity_0616:row:1840,10294,CC[C@H](CC=O)c1c[nH]c2ccccc12,ODH,13.59,1.0,13.59,train,0.0,0.0,3.7034984
2191,ODH_charity_0616:row:2191,12111,COc1ccc(\C=C\[C@@H]2Cc3cc(C)c(C)cc3N2[S](=O)(=O)C(F)(F)F)cc1,ODH,16.9,0.5,8.45,train,0.0,0.0,9.439741
4510,ODH_charity_0616:row:4510,24008,CCc1ccc(C[C@H](B2OC(C)(C)C(C)(C)O2)N3CCOC3=O)cc1,ODH,6.6,1.0,6.6,train,0.0,0.0,12.54745
1192,ODH_charity_0616:row:1192,7070,O[C@]1(C(=C)c2ccccc2)C(=O)N(Cc3ccccc3)c4ccccc14,ODH,8.41,1.0,8.41,train,0.0,0.0,7.8841395
4027,ODH_charity_0616:row:4027,22005,Cc1ccc(cc1)c2oc(C)c3Cc4ccccc4N5CCCC[C@@H]5c23,ODH,6.3,0.6,3.78,train,0.0,0.0,8.781168
1228,ODH_charity_0616:row:1228,7202,CC(C)OC(=O)[C@@H](c1ccccc1)c2c(C)n(Cc3ccccc3)c4ccccc24,ODH,10.6,0.7,7.42,train,0.0,0.0,11.475125
4689,ODH_charity_0616:row:4689,24639,C[C@H](N[S](=O)(=O)C(C)(C)C)c1cccc(F)c1,ODH,8.9,1.0,8.9,train,0.0,0.0,6.1336823
1358,ODH_charity_0616:row:1358,7830,CC1(C)OB(OC1(C)C)[C@H](Cc2ccccc2F)N3CCOC3=O,ODH,11.1,1.0,11.1,train,0.0,0.0,12.185046
2884,ODH_charity_0616:row:2884,15905,CC1=C([C@@H](CC(=O)O1)c2ccccc2)C(=O)c3ccccc3,ODH,21.8,0.7,15.26,train,0.0,0.0,5.470745
176,ODH_charity_0616:row:176,1002,COC(=O)[C@H](C)CC=O,ODH,8.4,1.0,8.4,train,0.0,0.0,1.3308953
213,ODH_charity_0616:row:213,1186,CCCC[C@H](CC(=O)c1ccccc1)[S](=O)(=O)c2ccc(C)cc2,ODH,16.2,1.0,16.2,train,0.0,0.0,6.3118353
364,ODH_charity_0616:row:364,1976,CC(C)OC(=O)[C@H](O)c1ccccc1,ODH,11.2,1.0,11.2,train,0.0,0.0,3.0814834
1710,ODH_charity_0616:row:1710,9632,Cc1cccc(c1)[C@@H]2c3cc4OCOc4cc3OC(=C2C#N)N,ODH,12.8,0.7,8.96,train,0.0,0.0,7.3212304
3865,ODH_charity_0616:row:3865,21269,C[C@@H](\C=C\c1sccc1)[C@@](C)(N)C(=O)OC(C)(C)C,ODH,8.6,1.0,8.6,train,0.0,0.0,10.02495
3253,ODH_charity_0616:row:3253,18191,COC(=O)C[C@](C)(O)c1cccc(OC)c1,ODH,28.7,0.5,14.35,train,0.0,0.0,3.3280118
4463,ODH_charity_0616:row:4463,23846,C[C@H](C(=O)OCc1ccccc1)c2cc(C)n(Cc3ccccc3)c2C,ODH,8.1,0.7,5.67,train,0.0,0.0,10.02403
1912,ODH_charity_0616:row:1912,10639,N[C@H](C(=[N+]=[N-])C(=O)c1ccc(Br)cc1)C(F)(F)F,ODH,12.114,1.0,12.114,train,0.0,0.0,4.4264455
142,ODH_charity_0616:row:142,791,Fc1ccc(cc1)C(=O)[C@@]2(OCCC[C@H]2Cl)c3ccc(F)cc3,ODH,7.77,1.0,7.77,train,0.0,0.0,5.7421618
4686,ODH_charity_0616:row:4686,24610,Fc1ccc(O[C@@H](C(=O)OCc2ccccc2)c3ccccc3)cc1,ODH,8.9,1.0,8.9,train,0.0,0.006055523,5.5682526
3785,ODH_charity_0616:row:3785,20990,CC(C)C[C@@H](C=C)C(Cc1ccccc1)(C#N)C#N,ODH,5.25,1.0,5.25,train,0.0,0.0,7.9612265
1050,ODH_charity_0616:row:1050,6151,C1Cc2ccccc2N[C@H]1CNc3ccc4ccccc4c3,ODH,42.2,1.0,42.2,train,0.0,0.0,6.0526676
1896,ODH_charity_0616:row:1896,10577,COC(=O)[C@@H](O)c1ccc2ccccc2c1,ODH,13.89,1.0,13.89,train,0.0,0.0,3.908585
4945,ODH_charity_0616:row:4945,25724,CCC[C@@H](Nc1ccccc1)C=C,ODH,12.691,0.5,6.3455,train,0.0,0.013189267,2.6189022
524,ODH_charity_0616:row:524,3098,CCOC(=O)[C@@H](CC=O)Cc1ccccc1,ODH,14.8,1.0,14.8,train,0.0,0.15329206,2.8177116
2813,ODH_charity_0616:row:2813,15570,CC(C)O[P](=O)(OC(C)C)[C@]12CC(=CC(=O)N1[S](=O)(=O)c3ccc(C)cc23)c4ccccc4,ODH,21.2,0.8,16.96,train,0.0,0.0,19.047245
301,ODH_charity_0616:row:301,1684,CC[C@@H](C#Cc1ccccc1F)c2ccccc2,ODH,11.32,0.5,5.66,train,0.0,0.028237417,3.3299692
4606,ODH_charity_0616:row:4606,24364,CCC[C@H](O)c1ccccc1,ODH,8.61,1.0,8.61,train,0.0,0.21940906,2.2280066
3429,ODH_charity_0616:row:3429,19069,COc1ccc(cc1)C2=C3CN(C[C@@H]3C=CCN2[S](=O)(=O)c4ccc(C)cc4)[S](=O)(=O)c5ccc(C)cc5,ODH,38.73,0.8,30.984,train,0.0,0.0,12.904924
3181,ODH_charity_0616:row:3181,17797,FC(F)(F)c1ccc(C[C@H]2Oc3ccccc3N(Cc4ccccc4)C2=O)cc1,ODH,27.2,0.5,13.6,train,0.0,0.0,7.0543337
66,ODH_charity_0616:row:66,426,C[C@@H]1CCc2cc(F)ccc2N1,ODH,5.2,1.0,5.2,train,0.0,0.0,2.5022304
4233,ODH_charity_0616:row:4233,22875,COc1ccc(\C=C\[C@@H]2COc3cc4CCCc4cc3O2)cc1,ODH,7.2,1.0,7.2,train,0.0,0.0,5.350037
2593,ODH_charity_0616:row:2593,14169,Cc1ccc(/C=C/C[C@@](C)(N)C(=O)OC(C)(C)C)cc1,ODH,18.7,0.5,9.35,train,0.0,0.0,8.224777
3801,ODH_charity_0616:row:3801,21046,C[C@@](C\C=C\c1ccccc1)(C=O)C2CCCCC2,ODH,6.415,1.0,6.415,train,0.0,0.0,4.023079
4695,ODH_charity_0616:row:4695,24661,CCCCC[C@@H](C=C)c1c[nH]c2c(Cl)cccc12,ODH,8.9,1.0,8.9,train,0.0,0.0,4.226555
1670,ODH_charity_0616:row:1670,9434,C[C@]1(COc2ccccc12)CC#Cc3ccccc3Cl,ODH,12.6,0.5,6.3,train,0.0,0.0,4.6744123
1444,ODH_charity_0616:row:1444,8331,CC(C)(C)OC(=O)N1OCC[C@@H]1Cc2cccc(C=O)c2,ODH,9.378,0.8,7.5024,train,0.0,0.0,8.463778
3066,ODH_charity_0616:row:3066,17074,Cc1ccc(cc1)[C@H](C[N+]([O-])=O)c2ccc(F)cc2,ODH,24.9,1.5,37.35,train,0.0,0.0,4.4289474
282,ODH_charity_0616:row:282,1623,CC(C)c1cccc(C(C)C)c1NC[C@@H]2CCc3cccc(C)c3N2,ODH,11.1,1.0,11.1,train,0.0,0.0,13.061294
257,ODH_charity_0616:row:257,1452,CC1(C)CC[C@H](O)c2ccccc12,ODH,9.7,1.0,9.7,train,0.0,0.0,4.044392
4238,ODH_charity_0616:row:4238,22906,C[C@H](NC(=O)OC(C)(C)C)[C@H](O)c1ccccc1,ODH,7.84,0.8,6.272,train,0.0,0.0,6.372524
3622,ODH_charity_0616:row:3622,20163,CC[Si](CC)(CC)[C@H](C(=O)OC)c1ccccc1,ODH,4.55,1.0,4.55,train,0.0,0.0,8.217978
3820,ODH_charity_0616:row:3820,21133,COC(=O)[C@@H](O)c1ccc(C)cc1,ODH,5.55,2.0,11.1,train,0.0,0.0,2.571345
1769,ODH_charity_0616:row:1769,9932,CCOc1ccc2sc(S[C@@H](CN[S](=O)(=O)c3ccc(C)cc3)c4ccccc4)nc2c1,ODH,13.1,1.0,13.1,train,0.0,0.0,9.424516
3623,ODH_charity_0616:row:3623,20171,C[C@@H](\C=C\c1ccc(F)cc1)[C@@](C)(N)C(=O)OC(C)(C)C,ODH,5.3,1.0,5.3,train,0.0,0.0,9.541193
1764,ODH_charity_0616:row:1764,9921,COC(=O)[C@H](F)CCc1cccc2ccccc12,ODH,13.9,1.0,13.9,train,0.0,0.0,3.8022256
3969,ODH_charity_0616:row:3969,21734,C[C@H](COC=O)c1ccc(cc1)c2ccccc2,ODH,54.3,0.5,27.15,train,0.0,0.17115638,3.607774
856,ODH_charity_0616:row:856,4888,O=C1C[C@H](COCc2ccccc2)C[C@@]13[C@H](Cc4ccccc34)Sc5ccccc5,ODH,12.05,1.0,12.05,train,0.0,0.0,9.039059
1767,ODH_charity_0616:row:1767,9924,C[C@@H](COC=O)c1ccc(C)cc1,ODH,13.1,0.5,6.55,train,0.0,0.009448816,2.1659732
2426,ODH_charity_0616:row:2426,13345,COc1ccc(OC)c(c1)[C@@H](O)C(O)=O,ODH,17.33,0.8,13.864,train,0.0,0.0,3.3578887
4863,ODH_charity_0616:row:4863,25353,CC(C)Cc1ccc(cc1)[C@H](O)C(O)=O,ODH,7.11,0.8,5.688,train,0.0,0.0,3.266888
1313,ODH_charity_0616:row:1313,7556,CC[C@@]1(N(c2ccc(C)cc2C1=C)[S](=O)(=O)C(F)(F)F)c3ccc(C)cc3,ODH,8.39,1.0,8.39,train,0.0,0.0,15.031908
3280,ODH_charity_0616:row:3280,18288,N[C@@H](C(=[N+]=[N-])C(=O)c1ccc(cc1)C#N)C(F)(F)F,ODH,29.187,1.0,29.187,train,0.0,0.0,4.5703673
187,ODH_charity_0616:row:187,1046,CC[C@@H](C#Cc1cccc(F)c1)c2ccccc2,ODH,9.2,0.5,4.6,train,0.0,0.22444159,3.2312932
2377,ODH_charity_0616:row:2377,13127,Cn1cc([C@@H]\2[C@H](CC2=C/N(c3ccc(Br)cc3)[S](=O)(=O)c4ccc(C)cc4)c5ccccc5)c6ccccc16,ODH,14.48,0.8,11.584,train,0.0,0.0,11.353724
1103,ODH_charity_0616:row:1103,6564,CC(C)Cc1ccc(cc1)[C@H](C)C(=O)OC(c2ccccc2)c3ccccc3,ODH,10.0,0.5,5.0,train,0.0,0.0,8.19788
3062,ODH_charity_0616:row:3062,17022,O[C@@H]([C@H](C=C)c1ccccc1)C(=O)c2ccc(Br)cc2,ODH,37.2,0.5,18.6,train,0.0,0.0,4.895384
3226,ODH_charity_0616:row:3226,18084,Brc1cccc(C[C@H]2CN(Cc3ccccc3)C2=O)c1,ODH,28.3,1.0,28.3,train,0.0,0.0,4.3384347
3144,ODH_charity_0616:row:3144,17600,COc1ccc2O[C@@H](CCc3ccccc3)C[C@@H](O)c2c1,ODH,40.748,0.8,32.5984,train,0.0,0.0,4.641669
214,ODH_charity_0616:row:214,1187,CCCC[C@@H](CC(=O)c1ccccc1)[S](=O)(=O)c2ccc(C)cc2,ODH,8.9,1.0,8.9,train,0.0,0.0,6.231306
203,ODH_charity_0616:row:203,1151,CCCCC[C@H]1Cc2ccccc2N1,ODH,6.7,0.8,5.36,train,0.0,0.0,3.0575948
1184,ODH_charity_0616:row:1184,7039,CSCC[C@@](N)(C\C=C\c1ccccc1)C(=O)OC(C)(C)C,ODH,6.8,1.0,6.8,train,0.0,0.0,8.638474
4732,ODH_charity_0616:row:4732,24812,C=C[C@H](C1CC1)C(Cc2ccccc2)(C#N)C#N,ODH,9.04,1.0,9.04,train,0.0,0.0,5.766344
4656,ODH_charity_0616:row:4656,24520,Fc1ccccc1[C@@]2(CCC(=O)O2)C(=O)OC(c3ccccc3)c4ccccc4,ODH,8.8,0.75,6.6,train,0.0,0.0,8.631087
4273,ODH_charity_0616:row:4273,23044,CC(C)OC(=O)[C@@]1(CCC(=O)O1)c2ccccc2,ODH,8.1,0.75,6.075,train,0.0,0.0,5.442021
4460,ODH_charity_0616:row:4460,23843,CC(C)(O)C[C@H]1CCc2ccccc2N1,ODH,9.4,0.8,7.52,train,0.0,0.0,4.2858944
672,ODH_charity_0616:row:672,3837,COc1ccc(Cn2cc([C@H](NC(=O)c3ccccc3)c4ccccc4CCCC(F)(F)F)c5ccccc25)cc1,ODH,17.76,1.0,17.76,train,0.0,0.0,10.791578
244,ODH_charity_0616:row:244,1408,Clc1ccc(cc1)C(=O)[C@@]2(OCCC[C@@H]2Br)c3ccc(Cl)cc3,ODH,8.28,1.0,8.28,train,0.0,0.0,5.9491725
2630,ODH_charity_0616:row:2630,14414,O[C@@]1([C@H](C=C)c2ccc(F)cc2)C(=O)N(Cc3cccc4ccccc34)c5ccccc15,ODH,19.045,1.0,19.045,train,0.0,0.0,10.317204
3520,ODH_charity_0616:row:3520,19568,Cc1ccc(cc1)[C@@H](C[N+]([O-])=O)c2cccc(c2)C(F)(F)F,ODH,35.8,1.5,53.7,train,0.0,0.0,5.2754784
1800,ODH_charity_0616:row:1800,10091,COC(=O)[C@H]1[C@H](c2ccc(C)cc2)c3ccccc3OC1=O,ODH,14.8,0.7,10.36,train,0.0,0.0,6.1065583
2465,ODH_charity_0616:row:2465,13629,CC[C@@H](O)c1ccc(OC)cc1,ODH,17.8,1.0,17.8,train,0.0,0.0,2.3342092
2478,ODH_charity_0616:row:2478,13720,C1Cc2cc3OCOc3cc2N[C@H]1c4ccccc4,ODH,17.91,1.0,17.91,train,0.0,0.0,4.740559
1442,ODH_charity_0616:row:1442,8329,C[C@@](C\C=C\C=C\c1ccccc1)(C=O)c2ccc3ccccc3c2,ODH,14.455,1.0,14.455,train,0.0,0.0,6.40806
3819,ODH_charity_0616:row:3819,21132,COC(=O)[C@H](O)c1ccc(C)cc1,ODH,4.73,2.0,9.46,train,0.0,0.0,2.581319
3919,ODH_charity_0616:row:3919,21501,FCCCCC[C@@]1(CI)COc2ccccc12,ODH,55.4,0.75,41.55,train,0.0,0.0,3.8644254
2449,ODH_charity_0616:row:2449,13512,C[C@@H](O)c1ccccc1,ODH,17.61,0.6,10.566,train,0.0,0.24976403,1.8549217
1387,ODH_charity_0616:row:1387,8009,CCOC(=O)[C@]1(CC(=C)Cc2ccccc2)[C@@H](Oc3ccccc3C1=O)c4ccccc4,ODH,12.7,1.0,12.7,train,0.0,0.0,8.807907
3487,ODH_charity_0616:row:3487,19324,O[C@@H]1[C@@H]2O[C@@H]2C(=O)c3cc4CCCCc4cc13,ODH,30.8,0.8,24.64,train,0.0,0.0,5.6896515
2939,ODH_charity_0616:row:2939,16207,COc1ccc(cc1)[C@H]2CCc3ccccc3N2,ODH,22.55,0.6,13.53,train,0.0,0.0,4.2303324
356,ODH_charity_0616:row:356,1947,COCCO[C@@H](NC(=O)c1ccccc1)c2ccccc2CCCC(F)(F)F,ODH,11.11,1.0,11.11,train,0.0,0.0,5.6385436
1817,ODH_charity_0616:row:1817,10186,CC(C)CC[C@@H]1Nc2ccccc2C[C@H]1N3C(=O)c4ccccc4C3=O,ODH,13.4,0.6,8.04,train,0.0,0.0,10.764697
3351,ODH_charity_0616:row:3351,18633,CC(C)[C@H]1C=C[C@H]2CN(CC2=C(C)N1[S](=O)(=O)c3ccc(C)cc3)[S](=O)(=O)c4ccc(C)cc4,ODH,26.11,0.8,20.888,train,0.0,0.0,14.60896
3308,ODH_charity_0616:row:3308,18430,C[C@H](COC=O)c1ccc(Cl)cc1,ODH,30.6,0.5,15.3,train,0.0,0.07906557,2.2916596
615,ODH_charity_0616:row:615,3546,O[C@H]1CCCc2cccnc12,ODH,16.4,1.0,16.4,train,0.0,0.0,2.3447084
3022,ODH_charity_0616:row:3022,16773,FC(F)(F)c1ccc2O[C@@H](Cc3ccccc3)C(=O)N(Cc4ccccc4)c2c1,ODH,16.7,0.5,8.35,train,0.0,0.0,7.2075505
2186,ODH_charity_0616:row:2186,12096,COc1ccccc1C2=CC[C@]3(C)COc4cccc2c34,ODH,15.7,0.5,7.85,train,0.0,0.0,5.8865767
2908,ODH_charity_0616:row:2908,16037,CC(=O)C1=C(C)OC(=O)C[C@@H]1c2ccc(C)cc2,ODH,29.0,0.7,20.3,train,0.0,0.0,4.4019156
4465,ODH_charity_0616:row:4465,23848,CC[C@H](C#Cc1ccccc1)c2cccc(Cl)c2,ODH,8.1,0.7,5.67,train,0.0,0.0,3.8306563
540,ODH_charity_0616:row:540,3232,Clc1cccc(c1)[C@@H]2COc3ccccc3N2,ODH,11.0,1.0,11.0,train,0.0,0.0,4.7799225
1788,ODH_charity_0616:row:1788,10001,CC(C)(C)OC(=O)[C@](C)(N)C\C=C\c1cccc(Cl)c1,ODH,13.2,0.5,6.6,train,0.0,0.0,8.218708
754,ODH_charity_0616:row:754,4233,C[C@@H](CC(=O)c1cccc(C)c1)[S](=O)(=O)c2ccc(C)cc2,ODH,19.8,0.5,9.9,train,0.0,0.0,5.830525
2501,ODH_charity_0616:row:2501,13817,O=C1CC[C@H](Cc2ccccc2)O1,ODH,18.1,1.0,18.1,train,0.0,0.0,2.606225
3252,ODH_charity_0616:row:3252,18190,COC(=O)C[C@@](C)(O)c1cccc(OC)c1,ODH,24.8,0.5,12.4,train,0.0,0.0,3.3037207
2513,ODH_charity_0616:row:2513,13845,COc1ccc(N[C@@H](CCc2ccccc2)C(F)(F)F)cc1,ODH,18.1,0.8,14.48,train,0.0,0.0,4.6355276
3288,ODH_charity_0616:row:3288,18330,COC(=O)c1ccc(cc1)[C@@](C)(CO)c2cccc(OC)c2,ODH,29.33,0.6,17.598,train,0.0,0.0,5.581405
4541,ODH_charity_0616:row:4541,24098,CC(C)[C@@H](C#Cc1ccccc1)c2ccccc2,ODH,9.02,0.7,6.314,train,0.0,0.0,5.569948
1253,ODH_charity_0616:row:1253,7291,CC(C)(C)OC(=O)N1OCC[C@H]1Cc2ccc(C=O)cc2,ODH,10.645,0.8,8.516,train,0.0,0.0,8.493713
103,ODH_charity_0616:row:103,588,CCOC(=O)C[C@H](B1OC(C)(C)C(C)(C)O1)c2cccc(C)c2,ODH,8.5,0.5,4.25,train,0.0,0.0,14.475802
183,ODH_charity_0616:row:183,1038,COc1ccc(C)cc1[C@H](O)C(=O)OC(C)C,ODH,7.7,1.0,7.7,train,0.0,0.0,5.099897
3816,ODH_charity_0616:row:3816,21114,COc1ccccc1[C@](c2[nH]c(C)cc2)(c3[nH]c4ccccc4c3c5ccccc5)c6ccccc6,ODH,5.5,1.0,5.5,train,0.0,0.0,11.12154
3745,ODH_charity_0616:row:3745,20825,COC(=O)[C@@H](Cc1ccc(Br)cc1)NC(=O)c2ccccc2OC,ODH,51.0,0.8,40.8,train,0.0,0.0,4.93129
4187,ODH_charity_0616:row:4187,22673,COc1ccc(cc1)C2=CC(=O)O[C@@](C2)(c3ccccc3)C(F)(F)F,ODH,69.5,0.75,52.125,train,0.0,0.0,7.523621
4136,ODH_charity_0616:row:4136,22406,COC(=O)[C@@H](SCc1ccccc1)c2ccccc2,ODH,6.43,1.0,6.43,train,0.0,0.0,4.3430657
3536,ODH_charity_0616:row:3536,19711,C=CC[C@]12COC(=O)N1[S](=O)(=O)c3ccccc23,ODH,30.5,1.0,30.5,train,0.0,0.0,6.9054394
170,ODH_charity_0616:row:170,996,CC(C)OC(=O)[C@H](O)c1cc(C)cc(C)c1,ODH,8.4,1.0,8.4,train,0.0,0.0,4.8475018
1468,ODH_charity_0616:row:1468,8396,CCC(=O)[C@@](CC)(c1ccc(O)cc1)c2ccccc2F,ODH,13.6,1.0,13.6,train,0.0,0.0,5.427517
3754,ODH_charity_0616:row:3754,20867,C=C[C@H](CCc1ccccc1)C(Cc2ccc(cc2)C#N)(C#N)C#N,ODH,49.73,1.0,49.73,train,0.0,0.0,6.316363
2480,ODH_charity_0616:row:2480,13728,CSc1ccc(cc1)C(=O)C(=[N+]=[N-])[C@H](N)C(F)(F)F,ODH,17.921,1.0,17.921,train,0.0,0.0,4.569098
1750,ODH_charity_0616:row:1750,9801,C[C@H](COC=O)c1ccc(Br)cc1,ODH,115.7,0.5,57.85,train,0.0,0.10057714,2.292182
1276,ODH_charity_0616:row:1276,7400,C[S@](=O)c1ccc2ccccc2c1,ODH,12.077,1.0,12.077,train,0.0,0.0,3.4927542
3838,ODH_charity_0616:row:3838,21182,O[C@@H]1CCCC2(OCCO2)[C@@H]1c3ccc(cc3)C(F)(F)F,ODH,5.24,1.0,5.24,train,0.0,0.0,5.7185364
3265,ODH_charity_0616:row:3265,18232,CC(C)O[P](=O)(OC(C)C)[C@]12CC(=CC(=O)N1[S](=O)(=O)c3ccccc23)c4ccccc4,ODH,28.9,0.8,23.12,train,0.0,0.0,17.335756
3631,ODH_charity_0616:row:3631,20195,CCCCC[C@H](C=C)n1ccc2ccccc12,ODH,5.4,1.0,5.4,train,0.0,0.0,4.456609
273,ODH_charity_0616:row:273,1582,F[C@@H]1CCCO[C@]1(C(=O)c2ccc(Br)cc2)c3ccc(Br)cc3,ODH,10.14,1.0,10.14,train,0.0,0.0,5.7735486
1119,ODH_charity_0616:row:1119,6629,CC(=C)C[C@@]1(C)CC(=NO1)c2ccc(C)cc2,ODH,8.81,0.6,5.286,train,0.0,0.0,7.9068418
768,ODH_charity_0616:row:768,4321,C[C@@H]1Cc2ccccc2[C@@H]1O,ODH,17.6,1.0,17.6,train,0.0,0.0,2.6575913
774,ODH_charity_0616:row:774,4363,CCOC(=O)[C@H]1N[S](=O)(=O)Oc2ccc(OC)cc12,ODH,20.5,1.0,20.5,train,0.0,0.0,5.3462105
1518,ODH_charity_0616:row:1518,8577,Cc1ccc(cc1)[C@@H](CO)CCl,ODH,11.8,1.0,11.8,train,0.0,0.04451798,2.4033601
827,ODH_charity_0616:row:827,4751,CCCC[C@@H]1Nc2ccccc2C[C@H]1C,ODH,28.5,0.3,8.55,train,0.0,0.0,3.754456
589,ODH_charity_0616:row:589,3420,COc1ccc(cc1)[C@@H]2COc3ccccc3N2,ODH,10.5,1.0,10.5,train,0.0,0.0,4.9108167
1819,ODH_charity_0616:row:1819,10192,Clc1cc(Cl)cc(\C=C\[C@@H]2COC(=O)[C@]23CCC(=N3)c4ccccc4)c1,ODH,13.4,1.0,13.4,train,0.0,0.0,6.978212
1507,ODH_charity_0616:row:1507,8536,O[C@H](c1ccccc1)C(=O)c2ccccc2,ODH,16.95,1.0,16.95,train,0.0,0.0,3.9804976
289,ODH_charity_0616:row:289,1641,O=C1N[C@H](CCc2ccccc2)CO1,ODH,10.3,1.0,10.3,train,0.0,0.0,2.6712396
1023,ODH_charity_0616:row:1023,5987,CCCCC[C@@H]1Nc2ccccc2C[C@H]1CCCC,ODH,44.4,0.3,13.32,train,0.0,0.0,4.650584
2007,ODH_charity_0616:row:2007,11175,COc1ccc(cc1)[C@@H]2CCc3ccccc3N2,ODH,9.22,1.0,9.22,train,0.0,0.0,3.9002082
1791,ODH_charity_0616:row:1791,10010,CC[C@H](COC=O)c1ccccc1,ODH,13.7,0.5,6.85,train,0.0,0.36924416,2.2609847
685,ODH_charity_0616:row:685,3884,O[C@@H](C[N+]([O-])=O)c1ccc(Cl)cc1,ODH,14.1,1.0,14.1,train,0.0,0.0,2.7419837
1188,ODH_charity_0616:row:1188,7051,CC(C)(C)[S](=O)(=O)N[C@@H]1CCCc2ccccc12,ODH,8.6,1.0,8.6,train,0.0,0.0,7.215409
310,ODH_charity_0616:row:310,1737,O=[S@](c1ccc2ccccc2c1)c3ccccn3,ODH,10.6,1.0,10.6,train,0.0,0.0,5.6129994
2815,ODH_charity_0616:row:2815,15579,CCCNC(=O)[C@](C)(NC(=O)c1ccc(OC)cc1)C(=O)OCc2ccccc2,ODH,21.2,0.3,6.36,train,0.0,0.0,8.207353
4475,ODH_charity_0616:row:4475,23900,C1CSC(SC1)([C@H](C=Cc2ccccc2)c3ccccc3)c4ccc5ccccc5c4,ODH,8.2,1.0,8.2,train,0.0,0.0,9.010921
4506,ODH_charity_0616:row:4506,23993,COc1ccc(cc1)[C@H]2N[C@H](Cc3ccccc23)c4ccccc4,ODH,12.0,0.8,9.6,train,0.0,0.0,5.9141912
849,ODH_charity_0616:row:849,4851,CC(O)(C[C@H]1CCc2ccccc2N1)c3ccccc3,ODH,23.5,0.6,14.1,train,0.0,0.0,4.6187863
3678,ODH_charity_0616:row:3678,20449,Fc1ccc(cc1)[C@@H](Nc2ccccc2)C(=O)c3ccc(F)cc3,ODH,15.12,1.0,15.12,train,0.0,0.0,5.951069
3570,ODH_charity_0616:row:3570,19900,O[C@H]/1CCC1=C/c2ccc(OC(F)F)cc2,ODH,38.417,0.8,30.7336,train,0.0,0.0,2.997515
375,ODH_charity_0616:row:375,2028,CCCCCCCC[C@@H]1CCC2=C(CCCC2=O)N1,ODH,8.7,1.0,8.7,train,0.0,0.0,4.242804
1887,ODH_charity_0616:row:1887,10531,Cc1ccccc1C[C@H]2Cc3ccccc3N2,ODH,13.8,1.0,13.8,train,0.0,0.0,3.7033482
4742,ODH_charity_0616:row:4742,24898,Cc1ccc(C[C@]2(C)CC(=NO2)c3ccccc3)cc1,ODH,9.1,0.8,7.28,train,0.0,0.0,5.537054
4061,ODH_charity_0616:row:4061,22134,Cc1ccc(cc1)[C@@H](Oc2ccccc2)C(=O)OCc3ccccc3,ODH,14.7,1.0,14.7,train,0.0,0.0,5.7363133
94,ODH_charity_0616:row:94,520,CC(C)OC(=O)[C@@H](O)c1ccc(F)cc1,ODH,6.2,1.0,6.2,train,0.0,0.0,3.0490942
919,ODH_charity_0616:row:919,5165,Fc1ccc(NC[C@@H]2CCc3ccccc3N2)cc1,ODH,23.8,1.0,23.8,train,0.0,0.0,4.237799
890,ODH_charity_0616:row:890,5041,Cc1cc(C)cc(c1)[C@@H]2CCCNC(=O)C2,ODH,31.0,0.5,15.5,train,0.0,0.0,3.4134703
1924,ODH_charity_0616:row:1924,10710,OC[C@@H]1COC2(CCOCC2)c3ccccc3O1,ODH,20.2,1.0,20.2,train,0.0,0.0,4.3573976
4044,ODH_charity_0616:row:4044,22075,C1C[C@H](c2ccccc2)c3ccccc3O1,ODH,6.4,1.0,6.4,train,0.0,0.0,3.6123552
3951,ODH_charity_0616:row:3951,21652,CCCCOc1ccccc1[C@](c2[nH]c(C)cc2)(c3ccccc3)c4ccc(O)cc4,ODH,56.7,1.0,56.7,train,0.0,0.0,7.7179475
1237,ODH_charity_0616:row:1237,7239,COc1cccc(c1)[C@@]2(CCC(=O)O2)C(=O)OC(c3ccccc3)c4ccccc4,ODH,10.6,0.75,7.95,train,0.0,0.0,8.826682
4279,ODH_charity_0616:row:4279,23057,CCCC(=O)O\C(c1ccccc1)=C\2[C@H]([C@H](C)C=C2c3ccccc3)c4ccc5ccccc5c4,ODH,9.5,0.7,6.65,train,0.0,0.0,9.336212
1822,ODH_charity_0616:row:1822,10206,C[C@@]1(C(=O)OCC=C)C(=O)N(C(=O)C(c2ccccc2)c3ccccc3)c4ccc(Br)cc14,ODH,13.4,0.8,10.72,train,0.0,0.0,9.459576
2178,ODH_charity_0616:row:2178,12047,CCOC(=O)[C@H]1[C@H](c2ccccc2)c3ccc(OC)cc3OC1=O,ODH,16.9,0.7,11.83,train,0.0,0.0,6.6050367
4428,ODH_charity_0616:row:4428,23717,C[C@@H](Nc1ccccc1)C(=C)c2ccccc2,ODH,8.0,1.0,8.0,train,0.0,0.0,4.066997
3741,ODH_charity_0616:row:3741,20799,Cc1ccc(cc1)[C@@H]2NCCNC2=O,ODH,41.3,1.0,41.3,train,0.0,0.0,2.9680781
1814,ODH_charity_0616:row:1814,10180,O[C@H]1[C@@H](C2=CC=CC=C2)CCC[C@@H](CCO)C1,ODH,14.82,1.0,14.82,train,0.0,0.0,4.237457
4104,ODH_charity_0616:row:4104,22291,CC(C)(C)c1ccc(C[C@H](B2OC(C)(C)C(C)(C)O2)N3CCOC3=O)cc1,ODH,5.9,1.0,5.9,train,0.0,0.0,21.658976
3278,ODH_charity_0616:row:3278,18280,OC[C@H](O)c1ccc(Br)cc1,ODH,29.1,0.9,26.19,train,0.0,0.22707866,2.2953053
2240,ODH_charity_0616:row:2240,12317,OC[C@H]1COc2ccccc2O1,ODH,14.65,1.0,14.65,train,0.0,0.0,2.5460212
38,ODH_charity_0616:row:38,254,C[C@@H]1CCc2cc(F)ccc2N1,ODH,4.8,1.0,4.8,train,0.0,0.0,2.6534574
4784,ODH_charity_0616:row:4784,25072,O=C(OCc1ccccc1)[C@@H](Oc2ccc(cc2)c3ccccc3)c4ccccc4,ODH,22.8,1.0,22.8,train,0.0,0.0,7.1413136
880,ODH_charity_0616:row:880,5018,COc1cccc(c1)[C@@H](CCO)C[N+]([O-])=O,ODH,18.28,1.0,18.28,train,0.0,0.0,3.6438403
1071,ODH_charity_0616:row:1071,6267,Cc1ccc(cc1)[S](=O)(=O)N[C@H](\C=C\c2ccccc2)c3ccccc3,ODH,33.632,0.5,16.816,train,0.0,0.0,6.8385286
3528,ODH_charity_0616:row:3528,19653,COc1cccc(c1)[C@@H](O)CO,ODH,36.5,0.8,29.2,train,0.0,0.1463807,2.321568
35,ODH_charity_0616:row:35,234,C[C@H](CCCO)c1ccc(C)cc1,ODH,5.42,1.0,5.42,train,0.0,0.0,2.9166102
533,ODH_charity_0616:row:533,3150,Cc1cc(cc(C)c1[C@@H](N)CO)C(C)(C)C,ODH,16.7,1.0,16.7,train,0.0,0.0,7.958815
379,ODH_charity_0616:row:379,2046,O=C1Oc2ccccc2N[C@H]1c3ccccc3,ODH,16.6,1.0,16.6,train,0.0,0.0,4.888406
534,ODH_charity_0616:row:534,3151,Cc1cc(cc(C)c1[C@H](N)CO)C(C)(C)C,ODH,14.99,1.0,14.99,train,0.0,0.0,7.8919077
4265,ODH_charity_0616:row:4265,23000,O[C@H]/1CCCC1=C/c2ccc(Cl)cc2,ODH,7.35,1.0,7.35,train,0.0,0.0,3.1215239
2564,ODH_charity_0616:row:2564,14061,Cc1cc(C)cc(c1)[P@](=O)(CC(=C)C(=O)OCc2ccccc2)c3c(C)cc(C)cc3C,ODH,18.5,0.6,11.1,train,0.0,0.0,16.337835
3843,ODH_charity_0616:row:3843,21203,CCCC(=O)O\C(c1ccccc1)=C\2[C@H]([C@H](C)C=C2c3ccccc3)c4cccnc4,ODH,7.3,0.75,5.475,train,0.0,0.0,9.735798
1935,ODH_charity_0616:row:1935,10742,C=CCC[S@](=O)c1ccccc1,ODH,18.514,1.0,18.514,train,0.0,0.292234,2.4925299
4423,ODH_charity_0616:row:4423,23707,Nc1ncnc2n(cnc12)[C@@H]/3CCC3=C/c4ccccc4,ODH,79.613,0.5,39.8065,train,0.0,0.0,5.6745973
2779,ODH_charity_0616:row:2779,15398,O[C@@H]([C@@H](C=C)c1ccc(Cl)cc1)C(=O)c2ccccc2,ODH,16.5,0.5,8.25,train,0.0,0.0,4.847329
2297,ODH_charity_0616:row:2297,12738,CC(=O)C1=C(C)OC(=O)C[C@H]1c2ccccc2,ODH,16.5,0.7,11.55,train,0.0,0.0,4.193738
3109,ODH_charity_0616:row:3109,17315,C\C(=C/C(=O)[C@H](CCc1ccccc1)C(C(=O)c2ccccc2)C(=O)c3ccccc3)c4ccccc4,ODH,25.5,0.6,15.3,train,0.0,0.0,12.747524
3687,ODH_charity_0616:row:3687,20506,FC(F)(F)c1cccc(c1)C2=NC(=O)C[C@H](S2)c3ccccc3,ODH,35.2,0.5,17.6,train,0.0,0.0,6.242363
4883,ODH_charity_0616:row:4883,25436,CCC[C@@H](NCc1ccccc1)C(=C)CC,ODH,26.543,0.5,13.2715,train,0.0,0.0,4.6301465
4659,ODH_charity_0616:row:4659,24532,Clc1ccc(cc1)C2(SCCCS2)[C@@H](C=Cc3ccccc3)c4ccccc4,ODH,6.2,1.0,6.2,train,0.0,0.0,8.07766
279,ODH_charity_0616:row:279,1604,C[C@H]1N[S](=O)(=O)Oc2ccc(C)cc12,ODH,10.2,0.8,8.16,train,0.0,0.0,5.0905156
1292,ODH_charity_0616:row:1292,7458,Cc1ccc2OC(=O)C[C@@H](c3ccccc3)c2c1,ODH,10.81,1.0,10.81,train,0.0,0.0,4.556068
3176,ODH_charity_0616:row:3176,17772,C1Nc2ccccc2N[C@@H]1Cc3ccccc3,ODH,16.9,1.0,16.9,train,0.0,0.0,4.0401764
2974,ODH_charity_0616:row:2974,16444,CCC(=O)C1=C(CC)OC(=O)C[C@@H]1c2ccccc2,ODH,39.6,0.75,29.7,train,0.0,0.0,4.256091
1225,ODH_charity_0616:row:1225,7188,Cc1cccc(c1)\C=C\2CC[C@@H]2O,ODH,10.598,0.8,8.4784,train,0.0,0.0,2.8882196
4281,ODH_charity_0616:row:4281,23066,CC#CC[C@@H](C#Cc1ccccc1)c2ccccc2,ODH,6.53,0.7,4.571,train,0.0,0.0,3.9577217
3894,ODH_charity_0616:row:3894,21362,Cc1ccc(cc1C)[C@H]2NCCNC2=O,ODH,50.2,1.0,50.2,train,0.0,0.0,3.5254004
4499,ODH_charity_0616:row:4499,23976,CCOC[C@@H](C(=O)c1ccccc1)c2ccccc2,ODH,7.73,1.0,7.73,train,0.0,0.0,3.8857658
199,ODH_charity_0616:row:199,1113,CC(C)OC(=O)[C@@H](CC=O)Cc1ccc(F)cc1,ODH,8.7,1.0,8.7,train,0.0,0.0,3.2732544
3772,ODH_charity_0616:row:3772,20930,COC(=O)[C@H](O)c1cccc(OC)c1,ODH,4.42,2.0,8.84,train,0.0,0.0,2.908288
2077,ODH_charity_0616:row:2077,11499,CC(C)(C)OC(=O)[C@@](N)(CC=C)C\C=C\c1ccccc1,ODH,14.9,1.0,14.9,train,0.0,0.0,8.58236
3714,ODH_charity_0616:row:3714,20650,C[C@H](COC=O)c1ccc(F)cc1,ODH,42.8,0.5,21.4,train,0.0,0.0,2.3073587
4254,ODH_charity_0616:row:4254,22966,COC(=O)N1C(=O)[C@@](C)([C@H](C=C)c2ccccc2)c3ccc(F)cc13,ODH,7.9,1.0,7.9,train,0.0,0.0,8.172886
3966,ODH_charity_0616:row:3966,21725,Cc1ccc(cc1)[S](=O)(=O)N2CCN[C@@H](C2=O)c3ccccc3,ODH,58.8,0.5,29.4,train,0.0,0.0,6.5841985
1143,ODH_charity_0616:row:1143,6769,O[C@H]/1CCC1=C/c2cccc(F)c2,ODH,10.174,0.8,8.1392,train,0.0,0.0,2.6674943
2659,ODH_charity_0616:row:2659,14637,OC[C@@]1(COCCO1)C(F)(F)F,ODH,19.4,1.0,19.4,train,0.0,0.0,2.5437756
4641,ODH_charity_0616:row:4641,24490,Cc1cccc(c1)[C@H](O)C(=O)c2cccc(C)c2,ODH,8.76,1.0,8.76,train,0.0,0.0,4.3691473
1195,ODH_charity_0616:row:1195,7073,Cc1cccc(c1)[C@@H]2CC(=O)Oc3ccccc23,ODH,10.44,1.0,10.44,train,0.0,0.0,4.5637946
2468,ODH_charity_0616:row:2468,13642,FC(F)(F)[C@]1(CC(=CC(=O)O1)\C=C\c2ccccc2)c3ccccc3,ODH,17.8,0.75,13.35,train,0.0,0.0,6.948655
4320,ODH_charity_0616:row:4320,23265,Cc1ccc(/C=C/C=C/C[C@](C)(C=O)c2ccccc2)cc1,ODH,8.707,1.0,8.707,train,0.0,0.0,4.7419477
2281,ODH_charity_0616:row:2281,12591,CCC[S@@](=O)c1ccccc1,ODH,12.5,1.0,12.5,train,0.0,0.26568183,2.2983637
1655,ODH_charity_0616:row:1655,9366,O=C[C@H]1COC2(CCC2)c3ccccc3O1,ODH,12.5,1.0,12.5,train,0.0,0.0,4.050222
3892,ODH_charity_0616:row:3892,21351,Clc1ccc(cc1)[C@H]2NCCNC2=O,ODH,50.0,1.0,50.0,train,0.0,0.0,3.0715396
45,ODH_charity_0616:row:45,333,FC(F)(F)CCCc1ccccc1[C@H](NC(=O)c2ccccc2)OCCCBr,ODH,5.95,1.0,5.95,train,0.0,0.0,6.189654
3960,ODH_charity_0616:row:3960,21692,Cc1oc(c2ccccc2)c([C@H](Nc3ccccc3)c4ccccc4)c1[C@@H](O)c5ccccc5,ODH,44.6,0.8,35.68,train,0.0,0.0,8.21095
2168,ODH_charity_0616:row:2168,11980,OC[C@@H](CCl)c1oc2ccccc2c1,ODH,15.5,1.0,15.5,train,0.0,0.0,3.1410475
4288,ODH_charity_0616:row:4288,23088,FC(F)(F)Oc1ccc(cc1)C2=C(C[C@H](O2)C=C)C#N,ODH,7.466,1.0,7.466,train,0.0,0.0,4.205042
2015,ODH_charity_0616:row:2015,11252,COc1cccc(c1)C(=O)C[C@H](CN[S](=O)(=O)c2ccc(C)cc2)C(C)=C,ODH,16.96,0.5,8.48,train,0.0,0.0,8.467114
616,ODH_charity_0616:row:616,3598,CCCCCC(=O)C[C@H]1CCCCN1C(=O)OCc2ccccc2,ODH,18.8,0.5,9.4,train,0.0,0.0,4.715456
4054,ODH_charity_0616:row:4054,22102,CC(C)[C@@H](c1ccccc1)c2cc(cc(c2)c3ccccc3)c4ccccc4,ODH,6.44,1.0,6.44,train,0.0,0.0,9.274026
4347,ODH_charity_0616:row:4347,23416,CC[C@H](C#Cc1ccccc1)c2ccc(Cl)cc2,ODH,7.79,0.7,5.453,train,0.0,0.0,3.8119652
2370,ODH_charity_0616:row:2370,13101,C=C[C@H](C1CCCCC1)c2c[nH]c3ccccc23,ODH,17.0,1.0,17.0,train,0.0,0.0,4.148682
339,ODH_charity_0616:row:339,1864,CCOC(=O)[C@H](CC=O)Cc1occc1,ODH,14.6,1.0,14.6,train,0.0,0.0,2.4825802
3179,ODH_charity_0616:row:3179,17791,FC(F)(F)[S](=O)(=O)N1[C@@H]2C=C(CC[C@@H]2c3cc(Br)c(Br)cc13)c4ccc(cc4)c5ccccc5,ODH,21.9,0.5,10.95,train,0.0,0.0,11.942297
37,ODH_charity_0616:row:37,253,CC1(C)CN(C(=S)Nc2ccc(cc2)C(F)(F)F)[C@](C)(C1)c3ccccc3,ODH,5.58,1.0,5.58,train,0.0,0.0,14.166394
1001,ODH_charity_0616:row:1001,5818,COc1ccc([C@H]2CCc3ccccc3N2)c(OC)c1,ODH,59.4,0.6,35.64,train,0.0,0.0,5.14234
2940,ODH_charity_0616:row:2940,16213,CCOC(=O)C1=C(OC(=O)C[C@H]1c2ccccc2)c3ccccc3,ODH,18.6,0.7,13.02,train,0.0,0.0,5.976838
650,ODH_charity_0616:row:650,3747,CCOC(=O)C[C@@H](C#N)c1ccccc1,ODH,13.3,1.0,13.3,train,0.0,0.042809095,2.8056507
3186,ODH_charity_0616:row:3186,17850,CCCC[C@@H]1C=Cc2cc(C)c(C)cc2[C@H]1O,ODH,32.37,1.0,32.37,train,0.0,0.0,4.9654255
2703,ODH_charity_0616:row:2703,14940,[O-][N+](=O)C[C@@H](c1ccccc1)c2ccc(cc2)c3ccccc3,ODH,19.9,1.0,19.9,train,0.0,0.0,5.555869
552,ODH_charity_0616:row:552,3261,CC1(C)CN(C(=O)Nc2cc(cc(c2)C(F)(F)F)C(F)(F)F)[C@@](CN(Cc3ccccc3)Cc4ccccc4)(C1)c5ccccc5,ODH,17.2,0.4,6.88,train,0.0,0.0,15.954262
3159,ODH_charity_0616:row:3159,17693,Cc1ccc(cc1)[S](=O)(=O)N/C(c2ccccc2)=C3/[C@H]([C@@H](CC3=O)c4ccc(Br)cc4)c5ccc6ccccc6c5,ODH,34.8,0.75,26.1,train,0.0,0.0,12.62517
2825,ODH_charity_0616:row:2825,15666,IC[C@@]1(CCC(=O)O1)c2ccccc2,ODH,25.5,1.0,25.5,train,0.0,0.0,3.1402774
1874,ODH_charity_0616:row:1874,10435,COc1ccccc1[C@@H](CO)CCl,ODH,13.7,1.0,13.7,train,0.0,0.0,2.62255
336,ODH_charity_0616:row:336,1835,Fc1cccc(c1)[C@@]2(CC(=NO2)c3ccccc3)CC(F)(F)F,ODH,10.83,0.8,8.664,train,0.0,0.0,6.1916733
4035,ODH_charity_0616:row:4035,22025,CCC(COC(=O)[C@@H](NC(=O)c1ccc(cc1)C(C)(C)C)c2ccccc2Cl)(c3ccccc3)c4ccccc4,ODH,6.32,1.0,6.32,train,0.0,0.0,18.991573
4815,ODH_charity_0616:row:4815,25162,Cc1cc([C@H](C(=O)OCc2ccccc2)c3cccc(Cl)c3)c(C)n1Cc4ccccc4,ODH,11.2,0.7,7.84,train,0.0,0.0,10.179017
859,ODH_charity_0616:row:859,4903,Clc1ccc(cc1Cl)[C@@H]2COc3ccccc3N2,ODH,14.0,1.0,14.0,train,0.0,0.0,5.0390687
2384,ODH_charity_0616:row:2384,13152,COc1ccc(N[C@H](C(=O)c2ccccc2)c3ccccc3)cc1,ODH,17.08,1.0,17.08,train,0.0,0.0,5.9182725
1024,ODH_charity_0616:row:1024,5990,C1Cc2ccccc2N[C@@H]1CNc3cccc4ccccc34,ODH,46.4,1.0,46.4,train,0.0,0.0,6.117275
4157,ODH_charity_0616:row:4157,22487,CC[C@@](C)(C\C=C\c1ccccc1)C=O,ODH,6.931,1.0,6.931,train,0.0,0.055751175,3.0746958
2778,ODH_charity_0616:row:2778,15390,[O-][N+](=O)[C@@]12Oc3ccccc3[C@@H]1CC(=C2)C(=O)OCc4ccccc4,ODH,18.75,0.5,9.375,train,0.0,0.0,8.467421
399,ODH_charity_0616:row:399,2175,CCCCCCC[C@H]1CCC2=C(CCCC2=O)N1,ODH,9.1,1.0,9.1,train,0.0,0.0,4.0379643
3833,ODH_charity_0616:row:3833,21170,C[C@@H](O)c1cc(cc(c1)C(F)(F)F)C(F)(F)F,ODH,5.17,1.0,5.17,train,0.0,0.0,3.939166
2658,ODH_charity_0616:row:2658,14636,OC[C@]1(COCCO1)C(F)(F)F,ODH,22.0,1.0,22.0,train,0.0,0.0,2.5643053
2809,ODH_charity_0616:row:2809,15562,CO[C@H](C(=O)OC)c1ccccc1,ODH,21.19,1.0,21.19,train,0.0,0.0,2.5559373
3896,ODH_charity_0616:row:3896,21373,FC(F)(F)[C@]1(CC(=CC(=O)O1)c2ccccc2)c3ccccc3,ODH,50.4,0.75,37.8,train,0.0,0.0,6.687306
1695,ODH_charity_0616:row:1695,9583,CC(C)(C)[P@@](=O)(Cc1ccc(cc1)C#N)c2ccccc2,ODH,12.76,1.0,12.76,train,0.0,0.0,9.984044
4731,ODH_charity_0616:row:4731,24811,C=C[C@@H](C1CC1)C(Cc2ccccc2)(C#N)C#N,ODH,9.74,1.0,9.74,train,0.0,0.0,5.7730494
1996,ODH_charity_0616:row:1996,11119,COc1ccccc1N2C(=O)OC[C@]2(CCOCc3ccccc3)C=C,ODH,11.9,1.0,11.9,train,0.0,0.0,7.6268387
1886,ODH_charity_0616:row:1886,10530,Cc1ccccc1C[C@@H]2Cc3ccccc3N2,ODH,15.7,1.0,15.7,train,0.0,0.0,3.5440962
2860,ODH_charity_0616:row:2860,15833,OC[C@@H](O)c1ccccc1,ODH,24.3,0.9,21.87,train,0.0,0.43532845,2.0723727
3798,ODH_charity_0616:row:3798,21036,C[C@@H]1N(N([C@H](COC(C)=O)C=C1C)C(=O)OC(C)(C)C)C(=O)Nc2ccc(Cl)cc2,ODH,6.4,1.0,6.4,train,0.0,0.0,15.679351
2362,ODH_charity_0616:row:2362,13043,O[C@H]/1CCC1=C/c2ccccc2,ODH,16.922,1.0,16.922,train,0.0,0.0,2.5258276
2407,ODH_charity_0616:row:2407,13250,CCOC(=O)C1=C(OC(=O)C[C@@H]1c2ccccc2)c3ccccc3,ODH,21.0,0.7,14.7,train,0.0,0.0,5.9994173
3523,ODH_charity_0616:row:3523,19611,COc1ccccc1O[C@H](CCO)c2ccccc2,ODH,25.2,0.8,20.16,train,0.0,0.0,3.9125206
1357,ODH_charity_0616:row:1357,7829,CC1(C)OB(OC1(C)C)[C@@H](Cc2ccccc2F)N3CCOC3=O,ODH,7.8,1.0,7.8,train,0.0,0.0,12.4963455
413,ODH_charity_0616:row:413,2273,COC(=O)C[C@@H](B1OC(C)(C)C(C)(C)O1)c2ccccc2,ODH,7.6,0.5,3.8,train,0.0,0.0,11.791493
1299,ODH_charity_0616:row:1299,7523,C[C@]1(C(=O)OCC=C)C(=O)Oc2ccc3ccccc3c12,ODH,12.8,1.0,12.8,train,0.0,0.0,6.24183
954,ODH_charity_0616:row:954,5372,CCOC(=O)Cn1cccc1[C@@H]2C[C@@H]([C@H]2CO)c3ccccc3,ODH,16.2,1.0,16.2,train,0.0,0.0,6.0515604
51,ODH_charity_0616:row:51,372,CCOC(=O)[C@@H](CC=O)Cc1ccc(cc1)C(C)(C)C,ODH,6.1,1.0,6.1,train,0.0,0.0,6.009465
837,ODH_charity_0616:row:837,4804,COc1ccc2cc(ccc2c1)[C@@H](C)C#N,ODH,23.1,1.0,23.1,train,0.0,0.0,3.3535109
4292,ODH_charity_0616:row:4292,23124,ClC[C@@H]1COc2ccccc2O1,ODH,7.5,1.0,7.5,train,0.0,0.0,2.4350982
4873,ODH_charity_0616:row:4873,25410,FC(F)(F)c1cc(N[C@@H]2CCC(=O)O[C@H]2c3ccccc3)cc(c1)C(F)(F)F,ODH,22.6,1.0,22.6,train,0.0,0.0,7.1212416
3900,ODH_charity_0616:row:3900,21409,FC(F)(F)[C@]1(CC(=CC(=O)O1)c2ccccc2)c3sccc3,ODH,51.0,0.75,38.25,train,0.0,0.0,6.4527593
3329,ODH_charity_0616:row:3329,18529,C[C@@H]1CC[C@@H]([C@@H](N1)c2cc(F)cc(F)c2)C(F)(F)F,ODH,4.7,1.0,4.7,train,0.0,0.0,4.554944
4668,ODH_charity_0616:row:4668,24558,CCOC(=O)/C=C/[C@@H]1[C@H](C(C)C)N1[S](=O)(=O)c2ccc(C)cc2,ODH,8.82,0.8,7.056,train,0.0,0.0,8.697488
1623,ODH_charity_0616:row:1623,9219,CC(C)(C)[C@]1(COc2ccccc12)CC#Cc3ccccc3,ODH,12.4,0.5,6.2,train,0.0,0.0,11.556271
2975,ODH_charity_0616:row:2975,16445,CCC(=O)C1=C(CC)OC(=O)C[C@H]1c2ccccc2,ODH,23.1,0.75,17.325,train,0.0,0.0,4.270611
2532,ODH_charity_0616:row:2532,13910,COC(=O)C1=C(C)OC(=O)C[C@@H]1c2ccccc2,ODH,18.2,0.8,14.56,train,0.0,0.0,4.579457
3683,ODH_charity_0616:row:3683,20490,Fc1ccc(OC(=O)/C=C/[C@@H](CCCCCCCC=C)N2C(=O)C3CC=CCC3C2=O)cc1,ODH,42.8,0.8,34.24,train,0.0,0.0,8.795837
4938,ODH_charity_0616:row:4938,25663,COC(=O)C[C@H]1CC[C@H](C)[C@@H](COCc2ccccc2)O1,ODH,8.4,1.0,8.4,train,0.0,0.0,3.9293132
4171,ODH_charity_0616:row:4171,22546,CCO[P](=O)(OCC)[C@]12CC(=CC(=O)N1[S](=O)(=O)c3ccccc23)c4ccc(Br)cc4,ODH,61.7,0.8,49.36,train,0.0,0.0,11.922096
200,ODH_charity_0616:row:200,1124,Fc1ccc(cc1)C(=O)[C@@]2(OCCC[C@@H]2Cl)c3ccc(F)cc3,ODH,7.75,1.0,7.75,train,0.0,0.0,5.787702
771,ODH_charity_0616:row:771,4360,C[C@@H](CC(=O)NC(C)(C)c1ccc(F)cn1)c2ccc(cc2)C(C)=O,ODH,18.7,0.6,11.22,train,0.0,0.0,7.720328
1261,ODH_charity_0616:row:1261,7327,C([C@H]1Cc2ccccc2N1)c3ccccc3,ODH,10.7,1.0,10.7,train,0.0,0.0,3.4649606
2769,ODH_charity_0616:row:2769,15373,O[C@@H](C(O)=O)c1cccc(Cl)c1,ODH,20.84,0.8,16.672,train,0.0,0.0,2.5381703
1142,ODH_charity_0616:row:1142,6768,O[C@@H]/1CCC1=C/c2cccc(F)c2,ODH,8.409,0.8,6.7272,train,0.0,0.0,2.6928449
408,ODH_charity_0616:row:408,2233,CCCCCC[C@@H]1CCC2=C(CCCC2=O)N1,ODH,12.0,1.0,12.0,train,0.0,0.0,3.839905
824,ODH_charity_0616:row:824,4717,COc1ccccc1[C@H](CCO)C[N+]([O-])=O,ODH,22.5,1.0,22.5,train,0.0,0.0,3.595402
1540,ODH_charity_0616:row:1540,8745,O=C(OCc1ccccc1)[C@H]2CCCO2,ODH,15.95,1.0,15.95,train,0.0,0.0,2.7636454
2401,ODH_charity_0616:row:2401,13218,CCCC[C@@H](O)c1ccccc1,ODH,15.68,1.0,15.68,train,0.0,0.28363234,2.319211
2910,ODH_charity_0616:row:2910,16042,COc1ccc2OC(=O)C[C@H](c3ccccc3)c2c1,ODH,19.55,1.0,19.55,train,0.0,0.0,4.849014
815,ODH_charity_0616:row:815,4675,O[C@H](CCCCl)c1ccccc1,ODH,24.9,1.0,24.9,train,0.0,0.2936963,2.3809714
4176,ODH_charity_0616:row:4176,22614,[O-][N+](=O)C[C@@H](c1ccccc1)c2ccc(Cl)cc2,ODH,43.5,1.0,43.5,train,0.0,0.0,4.1103754
1323,ODH_charity_0616:row:1323,7663,C[C@@H]1Cc2ccccc2N1,ODH,12.5,0.8,10.0,train,0.0,0.0,2.1906486
1678,ODH_charity_0616:row:1678,9471,CC(=C)C[C@]1(C)CC(=NO1)c2ccc3OCCOc3c2,ODH,12.64,0.8,10.112,train,0.0,0.0,8.177679
3468,ODH_charity_0616:row:3468,19229,COc1ccc(cc1)[C@@H](O)C(O)=O,ODH,33.29,0.8,26.632,train,0.0,0.0,2.6646488
1667,ODH_charity_0616:row:1667,9429,Fc1ccc(\C=C\[C@H]2COc3cc4CCCc4cc3O2)cc1,ODH,11.69,1.0,11.69,train,0.0,0.0,4.758935
3707,ODH_charity_0616:row:3707,20622,Brc1ccc(cc1)[C@H]2NCCNC2=O,ODH,44.6,1.0,44.6,train,0.0,0.0,3.0759373
3194,ODH_charity_0616:row:3194,17932,COc1ccc(/C=C/C[C@](C)(N)C(=O)OC(C)(C)C)cc1,ODH,16.2,0.5,8.1,train,0.0,0.0,7.8532023
2466,ODH_charity_0616:row:2466,13640,CC(C)(C)OC(=O)C[C@H]1[C@@H](c2ccccc2)c3cc(oc3N(C1=O)[S](C)(=O)=O)c4ccccc4,ODH,24.3,0.5,12.15,train,0.0,0.0,16.689285
651,ODH_charity_0616:row:651,3748,CCOC(=O)C[C@H](C#N)c1ccccc1,ODH,17.3,1.0,17.3,train,0.0,0.04430467,2.817278
395,ODH_charity_0616:row:395,2150,CC1(C)CN(C(=S)Nc2ccc(cc2)C#N)[C@](C)(C1)c3ccccc3,ODH,11.73,1.0,11.73,train,0.0,0.0,12.990061
969,ODH_charity_0616:row:969,5571,FC(F)(F)c1cc(cc(c1)C(F)(F)F)[C@H]2COC(=O)N2,ODH,24.0,1.0,24.0,train,0.0,0.0,4.766443
636,ODH_charity_0616:row:636,3700,COC(=O)C[C@H](C#N)c1ccc(C)cc1,ODH,17.1,1.0,17.1,train,0.0,0.0,2.861703
3522,ODH_charity_0616:row:3522,19583,CCCCCCCCCC[C@H](\C=C\C(=O)Oc1ccc(F)cc1)N2C(=O)C3CC=CCC3C2=O,ODH,35.9,0.8,28.72,train,0.0,0.0,9.033204
553,ODH_charity_0616:row:553,3262,CC1(C)CN(C(=O)Nc2cc(cc(c2)C(F)(F)F)C(F)(F)F)[C@](CN(Cc3ccccc3)Cc4ccccc4)(C1)c5ccccc5,ODH,15.34,0.4,6.136,train,0.0,0.0,15.143571
1731,ODH_charity_0616:row:1731,9707,Fc1ccccc1C2=C(C[C@@H](O2)C=C)C#N,ODH,13.887,1.0,13.887,train,0.0,0.0,3.3485103
3671,ODH_charity_0616:row:3671,20382,O=C1C[C@@H](C=C(O1)c2ccc3ccccc3c2)c4ccccc4,ODH,41.4,0.5,20.7,train,0.0,0.0,5.9549313
4727,ODH_charity_0616:row:4727,24796,Clc1ccc(O[C@@H](C(=O)OCc2ccccc2)c3ccccc3)cc1,ODH,9.8,1.0,9.8,train,0.0,0.0,5.1946125
3693,ODH_charity_0616:row:3693,20539,Cc1ccc(cc1)[C@H](O)CO,ODH,49.9,1.0,49.9,train,0.0,0.2800305,2.1209636
583,ODH_charity_0616:row:583,3400,C[C@H](CC(=O)c1occc1)[S](=O)(=O)c2ccc(C)cc2,ODH,18.1,1.0,18.1,train,0.0,0.0,5.2188783
253,ODH_charity_0616:row:253,1448,CC(C)(NC(=O)C[C@H]1CCOc2ccccc12)c3ccccn3,ODH,9.7,0.8,7.76,train,0.0,0.0,6.982813
2672,ODH_charity_0616:row:2672,14762,FC(F)(F)c1ccc(cc1)[C@@H]2CCc3ccccc3N2,ODH,12.79,1.0,12.79,train,0.0,0.0,4.876598
2125,ODH_charity_0616:row:2125,11717,CC(C)(C)OC(=O)[C@@](C)(N)C\C=C\c1cccc2ccccc12,ODH,12.8,0.5,6.4,train,0.0,0.0,10.017444
4696,ODH_charity_0616:row:4696,24662,Clc1ccc(O[C@H](C(=O)OCc2ccccc2)c3ccccc3)cc1,ODH,9.8,1.0,9.8,train,0.0,0.0,5.2182446
2976,ODH_charity_0616:row:2976,16464,Clc1cc2ccn3c2c(c1)C(=O)O[C@]34C(=O)N(Cc5ccccc5)c6ccccc46,ODH,24.3,0.8,19.44,train,0.0,0.0,10.650852
1953,ODH_charity_0616:row:1953,10898,C[C@@H](\C=C\c1ccccc1)[C@](C)(N)C(=O)OC(C)(C)C,ODH,14.2,1.0,14.2,train,0.0,0.0,10.072869
1161,ODH_charity_0616:row:1161,6911,CN1C(=O)[C@H](Nc2ccccc12)c3ccc(Br)cc3,ODH,10.3,1.0,10.3,train,0.0,0.0,5.808567
1503,ODH_charity_0616:row:1503,8526,CCOC(=O)C[C@H](O)c1ccccc1C,ODH,7.39,1.0,7.39,train,0.0,0.0,3.1314437
1820,ODH_charity_0616:row:1820,10203,CCCCCC[C@@H]1CC(=O)C(/[C@H]1c2ccc(Br)cc2)=C(\N[S](=O)(=O)c3ccc(OC)cc3)c4ccccc4,ODH,22.2,0.75,16.65,train,0.0,0.0,10.518904
30,ODH_charity_0616:row:30,221,CC(C)c1cccc(C(C)C)c1NC[C@@H]2CCc3cccc(Br)c3N2,ODH,6.0,1.0,6.0,train,0.0,0.0,12.386566
4875,ODH_charity_0616:row:4875,25412,Cc1ccc(cc1)[C@@H]2Nc3ccccc3OC2=O,ODH,9.6,0.7,6.72,train,0.0,0.0,5.593834
3668,ODH_charity_0616:row:3668,20377,CCO[P](=O)(OCC)[C@@]12CC(=CC(=O)N1[S](=O)(=O)Oc3ccccc23)c4ccc(Cl)cc4,ODH,20.5,0.8,16.4,train,0.0,0.0,12.288539
2751,ODH_charity_0616:row:2751,15201,O[C@H]/1CCCC1=C/c2ccccc2,ODH,20.5,0.8,16.4,train,0.0,0.0,2.6993694
4191,ODH_charity_0616:row:4191,22684,CCCC[C@@H]1[C@H](C=C(OC1=O)c2ccccc2)c3ccccc3,ODH,69.9,0.75,52.425,train,0.0,0.0,5.2619667
3765,ODH_charity_0616:row:3765,20889,COC(=O)[C@@H](Oc1cccc(c1)C(F)(F)F)c2ccc(Cl)cc2,ODH,5.0,1.0,5.0,train,0.0,0.0,5.4543433
4496,ODH_charity_0616:row:4496,23959,COC(=O)[C@@H](NC(=O)OC(C)(C)C)c1ccccc1Cl,ODH,8.24,1.0,8.24,train,0.0,0.0,7.20286
2282,ODH_charity_0616:row:2282,12592,CCC[S@](=O)c1ccccc1,ODH,16.3,1.0,16.3,train,0.0,0.26888457,2.2861629
4135,ODH_charity_0616:row:4135,22402,CC(C)(C)c1ccc(cc1)C2=C(C[C@H](O2)C=C)C#N,ODH,6.841,1.0,6.841,train,0.0,0.0,9.630692
1294,ODH_charity_0616:row:1294,7485,CCC[C@@H](C=C)n1cnc2ccccc12,ODH,10.855,0.6,6.513,train,0.0,0.0,4.0938487
2801,ODH_charity_0616:row:2801,15524,OC[C@]1(\C=C\c2ccccc2)C(=O)N(CC=C)c3ccccc13,ODH,19.0,0.8,15.2,train,0.0,0.0,6.353848
3461,ODH_charity_0616:row:3461,19217,COc1ccc(\C=C\[C@H]2COc3ccccc3O2)cc1,ODH,33.89,1.0,33.89,train,0.0,0.0,3.8416314
3151,ODH_charity_0616:row:3151,17656,OC[C@H](CCl)c1ccc2ccccc2c1,ODH,28.7,1.0,28.7,train,0.0,0.0,3.3550246
4846,ODH_charity_0616:row:4846,25278,Clc1ccc(cc1)C2=C(C[C@H](O2)C=C)C#N,ODH,9.5,1.0,9.5,train,0.0,0.0,3.6212032
1925,ODH_charity_0616:row:1925,10711,OC[C@H]1COC2(CCOCC2)c3ccccc3O1,ODH,14.0,1.0,14.0,train,0.0,0.0,4.3135595
2495,ODH_charity_0616:row:2495,13805,CC(C)(C)OC(=O)[C@](C)(N)C\C=C\c1ccc(Cl)cc1,ODH,18.1,0.5,9.05,train,0.0,0.0,8.308625
34,ODH_charity_0616:row:34,233,C[C@@H](CCCO)c1ccc(C)cc1,ODH,6.68,1.0,6.68,train,0.0,0.0,2.9052842
4683,ODH_charity_0616:row:4683,24599,CCCCC[C@]1(CI)COc2cc(ccc12)C(=O)N3CCCCC3,ODH,10.0,0.8,8.0,train,0.0,0.0,6.4339952
1922,ODH_charity_0616:row:1922,10674,O[C@@H]/1CCCC1=C/c2cccc(Br)c2,ODH,12.2,1.0,12.2,train,0.0,0.0,2.8637006
386,ODH_charity_0616:row:386,2125,Cc1ccccc1[S@](=O)c2ccccn2,ODH,13.5,0.8,10.8,train,0.0,0.0,3.8856142
2037,ODH_charity_0616:row:2037,11352,O[C@@H]1C(=O)N(Cc2ccccc2)c3ccccc3[C@]1(CBr)c4ccccc4,ODH,13.19,1.0,13.19,train,0.0,0.0,8.348138
1281,ODH_charity_0616:row:1281,7425,COc1cc2OC(=C(C#N)[C@H](c3ccccc3)c2cc1OC)N,ODH,10.8,0.7,7.56,train,0.0,0.0,7.599183
4052,ODH_charity_0616:row:4052,22087,Cc1oc(c2ccccc2)c3[C@H]4CCCCN4c5ccccc5Cc13,ODH,6.4,0.6,3.84,train,0.0,0.0,7.7012405
3554,ODH_charity_0616:row:3554,19782,IC[C@]1(CCc2ccccc2)COc3ccccc13,ODH,29.8,0.5,14.9,train,0.0,0.0,4.4746723
3341,ODH_charity_0616:row:3341,18591,O=[S@@](Cc1ccccc1)c2ccc3ccccc3c2,ODH,30.2,1.0,30.2,train,0.0,0.0,4.6936913
2233,ODH_charity_0616:row:2233,12290,C[C@H]1Nc2ccccc2Oc3c1cccc3c4ccccc4,ODH,15.9,0.8,12.72,train,0.0,0.0,4.9892197
3377,ODH_charity_0616:row:3377,18774,O=C1O[C@@]2(n3c1cc4ccccc34)C(=O)N(Cc5ccccc5)c6ccccc26,ODH,34.6,0.5,17.3,train,0.0,0.0,10.85054
3655,ODH_charity_0616:row:3655,20298,Cc1ccc(cc1)[S](=O)(=O)N2CC[C@@H](C2)c3ccccc3,ODH,40.4,1.0,40.4,train,0.0,0.0,5.2814665
4188,ODH_charity_0616:row:4188,22679,C[C@]1(CC(=CC(=O)O1)c2ccccc2)C(F)(F)F,ODH,76.6,0.75,57.45,train,0.0,0.0,4.4481635
3323,ODH_charity_0616:row:3323,18510,CN1CCc2ccccc2[C@H]1c3ccc(F)cc3,ODH,4.2,1.0,4.2,train,0.0,0.0,4.306311
4613,ODH_charity_0616:row:4613,24400,Fc1ccc(O[C@@H](C(=O)OCc2ccccc2)c3ccccc3)cc1,ODH,10.0,1.0,10.0,train,0.0,0.0069925017,5.5715857
2977,ODH_charity_0616:row:2977,16465,Clc1cc2ccn3c2c(c1)C(=O)O[C@@]34C(=O)N(Cc5ccccc5)c6ccccc46,ODH,23.2,0.8,18.56,train,0.0,0.0,10.5915785
3981,ODH_charity_0616:row:3981,21793,CCCCCCCCCCCC[S@](=O)c1ccccc1,ODH,7.011,1.0,7.011,train,0.0,0.18958268,3.9999957
2352,ODH_charity_0616:row:2352,13001,CCCCCc1ccc(cc1)C#CC[C@]2(C)COc3ccccc23,ODH,16.9,0.5,8.45,train,0.0,0.0,5.446103
1240,ODH_charity_0616:row:1240,7254,COc1ccc(cc1)[C@@H]2C[C@@H](Oc3ccc(Cl)cc23)Sc4ccccc4,ODH,9.4,1.0,9.4,train,0.0,0.0,6.3588343
4628,ODH_charity_0616:row:4628,24430,CC(C)(C)[C@]1(COc2ccccc12)CC3=CCCC3,ODH,8.7,0.75,6.525,train,0.0,0.0,10.858863
1701,ODH_charity_0616:row:1701,9599,CCOC(=O)/C=C/[C@@H](CC)c1ccccc1,ODH,12.79,0.6,7.674,train,0.0,0.0,2.8538942
4013,ODH_charity_0616:row:4013,21961,COC(=O)[C@H]1[C@H]([C@@H]([C@H]2N1CCc3ccccc23)C(=O)n4nc(C)cc4C)c5ccccc5Br,ODH,5.422,1.0,5.422,train,0.0,0.0,12.323742
2024,ODH_charity_0616:row:2024,11285,CC(C)(C)OC(=O)[C@](C)(N)C\C=C\c1ccccc1,ODH,14.7,0.5,7.35,train,0.0,0.0,7.6297703
1868,ODH_charity_0616:row:1868,10424,Oc1ccccc1[C@@H](OC2CCC2)c3ccccc3,ODH,13.7,0.5,6.85,train,0.0,0.0,4.1285224
1834,ODH_charity_0616:row:1834,10242,COc1ccccc1[C@H]2Nc3ccccc3N(C)C2=O,ODH,13.5,1.0,13.5,train,0.0,0.0,6.367821
4729,ODH_charity_0616:row:4729,24800,C=C[C@H]1CC(=C(O1)c2cocc2)C#N,ODH,9.704,1.0,9.704,train,0.0,0.0,2.8108888
4190,ODH_charity_0616:row:4190,22683,CCCC[C@H]1[C@H](C=C(OC1=O)c2ccccc2)c3ccccc3,ODH,38.7,0.75,29.025,train,0.0,0.0,5.241148
627,ODH_charity_0616:row:627,3658,Cc1ccc(cc1)[S@](=O)c2cc(C)ccn2,ODH,22.7,0.8,18.16,train,0.0,0.0,3.6450083
2245,ODH_charity_0616:row:2245,12369,C[C@]1(CO)CCCOC1,ODH,16.0,1.0,16.0,train,0.0,0.0,1.6137906
4958,ODH_charity_0616:row:4958,25809,CCC[C@@H](N[S](=O)(=O)c1ccc(C)cc1)C=C,ODH,8.74,1.0,8.74,train,0.0,0.0,4.008531
3285,ODH_charity_0616:row:3285,18314,Clc1ccc(\C=C\[C@H]2COc3ccccc3O2)cc1,ODH,26.56,1.0,26.56,train,0.0,0.0,3.653628
4334,ODH_charity_0616:row:4334,23312,O[C@@H]/1CCC1=C/c2cccc(Br)c2,ODH,6.805,0.8,5.444,train,0.0,0.0,3.3987682
3859,ODH_charity_0616:row:3859,21250,CN1CCc2ccccc2[C@@H]1c3ccccc3,ODH,6.3,0.7,4.41,train,0.0,0.0,4.464136
1863,ODH_charity_0616:row:1863,10403,COC(=O)[C@@](C)(N)C\C=C\c1ccccc1,ODH,12.0,1.0,12.0,train,0.0,0.0,3.453551
643,ODH_charity_0616:row:643,3718,CCO[P](=O)(OCC)C(=[N+]=[N-])[C@](OC(N)=O)(c1ccccc1)C(C)(C)C,ODH,17.2,0.5,8.6,train,0.0,0.0,10.888225
686,ODH_charity_0616:row:686,3885,O[C@H](C[N+]([O-])=O)c1ccc(Cl)cc1,ODH,18.0,1.0,18.0,train,0.0,0.0,2.795499
4083,ODH_charity_0616:row:4083,22209,C[C@@]1(C(=O)OCC=C)C(=O)Oc2ccc3ccccc3c12,ODH,6.6,1.0,6.6,train,0.0,0.0,6.240046
4236,ODH_charity_0616:row:4236,22898,C[C@@H]1Cc2cc(C)ccc2N1,ODH,9.2,1.0,9.2,train,0.0,0.0,2.527364
1753,ODH_charity_0616:row:1753,9823,CC(C)(C)OC(=O)[C@](C)(N)C\C=C\c1ccc2ccccc2c1,ODH,13.0,0.5,6.5,train,0.0,0.0,9.930492
2681,ODH_charity_0616:row:2681,14846,O[C@@H](C(O)=O)c1ccc(F)cc1,ODH,19.79,0.8,15.832,train,0.0,0.0,2.6584466
3599,ODH_charity_0616:row:3599,20036,CC(C)(C)OC(=O)[C@@](C)(N)C\C=C\c1cc(Cl)cc(Cl)c1,ODH,15.9,0.5,7.95,train,0.0,0.0,9.046697
4940,ODH_charity_0616:row:4940,25675,Cc1[nH]c(cc1)[C@](C)(c2ccccc2)c3ccc(O)c(F)c3,ODH,9.8,1.0,9.8,train,0.0,0.0,6.1600366
1576,ODH_charity_0616:row:1576,8947,CCCCC[C@H](C=C)n1c(C)cc2ccccc12,ODH,13.6,0.4,5.44,train,0.0,0.0,6.042625
4905,ODH_charity_0616:row:4905,25525,CC1(C)OB(OC1(C)C)[C@@H](Cc2cccc(Cl)c2)N3CCOC3=O,ODH,8.8,1.0,8.8,train,0.0,0.0,13.185694
2546,ODH_charity_0616:row:2546,13997,Cc1cccc2O[C@H](Cc3ccccc3)C(=O)N(Cc4ccccc4)c12,ODH,18.4,0.5,9.2,train,0.0,0.0,6.28165
934,ODH_charity_0616:row:934,5255,COC(=O)[C@@H]1COc2cc3ccccc3cc2O1,ODH,26.8,1.0,26.8,train,0.0,0.0,4.322175
211,ODH_charity_0616:row:211,1184,C1Cc2ccccc2N[C@H]1c3ccccc3,ODH,10.8,0.8,8.64,train,0.0,0.0,4.256788
4515,ODH_charity_0616:row:4515,24037,CC(C)(C)OC(=O)N1OCC[C@H]1Cc2ccccc2,ODH,8.311,0.8,6.6488,train,0.0,0.0,8.028882
420,ODH_charity_0616:row:420,2307,Cc1ccc2[C@H](O)CCc2c1,ODH,13.3,1.0,13.3,train,0.0,0.0,2.3438969
137,ODH_charity_0616:row:137,777,CCCCC[C@H](F)C(=O)c1nccn1c2ccccc2,ODH,9.3,1.0,9.3,train,0.0,0.0,4.3911543
979,ODH_charity_0616:row:979,5631,O=C(C[C@@H]1CCOc2ccccc12)Nc3ccccc3,ODH,36.7,1.0,36.7,train,0.0,0.0,4.5655746
3305,ODH_charity_0616:row:3305,18427,C\C(=C/C(=O)[C@@H](C(C(=O)c1ccccc1)C(=O)c2ccccc2)c3ccccc3)c4ccccc4,ODH,29.8,0.6,17.88,train,0.0,0.0,12.68271
662,ODH_charity_0616:row:662,3793,N[C@H](c1cccc(Cl)c1)c2ccccc2O,ODH,17.51,0.7,12.257,train,0.0,0.0,4.638257
4079,ODH_charity_0616:row:4079,22193,CC(=C)[C@H](CCc1ccccc1)NCc2ccccc2,ODH,6.571,1.0,6.571,train,0.0,0.0,5.0184603
3999,ODH_charity_0616:row:3999,21894,C[C@H](CC(=O)C(F)(F)F)\C=C\c1ccccc1,ODH,38.85,0.8,31.08,train,0.0,0.0,3.4391313
4777,ODH_charity_0616:row:4777,25041,C[C@@H]1Cc2ccccc2N1,ODH,10.1,0.8,8.08,train,0.0,0.0,2.188778
1551,ODH_charity_0616:row:1551,8792,O[C@H]/1CCCC1=C/c2cccc3ccccc23,ODH,111.3,0.5,55.65,train,0.0,0.0,3.5990694
1283,ODH_charity_0616:row:1283,7438,O=C1Oc2ccccc2N[C@@H]1c3ccccc3,ODH,10.8,0.7,7.56,train,0.0,0.0,5.387401
218,ODH_charity_0616:row:218,1253,CCO[C@H](\C=C\c1ccccc1)c2ccccc2,ODH,9.905,0.5,4.9525,train,0.0,0.0,3.9044905
3874,ODH_charity_0616:row:3874,21296,CC(C)(C)OC[C@H](C(=O)c1ccccc1)c2ccccc2,ODH,5.88,1.0,5.88,train,0.0,0.0,8.447986
1594,ODH_charity_0616:row:1594,9065,CC[C@@H](C#Cc1cccc(Cl)c1)c2ccccc2,ODH,13.06,0.7,9.142,train,0.0,0.0,3.8023803
3267,ODH_charity_0616:row:3267,18247,CCOC(=O)[C@]1(N[S](=O)(=O)c2ccccc12)C#Cc3cccc(Cl)c3,ODH,28.9,0.5,14.45,train,0.0,0.0,7.983722
3116,ODH_charity_0616:row:3116,17376,CC(=C)[C@@H]1CN(C(=C1)c2ccc(cc2)C(C)=O)[S](=O)(=O)c3ccc(C)cc3,ODH,22.03,0.8,17.624,train,0.0,0.0,9.151321
3844,ODH_charity_0616:row:3844,21204,CCCC(=O)O\C(c1ccccc1)=C\2[C@@H]([C@H](C)C=C2c3ccccc3)c4cccnc4,ODH,5.7,0.75,4.275,train,0.0,0.0,9.860948
3792,ODH_charity_0616:row:3792,21013,CC(C)(C)OC(=O)[C@](C)(N)C\C=C\c1cccc(F)c1,ODH,5.3,0.5,2.65,train,0.0,0.0,6.812006
3048,ODH_charity_0616:row:3048,16945,O[C@@]1([C@H](C=C)c2ccccc2)C(=O)N(Cc3cccc4ccccc34)c5c(Cl)cccc15,ODH,13.442,1.0,13.442,train,0.0,0.0,10.130103
4501,ODH_charity_0616:row:4501,23984,C[C@@H]1CCC[C@@H](N1)c2cccc3ccccc23,ODH,10.0,1.0,10.0,train,0.0,0.0,4.6725874
3439,ODH_charity_0616:row:3439,19128,C[C@](CC(=C)c1ccc(F)cc1)(C=O)c2ccccc2,ODH,32.696,1.0,32.696,train,0.0,0.0,4.4526067
1172,ODH_charity_0616:row:1172,6966,CC(=O)[C@@]1(CO1)c2ccc(Cl)cc2,ODH,9.75,1.0,9.75,train,0.0,0.0,3.602529
747,ODH_charity_0616:row:747,4224,Cc1ccc(cc1)[C@H]2Nc3ccccc3NC2=O,ODH,22.4,1.0,22.4,train,0.0,0.0,5.0432916
1006,ODH_charity_0616:row:1006,5853,CC(C)[C@H]1CCc2ccccc2N1,ODH,34.6,0.5,17.3,train,0.0,0.0,4.0139604
4430,ODH_charity_0616:row:4430,23721,CCOC(=O)C[C@@H]1C=CCN(N1C(=O)OC(C)(C)C)C(=O)Nc2ccc(Cl)cc2,ODH,8.0,0.7,5.6,train,0.0,0.0,9.908837
4924,ODH_charity_0616:row:4924,25613,CN1C(=O)N[C@@H](c2ccccc2)c3cc(Br)ccc13,ODH,11.2,1.0,11.2,train,0.0,0.0,5.725071
4046,ODH_charity_0616:row:4046,22079,CCCC(=O)O\C(c1ccccc1)=C\2[C@@H]([C@H](C)C=C2c3ccccc3)c4ccc(F)cc4,ODH,6.4,0.7,4.48,train,0.0,0.0,7.874835
1606,ODH_charity_0616:row:1606,9094,FC(F)(F)c1cc(N[C@@H]2C=CC(=O)[C@H]2\C=C\c3ccccc3)cc(c1)C(F)(F)F,ODH,10.1,1.0,10.1,train,0.0,0.0,7.627732
1328,ODH_charity_0616:row:1328,7677,C[C@@H](n1c(C)c(C)c2ccccc12)c3ccc(NC(=O)c4ccc(cc4)C(C)(C)C)cc3,ODH,11.0,1.0,11.0,train,0.0,0.0,19.176748
3571,ODH_charity_0616:row:3571,19934,O[C@]1([C@H](C=C)c2cccnc2)C(=O)N(Cc3cccc4ccccc34)c5ccccc15,ODH,25.045,1.0,25.045,train,0.0,0.0,9.880436
1740,ODH_charity_0616:row:1740,9770,COC(=O)c1ccc(C[C@H]2CCON2C(=O)OC(C)(C)C)cc1,ODH,11.738,0.8,9.3904,train,0.0,0.0,7.6256475
496,ODH_charity_0616:row:496,2858,C1Cc2ccccc2N[C@H]1c3ccccc3,ODH,18.3,0.6,10.98,train,0.0,0.0,3.961303
4363,ODH_charity_0616:row:4363,23455,O[C@@H]/1CCCC1=C/c2ccc(Cl)cc2,ODH,8.6,0.8,6.88,train,0.0,0.0,3.117033
3096,ODH_charity_0616:row:3096,17240,CC(C)(C)c1ccc(OCCCC[C@]2(CI)COc3ccccc23)cc1,ODH,25.3,0.5,12.65,train,0.0,0.0,11.860778
135,ODH_charity_0616:row:135,766,FC(F)(F)CCCc1ccccc1[C@@H](NC(=O)c2ccccc2)OCc3ccc(I)cc3,ODH,10.15,1.0,10.15,train,0.0,0.0,7.1053705
987,ODH_charity_0616:row:987,5727,O[C@H]1CCc2ccccc12,ODH,32.6,1.0,32.6,train,0.0,0.0,2.2030191
4779,ODH_charity_0616:row:4779,25045,CC(C)(C)OC(=O)N1[C@@H](CCO[Si](C)(C)C(C)(C)C)C=CCN1C(=O)Nc2ccc(Cl)cc2,ODH,10.2,0.5,5.1,train,0.0,0.0,34.106308
1381,ODH_charity_0616:row:1381,7940,CCOC(=O)C1=C(C)OC(=O)C[C@@H]1c2cscc2,ODH,11.2,0.7,7.84,train,0.0,0.0,5.001899
4454,ODH_charity_0616:row:4454,23815,OC[C@H]1COC2(CCCCCC2)c3ccccc3O1,ODH,8.1,1.0,8.1,train,0.0,0.0,4.4519734
1182,ODH_charity_0616:row:1182,7033,CCCC(=O)O\C(c1ccccc1)=C\2[C@H]([C@H](C)C=C2c3ccccc3)c4ccc(cc4)[N+]([O-])=O,ODH,16.6,0.7,11.62,train,0.0,0.0,8.427466
2632,ODH_charity_0616:row:2632,14421,O[C@@H](C(O)=O)c1ccc(Cl)cc1,ODH,19.09,0.8,15.272,train,0.0,0.0,2.526744
1168,ODH_charity_0616:row:1168,6933,CC[C@@]1(N(c2cc(OC)ccc2C1=C)[S](=O)(=O)C(F)(F)F)c3ccccc3,ODH,8.72,0.5,4.36,train,0.0,0.0,12.27002
2620,ODH_charity_0616:row:2620,14306,COc1ccc(cc1)C#CC[C@@]2(C)COc3ccccc23,ODH,20.5,0.5,10.25,train,0.0,0.0,4.5532227
642,ODH_charity_0616:row:642,3717,CCO[P](=O)(OCC)C(=[N+]=[N-])[C@@](OC(N)=O)(c1ccccc1)C(C)(C)C,ODH,14.0,0.5,7.0,train,0.0,0.0,10.929853
174,ODH_charity_0616:row:174,1000,CCCOC(=O)C[C@H](B1OC(C)(C)C(C)(C)O1)c2ccccc2,ODH,8.4,0.5,4.2,train,0.0,0.0,12.202225
4165,ODH_charity_0616:row:4165,22508,Clc1ccc2C[C@H](COc2c1)c3ccccc3,ODH,57.0,0.5,28.5,train,0.0,0.0,3.6375353
1622,ODH_charity_0616:row:1622,9218,CC(C)(C)[C@@]1(COc2ccccc12)CC#Cc3ccccc3,ODH,11.5,0.5,5.75,train,0.0,0.0,11.566832
136,ODH_charity_0616:row:136,767,FC(F)(F)CCCc1ccccc1[C@H](NC(=O)c2ccccc2)OCc3ccc(I)cc3,ODH,7.66,1.0,7.66,train,0.0,0.0,7.1249866
4657,ODH_charity_0616:row:4657,24523,Clc1ccc(cc1)[C@@H](Oc2ccccc2)C(=O)OCc3ccccc3,ODH,14.3,0.7,10.01,train,0.0,0.0,6.206407
3946,ODH_charity_0616:row:3946,21634,C=CC[C@]12COC(=O)N1CC(=O)c3ccccc23,ODH,46.0,0.8,36.8,train,0.0,0.0,5.4824038
4062,ODH_charity_0616:row:4062,22135,Cc1ccc(cc1)[C@H](Oc2ccccc2)C(=O)OCc3ccccc3,ODH,6.5,1.0,6.5,train,0.0,0.0,5.7347016
270,ODH_charity_0616:row:270,1534,Cc1ccc(cc1)[C@@H]2Nc3ccccc3OC2=O,ODH,33.2,1.0,33.2,train,0.0,0.0,5.115398
843,ODH_charity_0616:row:843,4834,O[C@H]1CCCc2occc12,ODH,23.3,1.0,23.3,train,0.0,0.0,2.0007699
3371,ODH_charity_0616:row:3371,18754,O[C@]1([C@H](C=C)c2ccc3OCOc3c2)C(=O)N(Cc4cccc5ccccc45)c6ccccc16,ODH,27.704,1.0,27.704,train,0.0,0.0,11.685773
898,ODH_charity_0616:row:898,5068,OCC[C@@H](C[N+]([O-])=O)c1ccccc1,ODH,20.23,1.0,20.23,train,0.0,0.0,2.908719
3448,ODH_charity_0616:row:3448,19153,CCC[C@]1(CI)COc2ccccc12,ODH,27.6,0.5,13.8,train,0.0,0.0,3.448266
3702,ODH_charity_0616:row:3702,20573,Cc1ccc(cc1)[S](=O)(=O)N2C(=O)C[C@@H](C(=C2c3ccccc3)C)c4ccccc4,ODH,40.2,0.5,20.1,train,0.0,0.0,9.250377
670,ODH_charity_0616:row:670,3823,COc1ccccc1[C@H](O)C[N+]([O-])=O,ODH,17.698,0.8,14.1584,train,0.0,0.0,3.027094
1436,ODH_charity_0616:row:1436,8290,C[C@]1(C(=O)OCC=C)C(=O)N(C(=O)C(c2ccccc2)c3ccccc3)c4cc(Br)ccc14,ODH,17.8,0.8,14.24,train,0.0,0.0,9.4515
697,ODH_charity_0616:row:697,4001,FC(F)(F)C[C@]1(CCCN1C(=O)Nc2cccc(c2)C(F)(F)F)c3ccccc3,ODH,14.83,0.5,7.415,train,0.0,0.0,8.237758
3532,ODH_charity_0616:row:3532,19679,Cc1ccc(cc1)[C@@H](C[N+]([O-])=O)c2ccccc2,ODH,36.7,1.0,36.7,train,0.0,0.0,3.9438255
546,ODH_charity_0616:row:546,3247,CC(C)OC(=O)[C@@H](O)c1cccc2ccccc12,ODH,14.2,1.0,14.2,train,0.0,0.0,4.645804
2482,ODH_charity_0616:row:2482,13735,O[C@@H](C(O)=O)c1cccc(F)c1,ODH,17.96,0.8,14.368,train,0.0,0.0,2.6919858
2678,ODH_charity_0616:row:2678,14820,CCOC(=O)[C@@]1(N[S](=O)(=O)c2ccc(OC(F)(F)F)cc12)C#Cc3ccccc3,ODH,25.3,0.5,12.65,train,0.0,0.0,8.952098
4447,ODH_charity_0616:row:4447,23789,C[C@@H](CC(C)=O)\C=C\c1ccc(C)cc1,ODH,8.08,0.8,6.464,train,0.0,0.0,3.1096742
3735,ODH_charity_0616:row:3735,20766,Cc1ccc(cc1)[S](=O)(=O)N2CC[C@H](C2)c3ccc4ccccc4c3,ODH,51.7,1.0,51.7,train,0.0,0.0,6.6425376
992,ODH_charity_0616:row:992,5770,O=C(C[C@H]1CCOc2ccccc12)Nc3ccccc3,ODH,33.2,1.0,33.2,train,0.0,0.0,4.544741
4071,ODH_charity_0616:row:4071,22158,C[C@H]1Cc2cc(F)ccc2N1,ODH,6.5,1.0,6.5,train,0.0,0.0,2.1892805
1204,ODH_charity_0616:row:1204,7102,Brc1ccc(cc1)C2=C(C[C@@H](O2)C=C)C#N,ODH,12.744,1.0,12.744,train,0.0,0.0,3.6003976
4711,ODH_charity_0616:row:4711,24763,Clc1ccc(cc1)[C@H](Oc2ccccc2)C(=O)OCc3ccccc3,ODH,14.6,0.7,10.22,train,0.0,0.0,6.2415013
432,ODH_charity_0616:row:432,2369,COc1ccccc1[C@@H]2CO[S](=O)(=O)N2,ODH,12.4,1.0,12.4,train,0.0,0.0,4.4844203
834,ODH_charity_0616:row:834,4775,CCOC(=O)C[C@H](Sc1ccc(C)cc1)c2ccc3ccccc3c2,ODH,13.9,1.0,13.9,train,0.0,0.0,5.1330743
3361,ODH_charity_0616:row:3361,18692,Cc1ccc(cc1)[C@@H](C[N+]([O-])=O)c2ccc(Cl)cc2,ODH,30.6,1.5,45.9,train,0.0,0.0,4.3899636
1230,ODH_charity_0616:row:1230,7220,CCOC(=O)CC[C@H]1Cc2ccccc2N1,ODH,10.6,1.0,10.6,train,0.0,0.0,3.2784529
5,ODH_charity_0616:row:5,109,O[C@H](c1ccccc1)C(F)(F)C(F)(F)C(F)(F)F,ODH,4.4,1.0,4.4,train,0.0,0.0,6.2615476
3460,ODH_charity_0616:row:3460,19214,CCOC(=O)[C@]1(N[S](=O)(=O)c2c3ccccc3ccc12)C#Cc4ccccc4,ODH,33.1,0.5,16.55,train,0.0,0.0,8.823811
974,ODH_charity_0616:row:974,5605,CCOC(=O)C1(CC=C[C@H]1c2ccccc2)C(=O)OCC,ODH,30.732,0.5,15.366,train,0.0,0.0,5.6671867
2744,ODH_charity_0616:row:2744,15180,COc1cccc(c1)[C@@H](C=C)[C@]2(O)C(=O)N(Cc3cccc4ccccc34)c5ccccc25,ODH,16.95,1.0,16.95,train,0.0,0.0,10.460354
4930,ODH_charity_0616:row:4930,25637,Cn1c2ccccc2c([C@H](C(=O)OCc3ccccc3)c4ccccc4)c1c5ccc(F)cc5,ODH,13.1,0.7,9.17,train,0.0,0.0,9.527516
989,ODH_charity_0616:row:989,5759,O=C1N([C@H](\C=C\c2ccccc2)c3ccccc3)C(=O)c4ccccc14,ODH,41.587,0.5,20.7935,train,0.0,0.0,7.0044823
4734,ODH_charity_0616:row:4734,24814,Clc1cccc(c1)C2=C(C[C@H](O2)C=C)C#N,ODH,9.049,1.0,9.049,train,0.0,0.0,3.6147954
1301,ODH_charity_0616:row:1301,7525,C[C@@H]1Nc2ccccc2Oc3ccc(F)cc13,ODH,13.0,0.7,9.1,train,0.0,0.0,4.0276513
2206,ODH_charity_0616:row:2206,12160,CCOC(=O)[C@]1(CC=C)N[S](=O)(=O)c2ccc(OC(F)(F)F)cc12,ODH,15.8,0.8,12.64,train,0.0,0.0,7.280718
3335,ODH_charity_0616:row:3335,18539,C=CCOC(=O)[C@@]1(Cc2ccccc2)C(=O)N(C(=O)C(c3ccccc3)c4ccccc4)c5ccccc15,ODH,21.3,0.5,10.65,train,0.0,0.0,10.624128
1304,ODH_charity_0616:row:1304,7530,C[C@@]1(C(=O)OCC=C)C(=O)Oc2c3ccccc3ccc12,ODH,10.9,0.6,6.54,train,0.0,0.0,6.218834
1407,ODH_charity_0616:row:1407,8109,COc1ccccc1[C@H]([C@H](C)O)N2CCCC2,ODH,9.2,1.0,9.2,train,0.0,0.0,4.212782
1690,ODH_charity_0616:row:1690,9574,CC(=C)[C@@H](CN[S](=O)(=O)c1ccc(C)cc1)CC(=O)c2ccccc2,ODH,14.87,0.5,7.435,train,0.0,0.0,7.343313
4093,ODH_charity_0616:row:4093,22255,CC(C)(C)c1ccc(cc1)[P@](=O)(OCc2ccccc2Br)c3ccccc3,ODH,6.65,0.8,5.32,train,0.0,0.0,13.7711315
1267,ODH_charity_0616:row:1267,7359,CC(C)[C@H]1Cc2ccccc2N1,ODH,10.7,1.0,10.7,train,0.0,0.0,3.7609596
2544,ODH_charity_0616:row:2544,13994,FC(F)(F)c1ccccc1N2[C@@H](COC2=O)C=C,ODH,18.4,0.8,14.72,train,0.0,0.0,5.2379103
366,ODH_charity_0616:row:366,1978,CCOC(=O)C[C@@H](Sc1ccccc1C)c2ccccc2,ODH,11.2,1.0,11.2,train,0.0,0.0,4.245298
3607,ODH_charity_0616:row:3607,20072,COc1ccc([C@H](C)c2ccccc2)c(CC=C)c1,ODH,4.4,1.0,4.4,train,0.0,0.0,5.3987746
3642,ODH_charity_0616:row:3642,20248,C=C[C@H](CCc1ccccc1)N2CCOCC2,ODH,4.94,1.0,4.94,train,0.0,0.0,3.355214
2665,ODH_charity_0616:row:2665,14668,Cc1ccc(cc1)[C@H]2C=C(N(C(=O)[C@@H]2c3ccccc3)[S](=O)(=O)c4ccc(C)cc4)c5ccccc5,ODH,14.2,0.75,10.65,train,0.0,0.0,12.422895
4505,ODH_charity_0616:row:4505,23990,FC(F)(F)[C@@H]1Cc2ccccc2N[C@H]1C#Cc3ccccc3,ODH,8.3,0.7,5.81,train,0.0,0.0,8.020734
3180,ODH_charity_0616:row:3180,17796,FC(F)(F)c1ccc(C[C@@H]2Oc3ccccc3N(Cc4ccccc4)C2=O)cc1,ODH,25.7,0.5,12.85,train,0.0,0.0,7.0802445
1430,ODH_charity_0616:row:1430,8264,COc1ccc(CN2C(=O)N[C@H](c3cc(OC)ccc23)C(F)(F)F)cc1,ODH,12.9,0.8,10.32,train,0.0,0.0,7.5820136
2654,ODH_charity_0616:row:2654,14605,COc1ccc(cc1)\C=C\2CC[C@@H]2O,ODH,19.339,0.8,15.4712,train,0.0,0.0,2.7595587
4772,ODH_charity_0616:row:4772,25013,C=C[C@H](c1ccccc1)C(Cc2ccccc2)(C#N)C#N,ODH,9.23,1.0,9.23,train,0.0,0.0,6.0735784
1639,ODH_charity_0616:row:1639,9304,CCC[C@@H](C=C)N1CCc2ccccc12,ODH,12.49,1.0,12.49,train,0.0,0.0,4.2794204
3705,ODH_charity_0616:row:3705,20583,COC(=O)C[C@H](O)c1ccc(cc1)N(C)C,ODH,44.2,0.5,22.1,train,0.0,0.0,3.2715518
3172,ODH_charity_0616:row:3172,17756,Brc1ccc(cc1)/C=C/C(=O)[C@H](C(C(=O)c2ccccc2)C(=O)c3ccccc3)c4ccccc4,ODH,22.7,0.75,17.025,train,0.0,0.0,12.4747925
2242,ODH_charity_0616:row:2242,12333,Cc1ccccc1\C=C\[C@H]2COc3cc4CCCc4cc3O2,ODH,17.41,1.0,17.41,train,0.0,0.0,4.5096774
2652,ODH_charity_0616:row:2652,14598,CC(C)(C)[S](=O)(=O)N[C@@](CO)(CSc1sc2ccccc2n1)c3ccccc3,ODH,19.3,1.0,19.3,train,0.0,0.0,11.552319
2055,ODH_charity_0616:row:2055,11442,C[C@]1(CC=Cc2ccccc2)CC(=NO1)c3ccccc3,ODH,12.48,0.8,9.984,train,0.0,0.0,5.265971
1700,ODH_charity_0616:row:1700,9598,CCOC(=O)/C=C/[C@H](CC)c1ccccc1,ODH,9.0,0.6,5.4,train,0.0,0.0,2.8605556
1629,ODH_charity_0616:row:1629,9259,CN(CC[C@@H](O)c1ccc(Br)cc1)Cc2ccccc2,ODH,14.94,0.6,8.964,train,0.0,0.0,4.4277444
2930,ODH_charity_0616:row:2930,16153,COc1ccc(cc1)[C@H]2Cc3ccccc3C(=O)C(=N2)c4ccccc4O,ODH,22.4,0.7,15.68,train,0.0,0.0,6.8493347
1306,ODH_charity_0616:row:1306,7536,O=C1Oc2ccccc2N[C@H]1c3ccccc3,ODH,10.9,0.7,7.63,train,0.0,0.0,5.30092
1533,ODH_charity_0616:row:1533,8696,CC(=O)[C@]1(CO1)c2ccc(cc2)C#N,ODH,11.9,1.0,11.9,train,0.0,0.0,3.7768173
2596,ODH_charity_0616:row:2596,14187,Clc1ccccc1C[C@@H]2Oc3ccccc3N(Cc4ccccc4)C2=O,ODH,16.9,0.5,8.45,train,0.0,0.0,6.2718987
2038,ODH_charity_0616:row:2038,11357,COc1ccc(OC)c2[C@@H](O)[C@H](CC(C)C)C=Cc12,ODH,30.62,1.0,30.62,train,0.0,0.0,7.958954
4321,ODH_charity_0616:row:4321,23266,Cc1ccc(/C=C/C=C/C[C@@](C)(C=O)c2ccccc2)cc1,ODH,7.605,1.0,7.605,train,0.0,0.0,4.7739935
3934,ODH_charity_0616:row:3934,21569,C[C@@H](C#Cc1ccc(cc1)C#N)c2ccc(COC(C)=O)cc2,ODH,48.9,0.8,39.12,train,0.0,0.0,4.1856594
1583,ODH_charity_0616:row:1583,8970,OC[C@H]1COC2(CCCCC2)c3ccccc3O1,ODH,12.1,1.0,12.1,train,0.0,0.0,4.3320465
3295,ODH_charity_0616:row:3295,18366,OC[C@@](O)(Cn1cncn1)c2ccc(F)cc2F,ODH,29.5,1.0,29.5,train,0.0,0.0,4.752118
1067,ODH_charity_0616:row:1067,6247,O[C@@H](c1c([nH]c2ccccc12)c3ccccc3)C(F)(F)F,ODH,36.4,1.0,36.4,train,0.0,0.0,5.7544923
1002,ODH_charity_0616:row:1002,5819,COc1ccc([C@@H]2CCc3ccccc3N2)c(OC)c1,ODH,34.0,0.6,20.4,train,0.0,0.0,5.0768957
3297,ODH_charity_0616:row:3297,18396,OC[C@]1(COCCCS1)CC(=O)NCc2ccccc2,ODH,26.2,1.0,26.2,train,0.0,0.0,4.073108
2131,ODH_charity_0616:row:2131,11768,C[C@H](CC(C)=O)\C=C\c1ccc2ccccc2c1,ODH,17.59,0.8,14.072,train,0.0,0.0,3.805602
3416,ODH_charity_0616:row:3416,18971,Fc1ccc(cc1)C(=O)C([C@@H](C(=O)\C=C\c2ccc3ccccc3c2)c4ccccc4)C(=O)c5ccc(F)cc5,ODH,23.6,0.75,17.7,train,0.0,0.0,14.629392
1920,ODH_charity_0616:row:1920,10672,CC1(C)OB(OC1(C)C)[C@@H](Cc2ccc(cc2)c3ccccc3)N4CCOC4=O,ODH,11.8,1.0,11.8,train,0.0,0.0,15.9467745
4039,ODH_charity_0616:row:4039,22065,Cc1ccc(cc1)N2N=C(C)[C@](C\C=C\c3ccccc3)(Cc4cccc(C)c4)C2=O,ODH,6.396,1.0,6.396,train,0.0,0.0,12.909835
2446,ODH_charity_0616:row:2446,13507,CC[C@@](N)(C\C=C\c1ccccc1)C(=O)OC(C)(C)C,ODH,17.6,1.0,17.6,train,0.0,0.0,8.465956
4123,ODH_charity_0616:row:4123,22340,CCc1ccc(cc1)[C@@]2(CC)N(c3cc(C)c(C)cc3C2=C)[S](=O)(=O)C(F)(F)F,ODH,5.6,1.0,5.6,train,0.0,0.0,18.303967
693,ODH_charity_0616:row:693,3927,CC(C)(C)[Si](C)(C)Oc1ccc(cc1)[C@H](O)CCl,ODH,16.9,0.5,8.45,train,0.0,0.0,13.584197
77,ODH_charity_0616:row:77,457,COc1ccc(c(c1)C#C[Si](C(C)C)(C(C)C)C(C)C)[S@](=O)c2ccccn2,ODH,6.5,1.0,6.5,train,0.0,0.0,26.610477
1654,ODH_charity_0616:row:1654,9365,O=C[C@@H]1COC2(CCC2)c3ccccc3O1,ODH,16.1,1.0,16.1,train,0.0,0.0,4.0970445
2540,ODH_charity_0616:row:2540,13964,Clc1ccc2N[C@@H]([C@@H]3CCO[C@@H]3c2c1)c4ccccc4,ODH,13.9,1.0,13.9,train,0.0,0.0,6.5575333
571,ODH_charity_0616:row:571,3329,COc1ccc2[C@H](O)CCCc2c1,ODH,17.2,1.0,17.2,train,0.0,0.0,2.6947453
1300,ODH_charity_0616:row:1300,7524,C[C@@]1(C(=O)OCC=C)C(=O)Oc2ccc3ccccc3c12,ODH,10.9,1.0,10.9,train,0.0,0.0,6.246317
620,ODH_charity_0616:row:620,3608,COC(=O)[C@@H]1COc2ccc(Br)cc2O1,ODH,16.7,1.0,16.7,train,0.0,0.0,3.2621002
2823,ODH_charity_0616:row:2823,15649,CC(C)(C)OC(=O)N1OCC[C@@H]1Cc2cc(F)c(F)cc2F,ODH,13.908,0.5,6.954,train,0.0,0.0,6.821883
544,ODH_charity_0616:row:544,3245,Cc1ccc2[C@H](O)CCCCc2c1,ODH,11.7,1.0,11.7,train,0.0,0.0,2.6958408
3582,ODH_charity_0616:row:3582,19982,[O-][N+](=O)C[C@@H](c1ccccc1)c2ccccc2Cl,ODH,16.1,1.0,16.1,train,0.0,0.0,4.6244273
1907,ODH_charity_0616:row:1907,10616,COc1cccc2C[C@H](C)Nc12,ODH,13.9,1.0,13.9,train,0.0,0.0,2.7039096
1566,ODH_charity_0616:row:1566,8921,CC(C)[C@H]1C=Cc2ccccc2N1[S](C)(=O)=O,ODH,10.6,0.5,5.3,train,0.0,0.0,6.9300847
3680,ODH_charity_0616:row:3680,20451,COc1ccc2c(c1)N(Cc3cccc4ccccc34)C(=O)[C@@]2(O)[C@H](C=C)c5ccccc5,ODH,15.302,1.0,15.302,train,0.0,0.0,10.44561
3275,ODH_charity_0616:row:3275,18270,IC[C@@]1(CCCc2ccccc2)COc3ccccc13,ODH,20.4,0.5,10.2,train,0.0,0.0,4.6692514
2369,ODH_charity_0616:row:2369,13100,C=C[C@@H](C1CCCCC1)c2c[nH]c3ccccc23,ODH,19.0,1.0,19.0,train,0.0,0.0,4.1708255
3871,ODH_charity_0616:row:3871,21293,C[C@@](C/C=C/c1ccccc1F)(C=O)c2ccccc2,ODH,6.599,1.0,6.599,train,0.0,0.0,4.54009
854,ODH_charity_0616:row:854,4882,CCOC(=O)[C@@H]1N[S](=O)(=O)Oc2cc(OC)ccc12,ODH,13.7,1.0,13.7,train,0.0,0.0,5.3738484
2555,ODH_charity_0616:row:2555,14044,O[C@H]1CCCC[C@H]1Nc2ccc(Br)cc2,ODH,16.49,1.0,16.49,train,0.0,0.0,3.2353163
2274,ODH_charity_0616:row:2274,12547,CCOC(=O)C1=C(C)OC(=O)C[C@@H]1c2ccccc2,ODH,16.2,0.7,11.34,train,0.0,0.0,4.3721576
4291,ODH_charity_0616:row:4291,23123,ClC[C@H]1COc2ccccc2O1,ODH,8.2,1.0,8.2,train,0.0,0.0,2.417402
3808,ODH_charity_0616:row:3808,21081,CCCC[C@@H]1Cc2ccccc2[C@H](N1)c3ccccc3,ODH,5.4,0.7,3.78,train,0.0,0.0,5.2205644
3936,ODH_charity_0616:row:3936,21571,Fc1ccc(cc1)[C@@H]2CC(=O)N=C(S2)c3ccccc3,ODH,61.8,0.5,30.9,train,0.0,0.0,5.1168017
1979,ODH_charity_0616:row:1979,11024,O[C@H]/1CCC1=C/c2occc2,ODH,14.379,0.8,11.5032,train,0.0,0.0,2.0625126
596,ODH_charity_0616:row:596,3447,CCOC(=O)[C@](C[N+]([O-])=O)(O\N=C\c1ccc(OC)cc1)c2ccc(cc2)c3ccccc3,ODH,14.09,1.0,14.09,train,0.0,0.0,8.505267
1644,ODH_charity_0616:row:1644,9341,CCCC[C@H]1[C@H](C)c2ccccc2[S](=O)(=O)N1Cc3ccccc3,ODH,13.2,0.7,9.24,train,0.0,0.0,6.896437
1244,ODH_charity_0616:row:1244,7262,CC(C)(C)c1ccc(cc1)[C@H](\C=C\c2ccccc2)[P](=O)(c3ccccc3)c4ccccc4,ODH,8.921,1.0,8.921,train,0.0,0.0,15.542046
1525,ODH_charity_0616:row:1525,8619,COc1ccc(cc1)[C@@H]2Nc3ccccc3OC2=O,ODH,11.8,0.7,8.26,train,0.0,0.0,5.752458
2980,ODH_charity_0616:row:2980,16473,C[C@H]1C[C@H](c2ccccc2)C(C)(C)C1=O,ODH,22.06,1.0,22.06,train,0.0,0.0,6.54824
708,ODH_charity_0616:row:708,4083,FC(F)(F)C[C@@]1(CCCN1C(=O)Nc2cccc(c2)C(F)(F)F)c3ccccc3,ODH,19.04,0.5,9.52,train,0.0,0.0,8.484172
1166,ODH_charity_0616:row:1166,6929,O[C@H](C1CCCCC1)c2ccccc2,ODH,8.4,0.8,6.72,train,0.0,0.0,3.1754436
3576,ODH_charity_0616:row:3576,19958,C=C[C@H](c1ccccc1)c2c[nH]c3ccccc23,ODH,39.0,1.0,39.0,train,0.0,0.0,3.9565036
1458,ODH_charity_0616:row:1458,8373,O[C@@H]/1CCCC1=C/c2ccc3ccccc3c2,ODH,12.5,0.8,10.0,train,0.0,0.0,4.004988
3010,ODH_charity_0616:row:3010,16640,CCOC(=O)[C@H](CC(=O)c1ccc(OC)cc1)C(=C)C(C)=O,ODH,18.7,1.0,18.7,train,0.0,0.0,5.7935305
3809,ODH_charity_0616:row:3809,21095,CCOC(=O)[C@H]1[C@@H](O)CC[C@@H]1CCc2ccccc2,ODH,4.57,1.0,4.57,train,0.0,0.0,4.8791633
1554,ODH_charity_0616:row:1554,8820,C[C@@H]1Nc2ccccc2Oc3c(Cl)cccc13,ODH,13.0,0.7,9.1,train,0.0,0.0,4.0745144
2107,ODH_charity_0616:row:2107,11647,CC(C)(C)OC(=O)C[C@](N)(C\C=C\c1ccccc1)C(=O)OC(C)(C)C,ODH,10.2,0.5,5.1,train,0.0,0.0,13.697713
1058,ODH_charity_0616:row:1058,6188,O[C@H](C[N+]([O-])=O)c1ccc2ccccc2c1,ODH,43.653,0.8,34.9224,train,0.0,0.0,4.0779243
1220,ODH_charity_0616:row:1220,7160,COC(=O)[C@@H](Nc1ccc(Cl)cc1)c2ccccc2,ODH,10.523,0.8,8.4184,train,0.0,0.0,4.119347
2414,ODH_charity_0616:row:2414,13298,CC(C)(C)c1ccc(C[C@H]2Oc3ccccc3N(Cc4ccccc4)C2=O)cc1,ODH,17.3,0.5,8.65,train,0.0,0.0,13.281655
4866,ODH_charity_0616:row:4866,25360,CC(=C)[C@H]1CN(C(=C1)c2ccc(Br)cc2)[S](=O)(=O)c3ccc(C)cc3,ODH,9.59,0.8,7.672,train,0.0,0.0,8.353538
3704,ODH_charity_0616:row:3704,20582,COC(=O)C[C@@H](O)c1ccc(cc1)N(C)C,ODH,40.4,0.5,20.2,train,0.0,0.0,3.2711828
2100,ODH_charity_0616:row:2100,11582,C[C@@H](C(=O)OCc1ccccc1)c2c(C)n(C)c3ccccc23,ODH,16.2,0.7,11.34,train,0.0,0.0,8.358665
2340,ODH_charity_0616:row:2340,12966,C=C[C@H](CCc1ccccc1)C(C#N)C#N,ODH,16.846,1.0,16.846,train,0.0,0.0,3.8886318
3051,ODH_charity_0616:row:3051,16963,OC[C@H](O)c1cccc(Br)c1,ODH,24.5,0.8,19.6,train,0.0,0.25536537,2.3015227
3840,ODH_charity_0616:row:3840,21186,C=C[C@H](C1CCCCC1)C(Cc2ccccc2)(C#N)C#N,ODH,5.68,1.0,5.68,train,0.0,0.0,6.199544
709,ODH_charity_0616:row:709,4097,OC[C@@H]1[C@H](C[C@H]1c2cc(Br)cn2CC=C)c3ccc(cc3)C#N,ODH,22.9,1.0,22.9,train,0.0,0.0,6.649583
1217,ODH_charity_0616:row:1217,7157,COC(=O)[C@H]1Cc2c(O1)ccc3ccccc23,ODH,12.31,1.0,12.31,train,0.0,0.0,4.4519315
3046,ODH_charity_0616:row:3046,16926,Cc1ccc(cc1)C(=O)[C@@H](O)[C@H](C=C)c2ccccc2,ODH,26.3,0.5,13.15,train,0.0,0.0,4.714688
3505,ODH_charity_0616:row:3505,19499,Cc1ccc(cc1)[S](=O)(=O)N2C(=O)C[C@@H](C=C2c3ccccc3)c4ccc(Br)cc4,ODH,39.9,0.7,27.93,train,0.0,0.0,8.87452
228,ODH_charity_0616:row:228,1326,Fc1ccc(cc1)C(=O)[C@@]2(OCCC[C@@H]2Br)c3ccc(F)cc3,ODH,8.14,1.0,8.14,train,0.0,0.0,5.7664657
888,ODH_charity_0616:row:888,5039,Fc1ccc(cc1F)[C@H]2CCCC(=O)N2,ODH,19.9,0.8,15.92,train,0.0,0.0,3.3651636
3778,ODH_charity_0616:row:3778,20954,Cc1ccc2c(OC(=O)[C@]2(C)C(=O)OCC=C)c1,ODH,5.6,1.0,5.6,train,0.0,0.0,5.127892
2685,ODH_charity_0616:row:2685,14867,COc1ccc(cc1OC)[C@H](C[N+]([O-])=O)c2ccc(C)cc2,ODH,19.8,1.5,29.7,train,0.0,0.0,5.172664
602,ODH_charity_0616:row:602,3477,C[C@H]([C@H](CCO)c1ccccc1)[N+]([O-])=O,ODH,12.03,1.0,12.03,train,0.0,0.0,3.4318314
2354,ODH_charity_0616:row:2354,13017,O=C1N[C@H](c2ccccc2)c3ccccc3N1,ODH,16.9,1.0,16.9,train,0.0,0.0,4.4949846
3732,ODH_charity_0616:row:3732,20740,FC(F)(F)c1ccc(cc1)[C@H]2NCCNC2=O,ODH,46.7,1.0,46.7,train,0.0,0.0,3.8297496
2143,ODH_charity_0616:row:2143,11797,CCC[C@H](NCc1cccnc1)C(=C)CC,ODH,15.3,1.0,15.3,train,0.0,0.0,3.90762
529,ODH_charity_0616:row:529,3115,O[C@@H](C[N+]([O-])=O)c1cccc(Cl)c1,ODH,11.7,1.2,14.04,train,0.0,0.0,2.8031733
4472,ODH_charity_0616:row:4472,23882,CCC[C@@H](NCc1ccccc1)C=C,ODH,10.603,0.5,5.3015,train,0.0,0.14648695,2.7735
3103,ODH_charity_0616:row:3103,17251,COc1ccccc1C#CC[C@@]2(C)COc3ccccc23,ODH,27.7,0.5,13.85,train,0.0,0.0,4.821876
3223,ODH_charity_0616:row:3223,18068,CCC[C@@H](C=C)N(C)c1ccccc1,ODH,28.25,0.3,8.475,train,0.0,0.0,4.486118
759,ODH_charity_0616:row:759,4254,COC(=O)[C@H]1COc2cc(Cl)c(Cl)cc2O1,ODH,17.0,1.0,17.0,train,0.0,0.0,3.6530883
4161,ODH_charity_0616:row:4161,22496,C(Cc1ccccc1)[C@@H]2COc3ccccc3O2,ODH,6.95,1.0,6.95,train,0.0,0.0,4.015755
3605,ODH_charity_0616:row:3605,20056,CCc1cccc(\C=C\[C@H](C)C#Cc2ccc(cc2)C#N)c1,ODH,37.9,0.2,7.58,train,0.0,0.0,4.7186246
2287,ODH_charity_0616:row:2287,12638,O=[S]1(=O)N2[C@H]3CCCC[C@H]3[C@H]([C@@H]2c4ccccc14)c5ccccc5,ODH,18.81,0.5,9.405,train,0.0,0.0,9.805674
4769,ODH_charity_0616:row:4769,25008,Fc1ccc(cc1F)C2=C(C[C@@H](O2)C=C)C#N,ODH,9.951,1.0,9.951,train,0.0,0.0,3.7421305
2076,ODH_charity_0616:row:2076,11498,CC(C)(C)OC(=O)[C@](N)(CC=C)C\C=C\c1ccccc1,ODH,5.7,1.0,5.7,train,0.0,0.0,8.517968
290,ODH_charity_0616:row:290,1642,CC(C)OC(=O)[C@H](CC=O)Cc1ccc(Br)cc1,ODH,12.6,1.0,12.6,train,0.0,0.0,3.5429974
345,ODH_charity_0616:row:345,1910,CC(C)(O)C[C@@H]1CCc2ccccc2N1,ODH,9.0,1.0,9.0,train,0.0,0.0,3.8709106
1640,ODH_charity_0616:row:1640,9305,O[C@H](C1=CC=CC=C1)CCN(C)C,ODH,8.61,1.0,8.61,train,0.0,0.0,2.9100125
1936,ODH_charity_0616:row:1936,10743,C=CCC[S@@](=O)c1ccccc1,ODH,14.079,1.0,14.079,train,0.0,0.28535637,2.5040526
2499,ODH_charity_0616:row:2499,13809,C[C@H]1N[S](=O)(=O)c2ccccc12,ODH,18.1,0.8,14.48,train,0.0,0.0,3.9435413
2781,ODH_charity_0616:row:2781,15400,O[C@@H]([C@H](C=C)c1ccc(Cl)cc1)C(=O)c2ccccc2,ODH,16.5,0.5,8.25,train,0.0,0.0,4.751119
367,ODH_charity_0616:row:367,2005,CC[C@H]1Cc2ccccc2N1,ODH,9.5,0.8,7.6,train,0.0,0.0,2.4178245
1318,ODH_charity_0616:row:1318,7621,COc1ccc(cc1)[C@@H]([C@H](C)O)N2CCCC2,ODH,10.99,1.0,10.99,train,0.0,0.0,3.7436066
1543,ODH_charity_0616:row:1543,8750,FC(F)(F)[C@@]1(CC(=C)C(=O)OCc2ccccc2)C=C(c3ccccc3)c4ccccc14,ODH,11.93,0.5,5.965,train,0.0,0.0,8.702249
2096,ODH_charity_0616:row:2096,11576,COC(=O)[C@H](CNC(=O)OC(C)(C)C)Cc1ccccc1,ODH,13.9,0.5,6.95,train,0.0,0.0,5.570599
3686,ODH_charity_0616:row:3686,20505,Cc1ccc(cc1)[S](=O)(=O)N2C(=O)[C@@H]([C@H](C=C2c3cccnc3)c4ccccc4)c5ccccc5,ODH,25.6,0.75,19.2,train,0.0,0.0,11.886883
2117,ODH_charity_0616:row:2117,11677,CC[C@H]1Nc2ccccc2OC1=O,ODH,18.7,0.7,13.09,train,0.0,0.0,2.9207168
2253,ODH_charity_0616:row:2253,12408,CN(CC[C@@H](O)c1ccc(Cl)cc1)Cc2ccccc2,ODH,21.47,0.6,12.882,train,0.0,0.0,4.091653
2664,ODH_charity_0616:row:2664,14659,O[C@@H](C[C@H](O)c1ccccc1)c2ccccc2,ODH,16.8,1.0,16.8,train,0.0,0.0,4.115146
2822,ODH_charity_0616:row:2822,15640,C[C@@H]1Nc2ccccc2C[C@H]1N3C(=O)c4ccccc4C3=O,ODH,21.3,0.7,14.91,train,0.0,0.0,7.787942
4331,ODH_charity_0616:row:4331,23297,COC(=O)[C@@H](O)c1ccc(Br)cc1,ODH,7.65,2.0,15.3,train,0.0,0.0,2.6673055
2903,ODH_charity_0616:row:2903,16006,Cc1ccc(cc1)[S](=O)(=O)N2C(=O)[C@@H]([C@H](C=C2c3ccccc3)c4sccc4)c5ccccc5,ODH,15.8,0.75,11.85,train,0.0,0.0,11.732984
3079,ODH_charity_0616:row:3079,17127,COc1ccc(cc1)C(=O)N[C@@](C)(C(=O)NCCO)C(=O)OCc2ccccc2,ODH,25.0,0.7,17.5,train,0.0,0.0,7.310641
4293,ODH_charity_0616:row:4293,23133,CCC[C@@H](Nc1ccccc1)C=C,ODH,8.51,1.0,8.51,train,0.0,0.0,2.631524
2104,ODH_charity_0616:row:2104,11614,BrC[C@@H]1CC(CN1[S](=O)(=O)c2ccccc2)(c3ccccc3)c4ccccc4,ODH,10.06,1.0,10.06,train,0.0,0.0,8.489753
3891,ODH_charity_0616:row:3891,21350,Clc1ccc(cc1)[C@@H]2NCCNC2=O,ODH,42.1,1.0,42.1,train,0.0,0.0,3.0741541
2726,ODH_charity_0616:row:2726,15040,Brc1ccc(cc1)[C@@H]2CCc3ccccc3N2,ODH,11.52,1.0,11.52,train,0.0,0.0,3.9264748
2322,ODH_charity_0616:row:2322,12870,N#C[C@]1(CCc2cc(cnc12)c3ccccc3)Cc4ccccc4,ODH,19.103,1.0,19.103,train,0.0,0.0,6.7118654
507,ODH_charity_0616:row:507,2976,C[C@@H]1Nc2ccc(Br)cc2N(C)C1=O,ODH,14.5,1.0,14.5,train,0.0,0.0,4.3025823
965,ODH_charity_0616:row:965,5547,COc1cccc(c1)[C@@H](O)CC[N+]([O-])=O,ODH,26.4,1.0,26.4,train,0.0,0.0,3.1134217
786,ODH_charity_0616:row:786,4537,N[C@@H](c1ccccc1)c2ccccc2O,ODH,12.69,0.7,8.883,train,0.0,0.0,4.3230095
1816,ODH_charity_0616:row:1816,10185,CC(C)CC[C@H]1Nc2ccccc2C[C@H]1N3C(=O)c4ccccc4C3=O,ODH,15.3,0.6,9.18,train,0.0,0.0,10.850469
1198,ODH_charity_0616:row:1198,7086,CCC[C@@H](NCc1sccc1)C=C,ODH,11.237,0.5,5.6185,train,0.0,0.11949803,2.5742874
3310,ODH_charity_0616:row:3310,18443,O[C@H](C(O)=O)c1ccccc1,ODH,14.55,0.8,11.64,train,0.0,0.050522394,2.2288513
564,ODH_charity_0616:row:564,3299,Oc1cccc(c1)[C@@H]2CCc3ccccc3N2,ODH,15.5,1.2,18.6,train,0.0,0.0,4.157201
959,ODH_charity_0616:row:959,5395,Cc1ccccc1NC[C@@H]2CCc3ccccc3N2,ODH,26.2,1.0,26.2,train,0.0,0.0,4.3057637
3651,ODH_charity_0616:row:3651,20277,Cc1ccc(cc1)[C@@]2(CC(=CC(=O)O2)c3ccccc3)C(F)(F)F,ODH,40.2,0.75,30.15,train,0.0,0.0,6.7986617
2741,ODH_charity_0616:row:2741,15142,O[C@@H]([C@@H](C=C)c1ccc(Br)cc1)C(=O)c2ccccc2,ODH,15.0,0.5,7.5,train,0.0,0.0,4.7374625
4112,ODH_charity_0616:row:4112,22319,COc1ccc(N[C@H](C#CC(F)(F)C(F)(F)C(F)(F)F)c2ccccc2)cc1,ODH,6.7,0.8,5.36,train,0.0,0.0,7.4380417
1005,ODH_charity_0616:row:1005,5852,CC(C)[C@@H]1CCc2ccccc2N1,ODH,18.4,0.5,9.2,train,0.0,0.0,3.9587123
3312,ODH_charity_0616:row:3312,18453,OC[C@@H](O)c1ccccc1Cl,ODH,25.5,1.0,25.5,train,0.0,0.23461306,2.3228376
4651,ODH_charity_0616:row:4651,24511,O=S1(N[C@@H](P(OC(C)C)(OC(C)C)=O)C2=CC=CC=C21)=O,ODH,10.2,0.8,8.16,train,0.0,0.0,9.779294
4485,ODH_charity_0616:row:4485,23920,CC(C)[C@]1(COc2ccccc12)CC3=CCCC3,ODH,8.2,0.5,4.1,train,0.0,0.0,6.6459475
3995,ODH_charity_0616:row:3995,21854,CCC(COC(=O)[C@@H](NC(=O)c1ccc(cc1)C(C)(C)C)c2ccccc2)(c3ccccc3)c4ccccc4,ODH,6.1,1.0,6.1,train,0.0,0.0,18.066898
255,ODH_charity_0616:row:255,1450,NC(=O)[C@@H]1COc2ccccc2O1,ODH,9.7,1.0,9.7,train,0.0,0.0,3.0835311
3374,ODH_charity_0616:row:3374,18761,CN1C(=O)[C@@]2(OC(=O)c3cccc4ccn2c34)c5ccccc15,ODH,30.9,0.8,24.72,train,0.0,0.0,9.017321
2360,ODH_charity_0616:row:2360,13033,C[C@H](O)c1ccc(Cl)cc1,ODH,16.91,1.0,16.91,train,0.0,0.06090935,1.9224904
957,ODH_charity_0616:row:957,5377,CC(=O)C[C@H]1CCCCN1C(=O)OCc2ccccc2,ODH,30.4,0.5,15.2,train,0.0,0.0,3.8602521
4516,ODH_charity_0616:row:4516,24038,CCC[C@H](C=C)c1n2cc(Br)ccc2cc1c3ccccc3,ODH,7.379,1.0,7.379,train,0.0,0.0,6.406123
3320,ODH_charity_0616:row:3320,18504,CN1CCc2ccccc2[C@@H]1c3ccc(Cl)cc3,ODH,3.7,1.0,3.7,train,0.0,0.0,5.243763
4765,ODH_charity_0616:row:4765,24986,CC(C)(Cc1ccccc1)[C@@H](O)c2ccccc2,ODH,7.8,0.8,6.24,train,0.0,0.0,5.934555
3782,ODH_charity_0616:row:3782,20987,CCC[C@H](c1ccccc1)c2cc(cc(c2)c3ccccc3)c4ccccc4,ODH,4.68,1.0,4.68,train,0.0,0.0,6.610276
3728,ODH_charity_0616:row:3728,20702,Fc1cccc(c1)[C@H](Nc2ccccc2)C(=O)c3cccc(F)c3,ODH,45.97,1.0,45.97,train,0.0,0.0,6.0365443
1573,ODH_charity_0616:row:1573,8940,COc1ccc(cc1)n2c(C)cc([C@@H](C(=O)OCc3ccccc3)c4ccccc4)c2C,ODH,12.1,0.7,8.47,train,0.0,0.0,8.895636
4563,ODH_charity_0616:row:4563,24214,CCc1oc(c2ccccc2)c3[C@@H]4COCCN4c5ccccc5Cc13,ODH,11.0,0.6,6.6,train,0.0,0.0,7.3858547
1674,ODH_charity_0616:row:1674,9442,NC1=C(C#N)[C@H](\C=C\c2ccccc2)c3cc4OCOc4cc3O1,ODH,12.6,0.7,8.82,train,0.0,0.0,7.9437876
4609,ODH_charity_0616:row:4609,24396,CC(C)Cc1ccc(cc1)C(=O)C(=[N+]=[N-])[C@@H](N)C(F)(F)F,ODH,6.958,1.0,6.958,train,0.0,0.0,5.339186
4167,ODH_charity_0616:row:4167,22526,CCOC(=O)[C@@]1(N[S](=O)(=O)c2ccccc12)C#Cc3sccc3,ODH,68.2,0.5,34.1,train,0.0,0.0,7.2062287
2416,ODH_charity_0616:row:2416,13302,O[C@H](COC(=O)c1ccccc1)c2ccccc2,ODH,17.3,0.8,13.84,train,0.0,0.028565625,3.8667881
4860,ODH_charity_0616:row:4860,25321,COC(=O)[C@@]1(CCCC1=O)[C@H](C[N+]([O-])=O)c2cccc(C)c2,ODH,13.26,1.0,13.26,train,0.0,0.0,5.9046025
1688,ODH_charity_0616:row:1688,9550,C1[C@H](Nc2ccccc12)c3ccccc3,ODH,21.3,1.0,21.3,train,0.0,0.0,3.8097084
2656,ODH_charity_0616:row:2656,14617,CN(C[C@@H](CSc1oc2ccccc2n1)C#N)C(c3ccccc3)c4ccccc4,ODH,10.9,1.0,10.9,train,0.0,0.0,7.3929067
1484,ODH_charity_0616:row:1484,8431,CC(=O)N[C@H](Cc1ccccc1)C(O)=O,ODH,9.2,0.8,7.36,train,0.0,0.0,2.9821389
1888,ODH_charity_0616:row:1888,10532,FC(F)(F)[C@]1(OC(=O)c2cccc3ccn1c23)c4ccc5ccccc5c4,ODH,16.0,0.5,8.0,train,0.0,0.0,8.237274
4663,ODH_charity_0616:row:4663,24540,CCCCC[C@H](C=C)n1ccc2cc(ccc12)C#Cc3ccccc3,ODH,7.9,1.0,7.9,train,0.0,0.0,6.326533
1867,ODH_charity_0616:row:1867,10423,Oc1ccccc1[C@H](OC2CCC2)c3ccccc3,ODH,14.7,0.5,7.35,train,0.0,0.0,4.1590886
749,ODH_charity_0616:row:749,4228,CCOC(=O)C[C@@H](Sc1ccccc1C)c2ccccc2,ODH,11.2,1.0,11.2,train,0.0,0.0,4.1978173
1776,ODH_charity_0616:row:1776,9979,CN(CC[C@@H](O)c1ccccc1)Cc2ccccc2,ODH,14.52,0.8,11.616,train,0.0,0.0,3.9241712
1633,ODH_charity_0616:row:1633,9285,N[C@H](C(=[N+]=[N-])C(=O)c1ccc(cc1)C(F)(F)F)C(F)(F)F,ODH,10.544,1.0,10.544,train,0.0,0.0,5.2461076
3123,ODH_charity_0616:row:3123,17399,CCOC(=O)[C@]1(N[S](=O)(=O)c2ccccc12)C#Cc3ccc(cc3)C(F)(F)F,ODH,25.8,0.5,12.9,train,0.0,0.0,8.740358
737,ODH_charity_0616:row:737,4190,COc1ccc2CC[C@H](O)c2c1,ODH,19.6,1.0,19.6,train,0.0,0.0,2.520636
4737,ODH_charity_0616:row:4737,24857,CCCCCC(=O)O\C(c1ccccc1)=C\2[C@H]([C@H](CCC)C=C2c3ccccc3)c4cccc(Br)c4,ODH,10.6,0.7,7.42,train,0.0,0.0,9.009292
3006,ODH_charity_0616:row:3006,16591,COC(=O)CCNC(=O)[C@@](Cc1ccccc1)(NC(=O)c2ccccc2)C(=O)OCc3ccccc3,ODH,35.2,1.0,35.2,train,0.0,0.0,8.848605
2066,ODH_charity_0616:row:2066,11466,O[C@H]([C@H](C=C)c1ccccc1)C(=O)c2ccccc2,ODH,17.8,0.5,8.9,train,0.0,0.0,4.6265225
4942,ODH_charity_0616:row:4942,25687,C[C@](C\C=C\C=C\c1cscc1)(C=O)c2ccccc2,ODH,9.823,1.0,9.823,train,0.0,0.0,3.9765215
3353,ODH_charity_0616:row:3353,18640,O[C@@H]([C@H](C=C)c1ccc(Br)cc1)C(=O)c2ccccc2,ODH,17.2,0.5,8.6,train,0.0,0.0,4.8779774
252,ODH_charity_0616:row:252,1447,CC(C)(NC(=O)C[C@@H]1CCOc2ccccc12)c3ccccn3,ODH,10.9,0.8,8.72,train,0.0,0.0,6.9361753
3117,ODH_charity_0616:row:3117,17377,CC(=C)[C@H]1CN(C(=C1)c2ccc(cc2)C(C)=O)[S](=O)(=O)c3ccc(C)cc3,ODH,25.71,0.8,20.568,train,0.0,0.0,9.077112
392,ODH_charity_0616:row:392,2145,O=CC[C@H](Cc1ccccc1)C(=O)N2CCOCC2,ODH,14.9,1.0,14.9,train,0.0,0.0,3.9107134
2463,ODH_charity_0616:row:2463,13607,COC(=O)[C@@H](F)CC#Cc1ccccc1,ODH,17.8,1.0,17.8,train,0.0,0.10194346,2.5315263
4433,ODH_charity_0616:row:4433,23726,CC[C@@H](N[S](=O)(=O)C(C)(C)C)c1ccccc1,ODH,6.6,1.0,6.6,train,0.0,0.0,6.151018
3812,ODH_charity_0616:row:3812,21100,COc1ccc(cc1)[C@H]2CC3=C([C@@H]4[C@H]2C(=O)c5ccccc5C4=O)c6ccccc6[Si](C)(C)O3,ODH,6.43,1.0,6.43,train,0.0,0.0,15.719296
3996,ODH_charity_0616:row:3996,21855,CC(C)OC(=O)[C@H](Oc1ccccc1)c2ccccc2,ODH,7.1,1.0,7.1,train,0.0,0.0,4.956995
1529,ODH_charity_0616:row:1529,8669,Cc1ccc(cc1)[C@@H](O)C(O)=O,ODH,11.86,0.8,9.488,train,0.0,0.0,2.3977804
4402,ODH_charity_0616:row:4402,23634,C[C@H](COC=O)c1ccc(cc1)C(F)(F)F,ODH,75.4,0.5,37.7,train,0.0,0.0,3.024129
2995,ODH_charity_0616:row:2995,16542,CCOC(=O)/C=C/[C@@H](CC)N1C[C@H](OC1=O)c2ccccc2,ODH,20.5,0.8,16.4,train,0.0,0.0,5.0151124
3287,ODH_charity_0616:row:3287,18329,COC(=O)c1ccc(cc1)[C@](C)(CO)c2cccc(OC)c2,ODH,35.22,0.6,21.132,train,0.0,0.0,5.6194344
1673,ODH_charity_0616:row:1673,9441,NC1=C(C#N)[C@@H](\C=C\c2ccccc2)c3cc4OCOc4cc3O1,ODH,13.8,0.7,9.66,train,0.0,0.0,7.899519
3526,ODH_charity_0616:row:3526,19614,O=C([C@@](C1=CC=CC(F)=C12)(C#CC3=CC=CC=C3)NS2(=O)=O)OCC,ODH,36.1,0.5,18.05,train,0.0,0.0,7.4889255
1613,ODH_charity_0616:row:1613,9157,COc1cccc(c1)[C@@H]([C@H](C)O)N2CCCC2,ODH,12.31,1.0,12.31,train,0.0,0.0,3.627658
4588,ODH_charity_0616:row:4588,24314,COc1ccc(O[C@@H](C(=O)OCc2ccccc2)c3ccccc3)cc1,ODH,8.6,1.0,8.6,train,0.0,0.0,5.9273977
3455,ODH_charity_0616:row:3455,19178,C[C@]1(COc2ccccc12)CC#Cc3ccc(C=O)cc3,ODH,32.9,0.5,16.45,train,0.0,0.0,4.549651
2637,ODH_charity_0616:row:2637,14486,COc1ccc2N(C(=O)C(c3ccccc3)c4ccccc4)C(=O)[C@](C)(C(=O)OCC=C)c2c1,ODH,25.9,0.8,20.72,train,0.0,0.0,9.79807
1981,ODH_charity_0616:row:1981,11032,Fc1ccc(cc1)[C@H]2CCc3ccccc3N2,ODH,14.38,1.0,14.38,train,0.0,0.0,3.8713472
1786,ODH_charity_0616:row:1786,9999,CC(C)(C)OC(=O)[C@](C)(N)C\C=C\c1cccc(Cl)c1,ODH,13.2,0.5,6.6,train,0.0,0.0,8.306799
3078,ODH_charity_0616:row:3078,17126,COc1ccc(cc1)C(=O)N[C@](C)(C(=O)NCCO)C(=O)OCc2ccccc2,ODH,19.0,0.7,13.3,train,0.0,0.0,7.3134055
1759,ODH_charity_0616:row:1759,9857,Cc1ccc(cc1)[C@H]2CNc3ccccc3N2,ODH,13.0,0.6,7.8,train,0.0,0.0,5.8071313
1889,ODH_charity_0616:row:1889,10533,FC(F)(F)[C@@]1(OC(=O)c2cccc3ccn1c23)c4ccc5ccccc5c4,ODH,13.8,0.5,6.9,train,0.0,0.0,8.236785
4145,ODH_charity_0616:row:4145,22423,CCC[C@H](NCCc1ccccc1)C(=C)CC,ODH,6.88,1.0,6.88,train,0.0,0.0,4.8006024
1704,ODH_charity_0616:row:1704,9612,Clc1ccc(cc1)[C@]2(CCCCC2=C)c3ccccc3,ODH,11.5,0.5,5.75,train,0.0,0.0,5.7320933
4385,ODH_charity_0616:row:4385,23540,CCOC(=O)[C@@H](c1ccccc1)c2cc(C)n(Cc3ccccc3)c2C,ODH,7.9,0.7,5.53,train,0.0,0.0,9.388395
1090,ODH_charity_0616:row:1090,6431,CC(C)OC(=O)[C@@]1(CC(=NN1)C(=O)N2CCOC2=O)c3ccc(Br)cc3,ODH,51.737,0.5,25.8685,train,0.0,0.0,7.803036
3672,ODH_charity_0616:row:3672,20403,C[C@@]1(COc2ccccc12)CC#Cc3cccc(Cl)c3,ODH,43.9,0.5,21.95,train,0.0,0.0,4.3968353
1756,ODH_charity_0616:row:1756,9851,Oc1ccccc1[C@H](OCCC#C)c2ccccc2,ODH,16.8,1.0,16.8,train,0.0,0.025015036,3.8335764
1190,ODH_charity_0616:row:1190,7061,O[C@]1([C@H](C=C)c2ccccc2)C(=O)N(Cc3ccccc3F)c4ccccc14,ODH,8.25,1.0,8.25,train,0.0,0.0,8.686531
1597,ODH_charity_0616:row:1597,9070,CC(=C)[C@@H](CN[S](=O)(=O)c1ccc(C)cc1)CC(=O)c2ccc(C)cc2,ODH,26.41,0.5,13.205,train,0.0,0.0,8.536539
1559,ODH_charity_0616:row:1559,8876,O[C@@]1([C@H](C=C)c2ccccc2)C(=O)N(Cc3ccccc3)c4ccccc14,ODH,12.02,1.0,12.02,train,0.0,0.0,8.35053
2019,ODH_charity_0616:row:2019,11277,CC[C@@H]1NCCc2cc(OC)c(OC)cc12,ODH,10.29,1.0,10.29,train,0.0,0.0,4.7142725
28,ODH_charity_0616:row:28,211,CCCCC[C@@H](CC=O)C(=O)OCC,ODH,6.0,1.0,6.0,train,0.0,0.0,2.2585354
2820,ODH_charity_0616:row:2820,15609,Cc1ccc(cc1)[S](=O)(=O)N2C[C@H]3C=CCN(C(=C3C2)c4ccc(Cl)cc4)[S](=O)(=O)c5ccc(C)cc5,ODH,21.27,0.8,17.016,train,0.0,0.0,12.632545
1233,ODH_charity_0616:row:1233,7233,O[C@@H]1[C@@H]2O[C@@H]2C(=O)c3cc(Cc4ccccc4)c(Cc5ccccc5)cc13,ODH,16.7,0.8,13.36,train,0.0,0.0,8.740375
1735,ODH_charity_0616:row:1735,9742,COc1ccc(N2[C@H](COC2=O)C=C)c(OC)c1,ODH,19.7,1.0,19.7,train,0.0,0.0,5.402126
4431,ODH_charity_0616:row:4431,23722,C1CCC(CC1)[C@H]2Cc3ccccc3N2,ODH,11.9,0.8,9.52,train,0.0,0.0,3.6989582
4627,ODH_charity_0616:row:4627,24429,CC(C)(C)[C@@]1(COc2ccccc12)CC3=CCCC3,ODH,7.4,0.75,5.55,train,0.0,0.0,10.852559
4891,ODH_charity_0616:row:4891,25486,Cc1cc([C@H](C(=O)OCc2ccccc2)c3ccccc3)c(C)n1Cc4ccccc4,ODH,10.9,0.7,7.63,train,0.0,0.0,9.7962
2094,ODH_charity_0616:row:2094,11574,O=COC[C@H](C1=C2C=CC=CC2=CC=C1)C,ODH,13.9,0.5,6.95,train,0.0,0.0,3.3986392
2289,ODH_charity_0616:row:2289,12643,C[C@@H](O)[C@H](N1CCN(C)CC1)c2ccccc2,ODH,16.33,1.0,16.33,train,0.0,0.0,3.897893
3500,ODH_charity_0616:row:3500,19423,O=C1[C@@H](Cc2ccc3ccccc3c2)Oc4ccccc4N1Cc5ccccc5,ODH,34.7,0.5,17.35,train,0.0,0.0,7.1559057
4511,ODH_charity_0616:row:4511,24009,CCc1ccc(C[C@@H](B2OC(C)(C)C(C)(C)O2)N3CCOC3=O)cc1,ODH,8.3,1.0,8.3,train,0.0,0.0,12.565469
482,ODH_charity_0616:row:482,2715,C[C@H](C#Cc1ccccc1)c2ccccc2,ODH,13.6,1.0,13.6,train,0.0,0.0,3.2924483
1416,ODH_charity_0616:row:1416,8147,Cc1ccc2OC[C@](C)(CC#Cc3ccccc3)c2c1,ODH,12.1,0.5,6.05,train,0.0,0.0,5.0935965
1417,ODH_charity_0616:row:1417,8148,Cc1ccc2OC[C@@](C)(CC#Cc3ccccc3)c2c1,ODH,11.4,0.5,5.7,train,0.0,0.0,5.114181
999,ODH_charity_0616:row:999,5797,CCOC(=O)C[C@@H](Sc1cccc(C)c1)c2ccccc2,ODH,17.0,1.0,17.0,train,0.0,0.0,4.100144
4260,ODH_charity_0616:row:4260,22980,CCCC[C@H]1NCc2ccccc2[C@H]1F,ODH,8.9,0.8,7.12,train,0.0,0.0,3.7463999
3101,ODH_charity_0616:row:3101,17247,C[C@H](COC=O)c1ccccc1C,ODH,26.5,0.5,13.25,train,0.0,0.0,2.2625487
3082,ODH_charity_0616:row:3082,17170,O=C1[C@H](Cc2cscc2)Oc3ccccc3N1Cc4ccccc4,ODH,21.2,0.5,10.6,train,0.0,0.0,5.734553
215,ODH_charity_0616:row:215,1232,Cc1ccc(cc1)C(=O)[C@@]2(OCCC[C@@H]2Cl)c3ccc(C)cc3,ODH,8.1,1.0,8.1,train,0.0,0.0,6.2460904
2154,ODH_charity_0616:row:2154,11857,COC(=O)[C@H](O)c1ccc(Cl)cc1,ODH,13.28,1.0,13.28,train,0.0,0.0,2.6277523
1371,ODH_charity_0616:row:1371,7889,CC(=O)SC[C@H]1COC2(CCC2)c3ccccc3O1,ODH,11.2,1.0,11.2,train,0.0,0.0,4.3024817
21,ODH_charity_0616:row:21,188,C[C@@H]1CCc2cc(F)ccc2N1,ODH,5.2,1.0,5.2,train,0.0,0.0,2.6319451
3543,ODH_charity_0616:row:3543,19732,CC(=O)C1=C(C)OC(=O)C[C@H]1c2ccc(Br)cc2,ODH,37.1,0.7,25.97,train,0.0,0.0,4.228807
3628,ODH_charity_0616:row:3628,20190,CC(C)C[C@](N)([C@@H](C)\C=C\c1ccccc1)C(=O)OC(C)(C)C,ODH,4.2,1.0,4.2,train,0.0,0.0,14.456168
1635,ODH_charity_0616:row:1635,9287,CC(C)[C@H]1[C@@H](N1[S](=O)(=O)c2ccc(C)cc2)C(C)=O,ODH,13.51,0.8,10.808,train,0.0,0.0,8.35348
1978,ODH_charity_0616:row:1978,11023,O[C@@H]/1CCC1=C/c2occc2,ODH,12.42,0.8,9.936,train,0.0,0.0,2.0402179
4204,ODH_charity_0616:row:4204,22744,CCOC(=O)N[C@@H](C[C@](C)(NC(C)=O)c1ccccc1)c2ccccc2,ODH,7.05,1.0,7.05,train,0.0,0.0,6.3999753
2435,ODH_charity_0616:row:2435,13405,COC(=O)[C@H]1Cc2ccc(Br)cc2CO1,ODH,13.38,1.0,13.38,train,0.0,0.0,3.3125076
1715,ODH_charity_0616:row:1715,9655,CCCC[C@H]1Nc2ccc(OC)cc2C[C@H]1N3C(=O)c4ccccc4C3=O,ODH,24.2,0.7,16.94,train,0.0,0.0,9.246355
4597,ODH_charity_0616:row:4597,24332,C[C@@H](N[S](=O)(=O)C(C)(C)C)c1ccccc1F,ODH,7.4,1.0,7.4,train,0.0,0.0,6.365989
1692,ODH_charity_0616:row:1692,9580,CC[C@@H](C#Cc1cccc(Br)c1)c2ccccc2,ODH,13.61,0.7,9.527,train,0.0,0.0,3.7879496
4285,ODH_charity_0616:row:4285,23074,CCOC(=O)[C@@H](C)Oc1ccc2ccccc2c1,ODH,6.69,1.0,6.69,train,0.0,0.0,4.114521
4794,ODH_charity_0616:row:4794,25094,CC1(C)OB(OC1(C)C)[C@H](Cc2ccc(Cl)cc2)N3CCOC3=O,ODH,9.3,1.0,9.3,train,0.0,0.0,13.130707
4021,ODH_charity_0616:row:4021,21999,CC(C)OC(=O)[C@H](c1ccccc1)c2cc(C)n(Cc3ccccc3)c2C,ODH,7.0,0.7,4.9,train,0.0,0.0,13.147518
73,ODH_charity_0616:row:73,443,C1Cc2ccccc2N[C@@H]1Cc3ccccc3,ODH,6.4,0.8,5.12,train,0.0,0.0,4.36534
3556,ODH_charity_0616:row:3556,19800,O=C1[C@H](Cc2ccccc2)Oc3ccccc3N1c4ccccc4,ODH,28.2,0.5,14.1,train,0.0,0.0,6.0601687
297,ODH_charity_0616:row:297,1673,CC[C@H](C#Cc1cccc(Cl)c1)c2ccccc2,ODH,10.43,1.0,10.43,train,0.0,0.0,3.7769065
3135,ODH_charity_0616:row:3135,17545,Cc1ccc(cc1)N2N=C(C)[C@@](C\C=C\C=N\N3C(=O)c4ccccc4C3=O)(Cc5ccc(Cl)cc5)C2=O,ODH,29.386,1.0,29.386,train,0.0,0.0,12.955526
3142,ODH_charity_0616:row:3142,17591,Oc1ccc(F)cc1C2=N[C@@H](Cc3ccccc3C2=O)c4ccccc4,ODH,29.0,0.7,20.3,train,0.0,0.0,6.9848685
4674,ODH_charity_0616:row:4674,24576,Cc1cccc(c1)[C@H]2CCc3ccccc3N2,ODH,8.86,1.0,8.86,train,0.0,0.0,3.9199686
512,ODH_charity_0616:row:512,2989,C[C@H]1Cc2cc(Cl)ccc2N1,ODH,8.1,0.8,6.48,train,0.0,0.0,2.4062366
617,ODH_charity_0616:row:617,3599,CCCCCC(=O)C[C@@H]1CCCCN1C(=O)OCc2ccccc2,ODH,16.7,0.5,8.35,train,0.0,0.0,4.733125
3648,ODH_charity_0616:row:3648,20271,COCN1C(=O)[C@@](COC(=O)OC(C)(C)C)(CC=C)c2ccccc12,ODH,7.0,0.8,5.6,train,0.0,0.0,10.21752
4941,ODH_charity_0616:row:4941,25686,C[C@@](C\C=C\C=C\c1cscc1)(C=O)c2ccccc2,ODH,11.714,1.0,11.714,train,0.0,0.0,3.9893582
1219,ODH_charity_0616:row:1219,7159,COC(=O)[C@H](Nc1ccc(Cl)cc1)c2ccccc2,ODH,9.299,0.8,7.4392,train,0.0,0.0,4.131364
3496,ODH_charity_0616:row:3496,19390,C1Cc2ccccc2N[C@H]1c3ccc4ccccc4c3,ODH,34.5,0.6,20.7,train,0.0,0.0,5.171377
3433,ODH_charity_0616:row:3433,19087,O[C@@H](C(=O)c1ccc2OCOc2c1)c3ccc4OCOc4c3,ODH,35.04,1.0,35.04,train,0.0,0.0,6.671192
1493,ODH_charity_0616:row:1493,8460,C=C[C@@H](NC(=O)c1ccccc1)c2ccccc2,ODH,11.653,1.0,11.653,train,0.0,0.0,3.811796
3567,ODH_charity_0616:row:3567,19880,FC(F)(F)[C@@]1(CC(=CC(=O)O1)c2ccc(Br)cc2)c3ccccc3,ODH,29.1,0.75,21.825,train,0.0,0.0,6.5157437
3114,ODH_charity_0616:row:3114,17340,Fc1ccc(C[C@H]2Oc3ccccc3N(Cc4ccccc4)C2=O)cc1,ODH,25.6,0.5,12.8,train,0.0,0.0,6.6188145
3409,ODH_charity_0616:row:3409,18908,O[C@H]1CCCC[C@H]1Nc2ccccn2,ODH,24.83,1.0,24.83,train,0.0,0.0,2.7485707
143,ODH_charity_0616:row:143,838,CCCC[C@H](F)C(=O)c1nccn1c2ccccc2,ODH,9.4,1.0,9.4,train,0.0,0.0,4.231983
2599,ODH_charity_0616:row:2599,14190,C=C[C@H](C1CCCCC1)c2n3ccccc3cc2c4ccccc4,ODH,18.7,1.0,18.7,train,0.0,0.0,6.401334
2757,ODH_charity_0616:row:2757,15251,O[C@@H]([C@H](C=C)c1ccc(F)cc1)C(=O)c2ccccc2,ODH,16.2,0.5,8.1,train,0.0,0.0,4.8248386
1761,ODH_charity_0616:row:1761,9880,CC(C)(C)c1ccc(cc1)C(=O)N[C@H](C(=O)OCC(c2ccccc2)c3ccccc3)c4ccccc4,ODH,13.01,1.0,13.01,train,0.0,0.0,16.042004
3234,ODH_charity_0616:row:3234,18107,O[C@@H]([C@H](C=C)c1ccc(cc1)C(F)(F)F)C(=O)c2ccccc2,ODH,15.5,0.5,7.75,train,0.0,0.0,5.5604296
3369,ODH_charity_0616:row:3369,18740,CCCCC[C@H](C=C)c1c[nH]c2cc(OC)ccc12,ODH,28.6,1.0,28.6,train,0.0,0.0,4.4253316
2451,ODH_charity_0616:row:2451,13518,CC[C@H](C#Cc1cscc1)c2ccccc2,ODH,17.63,0.7,12.341,train,0.0,0.0,3.2976544
1818,ODH_charity_0616:row:1818,10191,Clc1cc(Cl)cc(\C=C\[C@H]2COC(=O)[C@]23CCC(=N3)c4ccccc4)c1,ODH,16.6,1.0,16.6,train,0.0,0.0,6.8574424
3980,ODH_charity_0616:row:3980,21780,CN1CCc2ccccc2[C@@H]1c3ccc(Br)cc3,ODH,6.0,0.7,4.2,train,0.0,0.0,4.746142
3106,ODH_charity_0616:row:3106,17307,Cc1oc(c2ccc(cc2)[N+]([O-])=O)c3[C@@H]4COCCN4c5ccccc5Cc13,ODH,21.2,0.8,16.96,train,0.0,0.0,9.217375
4902,ODH_charity_0616:row:4902,25518,O[C@H]/1CCCCC1=C/c2ccccc2,ODH,9.7,0.8,7.76,train,0.0,0.0,3.1004493
4748,ODH_charity_0616:row:4748,24939,CN(CC[C@H](O)c1cccc(Cl)c1)Cc2ccccc2,ODH,9.18,1.0,9.18,train,0.0,0.0,4.1271195
2642,ODH_charity_0616:row:2642,14543,Brc1ccc(cc1)[C@@H]2CNc3ccccc3N2,ODH,30.2,0.6,18.12,train,0.0,0.0,5.8989973
300,ODH_charity_0616:row:300,1683,FC(F)(F)CCCc1ccccc1[C@@H](NC(=O)c2ccccc2)c3cn(Cc4ccccc4)c5ccccc35,ODH,10.47,1.0,10.47,train,0.0,0.0,10.9622555
1147,ODH_charity_0616:row:1147,6804,CN1C(=O)[C@@H](Nc2ccccc12)c3ccc(Cl)cc3,ODH,10.2,1.0,10.2,train,0.0,0.0,5.7977138
4277,ODH_charity_0616:row:4277,23055,COc1ccc(cc1)c2oc(C)c3Cc4ccccc4N5CCCC[C@H]5c23,ODH,9.2,0.6,5.52,train,0.0,0.0,8.049004
3143,ODH_charity_0616:row:3143,17592,Oc1ccc(F)cc1C2=N[C@H](Cc3ccccc3C2=O)c4ccccc4,ODH,26.4,0.7,18.48,train,0.0,0.0,7.0134544
2311,ODH_charity_0616:row:2311,12823,COc1cccc2N(C(=O)C(c3ccccc3)c4ccccc4)C(=O)[C@@](C)(C(=O)OCC=C)c12,ODH,16.6,0.8,13.28,train,0.0,0.0,10.242869
691,ODH_charity_0616:row:691,3910,COC(=O)[C@H](CC=O)Cc1ccccc1,ODH,20.3,1.0,20.3,train,0.0,0.17653199,2.6644568
4011,ODH_charity_0616:row:4011,21942,CCCC(=O)O\C(c1ccccc1)=C\2[C@H]([C@H](C)C=C2c3ccccc3)c4ccncc4,ODH,7.7,0.75,5.775,train,0.0,0.0,9.934139
162,ODH_charity_0616:row:162,958,Clc1ccc(cc1)C(=O)[C@@]2(OCCC[C@H]2Br)c3ccc(Cl)cc3,ODH,8.3,1.0,8.3,train,0.0,0.0,5.9503145
4856,ODH_charity_0616:row:4856,25308,O[C@H](CC(=C)c1ccccc1)c2ccc(cc2)[N+]([O-])=O,ODH,8.5,1.0,8.5,train,0.0,0.0,4.800879
3634,ODH_charity_0616:row:3634,20207,C[C@@H](\C=C\c1ccccc1)[C@](N)(COC(C)(C)C)C(=O)OC(C)(C)C,ODH,4.1,1.0,4.1,train,0.0,0.0,19.886538
2345,ODH_charity_0616:row:2345,12987,OCC[C@@H](Oc1ccc(Br)cc1)c2ccccc2,ODH,13.1,0.8,10.48,train,0.0,0.0,4.0909476
3929,ODH_charity_0616:row:3929,21531,O[C@@H]([C@@H](C=C)c1ccc(cc1)[N+]([O-])=O)C(=O)c2ccccc2,ODH,37.4,0.5,18.7,train,0.0,0.0,5.8010745
3624,ODH_charity_0616:row:3624,20186,CCOC(=O)[C@H]1[C@@H](O)CC[C@H]1C(C)C,ODH,5.13,1.0,5.13,train,0.0,0.0,5.4808817
3145,ODH_charity_0616:row:3145,17611,CC[C@@H](C#Cc1cccc(OC)c1)c2ccccc2,ODH,33.84,0.7,23.688,train,0.0,0.0,3.7429905
4380,ODH_charity_0616:row:4380,23520,COC(=O)[C@@H](Oc1ccccc1)c2ccccc2,ODH,20.0,1.0,20.0,train,0.0,0.053428933,3.7696202
3501,ODH_charity_0616:row:3501,19446,Brc1ccc(\C=C\[C@H]2N[S](=O)(=O)Oc3ccccc23)cc1,ODH,24.5,1.0,24.5,train,0.0,0.0,5.955284
2130,ODH_charity_0616:row:2130,11755,CCCCC[C@]1(COc2ccccc12)CC3=CCCC3,ODH,15.2,0.75,11.4,train,0.0,0.0,4.9911327
4274,ODH_charity_0616:row:4274,23045,CC(C)OC(=O)[C@]1(CCC(=O)O1)c2ccccc2,ODH,7.4,0.75,5.55,train,0.0,0.0,5.427519
518,ODH_charity_0616:row:518,3050,CCOC(=O)C[C@H](Sc1ccccc1)c2ccc3ccccc3c2,ODH,14.7,1.0,14.7,train,0.0,0.0,4.874036
3015,ODH_charity_0616:row:3015,16670,COc1ccccc1/C=C/C(=O)[C@@H](C(C(=O)c2ccc(Br)cc2)C(=O)c3ccc(Br)cc3)c4ccccc4,ODH,23.7,0.75,17.775,train,0.0,0.0,13.269418
3616,ODH_charity_0616:row:3616,20105,COc1ccc(cc1)[C@@H]2N(C)CCc3ccccc23,ODH,4.2,1.0,4.2,train,0.0,0.0,5.327062
4256,ODH_charity_0616:row:4256,22968,C[C@H]1Cc2cc(C)cc(C)c2N1,ODH,7.3,1.0,7.3,train,0.0,0.0,4.2365856
1254,ODH_charity_0616:row:1254,7299,N[C@H](C(=[N+]=[N-])C(=O)c1ccc(OC(F)(F)F)cc1)C(F)(F)F,ODH,9.348,1.0,9.348,train,0.0,0.0,5.4024205
424,ODH_charity_0616:row:424,2311,COc1ccc(C[C@@H](CC=O)C(=O)OC(C)C)cc1,ODH,14.8,1.0,14.8,train,0.0,0.0,3.5189202
1247,ODH_charity_0616:row:1247,7265,CC(C)c1ccccc1[C@H](C#Cc2ccccc2)c3ccc(C)cc3,ODH,10.61,0.8,8.488,train,0.0,0.0,8.445788
2135,ODH_charity_0616:row:2135,11776,COC(=O)[C@H](O)c1ccc(Br)cc1,ODH,13.48,1.0,13.48,train,0.0,0.0,2.6254587
2236,ODH_charity_0616:row:2236,12301,CCOC(=O)C1=C(C)OC(=O)C[C@H]1c2ccc(Br)cc2,ODH,8.0,0.7,5.6,train,0.0,0.0,5.585046
1133,ODH_charity_0616:row:1133,6694,CC1(C)OC[C@H](CO)Oc2ccc(F)cc12,ODH,10.1,1.0,10.1,train,0.0,0.0,3.9912736
2039,ODH_charity_0616:row:2039,11374,C[C@@H](N[S](=O)(=O)C(C)(C)C)c1ccc2OCOc2c1,ODH,11.4,1.0,11.4,train,0.0,0.0,7.1041765
704,ODH_charity_0616:row:704,4039,CC(C)(NC(=O)C[C@H](CCc1ccccc1)c2ccc(Cl)cc2)c3ccccn3,ODH,21.4,0.5,10.7,train,0.0,0.0,8.216434
3424,ODH_charity_0616:row:3424,19025,O[C@@]1([C@H](C=C)c2cccc(Cl)c2)C(=O)N(Cc3cccc4ccccc34)c5ccccc15,ODH,14.617,1.0,14.617,train,0.0,0.0,9.834599
3910,ODH_charity_0616:row:3910,21463,COC(=O)C[C@H](O)c1ccc(F)cc1,ODH,52.0,0.5,26.0,train,0.0,0.0,2.5733452
3206,ODH_charity_0616:row:3206,17995,CCO[P](=O)(OCC)[C@@]12CC(=CC(=O)N1[S](=O)(=O)Oc3ccc(C)cc23)c4ccccc4,ODH,14.8,0.8,11.84,train,0.0,0.0,13.857683
4121,ODH_charity_0616:row:4121,22333,Cc1ccc(cc1)N2N=C(C)[C@@](C\C=C\c3ccccc3)(Cc4cccc(Cl)c4)C2=O,ODH,12.519,1.0,12.519,train,0.0,0.0,11.95252
2190,ODH_charity_0616:row:2190,12102,CC(C)(C)OC(=O)CC[C@@](N)(C\C=C\c1ccccc1)C(=O)OC(C)(C)C,ODH,15.7,0.5,7.85,train,0.0,0.0,12.89848
2187,ODH_charity_0616:row:2187,12099,CC(C)(C)OC(=O)CC[C@](N)(C\C=C\c1ccccc1)C(=O)OC(C)(C)C,ODH,13.4,0.5,6.7,train,0.0,0.0,13.787968
863,ODH_charity_0616:row:863,4930,COc1ccc(cc1)[C@H](O)CBr,ODH,17.2,1.0,17.2,train,0.0,0.0,2.3655474
3727,ODH_charity_0616:row:3727,20701,Fc1cccc(c1)[C@@H](Nc2ccccc2)C(=O)c3cccc(F)c3,ODH,12.68,1.0,12.68,train,0.0,0.0,6.015097
393,ODH_charity_0616:row:393,2146,O=CC[C@@H](Cc1ccccc1)C(=O)N2CCOCC2,ODH,11.7,1.0,11.7,train,0.0,0.0,3.8796978
3938,ODH_charity_0616:row:3938,21579,COc1ccc2O[S](=O)(=O)N[C@H](\C=C\c3ccccc3)c2c1,ODH,40.2,0.8,32.16,train,0.0,0.0,6.3063297
80,ODH_charity_0616:row:80,470,C(O[C@@H](\C=C\c1ccccc1)c2ccccc2)c3ccccc3,ODH,6.028,1.0,6.028,train,0.0,0.0,4.870771
229,ODH_charity_0616:row:229,1330,Cc1ccc2n(Cc3ccccc3)cc([C@@H](NC(=O)c4ccccc4)c5ccccc5CCCC(F)(F)F)c2c1,ODH,7.34,1.0,7.34,train,0.0,0.0,11.305361
4242,ODH_charity_0616:row:4242,22914,COC(=O)[C@@H](SCc1ccccc1)c2ccc(C)cc2,ODH,7.81,1.0,7.81,train,0.0,0.0,4.3745995
4065,ODH_charity_0616:row:4065,22145,CCCC(=O)O\C(c1ccccc1)=C\2[C@@H]([C@H](C)C=C2c3ccccc3)c4occc4,ODH,6.5,0.7,4.55,train,0.0,0.0,7.4758024
4346,ODH_charity_0616:row:4346,23415,CC[C@@H](C#Cc1ccccc1)c2ccc(Cl)cc2,ODH,11.23,0.7,7.861,train,0.0,0.0,3.8102903
2031,ODH_charity_0616:row:2031,11315,C[C@@]1(COC(=O)c2ccc(cc2)[N+]([O-])=O)COC3(CO1)CC=CC3,ODH,14.7,1.0,14.7,train,0.0,0.0,5.9389915
1828,ODH_charity_0616:row:1828,10220,Fc1ccc2N[C@@H](CCc2c1)c3ccccc3,ODH,9.35,1.0,9.35,train,0.0,0.0,3.908975
2850,ODH_charity_0616:row:2850,15801,COc1ccccc1C(=O)NN[C@@H](C)c2ccccc2,ODH,28.023,1.0,28.023,train,0.0,0.0,4.169766
2455,ODH_charity_0616:row:2455,13572,Cc1cccc(c1)[C@@H](O)C(O)=O,ODH,17.7,0.8,14.16,train,0.0,0.0,2.425129
3931,ODH_charity_0616:row:3931,21552,CCO[P](=O)(OCC)[C@@]12CC(=CC(=O)N1[S](=O)(=O)Oc3ccccc23)c4ccc(Br)cc4,ODH,24.9,0.8,19.92,train,0.0,0.0,12.350643
3158,ODH_charity_0616:row:3158,17686,Cc1ccc(cc1)[S](=O)(=O)N2CC[C@@H](C2)c3cccc(F)c3,ODH,26.7,1.0,26.7,train,0.0,0.0,5.889438
938,ODH_charity_0616:row:938,5263,Fc1ccc2N[C@@H](CCc2c1)CNc3ccccc3,ODH,22.7,1.0,22.7,train,0.0,0.0,4.266263
165,ODH_charity_0616:row:165,972,Cc1cc(C)cc(c1)C2=NO[C@@](C2)(CC(F)(F)F)c3ccccc3,ODH,7.59,0.8,6.072,train,0.0,0.0,8.036025
4117,ODH_charity_0616:row:4117,22327,C=CCN[C@H](CCc1ccccc1)C=C,ODH,7.407,0.8,5.9256,train,0.0,0.1815162,2.9142249
1687,ODH_charity_0616:row:1687,9528,C=C[C@@H](C1=CNC2=C1C=CC=C2)CCCO[Si](C)(C(C)(C)C)C,ODH,12.7,1.0,12.7,train,0.0,0.0,18.291803
1929,ODH_charity_0616:row:1929,10720,COc1cccc(c1)[C@H](C)O,ODH,14.02,1.0,14.02,train,0.0,0.0,2.605827
4894,ODH_charity_0616:row:4894,25491,F[C@@H]1[C@H](NCc2ccccc12)C3CC3,ODH,9.7,0.8,7.76,train,0.0,0.0,4.087768
2571,ODH_charity_0616:row:2571,14077,Cc1n(Cc2ccccc2)c3ccccc3c1[C@@H](C(=O)OCc4ccccc4)c5ccc(Cl)cc5,ODH,18.5,0.7,12.95,train,0.0,0.0,9.052437
2406,ODH_charity_0616:row:2406,13249,COc1ccc2nc(S[C@@H](CN[S](=O)(=O)c3ccc(C)cc3)c4ccccc4)sc2c1,ODH,17.2,1.0,17.2,train,0.0,0.0,9.391995
3208,ODH_charity_0616:row:3208,17999,CCCC[C@]1(CI)COc2ccccc12,ODH,23.5,0.5,11.75,train,0.0,0.0,3.666552
2391,ODH_charity_0616:row:2391,13178,CCCCCCCCC[C@@H]1C=CCN(N1C(=O)OC(C)(C)C)C(=O)Nc2ccc(OC)cc2,ODH,17.1,0.5,8.55,train,0.0,0.0,11.09155
3769,ODH_charity_0616:row:3769,20903,CCC(COC(=O)[C@H](NC(=O)c1ccc(cc1)C(C)(C)C)c2ccc(C)c(C)c2)(c3ccccc3)c4ccccc4,ODH,6.03,1.0,6.03,train,0.0,0.0,23.620043
547,ODH_charity_0616:row:547,3248,CC(C)OC(=O)[C@H](O)c1cccc2ccccc12,ODH,15.3,1.0,15.3,train,0.0,0.0,4.618849
3112,ODH_charity_0616:row:3112,17324,CCOC(=O)[C@]1(N[S](=O)(=O)c2ccc(F)cc12)C#Cc3ccccc3,ODH,25.5,0.5,12.75,train,0.0,0.0,8.106072
2103,ODH_charity_0616:row:2103,11585,O=C1O[C@]2(n3ccc4cccc1c34)C(=O)N(Cc5ccccc5)c6ccccc26,ODH,15.0,0.8,12.0,train,0.0,0.0,10.905253
3800,ODH_charity_0616:row:3800,21039,CCCCC[C@@H](C=C)n1ccc2cc(C=C)ccc12,ODH,5.3,1.0,5.3,train,0.0,0.0,5.5789065
1424,ODH_charity_0616:row:1424,8197,C[C@H](O)c1cc(cc(c1)C(F)(F)F)C(F)(F)F,ODH,9.8,1.0,9.8,train,0.0,0.0,3.763198
4538,ODH_charity_0616:row:4538,24093,COC(=O)[C@@H]1Cc2cc(Cl)ccc2O1,ODH,8.38,1.0,8.38,train,0.0,0.0,3.2887213
4713,ODH_charity_0616:row:4713,24769,O=C(OCc1ccccc1)[C@@H](Oc2ccccc2)c3ccc4ccccc4c3,ODH,18.5,1.0,18.5,train,0.0,0.0,6.738913
1165,ODH_charity_0616:row:1165,6928,CC[C@]1(N(c2ccccc2C1=C)[S](=O)(=O)C(F)(F)F)c3ccccc3,ODH,10.3,0.5,5.15,train,0.0,0.0,11.166966
4056,ODH_charity_0616:row:4056,22120,C=C[C@@H](NCc1ccccc1)c2ccccc2,ODH,6.474,0.8,5.1792,train,0.0,0.0,3.4210997
1106,ODH_charity_0616:row:1106,6591,CC(C)(C)OC(=O)[C@@H]1NC(=O)C[C@@H]1c2ccc(cc2)c3ccccc3,ODH,18.6,1.0,18.6,train,0.0,0.0,10.627816
559,ODH_charity_0616:row:559,3276,C[C@H]1CCC2=C(CCCC2=O)N1,ODH,12.6,1.0,12.6,train,0.0,0.0,2.6566586
1302,ODH_charity_0616:row:1302,7526,C[C@H]1Nc2ccccc2Oc3ccc(F)cc13,ODH,10.9,0.7,7.63,train,0.0,0.0,4.0040493
3192,ODH_charity_0616:row:3192,17913,Cc1ccc(cc1)/C=C/[C@@]2(CO)C(=O)N(COCc3ccccc3)c4cccc(Cl)c24,ODH,24.3,0.8,19.44,train,0.0,0.0,8.232234
31,ODH_charity_0616:row:31,222,CC(C)c1cccc(C(C)C)c1NC[C@H]2CCc3cccc(Br)c3N2,ODH,5.4,1.0,5.4,train,0.0,0.0,12.215991
725,ODH_charity_0616:row:725,4159,CCOC(=O)C[C@H](Sc1ccc(C)cc1)c2ccccc2,ODH,19.4,1.0,19.4,train,0.0,0.0,4.088649
2798,ODH_charity_0616:row:2798,15518,Cc1cccc(c1)[C@@H]2[C@H](Nc3cc(cc(c3)C(F)(F)F)C(F)(F)F)C=CC2=O,ODH,21.1,1.0,21.1,train,0.0,0.0,7.049554
4267,ODH_charity_0616:row:4267,23008,Cc1ccc(/C=C/C=C/C[C@@](C)(C=O)c2ccccc2)cc1,ODH,7.365,1.0,7.365,train,0.0,0.0,4.773735
1334,ODH_charity_0616:row:1334,7686,CCCCC[C@@H](C=C)n1cc(C)c2ccccc12,ODH,11.0,1.0,11.0,train,0.0,0.0,5.8640485
1333,ODH_charity_0616:row:1333,7685,CCCCC[C@H](C=C)n1cc(C)c2ccccc12,ODH,17.1,1.0,17.1,train,0.0,0.0,5.84285
2,ODH_charity_0616:row:2,104,CO[C@H](NC(=O)C(C)(C)C)c1ccccc1CCCC(F)(F)F,ODH,4.93,1.0,4.93,train,0.0,0.0,10.055686
2628,ODH_charity_0616:row:2628,14412,O[C@@]1([C@H](C=C)c2ccc(F)cc2)C(=O)N(Cc3cccc4ccccc34)c5ccccc15,ODH,8.596,1.0,8.596,train,0.0,0.0,10.987262
4298,ODH_charity_0616:row:4298,23143,S=C1N[C@@H](c2ccccc2)c3ccccc3N1,ODH,9.6,1.0,9.6,train,0.0,0.0,5.1390743
1401,ODH_charity_0616:row:1401,8077,CC[C@H](C#CC)c1ccc(OC)cc1,ODH,11.31,0.7,7.917,train,0.0,0.0,3.2977135
4884,ODH_charity_0616:row:4884,25437,CCC[C@H](NCc1ccccc1)C(=C)CC,ODH,9.618,0.5,4.809,train,0.0,0.0,4.840711
3901,ODH_charity_0616:row:3901,21410,C1C[C@@H](CN1)Cc2ccccc2,ODH,46.8,0.5,23.4,train,0.0,0.0,2.5375206
510,ODH_charity_0616:row:510,2979,OC(C[C@@H]1CCc2ccccc2N1)(c3ccccc3)c4ccccc4,ODH,12.1,1.0,12.1,train,0.0,0.0,6.2295856
4652,ODH_charity_0616:row:4652,24512,O=S1(N[C@H](P(OC(C)C)(OC(C)C)=O)C2=CC=CC=C21)=O,ODH,8.8,0.8,7.04,train,0.0,0.0,9.841325
2853,ODH_charity_0616:row:2853,15804,Fc1ccc(cc1)[C@H]2CCc3ccccc3N2,ODH,21.69,0.6,13.014,train,0.0,0.0,4.126808
682,ODH_charity_0616:row:682,3871,OC[C@@H]1COc2ccccc2O1,ODH,17.9,1.0,17.9,train,0.0,0.0,2.57178
3660,ODH_charity_0616:row:3660,20332,COc1ccc(cc1)[C@H]2CC(=O)OC(=C2C(C)=O)C,ODH,48.4,0.7,33.88,train,0.0,0.0,4.529914
3137,ODH_charity_0616:row:3137,17576,Cc1ccc(cc1)[S](=O)(=O)N2C(=O)[C@@H]([C@H](C=C2c3ccc4ccccc4c3)c5ccccc5)c6ccccc6,ODH,13.1,0.75,9.825,train,0.0,0.0,13.411521
2359,ODH_charity_0616:row:2359,13032,C[C@@H](O)c1ccc(Cl)cc1,ODH,15.08,1.0,15.08,train,0.0,0.05436211,1.9063071
121,ODH_charity_0616:row:121,701,COC(=O)C[C@H](B1OC(C)(C)C(C)(C)O1)c2ccccc2F,ODH,9.9,0.5,4.95,train,0.0,0.0,12.365355
4593,ODH_charity_0616:row:4593,24325,Cc1ccccc1/C=C/C[C@](C)(N)C(=O)OC(C)(C)C,ODH,4.9,1.0,4.9,train,0.0,0.0,8.887606
941,ODH_charity_0616:row:941,5266,COC(=O)C[C@H](C#N)c1ccc(OC)cc1,ODH,27.0,1.0,27.0,train,0.0,0.0,2.972108
2163,ODH_charity_0616:row:2163,11966,CC1(C)CC(=O)N(CCCC[C@]2(CI)COc3ccccc23)C(=O)C1,ODH,13.3,0.8,10.64,train,0.0,0.0,7.637678
1919,ODH_charity_0616:row:1919,10666,Cc1ccc(/C=C/C[C@@](C)(N)C(=O)OC(C)(C)C)c(C)c1,ODH,14.0,0.5,7.0,train,0.0,0.0,10.316315
2821,ODH_charity_0616:row:2821,15639,C[C@H]1Nc2ccccc2C[C@H]1N3C(=O)c4ccccc4C3=O,ODH,28.0,0.7,19.6,train,0.0,0.0,7.734903
4596,ODH_charity_0616:row:4596,24328,Cc1ccccc1/C=C/C[C@@](C)(N)C(=O)OC(C)(C)C,ODH,8.6,1.0,8.6,train,0.0,0.0,8.727788
1671,ODH_charity_0616:row:1671,9439,CON1C(=O)c2ccccc2[C@@]1(C=C)C3CCCC3,ODH,13.4,0.5,6.7,train,0.0,0.0,6.429506
2618,ODH_charity_0616:row:2618,14304,CC(C)C[C@H](C=C)n1ccc2ccccc12,ODH,17.8,1.0,17.8,train,0.0,0.0,6.4035587
1124,ODH_charity_0616:row:1124,6647,Cc1ccc(cc1)N2N=C(C)[C@](C\C=C\c3ccccc3)(Cc4ccc5ccccc5c4)C2=O,ODH,10.041,1.0,10.041,train,0.0,0.0,13.087421
248,ODH_charity_0616:row:248,1426,CCOC(=O)C[C@H](Sc1ccc(F)cc1)c2ccccc2,ODH,19.1,1.0,19.1,train,0.0,0.023575341,4.1808076
2265,ODH_charity_0616:row:2265,12515,COc1cccc(c1)[C@](C)(C\C=C\C=C\c2ccccc2)C=O,ODH,17.318,1.0,17.318,train,0.0,0.0,4.8738003
4919,ODH_charity_0616:row:4919,25589,C[C@H](O)c1ccc(Cl)cc1,ODH,9.77,1.0,9.77,train,0.0,0.0046952474,2.047446
3332,ODH_charity_0616:row:3332,18536,CC(O)C1=C(Cc2ccc(Br)cc2)ON(Cc3c(C)cc(C)cc3C)[C@H]1c4ccccc4,ODH,13.843,0.6,8.3058,train,0.0,0.0,13.444325
1308,ODH_charity_0616:row:1308,7538,O=C1Oc2ccccc2N[C@H]1c3ccccc3,ODH,10.9,0.7,7.63,train,0.0,0.0,5.3012676
2127,ODH_charity_0616:row:2127,11750,CC[C@@]1(N(c2ccc(C)cc2C1=C)[S](=O)(=O)C(F)(F)F)c3cccc(c3)C(=O)OC,ODH,7.05,0.8,5.64,train,0.0,0.0,14.677144
2447,ODH_charity_0616:row:2447,13508,Cc1ccc2N[C@@H]([C@@H]3CCO[C@@H]3c2c1)c4ccc(Cl)cc4,ODH,7.83,1.0,7.83,train,0.0,0.0,6.738903
4536,ODH_charity_0616:row:4536,24091,O[C@H]/1CCCC1=C/c2cccc(Cl)c2,ODH,8.38,1.0,8.38,train,0.0,0.0,3.1168315
245,ODH_charity_0616:row:245,1423,C[C@@H]1Nc2ccccc2[C@@H]1CC3CCCCC3,ODH,8.4,0.8,6.72,train,0.0,0.0,4.406764
1732,ODH_charity_0616:row:1732,9708,Fc1ccccc1C2=C(C[C@H](O2)C=C)C#N,ODH,12.899,1.0,12.899,train,0.0,0.0,3.380306
4793,ODH_charity_0616:row:4793,25093,CC1(C)OB(OC1(C)C)[C@@H](Cc2ccc(Cl)cc2)N3CCOC3=O,ODH,8.0,1.0,8.0,train,0.0,0.0,13.610565
4532,ODH_charity_0616:row:4532,24076,CC(C)(C)OC(=O)N1OCC[C@H]1Cc2ccccc2F,ODH,8.369,0.8,6.6952,train,0.0,0.0,7.6326795
3593,ODH_charity_0616:row:3593,20022,O=Cc1cccc(c1)[S@@](=O)Cc2ccccc2,ODH,39.6,0.5,19.8,train,0.0,0.28949517,3.901878
4259,ODH_charity_0616:row:4259,22973,COc1cccc(c1)[C@H]2[C@H](C)C=C([C@H]2C(=O)c3ccc(Br)cc3)c4ccc(Br)cc4,ODH,8.3,0.75,6.225,train,0.0,0.0,9.216656
3780,ODH_charity_0616:row:3780,20968,C[C@@H](\C=C\c1cccc(F)c1)[C@@](C)(N)C(=O)OC(C)(C)C,ODH,6.9,1.0,6.9,train,0.0,0.0,9.589572
476,ODH_charity_0616:row:476,2642,CC(C)(NC(=O)C[C@H]1CCOc2c1ccc3ccccc23)c4ccccn4,ODH,13.4,1.0,13.4,train,0.0,0.0,8.389074
3185,ODH_charity_0616:row:3185,17846,C1[C@H]([C@@H](C=C1c2ccccc2)c3cccc4ccccc34)c5ccccc5,ODH,28.7,0.3,8.61,train,0.0,0.0,7.60406
1214,ODH_charity_0616:row:1214,7147,CC[C@]1(N(c2ccc(C)cc2C1=C)[S](=O)(=O)C(F)(F)F)c3ccc(OC)cc3,ODH,10.5,0.6,6.3,train,0.0,0.0,15.315737
1020,ODH_charity_0616:row:1020,5932,OC[C@@H]1[C@H](C[C@H]1c2cccn2CC=C)c3ccc(Br)cc3,ODH,24.6,1.0,24.6,train,0.0,0.0,5.6219034
4284,ODH_charity_0616:row:4284,23069,C=C[C@H](CCc1ccccc1)NCc2ccccc2,ODH,7.43,1.0,7.43,train,0.0,0.0,3.6878235
2648,ODH_charity_0616:row:2648,14567,CC[C@H]1C[C@@H](O)c2cc(Cl)ccc2O1,ODH,21.029,0.5,10.5145,train,0.0,0.0,3.1116571
3696,ODH_charity_0616:row:3696,20546,[O-][N+](=O)C[C@@H](c1ccccc1)c2ccc(Cl)cc2,ODH,43.4,1.0,43.4,train,0.0,0.0,4.110658
736,ODH_charity_0616:row:736,4189,COc1ccc2CC[C@@H](O)c2c1,ODH,22.1,1.0,22.1,train,0.0,0.0,2.5217545
868,ODH_charity_0616:row:868,4937,Brc1ccc(cc1)[C@@H]2CCc3ccccc3N2,ODH,24.0,0.5,12.0,train,0.0,0.0,4.239147
1938,ODH_charity_0616:row:1938,10745,CC1(C)[C@@H](CCC1=O)c2sccc2,ODH,14.08,1.0,14.08,train,0.0,0.0,4.322787
3506,ODH_charity_0616:row:3506,19500,Cc1ccc(cc1)[S](=O)(=O)N2C(=O)C[C@H](C=C2c3ccccc3)c4ccc(Br)cc4,ODH,35.1,0.7,24.57,train,0.0,0.0,8.935435
833,ODH_charity_0616:row:833,4772,F[C@H](c1ccccc1)C(=O)c2nccn2c3ccccc3,ODH,22.9,1.0,22.9,train,0.0,0.0,5.1144767
2948,ODH_charity_0616:row:2948,16247,OC(=O)[C@@H](Oc1ccc2ccccc2c1)c3ccccc3,ODH,22.64,1.0,22.64,train,0.0,0.0,5.4759593
3968,ODH_charity_0616:row:3968,21733,C[C@@H](COC=O)c1ccc(cc1)c2ccccc2,ODH,59.0,0.5,29.5,train,0.0,0.16107818,3.5863647
3352,ODH_charity_0616:row:3352,18634,CC(C)[C@@H]1C=C[C@H]2CN(CC2=C(C)N1[S](=O)(=O)c3ccc(C)cc3)[S](=O)(=O)c4ccc(C)cc4,ODH,30.33,0.8,24.264,train,0.0,0.0,15.132117
4063,ODH_charity_0616:row:4063,22138,C[C@@H](\C=C\c1ccccc1)[C@](N)(CC=C)C(=O)OC(C)(C)C,ODH,5.9,1.0,5.9,train,0.0,0.0,9.862287
3713,ODH_charity_0616:row:3713,20649,C[C@@H](COC=O)c1ccc(F)cc1,ODH,45.1,0.5,22.55,train,0.0,0.0,2.255856
2570,ODH_charity_0616:row:2570,14076,Cc1n(Cc2ccccc2)c3ccccc3c1[C@H](C(=O)OCc4ccccc4)c5ccc(Cl)cc5,ODH,22.1,0.7,15.47,train,0.0,0.0,9.123266
4482,ODH_charity_0616:row:4482,23917,COC(=O)[C@H](F)\C=C(/C)c1ccccc1,ODH,7.6,1.0,7.6,train,0.0,0.0,2.7645845
4197,ODH_charity_0616:row:4197,22715,CCCCC[C@H]1NCc2ccccc2[C@H]1F,ODH,8.2,0.8,6.56,train,0.0,0.0,3.9979286
2361,ODH_charity_0616:row:2361,13042,O[C@@H]/1CCC1=C/c2ccccc2,ODH,12.142,1.0,12.142,train,0.0,0.0,2.5401
1877,ODH_charity_0616:row:1877,10486,FC(F)(F)[C@@]1(CC(=CC(=O)O1)c2occc2)c3ccccc3,ODH,10.4,0.75,7.8,train,0.0,0.0,6.1829476
3613,ODH_charity_0616:row:3613,20102,COC(=O)[C@H](O)c1cccc(Cl)c1,ODH,3.93,2.0,7.86,train,0.0,0.0,2.798397
1128,ODH_charity_0616:row:1128,6674,CCOC(=O)[C@@H](C)Oc1ccccc1,ODH,5.62,1.0,5.62,train,0.0,0.0,2.8014214
372,ODH_charity_0616:row:372,2010,C[C@@H](CC(=O)c1ccccc1)[S](=O)(=O)c2ccc(C)cc2,ODH,11.3,1.0,11.3,train,0.0,0.0,5.5433865
4009,ODH_charity_0616:row:4009,21938,CCCCC[C@@H]1Cc2ccccc2N1,ODH,7.6,1.0,7.6,train,0.0,0.0,3.0002267
4897,ODH_charity_0616:row:4897,25498,Cc1ccc2OC(=O)[C@H](Nc2c1)c3ccccc3,ODH,12.7,0.7,8.89,train,0.0,0.0,5.600929
3632,ODH_charity_0616:row:3632,20196,CCCCC[C@@H](C=C)n1ccc2ccccc12,ODH,4.7,1.0,4.7,train,0.0,0.0,4.472117
149,ODH_charity_0616:row:149,875,Cc1ccc(cc1)C(=O)[C@@]2(OCCC[C@H]2Cl)c3ccc(C)cc3,ODH,8.04,1.0,8.04,train,0.0,0.0,6.1363835
3354,ODH_charity_0616:row:3354,18641,O[C@@H]([C@H](C=C)c1ccc(Br)cc1)C(=O)c2ccccc2,ODH,17.2,0.5,8.6,train,0.0,0.0,4.8531423
1879,ODH_charity_0616:row:1879,10493,CCOC(=O)C1=C(C)OC(=O)C[C@H]1c2ccccc2C,ODH,11.4,0.7,7.98,train,0.0,0.0,4.894492
2464,ODH_charity_0616:row:2464,13628,CC[C@H](O)c1ccc(OC)cc1,ODH,20.5,1.0,20.5,train,0.0,0.0,2.3232613
2933,ODH_charity_0616:row:2933,16170,COC(=O)c1ccc(cc1)[C@](C)(C=O)c2ccc(cc2)c3ccccc3,ODH,23.97,0.6,14.382,train,0.0,0.0,6.699309
4023,ODH_charity_0616:row:4023,22001,O=C(CN1CCCCC1)N2[C@@H]3CCCC[C@@H]3c4ccccc24,ODH,7.1,1.0,7.1,train,0.0,0.0,6.4944077
3535,ODH_charity_0616:row:3535,19708,CCO[P](=O)(OCC)[C@]12CC(=CC(=O)N1[S](=O)(=O)Oc3ccccc23)c4ccc(C)cc4,ODH,36.9,0.8,29.52,train,0.0,0.0,13.474316
3784,ODH_charity_0616:row:3784,20989,CC(C)C[C@H](C=C)C(Cc1ccccc1)(C#N)C#N,ODH,6.28,1.0,6.28,train,0.0,0.0,7.934204
3422,ODH_charity_0616:row:3422,19021,CCOC(=O)[C@@]1(N[S](=O)(=O)c2ccccc12)C#Cc3ccc(Br)cc3,ODH,42.3,0.5,21.15,train,0.0,0.0,7.906604
1630,ODH_charity_0616:row:1630,9260,CN(CC[C@H](O)c1ccc(Br)cc1)Cc2ccccc2,ODH,12.41,0.6,7.446,train,0.0,0.0,4.4175854
1987,ODH_charity_0616:row:1987,11048,CCOC(=O)C[C@@H](O)c1cccc(OC)c1,ODH,14.4,1.0,14.4,train,0.0,0.0,3.080547
1891,ODH_charity_0616:row:1891,10545,Cc1cccc(c1)[C@H]2Cc3ccccc3C(=O)C(=N2)c4ccccc4O,ODH,13.8,0.7,9.66,train,0.0,0.0,6.4805813
1038,ODH_charity_0616:row:1038,6105,OC[C@H]1[C@@H](C[C@@H]1c2ccccc2Cl)c3cccn3CC=C,ODH,23.1,1.0,23.1,train,0.0,0.0,5.819482
1954,ODH_charity_0616:row:1954,10907,CCC[C@H]1C[C@H](c2ccccc2)C(C)(C)C1=O,ODH,11.78,1.0,11.78,train,0.0,0.0,6.931788
614,ODH_charity_0616:row:614,3545,O[C@@H]1CCCc2cccnc12,ODH,12.1,1.0,12.1,train,0.0,0.0,2.3440309
294,ODH_charity_0616:row:294,1670,CC[C@@H](C#Cc1cccc(Br)c1)c2ccccc2,ODH,11.49,1.0,11.49,train,0.0,0.0,3.7573895
4503,ODH_charity_0616:row:4503,23986,CCC[C@@H]1NCc2ccccc2[C@H]1F,ODH,8.3,0.8,6.64,train,0.0,0.0,3.54034
4495,ODH_charity_0616:row:4495,23958,COC(=O)[C@H](NC(=O)OC(C)(C)C)c1ccccc1Cl,ODH,6.92,1.0,6.92,train,0.0,0.0,7.175882
3333,ODH_charity_0616:row:3333,18537,CC(O)C1=C(Cc2ccc(Br)cc2)ON(Cc3c(C)cc(C)cc3C)[C@@H]1c4ccccc4,ODH,30.0,0.6,18.0,train,0.0,0.0,13.948567
877,ODH_charity_0616:row:877,5007,OC[C@@H]1[C@H](C[C@H]1c2cc(Br)cn2CC=C)c3ccc(cc3)C(F)(F)F,ODH,28.4,1.0,28.4,train,0.0,0.0,6.882145
1598,ODH_charity_0616:row:1598,9071,CC(=C)[C@H](CN[S](=O)(=O)c1ccc(C)cc1)CC(=O)c2ccc(C)cc2,ODH,12.22,0.5,6.11,train,0.0,0.0,8.406088
762,ODH_charity_0616:row:762,4257,O[C@@H](CCl)c1ccccc1,ODH,19.9,1.0,19.9,train,0.0,0.28990734,2.0083997
1336,ODH_charity_0616:row:1336,7708,CCOc1ccc2nc(SC[C@@H](CN(C)C(c3ccccc3)c4ccccc4)C=C)sc2c1,ODH,11.0,1.0,11.0,train,0.0,0.0,8.878863
1469,ODH_charity_0616:row:1469,8397,CCC(=O)[C@](CC)(c1ccc(O)cc1)c2ccccc2F,ODH,11.6,1.0,11.6,train,0.0,0.0,5.4289403
3922,ODH_charity_0616:row:3922,21514,C[C@H](O)C1=CC=C2C=CC=CC2=C1,ODH,52.98,1.0,52.98,train,0.0,0.0,2.7583857
4957,ODH_charity_0616:row:4957,25796,COc1cccc(C[C@@H]2CCON2C(=O)OC(C)(C)C)c1,ODH,9.932,0.8,7.9456,train,0.0,0.0,7.9869285
781,ODH_charity_0616:row:781,4443,COc1ccc(cc1)C(=O)N[C@@H](c2ccccc2CCCC(F)(F)F)c3cn(Cc4ccccc4)c5ccccc35,ODH,10.64,1.0,10.64,train,0.0,0.0,10.098882
2826,ODH_charity_0616:row:2826,15667,IC[C@]1(CCC(=O)O1)c2ccccc2,ODH,21.4,1.0,21.4,train,0.0,0.0,3.1832378
1034,ODH_charity_0616:row:1034,6083,CC(C)[C@@H](O)C[N+]([O-])=O,ODH,45.238,0.5,22.619,train,0.0,0.10088494,1.4633
598,ODH_charity_0616:row:598,3471,C[C@H](CCCCOc1ccccc1)CCN(Cc2ccccc2)Cc3ccccc3,ODH,7.2,1.0,7.2,train,0.0,0.0,7.1941357
3232,ODH_charity_0616:row:3232,18101,[O-][N+](=O)c1ccc(cc1)[S@](=O)Cc2ccccc2,ODH,25.19,1.0,25.19,train,0.0,0.0,4.536608
1790,ODH_charity_0616:row:1790,10009,CC[C@@H](COC=O)c1ccccc1,ODH,13.2,0.5,6.6,train,0.0,0.35788646,2.2456906
3647,ODH_charity_0616:row:3647,20269,CC(C)[C@H]1CC(=O)N=C(S1)c2ccccc2,ODH,40.1,0.6,24.06,train,0.0,0.0,4.0928216
1439,ODH_charity_0616:row:1439,8299,CC1(C)OB(OC1(C)C)[C@H](Cc2ccccc2)N3CCOC3=O,ODH,11.5,1.0,11.5,train,0.0,0.0,13.24924
3580,ODH_charity_0616:row:3580,19979,Cc1cccc(c1)[C@](C)(C\C=C\c2ccccc2)C=O,ODH,42.848,1.0,42.848,train,0.0,0.0,4.391158
2640,ODH_charity_0616:row:2640,14515,CCOC(=O)[C@@]1(CC=C)N[S](=O)(=O)c2ccc(Cl)cc12,ODH,14.2,0.8,11.36,train,0.0,0.0,6.2764883
4823,ODH_charity_0616:row:4823,25187,Cc1ccc2N[C@@H]([C@@H]3CCO[C@@H]3c2c1)c4ccc(Cl)cc4Cl,ODH,6.84,1.0,6.84,train,0.0,0.0,7.164312
411,ODH_charity_0616:row:411,2261,O=C1CCCC2=C1CC[C@H](CCc3ccccc3)N2,ODH,10.1,1.0,10.1,train,0.0,0.0,4.8736033
4212,ODH_charity_0616:row:4212,22776,Fc1cccc(c1)C2(SCCCS2)[C@@H](C=Cc3ccccc3)c4ccccc4,ODH,5.9,1.0,5.9,train,0.0,0.0,6.806675
2216,ODH_charity_0616:row:2216,12218,CC[C@H]1NCCc2cc(OC)ccc12,ODH,15.81,1.0,15.81,train,0.0,0.0,2.9960763
4133,ODH_charity_0616:row:4133,22396,COc1ccccc1\C=C\[C@@H]2COc3ccccc3O2,ODH,6.83,1.0,6.83,train,0.0,0.0,4.443727
4829,ODH_charity_0616:row:4829,25208,COC(=O)[C@@H](F)\C=C\c1ccccc1,ODH,9.4,1.0,9.4,train,0.0,0.051442813,2.5972114
4698,ODH_charity_0616:row:4698,24664,CCOC(=O)[C@H]1CC[C@]2([C@@H]1N(C(=O)OC(C)(C)C)c3ccccc23)[N+]([O-])=O,ODH,6.424,1.0,6.424,train,0.0,0.0,12.366725
531,ODH_charity_0616:row:531,3121,OCC[C@H]1CCCn2ccc(c3ccc(Cl)cc3)c12,ODH,16.92,1.0,16.92,train,0.0,0.0,4.390481
415,ODH_charity_0616:row:415,2286,Brc1ccccc1[C@@H]2[C@@H](C=O)[C@]23CCC3(c4ccccc4)c5ccccc5,ODH,8.88,1.0,8.88,train,0.0,0.0,10.627868
2133,ODH_charity_0616:row:2133,11772,Cc1ccc(cc1)[S](=O)(=O)N2C[C@@H](C=C)C=C2c3ccccc3,ODH,15.97,0.8,12.776,train,0.0,0.0,6.376216
2036,ODH_charity_0616:row:2036,11351,C[C@H](O)c1cc(cc(c1)C(F)(F)F)C(F)(F)F,ODH,14.74,1.0,14.74,train,0.0,0.0,3.7634418
666,ODH_charity_0616:row:666,3813,COc1ccc(cc1)C(=O)C[C@H](C)[S](=O)(=O)c2ccc(C)cc2,ODH,17.6,1.0,17.6,train,0.0,0.0,5.9956665
3997,ODH_charity_0616:row:3997,21856,CC(C)OC(=O)[C@@H](Oc1ccccc1)c2ccccc2,ODH,6.1,1.0,6.1,train,0.0,0.0,5.003997
1574,ODH_charity_0616:row:1574,8943,CC1=CC=C(C=C1)C[C@@H]2NC3=C(C=CC=C3)C2,ODH,13.3,1.0,13.3,train,0.0,0.0,3.5673337
2234,ODH_charity_0616:row:2234,12293,COc1ccc(cc1)c2oc(C)c3Cc4ccccc4N5CCOC[C@H]5c23,ODH,22.7,0.6,13.62,train,0.0,0.0,7.2283897
2028,ODH_charity_0616:row:2028,11304,O[C@]1(Cc2ccccc2C1=O)[C@H](C=C)c3cc(Cl)cc(Cl)c3,ODH,15.5,0.5,7.75,train,0.0,0.0,6.1664305
2969,ODH_charity_0616:row:2969,16421,COc1cccc(c1)[C@@H](O)COC(=O)C(C)(C)C,ODH,16.2,0.6,9.72,train,0.0,0.0,5.652842
2231,ODH_charity_0616:row:2231,12277,Clc1cccc2[C@@H](CC(=O)Oc12)c3ccccc3,ODH,15.9,1.0,15.9,train,0.0,0.0,4.7372484
2144,ODH_charity_0616:row:2144,11802,C[C@@H](C(=O)OC(c1ccccc1)c2ccccc2)c3ccc(c(F)c3)c4ccccc4,ODH,14.1,0.5,7.05,train,0.0,0.0,7.182403
4247,ODH_charity_0616:row:4247,22929,CC[C@@H](c1ccccc1)c2cc(cc(c2)c3ccccc3)c4ccccc4,ODH,7.27,1.0,7.27,train,0.0,0.0,6.325931
1718,ODH_charity_0616:row:1718,9669,COc1cccc(c1)[C@H](C)N[S](=O)(=O)C(C)(C)C,ODH,12.8,1.0,12.8,train,0.0,0.0,7.3452997
4175,ODH_charity_0616:row:4175,22612,O[C@@]1([C@H](C=C)c2ccc3OCOc3c2)C(=O)N(Cc4cccc5ccccc45)c6ccccc16,ODH,21.549,1.0,21.549,train,0.0,0.0,11.553963
861,ODH_charity_0616:row:861,4907,O[C@H](CBr)c1ccccc1,ODH,21.0,1.0,21.0,train,0.0,0.2847704,1.9945654
1831,ODH_charity_0616:row:1831,10237,CCCCC[C@H](C=C)c1c(C)[nH]c2ccccc12,ODH,15.3,1.0,15.3,train,0.0,0.0,5.3953795
1349,ODH_charity_0616:row:1349,7793,Cc1n(c2ccccc2)c3ccccc3c1[C@H](C(=O)OCc4ccccc4)c5ccccc5,ODH,12.4,0.7,8.68,train,0.0,0.0,8.1902485
3387,ODH_charity_0616:row:3387,18802,Cc1ccc(cc1)[S](=O)(=O)N2CC[C@H](C2)c3cccc(C)c3,ODH,33.3,1.0,33.3,train,0.0,0.0,5.480158
1642,ODH_charity_0616:row:1642,9319,CC[C@@]1(N(c2ccc(C)cc2C1=C)[S](=O)(=O)C(F)(F)F)c3ccc(cc3)c4ccccc4,ODH,10.7,0.5,5.35,train,0.0,0.0,15.033362
845,ODH_charity_0616:row:845,4838,C1Cc2ccccc2N[C@@H]1c3ccc4ccccc4c3,ODH,23.4,0.6,14.04,train,0.0,0.0,5.182415
1391,ODH_charity_0616:row:1391,8019,OC[C@@](O)(CCl)C#Cc1ccccc1,ODH,11.3,1.0,11.3,train,0.0,0.057696037,2.9291387
128,ODH_charity_0616:row:128,728,CC(C)(C)OC(=O)N1CC[C@H](C1)C#N,ODH,7.5,1.0,7.5,train,0.0,0.0,5.8850327
2084,ODH_charity_0616:row:2084,11521,O=[S@](Cc1occc1)c2ccccc2,ODH,12.89,0.5,6.445,train,0.0,0.15884754,3.2159123
3698,ODH_charity_0616:row:3698,20548,O=[S]1(=O)N2[C@@H]3C=CCC[C@H]3C(=C2c4ccccc14)Cc5ccccc5,ODH,43.49,0.7,30.443,train,0.0,0.0,8.826535
1009,ODH_charity_0616:row:1009,5864,O[C@H](CCCC(=O)Nc1ccccc1)c2sccc2,ODH,37.7,1.0,37.7,train,0.0,0.0,4.06168
1077,ODH_charity_0616:row:1077,6295,CC(=O)C[C@H](c1ccccc1)c2cn(c3ccccc23)[S](=O)(=O)C(F)(F)F,ODH,49.2,0.5,24.6,train,0.0,0.0,7.193738
1904,ODH_charity_0616:row:1904,10608,Cc1cc([C@H](C(=O)OCc2ccccc2)c3cscc3)c(C)n1Cc4ccccc4,ODH,15.5,0.7,10.85,train,0.0,0.0,8.532704
3509,ODH_charity_0616:row:3509,19525,Cc1ccc(cc1)[S](=O)(=O)N2C[C@H]3C=CCN(C(=C3C2)c4oc5ccccc5c4)[S](=O)(=O)c6ccc(C)cc6,ODH,35.29,0.8,28.232,train,0.0,0.0,13.928345
1906,ODH_charity_0616:row:1906,10615,COc1cccc2C[C@@H](C)Nc12,ODH,16.6,1.0,16.6,train,0.0,0.0,2.6953912
2220,ODH_charity_0616:row:2220,12229,COc1ccc(cc1)C(=O)C(=[N+]=[N-])[C@@H](N)C(F)(F)F,ODH,13.458,1.0,13.458,train,0.0,0.0,4.708216
4268,ODH_charity_0616:row:4268,23029,COC(=O)[C@@H]1Nc2ccccc2C[C@@H]1C,ODH,11.6,0.7,8.12,train,0.0,0.0,4.898845
1561,ODH_charity_0616:row:1561,8889,C1Cc2ccccc2N[C@H]1c3ccccc3,ODH,12.03,1.0,12.03,train,0.0,0.0,3.7338407
495,ODH_charity_0616:row:495,2855,O=C[C@@H]1[C@@H](c2ccc(cc2)C#N)[C@@]13CCC3(c4ccccc4)c5ccccc5,ODH,26.11,1.0,26.11,train,0.0,0.0,10.368859
58,ODH_charity_0616:row:58,406,C[C@@H]1CCc2cc(F)ccc2N1,ODH,5.3,1.0,5.3,train,0.0,0.0,2.6466787
3666,ODH_charity_0616:row:3666,20369,Cc1ccc(cc1)[S](=O)(=O)N2CC[C@H](C2)c3ccc4OCOc4c3,ODH,45.1,1.0,45.1,train,0.0,0.0,7.3576527
4258,ODH_charity_0616:row:4258,22972,CCCC(=O)O\C(c1ccccc1)=C\2[C@@H]([C@H](C)C=C2c3ccccc3)c4cccc(OC)c4,ODH,7.3,0.7,5.11,train,0.0,0.0,8.695192
1901,ODH_charity_0616:row:1901,10588,Cc1cccc(c1)[C@H](O)[C@@H](C=C)c2ccccc2,ODH,12.6,1.0,12.6,train,0.0,0.0,4.322938
3081,ODH_charity_0616:row:3081,17166,CCOC(=O)[C@]1(CC=C)N[S](=O)(=O)c2ccccc12,ODH,25.1,0.8,20.08,train,0.0,0.0,5.9727163
840,ODH_charity_0616:row:840,4819,CC[C@H]1Cc2ccccc2N[C@H]1c3ccccc3,ODH,35.9,0.5,17.95,train,0.0,0.0,4.910445
177,ODH_charity_0616:row:177,1003,Fc1ccc(cc1)[C@H]2CCc3ccccc3N2,ODH,12.2,0.8,9.76,train,0.0,0.0,4.3950615
789,ODH_charity_0616:row:789,4544,O[C@@H](C[N+]([O-])=O)c1ccc(Cl)cc1,ODH,27.463,0.8,21.9704,train,0.0,0.0,2.7846532
4747,ODH_charity_0616:row:4747,24938,CN(CC[C@@H](O)c1cccc(Cl)c1)Cc2ccccc2,ODH,12.08,1.0,12.08,train,0.0,0.0,4.0928774
1126,ODH_charity_0616:row:1126,6656,CCOC(=O)C[C@H](O)c1cccc(C)c1,ODH,7.58,1.0,7.58,train,0.0,0.0,2.8976905
3426,ODH_charity_0616:row:3426,19031,O=C1C[C@@H](c2ccccc2)C(=C(O1)c3ccccc3)C(=O)c4ccccc4,ODH,32.2,0.7,22.54,train,0.0,0.0,7.2131867
338,ODH_charity_0616:row:338,1863,C[C@@H](CC(=O)c1ccc(C)cc1)[S](=O)(=O)c2ccc(C)cc2,ODH,10.9,1.0,10.9,train,0.0,0.0,5.9992285
3014,ODH_charity_0616:row:3014,16669,COc1ccccc1/C=C/C(=O)[C@H](C(C(=O)c2ccc(Br)cc2)C(=O)c3ccc(Br)cc3)c4ccccc4,ODH,32.1,0.75,24.075,train,0.0,0.0,13.308076
1423,ODH_charity_0616:row:1423,8196,C=CC[C@]1(COC(=O)N1)c2ccccc2,ODH,11.4,1.0,11.4,train,0.0,0.0,3.7657897
3023,ODH_charity_0616:row:3023,16774,FC(F)(F)c1ccc2O[C@H](Cc3ccccc3)C(=O)N(Cc4ccccc4)c2c1,ODH,24.0,0.5,12.0,train,0.0,0.0,7.2105837
803,ODH_charity_0616:row:803,4629,Cc1ccc2N[C@@H](CCc2c1)CNc3ccccc3,ODH,18.8,1.0,18.8,train,0.0,0.0,4.3467307
4849,ODH_charity_0616:row:4849,25289,CCCC[C@H]1Cc2ccccc2N1,ODH,9.5,1.0,9.5,train,0.0,0.0,2.733741
93,ODH_charity_0616:row:93,519,CC(C)OC(=O)[C@H](O)c1ccc(Br)cc1,ODH,6.7,1.0,6.7,train,0.0,0.0,3.2745864
2780,ODH_charity_0616:row:2780,15399,O[C@@H]([C@@H](C=C)c1ccc(Cl)cc1)C(=O)c2ccccc2,ODH,16.5,0.5,8.25,train,0.0,0.0,4.8413405
3216,ODH_charity_0616:row:3216,18051,CCC[C@H](COC=O)c1ccccc1,ODH,29.7,0.5,14.85,train,0.0,0.3630646,2.4517834
1985,ODH_charity_0616:row:1985,11046,CC(C)(C)OC(=O)[C@](C)(N)C\C=C\c1ccc(cc1)C(F)(F)F,ODH,14.4,0.5,7.2,train,0.0,0.0,10.030432
1251,ODH_charity_0616:row:1251,7282,C[C@](C\C=C\C=C\c1ccccc1)(C=O)c2ccc(cc2)C(F)(F)F,ODH,10.64,1.0,10.64,train,0.0,0.0,5.461439
3457,ODH_charity_0616:row:3457,19182,O=C1Nc2ccccc2[C@]13CCN(C3)C(=O)c4ccccc4,ODH,25.1,1.0,25.1,train,0.0,0.0,6.5993958
3574,ODH_charity_0616:row:3574,19937,Cc1ccc(cc1)[S](=O)(=O)N2CC[C@@H](C2)c3ccc(Br)cc3,ODH,38.8,1.0,38.8,train,0.0,0.0,5.4757233
4469,ODH_charity_0616:row:4469,23866,CCC[C@H]1[C@H](\C=C\C(=O)OCC)N1[S](=O)(=O)c2ccc(C)cc2,ODH,10.01,0.8,8.008,train,0.0,0.0,7.6580787
746,ODH_charity_0616:row:746,4223,COc1cccc(c1)[C@H]2COc3ccccc3N2,ODH,19.8,1.0,19.8,train,0.0,0.0,4.884963
1382,ODH_charity_0616:row:1382,7971,CC(=C)C[C@H]1CC(=NO1)c2cc(Cl)cc(Cl)c2,ODH,9.17,0.6,5.502,train,0.0,0.0,5.0917645
3539,ODH_charity_0616:row:3539,19714,COC(=O)[C@](C)(NC(=O)c1ccc(OC)cc1)C(=O)OCc2ccccc2,ODH,36.9,0.3,11.07,train,0.0,0.0,7.001511
1258,ODH_charity_0616:row:1258,7322,NC1=C(C#N)[C@@H](c2ccccc2)c3cc4OCOc4cc3O1,ODH,11.9,0.7,8.33,train,0.0,0.0,7.4793134
3971,ODH_charity_0616:row:3971,21740,ClCCCC[C@@]1(CI)COc2ccccc12,ODH,51.5,0.75,38.625,train,0.0,0.0,3.923725
4395,ODH_charity_0616:row:4395,23592,O[C@@H]/1CCCCC1=C/c2ccccc2,ODH,7.96,1.0,7.96,train,0.0,0.0,3.080275
3130,ODH_charity_0616:row:3130,17511,IC[C@]1(CCCCN2C(=O)c3cccc4cccc2c34)COc5ccccc15,ODH,27.5,0.8,22.0,train,0.0,0.0,7.933606
237,ODH_charity_0616:row:237,1387,CC(C)(NC(=O)C[C@@H](CCc1ccccc1)c2ccc(Cl)cc2)c3ccccn3,ODH,9.5,1.0,9.5,train,0.0,0.0,8.396591
3356,ODH_charity_0616:row:3356,18645,Cc1ccc(cc1)[S](=O)(=O)N2C(=O)C[C@@](C)(\C=C\c3ccccc3)C=C2c4ccccc4,ODH,30.4,0.7,21.28,train,0.0,0.0,9.557139
2223,ODH_charity_0616:row:2223,12245,O[C@@H]([C@H](C=C)\C=C\c1ccccc1)C(=O)c2ccccc2,ODH,10.9,1.0,10.9,train,0.0,0.0,5.2188683
772,ODH_charity_0616:row:772,4361,C[C@H](CC(=O)NC(C)(C)c1ccc(F)cn1)c2ccc(cc2)C(C)=O,ODH,20.5,0.6,12.3,train,0.0,0.0,7.7151394
139,ODH_charity_0616:row:139,781,CCc1ccc(cc1)[C@H](O)C(=O)OC(C)C,ODH,5.7,1.0,5.7,train,0.0,0.0,3.4918158
3394,ODH_charity_0616:row:3394,18827,CCC(=O)OC[C@H](O)c1ccccc1,ODH,27.8,0.5,13.9,train,0.0,0.0,2.596119
921,ODH_charity_0616:row:921,5171,O=C1Nc2ccccc2N[C@H]1c3ccccc3,ODH,16.0,1.0,16.0,train,0.0,0.0,4.864853
4203,ODH_charity_0616:row:4203,22743,CCOC(=O)N[C@H](C[C@](C)(NC(C)=O)c1ccccc1)c2ccccc2,ODH,8.98,1.0,8.98,train,0.0,0.0,6.151456
1763,ODH_charity_0616:row:1763,9896,O[C@H]/1CCC1=C/c2ccccc2Cl,ODH,13.066,0.8,10.4528,train,0.0,0.0,2.9337091
2477,ODH_charity_0616:row:2477,13719,C1Cc2cc3OCOc3cc2N[C@@H]1c4ccccc4,ODH,15.66,1.0,15.66,train,0.0,0.0,4.7639017
104,ODH_charity_0616:row:104,589,CCOC(=O)C[C@@H](B1OC(C)(C)C(C)(C)O1)c2cccc(C)c2,ODH,7.0,0.5,3.5,train,0.0,0.0,15.012998
3604,ODH_charity_0616:row:3604,20048,CC[C@@]1(CC(=CC(=O)O1)c2ccccc2)C(F)(F)F,ODH,39.8,0.75,29.85,train,0.0,0.0,4.736133
3577,ODH_charity_0616:row:3577,19961,Cc1ccc(cc1)[S](=O)(=O)N2C(=O)[C@@H]([C@H](C=C2c3ccc(Br)cc3)c4ccc(Br)cc4)c5ccccc5,ODH,16.1,0.75,12.075,train,0.0,0.0,12.577005
4780,ODH_charity_0616:row:4780,25046,CC(C)(C)OC(=O)N1[C@H](CCO[Si](C)(C)C(C)(C)C)C=CCN1C(=O)Nc2ccc(Cl)cc2,ODH,9.3,0.5,4.65,train,0.0,0.0,33.74618
3013,ODH_charity_0616:row:3013,16665,Nc1ccc(cc1)[C@H](n2c3ccccc3c(c4ccccc4)c2c5ccccc5)c6ccccc6,ODH,23.7,1.0,23.7,train,0.0,0.0,9.295736
2424,ODH_charity_0616:row:2424,13337,N[C@@H](C(=[N+]=[N-])C(=O)c1ccc(Cl)cc1)C(F)(F)F,ODH,17.304,1.0,17.304,train,0.0,0.0,4.374747
280,ODH_charity_0616:row:280,1605,Cc1ccc2OC(=O)[C@@H](Nc2c1)c3ccccc3,ODH,14.5,1.0,14.5,train,0.0,0.0,5.088682
4427,ODH_charity_0616:row:4427,23716,C[C@H](Nc1ccccc1)C(=C)c2ccccc2,ODH,10.6,1.0,10.6,train,0.0,0.0,4.194612
4106,ODH_charity_0616:row:4106,22305,CCCCCC(=O)O\C(c1ccccc1)=C\2[C@H]([C@H](CCC)C=C2c3ccccc3)c4cccc(OC)c4,ODH,7.7,0.7,5.39,train,0.0,0.0,9.510264
4377,ODH_charity_0616:row:4377,23509,CC(=C)C[C@@H]1CC(=NO1)c2ccc(C)c(C)c2,ODH,7.89,0.8,6.312,train,0.0,0.0,7.707297
329,ODH_charity_0616:row:329,1810,CCCCCCCCCC[C@H]1CCC2=C(CCCC2=O)N1,ODH,8.2,1.0,8.2,train,0.0,0.0,4.6633334
2676,ODH_charity_0616:row:2676,14814,CC[C@@H](\C=C\c1ccc2ccccc2c1)C#Cc3ccc(cc3)C#N,ODH,21.2,0.5,10.6,train,0.0,0.0,5.674246
777,ODH_charity_0616:row:777,4412,C1Cc2ccccc2N[C@@H]1c3ccccc3,ODH,15.4,0.6,9.24,train,0.0,0.0,4.0011168
1659,ODH_charity_0616:row:1659,9400,CC(=C)[C@@H]1CNc2ccccc2O1,ODH,12.551,0.5,6.2755,train,0.0,0.0,3.4965007
2484,ODH_charity_0616:row:2484,13761,COc1ccc(cc1)\C=C\2CCC[C@@H]2O,ODH,18.0,0.8,14.4,train,0.0,0.0,2.8725474
4915,ODH_charity_0616:row:4915,25545,C=C[C@@H](CCc1ccccc1)NCC#C,ODH,10.36,0.8,8.288,train,0.0,0.27593106,2.886528
2828,ODH_charity_0616:row:2828,15682,COc1cccc(c1)[C@H](O)C(O)=O,ODH,10.97,0.8,8.776,train,0.0,0.0,2.7959943
3025,ODH_charity_0616:row:3025,16788,OC[C@@]1(O)CCCOC1,ODH,24.0,1.0,24.0,train,0.0,0.0,1.6137574
1498,ODH_charity_0616:row:1498,8491,C[C@@H]1Cc2ccccc2N1,ODH,11.7,0.8,9.36,train,0.0,0.0,2.1874247
2109,ODH_charity_0616:row:2109,11649,CC(C)(C)OC(=O)C[C@](N)(C\C=C\c1ccccc1)C(=O)OC(C)(C)C,ODH,10.2,0.5,5.1,train,0.0,0.0,14.410269
4226,ODH_charity_0616:row:4226,22849,C=C[C@H](CCc1ccccc1)NCc2ccccc2,ODH,7.195,1.0,7.195,train,0.0,0.0,3.6322727
3098,ODH_charity_0616:row:3098,17244,C[C@@H](COC=O)c1cccc(C)c1,ODH,25.3,0.5,12.65,train,0.0,0.0,2.1737165
2586,ODH_charity_0616:row:2586,14155,CC1(C)[C@H](CCC1=O)c2ccc3ccccc3c2,ODH,14.66,1.0,14.66,train,0.0,0.0,5.8149347
2300,ODH_charity_0616:row:2300,12764,N[C@H](C(=[N+]=[N-])C(=O)c1ccc(cc1)c2ccccc2)C(F)(F)F,ODH,14.063,1.0,14.063,train,0.0,0.0,6.0083017
3880,ODH_charity_0616:row:3880,21328,Cc1cccc(\C=C\[C@@H]2COc3cc4CCCc4cc3O2)c1,ODH,5.91,1.0,5.91,train,0.0,0.0,5.2185125
2725,ODH_charity_0616:row:2725,15039,CCC[C@@H](C1=CNC2=C1C=C(Br)C=C2)CC=O,ODH,20.12,0.5,10.06,train,0.0,0.0,4.218987
1026,ODH_charity_0616:row:1026,6008,COC(=O)C[C@@H](C#N)c1ccc(OC)c(Br)c1,ODH,33.8,1.0,33.8,train,0.0,0.0,3.298282
1107,ODH_charity_0616:row:1107,6594,CC(C)(C)OC(=O)[C@H]1NC(=O)C[C@@H]1c2ccc(cc2)c3ccccc3,ODH,20.7,1.0,20.7,train,0.0,0.0,10.805876
3779,ODH_charity_0616:row:3779,20955,Cc1ccc2c(OC(=O)[C@@]2(C)C(=O)OCC=C)c1,ODH,5.2,1.0,5.2,train,0.0,0.0,5.1028485
4139,ODH_charity_0616:row:4139,22409,C[C@H](C#Cc1ccccc1)c2ccc(c(F)c2)c3ccccc3,ODH,6.85,0.7,4.795,train,0.0,0.0,4.7936196
217,ODH_charity_0616:row:217,1250,CC(C)OC(=O)[C@H](O)c1ccccc1Cl,ODH,9.1,1.0,9.1,train,0.0,0.0,3.494868
1971,ODH_charity_0616:row:1971,10988,COc1cc2OC(=C(C#N)[C@@H](c3ccc4OCOc4c3)c2cc1OC)N,ODH,19.2,0.7,13.44,train,0.0,0.0,9.107085
1585,ODH_charity_0616:row:1585,8986,CC(O)C[C@H](C)\C=C\c1ccccc1,ODH,12.13,0.9,10.917,train,0.0,0.13044383,2.9865663
2783,ODH_charity_0616:row:2783,15406,COC(=O)C[C@@](C)(O)c1ccc(Br)cc1,ODH,18.2,0.5,9.1,train,0.0,0.0,2.9768634
365,ODH_charity_0616:row:365,1977,CCOC(=O)C[C@H](Sc1ccccc1C)c2ccccc2,ODH,19.3,1.0,19.3,train,0.0,0.0,4.2986746
1007,ODH_charity_0616:row:1007,5862,COc1cc2[nH]cc([C@@H](\C=C\c3ccccc3)c4ccccc4)c2cc1OC,ODH,45.927,1.0,45.927,train,0.0,0.0,7.530114
2071,ODH_charity_0616:row:2071,11481,[C@H]1(CC2=C3C=CC=CC3=CC=C2)NC4=C(C=CC=C4)C1,ODH,14.9,0.8,11.92,train,0.0,0.0,5.2420306
2314,ODH_charity_0616:row:2314,12837,BrC(=C)[C@@H]1CC(CN1[S](=O)(=O)c2ccccc2)(c3ccccc3)c4ccccc4,ODH,13.44,1.0,13.44,train,0.0,0.0,8.592828
1663,ODH_charity_0616:row:1663,9407,CCC[C@H](CC=O)c1c[nH]c2ccccc12,ODH,12.56,1.0,12.56,train,0.0,0.0,3.9368901
2119,ODH_charity_0616:row:2119,11692,Fc1ccccc1[C@@H]2CCc3ccccc3N2,ODH,13.12,0.6,7.872,train,0.0,0.0,4.1909
606,ODH_charity_0616:row:606,3495,CC(C)(C)OC(=O)N1CCC[C@H](CC1=O)c2ccccc2,ODH,19.6,1.0,19.6,train,0.0,0.0,7.8040895
19,ODH_charity_0616:row:19,181,Oc1ccc(cc1)[S@@](=O)c2ccccn2,ODH,5.1,1.0,5.1,train,0.0,0.0,4.256374
172,ODH_charity_0616:row:172,998,CC(C)OC(=O)[C@H](O)c1ccccc1C,ODH,8.4,1.0,8.4,train,0.0,0.0,3.7413032
4297,ODH_charity_0616:row:4297,23140,O[C@@H]1CC[C@@H](N(C1)Cc2ccccc2)c3ccccc3,ODH,9.0,0.6,5.4,train,0.0,0.0,5.3067446
677,ODH_charity_0616:row:677,3864,C(Cc1ccccc1)[C@H]2COc3ccccc3N2,ODH,14.4,1.0,14.4,train,0.0,0.0,4.681252
3508,ODH_charity_0616:row:3508,19524,Cc1ccc(cc1)[S](=O)(=O)N2C[C@@H]3C=CCN(C(=C3C2)c4oc5ccccc5c4)[S](=O)(=O)c6ccc(C)cc6,ODH,27.37,0.8,21.896,train,0.0,0.0,13.983643
2617,ODH_charity_0616:row:2617,14303,Cc1ccc2N(Cc3ccccc3)C(=O)[C@@H](Cc4ccccc4)Oc2c1,ODH,18.9,0.5,9.45,train,0.0,0.0,6.171123
1206,ODH_charity_0616:row:1206,7106,CCCC[C@@]1(COc2ccccc12)CC3CC3,ODH,10.0,0.5,5.0,train,0.0,0.0,4.492729
3195,ODH_charity_0616:row:3195,17933,COc1ccc(/C=C/C[C@@](C)(N)C(=O)OC(C)(C)C)cc1,ODH,27.8,0.5,13.9,train,0.0,0.0,7.931396
3464,ODH_charity_0616:row:3464,19225,C[C@H]1C=C[C@H]2CN(CC2=CN1[S](=O)(=O)c3ccc(C)cc3)[S](=O)(=O)c4ccc(C)cc4,ODH,27.38,0.8,21.904,train,0.0,0.0,10.520731
1322,ODH_charity_0616:row:1322,7660,Cc1ccc(cc1)[S](=O)(=O)N2[C@H](COC2=O)C=C,ODH,11.0,1.0,11.0,train,0.0,0.0,5.4921894
4786,ODH_charity_0616:row:4786,25082,Cc1ccc(C[C@H](B2OC(C)(C)C(C)(C)O2)N3CCOC3=O)cc1,ODH,7.5,1.0,7.5,train,0.0,0.0,13.377176
3085,ODH_charity_0616:row:3085,17177,O[C@H]([C@@H](C=C)c1ccccc1)C(=O)c2ccccc2,ODH,26.0,0.5,13.0,train,0.0,0.0,4.6170826
470,ODH_charity_0616:row:470,2581,CC(C)(O)C[C@H]1CCc2ccccc2N1,ODH,13.2,0.8,10.56,train,0.0,0.0,4.0805445
2128,ODH_charity_0616:row:2128,11751,CC[C@]1(N(c2ccc(C)cc2C1=C)[S](=O)(=O)C(F)(F)F)c3cccc(c3)C(=O)OC,ODH,15.2,0.8,12.16,train,0.0,0.0,14.812492
194,ODH_charity_0616:row:194,1071,CC(C)(C)OC(=O)N1[C@@H](CO[S]1(=O)=O)c2ccccc2,ODH,8.6,1.0,8.6,train,0.0,0.0,10.697754
2849,ODH_charity_0616:row:2849,15773,Cc1ccc(cc1)c2oc3N(C(=O)[C@@H](Cc4ccccc4)[C@@H](c5ccccc5)c3c2)[S](=O)(=O)c6ccc(C)cc6,ODH,23.4,0.5,11.7,train,0.0,0.0,12.577439
1102,ODH_charity_0616:row:1102,6563,CC(C)Cc1ccc(cc1)[C@@H](C)C(=O)OC(c2ccccc2)c3ccccc3,ODH,10.5,0.5,5.25,train,0.0,0.0,8.213658
1216,ODH_charity_0616:row:1216,7151,C[C@@H](CC(C)=O)\C=C\c1sccc1,ODH,10.51,0.8,8.408,train,0.0,0.02738561,2.346924
886,ODH_charity_0616:row:886,5037,O=C1CCCC2=C1CC[C@H](Cc3ccccc3)N2,ODH,22.2,1.0,22.2,train,0.0,0.0,4.3192973
295,ODH_charity_0616:row:295,1671,CC[C@H](C#Cc1cccc(Br)c1)c2ccccc2,ODH,10.43,1.0,10.43,train,0.0,0.0,3.7622511
4020,ODH_charity_0616:row:4020,21985,Cc1ccc(C[C@@]2(C\C=C\c3ccccc3)C(=NN(c4ccc(C)cc4)C2=O)C)cc1,ODH,6.3,1.0,6.3,train,0.0,0.0,12.782213
1167,ODH_charity_0616:row:1167,6930,O[C@@H](C1CCCCC1)c2ccccc2,ODH,10.3,0.8,8.24,train,0.0,0.0,3.1808558
3483,ODH_charity_0616:row:3483,19284,CCO[P](=O)(OCC)[C@]12CC(=CC(=O)N1[S](=O)(=O)c3ccccc23)c4ccccc4C,ODH,33.7,0.8,26.96,train,0.0,0.0,12.231051
1646,ODH_charity_0616:row:1646,9347,C=C[C@@H](CCc1ccccc1)n2ccc3ccccc23,ODH,13.5,1.0,13.5,train,0.0,0.0,4.5936613
1524,ODH_charity_0616:row:1524,8618,COc1ccc(cc1)[C@H]2Nc3ccccc3OC2=O,ODH,25.8,0.7,18.06,train,0.0,0.0,5.752811
2200,ODH_charity_0616:row:2200,12147,O=C(OC1=C(Cl)C=CC=C1Cl)[C@H](BP(C)C)C2=CC=CC=C2,ODH,14.82,2.0,29.64,train,0.0,0.0,7.197928
4048,ODH_charity_0616:row:4048,22081,O[C@H]/1CCCC1=C/Cc2ccccc2,ODH,6.4,0.8,5.12,train,0.0,0.0,3.433823
4491,ODH_charity_0616:row:4491,23945,Cc1ccc(cc1)[S](=O)(=O)N2C[C@@H](C=C)N(c3ccc(C)cc3C2=O)[S](C)(=O)=O,ODH,21.09,1.0,21.09,train,0.0,0.0,11.760972
3080,ODH_charity_0616:row:3080,17165,CCOC(=O)[C@@]1(CC=C)N[S](=O)(=O)c2ccccc12,ODH,18.3,0.8,14.64,train,0.0,0.0,5.894045
3814,ODH_charity_0616:row:3814,21112,Cc1ccc2c(OC(=O)[C@@]2(C)C(=O)OCC=C)c1,ODH,5.5,1.0,5.5,train,0.0,0.0,5.0986867
151,ODH_charity_0616:row:151,897,CCOC(=O)C[C@@H](Sc1ccccc1)c2ccc(cc2)C(C)(C)C,ODH,8.1,1.0,8.1,train,0.0,0.0,8.549817
1138,ODH_charity_0616:row:1138,6729,CC[C@H](O)[C@H](N1CCCC1)c2ccccc2,ODH,8.82,0.7,6.174,train,0.0,0.0,3.733785
1409,ODH_charity_0616:row:1409,8118,CCOC(=O)N1[C@H]2C/C(=C/N(c3ccc(Br)cc3)[S](=O)(=O)c4ccc(C)cc4)[C@H](C=C2c5ccccc15)c6ccccc6,ODH,15.33,0.8,12.264,train,0.0,0.0,13.410352
314,ODH_charity_0616:row:314,1751,CC(C)OC(=O)C[C@H](C#N)c1ccccc1,ODH,10.6,1.0,10.6,train,0.0,0.0,3.6847677
4249,ODH_charity_0616:row:4249,22939,CC1(C)OC[C@H](CO)Oc2ccc(OCC=C)cc12,ODH,7.3,1.0,7.3,train,0.0,0.0,5.354255
2489,ODH_charity_0616:row:2489,13780,C[C@@H]1O[C@@]1(Cn2cncn2)c3cc(F)ccc3F,ODH,15.22,1.0,15.22,train,0.0,0.0,5.4589486
3650,ODH_charity_0616:row:3650,20276,Cc1ccc(cc1)[C@]2(CC(=CC(=O)O2)c3ccccc3)C(F)(F)F,ODH,18.5,0.75,13.875,train,0.0,0.0,6.84489
4877,ODH_charity_0616:row:4877,25414,Clc1cccc(c1)[C@@]2(CCC(=O)O2)C(=O)OC(c3ccccc3)c4ccccc4,ODH,9.6,0.75,7.2,train,0.0,0.0,8.687731
1500,ODH_charity_0616:row:1500,8517,CC(C)(C)[S](=O)(=O)N[C@H]1CCc2ccccc12,ODH,11.7,1.0,11.7,train,0.0,0.0,6.9066887
799,ODH_charity_0616:row:799,4606,COc1cccc(c1)[C@@H]2CCCNC(=O)C2,ODH,28.7,1.0,28.7,train,0.0,0.0,3.1309845
3127,ODH_charity_0616:row:3127,17430,O=C([C@@](C1=CC(Cl)=CC=C12)(C#CC3=CC=CC=C3)NS2(=O)=O)OCC,ODH,25.9,0.5,12.95,train,0.0,0.0,7.993237
4622,ODH_charity_0616:row:4622,24423,CC(C)(C)OC[C@@](N)(C\C=C\c1ccccc1)C(=O)OC(C)(C)C,ODH,8.7,1.0,8.7,train,0.0,0.0,14.619441
4034,ODH_charity_0616:row:4034,22024,CCC(COC(=O)[C@H](NC(=O)c1ccc(cc1)C(C)(C)C)c2ccccc2Cl)(c3ccccc3)c4ccccc4,ODH,7.63,1.0,7.63,train,0.0,0.0,19.448507
1287,ODH_charity_0616:row:1287,7444,CC(C)(C)OC(=O)/C=C/[C@H](NCc1ccccc1)c2ccccc2,ODH,10.8,0.6,6.48,train,0.0,0.0,8.339903
405,ODH_charity_0616:row:405,2230,CCCCCC[C@@H]1CCC2=C(CCCC2=O)N1,ODH,9.2,1.0,9.2,train,0.0,0.0,3.8022816
857,ODH_charity_0616:row:857,4895,Clc1ccc(/C=C/[C@@H](c2ccc(Cl)cc2)c3c[nH]c4ccccc34)cc1,ODH,16.589,1.0,16.589,train,0.0,0.0,6.523426
2138,ODH_charity_0616:row:2138,11779,COC(=O)[C@@H](O)c1ccc(Br)cc1,ODH,15.28,1.0,15.28,train,0.0,0.0,2.617616
4662,ODH_charity_0616:row:4662,24539,CCCCC[C@@H](C=C)n1ccc2cc(ccc12)c3ccccc3,ODH,8.8,1.0,8.8,train,0.0,0.0,6.0317616
1911,ODH_charity_0616:row:1911,10634,C[C@@](O)(CC(=O)Cc1ccccc1)C(F)(F)F,ODH,13.9,0.8,11.12,train,0.0,0.0,3.7207456
3237,ODH_charity_0616:row:3237,18118,Clc1ccc(C[C@H]2Oc3ccccc3N(Cc4ccccc4)C2=O)cc1,ODH,28.4,0.5,14.2,train,0.0,0.0,6.204262
932,ODH_charity_0616:row:932,5247,O=C(C[C@@H]1CCCCN1C(=O)OCc2ccccc2)c3ccccc3,ODH,26.8,0.5,13.4,train,0.0,0.0,5.2812805
298,ODH_charity_0616:row:298,1681,OC[C@@H]1[C@@H](c2ccccc2)[C@@]13CCC3(c4ccccc4)c5ccccc5,ODH,7.75,1.0,7.75,train,0.0,0.0,10.040178
3035,ODH_charity_0616:row:3035,16845,COc1ccc(cc1OC)[C@@H](C)N[S](=O)(=O)C(C)(C)C,ODH,17.0,1.0,17.0,train,0.0,0.004711129,9.764845
2692,ODH_charity_0616:row:2692,14890,COC(=O)c1ccc(cc1)c2oc(C)c3Cc4ccccc4N5CCOC[C@H]5c23,ODH,30.0,0.6,18.0,train,0.0,0.0,7.927256
3619,ODH_charity_0616:row:3619,20130,COc1ccc([C@H](C)c2ccccc2)c(c1)c3ccccc3,ODH,6.3,1.0,6.3,train,0.0,0.0,5.416452
1420,ODH_charity_0616:row:1420,8176,CC1(C)OC[C@@H](CO)Oc2ccc(OCC#C)cc12,ODH,17.8,1.0,17.8,train,0.0,0.0,5.2817497
2504,ODH_charity_0616:row:2504,13820,COc1ccc(OC[C@@]2(C)COc3cc(C)c(C)cc23)cc1,ODH,15.8,0.5,7.9,train,0.0,0.0,7.6342993
4351,ODH_charity_0616:row:4351,23422,CCCC[C@](NC(=O)c1ccccc1)(C(=O)NCCC(=O)OC)C(=O)OCc2ccccc2,ODH,7.8,1.0,7.8,train,0.0,0.0,8.214544
584,ODH_charity_0616:row:584,3401,C[C@@H](CC(=O)c1occc1)[S](=O)(=O)c2ccc(C)cc2,ODH,15.8,1.0,15.8,train,0.0,0.0,5.183844
4357,ODH_charity_0616:row:4357,23433,C[C@H](N[S](=O)(=O)C(C)(C)C)c1ccc(C)cc1,ODH,7.8,1.0,7.8,train,0.0,0.0,7.107307
4181,ODH_charity_0616:row:4181,22654,COC(=O)C[C@H](O)c1ccc(OC)cc1,ODH,68.2,0.5,34.1,train,0.0,0.0,2.6973238
2891,ODH_charity_0616:row:2891,15925,Cn1cccc1CC(C#N)(C#N)[C@@H](CCc2ccccc2)C=C,ODH,21.9,1.0,21.9,train,0.0,0.0,6.8130116
3661,ODH_charity_0616:row:3661,20333,COc1ccc(cc1)[C@@H]2CC(=O)OC(=C2C(C)=O)C,ODH,40.8,0.7,28.56,train,0.0,0.0,4.5533977
2929,ODH_charity_0616:row:2929,16152,COc1ccc(cc1)[C@@H]2Cc3ccccc3C(=O)C(=N2)c4ccccc4O,ODH,27.2,0.7,19.04,train,0.0,0.0,6.898302
2078,ODH_charity_0616:row:2078,11506,C[C@@](C/C=C/C=C/c1ccc(cc1)c2ccccc2)(C=O)c3ccccc3,ODH,16.318,1.0,16.318,train,0.0,0.0,5.8844886
1876,ODH_charity_0616:row:1876,10480,C[C@](C\C=C\C=C\CCc1ccccc1)(C=O)c2ccccc2,ODH,13.798,1.0,13.798,train,0.0,0.0,4.437757
1916,ODH_charity_0616:row:1916,10649,Cc1ccc(cc1)[S](=O)(=O)NC[C@@H](CC(=O)c2ccccc2)C=C,ODH,15.33,0.5,7.665,train,0.0,0.0,6.695516
3120,ODH_charity_0616:row:3120,17393,CCCCOC(=O)[C@@]1(N[S](=O)(=O)c2ccccc12)C#Cc3ccccc3,ODH,29.9,0.5,14.95,train,0.0,0.0,7.4513774
2073,ODH_charity_0616:row:2073,11493,C[C@@H](O)c1ccccc1Cl,ODH,14.9,1.0,14.9,train,0.0,0.0,1.9605191
1236,ODH_charity_0616:row:1236,7238,COc1cccc(c1)[C@]2(CCC(=O)O2)C(=O)OC(c3ccccc3)c4ccccc4,ODH,26.4,0.75,19.8,train,0.0,0.0,8.911861
4773,ODH_charity_0616:row:4773,25014,CC(=C)[C@@H]1CN(C(=C1)c2ccc(F)cc2)[S](=O)(=O)c3ccc(C)cc3,ODH,8.53,0.8,6.824,train,0.0,0.0,7.4555316
930,ODH_charity_0616:row:930,5245,[O-][N+](=O)c1cccc(c1)[C@@]2(CC(=NO2)c3ccccc3)CC(F)(F)F,ODH,26.8,0.8,21.44,train,0.0,0.0,6.8650937
2645,ODH_charity_0616:row:2645,14556,Cc1ccc(cc1)[S](=O)(=O)N2C[C@H]3C=CCN(C(=C3C2)c4ccccc4)[S](=O)(=O)c5ccc(C)cc5,ODH,19.22,0.8,15.376,train,0.0,0.0,12.80019
3163,ODH_charity_0616:row:3163,17709,Cc1cccc2[C@@H](N[S](=O)(=O)Oc12)\C=C\c3ccccc3,ODH,26.8,0.8,21.44,train,0.0,0.0,6.562034
3994,ODH_charity_0616:row:3994,21853,CCC(COC(=O)[C@H](NC(=O)c1ccc(cc1)C(C)(C)C)c2ccccc2)(c3ccccc3)c4ccccc4,ODH,6.99,1.0,6.99,train,0.0,0.0,19.58715
4912,ODH_charity_0616:row:4912,25540,Cc1cccc(c1)C2=CC[C@]3(C)COc4cccc2c34,ODH,9.7,0.5,4.85,train,0.0,0.0,5.7509713
2610,ODH_charity_0616:row:2610,14278,C[C@@](C\C=C\c1ccccc1)(C=O)c2ccccc2F,ODH,20.5,1.0,20.5,train,0.0,0.0,4.392111
125,ODH_charity_0616:row:125,711,Cc1cc(C)c(NC[C@@H]2CCc3cccc(C)c3N2)c(C)c1,ODH,9.1,1.0,9.1,train,0.0,0.0,9.733036
1945,ODH_charity_0616:row:1945,10807,COc1cc(CO[P@](=O)(c2ccccc2)c3ccc(cc3)C(C)(C)C)cc(OC)c1,ODH,14.11,0.8,11.288,train,0.0,0.0,12.533651
2332,ODH_charity_0616:row:2332,12920,COC(=O)[C@@H](F)\C=C\c1cccc(OC)c1,ODH,16.8,1.0,16.8,train,0.0,0.0,2.9073303
2194,ODH_charity_0616:row:2194,12115,CCCCC[C@@H](C=C)c1c[nH]c2cccc(Cl)c12,ODH,15.7,1.0,15.7,train,0.0,0.0,4.2241745
3676,ODH_charity_0616:row:3676,20447,COC(=O)[C@@]1(N[S](=O)(=O)c2ccccc12)C#Cc3ccccc3,ODH,50.7,0.5,25.35,train,0.0,0.0,6.9635224
3499,ODH_charity_0616:row:3499,19422,O=C1[C@H](Cc2ccc3ccccc3c2)Oc4ccccc4N1Cc5ccccc5,ODH,25.9,0.5,12.95,train,0.0,0.0,7.171804
4725,ODH_charity_0616:row:4725,24792,CC[C@]1(OC(=O)c2cc(C)ccc2O1)C(F)(F)F,ODH,9.6,0.5,4.8,train,0.0,0.0,4.797891
4745,ODH_charity_0616:row:4745,24911,O[C@@H]/1CCCC1=C/c2ccccc2,ODH,8.47,1.0,8.47,train,0.0,0.0,2.8859396
4559,ODH_charity_0616:row:4559,24175,COc1ccc(C[C@]2(C\C=C\c3ccccc3)C(=NN(C2=O)c4ccc(C)cc4)C)cc1,ODH,17.419,1.0,17.419,train,0.0,0.0,12.3711605
317,ODH_charity_0616:row:317,1754,CCOC(=O)C[C@H](Sc1ccccc1)c2ccccc2,ODH,19.0,1.0,19.0,train,0.0,0.054328617,3.8869467
881,ODH_charity_0616:row:881,5019,COc1cccc(c1)[C@H](CCO)C[N+]([O-])=O,ODH,24.68,1.0,24.68,train,0.0,0.0,3.5566998
629,ODH_charity_0616:row:629,3662,C[C@H](F)C(=O)c1nccn1c2ccccc2,ODH,19.2,1.0,19.2,train,0.0,0.0,3.683739
2855,ODH_charity_0616:row:2855,15809,CCOC(=O)[C@]1(CC=C)N[S](=O)(=O)c2ccc(F)cc12,ODH,21.7,0.8,17.36,train,0.0,0.0,6.29548
1438,ODH_charity_0616:row:1438,8298,CC1(C)OB(OC1(C)C)[C@@H](Cc2ccccc2)N3CCOC3=O,ODH,8.9,1.0,8.9,train,0.0,0.0,13.454362
690,ODH_charity_0616:row:690,3909,CCOC(=O)C[C@H](Sc1ccc(OC)cc1)c2ccccc2,ODH,18.1,1.0,18.1,train,0.0,0.0,4.215734
2442,ODH_charity_0616:row:2442,13469,COc1ccccc1\C=C\2CCC[C@@H]2O,ODH,17.5,0.8,14.0,train,0.0,0.0,3.5940082
3954,ODH_charity_0616:row:3954,21683,FC(F)(F)c1ccc(CC(C#N)(C#N)[C@H](CCc2ccccc2)C=C)cc1,ODH,61.26,0.5,30.63,train,0.0,0.0,6.9493136
2316,ODH_charity_0616:row:2316,12844,CC(=C\c1ccccc1)/[C@@H]2Cc3cc(C)c(C)cc3N2[S](=O)(=O)C(F)(F)F,ODH,10.9,0.5,5.45,train,0.0,0.0,11.73415
4876,ODH_charity_0616:row:4876,25413,Clc1cccc(c1)[C@]2(CCC(=O)O2)C(=O)OC(c3ccccc3)c4ccccc4,ODH,28.6,0.75,21.45,train,0.0,0.0,8.802617
3398,ODH_charity_0616:row:3398,18882,C[C@H]1[C@H](C=C(OC1=O)c2ccccc2)c3ccccc3,ODH,43.2,0.75,32.4,train,0.0,0.0,4.715388
3008,ODH_charity_0616:row:3008,16632,C1Cc2ccccc2N[C@@H]1c3ccc4ccccc4c3,ODH,13.07,1.0,13.07,train,0.0,0.0,4.8252707
123,ODH_charity_0616:row:123,705,[nH]1c2ccccc2c([C@@H](\C=C\c3ccccc3)c4ccccc4)c1c5ccccc5,ODH,6.86,1.0,6.86,train,0.0,0.0,8.486443
3513,ODH_charity_0616:row:3513,19553,O=C(N1CC[C@H](C1)c2ccccc2)c3ccccc3,ODH,29.8,1.0,29.8,train,0.0,0.0,4.3093686
209,ODH_charity_0616:row:209,1182,CCOC(=O)C[C@@H](B1OC(C)(C)C(C)(C)O1)c2ccccc2,ODH,7.1,0.5,3.55,train,0.0,0.0,12.124449
741,ODH_charity_0616:row:741,4212,CCCCC[C@H](C=C(C)C)[S](=O)(=O)c1ccc(C)cc1,ODH,23.8,0.5,11.9,train,0.0,0.0,5.698126
331,ODH_charity_0616:row:331,1824,Cc1ccc2CCCC[C@@H](O)c2c1,ODH,9.6,1.0,9.6,train,0.0,0.0,2.6964695
1757,ODH_charity_0616:row:1757,9852,Oc1ccccc1[C@@H](OCCC#C)c2ccccc2,ODH,13.0,1.0,13.0,train,0.0,0.0,3.8236287
2895,ODH_charity_0616:row:2895,15950,C[C@H]1C[C@@H](O)c2ccccc2O1,ODH,26.669,0.5,13.3345,train,0.0,0.0,2.6931415
4728,ODH_charity_0616:row:4728,24797,Clc1ccc(O[C@H](C(=O)OCc2ccccc2)c3ccccc3)cc1,ODH,9.0,1.0,9.0,train,0.0,0.0,5.2386165
1054,ODH_charity_0616:row:1054,6172,OC1(CCCCC1)C[C@H]2CCc3ccccc3N2,ODH,42.9,0.8,34.32,train,0.0,0.0,4.1490455
3404,ODH_charity_0616:row:3404,18899,CC(=O)C1=C(C)OC(=O)C[C@@H]1c2cccc(F)c2,ODH,48.2,0.7,33.74,train,0.0,0.0,4.2544355
2294,ODH_charity_0616:row:2294,12695,C1Cc2cc3ccccc3cc2N[C@@H]1c4ccccc4,ODH,13.76,1.0,13.76,train,0.0,0.0,4.9057856
156,ODH_charity_0616:row:156,927,CCCCCCCCCC[C@@H]1Cc2ccccc2N1,ODH,8.2,0.8,6.56,train,0.0,0.0,4.040498
532,ODH_charity_0616:row:532,3122,OCC[C@@H]1CCCn2ccc(c3ccc(Cl)cc3)c12,ODH,14.9,1.0,14.9,train,0.0,0.0,4.399543
3565,ODH_charity_0616:row:3565,19870,COc1ccc(cc1OC)[C@H](C)O,ODH,38.13,1.0,38.13,train,0.0,0.0,2.9968956
852,ODH_charity_0616:row:852,4854,Cc1ccc(NC[C@@H]2CCc3ccccc3N2)cc1,ODH,21.3,1.0,21.3,train,0.0,0.0,4.411189
4706,ODH_charity_0616:row:4706,24714,Cc1ccc(cc1)[S](=O)(=O)N2C(=O)C[C@@H](C=C2c3ccccc3)c4sccc4,ODH,76.4,0.6,45.84,train,0.0,0.0,8.062725
4408,ODH_charity_0616:row:4408,23656,CC(C)(C)OC(=O)[C@](N)(CCCCNC(=O)OCc1ccccc1)CC=Cc2ccccc2,ODH,18.4,1.0,18.4,train,0.0,0.0,12.542661
3636,ODH_charity_0616:row:3636,20222,CC(=O)N[C@@H](C(=[N+]=[N-])C(=O)c1ccc(cc1)c2ccccc2)C(F)(F)F,ODH,4.807,1.0,4.807,train,0.0,0.0,7.277096
4704,ODH_charity_0616:row:4704,24704,Cc1ccc2N(Cc3ccccc3)C(=O)[C@@]4(OC(=O)c5cc6ccccc6n45)c2c1Br,ODH,80.6,0.3,24.18,train,0.0,0.0,11.181982
1866,ODH_charity_0616:row:1866,10406,COC(=O)[C@](C)(N)C\C=C\c1ccccc1,ODH,13.7,1.0,13.7,train,0.0,0.0,3.3964033
4834,ODH_charity_0616:row:4834,25227,COc1ccccc1C#C[C@@H](CC(C)(C)C(=O)OC(C)(C)C)c2ccccc2,ODH,9.42,0.5,4.71,train,0.0,0.0,16.733015
2897,ODH_charity_0616:row:2897,15970,Cc1cccc(c1)[C@@H](O)CO,ODH,22.0,0.8,17.6,train,0.0,0.21657853,2.1664963
4672,ODH_charity_0616:row:4672,24571,C[C@](C/C=C/C=C/c1ccccc1F)(C=O)c2ccccc2,ODH,8.851,1.0,8.851,train,0.0,0.0,4.684635
3034,ODH_charity_0616:row:3034,16823,COc1ccc(\C=C\C=C\C[C@@](C)(C=O)c2ccccc2)cc1OC,ODH,24.125,1.0,24.125,train,0.0,0.0,5.639913
2734,ODH_charity_0616:row:2734,15099,CCCCC(=O)[C@H](NC(=O)OC(C)(C)C)c1cccc(C)c1,ODH,16.9,0.5,8.45,train,0.0,0.0,7.7948303
776,ODH_charity_0616:row:776,4401,OC(=O)[C@@H]1COc2ccccc2O1,ODH,20.7,1.0,20.7,train,0.0,0.0,2.8650143
3463,ODH_charity_0616:row:3463,19220,O[C@@H]1CCCC2(OCCO2)[C@@H]1c3ccc4OCOc4c3,ODH,17.15,1.0,17.15,train,0.0,0.0,5.600304
18,ODH_charity_0616:row:18,180,Oc1ccc(cc1)[S@](=O)c2ccccn2,ODH,8.1,1.0,8.1,train,0.0,0.0,4.2588954
3480,ODH_charity_0616:row:3480,19271,COc1ccc(cc1)C(=O)[C@@H](O)[C@H](C=C)c2ccccc2,ODH,39.5,0.5,19.75,train,0.0,0.0,4.9506884
4797,ODH_charity_0616:row:4797,25115,CCCCC[S@@](=O)c1ccccc1,ODH,7.63,1.0,7.63,train,0.0,0.1244517,2.8501735
1967,ODH_charity_0616:row:1967,10984,C1Nc2ccccc2N[C@@H]1c3ccccc3,ODH,18.2,0.6,10.92,train,0.0,0.0,5.56199
3438,ODH_charity_0616:row:3438,19127,C[C@@](CC(=C)c1ccc(F)cc1)(C=O)c2ccccc2,ODH,37.678,1.0,37.678,train,0.0,0.0,4.4370346
2655,ODH_charity_0616:row:2655,14616,C[C@@H]1C[C@H](c2ccc3ccccc3c2)C(C)(C)C1=O,ODH,10.12,1.0,10.12,train,0.0,0.0,8.465931
1108,ODH_charity_0616:row:1108,6598,Brc1ccc(cc1)[C@]2(CCC(=O)O2)C(=O)OC(c3ccccc3)c4ccccc4,ODH,30.1,0.75,22.575,train,0.0,0.0,8.789793
1411,ODH_charity_0616:row:1411,8120,O=S(C1=CC=C(C)C=C1)(N(C2=CC=CC=C2)/C=C3C[C@]4([H])N(S(=O)(C5=CC=C(C)C=C5)=O)C6=C(C=CC=C6)C4=C[C@@H]/3C7=CC=CC=C7)=O,ODH,15.33,0.8,12.264,train,0.0,0.0,16.098932
726,ODH_charity_0616:row:726,4160,CCOC(=O)C[C@@H](Sc1ccccc1)c2ccccc2,ODH,10.9,1.0,10.9,train,0.0,0.0823116,3.8782115
97,ODH_charity_0616:row:97,532,Clc1ccc(cc1)[C@@H]2[C@@H](C=O)[C@]23CCC3(c4ccccc4)c5ccccc5,ODH,9.33,1.0,9.33,train,0.0,0.0,10.291104
3296,ODH_charity_0616:row:3296,18384,CC[C@@H](NCc1ccccc1)[C@H](C)O,ODH,27.5,1.0,27.5,train,0.0,0.09034532,2.9522808
2538,ODH_charity_0616:row:2538,13952,CCCC[C@@H]1Nc2ccccc2OC1=O,ODH,18.3,0.7,12.81,train,0.0,0.0,3.1973777
2342,ODH_charity_0616:row:2342,12972,N[C@@H](C(=[N+]=[N-])C(=O)c1ccc2ccccc2c1)C(F)(F)F,ODH,16.861,1.0,16.861,train,0.0,0.0,5.535865
591,ODH_charity_0616:row:591,3426,OC[C@@H]1[C@H](C[C@H]1c2cccn2CC=C)c3cccc(Cl)c3,ODH,10.1,1.0,10.1,train,0.0,0.0,6.2385917
2246,ODH_charity_0616:row:2246,12374,CC(C)[C@@H](CC(C)=O)c1ccccc1,ODH,18.7,0.5,9.35,train,0.0,0.0,3.9025729
1104,ODH_charity_0616:row:1104,6565,CCC[C@H]1NCc2ccc(C)cc2[C@H]1F,ODH,10.8,0.8,8.64,train,0.0,0.0,3.7070785
551,ODH_charity_0616:row:551,3252,C[C@@H](CC(=O)c1sccc1)[S](=O)(=O)c2ccc(C)cc2,ODH,15.3,1.0,15.3,train,0.0,0.0,5.3129067
2755,ODH_charity_0616:row:2755,15232,C=C[C@@H]1CC(=C(O1)\C=C\c2ccccc2)C#N,ODH,20.552,1.0,20.552,train,0.0,0.0,3.7229114
401,ODH_charity_0616:row:401,2177,COc1ccccc1[C@@H](O)C[N+]([O-])=O,ODH,9.8,1.2,11.76,train,0.0,0.0,2.9820855
787,ODH_charity_0616:row:787,4538,N[C@H](c1ccccc1)c2ccccc2O,ODH,21.39,0.7,14.973,train,0.0,0.0,4.338479
2048,ODH_charity_0616:row:2048,11424,C=C[C@H](CCc1ccccc1)C(Cc2ccc3ccccc3c2)(C#N)C#N,ODH,14.82,1.0,14.82,train,0.0,0.0,7.603047
937,ODH_charity_0616:row:937,5262,CCCCCC[C@H](CC=O)CC(CCc1ccccc1)([S](=O)(=O)c2ccccc2)[S](=O)(=O)c3ccccc3,ODH,26.9,1.0,26.9,train,0.0,0.0,11.053739
2399,ODH_charity_0616:row:2399,13214,Clc1ccc2N[C@@H](CCc2c1)c3ccccc3,ODH,10.48,1.0,10.48,train,0.0,0.0,3.9916804
3301,ODH_charity_0616:row:3301,18412,C[C@H](O)[C@H](Oc1ccc(Br)cc1)c2ccccc2,ODH,25.44,1.0,25.44,train,0.0,0.0,4.6718974
522,ODH_charity_0616:row:522,3096,COc1ccc(cc1)[C@@H](O)C(=O)OC(C)C,ODH,14.8,1.0,14.8,train,0.0,0.0,3.4209583
2122,ODH_charity_0616:row:2122,11702,CCC[C@H](Nc1ccc(Br)cc1)C=C,ODH,15.14,1.0,15.14,train,0.0,0.0,2.8467414
1862,ODH_charity_0616:row:1862,10398,CC[C@H](\C=C\c1ccc2cc(OC)ccc2c1)C#CCc3ccccc3,ODH,13.7,0.5,6.85,train,0.0,0.0,5.5343814
1537,ODH_charity_0616:row:1537,8715,C1Oc2ccccc2N[C@H]1c3ccccc3,ODH,15.7,0.7,10.99,train,0.0,0.0,5.0625176
3286,ODH_charity_0616:row:3286,18315,Clc1ccc(\C=C\[C@@H]2COc3ccccc3O2)cc1,ODH,29.27,1.0,29.27,train,0.0,0.0,3.6586983
2875,ODH_charity_0616:row:2875,15892,CCCCC(C1=CC=CC=C1)=[C@@]=CC2=CC=CC=C2,ODH,24.2,0.5,12.1,train,0.0,0.0,3.8238819
1980,ODH_charity_0616:row:1980,11031,Fc1ccc(cc1)[C@@H]2CCc3ccccc3N2,ODH,8.94,1.0,8.94,train,0.0,0.0,3.8853643
572,ODH_charity_0616:row:572,3330,COc1ccc2[C@@H](O)CCCc2c1,ODH,15.6,1.0,15.6,train,0.0,0.0,2.6985743
826,ODH_charity_0616:row:826,4750,CC(C)(C)OC(=O)N1CCN(CC1)C(=O)[C@@H]2COc3ccccc3O2,ODH,22.7,1.0,22.7,train,0.0,0.0,9.1505575
288,ODH_charity_0616:row:288,1640,O=C1N[C@@H](CCc2ccccc2)CO1,ODH,11.9,1.0,11.9,train,0.0,0.0,2.6142964
3170,ODH_charity_0616:row:3170,17753,COC(=O)/C=C/[C@@H](NCc1ccccc1)c2occc2,ODH,19.9,0.6,11.94,train,0.0,0.0,4.0808535
2638,ODH_charity_0616:row:2638,14487,COc1ccc2N(C(=O)C(c3ccccc3)c4ccccc4)C(=O)[C@@](C)(C(=O)OCC=C)c2c1,ODH,19.1,0.8,15.28,train,0.0,0.0,9.723094
357,ODH_charity_0616:row:357,1949,CO[P](=O)(OC)C(=[N+]=[N-])[C@@]1(NC(=O)OC(C)(C)C)C(=O)N(Cc2ccccc2)c3ccccc13,ODH,13.292,0.5,6.646,train,0.0,0.0,17.315891
3227,ODH_charity_0616:row:3227,18091,OC[C@@H](O)c1sccc1,ODH,33.9,0.8,27.12,train,0.0,0.28551695,1.9419932
260,ODH_charity_0616:row:260,1474,CCOC(=O)C[C@@H](Sc1ccccc1)c2cccc(F)c2,ODH,11.2,1.0,11.2,train,0.0,0.028604968,4.1869373
2702,ODH_charity_0616:row:2702,14939,[O-][N+](=O)C[C@H](c1ccccc1)c2ccc(cc2)c3ccccc3,ODH,33.4,1.0,33.4,train,0.0,0.0,5.5837917
1218,ODH_charity_0616:row:1218,7158,COC(=O)[C@@H]1Cc2c(O1)ccc3ccccc23,ODH,10.52,1.0,10.52,train,0.0,0.0,4.464169
1653,ODH_charity_0616:row:1653,9364,C[C@@](CO)(CSc1sc2ccccc2n1)c3ccccc3,ODH,12.5,1.0,12.5,train,0.0,0.0,5.4117184
839,ODH_charity_0616:row:839,4816,OCC[C@@H]1CCCCn2ccc(c3ccccc3F)c12,ODH,23.19,1.0,23.19,train,0.0,0.0,4.575142
114,ODH_charity_0616:row:114,644,Fc1ccc(cc1)[C@H]2CCc3cc(Br)ccc3N2,ODH,13.6,0.8,10.88,train,0.0,0.0,4.6817107
4376,ODH_charity_0616:row:4376,23508,CC(=C)C[C@H]1CC(=NO1)c2ccc(C)c(C)c2,ODH,8.53,0.8,6.824,train,0.0,0.0,7.4475694
4655,ODH_charity_0616:row:4655,24519,Fc1ccccc1[C@]2(CCC(=O)O2)C(=O)OC(c3ccccc3)c4ccccc4,ODH,11.9,0.75,8.925,train,0.0,0.0,8.771554
4813,ODH_charity_0616:row:4813,25156,Cc1cc([C@H](C(=O)OCc2ccccc2)c3cccc(F)c3)c(C)n1Cc4ccccc4,ODH,10.7,0.7,7.49,train,0.0,0.0,9.402616
2172,ODH_charity_0616:row:2172,12008,Fc1cccc(c1)[S@@](=O)Cc2ccccc2,ODH,15.53,1.0,15.53,train,0.0,0.28030345,3.6592896
1565,ODH_charity_0616:row:1565,8906,O[C@@H]1CCCC[C@H]1NCc2ccccc2,ODH,12.08,1.0,12.08,train,0.0,0.0,3.1790178
251,ODH_charity_0616:row:251,1439,Cc1ccc(cc1)C(=O)[C@@]2(OCCC[C@@H]2Br)c3ccc(C)cc3,ODH,8.57,1.0,8.57,train,0.0,0.0,5.9559336
4459,ODH_charity_0616:row:4459,23838,FC(F)(F)c1ccc(cc1)[C@@H]2NCCc3ccccc23,ODH,8.1,0.8,6.48,train,0.0,0.0,5.775251
4664,ODH_charity_0616:row:4664,24541,CCCCC[C@@H](C=C)n1ccc2cc(ccc12)C#Cc3ccccc3,ODH,8.8,1.0,8.8,train,0.0,0.0,6.3397365
3552,ODH_charity_0616:row:3552,19778,O[C@@H](C(=O)NCCc1ccc(cc1)[N+]([O-])=O)c2ccccc2,ODH,35.25,0.8,28.2,train,0.0,0.0,5.4208717
1278,ODH_charity_0616:row:1278,7402,BrC[C@H]1CC(CN1[S](=O)(=O)c2ccccc2)(c3ccccc3)c4ccccc4,ODH,14.94,1.0,14.94,train,0.0,0.0,8.462838
2175,ODH_charity_0616:row:2175,12027,O[C@@H]1c2ccccc2N(Cc3ccccc3)C(=O)[C@]1(CBr)c4ccccc4,ODH,13.58,1.0,13.58,train,0.0,0.0,8.432585
2800,ODH_charity_0616:row:2800,15521,Fc1ccc(OC(=O)/C=C/[C@@H](C2CCCCC2)N3C(=O)C4CC=CCC4C3=O)cc1,ODH,21.1,0.8,16.88,train,0.0,0.0,8.711611
2716,ODH_charity_0616:row:2716,14987,C=C[C@@H](C1CC1)c2c[nH]c3ccccc23,ODH,22.0,1.0,22.0,train,0.0,0.0,3.6176775
831,ODH_charity_0616:row:831,4759,O=CC[C@@H](Cc1ccccc1)C(=O)OCc2ccccc2,ODH,22.8,1.0,22.8,train,0.0,0.2988384,4.0080876
3427,ODH_charity_0616:row:3427,19054,CCCCCCCC[C@H]1[C@H](C=C(OC1=O)c2ccccc2)c3ccccc3,ODH,22.6,0.75,16.95,train,0.0,0.0,6.030056
2141,ODH_charity_0616:row:2141,11784,COc1ccc(OC)c2[C@@H](O)[C@@H](C=Cc12)C(C)C,ODH,37.52,1.0,37.52,train,0.0,0.0,8.115827
1509,ODH_charity_0616:row:1509,8541,COc1ccc(cc1)[C@H](C)c2ccc(cc2)c3ccccc3,ODH,10.69,0.5,5.345,train,0.0,0.0,5.111786
1668,ODH_charity_0616:row:1668,9430,Fc1ccc(\C=C\[C@@H]2COc3cc4CCCc4cc3O2)cc1,ODH,12.6,1.0,12.6,train,0.0,0.0,4.7927547
144,ODH_charity_0616:row:144,839,CCCC[C@@H](F)C(=O)c1nccn1c2ccccc2,ODH,7.9,1.0,7.9,train,0.0,0.0,4.2005486
2363,ODH_charity_0616:row:2363,13049,C1Cc2cc(ccc2N[C@@H]1c3ccccc3)c4ccccc4,ODH,12.79,1.0,12.79,train,0.0,0.0,5.224309
509,ODH_charity_0616:row:509,2978,OC(C[C@H]1CCc2ccccc2N1)(c3ccccc3)c4ccccc4,ODH,14.5,1.0,14.5,train,0.0,0.0,6.1937003
3153,ODH_charity_0616:row:3153,17660,C[S](=O)(=O)N1[C@H](C=Cc2ccccc12)c3ccc4ccccc4c3,ODH,31.0,0.5,15.5,train,0.0,0.0,7.309503
1933,ODH_charity_0616:row:1933,10734,CC(=C)C[C@@H]1CC(=NO1)c2ccccc2,ODH,14.05,0.6,8.43,train,0.0,0.0,4.6200333
2210,ODH_charity_0616:row:2210,12186,Brc1ccc2N(Cc3ccccc3)C(=O)[C@@H](CC4CC4)Oc2c1,ODH,15.8,0.5,7.9,train,0.0,0.0,5.711812
3459,ODH_charity_0616:row:3459,19213,CCOC(=O)[C@@]1(N[S](=O)(=O)c2c3ccccc3ccc12)C#Cc4ccccc4,ODH,42.4,0.5,21.2,train,0.0,0.0,8.80337
2587,ODH_charity_0616:row:2587,14156,CC1(C)[C@@H](CCC1=O)c2ccc3ccccc3c2,ODH,18.63,1.0,18.63,train,0.0,0.0,5.828429
649,ODH_charity_0616:row:649,3746,Cc1cc2CCCC[C@H](O)c2cc1C,ODH,17.3,1.0,17.3,train,0.0,0.0,3.383065
296,ODH_charity_0616:row:296,1672,CC[C@@H](C#Cc1cccc(Cl)c1)c2ccccc2,ODH,11.49,1.0,11.49,train,0.0,0.0,3.771199
4914,ODH_charity_0616:row:4914,25544,C[C@](C\C=C\C=C\c1ccccc1)(C=O)c2ccc(cc2)C(F)(F)F,ODH,9.708,1.0,9.708,train,0.0,0.0,5.926099
3205,ODH_charity_0616:row:3205,17977,CCC[C@]1(CI)COc2ccccc12,ODH,27.9,0.5,13.95,train,0.0,0.0,3.4545486
108,ODH_charity_0616:row:108,615,CC(C)OC(=O)[C@H](O)c1cccc(Cl)c1,ODH,7.1,1.0,7.1,train,0.0,0.0,3.3623586
2631,ODH_charity_0616:row:2631,14420,O[C@H](C(O)=O)c1ccc(Cl)cc1,ODH,15.48,0.8,12.384,train,0.0,0.0,2.5611088
4086,ODH_charity_0616:row:4086,22222,CN1CCc2ccccc2[C@H]1CCc3ccccc3,ODH,7.2,0.7,5.04,train,0.0,0.0,4.5325513
1179,ODH_charity_0616:row:1179,7018,COC(=O)[C@]1(CCC(=O)O1)c2ccccc2,ODH,10.4,0.75,7.8,train,0.0,0.0,4.3721
2321,ODH_charity_0616:row:2321,12855,CC[C@H](C#Cc1ccccc1Cl)c2ccccc2,ODH,16.7,0.7,11.69,train,0.0,0.0,3.8831537
2239,ODH_charity_0616:row:2239,12308,CC[P@](=O)(c1ccccc1)c2ccc(cc2)c3ccccc3,ODH,15.91,1.0,15.91,train,0.0,0.0,6.0071993
3691,ODH_charity_0616:row:3691,20526,Brc1ccc(\C=C\[C@H]2COc3ccccc3O2)cc1,ODH,39.54,1.0,39.54,train,0.0,0.0,3.6434333
334,ODH_charity_0616:row:334,1827,CCOC(=O)C[C@@H](B1OC(C)(C)C(C)(C)O1)c2ccc(cc2)c3ccccc3,ODH,10.8,0.5,5.4,train,0.0,0.0,14.158024
3600,ODH_charity_0616:row:3600,20037,CC(C)(C)OC(=O)[C@](C)(N)C\C=C\c1cc(Cl)cc(Cl)c1,ODH,39.8,0.5,19.9,train,0.0,0.0,9.122331
426,ODH_charity_0616:row:426,2313,Cc1ccc2N[C@H](C(=O)Oc2c1)c3ccccc3,ODH,21.0,1.0,21.0,train,0.0,0.0,5.1353555
168,ODH_charity_0616:row:168,979,F[C@@H]1CCCO[C@]1(C(=O)c2ccc(F)cc2)c3ccc(F)cc3,ODH,8.37,1.0,8.37,train,0.0,0.0,6.119721
760,ODH_charity_0616:row:760,4255,COC(=O)[C@@H]1COc2cc(Cl)c(Cl)cc2O1,ODH,19.9,1.0,19.9,train,0.0,0.0,3.673716
3548,ODH_charity_0616:row:3548,19762,Fc1ccccc1[C@@H]2CC(=O)N=C(S2)c3ccccc3,ODH,42.9,0.5,21.45,train,0.0,0.0,5.2272425
548,ODH_charity_0616:row:548,3249,C[C@H](CC(=O)c1ccccc1)[S](=O)(=O)c2ccccc2,ODH,17.2,1.0,17.2,train,0.0,0.0,5.2296405
49,ODH_charity_0616:row:49,366,COc1cccc2[C@H](CCOc12)CC(=O)NC(C)(C)c3ccccn3,ODH,6.1,1.0,6.1,train,0.0,0.0,7.077233
2677,ODH_charity_0616:row:2677,14815,CC[C@H](\C=C\c1ccc2ccccc2c1)C#Cc3ccc(cc3)C#N,ODH,19.7,0.5,9.85,train,0.0,0.0,5.6794915
4968,ODH_charity_0616:row:4968,25839,COc1ccc(cc1)C(=O)N[C@@](C)(C(=O)NC(C)C)C(=O)OCc2ccccc2,ODH,92.7,0.1,9.27,train,0.0,0.0,9.689495
2151,ODH_charity_0616:row:2151,11852,Cc1ccccc1\C=C\2CC[C@@H]2O,ODH,15.318,0.8,12.2544,train,0.0,0.0,2.8867893
3488,ODH_charity_0616:row:3488,19330,FC(F)(F)c1ccc(cc1)[C@H]2COc3ccccc3C2,ODH,31.9,0.5,15.95,train,0.0,0.0,4.4632072
3211,ODH_charity_0616:row:3211,18008,CC(C)C[C@@H]1CC(=O)N(Cc2ccccc2)C1=O,ODH,28.0,0.5,14.0,train,0.0,0.0,4.5311694
2497,ODH_charity_0616:row:2497,13807,COc1cc2CCC[C@@H](C#C[Si](c3ccccc3)(c4ccccc4)c5ccccc5)c2cc1OC,ODH,18.1,0.8,14.48,train,0.0,0.0,9.8219385
347,ODH_charity_0616:row:347,1912,CC(O)[C@@H](C)C1CCc2ccccc2N1,ODH,9.0,1.0,9.0,train,0.0,0.0,4.2501903
3907,ODH_charity_0616:row:3907,21424,O=C([C@](C1=CC=CC(OC(F)(F)F)=C12)(C#CC3=CC=CC=C3)NS2(=O)=O)OCC,ODH,57.9,0.5,28.95,train,0.0,0.0,8.525483
2315,ODH_charity_0616:row:2315,12838,BrC(=C)[C@H]1CC(CN1[S](=O)(=O)c2ccccc2)(c3ccccc3)c4ccccc4,ODH,16.67,1.0,16.67,train,0.0,0.0,8.568659
3328,ODH_charity_0616:row:3328,18520,COC(=O)[C@@H](O)c1ccc(C)cc1,ODH,3.89,2.0,7.78,train,0.0,0.0,2.689198
4631,ODH_charity_0616:row:4631,24451,Cc1ccc(cc1)[C@@H]2[C@H](O)CCCC23OCCO3,ODH,9.361,1.0,9.361,train,0.0,0.0,4.4542737
2063,ODH_charity_0616:row:2063,11456,COC(=O)[C@H]1Cc2ccccc2CO1,ODH,12.1,1.0,12.1,train,0.0,0.0,3.180161
3393,ODH_charity_0616:row:3393,18826,O=[S]1(=O)N[C@H](c2ccccc2)c3ccccc13,ODH,31.1,0.8,24.88,train,0.0,0.0,5.81454
2512,ODH_charity_0616:row:2512,13844,COc1ccc(N[C@H](CCc2ccccc2)C(F)(F)F)cc1,ODH,23.4,0.8,18.72,train,0.0,0.0,4.643524
4615,ODH_charity_0616:row:4615,24412,CCCCC[C@H](C=C)n1ccc2c(OC)cccc12,ODH,12.2,1.0,12.2,train,0.0,0.0,5.3178754
193,ODH_charity_0616:row:193,1070,CC(C)(C)OC(=O)N1[C@H](CO[S]1(=O)=O)c2ccccc2,ODH,11.3,1.0,11.3,train,0.0,0.0,10.686132
1353,ODH_charity_0616:row:1353,7811,C[C@H]1Cc2ccccc2N[C@H]1c3ccccc3,ODH,13.1,0.8,10.48,train,0.0,0.0,4.6194315
1341,ODH_charity_0616:row:1341,7746,CN(CC[C@@H](O)c1ccc(C)cc1)Cc2ccccc2,ODH,14.19,0.8,11.352,train,0.0,0.0,4.19389
3906,ODH_charity_0616:row:3906,21423,CCOC(=O)[C@@]1(CC(=CC(=O)O1)c2ccccc2)C(F)(F)F,ODH,51.2,0.75,38.4,train,0.0,0.0,5.6371813
2189,ODH_charity_0616:row:2189,12101,CC(C)(C)OC(=O)CC[C@](N)(C\C=C\c1ccccc1)C(=O)OC(C)(C)C,ODH,13.4,0.5,6.7,train,0.0,0.0,13.637464
994,ODH_charity_0616:row:994,5772,CC(=O)C[C@@H]1CCCN1C(=O)OCc2ccccc2,ODH,33.2,0.5,16.6,train,0.0,0.0,3.7374587
3747,ODH_charity_0616:row:3747,20838,CCO[P](=O)(OCC)[C@@]12CC(=CC(=O)N1[S](=O)(=O)c3ccccc23)c4cccc(C)c4,ODH,40.5,0.8,32.4,train,0.0,0.0,11.942889
4461,ODH_charity_0616:row:4461,23844,CC(C)(O)C[C@@H]1CCc2ccccc2N1,ODH,8.1,0.8,6.48,train,0.0,0.0,4.384629
4394,ODH_charity_0616:row:4394,23591,O[C@H]/1CCCCC1=C/c2ccccc2,ODH,6.58,1.0,6.58,train,0.0,0.0,3.1045346
511,ODH_charity_0616:row:511,2980,OC(C[C@H]1CCc2ccccc2N1)(c3ccccc3)c4ccccc4,ODH,14.5,1.0,14.5,train,0.0,0.0,6.189716
3665,ODH_charity_0616:row:3665,20356,COc1ccc(cc1)[C@@H](O)CO,ODH,41.0,0.8,32.8,train,0.0,0.12620662,2.2905393
3991,ODH_charity_0616:row:3991,21830,C[C@@H](\C=C\c1ccc(C)c(C)c1)[C@](C)(N)C(=O)OC(C)(C)C,ODH,5.3,1.0,5.3,train,0.0,0.0,14.779995
1563,ODH_charity_0616:row:1563,8897,CN(CC[C@H](O)c1cccc(C)c1)Cc2ccccc2,ODH,12.05,0.8,9.64,train,0.0,0.0,4.206142
166,ODH_charity_0616:row:166,973,Cc1cc(C)cc(c1)C2=NO[C@](C2)(CC(F)(F)F)c3ccccc3,ODH,8.34,0.8,6.672,train,0.0,0.0,8.398923
4137,ODH_charity_0616:row:4137,22407,COC(=O)[C@H](SCc1ccccc1)c2ccccc2,ODH,6.85,1.0,6.85,train,0.0,0.0,4.3576927
2893,ODH_charity_0616:row:2893,15927,COc1ccccc1[C@H](C)O,ODH,21.9,1.0,21.9,train,0.0,0.0,2.2544258
4690,ODH_charity_0616:row:4690,24643,CCCCC[C@H](C=C)n1ccc2cc(OC)ccc12,ODH,7.8,1.0,7.8,train,0.0,0.0,5.01474
1017,ODH_charity_0616:row:1017,5914,C[C@@H]1Nc2ccccc2[C@@H]1C,ODH,31.1,0.8,24.88,train,0.0,0.0,3.387464
4649,ODH_charity_0616:row:4649,24507,CCOC(=O)[C@@]1(CCC(=O)O1)c2ccccc2,ODH,10.0,0.75,7.5,train,0.0,0.0,4.4909267
4486,ODH_charity_0616:row:4486,23938,CN(C[C@@H](CSc1scnn1)C#N)C(c2ccccc2)c3ccccc3,ODH,9.9,1.0,9.9,train,0.0,0.0,6.575731
2273,ODH_charity_0616:row:2273,12546,CCOC(=O)C1=C(C)OC(=O)C[C@H]1c2ccccc2,ODH,9.1,0.7,6.37,train,0.0,0.0,4.3619604
3967,ODH_charity_0616:row:3967,21732,C[C@H](COC=O)c1ccc(cc1)c2ccccc2,ODH,54.3,0.5,27.15,train,0.0,0.1706785,3.6035872
3104,ODH_charity_0616:row:3104,17252,COc1ccccc1C#CC[C@]2(C)COc3ccccc23,ODH,25.3,0.5,12.65,train,0.0,0.0,4.848874
565,ODH_charity_0616:row:565,3304,CC(C)(NC(=O)C[C@H](CCc1ccccc1)c2ccc(cc2)c3ccccc3)c4ccccn4,ODH,18.5,0.5,9.25,train,0.0,0.0,11.299903
2113,ODH_charity_0616:row:2113,11661,Cc1cccc(c1)\C=C\2CCC[C@H]2O,ODH,12.8,0.8,10.24,train,0.0,0.0,2.7994146
1028,ODH_charity_0616:row:1028,6041,COc1ccc(cc1OC)[C@H](O)CCl,ODH,46.6,1.0,46.6,train,0.0,0.0,2.9345663
4113,ODH_charity_0616:row:4113,22321,C1Oc2ccccc2O[C@H]1\C=C\c3ccccc3,ODH,8.34,1.0,8.34,train,0.0,0.0,4.1340623
4047,ODH_charity_0616:row:4047,22080,O[C@@H]/1CCCC1=C/Cc2ccccc2,ODH,7.2,0.8,5.76,train,0.0,0.0,3.4128044
2670,ODH_charity_0616:row:2670,14748,Cc1ccc(cc1)[S](=O)(=O)N2CCC[C@H](C2)c3ccccc3,ODH,23.1,1.0,23.1,train,0.0,0.0,5.439812
1408,ODH_charity_0616:row:1408,8110,COc1ccccc1[C@@H]([C@H](C)O)N2CCCC2,ODH,11.35,1.0,11.35,train,0.0,0.0,4.11133
3236,ODH_charity_0616:row:3236,18117,Clc1ccc(C[C@@H]2Oc3ccccc3N(Cc4ccccc4)C2=O)cc1,ODH,21.8,0.5,10.9,train,0.0,0.0,6.339434
2733,ODH_charity_0616:row:2733,15091,COC(=O)c1ccc(cc1)C(=O)C(=[N+]=[N-])[C@H](N)C(F)(F)F,ODH,20.266,1.0,20.266,train,0.0,0.0,5.2383013
4192,ODH_charity_0616:row:4192,22703,CC(C)OC(=O)[C@H](F)\C=C\c1ccccc1,ODH,6.7,1.0,6.7,train,0.0,0.0,2.8818831
2846,ODH_charity_0616:row:2846,15745,O=C([C@@H](Nc1ccccc1)c2ccccc2)c3ccccc3,ODH,21.58,1.0,21.58,train,0.0,0.0,5.4469156
1462,ODH_charity_0616:row:1462,8379,Cc1ccc(C[C@@H]2Cc3ccccc3N2)cc1,ODH,12.9,1.0,12.9,train,0.0,0.0,3.4932566
3088,ODH_charity_0616:row:3088,17189,Brc1cccc(c1)[C@@H]2CCc3ccccc3N2,ODH,17.81,0.6,10.686,train,0.0,0.0,4.2578244
3737,ODH_charity_0616:row:3737,20774,O=C([C@H](Nc1ccccc1)c2ccc3ccccc3c2)c4ccc5ccccc5c4,ODH,34.25,1.0,34.25,train,0.0,0.0,7.755418
2567,ODH_charity_0616:row:2567,14070,CCC(CC)(CC[C@@]1(C)COc2ccc(Br)cc12)CC(=O)c3ccccc3,ODH,19.2,0.5,9.6,train,0.0,0.0,8.854961
1248,ODH_charity_0616:row:1248,7277,CC(=C)C[C@H]1CC(=NO1)c2ccc(cc2)C(C)(C)C,ODH,9.7,0.6,5.82,train,0.0,0.0,10.196699
2583,ODH_charity_0616:row:2583,14136,CCOC(=O)[C@@H]1[C@H](c2ccccc2)c3ccccc3N(C)C1=O,ODH,18.6,1.0,18.6,train,0.0,0.0,6.8526344
3518,ODH_charity_0616:row:3518,19562,C1Cc2ccccc2N[C@H]1c3ccc(cc3)c4ccccc4,ODH,35.64,0.6,21.384,train,0.0,0.0,5.5125904
308,ODH_charity_0616:row:308,1733,C1Cc2ccccc2N[C@H]1CNC(c3ccccc3)c4ccccc4,ODH,10.6,1.0,10.6,train,0.0,0.0,6.2599673
4782,ODH_charity_0616:row:4782,25052,Oc1ccccc1[C@H](OCCOC(=O)c2ccccc2)c3ccccc3,ODH,11.0,1.0,11.0,train,0.0,0.0,6.244879
2919,ODH_charity_0616:row:2919,16103,CCCCC(=O)[C@@H](NC(=O)OC(C)(C)C)c1ccc2ccccc2c1,ODH,22.3,0.5,11.15,train,0.0,0.0,8.530974
24,ODH_charity_0616:row:24,201,CO[C@H](NC(=O)c1ccccc1)c2cc(C)ccc2CCCC(F)(F)F,ODH,6.78,1.0,6.78,train,0.0,0.0,5.530555
3572,ODH_charity_0616:row:3572,19935,O[C@@]1([C@H](C=C)c2cccnc2)C(=O)N(Cc3cccc4ccccc34)c5ccccc15,ODH,38.781,1.0,38.781,train,0.0,0.0,9.815039
714,ODH_charity_0616:row:714,4108,Cc1ccccc1[C@H]2CCc3ccccc3N2,ODH,22.2,0.5,11.1,train,0.0,0.0,4.238435
316,ODH_charity_0616:row:316,1753,O=C1Oc2ccccc2N[C@@H]1c3cscc3,ODH,10.6,1.0,10.6,train,0.0,0.0,4.6107793
882,ODH_charity_0616:row:882,5020,CC(C)(C)c1ccc(C[C@H]2CCCOC2=O)cc1,ODH,16.8,1.0,16.8,train,0.0,0.0,6.5322785
1062,ODH_charity_0616:row:1062,6226,O[C@H](C[N+]([O-])=O)c1ccccc1[N+]([O-])=O,ODH,45.211,0.8,36.1688,train,0.0,0.0,3.3908217
2963,ODH_charity_0616:row:2963,16363,O[C@@]1([C@H](C=C)c2ccccc2)C(=O)N(Cc3cccc4ccccc34)c5c(F)cccc15,ODH,11.899,1.0,11.899,train,0.0,0.0,10.318511
60,ODH_charity_0616:row:60,414,COc1cccc2CC[C@@H](Nc12)c3ccc(F)cc3,ODH,8.5,0.8,6.8,train,0.0,0.0,4.805774
3722,ODH_charity_0616:row:3722,20679,Cc1ccc(cc1)[S](=O)(=O)N2CC[C@@H](C2)c3ccc(Cl)cc3,ODH,45.6,1.0,45.6,train,0.0,0.0,5.49502
1745,ODH_charity_0616:row:1745,9784,CCOC(=O)C[C@H](C#Cc1ccccc1)c2ccccc2,ODH,12.96,0.7,9.072,train,0.0,0.15594171,3.9806232
4327,ODH_charity_0616:row:4327,23287,CCC[C@H](Oc1ccccc1)C=C,ODH,7.632,0.5,3.816,train,0.0,0.0,2.6127765
3561,ODH_charity_0616:row:3561,19849,CCC[C@@H](C=C)c1n2ccccc2cc1C,ODH,38.074,0.3,11.4222,train,0.0,0.0,5.8793674
3786,ODH_charity_0616:row:3786,20995,O=C([C@@H]1[C@@H]2CCC=C[C@@H]2OC1(c3ccccc3)c4ccccc4)c5ccccc5,ODH,4.759,1.0,4.759,train,0.0,0.0,9.938861
1582,ODH_charity_0616:row:1582,8969,OC[C@@H]1COC2(CCCCC2)c3ccccc3O1,ODH,19.7,1.0,19.7,train,0.0,0.0,4.3569117
330,ODH_charity_0616:row:330,1811,CCCCCCCCCC[C@@H]1CCC2=C(CCCC2=O)N1,ODH,10.8,1.0,10.8,train,0.0,0.0,4.7406435
4307,ODH_charity_0616:row:4307,23182,Cc1ccc(cc1)[C@](C)(C\C=C\C=C\c2ccccc2)C=O,ODH,8.902,1.0,8.902,train,0.0,0.0,4.8921323
4115,ODH_charity_0616:row:4115,22323,C[C@@](C\C=C\C=C\c1ccccc1)(C=O)c2ccc(F)cc2,ODH,7.371,1.0,7.371,train,0.0,0.0,5.3347907
1781,ODH_charity_0616:row:1781,9984,Cc1ccccc1/C=C/C=C/C[C@@](C)(C=O)c2ccccc2,ODH,13.178,1.0,13.178,train,0.0,0.0,4.558543
830,ODH_charity_0616:row:830,4758,O=CC[C@H](Cc1ccccc1)C(=O)OCc2ccccc2,ODH,24.9,1.0,24.9,train,0.0,0.3503567,3.9701042
791,ODH_charity_0616:row:791,4576,O[C@@H](C[N+]([O-])=O)c1ccccc1,ODH,27.35,0.8,21.88,train,0.0,0.0,2.4047573
2448,ODH_charity_0616:row:2448,13511,C[C@H](O)c1ccccc1,ODH,14.67,0.6,8.802,train,0.0,0.24965848,1.8717191
4118,ODH_charity_0616:row:4118,22328,C=CCN[C@@H](CCc1ccccc1)C=C,ODH,6.737,0.8,5.3896,train,0.0,0.15188129,2.9515326
3437,ODH_charity_0616:row:3437,19103,Cc1cccc2c1N(Cc3cccc4ccccc34)C(=O)[C@@]2(O)[C@H](C=C)c5ccccc5,ODH,15.456,1.0,15.456,train,0.0,0.0,10.543557
1827,ODH_charity_0616:row:1827,10219,CC(C)(C)[C@@H]1C=Cc2ccccc2[C@H]1O,ODH,21.16,1.0,21.16,train,0.0,0.0,7.2671876
519,ODH_charity_0616:row:519,3075,CCC[C@H]1Nc2ccccc2NC1=O,ODH,19.2,1.0,19.2,train,0.0,0.0,3.1249804
4300,ODH_charity_0616:row:4300,23151,CCC(=C)[C@@H](C)Nc1ccc(OC)cc1,ODH,6.738,1.0,6.738,train,0.0,0.0,4.932579
4805,ODH_charity_0616:row:4805,25133,CCC[C@@H](Nc1ccc2[nH]ccc2c1)C=C,ODH,11.71,2.0,23.42,train,0.0,0.0,3.8598514
3743,ODH_charity_0616:row:3743,20821,CCOC(=O)[C@@]1(N[S](=O)(=O)c2ccccc12)C#Cc3ccc4ccccc4c3,ODH,59.4,0.5,29.7,train,0.0,0.0,9.146253
1068,ODH_charity_0616:row:1068,6248,O[C@H](c1c([nH]c2ccccc12)c3ccccc3)C(F)(F)F,ODH,46.2,1.0,46.2,train,0.0,0.0,5.7278504
1129,ODH_charity_0616:row:1129,6675,CCOC(=O)[C@H](C)Oc1ccccc1,ODH,10.09,1.0,10.09,train,0.0,0.0,2.8406656
3166,ODH_charity_0616:row:3166,17739,O=C1C[C@H](c2ccccc2)C(=C(O1)c3ccccc3)C(=O)c4ccccc4,ODH,26.9,0.7,18.83,train,0.0,0.0,7.227283
1657,ODH_charity_0616:row:1657,9389,CC[C@H](C#Cc1sccc1)c2ccccc2,ODH,12.52,0.7,8.764,train,0.0,0.0,3.3398192
466,ODH_charity_0616:row:466,2546,Cc1ccc(cc1)[C@H]2CCCNC(=O)C2,ODH,13.0,1.0,13.0,train,0.0,0.0,3.0524247
814,ODH_charity_0616:row:814,4670,CC(C)(NC(=O)C[C@@H](CCc1ccccc1)c2ccc(F)c(F)c2)c3ccccn3,ODH,22.2,0.5,11.1,train,0.0,0.0,6.9768577
3739,ODH_charity_0616:row:3739,20783,COc1ccc(C[C@H]2[C@H](C=C(OC2=O)c3ccc(OC)cc3)c4ccccc4)cc1,ODH,36.5,0.75,27.375,train,0.0,0.0,7.367404
1471,ODH_charity_0616:row:1471,8408,Brc1ccc(cc1)C(=O)N2[C@H](Cc3ccccc3c4oc5ccccc5c24)c6ccccc6,ODH,11.6,0.7,8.12,train,0.0,0.0,9.657561
516,ODH_charity_0616:row:516,3044,CC1(C)Nc2ccccc2[C@@H]3CC(=O)C=C[C@@H]13,ODH,18.23,1.0,18.23,train,0.0,0.0,6.443882
2818,ODH_charity_0616:row:2818,15592,C[C@H](Nc1ccccc1)[C@@H](O)c2ccccc2,ODH,25.7,1.0,25.7,train,0.0,0.0,3.858015
3885,ODH_charity_0616:row:3885,21343,CCCCOC[C@H](C(=O)c1ccccc1)c2ccccc2,ODH,5.97,1.0,5.97,train,0.0,0.0,4.3585496
2060,ODH_charity_0616:row:2060,11453,CC(C)(C)OC(=O)[C@](C)(N)C\C=C\c1ccc(F)cc1,ODH,14.9,0.5,7.45,train,0.0,0.0,6.6415005
4838,ODH_charity_0616:row:4838,25233,CC(C)(C)c1ccc(cc1)[P@](=O)(OCc2ccccc2Cl)c3ccccc3,ODH,9.43,0.8,7.544,train,0.0,0.0,12.5950775
1487,ODH_charity_0616:row:1487,8440,COC(=O)[C@@H](Nc1ccc(Br)cc1)c2ccccc2,ODH,11.602,0.8,9.2816,train,0.0,0.0,4.123705
2097,ODH_charity_0616:row:2097,11577,COC(=O)[C@@H](CNC(=O)OC(C)(C)C)Cc1ccccc1,ODH,15.0,0.5,7.5,train,0.0,0.0,5.552992
903,ODH_charity_0616:row:903,5102,C1Oc2ccccc2N[C@H]1c3ccc(cc3)c4ccccc4,ODH,25.5,1.0,25.5,train,0.0,0.0,6.228747
1473,ODH_charity_0616:row:1473,8410,COc1ccc(cc1)[C@@H]2c3cc4OCOc4cc3OC(=C2C#N)N,ODH,11.6,0.7,8.12,train,0.0,0.0,8.415668
908,ODH_charity_0616:row:908,5129,CC(C)(C)OC(=O)N1O[C@@H](O)C[C@@H]1c2ccc(Br)cc2,ODH,22.7,0.5,11.35,train,0.0,0.0,7.6312194
4767,ODH_charity_0616:row:4767,25006,O[C@@H]/1CCC1=C/c2ccccc2F,ODH,7.731,0.8,6.1848,train,0.0,0.0,2.807731
858,ODH_charity_0616:row:858,4896,Clc1ccc(/C=C/[C@H](c2ccc(Cl)cc2)c3c[nH]c4ccccc34)cc1,ODH,23.7,1.0,23.7,train,0.0,0.0,6.5249863
4514,ODH_charity_0616:row:4514,24036,CC(C)(C)OC(=O)N1OCC[C@@H]1Cc2ccccc2,ODH,9.2,0.8,7.36,train,0.0,0.0,8.229728
394,ODH_charity_0616:row:394,2149,CC1(C)CN(C(=S)Nc2ccc(cc2)C#N)[C@@](C)(C1)c3ccccc3,ODH,17.6,1.0,17.6,train,0.0,0.0,12.988228
1231,ODH_charity_0616:row:1231,7231,Clc1ccc2OC(=O)[C@H](Nc2c1)c3ccccc3,ODH,15.7,0.7,10.99,train,0.0,0.0,5.7014093
675,ODH_charity_0616:row:675,3854,CCOC(=O)C[C@H]1Nc2ccccc2OC1=O,ODH,16.5,1.0,16.5,train,0.0,0.0,3.607501
2588,ODH_charity_0616:row:2588,14157,C[C@@](C\C=C\C=C\c1ccccc1)(C=O)c2ccc(cc2)c3ccccc3,ODH,20.937,1.0,20.937,train,0.0,0.0,5.865704
13,ODH_charity_0616:row:13,126,C[C@@]1(CC2(CCCCC2)CN1C(=S)Nc3cc(cc(c3)C(F)(F)F)C(F)(F)F)c4ccccc4,ODH,4.61,1.0,4.61,train,0.0,0.0,11.550623
4580,ODH_charity_0616:row:4580,24281,Cc1ccc(cc1)\C=C\2CCC[C@@H]2O,ODH,8.58,1.022,8.76876,train,0.0,0.0,3.050065
952,ODH_charity_0616:row:952,5318,COc1ccc(cc1)[C@H](O)CCl,ODH,21.2,1.0,21.2,train,0.0,0.045212,2.2905107
4736,ODH_charity_0616:row:4736,24831,CC[C@]1(N(c2ccc(C)cc2C1=C)[S](=O)(=O)C(F)(F)F)c3ccccc3,ODH,9.08,0.5,4.54,train,0.0,0.0,13.245609
46,ODH_charity_0616:row:46,338,CC(C)(O)C[C@@H]1CCc2ccccc2N1,ODH,5.6,0.8,4.48,train,0.0,0.0,3.9613516
2705,ODH_charity_0616:row:2705,14954,O[C@@H](C(=O)Nc1ccc(O)cc1)c2ccccc2,ODH,19.99,0.8,15.992,train,0.0,0.0,4.30065
269,ODH_charity_0616:row:269,1533,Cc1cccc(c1)[C@H]2Nc3ccccc3OC2=O,ODH,10.0,1.0,10.0,train,0.0,0.0,5.0404954
928,ODH_charity_0616:row:928,5235,C1Cc2ccccc2N[C@@H]1CC=Cc3ccccc3,ODH,26.7,0.5,13.35,train,0.0,0.0,3.8875465
243,ODH_charity_0616:row:243,1395,COC(=O)[C@@H]1COc2ccc(cc2O1)C(C)(C)C,ODH,9.5,1.0,9.5,train,0.0,0.0,6.6986966
3126,ODH_charity_0616:row:3126,17429,O=C([C@](C1=CC(Cl)=CC=C12)(C#CC3=CC=CC=C3)NS2(=O)=O)OCC,ODH,35.5,0.5,17.75,train,0.0,0.0,8.045134
3324,ODH_charity_0616:row:3324,18511,CN1CCc2ccccc2[C@@H]1c3ccc(F)cc3,ODH,3.8,1.0,3.8,train,0.0,0.0,4.342117
3005,ODH_charity_0616:row:3005,16587,COC(=O)C1(CC1)NC(=O)[C@](C)(NC(=O)c2ccc(OC)cc2)C(=O)OCc3ccccc3,ODH,23.5,0.5,11.75,train,0.0,0.0,9.343611
2867,ODH_charity_0616:row:2867,15840,Cc1ccccc1[C@@H](O)CO,ODH,21.7,0.8,17.36,train,0.0,0.12874518,2.2461302
2199,ODH_charity_0616:row:2199,12146,COc1ccc(cc1)[C@H]2[C@H](c3ccccc3)c4c(C)oc(c5ccccc5)c4[C@@H]2c6cn(C)c7ccccc67,ODH,13.47,0.6,8.082,train,0.0,0.0,13.322681
4801,ODH_charity_0616:row:4801,25121,CCOC(=O)C(=C)C[C@]1(C=C(c2ccccc2)c3ccccc13)C(F)(F)F,ODH,8.57,0.5,4.285,train,0.0,0.0,8.363963
3733,ODH_charity_0616:row:3733,20762,Fc1ccc(cc1)[C@@H]2NCCNC2=O,ODH,41.4,1.0,41.4,train,0.0,0.0,2.9513476
4223,ODH_charity_0616:row:4223,22846,C[C@@](C\C=C\C=C\c1ccc(cc1)C(F)(F)F)(C=O)c2ccccc2,ODH,7.776,1.0,7.776,train,0.0,0.0,5.481244
3175,ODH_charity_0616:row:3175,17766,CC(=O)c1ccc(cc1)[S@@](=O)Cc2ccccc2,ODH,27.07,1.0,27.07,train,0.0,0.0,4.5170016
3201,ODH_charity_0616:row:3201,17942,COc1ccccc1C(=O)OC[C@@H](O)c2ccccc2,ODH,27.8,1.0,27.8,train,0.0,0.0,4.32862
26,ODH_charity_0616:row:26,207,CC(C)(C)c1ccc(cc1)[S@](=O)c2ccccn2,ODH,5.9,1.0,5.9,train,0.0,0.0,9.207905
1744,ODH_charity_0616:row:1744,9783,CCOC(=O)C[C@@H](C#Cc1ccccc1)c2ccccc2,ODH,8.01,0.7,5.607,train,0.0,0.12332082,3.9733295
976,ODH_charity_0616:row:976,5607,O=C(C[C@@H](\C=C\c1ccccc1)c2ccccc2)c3ccccc3,ODH,30.732,0.5,15.366,train,0.0,0.0,5.1458926
1859,ODH_charity_0616:row:1859,10386,[O-][N+](=O)c1ccc(cc1)[C@@]2(CC#C)CC(=C)OC2=O,ODH,13.68,2.0,27.36,train,0.0,0.0,4.777961
2566,ODH_charity_0616:row:2566,14069,OC[C@@H](CCl)n1nc2ccccc2n1,ODH,18.5,1.0,18.5,train,0.0,0.0,3.0979834
3657,ODH_charity_0616:row:3657,20307,C[C@](CC(=C)c1ccccc1)(C=O)c2cccc(F)c2,ODH,40.578,1.0,40.578,train,0.0,0.0,4.4790072
3020,ODH_charity_0616:row:3020,16769,O[C@]1([C@H](C=C)c2ccccc2)C(=O)N(Cc3cccc4ccccc34)c5cccc(F)c15,ODH,14.872,1.0,14.872,train,0.0,0.0,10.314597
1607,ODH_charity_0616:row:1607,9117,CC1(C)OC[C@@H](CO)Oc2ccccc12,ODH,13.6,1.0,13.6,train,0.0,0.0,4.0057664
3621,ODH_charity_0616:row:3621,20162,CC[Si](CC)(CC)[C@@H](C(=O)OC)c1ccccc1,ODH,3.55,1.0,3.55,train,0.0,0.0,8.150686
1039,ODH_charity_0616:row:1039,6116,COc1ccc(cc1)[C@@H]2CCCNC(=O)C2,ODH,43.6,0.5,21.8,train,0.0,0.0,3.1492984
2885,ODH_charity_0616:row:2885,15912,CCOC(=O)/C=C/[C@@H]1[C@@H](C)N1[S](=O)(=O)c2ccc(C)cc2,ODH,11.97,0.8,9.576,train,0.0,0.0,6.4208913
3916,ODH_charity_0616:row:3916,21486,O=C1C[C@@H](C=C(O1)c2ccccc2)c3ccc4ccccc4c3,ODH,52.4,0.5,26.2,train,0.0,0.0,6.0301924
4092,ODH_charity_0616:row:4092,22254,CC(C)(C)c1ccc(cc1)[P@@](=O)(OCc2ccccc2Br)c3ccccc3,ODH,6.05,0.8,4.84,train,0.0,0.0,13.723542
3549,ODH_charity_0616:row:3549,19763,Fc1ccccc1[C@H]2CC(=O)N=C(S2)c3ccccc3,ODH,37.3,0.5,18.65,train,0.0,0.0,5.173749
1782,ODH_charity_0616:row:1782,9991,CCOC(=O)/C=C/[C@@H]1[C@@H](C(C)C)N1[S](=O)(=O)c2ccc(C)cc2,ODH,8.86,0.8,7.088,train,0.0,0.0,8.683026
1063,ODH_charity_0616:row:1063,6239,COc1cccc(C[C@@H](CC=O)C(=O)OC(C)C)c1,ODH,41.0,1.0,41.0,train,0.0,0.0,3.566099
4074,ODH_charity_0616:row:4074,22179,COc1ccccc1[C@](C)(CC(=C)c2ccccc2)C=O,ODH,7.085,1.0,7.085,train,0.0,0.0,7.0456653
1957,ODH_charity_0616:row:1957,10910,CC1(C)[C@@H](CCC1=O)c2cccc(F)c2,ODH,14.23,1.0,14.23,train,0.0,0.0,3.9197416
4896,ODH_charity_0616:row:4896,25493,Cn1c2ccccc2c([C@@H](C(=O)OCc3ccccc3)c4ccccc4)c1c5ccc(Cl)cc5,ODH,9.7,0.7,6.79,train,0.0,0.0,8.999764
2942,ODH_charity_0616:row:2942,16215,C[C@@]1(CN(Cc2ccccc2)C(=O)c3ccccc13)Cc4ccc5n(c6ccccc6)c7ccccc7c5c4,ODH,19.2,1.0,19.2,train,0.0,0.0,11.123633
460,ODH_charity_0616:row:460,2500,Cc1ccc(cc1)[S](=O)(=O)N2CC=C[C@H]2c3ccccc3,ODH,12.895,1.0,12.895,train,0.0,0.0,6.2750244
2182,ODH_charity_0616:row:2182,12062,OC[C@@H]1COC2(CCCC2)c3ccccc3O1,ODH,23.1,1.0,23.1,train,0.0,0.0,3.9863782
4547,ODH_charity_0616:row:4547,24126,C[C@@H](N[S](=O)(=O)C(C)(C)C)c1ccc(C)c(C)c1,ODH,7.0,1.0,7.0,train,0.0,0.0,10.47246
1821,ODH_charity_0616:row:1821,10205,C[C@]1(C(=O)OCC=C)C(=O)N(C(=O)C(c2ccccc2)c3ccccc3)c4ccc(Br)cc14,ODH,24.3,0.8,19.44,train,0.0,0.0,9.455093
2960,ODH_charity_0616:row:2960,16352,COc1ccc(cc1)[S](=O)(=O)N\C(c2ccccc2)=C3\[C@H]([C@@H](CC3=O)c4ccccc4)c5ccccc5,ODH,26.2,0.75,19.65,train,0.0,0.0,11.095034
542,ODH_charity_0616:row:542,3240,Cc1ccc(cc1)[S](=O)(=O)N2CC[C@@H](CC(=O)NC(C)(C)c3ccccn3)c4cc(F)ccc24,ODH,17.8,0.8,14.24,train,0.0,0.0,10.9080305
2124,ODH_charity_0616:row:2124,11716,CC(C)(C)OC(=O)[C@](C)(N)C\C=C\c1cccc2ccccc12,ODH,15.2,0.5,7.6,train,0.0,0.0,10.1495075
1171,ODH_charity_0616:row:1171,6961,Cc1ccc(cc1)[S](=O)(=O)N2C[C@H](C=C)N(c3cc4ccccc4cc3C2=O)[S](C)(=O)=O,ODH,10.32,1.0,10.32,train,0.0,0.0,12.184442
3139,ODH_charity_0616:row:3139,17584,O[C@@H]([C@H](C=C)c1ccccc1)C(=O)c2ccccc2,ODH,25.0,0.5,12.5,train,0.0,0.0,4.655915
486,ODH_charity_0616:row:486,2744,C1Oc2ccccc2N[C@H]1c3ccccc3,ODH,13.7,1.0,13.7,train,0.0,0.0,4.476964
1008,ODH_charity_0616:row:1008,5863,COc1cc2[nH]cc([C@H](\C=C\c3ccccc3)c4ccccc4)c2cc1OC,ODH,34.794,1.0,34.794,train,0.0,0.0,7.500976
1650,ODH_charity_0616:row:1650,9358,Clc1ccc2N[C@@H](CNc2c1)c3ccccc3,ODH,15.0,0.6,9.0,train,0.0,0.0,5.8280363
1355,ODH_charity_0616:row:1355,7814,[C@@H]1(CC2=CC=C3C=CC=CC3=C2)NC4=C(C=CC=C4)C1,ODH,13.9,1.0,13.9,train,0.0,0.0,5.004842
2474,ODH_charity_0616:row:2474,13678,CCCCC(=O)[C@@H](NC(=O)OC(C)(C)C)c1ccc(Br)cc1,ODH,17.9,0.5,8.95,train,0.0,0.0,6.964538
3502,ODH_charity_0616:row:3502,19447,Brc1ccc(\C=C\[C@@H]2N[S](=O)(=O)Oc3ccccc23)cc1,ODH,34.8,1.0,34.8,train,0.0,0.0,5.948485
1291,ODH_charity_0616:row:1291,7457,Cc1ccc2OC(=O)C[C@H](c3ccccc3)c2c1,ODH,12.87,1.0,12.87,train,0.0,0.0,4.5660725
4280,ODH_charity_0616:row:4280,23058,CCCC(=O)O\C(c1ccccc1)=C\2[C@@H]([C@H](C)C=C2c3ccccc3)c4ccc5ccccc5c4,ODH,7.4,0.7,5.18,train,0.0,0.0,9.276447
1397,ODH_charity_0616:row:1397,8045,CCOc1ccc2nc(SC[C@@H](CN(C)C(c3ccccc3)c4ccccc4)c5sccc5)sc2c1,ODH,11.3,1.0,11.3,train,0.0,0.0,9.017789
2213,ODH_charity_0616:row:2213,12211,Clc1cccc(c1)[C@@H]2CNc3ccccc3N2,ODH,24.4,0.7,17.08,train,0.0,0.0,5.4509654
385,ODH_charity_0616:row:385,2088,O=C[C@@H]1[C@@H](c2ccccc2)[C@@]13CCC3(c4ccccc4)c5ccccc5,ODH,12.48,1.0,12.48,train,0.0,0.0,9.84138
2862,ODH_charity_0616:row:2862,15835,COC(=O)C(C)(C)NC(=O)[C@@](C)(NC(=O)c1ccc(OC)cc1)C(=O)OCc2ccccc2,ODH,25.2,0.5,12.6,train,0.0,0.0,13.653044
3260,ODH_charity_0616:row:3260,18223,Cc1cccc(/C=C/C[C@](C)(N)C(=O)OC(C)(C)C)c1,ODH,14.3,0.5,7.15,train,0.0,0.0,8.274516
2453,ODH_charity_0616:row:2453,13557,C1[C@@H](Cc2ccccc2)Oc3ccccc3N1Cc4ccccc4,ODH,17.7,0.5,8.85,train,0.0,0.0,5.7671676
3217,ODH_charity_0616:row:3217,18052,CCC[C@@H](COC=O)c1ccccc1,ODH,28.2,0.5,14.1,train,0.0,0.3622718,2.446334
1955,ODH_charity_0616:row:1955,10908,CCC[C@@H]1C[C@H](c2ccccc2)C(C)(C)C1=O,ODH,14.23,1.0,14.23,train,0.0,0.0,7.067498
2623,ODH_charity_0616:row:2623,14334,Clc1ccccc1[C@H]2CCN3C(=C2)c4ccccc4[S]3(=O)=O,ODH,18.91,0.8,15.128,train,0.0,0.0,7.71219
2193,ODH_charity_0616:row:2193,12114,CCCCC[C@H](C=C)c1c[nH]c2cccc(Cl)c12,ODH,17.9,1.0,17.9,train,0.0,0.0,4.209715
68,ODH_charity_0616:row:68,428,C[C@@H]1CCc2cc(F)ccc2N1,ODH,5.2,1.0,5.2,train,0.0,0.0,2.5006635
2558,ODH_charity_0616:row:2558,14053,CC(C)(C)OC(=O)[C@](N)(C\C=C\c1ccccc1)Cc2ccccc2,ODH,18.5,0.5,9.25,train,0.0,0.0,9.590114
1743,ODH_charity_0616:row:1743,9778,COC(=O)c1ccc(cc1)[C@](C)(C=O)c2ccc(cc2)C(C)C,ODH,12.95,0.5,6.475,train,0.0,0.0,7.3180547
3233,ODH_charity_0616:row:3233,18102,[O-][N+](=O)c1ccc(cc1)[S@@](=O)Cc2ccccc2,ODH,28.33,1.0,28.33,train,0.0,0.0,4.514854
3150,ODH_charity_0616:row:3150,17633,O[C@@]1([C@H](C=C)c2ccccc2)C(=O)N(Cc3cccc4ccccc34)c5ccccc15,ODH,14.585,1.0,14.585,train,0.0,0.0,9.584351
4278,ODH_charity_0616:row:4278,23056,COc1ccc(cc1)c2oc(C)c3Cc4ccccc4N5CCCC[C@@H]5c23,ODH,7.4,0.6,4.44,train,0.0,0.0,8.174349
2773,ODH_charity_0616:row:2773,15381,C[C@](C/C=C/C=C/c1ccc(Cl)cc1)(C=O)c2ccccc2,ODH,20.852,0.5,10.426,train,0.0,0.0,4.3874774
2070,ODH_charity_0616:row:2070,11480,[C@@H]1(CC2=C3C=CC=CC3=CC=C2)NC4=C(C=CC=C4)C1,ODH,19.5,0.8,15.6,train,0.0,0.0,5.1165414
1315,ODH_charity_0616:row:1315,7566,COC(=O)[C@H](F)CCOCc1ccccc1,ODH,9.4,1.0,9.4,train,0.0,0.0,2.718753
4574,ODH_charity_0616:row:4574,24258,CCOC(=O)[C@@H](C)Oc1cccc2ccccc12,ODH,5.78,1.0,5.78,train,0.0,0.0,4.040978
4146,ODH_charity_0616:row:4146,22427,CC(C)Cc1ccc(cc1)\C=C\2CC[C@H]2O,ODH,6.32,0.8,5.056,train,0.0,0.0,4.9055276
1193,ODH_charity_0616:row:1193,7071,O[C@@]1(C(=C)c2ccccc2)C(=O)N(Cc3ccccc3)c4ccccc14,ODH,10.43,1.0,10.43,train,0.0,0.0,7.9099
3149,ODH_charity_0616:row:3149,17629,Clc1cccc(\C=C\[C@@H]2N[S](=O)(=O)Oc3ccccc23)c1,ODH,26.5,1.0,26.5,train,0.0,0.0,5.937208
3425,ODH_charity_0616:row:3425,19030,O=C1C[C@H](c2ccccc2)C(=C(O1)c3ccccc3)C(=O)c4ccccc4,ODH,25.6,0.7,17.92,train,0.0,0.0,7.2234707
3105,ODH_charity_0616:row:3105,17283,Fc1ccc(cc1F)C2=C3N([C@H]4C=CCC[C@@H]24)[S](=O)(=O)c5ccccc35,ODH,27.08,0.5,13.54,train,0.0,0.0,9.91726
3309,ODH_charity_0616:row:3309,18431,C[C@@H](COC=O)c1ccc(Cl)cc1,ODH,29.8,0.5,14.9,train,0.0,0.08474655,2.272232
4787,ODH_charity_0616:row:4787,25083,Cc1ccc(C[C@@H](B2OC(C)(C)C(C)(C)O2)N3CCOC3=O)cc1,ODH,9.3,1.0,9.3,train,0.0,0.0,13.435513
4030,ODH_charity_0616:row:4030,22010,O=C(OCc1ccccc1)[C@H](Oc2ccccc2)c3ccccc3,ODH,9.1,1.0,9.1,train,0.0,0.0,6.2816963
407,ODH_charity_0616:row:407,2232,CCCCCC[C@H]1CCC2=C(CCCC2=O)N1,ODH,9.2,1.0,9.2,train,0.0,0.0,3.8241408
2762,ODH_charity_0616:row:2762,15277,C[C@H](c1ccc(C)cc1)c2cccc(c2)C#N,ODH,20.65,0.3,6.195,train,0.0,0.0,4.3680034
985,ODH_charity_0616:row:985,5725,O[C@H]1C[C@@H](N(O1)C(=O)OCc2ccccc2)c3ccc(cc3)[N+]([O-])=O,ODH,26.5,1.0,26.5,train,0.0,0.0,7.0187497
3364,ODH_charity_0616:row:3364,18726,C=C[C@H](CCCOCc1ccccc1)c2n3ccccc3cc2c4ccccc4,ODH,30.775,1.0,30.775,train,0.0,0.0,6.43713
4909,ODH_charity_0616:row:4909,25535,COC(=O)[C@H](F)\C=C\c1ccccc1C=C,ODH,9.1,1.0,9.1,train,0.0,0.0,3.061962
570,ODH_charity_0616:row:570,3326,C1Cc2ccccc2N[C@H]1c3ccccc3,ODH,15.6,0.6,9.36,train,0.0,0.0,3.9858646
2350,ODH_charity_0616:row:2350,12999,CCC/C=C/C[C@]1(C)CCOc2cc(C)c(C)cc12,ODH,16.9,0.5,8.45,train,0.0,0.0,8.0561
3827,ODH_charity_0616:row:3827,21151,Clc1ccc2sc(SC[C@@H](CN(CC=C)C(c3ccccc3)c4ccccc4)OCc5ccccc5)nc2c1,ODH,6.9,1.0,6.9,train,0.0,0.0,11.40434
684,ODH_charity_0616:row:684,3873,CC[S](=O)(=O)[C@@H](C)CC(=O)c1ccccc1,ODH,17.9,1.0,17.9,train,0.0,0.0,3.9464707
124,ODH_charity_0616:row:124,706,[nH]1c2ccccc2c([C@H](\C=C\c3ccccc3)c4ccccc4)c1c5ccccc5,ODH,7.438,1.0,7.438,train,0.0,0.0,8.519642
4821,ODH_charity_0616:row:4821,25182,Cc1ccc(cc1)[C@H]2Nc3ccccc3OC2=O,ODH,26.2,0.7,18.34,train,0.0,0.0,5.5980887
4755,ODH_charity_0616:row:4755,24969,COc1ccc2N[C@H](C)Cc2c1,ODH,18.4,1.0,18.4,train,0.0,0.0,2.7273166
1335,ODH_charity_0616:row:1335,7707,CCOc1ccc2nc(SC[C@H](CN(C)C(c3ccccc3)c4ccccc4)C=C)sc2c1,ODH,8.1,1.0,8.1,train,0.0,0.0,8.579613
2722,ODH_charity_0616:row:2722,15033,Cc1cc(C)cc(c1)[C@H](C[N+]([O-])=O)c2ccccc2,ODH,34.1,1.0,34.1,train,0.0,0.0,4.12741
4122,ODH_charity_0616:row:4122,22334,Cc1ccc(cc1)N2N=C(C)[C@](C\C=C\c3ccccc3)(Cc4cccc(Cl)c4)C2=O,ODH,6.759,1.0,6.759,train,0.0,0.0,11.711006
2896,ODH_charity_0616:row:2896,15969,Cc1cccc(c1)[C@H](O)CO,ODH,24.9,0.8,19.92,train,0.0,0.23512338,2.1827743
718,ODH_charity_0616:row:718,4116,COc1ccc(O)c(c1)[C@@H](N)c2ccc(C)cc2,ODH,15.3,0.7,10.71,train,0.0,0.0,5.037312
4523,ODH_charity_0616:row:4523,24065,CC[C@@]1(CC(C)=C)CC(=NO1)c2ccccc2,ODH,8.35,0.6,5.01,train,0.0,0.0,7.0863895
1984,ODH_charity_0616:row:1984,11045,CC(C)(C)OC(=O)[C@@](C)(N)C\C=C\c1ccc(cc1)C(F)(F)F,ODH,11.8,0.5,5.9,train,0.0,0.0,9.881254
1070,ODH_charity_0616:row:1070,6256,O[C@@H](CCCC(=O)Nc1ccccc1)C2CCCCC2,ODH,47.1,0.7,32.97,train,0.0,0.0,3.6860983
2789,ODH_charity_0616:row:2789,15456,C=C[C@@H]1COC(=O)N1C(=O)c2ccccc2,ODH,12.5,1.0,12.5,train,0.0,0.0,4.284365
1342,ODH_charity_0616:row:1342,7747,CN(CC[C@H](O)c1ccc(C)cc1)Cc2ccccc2,ODH,11.07,0.8,8.856,train,0.0,0.0,4.2284975
4464,ODH_charity_0616:row:4464,23847,CC[C@@H](C#Cc1ccccc1)c2cccc(Cl)c2,ODH,9.62,0.7,6.734,train,0.0,0.0,3.8297422
1049,ODH_charity_0616:row:1049,6150,C1Cc2ccccc2N[C@@H]1CNc3ccc4ccccc4c3,ODH,29.9,1.0,29.9,train,0.0,0.0,6.0712433
2601,ODH_charity_0616:row:2601,14212,O=C1N([C@@H]2Cc3ccccc3N[C@@H]2c4ccccc4)C(=O)c5ccccc15,ODH,33.0,0.7,23.1,train,0.0,0.0,10.02891
2832,ODH_charity_0616:row:2832,15702,COc1ccc(cc1)N2[C@@H](COC2=O)C=C,ODH,17.6,1.0,17.6,train,0.0,0.0,4.275443
687,ODH_charity_0616:row:687,3886,CC(C)(N1[C@H](CC1=O)c2ccc(Oc3ccccc3)cc2)c4ccccn4,ODH,20.4,0.8,16.32,train,0.0,0.0,9.004337
2553,ODH_charity_0616:row:2553,14026,CC(C)(C)OC(=O)C(C)(C)C[C@@H](CCCn1c2ccccc2c3ccccc13)c4ccccc4,ODH,20.46,0.5,10.23,train,0.0,0.0,22.318182
2224,ODH_charity_0616:row:2224,12254,CC1(C)OC[C@H](CO)Oc2ccccc12,ODH,13.8,1.0,13.8,train,0.0,0.0,4.0778427
4814,ODH_charity_0616:row:4814,25157,Cc1cc([C@@H](C(=O)OCc2ccccc2)c3cccc(F)c3)c(C)n1Cc4ccccc4,ODH,9.4,0.7,6.58,train,0.0,0.0,9.444857
4101,ODH_charity_0616:row:4101,22285,Cc1ccc(cc1)C2(SCCCS2)[C@H](C=Cc3ccccc3)c4ccccc4,ODH,6.7,1.0,6.7,train,0.0,0.0,7.998324
4822,ODH_charity_0616:row:4822,25183,Cc1ccc(cc1)[C@@H]2Nc3ccccc3OC2=O,ODH,9.4,0.7,6.58,train,0.0,0.0,5.6435537
2023,ODH_charity_0616:row:2023,11284,CC(C)(C)OC(=O)[C@@](C)(N)C\C=C\c1ccccc1,ODH,11.1,0.5,5.55,train,0.0,0.0,7.492952
150,ODH_charity_0616:row:150,896,CCOC(=O)C[C@H](Sc1ccccc1)c2ccc(cc2)C(C)(C)C,ODH,5.5,1.0,5.5,train,0.0,0.0,9.1726675
57,ODH_charity_0616:row:57,405,C1O[C@@H](C=C1)c2ccccc2,ODH,6.288,1.0,6.288,train,0.0,0.0,2.3805175
3690,ODH_charity_0616:row:3690,20523,OC[C@H]1COCCCO1,ODH,43.1,1.0,43.1,train,0.0,0.048892792,1.2747647
3512,ODH_charity_0616:row:3512,19547,Cc1ccc(cc1)[C@@H](C[N+]([O-])=O)c2cccc(Cl)c2,ODH,35.5,1.5,53.25,train,0.0,0.0,4.406539
2208,ODH_charity_0616:row:2208,12172,CC[C@H](\C=C\c1cscc1)C#Cc2ccc(cc2)C#N,ODH,15.8,0.5,7.9,train,0.0,0.0,4.2139044
4950,ODH_charity_0616:row:4950,25746,NC1=C(C#N)[C@H](c2ccc(F)cc2)c3cc4OCOc4cc3O1,ODH,9.9,0.7,6.93,train,0.0,0.0,8.447763
3923,ODH_charity_0616:row:3923,21523,Cc1ccc(cc1)[C@H](C[N+]([O-])=O)c2cccc3ccccc23,ODH,37.5,1.5,56.25,train,0.0,0.0,5.7125864
4053,ODH_charity_0616:row:4053,22101,CC(C)[C@H](c1ccccc1)c2cc(cc(c2)c3ccccc3)c4ccccc4,ODH,5.79,1.0,5.79,train,0.0,0.0,9.232579
4397,ODH_charity_0616:row:4397,23600,C[C@](C\C=C\C=C\c1ccccc1)(C=O)c2cccc(Cl)c2,ODH,7.971,1.0,7.971,train,0.0,0.0,5.46378
4760,ODH_charity_0616:row:4760,24974,Cc1ccccc1O[C@H](C(=O)OCc2ccccc2)c3ccccc3,ODH,9.2,1.0,9.2,train,0.0,0.0,5.116065
2709,ODH_charity_0616:row:2709,14964,CCC[C@H](NCc1ccccc1)C(=C)CCCCCCCCCOCc2ccccc2,ODH,2.958,1.0,2.958,train,0.0,0.0,6.935691
673,ODH_charity_0616:row:673,3846,CC(C)(NC(=O)C[C@@H]1CCOc2ccc(Cl)cc12)c3ccccn3,ODH,15.2,0.6,9.12,train,0.0,0.0,6.9274716
4360,ODH_charity_0616:row:4360,23448,Cc1ccc(cc1)[S](=O)(=O)n2c3C[C@]4(CO[Si](C)(C)C(C)(C)C)C[C@@H](C=C4)c3c5ccccc25,ODH,8.4,0.6,5.04,train,0.0,0.0,28.51025
2358,ODH_charity_0616:row:2358,13031,COC(=O)[C@@H](Oc1ccccc1)c2ccccc2,ODH,16.9,1.0,16.9,train,0.0,0.029106708,3.7566116
701,ODH_charity_0616:row:701,4035,C1CC[C@@H]2Nc3ccccc3C[C@@H]2C1,ODH,20.8,0.8,16.64,train,0.0,0.0,4.0271287
2257,ODH_charity_0616:row:2257,12412,CC(C)C[C@](N)(C\C=C\c1ccccc1)C(=O)OC(C)(C)C,ODH,10.1,0.5,5.05,train,0.0,0.0,10.570374
3797,ODH_charity_0616:row:3797,21028,C[C@H](\C=C\c1ccccc1)[C@@](C)(N)C(=O)OC(C)(C)C,ODH,6.0,1.0,6.0,train,0.0,0.0,10.070611
3849,ODH_charity_0616:row:3849,21214,CC[C@H](C#C[Si](C(C)C)(C(C)C)C(C)C)c1ccc2OCOc2c1,ODH,6.1,1.0,6.1,train,0.0,0.0,21.890057
2957,ODH_charity_0616:row:2957,16311,CCCC[C@H]1C[C@@H](O)c2ccccc2O1,ODH,24.162,0.5,12.081,train,0.0,0.0,3.227633
1844,ODH_charity_0616:row:1844,10336,NC1=C(C#N)[C@@H](c2ccc3OCOc3c2)c4cc5OCOc5cc4O1,ODH,18.2,0.7,12.74,train,0.0,0.0,9.621417
1043,ODH_charity_0616:row:1043,6131,O[C@@H](C[N+]([O-])=O)c1cccc(c1)[N+]([O-])=O,ODH,48.262,0.8,38.6096,train,0.0,0.0,3.424134
3124,ODH_charity_0616:row:3124,17423,CC[C@H](CO)c1ccccc1,ODH,26.7,0.5,13.35,train,0.0,0.3724545,2.1137598
3566,ODH_charity_0616:row:3566,19873,CC(C)[C@@H]1C=Cc2cc(Br)c(Br)cc2[C@H]1O,ODH,49.41,1.0,49.41,train,0.0,0.0,5.1326447
117,ODH_charity_0616:row:117,668,C[C@H](CC(=O)C1CCCCC1)[S](=O)(=O)c2ccc(C)cc2,ODH,7.8,1.0,7.8,train,0.0,0.0,4.8483133
707,ODH_charity_0616:row:707,4082,FC(F)(F)C[C@]1(CCCN1C(=O)Nc2cccc(c2)C(F)(F)F)c3ccccc3,ODH,15.04,0.5,7.52,train,0.0,0.0,8.14398
3314,ODH_charity_0616:row:3314,18466,IC[C@@]1(CCc2ccccc2)COc3ccccc13,ODH,37.4,0.5,18.7,train,0.0,0.0,4.4980073
2889,ODH_charity_0616:row:2889,15923,C[C@]1(CC=C)N[S](=O)(=O)c2ccccc12,ODH,21.9,0.8,17.52,train,0.0,0.0,4.8828874
3270,ODH_charity_0616:row:3270,18255,COc1ccc(/C=C/C(=O)[C@H](C(C(=O)c2ccccc2)C(=O)c3ccccc3)c4ccccc4)cc1,ODH,24.0,0.75,18.0,train,0.0,0.0,12.314446
2562,ODH_charity_0616:row:2562,14059,COC(=O)[C@H](Cc1ccccc1C)NC(=O)c2ccccc2OC,ODH,18.5,0.8,14.8,train,0.0,0.0,6.212428
2120,ODH_charity_0616:row:2120,11693,Fc1ccccc1[C@H]2CCc3ccccc3N2,ODH,15.12,0.6,9.072,train,0.0,0.0,4.1905494
1207,ODH_charity_0616:row:1207,7107,CCCC[C@]1(COc2ccccc12)CC3CC3,ODH,10.5,0.5,5.25,train,0.0,0.0,4.5200987
3883,ODH_charity_0616:row:3883,21341,FC(F)(F)c1cccc(\C=C\[C@@H]2COc3ccccc3O2)c1,ODH,5.94,1.0,5.94,train,0.0,0.0,5.2308598
3830,ODH_charity_0616:row:3830,21156,Cc1ccc(cc1)N2N=C(C)[C@](C\C=C\c3ccccc3)(Cc4ccccc4F)C2=O,ODH,5.603,1.0,5.603,train,0.0,0.0,10.840735
2423,ODH_charity_0616:row:2423,13336,N[C@H](C(=[N+]=[N-])C(=O)c1ccc(Cl)cc1)C(F)(F)F,ODH,15.231,1.0,15.231,train,0.0,0.0,4.3581805
1139,ODH_charity_0616:row:1139,6730,CC[C@@H](O)[C@H](N1CCCC1)c2ccccc2,ODH,10.1,0.7,7.07,train,0.0,0.0,3.7647555
2661,ODH_charity_0616:row:2661,14654,C[C@@H](C#Cc1ccccc1)c2ccc3Sc4ccccc4C(=O)Cc3c2,ODH,16.74,0.7,11.718,train,0.0,0.0,5.584978
3271,ODH_charity_0616:row:3271,18256,COc1ccc(/C=C/C(=O)[C@@H](C(C(=O)c2ccccc2)C(=O)c3ccccc3)c4ccccc4)cc1,ODH,29.0,0.75,21.75,train,0.0,0.0,12.367597
2059,ODH_charity_0616:row:2059,11452,CC(C)(C)OC(=O)[C@@](C)(N)C\C=C\c1ccc(F)cc1,ODH,11.8,0.5,5.9,train,0.0,0.0,6.859598
894,ODH_charity_0616:row:894,5062,COc1ccc2N[C@@H](C)Cc2c1,ODH,12.1,0.8,9.68,train,0.0,0.0,2.6308997
78,ODH_charity_0616:row:78,458,C[C@@H](CC(=O)NC(C)(C)c1ccccn1)c2ccc(Cl)cc2,ODH,6.8,1.0,6.8,train,0.0,0.0,7.1084604
2255,ODH_charity_0616:row:2255,12410,CC(C)C[C@](N)(C\C=C\c1ccccc1)C(=O)OC(C)(C)C,ODH,10.1,0.5,5.05,train,0.0,0.0,10.346116
3298,ODH_charity_0616:row:3298,18397,OC[C@@]1(COCCCS1)CC(=O)NCc2ccccc2,ODH,29.6,1.0,29.6,train,0.0,0.0,4.085202
1669,ODH_charity_0616:row:1669,9433,C[C@@]1(COc2ccccc12)CC#Cc3ccccc3Cl,ODH,13.1,0.5,6.55,train,0.0,0.0,4.5577493
2858,ODH_charity_0616:row:2858,15829,FC(F)(F)c1ccc(cc1)[C@@H]2CCCC(=O)C2,ODH,23.1,0.5,11.55,train,0.0,0.0,3.516989
2636,ODH_charity_0616:row:2636,14476,COc1ccc(cc1)[C@@H]2c3cc4OCOc4cc3OC(=C2[S](=O)(=O)c5ccc(C)cc5)N,ODH,19.1,0.7,13.37,train,0.0,0.0,12.1084385
1939,ODH_charity_0616:row:1939,10757,O[C@@H]/1CCCC1=C/c2ccccc2Br,ODH,10.1,0.8,8.08,train,0.0,0.0,3.1017928
696,ODH_charity_0616:row:696,3959,O[C@H]1CCSc2ccccc12,ODH,18.4,1.0,18.4,train,0.0,0.0,2.4423723
2012,ODH_charity_0616:row:2012,11227,C1Oc2ccccc2[C@@]1(CC#Cc3ccccc3)Cc4ccccc4,ODH,14.6,0.5,7.3,train,0.0,0.0,5.8303423
3564,ODH_charity_0616:row:3564,19869,COc1ccc(cc1OC)[C@@H](C)O,ODH,36.55,1.0,36.55,train,0.0,0.0,2.9854228
2688,ODH_charity_0616:row:2688,14870,Cc1ccc(cc1)[C@@H]2Cc3ccccc3C(=O)C(=N2)c4cc(F)ccc4O,ODH,21.1,0.7,14.77,train,0.0,0.0,7.120543
1019,ODH_charity_0616:row:1019,5921,COC(=O)C[C@H](C#N)c1ccc(cc1)c2ccccc2,ODH,36.1,1.0,36.1,train,0.0,0.0,4.1476607
541,ODH_charity_0616:row:541,3233,Clc1cccc(c1)[C@H]2COc3ccccc3N2,ODH,15.3,1.0,15.3,train,0.0,0.0,4.7777987
3774,ODH_charity_0616:row:3774,20948,CC[C@@H]1CCC(=N1)c2ccccc2,ODH,11.2,1.0,11.2,train,0.0,0.0,3.1682107
1963,ODH_charity_0616:row:1963,10972,OC[C@@]1(COCCO1)\C=C\c2ccccc2,ODH,14.3,1.0,14.3,train,0.0,0.0,3.4286542
59,ODH_charity_0616:row:59,407,C[C@H]1CCc2cc(F)ccc2N1,ODH,6.3,1.0,6.3,train,0.0,0.0,2.6331344
4468,ODH_charity_0616:row:4468,23861,CCC(=C)C[C@]1(C)CC(=NO1)c2ccccc2,ODH,8.12,0.8,6.496,train,0.0,0.0,7.0349
41,ODH_charity_0616:row:41,285,CC(C)(NC(=O)C[C@H]1CCOc2cc(Cl)ccc12)c3ccccn3,ODH,5.7,1.0,5.7,train,0.0,0.0,7.720511
710,ODH_charity_0616:row:710,4098,COc1ccc2[C@H](O)CCc2c1,ODH,21.8,1.0,21.8,train,0.0,0.0,2.5251362
3590,ODH_charity_0616:row:3590,20019,COc1ccc(cc1)[C@H](C)COC=O,ODH,41.3,0.5,20.65,train,0.0,0.0,2.372216
4350,ODH_charity_0616:row:4350,23421,CCCC[C@@](NC(=O)c1ccccc1)(C(=O)NCCC(=O)OC)C(=O)OCc2ccccc2,ODH,11.1,1.0,11.1,train,0.0,0.0,8.112376
1571,ODH_charity_0616:row:1571,8931,COC(=O)[C@@H](F)/C=C/c1ccc(COC(C)=O)cc1,ODH,12.1,1.0,12.1,train,0.0,0.0,3.827995
4060,ODH_charity_0616:row:4060,22133,Cc1ccc(cc1)[C@@H](Oc2ccccc2)C(=O)OCc3ccccc3,ODH,6.5,1.0,6.5,train,0.0,0.0,5.7192917
3589,ODH_charity_0616:row:3589,20018,COc1ccc(cc1)[C@@H](C)COC=O,ODH,39.6,0.5,19.8,train,0.0,0.0,2.3592315
851,ODH_charity_0616:row:851,4853,CC(C)=CCC[C@@H]1CCc2ccccc2N1,ODH,23.5,0.5,11.75,train,0.0,0.0,4.3697495
3207,ODH_charity_0616:row:3207,17996,CCO[P](=O)(OCC)[C@]12CC(=CC(=O)N1[S](=O)(=O)Oc3ccc(C)cc23)c4ccccc4,ODH,28.0,0.8,22.4,train,0.0,0.0,14.135189
2767,ODH_charity_0616:row:2767,15348,COc1ccc(cc1)[S](=O)(=O)N/C(c2ccccc2)=C/3[C@@H](O)C[C@H]([C@@H]3c4ccccc4)c5ccc(Br)cc5,ODH,19.2,0.6,11.52,train,0.0,0.0,11.946622
2718,ODH_charity_0616:row:2718,15011,Cc1cc2C[C@@H](\C=C\c3ccccc3)N(c2cc1C)[S](=O)(=O)C(F)(F)F,ODH,13.3,0.5,6.65,train,0.0,0.0,9.841523
3983,ODH_charity_0616:row:3983,21799,CCOC(=O)N1N(C(C)=O)[C@@](C)(C=C1c2ccccc2)c3ccccc3,ODH,10.04,1.0,10.04,train,0.0,0.0,10.667905
1385,ODH_charity_0616:row:1385,8007,CCCOC(=O)[C@H]1[C@H](c2ccccc2)c3ccccc3OC1=O,ODH,12.5,0.7,8.75,train,0.0,0.0,6.28124
3626,ODH_charity_0616:row:3626,20188,CCCCC[C@H]1CCC(=N1)c2ccccc2,ODH,4.7,1.0,4.7,train,0.0,0.0,3.5139103
2829,ODH_charity_0616:row:2829,15683,COc1cccc(c1)[C@@H](O)C(O)=O,ODH,21.48,0.8,17.184,train,0.0,0.0,2.7639337
4796,ODH_charity_0616:row:4796,25112,CCC/C=C/C[C@]1(C)CCc2ccccc12,ODH,9.3,0.5,4.65,train,0.0,0.0,4.647972
1660,ODH_charity_0616:row:1660,9401,Cc1ccc(cc1)[C@](C)(CC(=C)c2ccccc2)C=O,ODH,10.551,1.0,10.551,train,0.0,0.0,5.7847486
4701,ODH_charity_0616:row:4701,24691,CCc1ccc(cc1)C2=NO[C@@](C)(CC(C)=C)C2,ODH,8.0,0.6,4.8,train,0.0,0.0,8.222005
2746,ODH_charity_0616:row:2746,15183,CC(C)(C)OC(=O)[C@@](C)(N)C\C=C\c1ccc(cc1)[N+]([O-])=O,ODH,11.0,0.5,5.5,train,0.0,0.0,6.860743
3108,ODH_charity_0616:row:3108,17314,C\C(=C/C(=O)[C@@H](CCc1ccccc1)C(C(=O)c2ccccc2)C(=O)c3ccccc3)c4ccccc4,ODH,23.8,0.6,14.28,train,0.0,0.0,12.85223
3311,ODH_charity_0616:row:3311,18444,O[C@@H](C(O)=O)c1ccccc1,ODH,29.84,0.8,23.872,train,0.0,0.044417176,2.206031
4675,ODH_charity_0616:row:4675,24585,FC(F)(F)c1ccc(cc1)C2=C(C[C@@H](O2)C=C)C#N,ODH,10.72,1.0,10.72,train,0.0,0.0,4.4721947
619,ODH_charity_0616:row:619,3607,COC(=O)[C@H]1COc2ccc(Br)cc2O1,ODH,12.1,1.0,12.1,train,0.0,0.0,3.242614
4033,ODH_charity_0616:row:4033,22013,O=C(OCc1ccccc1)[C@H](Oc2ccccc2)c3ccccc3,ODH,6.3,1.0,6.3,train,0.0,0.0,6.298708
3856,ODH_charity_0616:row:3856,21246,CC(C)(C)C(=O)OC[C@]1(CCSC1)Cc2ccccc2,ODH,5.2,1.0,5.2,train,0.0,0.0,8.308927
2563,ODH_charity_0616:row:2563,14060,Cc1cc(C)cc(c1)[P@@](=O)(CC(=C)C(=O)OCc2ccccc2)c3c(C)cc(C)cc3C,ODH,13.9,0.6,8.34,train,0.0,0.0,17.087706
1871,ODH_charity_0616:row:1871,10432,COc1ccccc1N2[C@H](COC2=O)C=C,ODH,16.1,0.8,12.88,train,0.0,0.0,4.460323
4776,ODH_charity_0616:row:4776,25031,CC[C@]1(N(c2cc(C)ccc2C1=C)[S](=O)(=O)C(F)(F)F)c3ccccc3,ODH,9.27,0.5,4.635,train,0.0,0.0,13.069051
906,ODH_charity_0616:row:906,5123,O[C@@H](C[N+]([O-])=O)c1ccc(Br)cc1,ODH,33.99,0.8,27.192,train,0.0,0.0,2.7363641
4904,ODH_charity_0616:row:4904,25522,CCCCC[C@@H](C=C)n1ccc2ccc(OC)cc12,ODH,9.7,1.0,9.7,train,0.0,0.0,5.069425
3699,ODH_charity_0616:row:3699,20551,O[C@@H]1CC[C@]12O[C@H]2c3ccccc3,ODH,35.793,0.8,28.6344,train,0.0,0.0,3.945236
4366,ODH_charity_0616:row:4366,23476,Cc1cccc(c1)[C@]2(CC#C)CC(=C)OC2=O,ODH,9.2,1.0,9.2,train,0.0,0.0,4.7104397
3442,ODH_charity_0616:row:3442,19137,COc1cc(ccc1Oc2cccc(F)n2)[C@@H](C)C#Cc3ccc(cc3)C#N,ODH,38.2,0.8,30.56,train,0.0,0.0,6.128113
3129,ODH_charity_0616:row:3129,17489,O[C@@H](c1ccc2ccccc2c1)C(=O)c3ccc4ccccc4c3,ODH,26.12,1.0,26.12,train,0.0,0.0,6.487751
1523,ODH_charity_0616:row:1523,8615,C[C@]1(O)C[C@H](C[C@@H](O)C1(C)C)c2ccccc2,ODH,17.1,0.8,13.68,train,0.0,0.0,7.9811063
3363,ODH_charity_0616:row:3363,18725,C=C[C@@H](CCCOCc1ccccc1)c2n3ccccc3cc2c4ccccc4,ODH,47.152,1.0,47.152,train,0.0,0.0,6.423507
3777,ODH_charity_0616:row:3777,20951,CCC[C@H]1CCC(=N1)c2ccccc2,ODH,5.2,1.0,5.2,train,0.0,0.0,3.1642165
3985,ODH_charity_0616:row:3985,21809,C=CCOC(=O)[C@@H]1C[C@@H]2CCCC[C@@H]2N1,ODH,5.145,1.0,5.145,train,0.0,0.0,3.4129808
2984,ODH_charity_0616:row:2984,16488,COC(=O)[C@@](C)(N)[C@H](C=C)c1cc(Cl)cc(Cl)c1,ODH,19.9,0.3,5.97,train,0.0,0.0,5.4343085
1429,ODH_charity_0616:row:1429,8250,CCOC(=O)[C@@H](CC(=O)c1ccc(C)cc1)C(=C)C(C)=O,ODH,11.5,1.0,11.5,train,0.0,0.0,5.7534776
1403,ODH_charity_0616:row:1403,8085,CCC[C@@H](C=C)c1n2ccccc2c(c3ccccc3)c1c4ccccc4,ODH,11.326,1.0,11.326,train,0.0,0.0,8.17311
3248,ODH_charity_0616:row:3248,18154,CCC[C@H](C=C)N(C)c1ccccc1,ODH,30.749,0.3,9.2247,train,0.0,0.0,4.459383
1991,ODH_charity_0616:row:1991,11065,CC(C)C[C@@H](C=C)c1c[nH]c2ccccc12,ODH,14.4,1.0,14.4,train,0.0,0.0,5.681944
4228,ODH_charity_0616:row:4228,22855,CC1(C)CCC[C@H]1NC(=O)c2ccccc2,ODH,7.2,0.8,5.76,train,0.0,0.0,4.8992624
4127,ODH_charity_0616:row:4127,22357,CCOc1ccc2nc(SC[C@H](CN(Cc3ccccc3)Cc4ccccc4)c5ccccc5)sc2c1,ODH,6.3,1.0,6.3,train,0.0,0.0,8.813085
4550,ODH_charity_0616:row:4550,24129,C[C@H](N[S](=O)(=O)C(C)(C)C)c1ccccc1C,ODH,8.4,1.0,8.4,train,0.0,0.0,7.941713
2507,ODH_charity_0616:row:2507,13829,COc1cccc(c1)C#CC[C@]2(C)COc3ccccc23,ODH,18.1,0.5,9.05,train,0.0,0.0,4.602938
3478,ODH_charity_0616:row:3478,19261,COc1cccc(c1)C(=O)NN[C@H](C)c2ccccc2,ODH,33.531,1.0,33.531,train,0.0,0.0,4.085622
3633,ODH_charity_0616:row:3633,20197,C[C@@H](\C=C\c1ccccc1F)[C@@](C)(N)C(=O)OC(C)(C)C,ODH,5.8,1.0,5.8,train,0.0,0.0,9.869587
4029,ODH_charity_0616:row:4029,22007,CCCC(=O)O\C(c1ccccc1)=C\2[C@@H]([C@H](C)C=C2c3ccccc3)c4ccccc4Cl,ODH,6.3,0.7,4.41,train,0.0,0.0,8.455968
1773,ODH_charity_0616:row:1773,9968,CCCC[C@H]1CCc2ccccc2N1,ODH,13.15,0.6,7.89,train,0.0,0.0,2.8897123
995,ODH_charity_0616:row:995,5775,C1OC(=N[C@H]1c2ccccc2)c3ccccn3,ODH,41.9,1.0,41.9,train,0.0,0.0,4.1339903
1339,ODH_charity_0616:row:1339,7732,CC(C)(C)OC(=O)N1OCC[C@@H]1Cc2cccc3ccccc23,ODH,9.715,0.8,7.772,train,0.0,0.0,11.063436
387,ODH_charity_0616:row:387,2126,Cc1ccccc1[S@@](=O)c2ccccn2,ODH,11.7,0.8,9.36,train,0.0,0.0,3.8798635
2017,ODH_charity_0616:row:2017,11267,CCC[C@@H](Nc1ccc(Cl)cc1)C(=C)CC,ODH,13.079,1.0,13.079,train,0.0,0.0,4.4785542
2165,ODH_charity_0616:row:2165,11975,COC(=O)[C@@H]1CCCc2ccccc12,ODH,16.6,0.4,6.64,train,0.0,0.0,2.925931
2998,ODH_charity_0616:row:2998,16545,CCc1ccc(cc1)[C@H](C)COC=O,ODH,25.6,0.5,12.8,train,0.0,0.0,2.340604
901,ODH_charity_0616:row:901,5096,O=C1OCC[C@@H]1Cc2ccccc2,ODH,25.4,0.5,12.7,train,0.0,0.0,2.5249076
1703,ODH_charity_0616:row:1703,9609,O[C@H]/1CCCC1=C/c2ccccc2F,ODH,12.8,0.8,10.24,train,0.0,0.0,2.7125232
1596,ODH_charity_0616:row:1596,9067,CCOC(=O)[C@@]1(O[C@H](OC(=C[C@H]1c2ccccc2)C(=O)OCc3ccccc3)c4ccccc4)c5ccccc5,ODH,14.06,1.0,14.06,train,0.0,0.0,10.4149475
2787,ODH_charity_0616:row:2787,15412,OC[C@@H]1COC(CC=C)(CC=C)c2ccccc2O1,ODH,19.5,1.0,19.5,train,0.0,0.0,4.351232
1825,ODH_charity_0616:row:1825,10211,CCOC(=O)C1=C(C)OC(=O)C[C@H]1c2ccc(F)cc2,ODH,7.4,0.7,5.18,train,0.0,0.0,5.2437463
4921,ODH_charity_0616:row:4921,25601,COc1ccc2C(=O)N(C[C@H](C=C)N(c2c1)[S](C)(=O)=O)[S](=O)(=O)c3ccc(C)cc3,ODH,9.79,1.0,9.79,train,0.0,0.0,11.668313
536,ODH_charity_0616:row:536,3159,COc1ccc(cc1OC)[C@@H]2CC(=O)N2C(C)(C)c3ccccn3,ODH,15.0,1.0,15.0,train,0.0,0.0,10.727318
4557,ODH_charity_0616:row:4557,24153,O=C(O[C@H](C(=O)c1ccccc1)c2ccccc2)c3ccccc3,ODH,9.8,0.8,7.84,train,0.0,0.0,6.086413
2606,ODH_charity_0616:row:2606,14241,Fc1cccc2c1N(Cc3ccccc3)C(=O)[C@@]24OC(=O)c5cccc6ccn4c56,ODH,18.8,0.8,15.04,train,0.0,0.0,10.94558
1733,ODH_charity_0616:row:1733,9731,CC1(C)CO[C@@](C)(CO)CO1,ODH,15.0,1.0,15.0,train,0.0,0.0,3.062747
3494,ODH_charity_0616:row:3494,19379,C[C@@H]1CN([C@@H]2Cc3ccccc3[C@H]12)C(C)=O,ODH,29.15,0.5,14.575,train,0.0,0.0,5.5591464
2376,ODH_charity_0616:row:2376,13121,C[C@@H](O)[C@H](N1CCCC1)c2cccc3ccccc23,ODH,17.01,1.0,17.01,train,0.0,0.0,4.465999
2686,ODH_charity_0616:row:2686,14868,Oc1ccccc1C2=N[C@@H](Cc3ccccc3C2=O)c4ccc(Cl)cc4,ODH,21.0,0.7,14.7,train,0.0,0.0,6.640642
2022,ODH_charity_0616:row:2022,11281,CCC[C@H](Nc1ccccc1OC)C(=C)CC,ODH,14.694,1.0,14.694,train,0.0,0.0,6.085185
2053,ODH_charity_0616:row:2053,11436,CC(C)(C)OC(=O)C(C)(C)C[C@@H](\C=C/Cn1c2ccccc2c3ccccc13)c4ccccc4,ODH,25.26,0.5,12.63,train,0.0,0.0,22.48018
2057,ODH_charity_0616:row:2057,11445,O[C@@H]/1CCC1=C/c2cccc3ccccc23,ODH,12.732,0.8,10.1856,train,0.0,0.0,3.8700235
2082,ODH_charity_0616:row:2082,11513,C[C@@H](O)c1ccccc1Br,ODH,13.51,1.0,13.51,train,0.0,0.0,1.9583286
4962,ODH_charity_0616:row:4962,25825,CCOC(=O)[C@@]1(N[S](=O)(=O)c2ccccc12)C#Cc3ccc(cc3)C#N,ODH,96.5,0.5,48.25,train,0.0,0.0,8.107724
381,ODH_charity_0616:row:381,2058,CC(C)[C@H]1Nc2ccccc2NC1=O,ODH,16.0,1.0,16.0,train,0.0,0.0,4.107121
968,ODH_charity_0616:row:968,5570,Cn1ccnc1C(=O)[C@H](F)c2ccccc2,ODH,30.3,1.0,30.3,train,0.0,0.0,3.6203213
3941,ODH_charity_0616:row:3941,21592,OC[C@H](O)c1ccc(Cl)cc1,ODH,55.0,1.0,55.0,train,0.0,0.29533255,2.2461414
2668,ODH_charity_0616:row:2668,14705,COc1ccc(N[C@H](C)C=C)cc1,ODH,20.686,0.5,10.343,train,0.0,0.0,2.6533391
4561,ODH_charity_0616:row:4561,24199,CC[C@@]1(N(c2cc(C)c(C)cc2C1=C)[S](=O)(=O)C(F)(F)F)c3ccccc3,ODH,7.85,0.5,3.925,train,0.0,0.0,16.779839
1506,ODH_charity_0616:row:1506,8531,CCC[C@H](Nc1ccc(Br)cc1)C(=C)CC,ODH,11.725,1.0,11.725,train,0.0,0.0,4.834276
3018,ODH_charity_0616:row:3018,16704,Cc1ccc(cc1)\C=C\C2=CC(=O)O[C@](C2)(c3ccccc3)C(F)(F)F,ODH,33.1,0.75,24.825,train,0.0,0.0,6.4988303
2390,ODH_charity_0616:row:2390,13177,CCCCCCCCC[C@H]1C=CCN(N1C(=O)OC(C)(C)C)C(=O)Nc2ccc(OC)cc2,ODH,15.6,0.5,7.8,train,0.0,0.0,11.130089
872,ODH_charity_0616:row:872,4957,OC[C@@H]1[C@H](C[C@H]1c2cc3CC=CCc3n2CC=C)c4ccccc4,ODH,14.7,1.0,14.7,train,0.0,0.0,7.325992
4494,ODH_charity_0616:row:4494,23956,CN1C[C@@H](CO)Oc2ccccc12,ODH,8.234,1.0,8.234,train,0.0,0.0,3.105403
4371,ODH_charity_0616:row:4371,23486,COc1ccc(cc1)[C@](C)(C\C=C\C=C\c2ccccc2)C=O,ODH,8.654,1.0,8.654,train,0.0,0.0,5.7184763
4488,ODH_charity_0616:row:4488,23940,CCC(=C)[C@@H](C)NCc1ccccc1,ODH,7.293,0.8,5.8344,train,0.0,0.0,4.392586
4676,ODH_charity_0616:row:4676,24586,FC(F)(F)c1ccc(cc1)C2=C(C[C@H](O2)C=C)C#N,ODH,8.878,1.0,8.878,train,0.0,0.0,4.4864645
2764,ODH_charity_0616:row:2764,15297,CC(C)(C)OC(=O)[C@](C)(N)C\C=C\c1ccc2OCOc2c1,ODH,20.7,0.5,10.35,train,0.0,0.0,7.4901114
608,ODH_charity_0616:row:608,3499,O=C1Nc2ccccc2N[C@@H]1c3sccc3,ODH,23.2,1.0,23.2,train,0.0,0.0,4.70484
1942,ODH_charity_0616:row:1942,10785,Cc1ccccc1[C@@]2(CC#C)CC(=C)OC2=O,ODH,14.1,1.0,14.1,train,0.0,0.0,4.927336
112,ODH_charity_0616:row:112,621,CC(C)(C)c1cccc(c1)C2=NO[C@](C2)(CC(F)(F)F)c3ccccc3,ODH,7.16,0.8,5.728,train,0.0,0.0,15.037214
54,ODH_charity_0616:row:54,402,Cc1ccc(CO[C@H](NC(=O)c2ccccc2)c3ccccc3CCCC(F)(F)F)cc1,ODH,7.59,1.0,7.59,train,0.0,0.0,7.1130466
1226,ODH_charity_0616:row:1226,7194,COc1ccc(cc1)[C@@H]2C[C@@H](Oc3ccccc23)Sc4ccccc4,ODH,10.1,1.0,10.1,train,0.0,0.0,5.7229853
446,ODH_charity_0616:row:446,2434,C=CCO[C@@H](\C=C\c1ccccc1)c2ccccc2,ODH,12.63,0.5,6.315,train,0.0,0.0,3.7292082
2785,ODH_charity_0616:row:2785,15410,O=C1[C@H](Cc2occc2)Oc3ccccc3N1Cc4ccccc4,ODH,19.1,0.5,9.55,train,0.0,0.0,5.897171
3826,ODH_charity_0616:row:3826,21146,CC[C@@](N)([C@@H](C)\C=C\c1ccccc1)C(=O)OC(C)(C)C,ODH,5.1,1.0,5.1,train,0.0,0.0,10.426274
3749,ODH_charity_0616:row:3749,20850,OC[C@@H](O)c1ccc(F)cc1,ODH,55.9,1.0,55.9,train,0.0,0.19869938,2.049643
3993,ODH_charity_0616:row:3993,21838,CN1CCc2ccccc2[C@@H]1c3ccccc3,ODH,6.1,0.7,4.27,train,0.0,0.0,4.51717
4928,ODH_charity_0616:row:4928,25627,Clc1ccc2sc(SC[C@@H](CN(Cc3ccccc3)C(c4ccccc4)c5ccccc5)OCc6ccccc6)nc2c1,ODH,12.3,1.0,12.3,train,0.0,0.0,9.762989
256,ODH_charity_0616:row:256,1451,CC1(C)CC[C@@H](O)c2ccccc12,ODH,10.8,1.0,10.8,train,0.0,0.0,4.090389
1072,ODH_charity_0616:row:1072,6268,Cc1ccc(cc1)[S](=O)(=O)N[C@@H](\C=C\c2ccccc2)c3ccccc3,ODH,47.897,0.5,23.9485,train,0.0,0.0,6.8412485
1983,ODH_charity_0616:row:1983,11044,CC(C)(C)OC(=O)[C@](C)(N)C\C=C\c1ccc(cc1)C(F)(F)F,ODH,14.4,0.5,7.2,train,0.0,0.0,9.857556
2450,ODH_charity_0616:row:2450,13517,CC[C@@H](C#Cc1cscc1)c2ccccc2,ODH,19.77,0.7,13.839,train,0.0,0.0,3.2942517
2796,ODH_charity_0616:row:2796,15499,Fc1ccc(CC[C@@H]2Nc3ccccc3C[C@@H]2N4C(=O)c5ccccc5C4=O)cc1,ODH,41.2,0.7,28.84,train,0.0,0.0,10.305108
4852,ODH_charity_0616:row:4852,25297,CC1(C)OB(OC1(C)C)[C@@H](Cc2cccc(F)c2)N3CCOC3=O,ODH,8.1,1.0,8.1,train,0.0,0.0,12.243725
2880,ODH_charity_0616:row:2880,15898,CCOC(=O)[C@]1(N[S](=O)(=O)c2ccc(cc12)C(C)C)C#Cc3ccccc3,ODH,21.8,0.5,10.9,train,0.0,0.0,9.245331
40,ODH_charity_0616:row:40,284,CC(C)(NC(=O)C[C@@H]1CCOc2cc(Cl)ccc12)c3ccccn3,ODH,6.8,1.0,6.8,train,0.0,0.0,7.7077193
3689,ODH_charity_0616:row:3689,20522,OC[C@@H]1COCCCO1,ODH,45.2,1.0,45.2,train,0.0,0.04736726,1.305706
1268,ODH_charity_0616:row:1268,7360,O=C1CC[C@](O1)(C(=O)OC(c2ccccc2)c3ccccc3)c4ccccc4,ODH,30.9,0.75,23.175,train,0.0,0.0,8.420229
1036,ODH_charity_0616:row:1036,6091,C[C@@H](CC(=O)NC(C)(C)c1ccc(C)cn1)c2ccc(cc2)C(C)=O,ODH,36.4,0.6,21.84,train,0.0,0.0,8.950946
4309,ODH_charity_0616:row:4309,23184,COC(=O)[C@H]1[C@H]([C@@H]([C@H]2N1CCc3ccccc23)C(=O)n4nc(C)cc4C)c5sccc5,ODH,6.256,1.0,6.256,train,0.0,0.0,11.760985
3414,ODH_charity_0616:row:3414,18967,CCO[P](=O)(OCC)[C@@]12CC(=CC(=O)N1[S](=O)(=O)c3ccccc23)c4ccc(C)cc4,ODH,22.6,0.8,18.08,train,0.0,0.0,11.795325
4076,ODH_charity_0616:row:4076,22189,CC[Si](CC)(CC)C[C@](C)(c1ccccc1)c2ccc(cc2)c3ccccc3,ODH,8.46,0.6,5.076,train,0.0,0.0,14.0139
1951,ODH_charity_0616:row:1951,10877,COc1ccc(cc1)[C@@H]2Cc3ccccc3[C@H](N2)c4ccc(OC)cc4,ODH,14.2,1.0,14.2,train,0.0,0.0,6.1035314
3360,ODH_charity_0616:row:3360,18691,Cc1ccc(cc1)[C@H](C[N+]([O-])=O)c2ccc(Cl)cc2,ODH,20.5,1.5,30.75,train,0.0,0.0,4.4212174
4783,ODH_charity_0616:row:4783,25053,Oc1ccccc1[C@@H](OCCOC(=O)c2ccccc2)c3ccccc3,ODH,9.3,1.0,9.3,train,0.0,0.0,6.233674
1497,ODH_charity_0616:row:1497,8490,C[C@H]1Cc2ccccc2N1,ODH,12.8,0.8,10.24,train,0.0,0.0,2.1755002
3077,ODH_charity_0616:row:3077,17117,C[C@](CO)(c1ccccc1)c2ccc3occc3c2,ODH,24.98,0.6,14.988,train,0.0,0.0,4.7171082
4854,ODH_charity_0616:row:4854,25302,CC1(C)OB(OC1(C)C)[C@@H](Cc2ccc(Br)cc2)N3CCOC3=O,ODH,8.3,1.0,8.3,train,0.0,0.0,13.621453
233,ODH_charity_0616:row:233,1342,C[C@H]1Nc2cc(C)c(C)cc2NC1=O,ODH,11.9,1.0,11.9,train,0.0,0.0,4.4607463
403,ODH_charity_0616:row:403,2200,CC[C@@H](C#Cc1sccc1)c2ccccc2,ODH,12.84,1.0,12.84,train,0.0,0.0,3.3387978
3921,ODH_charity_0616:row:3921,21513,C[C@@H](O)C1=CC=C2C=CC=CC2=C1,ODH,50.52,1.0,50.52,train,0.0,0.0,2.7348757
1882,ODH_charity_0616:row:1882,10518,C[C@H]1Nc2ccccc2Oc3c(Br)cccc13,ODH,13.8,0.8,11.04,train,0.0,0.0,3.9522767
3884,ODH_charity_0616:row:3884,21342,CCCCOC[C@@H](C(=O)c1ccccc1)c2ccccc2,ODH,5.43,1.0,5.43,train,0.0,0.0,4.3601494
2357,ODH_charity_0616:row:2357,13030,COC(=O)[C@H](Oc1ccccc1)c2ccccc2,ODH,7.1,1.0,7.1,train,0.0,0.051710617,3.7721176
3042,ODH_charity_0616:row:3042,16892,O=C1OC[C@@]2(CC=CCN12)c3ccccc3,ODH,24.3,0.8,19.44,train,0.0,0.0,4.4096465
1433,ODH_charity_0616:row:1433,8277,C(Cc1ccccc1)[C@H]2Cc3ccccc3N2,ODH,11.5,0.8,9.2,train,0.0,0.0,4.0154524
884,ODH_charity_0616:row:884,5035,O=C1CCCC2=C1CC[C@@H](Cc3ccccc3)N2,ODH,22.2,1.0,22.2,train,0.0,0.0,4.1838684
895,ODH_charity_0616:row:895,5063,COc1ccc2N[C@H](C)Cc2c1,ODH,25.1,0.8,20.08,train,0.0,0.0,2.6320772
3093,ODH_charity_0616:row:3093,17205,COc1ccccc1[C@@H](C)O,ODH,25.2,1.0,25.2,train,0.0,0.0,2.253346
3031,ODH_charity_0616:row:3031,16808,Fc1cccc2N(Cc3ccccc3)C(=O)[C@H](Cc4ccccc4)Oc12,ODH,21.0,0.5,10.5,train,0.0,0.0,6.753618
271,ODH_charity_0616:row:271,1535,Cc1ccc(cc1)[C@H]2Nc3ccccc3OC2=O,ODH,10.0,1.0,10.0,train,0.0,0.0,5.0479736
1899,ODH_charity_0616:row:1899,10584,FC(F)(F)[C@@]1(Cc2oc3ccccc3c2C(=O)O1)c4ccccc4,ODH,11.6,0.6,6.96,train,0.0,0.0,7.27985
4790,ODH_charity_0616:row:4790,25086,CC1(C)OB(OC1(C)C)[C@H](Cc2ccc(F)cc2)N3CCOC3=O,ODH,9.3,1.0,9.3,train,0.0,0.0,11.494437
3160,ODH_charity_0616:row:3160,17697,CC[C@H]1C[C@@H](O)c2cc(OC)ccc2O1,ODH,31.238,0.5,15.619,train,0.0,0.0,3.2217634
2603,ODH_charity_0616:row:2603,14234,O[C@@H]([C@@H](C=C)c1ccccc1)C(=O)c2ccccc2,ODH,15.7,0.5,7.85,train,0.0,0.0,4.5964975
1273,ODH_charity_0616:row:1273,7379,C[C@H](O)c1ccc(Br)cc1,ODH,10.71,1.0,10.71,train,0.0,0.0,2.0437536
3562,ODH_charity_0616:row:3562,19864,CCCCC[C@H](C=C)c1c[nH]c2ccc(cc12)c3ccccc3,ODH,40.4,1.0,40.4,train,0.0,0.0,5.2391267
163,ODH_charity_0616:row:163,963,CC(C)OC(=O)[C@@H](O)c1sccc1,ODH,5.9,1.0,5.9,train,0.0,0.0,2.7803826
3313,ODH_charity_0616:row:3313,18454,OC[C@H](O)c1ccccc1Cl,ODH,29.9,1.0,29.9,train,0.0,0.2580159,2.3319883
3584,ODH_charity_0616:row:3584,20008,Clc1ccc2O[S](=O)(=O)N[C@H](\C=C\c3ccccc3)c2c1,ODH,32.1,0.8,25.68,train,0.0,0.0,6.459156
4688,ODH_charity_0616:row:4688,24638,C[C@@H](N[S](=O)(=O)C(C)(C)C)c1cccc(F)c1,ODH,6.9,1.0,6.9,train,0.0,0.0,6.1944366
1593,ODH_charity_0616:row:1593,9060,COc1ccc(C[C@@H](B2OC(C)(C)C(C)(C)O2)N3CCOC3=O)cc1,ODH,12.2,1.0,12.2,train,0.0,0.0,12.007304
1762,ODH_charity_0616:row:1762,9895,O[C@@H]/1CCC1=C/c2ccccc2Cl,ODH,8.937,0.8,7.1496,train,0.0,0.0,2.9364119
11,ODH_charity_0616:row:11,124,CCC(CC)(O[Si](C)(C)C(C)(C)C)C#Cc1cc(C)ccc1[S@](=O)c2ccccn2,ODH,4.6,1.0,4.6,train,0.0,0.0,39.191708
3550,ODH_charity_0616:row:3550,19772,COC(=O)[C@@]1(OC(=O)c2cc3ccccc3n12)c4ccc(C)cc4,ODH,29.9,0.3,8.97,train,0.0,0.0,8.013149
4153,ODH_charity_0616:row:4153,22452,CC(C)(C)[Si](C)(C)O[C@@H]1C[C@@H](CC(=O)C1(C)C)c2ccccc2,ODH,7.5,0.6,4.5,train,0.0,0.0,29.007187
4565,ODH_charity_0616:row:4565,24221,Cc1ccccc1S[C@H]2C[C@@H](c3ccccc3)c4ccccc4O2,ODH,5.9,1.0,5.9,train,0.0,0.0,6.6211863
3064,ODH_charity_0616:row:3064,17026,CC[C@@H](C=O)[C@H](C[N+]([O-])=O)c1ccccc1,ODH,32.96,0.9,29.664,train,0.0,0.0,3.5914204
4158,ODH_charity_0616:row:4158,22490,Cc1ccc(cc1)N2N=C(C)[C@@](C\C=C\c3ccccc3)(Cc4ccc(F)cc4)C2=O,ODH,13.877,1.0,13.877,train,0.0,0.0,10.661909
2715,ODH_charity_0616:row:2715,14974,Fc1cccc2O[C@H](Cc3ccccc3)C(=O)N(Cc4ccccc4)c12,ODH,20.0,0.5,10.0,train,0.0,0.0,6.520957
220,ODH_charity_0616:row:220,1255,CC(C)[C@@H](C#Cc1ccccc1)c2ccccc2,ODH,10.67,1.0,10.67,train,0.0,0.0,5.567626
3905,ODH_charity_0616:row:3905,21422,CCOC(=O)[C@]1(CC(=CC(=O)O1)c2ccccc2)C(F)(F)F,ODH,54.1,0.75,40.575,train,0.0,0.0,5.6712403
240,ODH_charity_0616:row:240,1392,CC(C)OC(=O)[C@H](CC=O)Cc1ccc(Cl)cc1,ODH,11.8,1.0,11.8,train,0.0,0.0,3.6020854
920,ODH_charity_0616:row:920,5166,Fc1ccc(NC[C@H]2CCc3ccccc3N2)cc1,ODH,26.1,1.0,26.1,train,0.0,0.0,4.241291
4722,ODH_charity_0616:row:4722,24787,COC(=O)[C@@H](F)\C=C\c1ccccc1,ODH,9.0,1.0,9.0,train,0.0,0.046060804,2.5949929
4169,ODH_charity_0616:row:4169,22542,Cc1ccc(cc1)[S](=O)(=O)N2C(=O)[C@@H]([C@H](C=C2c3ccccc3)c4ccccc4)c5cccc6ccccc56,ODH,16.7,0.75,12.525,train,0.0,0.0,13.589438
1837,ODH_charity_0616:row:1837,10291,CC(=C)[C@H](CN[S](=O)(=O)c1ccc(C)cc1)CC(=O)c2ccccc2,ODH,10.91,0.8,8.728,train,0.0,0.0,6.769248
1758,ODH_charity_0616:row:1758,9856,Cc1ccc(cc1)[C@@H]2CNc3ccccc3N2,ODH,17.7,0.6,10.62,train,0.0,0.0,5.836122
2090,ODH_charity_0616:row:2090,11559,C[C@@H](Nc1ccccc1)c2ccccc2,ODH,11.3,0.8,9.04,train,0.0,0.0,3.048907
75,ODH_charity_0616:row:75,455,Cc1ccc(c(c1)C#CC2(CCOCC2)O[Si](C)(C)C(C)(C)C)[S@](=O)c3ccccn3,ODH,6.5,1.0,6.5,train,0.0,0.0,28.018255
874,ODH_charity_0616:row:874,4962,CCOC(=O)C[C@H](Sc1ccccc1)c2cccc(OC)c2,ODH,24.2,1.0,24.2,train,0.0,0.0,4.259304
624,ODH_charity_0616:row:624,3633,CCOC(OCC)[C@H](N)c1ccc2ccccc2c1,ODH,16.8,0.8,13.44,train,0.0,0.0,4.3353877
2810,ODH_charity_0616:row:2810,15563,CO[C@@H](C(=O)OC)c1ccccc1,ODH,10.21,1.0,10.21,train,0.0,0.0,2.5528626
4879,ODH_charity_0616:row:4879,25425,Fc1ccc2O[C@H]3OCC[C@H]3c2c1,ODH,8.5,1.0,8.5,train,0.0,0.0,3.3876443
3345,ODH_charity_0616:row:3345,18612,COc1ccc(C[C@@H]2Oc3ccccc3N(Cc4ccccc4)C2=O)cc1,ODH,23.3,0.5,11.65,train,0.0,0.0,6.340693
2967,ODH_charity_0616:row:2967,16402,C[C@H](\C=C\c1ccc2ccccc2c1)C#Cc3ccc(cc3)C#N,ODH,23.0,0.5,11.5,train,0.0,0.0,5.386926
4470,ODH_charity_0616:row:4470,23867,CCC[C@@H]1[C@H](\C=C\C(=O)OCC)N1[S](=O)(=O)c2ccc(C)cc2,ODH,8.14,0.8,6.512,train,0.0,0.0,7.583957
1842,ODH_charity_0616:row:1842,10328,CCCCC[C@H](C=C)n1ccc2cccc(OC)c12,ODH,16.1,0.5,8.05,train,0.0,0.0,5.4386587
3731,ODH_charity_0616:row:3731,20739,FC(F)(F)c1ccc(cc1)[C@@H]2NCCNC2=O,ODH,33.2,1.0,33.2,train,0.0,0.0,3.8684475
4612,ODH_charity_0616:row:4612,24399,Cc1cc([C@@H](C(=O)OCc2ccccc2)c3ccc(F)cc3)c(C)n1Cc4ccccc4,ODH,8.7,0.7,6.09,train,0.0,0.0,9.298717
2488,ODH_charity_0616:row:2488,13777,Clc1ccc(cc1)[C@H]2CNc3ccccc3N2,ODH,18.0,0.6,10.8,train,0.0,0.0,5.885845
1538,ODH_charity_0616:row:1538,8716,C1Oc2ccccc2N[C@@H]1c3ccccc3,ODH,11.9,0.7,8.33,train,0.0,0.0,5.0864477
1359,ODH_charity_0616:row:1359,7837,CC(C)(C)C(=O)OC[C@@]1(CCO[Si](c2ccccc2)(c3ccccc3)C(C)(C)C)CCSC1,ODH,9.6,1.0,9.6,train,0.0,0.0,19.185968
3319,ODH_charity_0616:row:3319,18503,CN1CCc2ccccc2[C@H]1c3ccc(Cl)cc3,ODH,4.1,1.0,4.1,train,0.0,0.0,5.267689
4245,ODH_charity_0616:row:4245,22921,CC(C)(C)c1ccc(cc1)[P@](=O)(OCc2ccc(I)cc2)c3ccccc3,ODH,7.26,0.8,5.808,train,0.0,0.0,13.454284
2634,ODH_charity_0616:row:2634,14430,CCOC(=O)[C@]1(CC=C)N[S](=O)(=O)c2ccc(C)cc12,ODH,19.1,0.8,15.28,train,0.0,0.0,6.418792
4691,ODH_charity_0616:row:4691,24644,CCCCC[C@@H](C=C)n1ccc2cc(OC)ccc12,ODH,8.9,1.0,8.9,train,0.0,0.0,5.0147867
4182,ODH_charity_0616:row:4182,22655,O[C@@H]([C@H](C=C)c1ccccc1)C(=O)c2ccc3OCOc3c2,ODH,57.0,0.5,28.5,train,0.0,0.0,5.9744864
4100,ODH_charity_0616:row:4100,22284,Cc1ccc(cc1)C2(SCCCS2)[C@@H](C=Cc3ccccc3)c4ccccc4,ODH,5.3,1.0,5.3,train,0.0,0.0,8.039911
2319,ODH_charity_0616:row:2319,12850,CCCCOC(=O)[C@]1(CC=C)N[S](=O)(=O)c2ccccc12,ODH,16.7,0.8,13.36,train,0.0,0.0,6.36561
3832,ODH_charity_0616:row:3832,21162,Cc1cccc(c1)[C@@](C)(C\C=C\C=C\c2ccccc2)C=O,ODH,5.623,1.0,5.623,train,0.0,0.0,5.8310337
2372,ODH_charity_0616:row:2372,13103,CCOC(=O)N1[C@@H]2C/C(=C/N(c3ccc(OC)cc3)[S](=O)(=O)c4ccc(C)cc4)[C@H](C=C2c5ccccc15)c6ccccc6,ODH,17.0,0.8,13.6,train,0.0,0.0,13.825392
4756,ODH_charity_0616:row:4756,24970,COc1ccc2N[C@@H](C)Cc2c1,ODH,9.2,1.0,9.2,train,0.0,0.0,2.7261624
2619,ODH_charity_0616:row:2619,14305,CC(C)C[C@@H](C=C)n1ccc2ccccc12,ODH,18.9,1.0,18.9,train,0.0,0.0,6.407911
2349,ODH_charity_0616:row:2349,12998,CCC/C=C/C[C@@]1(C)CCOc2cc(C)c(C)cc12,ODH,16.0,0.5,8.0,train,0.0,0.0,8.059975
514,ODH_charity_0616:row:514,2997,N[C@@H](c1ccc(Cl)cc1)c2ccccc2O,ODH,11.86,0.7,8.302,train,0.0,0.0,4.6331754
2188,ODH_charity_0616:row:2188,12100,CC(C)(C)OC(=O)CC[C@@](N)(C\C=C\c1ccccc1)C(=O)OC(C)(C)C,ODH,15.7,0.5,7.85,train,0.0,0.0,12.764578
1845,ODH_charity_0616:row:1845,10337,NC1=C(C#N)[C@H](c2ccc3OCOc3c2)c4cc5OCOc5cc4O1,ODH,13.6,0.7,9.52,train,0.0,0.0,9.644773
3888,ODH_charity_0616:row:3888,21346,COC(=O)[C@@]1(CCCC1=O)[C@@H](CC(C)C)C[N+]([O-])=O,ODH,8.05,1.0,8.05,train,0.0,0.0,5.188669
2749,ODH_charity_0616:row:2749,15186,CC(C)(C)OC(=O)[C@](C)(N)C\C=C\c1ccc(cc1)[N+]([O-])=O,ODH,20.5,0.5,10.25,train,0.0,0.0,6.832954
321,ODH_charity_0616:row:321,1774,COC(=O)\C=C\C[C@@H]1N(CCc2c3ccccc3n(c12)[S](=O)(=O)c4ccc(C)cc4)C(C)=O,ODH,10.7,1.0,10.7,train,0.0,0.0,11.407512
4804,ODH_charity_0616:row:4804,25132,Fc1cccc2OC(=O)C[C@@H](c3ccccc3)c12,ODH,9.37,1.0,9.37,train,0.0,0.0,4.772932
2272,ODH_charity_0616:row:2272,12545,CCOC(=O)C1=COC(=O)C[C@@H]1c2sccc2,ODH,16.2,0.8,12.96,train,0.0,0.0,4.0907207
1441,ODH_charity_0616:row:1441,8324,CCOc1ccc(cc1)C2=C[C@H](CN2[S](=O)(=O)c3ccc(C)cc3)C(C)=C,ODH,11.53,0.8,9.224,train,0.0,0.0,8.932747
1092,ODH_charity_0616:row:1092,6467,COC(=O)c1ccc(cc1)[C@H]2COC(=O)N2,ODH,53.3,1.0,53.3,train,0.0,0.0,3.7340991
2085,ODH_charity_0616:row:2085,11522,O=[S@@](Cc1occc1)c2ccccc2,ODH,14.95,0.5,7.475,train,0.0,0.1796917,3.2190137
848,ODH_charity_0616:row:848,4850,CC(O)(C[C@@H]1CCc2ccccc2N1)c3ccccc3,ODH,16.9,0.6,10.14,train,0.0,0.0,4.67046
1158,ODH_charity_0616:row:1158,6889,OC[C@@H](O)c1ccc2ccccc2c1,ODH,11.3,0.5,5.65,train,0.0,0.0,3.9912312
4934,ODH_charity_0616:row:4934,25643,C[C@H]1C=C[C@@H](CO)N(N1C(=O)OC(C)(C)C)C(=O)Nc2ccc(Cl)cc2,ODH,6.8,0.6,4.08,train,0.0,0.0,12.977736
3337,ODH_charity_0616:row:3337,18558,COC(=O)[C@@H]([C@H](C[N+]([O-])=O)c1ccccc1)C(=O)CCCOCc2ccccc2,ODH,56.57,1.0,56.57,train,0.0,0.0,7.0859604
667,ODH_charity_0616:row:667,3816,O[C@@H](C[N+]([O-])=O)c1ccc(F)c(F)c1,ODH,21.361,0.8,17.0888,train,0.0,0.0,3.213509
3617,ODH_charity_0616:row:3617,20128,C1CCC(CC1)C[C@H]2CCC(=N2)c3ccccc3,ODH,6.1,1.0,6.1,train,0.0,0.0,4.2099285
1702,ODH_charity_0616:row:1702,9608,O[C@@H]/1CCCC1=C/c2ccccc2F,ODH,10.7,0.8,8.56,train,0.0,0.0,2.7238076
2430,ODH_charity_0616:row:2430,13361,O[C@@H](C(O)=O)c1ccccc1F,ODH,17.39,0.8,13.912,train,0.0,0.0,2.6744595
2402,ODH_charity_0616:row:2402,13219,CCCC[C@H](O)c1ccccc1,ODH,17.18,1.0,17.18,train,0.0,0.27974644,2.3278625
206,ODH_charity_0616:row:206,1154,CCOC(=O)C[C@H](Sc1ccc(Cl)cc1)c2ccccc2,ODH,8.8,1.0,8.8,train,0.0,0.0,4.035294
3744,ODH_charity_0616:row:3744,20822,CCOC(=O)[C@]1(N[S](=O)(=O)c2ccccc12)C#Cc3ccc4ccccc4c3,ODH,48.5,0.5,24.25,train,0.0,0.0,9.21476
1414,ODH_charity_0616:row:1414,8125,Cc1ccc(cc1)[C@H]2CC(=O)Oc3ccccc23,ODH,12.27,1.0,12.27,train,0.0,0.0,4.5482287
4857,ODH_charity_0616:row:4857,25309,O[C@@H](CC(=C)c1ccccc1)c2ccc(cc2)[N+]([O-])=O,ODH,9.5,1.0,9.5,train,0.0,0.0,4.7339163
1918,ODH_charity_0616:row:1918,10665,Cc1ccc(/C=C/C[C@](C)(N)C(=O)OC(C)(C)C)c(C)c1,ODH,10.4,0.5,5.2,train,0.0,0.0,10.427357
3775,ODH_charity_0616:row:3775,20949,CC[C@H]1CCC(=N1)c2ccccc2,ODH,5.2,1.0,5.2,train,0.0,0.0,3.2237656
1329,ODH_charity_0616:row:1329,7679,C[C@]1(C(=O)OCC=C)C(=O)N(C(=O)C(c2ccccc2)c3ccccc3)c4cc(Cl)ccc14,ODH,15.7,0.8,12.56,train,0.0,0.0,9.437735
2427,ODH_charity_0616:row:2427,13346,Cn1cc([C@H]2N(C(=O)N(C2=O)C(C)(C)C)C(C)(C)C)c3ccccc13,ODH,8.64,1.0,8.64,train,0.0,0.0,27.307064
1742,ODH_charity_0616:row:1742,9777,COC(=O)c1ccc(cc1)[C@@](C)(C=O)c2ccc(cc2)C(C)C,ODH,12.23,0.5,6.115,train,0.0,0.0,7.3094673
2740,ODH_charity_0616:row:2740,15141,O[C@@H]([C@@H](C=C)c1ccc(Br)cc1)C(=O)c2ccccc2,ODH,15.0,0.5,7.5,train,0.0,0.0,4.8837132
592,ODH_charity_0616:row:592,3433,FC(F)(F)CCCc1ccccc1[C@H](NC(=O)c2ccc(Cl)cc2)c3cn(Cc4ccccc4)c5ccccc35,ODH,7.72,1.0,7.72,train,0.0,0.0,11.377004
1736,ODH_charity_0616:row:1736,9743,COc1ccc(N2[C@@H](COC2=O)C=C)c(OC)c1,ODH,12.9,1.0,12.9,train,0.0,0.0,5.4280996
1599,ODH_charity_0616:row:1599,9072,CCOC(=O)/C=C/[C@H]1[C@H](C)N1[S](=O)(=O)c2ccc(C)cc2,ODH,21.16,0.8,16.928,train,0.0,0.0,6.3957043
2992,ODH_charity_0616:row:2992,16527,O[C@@]1([C@H](C=C)c2ccccc2)C(=O)N(Cc3cccc4ccccc34)c5c(Br)cccc15,ODH,12.85,1.0,12.85,train,0.0,0.0,10.049155
318,ODH_charity_0616:row:318,1755,CCOC(=O)C[C@@H](Sc1ccccc1)c2ccccc2,ODH,10.6,1.0,10.6,train,0.0,0.057217114,3.873096
4525,ODH_charity_0616:row:4525,24067,C[C@@H](CC(C)=O)\C=C\c1occc1,ODH,8.35,0.8,6.68,train,0.0,0.00815544,2.1682956
1191,ODH_charity_0616:row:1191,7062,O[C@@]1([C@H](C=C)c2ccccc2)C(=O)N(Cc3ccccc3F)c4ccccc14,ODH,10.417,1.0,10.417,train,0.0,0.0,8.705825
2775,ODH_charity_0616:row:2775,15383,O[C@@H]1CCCC[C@H]1Nc2ccc(Cl)cc2,ODH,20.86,1.0,20.86,train,0.0,0.0,3.2248502
1809,ODH_charity_0616:row:1809,10113,Cc1ccc(/C=C/C[C@@](C)(N)C(=O)OC(C)(C)C)cc1C,ODH,13.3,1.0,13.3,train,0.0,0.0,10.670751
4148,ODH_charity_0616:row:4148,22443,CC(C)(C)[Si](C)(C)OC[C@@H](\C=C\c1ccccc1)c2ccccc2,ODH,6.2,1.0,6.2,train,0.0,0.0,18.8242
2803,ODH_charity_0616:row:2803,15533,Oc1ccccc1[C@H](OCCSCc2ccccc2)c3ccccc3,ODH,23.0,1.0,23.0,train,0.0,0.0,5.2875834
4766,ODH_charity_0616:row:4766,24987,CC(C)(Cc1ccccc1)[C@H](O)c2ccccc2,ODH,9.2,0.8,7.36,train,0.0,0.0,5.6113963
808,ODH_charity_0616:row:808,4652,CSc1ccc(cc1)[C@@H]2CC(=O)N2C(C)(C)c3ccccn3,ODH,22.1,0.8,17.68,train,0.0,0.0,8.192688
2731,ODH_charity_0616:row:2731,15087,C1Cc2ccccc2[C@H]1C#Cc3ccccc3,ODH,20.24,0.7,14.168,train,0.0,0.0,4.009347
1804,ODH_charity_0616:row:1804,10108,Cc1ccc(cc1C)[C@H]2Nc3ccccc3OC2=O,ODH,30.0,0.7,21.0,train,0.0,0.0,6.5225134
2684,ODH_charity_0616:row:2684,14866,COc1ccc(cc1OC)[C@@H](C[N+]([O-])=O)c2ccc(C)cc2,ODH,18.6,1.5,27.9,train,0.0,0.0,5.1418557
2337,ODH_charity_0616:row:2337,12955,CCCCC[C@@]1(COc2ccccc12)CC3=CCCCC3,ODH,9.2,0.75,6.9,train,0.0,0.0,5.171111
823,ODH_charity_0616:row:823,4716,COc1ccccc1[C@@H](CCO)C[N+]([O-])=O,ODH,19.03,1.0,19.03,train,0.0,0.0,3.5860922
1205,ODH_charity_0616:row:1205,7103,Brc1ccc(cc1)C2=C(C[C@H](O2)C=C)C#N,ODH,10.496,1.0,10.496,train,0.0,0.0,3.6140518
1354,ODH_charity_0616:row:1354,7812,C[C@@H]1Cc2ccccc2N[C@H]1c3ccccc3,ODH,11.1,0.8,8.88,train,0.0,0.0,4.6999326
2765,ODH_charity_0616:row:2765,15336,COc1cccc(c1)[C@@H](C(C(=O)c2ccccc2)C(=O)c3ccccc3)C(=O)\C=C\c4ccccc4,ODH,16.9,0.75,12.675,train,0.0,0.0,12.5762005
4692,ODH_charity_0616:row:4692,24651,CCCC[C@H]1NCc2ccc(C)cc2[C@H]1F,ODH,9.5,0.8,7.6,train,0.0,0.0,3.9121037
1482,ODH_charity_0616:row:1482,8426,COC(=O)[C@H](OCC[Si](C)(C)C)c1ccccc1,ODH,7.73,1.0,7.73,train,0.0,0.0,6.7672553
3989,ODH_charity_0616:row:3989,21826,CC(C)(C)OC(=O)[C@@](C)(N)C\C=C\c1occc1,ODH,4.8,1.0,4.8,train,0.0,0.0,6.8824863
272,ODH_charity_0616:row:272,1581,F[C@H]1CCCO[C@]1(C(=O)c2ccc(Br)cc2)c3ccc(Br)cc3,ODH,11.16,1.0,11.16,train,0.0,0.0,5.7009416
2467,ODH_charity_0616:row:2467,13641,FC(F)(F)[C@@]1(CC(=CC(=O)O1)\C=C\c2ccccc2)c3ccccc3,ODH,26.8,0.75,20.1,train,0.0,0.0,6.9073634
1833,ODH_charity_0616:row:1833,10241,COc1ccccc1[C@@H]2Nc3ccccc3N(C)C2=O,ODH,16.4,1.0,16.4,train,0.0,0.0,6.3460693
1917,ODH_charity_0616:row:1917,10650,Cc1ccc(cc1)[S](=O)(=O)NC[C@H](CC(=O)c2ccccc2)C=C,ODH,13.94,0.5,6.97,train,0.0,0.0,6.7533026
1946,ODH_charity_0616:row:1946,10834,Cc1cc2OC[C@](C)(CN=[N+]=[N-])c2cc1C,ODH,10.2,0.5,5.1,train,0.0,0.0,6.197104
1707,ODH_charity_0616:row:1707,9621,CCC(CC)(CC[C@]1(C)COc2cc(C)c(C)cc12)CC(=O)c3ccccc3,ODH,12.8,0.5,6.4,train,0.0,0.0,13.012837
2266,ODH_charity_0616:row:2266,12516,COc1cccc(c1)[C@@](C)(C\C=C\C=C\c2ccccc2)C=O,ODH,16.2,1.0,16.2,train,0.0,0.0,4.8225427
664,ODH_charity_0616:row:664,3811,Cc1cccc(c1)[C@@H](O)CCl,ODH,17.6,1.0,17.6,train,0.0,0.060690444,2.096863
3165,ODH_charity_0616:row:3165,17738,O=C1C[C@@H](c2ccccc2)C(=C(O1)c3ccccc3)C(=O)c4ccccc4,ODH,30.9,0.7,21.63,train,0.0,0.0,7.212441
3718,ODH_charity_0616:row:3718,20671,CCOC(=O)[C@@](N)(CCc1ccccc1)C\C=C\c2ccccc2,ODH,45.6,1.0,45.6,train,0.0,0.0,5.4021683
3327,ODH_charity_0616:row:3327,18519,COC(=O)[C@H](O)c1ccc(C)cc1,ODH,3.41,2.0,6.82,train,0.0,0.0,2.6941347
1388,ODH_charity_0616:row:1388,8010,CCCCCC[C@H]1Nc2ccccc2C[C@H]1N3C(=O)c4ccccc4C3=O,ODH,12.8,0.7,8.96,train,0.0,0.0,8.952915
521,ODH_charity_0616:row:521,3095,COc1ccc(cc1)[C@H](O)C(=O)OC(C)C,ODH,8.6,1.0,8.6,train,0.0,0.0,3.4010568
577,ODH_charity_0616:row:577,3366,CCOC(=O)[C@@H]1N[S](=O)(=O)Oc2ccc(C)cc12,ODH,9.2,1.0,9.2,train,0.0,0.0,5.2671614
3533,ODH_charity_0616:row:3533,19686,Cn1cc([C@@H]2[C@H]([C@H](c3ccccc3)c4c(C)oc(c5ccccc5)c24)c6ccc(cc6)[N+]([O-])=O)c7ccccc17,ODH,25.17,0.6,15.102,train,0.0,0.0,12.618085
2614,ODH_charity_0616:row:2614,14284,Cc1cc2[C@H]3CCC(=C[C@H]3N(c2cc1C)[S](=O)(=O)C(F)(F)F)c4cccc5ccccc45,ODH,13.5,0.5,6.75,train,0.0,0.0,13.47491
1865,ODH_charity_0616:row:1865,10405,COC(=O)[C@@](C)(N)C\C=C\c1ccccc1,ODH,12.0,1.0,12.0,train,0.0,0.0,3.434405
887,ODH_charity_0616:row:887,5038,O=C1CCCC2=C1CC[C@@H](Cc3ccccc3)N2,ODH,24.9,1.0,24.9,train,0.0,0.0,4.186116
4530,ODH_charity_0616:row:4530,24074,CC(C)(C)OC(=O)N1OCC[C@H]1Cc2ccc(F)cc2,ODH,8.363,0.8,6.6904,train,0.0,0.0,7.1227365
378,ODH_charity_0616:row:378,2031,CCCCCCCC[C@@H]1CCC2=C(CCCC2=O)N1,ODH,11.4,1.0,11.4,train,0.0,0.0,4.355147
2861,ODH_charity_0616:row:2861,15834,OC[C@H](O)c1ccccc1,ODH,21.7,0.9,19.53,train,0.0,0.48226294,2.0509455
2267,ODH_charity_0616:row:2267,12523,CC(C)[C@H](C=C)c1c[nH]c2ccccc12,ODH,18.5,1.0,18.5,train,0.0,0.0,5.823253
1337,ODH_charity_0616:row:1337,7709,C[C@@H](N[S](=O)(=O)C(C)(C)C)c1ccc(F)cc1,ODH,8.1,1.0,8.1,train,0.0,0.0,6.162243
4870,ODH_charity_0616:row:4870,25390,CCCCC[C@H]1Cc2ccccc2N1,ODH,9.6,1.0,9.6,train,0.0,0.0,2.9291549
1155,ODH_charity_0616:row:1155,6876,C=C[C@H](CCc1ccccc1)NCC#C,ODH,10.297,0.8,8.2376,train,0.0,0.3224235,2.8380182
2061,ODH_charity_0616:row:2061,11454,CC(C)(C)OC(=O)[C@@](C)(N)C\C=C\c1ccc(F)cc1,ODH,11.8,0.5,5.9,train,0.0,0.0,6.767474
1052,ODH_charity_0616:row:1052,6170,COC(=O)[C@H](Cc1ccc(cc1)\C=C\c2ccc3ccccc3c2c4ccccc4SC)NC(=O)OC(C)(C)C,ODH,42.8,0.8,34.24,train,0.0,0.0,14.32727
3525,ODH_charity_0616:row:3525,19613,O=C([C@](C1=CC=CC(F)=C12)(C#CC3=CC=CC=C3)NS2(=O)=O)OCC,ODH,43.7,0.5,21.85,train,0.0,0.0,7.5822296
3986,ODH_charity_0616:row:3986,21810,CC(C)[C@H](C=C)C(Cc1ccccc1)(C#N)C#N,ODH,7.83,1.0,7.83,train,0.0,0.0,8.053712
4316,ODH_charity_0616:row:4316,23245,C[C@H]1Nc2ccccc2OC1=O,ODH,8.6,0.7,6.02,train,0.0,0.0,3.3311627
1717,ODH_charity_0616:row:1717,9668,COc1cccc(c1)[C@@H](C)N[S](=O)(=O)C(C)(C)C,ODH,9.6,1.0,9.6,train,0.0,0.0,7.365898
1697,ODH_charity_0616:row:1697,9587,CC(C)(C)c1ccc(cc1)[P@](=O)(OCc2ccc3ccccc3c2)c4ccccc4,ODH,12.77,0.8,10.216,train,0.0,0.0,14.178039
1847,ODH_charity_0616:row:1847,10347,CC(C)OC(=O)[C@](C)(N)C\C=C\c1ccccc1,ODH,13.6,1.0,13.6,train,0.0,0.0,4.8597264
2911,ODH_charity_0616:row:2911,16043,COc1ccc2OC(=O)C[C@@H](c3ccccc3)c2c1,ODH,22.13,1.0,22.13,train,0.0,0.0,4.82419
4051,ODH_charity_0616:row:4051,22086,Cc1oc(c2ccccc2)c3[C@@H]4CCCCN4c5ccccc5Cc13,ODH,7.8,0.6,4.68,train,0.0,0.0,7.768893
1370,ODH_charity_0616:row:1370,7888,CC(=O)SC[C@@H]1COC2(CCC2)c3ccccc3O1,ODH,10.4,1.0,10.4,train,0.0,0.0,4.2994637
461,ODH_charity_0616:row:461,2507,CCCC(CCC)(NC(=O)C[C@H](C)c1ccc(cc1)C(C)=O)c2ccccn2,ODH,11.7,0.8,9.36,train,0.0,0.0,7.585043
242,ODH_charity_0616:row:242,1394,COC(=O)[C@H]1COc2ccc(cc2O1)C(C)(C)C,ODH,12.7,1.0,12.7,train,0.0,0.0,6.593085
4537,ODH_charity_0616:row:4537,24092,COC(=O)[C@H]1Cc2cc(Cl)ccc2O1,ODH,9.04,1.0,9.04,train,0.0,0.0,3.2592547
4270,ODH_charity_0616:row:4270,23031,CCOC(=O)[C@@H](Oc1ccccc1)c2ccccc2,ODH,7.4,1.0,7.4,train,0.0,0.0,3.8872163
196,ODH_charity_0616:row:196,1073,Fc1ccc(cc1)[C@H]2Nc3ccccc3OC2=O,ODH,8.6,1.0,8.6,train,0.0,0.0,4.9141583
569,ODH_charity_0616:row:569,3325,C1Cc2ccccc2N[C@@H]1c3ccccc3,ODH,12.9,0.6,7.74,train,0.0,0.0,3.9877753
4632,ODH_charity_0616:row:4632,24453,CC[C@@H](C#Cc1ccccc1)c2ccc(Br)cc2,ODH,13.7,0.7,9.59,train,0.0,0.0,3.799478
4243,ODH_charity_0616:row:4243,22915,COC(=O)[C@H](SCc1ccccc1)c2ccc(C)cc2,ODH,7.23,1.0,7.23,train,0.0,0.0,4.3855824
2771,ODH_charity_0616:row:2771,15377,O[C@@]1([C@H](C=C)c2ccccc2)C(=O)N(Cc3cccc4ccccc34)c5ccccc15,ODH,20.847,1.0,20.847,train,0.0,0.0,9.625731
10,ODH_charity_0616:row:10,123,CCC(CC)(O[Si](C)(C)C(C)(C)C)C#Cc1cc(C)ccc1[S@@](=O)c2ccccn2,ODH,4.2,1.0,4.2,train,0.0,0.0,39.832947
4643,ODH_charity_0616:row:4643,24499,CC(C)(C)OC(=O)N1OCC[C@]1(C)Cc2ccc(cc2)c3ccccc3,ODH,9.565,0.8,7.652,train,0.0,0.0,12.990443
2953,ODH_charity_0616:row:2953,16267,CCCCC[C@H](C=C)c1c[nH]c2ccc(cc12)C(=O)OC,ODH,25.8,1.0,25.8,train,0.0,0.0,4.970727
3818,ODH_charity_0616:row:3818,21131,COC(=O)[C@@H](O)c1ccc(C)cc1,ODH,5.55,2.0,11.1,train,0.0,0.0,2.56771
929,ODH_charity_0616:row:929,5244,[O-][N+](=O)c1cccc(c1)[C@]2(CC(=NO2)c3ccccc3)CC(F)(F)F,ODH,23.4,0.8,18.72,train,0.0,0.0,6.9728255
3637,ODH_charity_0616:row:3637,20227,COC(=O)[C@H](O)c1ccccc1OC,ODH,4.48,2.0,8.96,train,0.0,0.0,3.0089161
4740,ODH_charity_0616:row:4740,24878,Fc1cccc(c1)[C@@]2(CCC(=O)O2)C(=O)OC(c3ccccc3)c4ccccc4,ODH,9.1,0.75,6.825,train,0.0,0.0,8.43952
2962,ODH_charity_0616:row:2962,16354,O[C@@H]([C@H](C=C)c1cccc(Cl)c1)C(=O)c2ccccc2,ODH,26.4,0.5,13.2,train,0.0,0.0,4.789738
4213,ODH_charity_0616:row:4213,22777,Fc1cccc(c1)C2(SCCCS2)[C@H](C=Cc3ccccc3)c4ccccc4,ODH,7.1,1.0,7.1,train,0.0,0.0,6.8691816
1890,ODH_charity_0616:row:1890,10544,Cc1cccc(c1)[C@@H]2Cc3ccccc3C(=O)C(=N2)c4ccccc4O,ODH,18.0,0.7,12.6,train,0.0,0.0,6.5610495
100,ODH_charity_0616:row:100,565,COC(=O)[C@@]1(N[C@@H]([C@H]([C@@H]1[N+]([O-])=O)c2ccccc2Cl)c3ccccc3)c4ccccc4,ODH,7.507,1.0,7.507,train,0.0,0.0,9.729709
4848,ODH_charity_0616:row:4848,25288,CCCC[C@@H]1Cc2ccccc2N1,ODH,13.1,1.0,13.1,train,0.0,0.0,2.7840536
900,ODH_charity_0616:row:900,5095,O=C1OCC[C@H]1Cc2ccccc2,ODH,22.8,0.5,11.4,train,0.0,0.0,2.5072715
3347,ODH_charity_0616:row:3347,18614,Clc1ccc(C[C@@H]2Oc3ccccc3N(Cc4ccccc4)C2=O)cc1Cl,ODH,26.4,0.5,13.2,train,0.0,0.0,6.5073776
1960,ODH_charity_0616:row:1960,10965,COC(=O)[C@@H](CN(Cc1ccccc1)Cc2ccccc2)Cc3cn(C(=O)OC(C)(C)C)c4ccccc34,ODH,13.3,0.5,6.65,train,0.0,0.0,13.57233
1857,ODH_charity_0616:row:1857,10375,Cc1ccccc1/C=C/C=C/C[C@@](C)(C=O)c2ccccc2,ODH,13.638,1.0,13.638,train,0.0,0.0,4.6014643
1046,ODH_charity_0616:row:1046,6142,OCC[C@H](C[N+]([O-])=O)c1occc1,ODH,41.84,1.0,41.84,train,0.0,0.0,2.660691
234,ODH_charity_0616:row:234,1343,C[C@@H]1Nc2cc(C)c(C)cc2NC1=O,ODH,9.4,1.0,9.4,train,0.0,0.0,4.44176
4200,ODH_charity_0616:row:4200,22725,CCc1cc([C@@H](C(=O)OCc2ccccc2)c3ccccc3)c(CC)n1Cc4ccccc4,ODH,7.0,0.7,4.9,train,0.0,0.0,9.896199
931,ODH_charity_0616:row:931,5246,O=C(C[C@H]1CCCCN1C(=O)OCc2ccccc2)c3ccccc3,ODH,28.3,0.5,14.15,train,0.0,0.0,5.254793
628,ODH_charity_0616:row:628,3659,Cc1ccc(cc1)[S@@](=O)c2cc(C)ccn2,ODH,16.9,0.8,13.52,train,0.0,0.0,3.6374207
3977,ODH_charity_0616:row:3977,21775,CCCC(=O)O\C(c1ccccc1)=C\2[C@H]([C@H](C)C=C2c3ccccc3)c4ccc(C)cc4,ODH,7.0,0.7,4.9,train,0.0,0.0,9.618449
2890,ODH_charity_0616:row:2890,15924,Cn1cccc1CC(C#N)(C#N)[C@H](CCc2ccccc2)C=C,ODH,18.29,1.0,18.29,train,0.0,0.0,6.809779
436,ODH_charity_0616:row:436,2392,CCC(CC)(NC(=O)C[C@H](C)c1ccc(cc1)C(C)=O)c2ccccn2,ODH,11.3,0.8,9.04,train,0.0,0.0,8.066032
3889,ODH_charity_0616:row:3889,21348,COc1ccc(C[C@H]2[C@H](C=C(OC2=O)c3ccccc3)c4ccc(C)cc4)cc1,ODH,40.7,0.75,30.525,train,0.0,0.0,6.7079964
1380,ODH_charity_0616:row:1380,7939,CCOC(=O)C1=C(C)OC(=O)C[C@H]1c2cscc2,ODH,7.2,0.7,5.04,train,0.0,0.0,5.0037503
1861,ODH_charity_0616:row:1861,10397,CC[C@@H](\C=C\c1ccc2cc(OC)ccc2c1)C#CCc3ccccc3,ODH,11.9,0.5,5.95,train,0.0,0.0,5.5199966
1902,ODH_charity_0616:row:1902,10602,C[C@]1(COc2ccc(cc12)C(C)(C)c3ccccc3)Cc4ccccc4,ODH,15.0,0.5,7.5,train,0.0,0.0,10.62746
2608,ODH_charity_0616:row:2608,14257,COc1ccccc1C(=O)N[C@@H](C)c2ccc3ccccc3c2,ODH,42.286,1.0,42.286,train,0.0,0.0,5.679547
2602,ODH_charity_0616:row:2602,14233,O[C@@H]([C@@H](C=C)c1ccccc1)C(=O)c2ccccc2,ODH,15.7,0.5,7.85,train,0.0,0.0,4.6311936
3538,ODH_charity_0616:row:3538,19713,COC(=O)[C@@](C)(NC(=O)c1ccc(OC)cc1)C(=O)OCc2ccccc2,ODH,31.9,0.3,9.57,train,0.0,0.0,6.9618015
3388,ODH_charity_0616:row:3388,18803,Cc1ccc(cc1)[S](=O)(=O)N2CC[C@@H](C2)c3cccc(C)c3,ODH,31.0,1.0,31.0,train,0.0,0.0,5.456453
4255,ODH_charity_0616:row:4255,22967,C[C@@H]1Cc2cc(C)cc(C)c2N1,ODH,8.1,1.0,8.1,train,0.0,0.0,4.2054353
790,ODH_charity_0616:row:790,4545,O[C@H](C[N+]([O-])=O)c1ccc(Cl)cc1,ODH,21.448,0.8,17.1584,train,0.0,0.0,2.8282886
1997,ODH_charity_0616:row:1997,11120,COc1ccccc1N2C(=O)OC[C@@]2(CCOCc3ccccc3)C=C,ODH,14.5,1.0,14.5,train,0.0,0.0,7.501625
1848,ODH_charity_0616:row:1848,10348,CC(C)OC(=O)[C@@](C)(N)C\C=C\c1ccccc1,ODH,8.1,1.0,8.1,train,0.0,0.0,4.9919405
2438,ODH_charity_0616:row:2438,13434,COc1ccccc1[C@@H](O)C(O)=O,ODH,17.5,0.8,14.0,train,0.0,0.0,2.8101654
3318,ODH_charity_0616:row:3318,18490,CC[Si](CC)(CC)[C@@H](C(=O)OC)c1ccccc1,ODH,3.35,1.0,3.35,train,0.0,0.0,8.13016
3682,ODH_charity_0616:row:3682,20489,Fc1ccc(OC(=O)/C=C/[C@H](CCCCCCCC=C)N2C(=O)C3CC=CCC3C2=O)cc1,ODH,36.6,0.8,29.28,train,0.0,0.0,8.813986
846,ODH_charity_0616:row:846,4840,CC1(C)CN(C(=O)Nc2cc(cc(c2)C(F)(F)F)C(F)(F)F)[C@@](CN=[N+]=[N-])(C1)c3ccc(Cl)cc3,ODH,24.89,0.4,9.956,train,0.0,0.0,12.212928
2792,ODH_charity_0616:row:2792,15473,Fc1cc2ccn3c2c(c1)C(=O)O[C@]34C(=O)N(Cc5ccccc5)c6ccccc46,ODH,22.7,0.8,18.16,train,0.0,0.0,11.0364275
720,ODH_charity_0616:row:720,4120,Cc1ccc(cc1)[C@H](N)c2ccccc2O,ODH,12.82,0.7,8.974,train,0.0,0.0,4.6348696
3955,ODH_charity_0616:row:3955,21684,FC(F)(F)c1ccc(CC(C#N)(C#N)[C@@H](CCc2ccccc2)C=C)cc1,ODH,57.5,0.5,28.75,train,0.0,0.0,6.952539
1625,ODH_charity_0616:row:1625,9227,C=C[C@H](C1CC1)n2ccc3ccccc23,ODH,12.4,0.5,6.2,train,0.0,0.0,4.2179933
1197,ODH_charity_0616:row:1197,7075,C=C[C@@H]1CC(=C(O1)c2cscc2)C#N,ODH,10.444,1.0,10.444,train,0.0,0.0,3.1320488
3316,ODH_charity_0616:row:3316,18484,Cc1ccc(cc1)[C@@H]2[C@@H]3[C@@H](N3[S](=O)(=O)c4ccc(C)cc4)c5ccccc5[C@H]2C(=O)c6ccc(C)cc6,ODH,9.3,1.0,9.3,train,0.0,0.0,15.791407
4489,ODH_charity_0616:row:4489,23941,CCC(=C)[C@H](C)NCc1ccccc1,ODH,8.203,0.8,6.5624,train,0.0,0.0,4.1501784
3664,ODH_charity_0616:row:3664,20355,COc1ccc(cc1)[C@H](O)CO,ODH,36.5,0.8,29.2,train,0.0,0.14106435,2.3222268
3540,ODH_charity_0616:row:3540,19723,CCOC(=O)[C@@]1(N[S](=O)(=O)c2c(Cl)cccc12)C#Cc3ccccc3,ODH,41.3,0.5,20.65,train,0.0,0.0,7.549096
3395,ODH_charity_0616:row:3395,18828,CCC(=O)OC[C@@H](O)c1ccccc1,ODH,31.1,0.5,15.55,train,0.0,0.0,2.5691068
3620,ODH_charity_0616:row:3620,20131,COc1ccc([C@@H](C)c2ccccc2)c(c1)c3ccccc3,ODH,4.3,1.0,4.3,train,0.0,0.0,5.382718
398,ODH_charity_0616:row:398,2174,CCCCCCC[C@H]1CCC2=C(CCCC2=O)N1,ODH,11.8,1.0,11.8,train,0.0,0.0,3.9970233
2205,ODH_charity_0616:row:2205,12159,CCOC(=O)[C@@]1(CC=C)N[S](=O)(=O)c2ccc(OC(F)(F)F)cc12,ODH,11.4,0.8,9.12,train,0.0,0.0,7.176526
755,ODH_charity_0616:row:755,4248,COc1ccc2[C@@H](CCN(c2c1)[S](=O)(=O)c3ccc(C)cc3)CC(=O)NC(C)(C)c4ccccn4,ODH,23.9,0.8,19.12,train,0.0,0.0,11.307375
4355,ODH_charity_0616:row:4355,23431,O[C@H]/1CCCC1=C/c2ccccc2Cl,ODH,7.8,0.8,6.24,train,0.0,0.0,3.5977304
52,ODH_charity_0616:row:52,390,CC(C)OC(=O)[C@@H](O)c1ccc(cc1)C(C)C,ODH,5.4,1.0,5.4,train,0.0,0.0,5.0374775
169,ODH_charity_0616:row:169,995,CC(C)OC(=O)[C@@H](O)c1cc(C)cc(C)c1,ODH,6.2,1.0,6.2,train,0.0,0.0,4.887622
4271,ODH_charity_0616:row:4271,23040,CCOC(=O)[C@H](F)\C=C\c1ccccc1,ODH,7.0,1.0,7.0,train,0.0,0.057417598,2.7673657
2845,ODH_charity_0616:row:2845,15744,O=C([C@H](Nc1ccccc1)c2ccccc2)c3ccccc3,ODH,13.12,1.0,13.12,train,0.0,0.0,5.461167
2869,ODH_charity_0616:row:2869,15867,CN1C(=O)[C@](CC=O)(C2CNc3ccc(Br)cc23)c4ccccc14,ODH,21.78,0.8,17.424,train,0.0,0.0,8.921144
4917,ODH_charity_0616:row:4917,25554,C[C@@H](N1CCN(CCOc2ccc(F)cc2)CC1)[C@](O)(Cn3cncn3)c4ccc(F)cc4F,ODH,10.86,1.0,10.86,train,0.0,0.0,10.843705
3000,ODH_charity_0616:row:3000,16547,CC(=O)[C@@H](C(C(=O)\C=C(/C)c1ccccc1)c2ccccc2)C(=O)c3ccccc3,ODH,25.7,0.6,15.42,train,0.0,0.0,10.915075
1316,ODH_charity_0616:row:1316,7567,COC(=O)[C@@H](F)CCOCc1ccccc1,ODH,10.9,1.0,10.9,train,0.0,0.009013851,2.7246933
4952,ODH_charity_0616:row:4952,25749,Cc1ccc2OC(=O)[C@@H](Nc2c1)c3ccccc3,ODH,9.9,0.7,6.93,train,0.0,0.0,5.5801454
4442,ODH_charity_0616:row:4442,23767,CC[C@@]1(N(c2cc(C)c(C)cc2C1=C)[S](=O)(=O)C(F)(F)F)c3ccc4ccccc4c3,ODH,8.47,0.5,4.235,train,0.0,0.0,19.110373
3154,ODH_charity_0616:row:3154,17661,C[S](=O)(=O)N1[C@@H](C=Cc2ccccc12)c3ccc4ccccc4c3,ODH,26.6,0.5,13.3,train,0.0,0.0,7.2800684
4605,ODH_charity_0616:row:4605,24363,CCC[C@@H](O)c1ccccc1,ODH,7.86,1.0,7.86,train,0.0,0.19580726,2.2219212
740,ODH_charity_0616:row:740,4209,CC(=O)C[C@@H]1CCC(C)(C)CN1C(=O)OCc2ccccc2,ODH,19.7,0.5,9.85,train,0.0,0.0,5.3279185
4128,ODH_charity_0616:row:4128,22358,CCOc1ccc2nc(SC[C@@H](CN(Cc3ccccc3)Cc4ccccc4)c5ccccc5)sc2c1,ODH,6.8,1.0,6.8,train,0.0,0.0,8.724508
3365,ODH_charity_0616:row:3365,18729,CC1(C)[C@H](CCC1=O)c2cccc3ccccc23,ODH,26.08,1.0,26.08,train,0.0,0.0,6.027968
3272,ODH_charity_0616:row:3272,18263,CCOC(=O)[C@@]1(N[S](=O)(=O)c2ccccc12)C#Cc3ccc(F)cc3,ODH,36.7,0.5,18.35,train,0.0,0.0,7.9177904
292,ODH_charity_0616:row:292,1666,CC[C@@H]1N[S](=O)(=O)Oc2ccccc12,ODH,8.1,0.8,6.48,train,0.0,0.0,4.662202
350,ODH_charity_0616:row:350,1939,CCOC(=O)C[C@@H](Sc1ccccc1)c2cccc(F)c2,ODH,11.1,1.0,11.1,train,0.0,0.025597155,4.1799192
1149,ODH_charity_0616:row:1149,6806,CC(C)C[C@@H]1Nc2ccccc2C[C@H]1N3C(=O)c4ccccc4C3=O,ODH,10.2,0.7,7.14,train,0.0,0.0,10.646733
2833,ODH_charity_0616:row:2833,15703,COc1ccc(cc1)N2[C@H](COC2=O)C=C,ODH,21.5,1.0,21.5,train,0.0,0.0,4.2800345
2417,ODH_charity_0616:row:2417,13307,COc1cccc(c1)C(=O)OC[C@H](O)c2ccccc2,ODH,15.8,1.0,15.8,train,0.0,0.0,4.2695346
431,ODH_charity_0616:row:431,2368,COc1ccccc1[C@H]2CO[S](=O)(=O)N2,ODH,26.2,1.0,26.2,train,0.0,0.0,4.5876403
3407,ODH_charity_0616:row:3407,18904,COc1cccc(c1)[C@H]2CCc3ccccc3N2,ODH,31.51,0.6,18.906,train,0.0,0.0,4.246592
4304,ODH_charity_0616:row:4304,23176,COC(=O)[C@H]1[C@H]([C@@H]([C@H]2N1CCc3ccccc23)C(=O)n4nc(C)cc4C)c5cccc(Br)c5,ODH,5.769,1.0,5.769,train,0.0,0.0,12.312101
358,ODH_charity_0616:row:358,1950,CO[P](=O)(OC)C(=[N+]=[N-])[C@]1(NC(=O)OC(C)(C)C)C(=O)N(Cc2ccccc2)c3ccccc13,ODH,11.119,0.5,5.5595,train,0.0,0.0,17.050884
4590,ODH_charity_0616:row:4590,24320,Cc1ccccc1O[C@@H](C(=O)OCc2ccccc2)c3ccccc3,ODH,8.6,1.0,8.6,train,0.0,0.0,5.096109
1394,ODH_charity_0616:row:1394,8042,CN(C[C@H](CSc1sc2ccc(Cl)cc2n1)OCC=C)C(c3ccccc3)c4ccccc4,ODH,5.8,1.0,5.8,train,0.0,0.0,8.027185
3033,ODH_charity_0616:row:3033,16822,COc1ccc(\C=C\C=C\C[C@](C)(C=O)c2ccccc2)cc1OC,ODH,28.938,1.0,28.938,train,0.0,0.0,5.6500583
878,ODH_charity_0616:row:878,5010,COC(=O)C[C@@H](C#N)c1ccccc1,ODH,16.7,0.8,13.36,train,0.0,0.0,2.726362
1086,ODH_charity_0616:row:1086,6368,CC(C)OC(=O)[C@@]1(CC(=NN1)C(=O)N2CCOC2=O)c3ccccc3,ODH,48.463,0.5,24.2315,train,0.0,0.0,7.509288
4195,ODH_charity_0616:row:4195,22708,COc1ccc(N[C@@H](C#CC2=CCCCC2)C(F)(F)F)cc1,ODH,7.0,0.8,5.6,train,0.0,0.0,4.681717
526,ODH_charity_0616:row:526,3112,CCC[C@H]1CCC2=C(CCCC2=O)N1,ODH,14.9,1.0,14.9,train,0.0,0.0,3.2017357
2641,ODH_charity_0616:row:2641,14516,CCOC(=O)[C@]1(CC=C)N[S](=O)(=O)c2ccc(Cl)cc12,ODH,19.2,0.8,15.36,train,0.0,0.0,6.3351827
1280,ODH_charity_0616:row:1280,7424,COc1cc2OC(=C(C#N)[C@@H](c3ccccc3)c2cc1OC)N,ODH,13.1,0.7,9.17,train,0.0,0.0,7.566566
1363,ODH_charity_0616:row:1363,7847,CC[C@H](C#Cc1ccccc1)c2ccc3ccccc3c2,ODH,11.11,0.5,5.555,train,0.0,0.0,4.7688665
4960,ODH_charity_0616:row:4960,25821,Cc1ccc(cc1)C2=C(C[C@@H](O2)C=C)C#N,ODH,12.665,1.0,12.665,train,0.0,0.0,3.7830033
4566,ODH_charity_0616:row:4566,24236,Cc1ccc(C[C@@H]2Cc3ccccc3N2)cc1,ODH,9.3,1.0,9.3,train,0.0,0.0,3.6095285
595,ODH_charity_0616:row:595,3440,COC(=O)[C@@H]1COc2ccc(Cl)cc2O1,ODH,16.0,1.0,16.0,train,0.0,0.0,3.246012
192,ODH_charity_0616:row:192,1063,C[C@@H](F)C(=O)c1ccc2ccccc2n1,ODH,8.6,1.0,8.6,train,0.0,0.0,3.4336083
1969,ODH_charity_0616:row:1969,10986,C1CCC(CC1)[C@H]2N[C@H](Cc3ccccc23)c4ccccc4,ODH,18.7,0.8,14.96,train,0.0,0.0,6.325952
4393,ODH_charity_0616:row:4393,23580,COc1ccc(\C=C\C=C\C[C@@](C)(C=O)c2ccccc2)cc1,ODH,7.935,1.0,7.935,train,0.0,0.0,5.66943
550,ODH_charity_0616:row:550,3251,C[C@H](CC(=O)c1sccc1)[S](=O)(=O)c2ccc(C)cc2,ODH,18.5,1.0,18.5,train,0.0,0.0,5.350377
2868,ODH_charity_0616:row:2868,15866,CN1C(=O)[C@@](CC=O)(C2CNc3ccc(Br)cc23)c4ccccc14,ODH,16.21,0.8,12.968,train,0.0,0.0,8.859006
1486,ODH_charity_0616:row:1486,8439,COC(=O)[C@H](Nc1ccc(Br)cc1)c2ccccc2,ODH,9.874,0.8,7.8992,train,0.0,0.0,4.135644
3039,ODH_charity_0616:row:3039,16874,Clc1cccc(C[C@@H]2Oc3ccccc3N(Cc4ccccc4)C2=O)c1,ODH,20.6,0.5,10.3,train,0.0,0.0,6.334231
1257,ODH_charity_0616:row:1257,7311,CC(C)(C)OC(=O)N1OCC[C@H]1Cc2ccc(cc2)C#N,ODH,10.698,0.8,8.5584,train,0.0,0.0,10.837265
4141,ODH_charity_0616:row:4141,22414,Cc1ccc(cc1)[S](=O)(=O)N2CC(C[C@H]2CBr)(c3ccccc3)c4ccccc4,ODH,6.86,1.0,6.86,train,0.0,0.0,10.608018
4758,ODH_charity_0616:row:4758,24972,Cc1cccc(O[C@H](C(=O)OCc2ccccc2)c3ccccc3)c1,ODH,9.2,0.7,6.44,train,0.0,0.0,5.1006613
1061,ODH_charity_0616:row:1061,6225,O[C@@H](C[N+]([O-])=O)c1ccccc1[N+]([O-])=O,ODH,51.895,0.8,41.516,train,0.0,0.0,3.3619125
2955,ODH_charity_0616:row:2955,16286,C[C@]1(CC(=C)C(=O)N1)C(F)(F)F,ODH,16.363,0.8,13.0904,train,0.0,0.0,3.2907574
748,ODH_charity_0616:row:748,4225,Cc1ccc(cc1)[C@@H]2Nc3ccccc3NC2=O,ODH,19.8,1.0,19.8,train,0.0,0.0,5.1474
806,ODH_charity_0616:row:806,4632,Cc1ccc2CC[C@H](CNc3ccccc3)Nc2c1,ODH,22.0,1.0,22.0,train,0.0,0.0,4.454249
4152,ODH_charity_0616:row:4152,22449,C1CC[C@@H]2Nc3ccccc3C[C@@H]2C1,ODH,7.3,0.8,5.84,train,0.0,0.0,4.027778
4571,ODH_charity_0616:row:4571,24251,CCC[C@H](Nc1ccc(cc1)C(C)(C)C)C(=C)CC,ODH,8.512,1.0,8.512,train,0.0,0.0,10.533837
4540,ODH_charity_0616:row:4540,24095,C[C@]1(N(c2ccccc2C1=C)[S](=O)(=O)C(F)(F)F)c3ccccc3,ODH,8.38,0.5,4.19,train,0.0,0.0,11.072077
1771,ODH_charity_0616:row:1771,9936,CC1(C)CCC(=O)O[C@@H]1c2ccc(cc2)[N+]([O-])=O,ODH,13.1,1.0,13.1,train,0.0,0.0,5.15648
127,ODH_charity_0616:row:127,727,CC(C)(C)OC(=O)N1CC[C@@H](C1)C#N,ODH,7.9,1.0,7.9,train,0.0,0.0,5.862565
3428,ODH_charity_0616:row:3428,19055,CCCCCCCC[C@@H]1[C@H](C=C(OC1=O)c2ccccc2)c3ccccc3,ODH,32.3,0.75,24.225,train,0.0,0.0,6.051863
2306,ODH_charity_0616:row:2306,12802,COC(=O)[C@H](F)/C=C/c1ccc(cc1)C#N,ODH,15.5,1.0,15.5,train,0.0,0.0,3.2229145
897,ODH_charity_0616:row:897,5065,COC(OC)[C@H](NC(C)=O)c1ccccc1,ODH,25.1,0.8,20.08,train,0.0,0.0,3.8128123
3479,ODH_charity_0616:row:3479,19270,COc1ccc(cc1)C(=O)[C@@H](O)[C@H](C=C)c2ccccc2,ODH,39.5,0.5,19.75,train,0.0,0.0,4.932813
4775,ODH_charity_0616:row:4775,25030,CC[C@@]1(N(c2cc(C)ccc2C1=C)[S](=O)(=O)C(F)(F)F)c3ccccc3,ODH,7.86,0.5,3.93,train,0.0,0.0,13.111377
4217,ODH_charity_0616:row:4217,22810,Cc1ccccc1\C=C\[C@H]2COc3ccccc3O2,ODH,7.84,1.0,7.84,train,0.0,0.0,4.2365313
3246,ODH_charity_0616:row:3246,18144,CC(C)[C@H](COC=O)c1ccccc1,ODH,33.8,0.5,16.9,train,0.0,0.0,2.6659822
2307,ODH_charity_0616:row:2307,12803,COC(=O)[C@@H](F)/C=C/c1ccc(cc1)C#N,ODH,16.6,1.0,16.6,train,0.0,0.0,3.2034502
4599,ODH_charity_0616:row:4599,24338,O[C@@H]/1CCCC1=C/c2ccccc2C(F)(F)F,ODH,7.9,0.8,6.32,train,0.0,0.0,3.751999
1856,ODH_charity_0616:row:1856,10374,Cc1ccccc1/C=C/C=C/C[C@](C)(C=O)c2ccccc2,ODH,17.458,1.0,17.458,train,0.0,0.0,4.55976
4500,ODH_charity_0616:row:4500,23977,CCOC[C@H](C(=O)c1ccccc1)c2ccccc2,ODH,8.28,1.0,8.28,train,0.0,0.012636735,3.901861
1881,ODH_charity_0616:row:1881,10517,C[C@@H]1Nc2ccccc2Oc3c(Br)cccc13,ODH,14.7,0.8,11.76,train,0.0,0.0,3.9555647
3331,ODH_charity_0616:row:3331,18535,COC(=O)[C@@H](c1ccccc1)[Si](C)(C)c2ccccc2,ODH,3.94,1.0,3.94,train,0.0,0.0,7.4323854
1616,ODH_charity_0616:row:1616,9183,CCCCC[C@@H]1CCc2ccccc2N1,ODH,10.64,0.6,6.384,train,0.0,0.0,3.1377518
2348,ODH_charity_0616:row:2348,12990,CC(C)OC(=O)[C@]1(CC=C)N[S](=O)(=O)c2ccccc12,ODH,16.9,0.8,13.52,train,0.0,0.0,7.1097727
3839,ODH_charity_0616:row:3839,21185,C=C[C@@H](C1CCCCC1)C(Cc2ccccc2)(C#N)C#N,ODH,6.77,1.0,6.77,train,0.0,0.0,6.22893
2259,ODH_charity_0616:row:2259,12414,CCOC(=O)[C@@H]1[C@@H](CC)c2ccccc2N(C1=O)c3ccccc3,ODH,10.1,1.0,10.1,train,0.0,0.0,6.6818204
4239,ODH_charity_0616:row:4239,22907,C[C@@H](NC(=O)OC(C)(C)C)[C@H](O)c1ccccc1,ODH,7.21,0.8,5.768,train,0.0,0.0,6.0826616
4840,ODH_charity_0616:row:4840,25237,CCC[C@H](/C=C/c1ccccc1)c2ccccc2,ODH,9.46,1.0,9.46,train,0.0,0.0,3.7151155
4102,ODH_charity_0616:row:4102,22286,Cc1ccc(C=C[C@@H](c2ccc(C)cc2)C3(SCCCS3)c4ccccc4)cc1,ODH,5.4,1.0,5.4,train,0.0,0.0,8.552874
1512,ODH_charity_0616:row:1512,8557,COC(=O)[C@@H](O)c1ccccc1,ODH,11.78,1.0,11.78,train,0.0,0.0,2.5169625
2633,ODH_charity_0616:row:2633,14429,CCOC(=O)[C@@]1(CC=C)N[S](=O)(=O)c2ccc(C)cc12,ODH,14.1,0.8,11.28,train,0.0,0.0,6.3614144
2237,ODH_charity_0616:row:2237,12302,CCOC(=O)C1=C(C)OC(=O)C[C@@H]1c2ccc(Br)cc2,ODH,15.9,0.7,11.13,train,0.0,0.0,5.5631995
4043,ODH_charity_0616:row:4043,22074,C1C[C@@H](c2ccccc2)c3ccccc3O1,ODH,7.0,1.0,7.0,train,0.0,0.0,3.5809524
1189,ODH_charity_0616:row:1189,7052,CC(C)(C)[S](=O)(=O)N[C@H]1CCCc2ccccc12,ODH,10.4,1.0,10.4,train,0.0,0.0,7.205679
429,ODH_charity_0616:row:429,2333,CCCCC[C@@H]1CCC2=C(CCCC2=O)N1,ODH,12.3,1.0,12.3,train,0.0,0.0,3.6179357
2309,ODH_charity_0616:row:2309,12812,OC[C@@H](CCl)OCC#C,ODH,16.6,1.0,16.6,train,0.0,0.38441557,1.5365255
3215,ODH_charity_0616:row:3215,18032,O=C1NCCN[C@@H]1c2ccccc2,ODH,28.1,1.0,28.1,train,0.0,0.0,2.993875
2134,ODH_charity_0616:row:2134,11773,Cc1ccc(cc1)[S](=O)(=O)N2C[C@H](C=C)C=C2c3ccccc3,ODH,15.27,0.8,12.216,train,0.0,0.0,6.409126
939,ODH_charity_0616:row:939,5264,Fc1ccc2N[C@H](CCc2c1)CNc3ccccc3,ODH,27.0,1.0,27.0,train,0.0,0.0,4.262639
4830,ODH_charity_0616:row:4830,25215,N#CC1=C(O[C@H]2C=CCC[C@@H]12)c3cscc3,ODH,10.727,1.0,10.727,train,0.0,0.0,4.412749
1402,ODH_charity_0616:row:1402,8084,CCC[C@H](C=C)c1n2ccccc2c(c3ccccc3)c1c4ccccc4,ODH,9.799,1.0,9.799,train,0.0,0.0,8.13132
4951,ODH_charity_0616:row:4951,25748,Cc1ccc2OC(=O)[C@H](Nc2c1)c3ccccc3,ODH,13.0,0.7,9.1,train,0.0,0.0,5.6350365
4094,ODH_charity_0616:row:4094,22272,Clc1cccc(\C=C\[C@H]2COc3ccccc3O2)c1,ODH,8.5,1.0,8.5,train,0.0,0.0,4.302894
3338,ODH_charity_0616:row:3338,18575,CCOC(=O)[C@@]1(N[S](=O)(=O)c2ccccc12)\C=C/c3ccccc3,ODH,35.5,0.5,17.75,train,0.0,0.0,7.27676
4240,ODH_charity_0616:row:4240,22908,C[C@@](C/C=C/C=C/c1ccc(F)cc1)(C=O)c2ccccc2,ODH,7.866,1.0,7.866,train,0.0,0.0,4.843142
70,ODH_charity_0616:row:70,440,CC(C)OC(=O)[C@@H](O)c1ccc(Cl)cc1,ODH,5.9,1.0,5.9,train,0.0,0.0,3.3013752
3963,ODH_charity_0616:row:3963,21719,CCOC(=O)[C@]1(N[S](=O)(=O)c2ccccc12)C(C)C=C,ODH,36.5,0.5,18.25,train,0.0,0.0,7.050039
1803,ODH_charity_0616:row:1803,10098,C1[C@H](Cc2cccc3ccccc23)Nc4ccccc14,ODH,13.3,0.8,10.64,train,0.0,0.0,5.053169
2508,ODH_charity_0616:row:2508,13834,CC1(C)OB(C[C@H](O)c2ccc3ccccc3c2)OC1(C)C,ODH,19.6,0.5,9.8,train,0.0,0.0,11.883885
3663,ODH_charity_0616:row:3663,20352,O[C@H](c1ccccc1)c2ccccc2Cl,ODH,41.0,1.0,41.0,train,0.0,0.0,3.3487551
3019,ODH_charity_0616:row:3019,16705,Cc1ccc(cc1)\C=C\C2=CC(=O)O[C@@](C2)(c3ccccc3)C(F)(F)F,ODH,23.8,0.75,17.85,train,0.0,0.0,6.478318
4025,ODH_charity_0616:row:4025,22003,CC(C)OC(=O)[C@H](Oc1ccccc1)c2ccccc2,ODH,6.3,1.0,6.3,train,0.0,0.0,4.9942536
1374,ODH_charity_0616:row:1374,7898,COc1ccccc1[C@@](c2[nH]c(cc2)c3ccccc3)(c4ccccc4)c5ccc(O)cc5,ODH,12.2,1.0,12.2,train,0.0,0.0,9.047867
2713,ODH_charity_0616:row:2713,14971,CC1=C([C@H](CC(=O)O1)c2ccccc2)C(=O)c3ccccc3,ODH,20.0,0.7,14.0,train,0.0,0.0,5.4932623
1600,ODH_charity_0616:row:1600,9073,CCOC(=O)/C=C/[C@@H]1[C@H](C)N1[S](=O)(=O)c2ccc(C)cc2,ODH,12.23,0.8,9.784,train,0.0,0.0,6.4300385
4749,ODH_charity_0616:row:4749,24952,IC[C@]1(CCCCN2c3ccccc3C=Cc4ccccc24)COc5ccccc15,ODH,10.0,0.8,8.0,train,0.0,0.0,8.441426
2894,ODH_charity_0616:row:2894,15934,CCOC(=O)C[C@@]12CC(=O)O[C@@H]1C[C@@H](CC2=O)c3ccccc3,ODH,38.7,0.5,19.35,train,0.0,0.0,7.2146816
4665,ODH_charity_0616:row:4665,24542,CC(C)[C@@H](N[S](=O)(=O)C(C)(C)C)c1ccccc1,ODH,7.9,1.0,7.9,train,0.0,0.0,8.9186535
1395,ODH_charity_0616:row:1395,8043,CN(C[C@@H](CSc1sc2ccc(Cl)cc2n1)OCC=C)C(c3ccccc3)c4ccccc4,ODH,11.3,1.0,11.3,train,0.0,0.0,8.209662
2258,ODH_charity_0616:row:2258,12413,CC(C)C[C@@](N)(C\C=C\c1ccccc1)C(=O)OC(C)(C)C,ODH,16.1,0.5,8.05,train,0.0,0.0,10.574938
2941,ODH_charity_0616:row:2941,16214,CCOC(=O)C1=C(OC(=O)C[C@@H]1c2ccccc2)c3ccccc3,ODH,22.6,0.7,15.82,train,0.0,0.0,5.9738393
1277,ODH_charity_0616:row:1277,7401,C[S@@](=O)c1ccc2ccccc2c1,ODH,10.784,1.0,10.784,train,0.0,0.0,3.484693
3157,ODH_charity_0616:row:3157,17685,Cc1ccc(cc1)[S](=O)(=O)N2CC[C@H](C2)c3cccc(F)c3,ODH,28.3,1.0,28.3,train,0.0,0.0,5.8749933
3716,ODH_charity_0616:row:3716,20662,CC[C@@H]1C=Cc2cc(Br)c(Br)cc2[C@H]1O,ODH,50.95,1.0,50.95,train,0.0,0.0,3.5468917
2123,ODH_charity_0616:row:2123,11715,CC(C)(C)OC(=O)[C@@](C)(N)C\C=C\c1cccc2ccccc12,ODH,12.8,0.5,6.4,train,0.0,0.0,10.081263
3188,ODH_charity_0616:row:3188,17886,IC[C@@]1(CCCCN2C(=O)c3cccc4cccc2c34)COc5ccccc15,ODH,26.2,0.8,20.96,train,0.0,0.0,8.090572
2613,ODH_charity_0616:row:2613,14281,Cc1ccc(cc1)[S](=O)(=O)N2C[C@H]3C=CCN(C(=C3C2)CCCO)[S](=O)(=O)c4ccc(C)cc4,ODH,18.89,0.8,15.112,train,0.0,0.0,12.3822
2947,ODH_charity_0616:row:2947,16246,OC(=O)[C@H](Oc1ccc2ccccc2c1)c3ccccc3,ODH,20.15,1.0,20.15,train,0.0,0.0,5.4982715
2226,ODH_charity_0616:row:2226,12258,C1[C@@H](N[C@H](c2ccccc2)c3ccccc13)c4ccccc4,ODH,16.8,0.5,8.4,train,0.0,0.0,5.639143
879,ODH_charity_0616:row:879,5011,COC(=O)C[C@H](C#N)c1ccccc1,ODH,24.6,0.8,19.68,train,0.0,0.0,2.7268329
4730,ODH_charity_0616:row:4730,24801,C=C[C@@H]1CC(=C(O1)c2cocc2)C#N,ODH,9.006,1.0,9.006,train,0.0,0.0,2.8346236
1082,ODH_charity_0616:row:1082,6347,O=[S]1(=O)[C@H](Cc2ccccc12)c3ccc4ccccc4c3,ODH,35.4,1.0,35.4,train,0.0,0.0,6.7062607
1526,ODH_charity_0616:row:1526,8657,CCC[C@@H](NCc1ccccc1)C(=C)Cc2ccccc2,ODH,15.154,1.0,15.154,train,0.0,0.0,4.5946736
3973,ODH_charity_0616:row:3973,21764,C[C@@H](\C=C\c1ccccc1)[C@@](C)(N)C(=O)OC(C)(C)C,ODH,14.4,1.0,14.4,train,0.0,0.0,10.005104
1081,ODH_charity_0616:row:1081,6314,Cc1ccc(C[C@@H]2CCCOC2=O)cc1,ODH,50.1,0.5,25.05,train,0.0,0.0,2.7772963
2473,ODH_charity_0616:row:2473,13677,CCCCC(=O)[C@H](NC(=O)OC(C)(C)C)c1ccc(Br)cc1,ODH,14.3,0.5,7.15,train,0.0,0.0,6.6297803
4693,ODH_charity_0616:row:4693,24652,CCCC[C@@H]1NCc2ccc(C)cc2[C@H]1F,ODH,8.9,0.8,7.12,train,0.0,0.0,3.8286707
2452,ODH_charity_0616:row:2452,13556,C1[C@H](Cc2ccccc2)Oc3ccccc3N1Cc4ccccc4,ODH,21.1,0.5,10.55,train,0.0,0.0,5.6069665
1789,ODH_charity_0616:row:1789,10008,CC[C@H](COC=O)c1ccccc1,ODH,13.7,0.5,6.85,train,0.0,0.37829345,2.2575803
1873,ODH_charity_0616:row:1873,10434,COc1ccccc1[C@H](CO)CCl,ODH,17.4,1.0,17.4,train,0.0,0.0,2.6279287
377,ODH_charity_0616:row:377,2030,CCCCCCCC[C@H]1CCC2=C(CCCC2=O)N1,ODH,8.7,1.0,8.7,train,0.0,0.0,4.265356
832,ODH_charity_0616:row:832,4771,F[C@@H](c1ccccc1)C(=O)c2nccn2c3ccccc3,ODH,36.8,1.0,36.8,train,0.0,0.0,5.17083
154,ODH_charity_0616:row:154,910,Cc1ccc(cc1)[S@](=O)[C@@H]([C@@H](N=Cc2ccccc2O)c3ccccc3)c4ccccc4,ODH,9.918,0.8,7.9344,train,0.0,0.0,9.18747
4186,ODH_charity_0616:row:4186,22672,COc1ccc(cc1)C2=CC(=O)O[C@](C2)(c3ccccc3)C(F)(F)F,ODH,60.1,0.75,45.075,train,0.0,0.0,7.591429
2256,ODH_charity_0616:row:2256,12411,CC(C)C[C@@](N)(C\C=C\c1ccccc1)C(=O)OC(C)(C)C,ODH,16.1,0.5,8.05,train,0.0,0.0,10.307909
3489,ODH_charity_0616:row:3489,19331,FC(F)(F)c1ccc(cc1)[C@@H]2COc3ccccc3C2,ODH,34.1,0.5,17.05,train,0.0,0.0,4.5486193
4591,ODH_charity_0616:row:4591,24321,Cc1ccc(cc1)[C@]2(CCC(=O)O2)C(=O)OC(c3ccccc3)c4ccccc4,ODH,21.3,0.75,15.975,train,0.0,0.0,8.660569
2045,ODH_charity_0616:row:2045,11406,COc1cccc(c1)[C@@H]2Cc3ccccc3C(=O)C(=N2)c4ccccc4O,ODH,19.9,0.8,15.92,train,0.0,0.0,7.398195
4087,ODH_charity_0616:row:4087,22223,CN1CCc2ccccc2[C@@H]1CCc3ccccc3,ODH,6.6,0.7,4.62,train,0.0,0.0,4.5264745
4205,ODH_charity_0616:row:4205,22747,CC(C)c1ccc(C[C@](C)(C\C=C\C=C\c2ccccc2)C=O)cc1,ODH,7.55,1.0,7.55,train,0.0,0.0,6.9484215
3358,ODH_charity_0616:row:3358,18664,COC(=O)[C@@]1(CC=C)N[S](=O)(=O)c2ccccc12,ODH,19.6,0.8,15.68,train,0.0,0.0,5.7254353
1974,ODH_charity_0616:row:1974,10991,CC(=O)c1ccc(cc1)c2oc(C)c3Cc4ccccc4N5CCOC[C@@H]5c23,ODH,14.3,0.8,11.44,train,0.0,0.0,8.78712
2806,ODH_charity_0616:row:2806,15548,CCOC(=O)CN1C(=O)OC[C@@]1(CC=C)c2ccccc2,ODH,21.1,0.8,16.88,train,0.0,0.0,5.3246756
1656,ODH_charity_0616:row:1656,9388,CC[C@@H](C#Cc1sccc1)c2ccccc2,ODH,13.82,0.7,9.674,train,0.0,0.0,3.338099
423,ODH_charity_0616:row:423,2310,O[C@H]1CCc2cc(F)ccc12,ODH,12.2,1.0,12.2,train,0.0,0.0,2.3726923
1307,ODH_charity_0616:row:1307,7537,O=C1Oc2ccccc2N[C@@H]1c3ccccc3,ODH,15.0,0.7,10.5,train,0.0,0.0,5.3878117
3851,ODH_charity_0616:row:3851,21232,O=C(O[C@H]1C[C@@H](C2=CC=C(Br)C=C2)N3C4=C1C=C(Cl)C=C4CC[C@H]3C5=CC=CC=C5)NCC6=CC=CC=C6,ODH,13.45,1.0,13.45,train,0.0,0.0,13.228191
3627,ODH_charity_0616:row:3627,20189,C[C@@H](\C=C\c1ccccc1)[C@@](N)(COC(C)(C)C)C(=O)OC(C)(C)C,ODH,4.1,1.0,4.1,train,0.0,0.0,19.547405
3191,ODH_charity_0616:row:3191,17912,O=C1N(Cc2ccccc2)C[C@](CC#Cc3ccccc3)(Cc4ccccc4)c5ccccc15,ODH,27.7,0.8,22.16,train,0.0,0.0,8.485836
988,ODH_charity_0616:row:988,5752,OC[C@@H]1[C@H](C[C@H]1c2cccn2CC=C)c3ccc(Cl)cc3,ODH,22.6,1.0,22.6,train,0.0,0.0,5.611506
1584,ODH_charity_0616:row:1584,8985,CC(O)C[C@@H](C)\C=C\c1ccccc1,ODH,13.56,0.9,12.204,train,0.0,0.124672234,2.9979312
3057,ODH_charity_0616:row:3057,16988,Cc1ccc(cc1)[S](=O)(=O)N2C(=O)[C@@H]([C@H](C=C2c3occc3)c4ccccc4)c5ccccc5,ODH,21.0,0.75,15.75,train,0.0,0.0,11.499187
99,ODH_charity_0616:row:99,564,CC(C)(C)OC(=O)N[C@@H](c1ccccc1)c2ccc(Cl)cc2,ODH,6.9,0.7,4.83,train,0.0,0.0,8.874655
971,ODH_charity_0616:row:971,5587,Cc1ccc(cc1)[S](=O)(=O)N2CC[C@@H](C2)C#N,ODH,28.2,1.0,28.2,train,0.0,0.0,4.155868
576,ODH_charity_0616:row:576,3345,CC(C)(O)C[C@H]1CCc2ccccc2N1,ODH,15.7,0.8,12.56,train,0.0,0.0,4.0889287
2943,ODH_charity_0616:row:2943,16216,C[C@]1(CN(Cc2ccccc2)C(=O)c3ccccc13)Cc4ccc5n(c6ccccc6)c7ccccc7c5c4,ODH,22.6,1.0,22.6,train,0.0,0.0,11.131579
1279,ODH_charity_0616:row:1279,7403,BrC[C@@H]1CC(CN1[S](=O)(=O)c2ccccc2)(c3ccccc3)c4ccccc4,ODH,10.79,1.0,10.79,train,0.0,0.0,8.5534935
3281,ODH_charity_0616:row:3281,18296,Cc1ccc(cc1)[S](=O)(=O)N2C(=O)C[C@@H](C=C2c3ccccc3)c4ccccc4F,ODH,25.6,0.7,17.92,train,0.0,0.0,9.078803
2985,ODH_charity_0616:row:2985,16489,COC(=O)[C@@](C)(N)[C@H](C=C)c1cc(Cl)cc(Cl)c1,ODH,19.9,0.3,5.97,train,0.0,0.0,5.4779897
95,ODH_charity_0616:row:95,521,CC(C)OC(=O)[C@H](O)c1ccc(F)cc1,ODH,6.7,1.0,6.7,train,0.0,0.0,3.0631042
277,ODH_charity_0616:row:277,1586,CC1(C)CN(C(=O)Nc2cc(cc(c2)C(F)(F)F)C(F)(F)F)[C@](CN=[N+]=[N-])(C1)c3ccccc3,ODH,10.18,0.8,8.144,train,0.0,0.0,12.133021
1199,ODH_charity_0616:row:1199,7087,CCC[C@H](NCc1sccc1)C=C,ODH,10.471,0.5,5.2355,train,0.0,0.17193562,2.5198538
609,ODH_charity_0616:row:609,3500,O=C1Nc2ccccc2N[C@H]1c3sccc3,ODH,16.3,1.0,16.3,train,0.0,0.0,4.678348
4455,ODH_charity_0616:row:4455,23822,ClC[C@H]1CO[C@H]([C@@H]1I)c2ccccc2,ODH,6.5,1.0,6.5,train,0.0,0.0,3.7174585
2221,ODH_charity_0616:row:2221,12230,COc1ccc(cc1)C(=O)C(=[N+]=[N-])[C@H](N)C(F)(F)F,ODH,15.861,1.0,15.861,train,0.0,0.0,4.7311893
1176,ODH_charity_0616:row:1176,7006,COc1ccc2[C@@H](C[S](=O)(=O)Oc2c1)c3ccccc3,ODH,11.1,1.0,11.1,train,0.0,0.0,6.3387985
303,ODH_charity_0616:row:303,1712,C[C@H](CC(=O)c1ccccc1C)[S](=O)(=O)c2ccc(C)cc2,ODH,12.2,1.0,12.2,train,0.0,0.0,6.0699735
2865,ODH_charity_0616:row:2865,15838,CCOC(=O)[C@]1(N[S](=O)(=O)c2ccc(cc12)C(F)(F)F)C#Cc3ccccc3,ODH,21.7,0.5,10.85,train,0.0,0.0,8.93694
3670,ODH_charity_0616:row:3670,20381,O=C1C[C@H](C=C(O1)c2ccc3ccccc3c2)c4ccccc4,ODH,49.3,0.5,24.65,train,0.0,0.0,5.971784
4955,ODH_charity_0616:row:4955,25790,O[C@@H]1CCCC2(OCCO2)[C@@H]1c3ccccc3,ODH,10.953,1.0,10.953,train,0.0,0.0,4.2733364
4369,ODH_charity_0616:row:4369,23479,CC(=C)C[C@@H]1CC(=NO1)c2ccc(Cl)cc2,ODH,7.83,0.8,6.264,train,0.0,0.0,5.217095
4707,ODH_charity_0616:row:4707,24715,Cc1ccc(cc1)[S](=O)(=O)N2C(=O)C[C@H](C=C2c3ccccc3)c4sccc4,ODH,83.5,0.6,50.1,train,0.0,0.0,8.231059
2736,ODH_charity_0616:row:2736,15110,Cc1cn2c3c(cccc13)C(=O)O[C@]24C(=O)N(Cc5ccccc5)c6ccccc46,ODH,22.8,0.8,18.24,train,0.0,0.0,10.519435
43,ODH_charity_0616:row:43,306,CCOC(=O)[C@@H](CC=O)C(C)C,ODH,5.8,1.0,5.8,train,0.0,0.0,2.4881883
3952,ODH_charity_0616:row:3952,21670,CCOC(=O)[C@@]1(N[S](=O)(=O)c2ccccc12)C#Cc3ccc(cc3)c4ccccc4,ODH,65.1,0.5,32.55,train,0.0,0.0,9.507946
2056,ODH_charity_0616:row:2056,11443,C[C@@]1(CC=Cc2ccccc2)CC(=NO1)c3ccccc3,ODH,14.88,0.8,11.904,train,0.0,0.0,5.3521605
3178,ODH_charity_0616:row:3178,17777,Cc1ccc(cc1)[S](=O)(=O)N2CC[C@@H](C[C@@H]2c3ccccc3)c4ccccc4,ODH,24.2,0.5,12.1,train,0.0,0.0,8.061528
1314,ODH_charity_0616:row:1314,7557,CC[C@]1(N(c2ccc(C)cc2C1=C)[S](=O)(=O)C(F)(F)F)c3ccc(C)cc3,ODH,10.9,1.0,10.9,train,0.0,0.0,15.025472
3551,ODH_charity_0616:row:3551,19773,COC(=O)[C@]1(OC(=O)c2cc3ccccc3n12)c4ccc(C)cc4,ODH,37.4,0.3,11.22,train,0.0,0.0,8.056668
1347,ODH_charity_0616:row:1347,7780,C[C@H]1C(\C=C\c2ccccc2)N(c3cc(C)c(C)cc13)[S](=O)(=O)C(F)(F)F,ODH,10.8,0.5,5.4,train,0.0,0.0,12.333124
2627,ODH_charity_0616:row:2627,14371,CCc1cc2[C@H](O)[C@@H]3O[C@@H]3C(=O)c2cc1CC,ODH,16.9,0.6,10.14,train,0.0,0.0,5.778895
2293,ODH_charity_0616:row:2293,12671,Oc1ccccc1C2=N[C@H](Cc3ccccc3C2=O)c4cscc4,ODH,16.4,0.7,11.48,train,0.0,0.0,6.449851
3846,ODH_charity_0616:row:3846,21206,CCOC(=O)[C@@H](O)c1ccccc1,ODH,5.71,2.0,11.42,train,0.0,0.0,2.597803
4193,ODH_charity_0616:row:4193,22704,CC(C)OC(=O)[C@@H](F)\C=C\c1ccccc1,ODH,7.0,1.0,7.0,train,0.0,0.0,2.862812
1480,ODH_charity_0616:row:1480,8424,CC(C)(C)OC(=O)[C@H](CC=C)NC(=O)c1ccccc1,ODH,5.3,1.0,5.3,train,0.0,0.0,6.586151
2014,ODH_charity_0616:row:2014,11235,COc1ccccc1[C@@H]2Nc3ccccc3N(C)C2=O,ODH,14.6,1.0,14.6,train,0.0,0.0,6.380781
1270,ODH_charity_0616:row:1270,7364,C1CSC(SC1)([C@@H](C=Cc2ccccc2)c3ccccc3)c4sccc4,ODH,8.2,1.0,8.2,train,0.0,0.0,7.6969914
4354,ODH_charity_0616:row:4354,23430,O[C@@H]/1CCCC1=C/c2ccccc2Cl,ODH,6.5,0.8,5.2,train,0.0,0.0,3.5798688
3445,ODH_charity_0616:row:3445,19147,C[C@](C=O)(c1ccccc1)c2ccc(cc2)[N+]([O-])=O,ODH,32.78,0.6,19.668,train,0.0,0.0,4.7440124
2280,ODH_charity_0616:row:2280,12590,Cc1ccc(cc1)[C@@H](C=C)[C@H](O)C(=O)c2ccccc2,ODH,16.3,0.5,8.15,train,0.0,0.0,4.886364
1914,ODH_charity_0616:row:1914,10643,CCOc1ccc2C(=O)N(C[C@H](Oc2c1)C=C)[S](=O)(=O)c3ccc(C)cc3,ODH,15.28,1.0,15.28,train,0.0,0.0,7.7786064
3250,ODH_charity_0616:row:3250,18160,C[C@H](O)[C@H](Nc1ccccc1)c2ccccc2,ODH,17.77,1.0,17.77,train,0.0,0.0,3.9812315
4067,ODH_charity_0616:row:4067,22150,CCCC(=O)O\C(c1ccccc1)=C\2[C@@H]([C@H](C)C=C2c3ccccc3)c4cccc(F)c4,ODH,6.5,0.7,4.55,train,0.0,0.0,7.8845167
2710,ODH_charity_0616:row:2710,14967,CCC[C@]1(C(=O)OCC=C)C(=O)N(C(=O)C(c2ccccc2)c3ccccc3)c4ccccc14,ODH,14.0,0.5,7.0,train,0.0,0.0,9.524856
2341,ODH_charity_0616:row:2341,12971,N[C@H](C(=[N+]=[N-])C(=O)c1ccc2ccccc2c1)C(F)(F)F,ODH,15.858,1.0,15.858,train,0.0,0.0,5.5491643
4678,ODH_charity_0616:row:4678,24592,C=C1C[C@@](CC#C)(C(=O)O1)c2ccc(cc2)c3ccccc3,ODH,8.89,2.0,17.78,train,0.0,0.0,5.458662
133,ODH_charity_0616:row:133,759,COC(=O)C[C@H](B1OC(C)(C)C(C)(C)O1)c2ccccc2,ODH,11.6,0.5,5.8,train,0.0,0.0,12.239803
2411,ODH_charity_0616:row:2411,13289,CCCCC[C@H](C=C)n1ccc2cc(ccc12)C(=O)OC,ODH,14.2,1.0,14.2,train,0.0,0.0,4.96026
4927,ODH_charity_0616:row:4927,25622,Cc1cc([C@@H](C(=O)OCc2ccccc2)c3cccc(Br)c3)c(C)n1Cc4ccccc4,ODH,9.8,0.7,6.86,train,0.0,0.0,10.074241
3322,ODH_charity_0616:row:3322,18509,CN1CCc2ccccc2[C@@H]1c3ccc(Cl)cc3,ODH,3.8,1.0,3.8,train,0.0,0.0,5.235193
2313,ODH_charity_0616:row:2313,12836,C=C[C@H](C1CC1)c2n3ccccc3cc2c4ccccc4,ODH,16.669,0.7,11.6683,train,0.0,0.0,5.998476
2095,ODH_charity_0616:row:2095,11575,O=COC[C@@H](C1=C2C=CC=CC2=CC=C1)C,ODH,15.0,0.5,7.5,train,0.0,0.0,3.41095
3659,ODH_charity_0616:row:3659,20325,COc1ccc(C[C@H]2NCCc3cc(OC)c(OC)cc23)cc1OC,ODH,40.78,1.0,40.78,train,0.0,0.0,8.588509
575,ODH_charity_0616:row:575,3344,CC(C)(O)C[C@@H]1CCc2ccccc2N1,ODH,13.0,0.8,10.4,train,0.0,0.0,3.9103057
711,ODH_charity_0616:row:711,4099,COc1ccc2[C@@H](O)CCc2c1,ODH,19.1,1.0,19.1,train,0.0,0.0,2.527781
1738,ODH_charity_0616:row:1738,9745,COc1ccc(cc1OC)[C@H](C[N+]([O-])=O)c2ccccc2,ODH,12.9,1.5,19.35,train,0.0,0.0,4.9829116
249,ODH_charity_0616:row:249,1427,CCOC(=O)C[C@@H](Sc1ccc(F)cc1)c2ccccc2,ODH,9.6,1.0,9.6,train,0.0,0.0084594805,4.155147
1812,ODH_charity_0616:row:1812,10168,OC[C@@H]1COC2(CCC2)c3ccccc3O1,ODH,12.4,1.0,12.4,train,0.0,0.0,4.0996275
2356,ODH_charity_0616:row:2356,13025,Brc1cccc(c1)[C@H]2CNc3ccccc3N2,ODH,16.9,0.6,10.14,train,0.0,0.0,5.848814
2152,ODH_charity_0616:row:2152,11855,COC(=O)[C@H](O)c1ccc(Cl)cc1,ODH,13.28,1.0,13.28,train,0.0,0.0,2.6213803
1897,ODH_charity_0616:row:1897,10578,COC(=O)[C@H](O)c1ccc2ccccc2c1,ODH,12.02,1.0,12.02,train,0.0,0.0,3.9255793
647,ODH_charity_0616:row:647,3742,OC[C@@H]1[C@H](C[C@H]1c2cccn2CC=C)c3ccccc3,ODH,12.6,1.0,12.6,train,0.0,0.0,5.832343
1734,ODH_charity_0616:row:1734,9732,CC1(C)CO[C@](C)(CO)CO1,ODH,12.9,1.0,12.9,train,0.0,0.0,2.996786
1885,ODH_charity_0616:row:1885,10527,C[C@@H]1CCC(=O)O[C@H]1c2ccc(cc2)[N+]([O-])=O,ODH,15.2,1.0,15.2,train,0.0,0.0,4.779387
892,ODH_charity_0616:row:892,5046,C[C@@H](CC=O)CC(CC=C(C)C)([S](=O)(=O)c1ccccc1)[S](=O)(=O)c2ccccc2,ODH,22.4,1.0,22.4,train,0.0,0.0,9.192702
453,ODH_charity_0616:row:453,2461,C[C@H](CC(=O)c1ccc(Cl)cc1)[S](=O)(=O)c2ccc(C)cc2,ODH,16.3,1.0,16.3,train,0.0,0.0,5.8598185
4845,ODH_charity_0616:row:4845,25277,Clc1ccc(cc1)C2=C(C[C@@H](O2)C=C)C#N,ODH,11.572,1.0,11.572,train,0.0,0.0,3.6985784
87,ODH_charity_0616:row:87,486,CCCCCC[C@H](C)c1cc2cc(ccc2n1c3ccc(cn3)c4cc(cc(c4)C(F)(F)F)C(F)(F)F)c5ccc(cc5)C(F)(F)F,ODH,6.6,0.6,3.96,train,0.0,0.0,14.686117
3943,ODH_charity_0616:row:3943,21594,CC(C)(C)OC(=O)OC[C@]1(CC=C)C(=O)N(COCc2ccccc2)c3ccccc13,ODH,55.0,0.8,44.0,train,0.0,0.0,12.143699
1611,ODH_charity_0616:row:1611,9144,CCOC(=O)C1=C(C)OC(=O)C[C@H]1c2ccccc2,ODH,12.3,0.75,9.225,train,0.0,0.0,4.244896
3357,ODH_charity_0616:row:3357,18661,COc1cccc(c1)[C@@H]2[C@H](O)CCCC23OCCO3,ODH,24.507,1.0,24.507,train,0.0,0.0,4.7605314
416,ODH_charity_0616:row:416,2289,FC(F)(F)C[C@@]1(CC(=NO1)c2ccccc2)\C=C\c3ccccc3,ODH,10.38,0.8,8.304,train,0.0,0.0,6.7091255
4703,ODH_charity_0616:row:4703,24703,Cc1ccc2N(Cc3ccccc3)C(=O)[C@]4(OC(=O)c5cc6ccccc6n45)c2c1Br,ODH,72.7,0.3,21.81,train,0.0,0.0,11.1937
713,ODH_charity_0616:row:713,4103,Cc1cccc2c1[nH]cc2[C@H](\C=C\c3ccccc3)c4ccccc4,ODH,19.152,1.0,19.152,train,0.0,0.0,5.924972
2215,ODH_charity_0616:row:2215,12217,CC[C@@H]1NCCc2cc(OC)ccc12,ODH,13.57,1.0,13.57,train,0.0,0.0,2.9808793
798,ODH_charity_0616:row:798,4605,O=CC[C@@H](Cc1ccccc1)C(=O)Oc2ccccc2,ODH,21.8,1.0,21.8,train,0.0,0.2776462,3.8355496
2598,ODH_charity_0616:row:2598,14189,C=C[C@@H](C1CCCCC1)c2n3ccccc3cc2c4ccccc4,ODH,17.307,1.0,17.307,train,0.0,0.0,6.4357677
1545,ODH_charity_0616:row:1545,8756,N[C@@H](C(=[N+]=[N-])C(=O)c1ccc(F)cc1)C(F)(F)F,ODH,11.938,1.0,11.938,train,0.0,0.0,4.6125817
258,ODH_charity_0616:row:258,1459,CC1(C)CN(C(=O)Nc2cc(Cl)cc(Cl)c2)[C@@](CN=[N+]=[N-])(C1)c3ccccc3,ODH,12.72,1.0,12.72,train,0.0,0.0,10.44137
3396,ODH_charity_0616:row:3396,18845,COC(=O)/C=C/[C@@H](NCc1ccccc1)c2ccc3ccccc3c2,ODH,14.4,0.6,8.64,train,0.0,0.0,5.832883
4636,ODH_charity_0616:row:4636,24469,CC(C)Oc1ccc(cc1)\C=C\2CC[C@H]2O,ODH,7.782,0.8,6.2256,train,0.0,0.0,5.2651315
452,ODH_charity_0616:row:452,2460,C[C@@H](CC(=O)c1ccc(F)cc1)[S](=O)(=O)c2ccc(C)cc2,ODH,12.7,1.0,12.7,train,0.0,0.0,5.879291
1768,ODH_charity_0616:row:1768,9931,CCOc1ccc2sc(S[C@H](CN[S](=O)(=O)c3ccc(C)cc3)c4ccccc4)nc2c1,ODH,15.5,1.0,15.5,train,0.0,0.0,9.484
439,ODH_charity_0616:row:439,2399,COc1ccc2[C@H](C)N[S](=O)(=O)Oc2c1,ODH,10.3,0.8,8.24,train,0.0,0.0,4.950537
862,ODH_charity_0616:row:862,4908,O[C@@H](CBr)c1ccccc1,ODH,23.8,1.0,23.8,train,0.0,0.3122344,1.9974844
942,ODH_charity_0616:row:942,5273,O=CC[C@H](Cc1ccccc1)C(=O)OC(c2ccccc2)c3ccccc3,ODH,23.6,1.0,23.6,train,0.0,0.14066361,5.946468
1557,ODH_charity_0616:row:1557,8832,[N-]=[N+]=N[C@@H]1CCCC[C@H]1c2cccc3ccccc23,ODH,12.0,0.7,8.4,train,0.0,0.0,4.9125233
842,ODH_charity_0616:row:842,4833,O[C@@H]1CCCc2occc12,ODH,28.9,1.0,28.9,train,0.0,0.0,1.9966632
963,ODH_charity_0616:row:963,5451,CCCCC[C@@H]1Nc2ccccc2C[C@@H]1CCCC,ODH,32.9,0.3,9.87,train,0.0,0.0,4.660416
4218,ODH_charity_0616:row:4218,22811,Cc1ccccc1\C=C\[C@@H]2COc3ccccc3O2,ODH,7.12,1.0,7.12,train,0.0,0.0,4.250448
4578,ODH_charity_0616:row:4578,24279,Cc1ccc2N[C@@H]([C@@H]3CCO[C@@H]3c2c1)c4ccc(cc4)[N+]([O-])=O,ODH,21.42,1.0,21.42,train,0.0,0.0,7.707814
1373,ODH_charity_0616:row:1373,7897,COc1ccccc1/C=C/[C@@H](C)[C@](C)(N)C(=O)OC(C)(C)C,ODH,11.2,1.0,11.2,train,0.0,0.0,11.932559
2791,ODH_charity_0616:row:2791,15464,Cc1ccc(C)c2C(=O)[C@H]3O[C@H]3[C@@H](O)c12,ODH,18.1,0.6,10.86,train,0.0,0.0,5.007555
1229,ODH_charity_0616:row:1229,7219,CCOC(=O)CC[C@@H]1Cc2ccccc2N1,ODH,13.6,1.0,13.6,train,0.0,0.0,3.3281107
3086,ODH_charity_0616:row:3086,17182,CC(=O)[C@@](O)(Cn1cncn1)c2cc(F)ccc2F,ODH,17.53,1.0,17.53,train,0.0,0.0,4.9905047
3476,ODH_charity_0616:row:3476,19258,Cc1ccc(cc1)[S](=O)(=O)N2CC[C@@H](C2)c3ccccc3Cl,ODH,33.5,1.0,33.5,train,0.0,0.0,5.578706
4016,ODH_charity_0616:row:4016,21974,CCC[C@H](C=C)C(Cc1ccccc1)(C#N)C#N,ODH,7.15,1.0,7.15,train,0.0,0.0,5.576517
2110,ODH_charity_0616:row:2110,11650,CC(C)(C)OC(=O)C[C@@](N)(C\C=C\c1ccccc1)C(=O)OC(C)(C)C,ODH,15.1,0.5,7.55,train,0.0,0.0,14.299782
3449,ODH_charity_0616:row:3449,19154,CCC[C@@]1(CI)COc2ccccc12,ODH,32.8,0.5,16.4,train,0.0,0.0,3.461501
3372,ODH_charity_0616:row:3372,18755,O[C@@]1([C@H](C=C)c2ccc3OCOc3c2)C(=O)N(Cc4cccc5ccccc45)c6ccccc16,ODH,30.86,1.0,30.86,train,0.0,0.0,11.591622
2279,ODH_charity_0616:row:2279,12589,Cc1ccc(cc1)[C@H](C=C)[C@H](O)C(=O)c2ccccc2,ODH,12.3,0.5,6.15,train,0.0,0.0,4.8862076
4498,ODH_charity_0616:row:4498,23971,COc1cccc(C[C@@]2(C\C=C\c3ccccc3)C(=NN(C2=O)c4ccc(C)cc4)C)c1,ODH,8.278,1.0,8.278,train,0.0,0.0,12.314736
4639,ODH_charity_0616:row:4639,24476,CC[C@H](C#Cc1ccccc1)c2ccccc2C,ODH,8.74,0.7,6.118,train,0.0,0.0,4.44867
870,ODH_charity_0616:row:870,4939,Cc1ccc(cc1)C(=O)C[C@@H]2CCCCN2C(=O)OCc3ccccc3,ODH,24.0,0.5,12.0,train,0.0,0.0,5.3972397
2398,ODH_charity_0616:row:2398,13213,Fc1ccc2OC(=O)C[C@@H](c3ccccc3)c2c1,ODH,17.15,1.0,17.15,train,0.0,0.0,4.6362324
599,ODH_charity_0616:row:599,3472,C[C@@H](CCCCOc1ccccc1)CCN(Cc2ccccc2)Cc3ccccc3,ODH,16.1,1.0,16.1,train,0.0,0.0,7.1395245
9,ODH_charity_0616:row:9,120,CC1(C)COC(OC1)c2ccc(cc2)[C@@]3(C)CC(C)(C)CN3C(=S)Nc4cc(cc(c4)C(F)(F)F)C(F)(F)F,ODH,4.52,1.0,4.52,train,0.0,0.0,21.808727
1369,ODH_charity_0616:row:1369,7885,COc1ccc(OC)c(c1)[C@H](C)N[S](=O)(=O)C(C)(C)C,ODH,11.2,1.0,11.2,train,0.0,0.0,10.201309
3848,ODH_charity_0616:row:3848,21211,Cc1cccc(c1)[C@@](C)(C\C=C\C=C\c2ccccc2)C=O,ODH,5.743,1.0,5.743,train,0.0,0.0,5.786674
1476,ODH_charity_0616:row:1476,8418,O=C1CC[C@](O1)(C(=O)OCc2ccccc2)c3ccccc3,ODH,22.9,0.75,17.175,train,0.0,0.0,6.0614977
340,ODH_charity_0616:row:340,1865,CCOC(=O)[C@@H](CC=O)Cc1occc1,ODH,10.9,1.0,10.9,train,0.0,0.0,2.490052
4843,ODH_charity_0616:row:4843,25272,CC1(C)OC[C@@H](CO)Oc2cc(Cl)ccc12,ODH,11.1,1.0,11.1,train,0.0,0.0,4.442158
369,ODH_charity_0616:row:369,2007,CCOC(=O)C[C@H](B1OC(C)(C)C(C)(C)O1)c2ccc3ccccc3c2,ODH,10.3,0.5,5.15,train,0.0,0.0,13.639758
1212,ODH_charity_0616:row:1212,7133,FC(F)(F)c1cc(N[C@@H]2C=CC(=O)[C@]2(Cc3ccccc3)c4ccccc4)cc(c1)C(F)(F)F,ODH,14.8,1.0,14.8,train,0.0,0.0,9.039497
3168,ODH_charity_0616:row:3168,17741,CCOC(=O)[C@@]1(N[S](=O)(=O)c2ccc(C)cc12)C#Cc3ccccc3,ODH,33.6,0.5,16.8,train,0.0,0.0,7.8543015
2374,ODH_charity_0616:row:2374,13111,CCCCC[C@@H](C=C)c1c[nH]c2c(OC)cccc12,ODH,17.0,1.0,17.0,train,0.0,0.0,4.7518296
1041,ODH_charity_0616:row:1041,6123,COC(=O)[C@H]1COc2ccc(OC)cc2O1,ODH,38.2,1.0,38.2,train,0.0,0.0,3.3540835
4502,ODH_charity_0616:row:4502,23985,CCC[C@H]1NCc2ccccc2[C@H]1F,ODH,10.3,0.8,8.24,train,0.0,0.0,3.5809388
3255,ODH_charity_0616:row:3255,18205,CC[C@@]1(C(=O)OCC=C)C(=O)N(C(=O)C(c2ccccc2)c3ccccc3)c4ccccc14,ODH,28.8,0.5,14.4,train,0.0,0.0,9.299279
3608,ODH_charity_0616:row:3608,20073,COc1ccc([C@@H](C)c2ccccc2)c(CC=C)c1,ODH,4.0,1.0,4.0,train,0.0,0.0,5.400918
3583,ODH_charity_0616:row:3583,19983,[O-][N+](=O)C[C@H](c1ccccc1)c2ccccc2Cl,ODH,39.3,1.0,39.3,train,0.0,0.0,4.6366
3933,ODH_charity_0616:row:3933,21555,CCOC(=O)[C@H]1[C@@H]2N(C(=O)c3ccccc13)[S](=O)(=O)c4ccccc24,ODH,45.9,0.5,22.95,train,0.0,0.0,8.801815
3273,ODH_charity_0616:row:3273,18264,CCOC(=O)[C@]1(N[S](=O)(=O)c2ccccc12)C#Cc3ccc(F)cc3,ODH,29.0,0.5,14.5,train,0.0,0.0,8.028788
4075,ODH_charity_0616:row:4075,22180,COc1ccccc1[C@@](C)(CC(=C)c2ccccc2)C=O,ODH,6.553,1.0,6.553,train,0.0,0.0,6.7347302
3453,ODH_charity_0616:row:3453,19171,CCO[P](=O)(OCC)[C@]12CC(=CC(=O)N1[S](=O)(=O)Oc3ccccc23)c4ccc(OC)cc4,ODH,32.9,0.8,26.32,train,0.0,0.0,13.230545
4509,ODH_charity_0616:row:4509,24007,CC(C)(C)[S](=O)(=O)N[C@@H](C1CCCC1)c2ccccc2,ODH,8.3,1.0,8.3,train,0.0,0.0,7.704673
3268,ODH_charity_0616:row:3268,18253,CCC[C@@H](Nc1ccc(C)cc1)C(=C)CC,ODH,30.535,1.0,30.535,train,0.0,0.0,5.424917
3612,ODH_charity_0616:row:3612,20097,CCCCO[C@@H](c1ccc(cc1)c2ccccc2)c3ccccc3c4ccccc4,ODH,4.1,1.0,4.1,train,0.0,0.0,6.7982135
1513,ODH_charity_0616:row:1513,8558,COC(=O)[C@H](O)c1ccccc1,ODH,7.74,1.0,7.74,train,0.0,0.0,2.529673
756,ODH_charity_0616:row:756,4249,COc1ccc2[C@H](CCN(c2c1)[S](=O)(=O)c3ccc(C)cc3)CC(=O)NC(C)(C)c4ccccn4,ODH,19.9,0.8,15.92,train,0.0,0.0,11.192047
2395,ODH_charity_0616:row:2395,13198,FC(F)(F)c1ccc(cc1)[C@H]2CNc3ccccc3N2,ODH,17.1,0.6,10.26,train,0.0,0.0,7.004808
600,ODH_charity_0616:row:600,3473,COc1ccccc1C[C@@H](CC=O)C(=O)OC(C)C,ODH,18.5,1.0,18.5,train,0.0,0.0,4.1921115
1440,ODH_charity_0616:row:1440,8323,CCOc1ccc(cc1)C2=C[C@@H](CN2[S](=O)(=O)c3ccc(C)cc3)C(C)=C,ODH,10.44,0.8,8.352,train,0.0,0.0,9.216394
2074,ODH_charity_0616:row:2074,11496,CC(C)(C)OC(=O)[C@](N)(CC=C)C\C=C\c1ccccc1,ODH,5.7,1.0,5.7,train,0.0,0.0,8.574006
4248,ODH_charity_0616:row:4248,22938,CC1(C)OC[C@@H](CO)Oc2ccc(OCC=C)cc12,ODH,10.4,1.0,10.4,train,0.0,0.0,5.2842817
1137,ODH_charity_0616:row:1137,6722,C[C@H](N[S](=O)(=O)C(C)(C)C)c1ccccc1,ODH,10.1,1.0,10.1,train,0.0,0.0,6.0564632
3692,ODH_charity_0616:row:3692,20527,Brc1ccc(\C=C\[C@@H]2COc3ccccc3O2)cc1,ODH,43.14,1.0,43.14,train,0.0,0.0,3.6575785
734,ODH_charity_0616:row:734,4187,CCOC(=O)C[C@H]1Nc2cc(ccc2OC1=O)C(C)(C)C,ODH,17.1,1.0,17.1,train,0.0,0.0,6.9536676
3864,ODH_charity_0616:row:3864,21263,Cc1ccc(O[C@H](C(=O)OCc2ccccc2)c3ccccc3)cc1,ODH,5.8,1.0,5.8,train,0.0,0.0,5.6888804
3998,ODH_charity_0616:row:3998,21867,C1O[C@H](C[C@@H]1c2ccccc2)c3ccccc3,ODH,6.8,1.0,6.8,train,0.0,0.0,4.310081
62,ODH_charity_0616:row:62,416,FC(F)(F)c1ccc(CN[C@H](\C=C\c2ccccc2)c3ccccc3)cc1,ODH,7.577,1.0,7.577,train,0.0,0.0,6.0973
14,ODH_charity_0616:row:14,158,C[C@]1(CC2(CCCCC2)CN1C(=S)Nc3cc(cc(c3)C(F)(F)F)C(F)(F)F)c4ccc(cc4)c5ccccc5,ODH,6.64,1.0,6.64,train,0.0,0.0,13.133385
3134,ODH_charity_0616:row:3134,17538,Cc1ccc2c(c1)N(Cc3cccc4ccccc34)C(=O)[C@@]2(O)[C@H](C=C)c5ccccc5,ODH,11.976,1.0,11.976,train,0.0,0.0,10.293347
2271,ODH_charity_0616:row:2271,12544,CCOC(=O)C1=COC(=O)C[C@H]1c2sccc2,ODH,9.0,0.8,7.2,train,0.0,0.0,4.0597267
188,ODH_charity_0616:row:188,1047,CC[C@H](C#Cc1cccc(F)c1)c2ccccc2,ODH,8.53,0.5,4.265,train,0.0,0.23553376,3.2496912
3585,ODH_charity_0616:row:3585,20009,Clc1ccc2O[S](=O)(=O)N[C@@H](\C=C\c3ccccc3)c2c1,ODH,39.5,0.8,31.6,train,0.0,0.0,6.5046663
3447,ODH_charity_0616:row:3447,19149,Cc1cc2C=C[C@@H]([C@H](O)c2cc1C)C(C)(C)C,ODH,32.78,1.0,32.78,train,0.0,0.0,10.124385
2155,ODH_charity_0616:row:2155,11858,COC(=O)[C@@H](O)c1ccc(Cl)cc1,ODH,15.33,1.0,15.33,train,0.0,0.0,2.6178007
302,ODH_charity_0616:row:302,1685,CC[C@H](C#Cc1ccccc1F)c2ccccc2,ODH,10.49,0.5,5.245,train,0.0,0.042972736,3.342345
1303,ODH_charity_0616:row:1303,7529,C[C@]1(C(=O)OCC=C)C(=O)Oc2c3ccccc3ccc12,ODH,13.3,0.6,7.98,train,0.0,0.0,6.2115774
744,ODH_charity_0616:row:744,4215,COC(=O)[C@@H]1COc2ccccc2O1,ODH,19.7,1.0,19.7,train,0.0,0.0,2.9359488
4246,ODH_charity_0616:row:4246,22928,CC[C@H](c1ccccc1)c2cc(cc(c2)c3ccccc3)c4ccccc4,ODH,6.54,1.0,6.54,train,0.0,0.0,6.3138714
2509,ODH_charity_0616:row:2509,13835,CC1(C)OB(C[C@@H](O)c2ccc3ccccc3c2)OC1(C)C,ODH,18.1,0.5,9.05,train,0.0,0.0,11.8987665
2112,ODH_charity_0616:row:2112,11654,C[C@H](N[S](=O)(=O)C(C)(C)C)c1ccc2ccccc2c1,ODH,15.1,1.0,15.1,train,0.0,0.0,8.341828
2198,ODH_charity_0616:row:2198,12125,COc1ccccc1[C@H](C[N+]([O-])=O)c2ccc(C)cc2,ODH,15.7,1.5,23.55,train,0.0,0.0,4.6563406
1186,ODH_charity_0616:row:1186,7043,C[C@@H](N[S](=O)(=O)C(C)(C)C)c1ccc(Cl)cc1,ODH,8.0,1.0,8.0,train,0.0,0.0,6.739306
1021,ODH_charity_0616:row:1021,5983,CCOC(=O)C[C@H]1Nc2ccc(Cl)cc2OC1=O,ODH,27.4,1.0,27.4,train,0.0,0.0,3.9193897
1013,ODH_charity_0616:row:1013,5890,CCOC(=O)[C@@H]1N[S](=O)(=O)Oc2ccc3OCOc3c12,ODH,14.7,1.0,14.7,train,0.0,0.0,6.483358
27,ODH_charity_0616:row:27,208,CC(C)(C)c1ccc(cc1)[S@@](=O)c2ccccn2,ODH,5.3,1.0,5.3,train,0.0,0.0,9.276447
454,ODH_charity_0616:row:454,2462,C[C@@H](CC(=O)c1ccc(Cl)cc1)[S](=O)(=O)c2ccc(C)cc2,ODH,12.7,1.0,12.7,train,0.0,0.0,5.8232746
1282,ODH_charity_0616:row:1282,7437,O=C1Oc2ccccc2N[C@H]1c3ccccc3,ODH,14.6,0.7,10.22,train,0.0,0.0,5.363638
3738,ODH_charity_0616:row:3738,20775,O=C([C@@H](Nc1ccccc1)c2ccc3ccccc3c2)c4ccc5ccccc5c4,ODH,47.36,1.0,47.36,train,0.0,0.0,7.708165
90,ODH_charity_0616:row:90,503,C[C@H](CCCO)c1ccc(C)cc1,ODH,5.42,1.0,5.42,train,0.0,0.0,2.9149601
3879,ODH_charity_0616:row:3879,21327,Cc1cccc(\C=C\[C@H]2COc3cc4CCCc4cc3O2)c1,ODH,6.85,1.0,6.85,train,0.0,0.0,5.1859055
3886,ODH_charity_0616:row:3886,21344,CCC[C@H]1N(CCCC1=C)c2ccc(OC)cc2,ODH,4.475,1.0,4.475,train,0.0,0.0,4.9197206
1958,ODH_charity_0616:row:1958,10953,COC(=O)c1ccc(C[C@H](B2OC(C)(C)C(C)(C)O2)N3CCOC3=O)cc1,ODH,12.0,1.0,12.0,train,0.0,0.0,11.6772375
221,ODH_charity_0616:row:221,1256,CC(C)[C@H](C#Cc1ccccc1)c2ccccc2,ODH,9.14,1.0,9.14,train,0.0,0.0,5.5387197
538,ODH_charity_0616:row:538,3202,CC(C)=CCC[C@H]1CCc2ccccc2N1,ODH,15.2,0.5,7.6,train,0.0,0.0,4.449857
3862,ODH_charity_0616:row:3862,21261,Cc1ccc(O[C@@H](C(=O)OCc2ccccc2)c3ccccc3)cc1,ODH,5.8,1.0,5.8,train,0.0,0.0,5.704632
981,ODH_charity_0616:row:981,5654,CC(C)(NC(=O)C[C@@H]1CCOc2ccc(F)cc12)c3ccccn3,ODH,21.8,0.65,14.17,train,0.0,0.0,5.894735
1074,ODH_charity_0616:row:1074,6282,Brc1ccc(cc1)[C@@H]2Nc3ccccc3NC2=O,ODH,48.7,1.0,48.7,train,0.0,0.0,4.7656703
3100,ODH_charity_0616:row:3100,17246,C[C@@H](COC=O)c1ccccc1C,ODH,25.3,0.5,12.65,train,0.0,0.0,2.2571898
1144,ODH_charity_0616:row:1144,6787,CO[C@H](c1ccccc1)c2ccccc2O,ODH,11.9,1.0,11.9,train,0.0,0.0,3.3723702
3641,ODH_charity_0616:row:3641,20247,C=C[C@@H](CCc1ccccc1)N2CCOCC2,ODH,5.394,1.0,5.394,train,0.0,0.0,3.3535194
3497,ODH_charity_0616:row:3497,19400,C[C@@](CC(=C)c1ccccc1)(C=O)c2ccc(F)cc2,ODH,39.591,1.0,39.591,train,0.0,0.0,4.440406
3957,ODH_charity_0616:row:3957,21687,CCO[P](=O)(OCC)[C@]12CC(=CC(=O)N1[S](=O)(=O)Oc3ccccc23)c4cccc(OC)c4,ODH,57.6,0.8,46.08,train,0.0,0.0,12.894662
1993,ODH_charity_0616:row:1993,11089,O[C@H](C(O)=O)c1ccc(Br)cc1,ODH,12.4,0.8,9.92,train,0.0,0.0,2.5806813
2505,ODH_charity_0616:row:2505,13821,COc1ccc(OC[C@]2(C)COc3cc(C)c(C)cc23)cc1,ODH,18.1,0.5,9.05,train,0.0,0.0,7.7736707
3315,ODH_charity_0616:row:3315,18467,IC[C@]1(CCc2ccccc2)COc3ccccc13,ODH,29.9,0.5,14.95,train,0.0,0.0,4.465438
2456,ODH_charity_0616:row:2456,13586,CCC[C@H](C=C)C(Cc1ccccc1)(C#N)C#N,ODH,21.171,0.5,10.5855,train,0.0,0.0,5.32754
1091,ODH_charity_0616:row:1091,6432,CC(C)OC(=O)[C@]1(CC(=NN1)C(=O)N2CCOC2=O)c3ccc(Br)cc3,ODH,61.617,0.5,30.8085,train,0.0,0.0,7.8967876
2298,ODH_charity_0616:row:2298,12758,Cc1ccc([C@H](O)C(O)=O)c(C)c1,ODH,11.56,0.8,9.248,train,0.0,0.0,2.681078
4443,ODH_charity_0616:row:4443,23768,CC[C@]1(N(c2cc(C)c(C)cc2C1=C)[S](=O)(=O)C(F)(F)F)c3ccc4ccccc4c3,ODH,8.05,0.5,4.025,train,0.0,0.0,19.081846
838,ODH_charity_0616:row:838,4815,OCC[C@H]1CCCCn2ccc(c3ccccc3F)c12,ODH,20.37,1.0,20.37,train,0.0,0.0,4.552649
4410,ODH_charity_0616:row:4410,23668,FC(F)(F)[C@@]1(CC(=CC(=O)O1)c2cccnc2)c3ccccc3,ODH,35.1,0.75,26.325,train,0.0,0.0,6.9998336
2834,ODH_charity_0616:row:2834,15712,Cc1ccc(cc1)[S](=O)(=O)N2CC[C@H](C2)c3ccc(C)c(C)c3,ODH,23.8,1.0,23.8,train,0.0,0.0,6.2865305
2285,ODH_charity_0616:row:2285,12630,C=C[C@H]1CC(=C(O1)c2cccc3ccccc23)C#N,ODH,19.529,1.0,19.529,train,0.0,0.0,4.8715396
3850,ODH_charity_0616:row:3850,21215,CC[C@@H](C#C[Si](C(C)C)(C(C)C)C(C)C)c1ccc2OCOc2c1,ODH,5.75,1.0,5.75,train,0.0,0.0,21.923687
2758,ODH_charity_0616:row:2758,15252,O[C@@H]([C@H](C=C)c1ccc(F)cc1)C(=O)c2ccccc2,ODH,16.2,0.5,8.1,train,0.0,0.0,4.867593
2625,ODH_charity_0616:row:2625,14367,O[C@@H](COC(=O)c1cccc2ccccc12)c3ccccc3,ODH,16.1,0.8,12.88,train,0.0,0.0,5.3755293
1443,ODH_charity_0616:row:1443,8330,C[C@](C\C=C\C=C\c1ccccc1)(C=O)c2ccc3ccccc3c2,ODH,11.534,1.0,11.534,train,0.0,0.0,6.4185743
3294,ODH_charity_0616:row:3294,18365,OC[C@](O)(Cn1cncn1)c2ccc(F)cc2F,ODH,22.2,1.0,22.2,train,0.0,0.0,4.743165
462,ODH_charity_0616:row:462,2508,CCCC(CCC)(NC(=O)C[C@@H](C)c1ccc(cc1)C(C)=O)c2ccccn2,ODH,12.9,0.8,10.32,train,0.0,0.0,7.669416
2238,ODH_charity_0616:row:2238,12307,CC[P@@](=O)(c1ccccc1)c2ccc(cc2)c3ccccc3,ODH,14.19,1.0,14.19,train,0.0,0.0,5.9844775
2058,ODH_charity_0616:row:2058,11446,O[C@H]/1CCC1=C/c2cccc3ccccc23,ODH,14.895,0.8,11.916,train,0.0,0.0,3.854303
4040,ODH_charity_0616:row:4040,22069,C[C@@H](\C=C\c1ccccc1)[C@](C)(N)C(=O)OC(C)(C)C,ODH,5.5,1.0,5.5,train,0.0,0.0,10.215294
138,ODH_charity_0616:row:138,778,CCCCC[C@@H](F)C(=O)c1nccn1c2ccccc2,ODH,7.7,1.0,7.7,train,0.0,0.0,4.410305
1746,ODH_charity_0616:row:1746,9792,CC(C)(C)OC(=O)N1OCC[C@@H]1Cc2ccc3ccccc3c2,ODH,12.12,0.8,9.696,train,0.0,0.0,10.623054
4841,ODH_charity_0616:row:4841,25240,C[C@@H](c1cc(cc(c1)c2ccccc2)c3ccccc3)c4ccccc4F,ODH,8.98,0.6,5.388,train,0.0,0.0,5.7250414
4847,ODH_charity_0616:row:4847,25285,ClCC(=O)N1[C@@H]2CCCC[C@@H]2c3ccccc13,ODH,12.7,1.0,12.7,train,0.0,0.0,5.260396
2531,ODH_charity_0616:row:2531,13909,COC(=O)C1=C(C)OC(=O)C[C@H]1c2ccccc2,ODH,9.3,0.8,7.44,train,0.0,0.0,4.524019
227,ODH_charity_0616:row:227,1321,CCOC(=O)C[C@@H](Sc1ccc(C)cc1)c2cccc(C)c2,ODH,9.3,1.0,9.3,train,0.0,0.0,4.641491
936,ODH_charity_0616:row:936,5261,CCCCCC[C@@H](CC=O)CC(CCc1ccccc1)([S](=O)(=O)c2ccccc2)[S](=O)(=O)c3ccccc3,ODH,21.6,1.0,21.6,train,0.0,0.0,11.020971
2018,ODH_charity_0616:row:2018,11268,CCC[C@H](Nc1ccc(Cl)cc1)C(=C)CC,ODH,14.662,1.0,14.662,train,0.0,0.0,4.8829536
4842,ODH_charity_0616:row:4842,25241,C[C@H](c1cc(cc(c1)c2ccccc2)c3ccccc3)c4ccccc4F,ODH,9.46,0.6,5.676,train,0.0,0.0,5.7469583
2016,ODH_charity_0616:row:2016,11253,COc1cccc(c1)C(=O)C[C@@H](CN[S](=O)(=O)c2ccc(C)cc2)C(C)=C,ODH,14.61,0.5,7.305,train,0.0,0.0,8.465886
4017,ODH_charity_0616:row:4017,21975,CCC[C@@H](C=C)C(Cc1ccccc1)(C#N)C#N,ODH,6.27,1.0,6.27,train,0.0,0.0,5.584129
1320,ODH_charity_0616:row:1320,7647,CCOC(=O)[C@]1(N[S](=O)(=O)c2ccccc12)C#Cc3ccc(cc3)[N+]([O-])=O,ODH,107.9,0.5,53.95,train,0.0,0.0,8.88388
1810,ODH_charity_0616:row:1810,10160,O[C@@H]/1CCCC1=C/c2ccc(Br)cc2,ODH,11.8,0.8,9.44,train,0.0,0.0,2.8645437
1352,ODH_charity_0616:row:1352,7796,C[C@H]1Cc2cccc(C)c2N1,ODH,11.1,1.0,11.1,train,0.0,0.0,2.7434921
4224,ODH_charity_0616:row:4224,22847,C[C@](C\C=C\C=C\c1ccc(cc1)C(F)(F)F)(C=O)c2ccccc2,ODH,7.191,1.0,7.191,train,0.0,0.0,5.4550433
1895,ODH_charity_0616:row:1895,10576,COC(=O)[C@H](O)c1ccc2ccccc2c1,ODH,12.02,1.0,12.02,train,0.0,0.0,3.9234405
2706,ODH_charity_0616:row:2706,14961,COC(=O)[C@H](O)c1ccccc1,ODH,2.35,2.0,4.7,train,0.0,0.0,2.7339916
72,ODH_charity_0616:row:72,442,C1Cc2ccccc2N[C@H]1Cc3ccccc3,ODH,7.1,0.8,5.68,train,0.0,0.0,4.4578066
1491,ODH_charity_0616:row:1491,8453,CCCCCCC1=NO[C@@](C)(C1)Cc2ccccc2,ODH,11.63,0.5,5.815,train,0.0,0.0,4.9272904
2067,ODH_charity_0616:row:2067,11467,O[C@@H]([C@H](C=C)c1ccccc1)C(=O)c2ccccc2,ODH,14.9,0.5,7.45,train,0.0,0.0,4.620455
2624,ODH_charity_0616:row:2624,14364,O[C@H]([C@@H](C=C)c1ccccc1)c2ccc(cc2)[N+]([O-])=O,ODH,14.6,1.0,14.6,train,0.0,0.0,5.1032453
4328,ODH_charity_0616:row:4328,23290,CC[C@@H](C#Cc1ccccc1)c2ccc(cc2)C(=O)OC,ODH,9.22,0.7,6.454,train,0.0,0.0,4.1089993
3472,ODH_charity_0616:row:3472,19249,CCOC(=O)[C@]1(N[S](=O)(=O)c2ccccc12)C#Cc3ccccc3Cl,ODH,33.4,0.5,16.7,train,0.0,0.0,8.040132
3054,ODH_charity_0616:row:3054,16974,CCC[C@H]1[C@H](/C=C/CN(CC#CC)[S](=O)(=O)c2ccc(C)cc2)N1[S](=O)(=O)c3ccc(C)cc3,ODH,17.49,0.8,13.992,train,0.0,0.0,11.239424
986,ODH_charity_0616:row:986,5726,O[C@@H]1CCc2ccccc12,ODH,38.7,1.0,38.7,train,0.0,0.0,2.2081769
2527,ODH_charity_0616:row:2527,13897,OC[C@H](CCl)Oc1ccccc1Br,ODH,20.7,1.0,20.7,train,0.0,0.10339236,2.5509927
1044,ODH_charity_0616:row:1044,6132,O[C@H](C[N+]([O-])=O)c1cccc(c1)[N+]([O-])=O,ODH,41.363,0.8,33.0904,train,0.0,0.0,3.4474635
4759,ODH_charity_0616:row:4759,24973,Cc1ccccc1O[C@@H](C(=O)OCc2ccccc2)c3ccccc3,ODH,20.4,1.0,20.4,train,0.0,0.0,5.124249
4066,ODH_charity_0616:row:4066,22149,CCCC(=O)O\C(c1ccccc1)=C\2[C@H]([C@H](C)C=C2c3ccccc3)c4cccc(F)c4,ODH,7.4,0.7,5.18,train,0.0,0.0,7.8418603
2539,ODH_charity_0616:row:2539,13961,Cc1cccc(c1)[C@@H](C=C)[C@@]2(O)C(=O)N(Cc3cccc4ccccc34)c5ccccc25,ODH,15.837,1.0,15.837,train,0.0,0.0,10.479358
1097,ODH_charity_0616:row:1097,6528,O[C@H](CC(=O)Nc1ccccc1)c2ccccc2,ODH,85.9,0.5,42.95,train,0.0,0.12249389,3.8075883
2900,ODH_charity_0616:row:2900,15982,C[C@H](Nc1ccccc1)C(=O)c2ccc(Br)cc2,ODH,32.4,1.0,32.4,train,0.0,0.0,3.5143454
4345,ODH_charity_0616:row:4345,23366,COC(=O)[C@H]1[C@H]([C@@H]([C@H]2N1CCc3ccccc23)C(=O)n4nc(C)cc4C)c5ccc(C)cc5,ODH,6.633,1.0,6.633,train,0.0,0.0,13.023148
4534,ODH_charity_0616:row:4534,24085,CCC[C@H](Nc1ccccc1)C(=C)CC,ODH,8.372,1.0,8.372,train,0.0,0.0,4.4957757
4116,ODH_charity_0616:row:4116,22324,C[C@](C\C=C\C=C\c1ccccc1)(C=O)c2ccc(F)cc2,ODH,6.711,1.0,6.711,train,0.0,0.0,5.362652
865,ODH_charity_0616:row:865,4934,O[C@@H](C[N+]([O-])=O)c1sccc1,ODH,26.444,0.8,21.1552,train,0.0,0.0,2.450145
2470,ODH_charity_0616:row:2470,13656,CN(CC[C@@H](O)c1ccc2ccccc2c1)Cc3ccccc3,ODH,24.65,1.0,24.65,train,0.0,0.0,4.945098
1632,ODH_charity_0616:row:1632,9262,N[C@@H](C(=[N+]=[N-])C(=O)c1ccccc1)C(F)(F)F,ODH,12.419,1.0,12.419,train,0.0,0.0,4.117777
3861,ODH_charity_0616:row:3861,21260,Cc1ccc(O[C@H](C(=O)OCc2ccccc2)c3ccccc3)cc1,ODH,6.6,1.0,6.6,train,0.0,0.0,5.694487
2196,ODH_charity_0616:row:2196,12119,COc1ccc(cc1OC)[C@H](CCCl)C#Cc2ccc(cc2)C#N,ODH,15.7,1.0,15.7,train,0.0,0.0,5.7521567
362,ODH_charity_0616:row:362,1970,CC(C)[Si](C#Cc1cc2ccccc2cc1[S@](=O)c3ccccn3)(C(C)C)C(C)C,ODH,11.2,0.8,8.96,train,0.0,0.0,28.214466
1084,ODH_charity_0616:row:1084,6360,CCOC(=O)C[C@H]1Nc2cc(F)ccc2OC1=O,ODH,54.9,0.5,27.45,train,0.0,0.0,4.0691104
1033,ODH_charity_0616:row:1033,6048,COc1ccc(cc1OC)[C@@H]2COC(=O)C2,ODH,39.0,1.0,39.0,train,0.0,0.0,3.7003624
4575,ODH_charity_0616:row:4575,24259,CCOC(=O)[C@H](C)Oc1cccc2ccccc12,ODH,8.52,1.0,8.52,train,0.0,0.0,4.0176682
4449,ODH_charity_0616:row:4449,23797,COc1ccc(cc1)[C@@](C)(C\C=C\C=C\c2ccccc2)C=O,ODH,8.092,1.0,8.092,train,0.0,0.0,5.8360443
764,ODH_charity_0616:row:764,4259,CC1(C)CN(C(=O)Nc2cc(cc(c2)C(F)(F)F)C(F)(F)F)[C@@](C1)(CC(F)(F)CO)c3ccccc3,ODH,19.92,0.4,7.968,train,0.0,0.0,10.165158
4290,ODH_charity_0616:row:4290,23101,C1Cc2ccccc2[C@@H](N1)c3ccccc3,ODH,7.5,1.0,7.5,train,0.0,0.0,4.1059146
4715,ODH_charity_0616:row:4715,24773,Cc1oc(c2ccccc2)c3[C@@H]4COCCN4c5cc(ccc5Cc13)C#Cc6ccccc6,ODH,6.2,0.8,4.96,train,0.0,0.0,8.939583
1309,ODH_charity_0616:row:1309,7546,CC(C)(C)OC(=O)[C@@](C)(N)C\C=C\c1ccccc1,ODH,5.3,1.0,5.3,train,0.0,0.0,7.852719
694,ODH_charity_0616:row:694,3928,CC(C)(C)[Si](C)(C)Oc1ccc(cc1)[C@@H](O)CCl,ODH,18.3,0.5,9.15,train,0.0,0.0,13.446465
4105,ODH_charity_0616:row:4105,22292,CC(C)(C)c1ccc(C[C@@H](B2OC(C)(C)C(C)(C)O2)N3CCOC3=O)cc1,ODH,6.7,1.0,6.7,train,0.0,0.0,22.273907
4399,ODH_charity_0616:row:4399,23623,FC(F)(F)[C@]1(CC(=CC(=O)O1)c2ccccc2)c3ccc(Cl)cc3,ODH,71.9,0.75,53.925,train,0.0,0.0,6.952653
1532,ODH_charity_0616:row:1532,8695,CC(=O)[C@@]1(CO1)c2ccc(cc2)C#N,ODH,13.39,1.0,13.39,train,0.0,0.0,3.751944
2412,ODH_charity_0616:row:2412,13290,CCCCC[C@@H](C=C)n1ccc2cc(ccc12)C(=O)OC,ODH,17.3,1.0,17.3,train,0.0,0.0,4.9536247
778,ODH_charity_0616:row:778,4413,C1Cc2ccccc2N[C@H]1c3ccccc3,ODH,20.8,0.6,12.48,train,0.0,0.0,3.9697444
3823,ODH_charity_0616:row:3823,21142,C[C@@H](\C=C\c1cccc(C)c1)[C@@](C)(N)C(=O)OC(C)(C)C,ODH,10.9,1.0,10.9,train,0.0,0.0,11.939611
3350,ODH_charity_0616:row:3350,18627,CCOC(=O)[C@]1(N[S](=O)(=O)c2ccccc12)C#Cc3ccccc3,ODH,30.3,0.5,15.15,train,0.0,0.0,7.645688
3575,ODH_charity_0616:row:3575,19957,C=C[C@@H](c1ccccc1)c2c[nH]c3ccccc23,ODH,41.6,1.0,41.6,train,0.0,0.0,3.9555597
3451,ODH_charity_0616:row:3451,19156,CCC[C@@H]1CC(=O)N(Cc2ccccc2)C1=O,ODH,32.8,0.5,16.4,train,0.0,0.0,3.7757914
3755,ODH_charity_0616:row:3755,20870,COC(=O)[C@@H](CN(Cc1ccccc1)Cc2ccccc2)CC(=O)OCc3ccccc3,ODH,43.5,0.5,21.75,train,0.0,0.0,6.2969856
4640,ODH_charity_0616:row:4640,24489,Cc1cccc(c1)[C@@H](O)C(=O)c2cccc(C)c2,ODH,13.8,1.0,13.8,train,0.0,0.0,4.3779526
4946,ODH_charity_0616:row:4946,25725,CCC[C@H](Nc1ccccc1)C=C,ODH,9.898,0.5,4.949,train,0.0,0.0,2.64921
4097,ODH_charity_0616:row:4097,22275,CC[C@H](C#Cc1ccccc1)c2ccc(C)cc2,ODH,6.69,0.7,4.683,train,0.0,0.0,4.1177406
3269,ODH_charity_0616:row:3269,18254,CCC[C@H](Nc1ccc(C)cc1)C(=C)CC,ODH,28.976,1.0,28.976,train,0.0,0.0,5.4220095
1243,ODH_charity_0616:row:1243,7261,Fc1ccccc1C2=C(C#N)[C@@H]3CCC=C[C@@H]3O2,ODH,11.731,1.0,11.731,train,0.0,0.0,4.5437865
4225,ODH_charity_0616:row:4225,22848,C=C[C@@H](CCc1ccccc1)NCc2ccccc2,ODH,7.961,1.0,7.961,train,0.0,0.0,3.6498454
16,ODH_charity_0616:row:16,176,C[C@]1(CC2(CCCC2)CN1C(=S)Nc3cc(cc(c3)C(F)(F)F)C(F)(F)F)c4ccccc4,ODH,13.5,1.0,13.5,train,0.0,0.0,11.400556
2836,ODH_charity_0616:row:2836,15714,CC(C)c1ccc(cc1)[C@H](C)COC=O,ODH,24.7,0.5,12.35,train,0.0,0.0,2.9918423
717,ODH_charity_0616:row:717,4115,CCOC(=O)C[C@H](Sc1ccc(F)cc1)c2ccccc2,ODH,19.2,1.0,19.2,train,0.0,0.034014937,4.1906533
3873,ODH_charity_0616:row:3873,21295,CC(C)(C)OC[C@@H](C(=O)c1ccccc1)c2ccccc2,ODH,5.24,1.0,5.24,train,0.0,0.0,8.493015
769,ODH_charity_0616:row:769,4340,Clc1ccc(cc1)[C@@H]2COc3ccccc3N2,ODH,11.6,1.0,11.6,train,0.0,0.0,4.7937975
1915,ODH_charity_0616:row:1915,10644,CCOc1ccc2C(=O)N(C[C@@H](Oc2c1)C=C)[S](=O)(=O)c3ccc(C)cc3,ODH,13.93,1.0,13.93,train,0.0,0.0,7.723241
2770,ODH_charity_0616:row:2770,15376,O[C@]1([C@H](C=C)c2ccccc2)C(=O)N(Cc3cccc4ccccc34)c5ccccc15,ODH,17.861,1.0,17.861,train,0.0,0.0,9.586687
4762,ODH_charity_0616:row:4762,24976,O=C(OCc1ccccc1)[C@@H](Oc2ccc(cc2)c3ccccc3)c4ccccc4,ODH,9.2,1.0,9.2,train,0.0,0.0,7.1423664
2202,ODH_charity_0616:row:2202,12149,Cc1ccc(cc1)[P@@](=O)(Cc2ccccc2)C(C)(C)C,ODH,17.63,1.0,17.63,train,0.0,0.0,9.083558
422,ODH_charity_0616:row:422,2309,O[C@@H]1CCc2cc(F)ccc12,ODH,14.0,1.0,14.0,train,0.0,0.0,2.380398
2324,ODH_charity_0616:row:2324,12882,CCC[C@H](C=C)c1n2ccccc2cc1c3ccccc3,ODH,15.365,1.0,15.365,train,0.0,0.0,6.1359477
4907,ODH_charity_0616:row:4907,25531,COC(=O)[C@H](F)\C=C\c1ccc(F)cc1,ODH,9.0,1.0,9.0,train,0.0,0.0,2.9305553
3131,ODH_charity_0616:row:3131,17512,IC[C@@]1(CCCCN2C(=O)c3cccc4cccc2c34)COc5ccccc15,ODH,26.2,0.8,20.96,train,0.0,0.0,8.078577
4555,ODH_charity_0616:row:4555,24151,Clc1ccc(cc1)[C@H](OC(=O)c2ccccc2)C(=O)c3ccccc3,ODH,9.8,0.8,7.84,train,0.0,0.0,6.3517027
4832,ODH_charity_0616:row:4832,25218,O[C@@H](c1cccc(F)c1)C(=O)c2cccc(F)c2,ODH,9.41,1.0,9.41,train,0.0,0.0,4.5822835
4820,ODH_charity_0616:row:4820,25181,Cc1oc(c2ccccc2)c3[C@H]4COCCN4c5cc(Br)ccc5Cc13,ODH,9.4,0.6,5.64,train,0.0,0.0,7.0306206
3418,ODH_charity_0616:row:3418,18983,C[C@@H](C=O)[C@H](C[N+]([O-])=O)c1ccccc1,ODH,48.66,0.8,38.928,train,0.0,0.0,3.3273623
4785,ODH_charity_0616:row:4785,25073,O=C(OCc1ccccc1)[C@H](Oc2ccc(cc2)c3ccccc3)c4ccccc4,ODH,9.3,1.0,9.3,train,0.0,0.0,7.2143235
3359,ODH_charity_0616:row:3359,18665,COC(=O)[C@]1(CC=C)N[S](=O)(=O)c2ccccc12,ODH,30.5,0.8,24.4,train,0.0,0.0,5.817848
1621,ODH_charity_0616:row:1621,9217,OC[C@@H](CCl)OCCOC(=O)c1ccccc1,ODH,12.4,1.0,12.4,train,0.0,0.0,3.255241
2481,ODH_charity_0616:row:2481,13734,O[C@H](C(O)=O)c1cccc(F)c1,ODH,13.21,0.8,10.568,train,0.0,0.0,2.7167265
678,ODH_charity_0616:row:678,3865,C(Cc1ccccc1)[C@@H]2COc3ccccc3N2,ODH,17.9,1.0,17.9,train,0.0,0.0,4.6944904
3911,ODH_charity_0616:row:3911,21468,O[C@]1(Cc2ccccc2C1=O)[C@H](C=C)c3ccc4ccccc4c3,ODH,46.8,0.5,23.4,train,0.0,0.0,6.651944
4362,ODH_charity_0616:row:4362,23452,C[C@@H](CC(C)=O)\C=C\c1sc(C)cc1,ODH,7.8,0.8,6.24,train,0.0,0.0,2.8454697
637,ODH_charity_0616:row:637,3701,CCOC(=O)C[C@H]1Nc2c(C)cccc2OC1=O,ODH,15.6,1.0,15.6,train,0.0,0.0,3.8348572
1027,ODH_charity_0616:row:1027,6009,COC(=O)C[C@H](C#N)c1ccc(OC)c(Br)c1,ODH,38.1,1.0,38.1,train,0.0,0.0,3.2943194
4403,ODH_charity_0616:row:4403,23635,C[C@@H](COC=O)c1ccc(cc1)C(F)(F)F,ODH,73.0,0.5,36.5,train,0.0,0.0,3.0088835
962,ODH_charity_0616:row:962,5422,C1Cc2ccccc2N[C@H]1CNc3ccccc3,ODH,28.8,1.0,28.8,train,0.0,0.0,4.153159
2111,ODH_charity_0616:row:2111,11653,C[C@@H](N[S](=O)(=O)C(C)(C)C)c1ccc2ccccc2c1,ODH,10.3,1.0,10.3,train,0.0,0.0,8.423834
947,ODH_charity_0616:row:947,5289,CC(C)[Si](C#C[C@@H](CC(=O)NC(C)(C)c1ccccn1)Cc2cn(C)c3ccccc23)(C(C)C)C(C)C,ODH,27.3,0.7,19.11,train,0.0,0.0,45.540894
4878,ODH_charity_0616:row:4878,25422,O[C@H]([C@@H](C=C)c1ccccc1)c2ccc(Cl)cc2,ODH,8.4,1.0,8.4,train,0.0,0.0,4.5480213
3717,ODH_charity_0616:row:3717,20670,CCOC(=O)[C@](N)(CCc1ccccc1)C\C=C\c2ccccc2,ODH,14.0,1.0,14.0,train,0.0,0.0,5.368653
4107,ODH_charity_0616:row:4107,22306,CCCCCC(=O)O\C(c1ccccc1)=C\2[C@@H]([C@H](CCC)C=C2c3ccccc3)c4cccc(OC)c4,ODH,6.7,0.7,4.69,train,0.0,0.0,9.62194
2284,ODH_charity_0616:row:2284,12607,C[C@H](O)c1ccccc1Cl,ODH,16.3,1.0,16.3,train,0.0,0.0,1.9752618
1680,ODH_charity_0616:row:1680,9478,CC(=C)C[C@H]1CC(=NO1)c2ccc(F)cc2,ODH,11.16,0.6,6.696,train,0.0,0.0,3.7184532
4567,ODH_charity_0616:row:4567,24237,Cc1ccc(C[C@H]2Cc3ccccc3N2)cc1,ODH,8.5,1.0,8.5,train,0.0,0.0,3.4777522
1652,ODH_charity_0616:row:1652,9363,C[C@](CO)(CSc1sc2ccccc2n1)c3ccccc3,ODH,16.0,1.0,16.0,train,0.0,0.0,5.412207
1227,ODH_charity_0616:row:1227,7201,CC(C)OC(=O)[C@H](c1ccccc1)c2c(C)n(Cc3ccccc3)c4ccccc24,ODH,11.7,0.7,8.19,train,0.0,0.0,11.66995
4387,ODH_charity_0616:row:4387,23550,COc1ccc(cc1)[C@@](c2[nH]ccc2)(c3[nH]c4ccccc4c3c5ccccc5)c6ccccc6OC,ODH,7.9,1.0,7.9,train,0.0,0.0,10.536867
3947,ODH_charity_0616:row:3947,21635,C=CC[C@@]12COC(=O)N1CC(=O)c3ccccc23,ODH,56.4,0.8,45.12,train,0.0,0.0,5.38195
1345,ODH_charity_0616:row:1345,7774,O[C@@H]/1CCCC1=C/c2ccc3ccccc3c2,ODH,10.3,1.0,10.3,train,0.0,0.0,4.0048456
1467,ODH_charity_0616:row:1467,8395,CC(=O)C[C@@H](c1ccccc1)c2ccc(C)cc2,ODH,11.6,1.0,11.6,train,0.0,0.0,3.816217
1964,ODH_charity_0616:row:1964,10973,COC(=O)/C=C/[C@@H](NCc1ccc(OC)cc1)c2ccc(Br)cc2,ODH,15.6,0.6,9.36,train,0.0,0.0,5.1147447
648,ODH_charity_0616:row:648,3745,Cc1cc2CCCC[C@@H](O)c2cc1C,ODH,9.9,1.0,9.9,train,0.0,0.0,3.411435
353,ODH_charity_0616:row:353,1942,CCOC(=O)C[C@H](Sc1ccc(OC)cc1)c2ccccc2,ODH,18.8,1.0,18.8,train,0.0,0.0,4.239132
2142,ODH_charity_0616:row:2142,11796,CCC[C@@H](NCc1cccnc1)C(=C)CC,ODH,13.015,1.0,13.015,train,0.0,0.0,3.8344777
4261,ODH_charity_0616:row:4261,22981,CCCC[C@@H]1NCc2ccccc2[C@H]1F,ODH,7.3,0.8,5.84,train,0.0,0.0,3.7555532
1729,ODH_charity_0616:row:1729,9699,Cc1ccc(cc1)[S](=O)(=O)N2C[C@H](CO)Oc3ccccc23,ODH,10.708,1.0,10.708,train,0.0,0.0,6.7249694
3245,ODH_charity_0616:row:3245,18143,CC(C)[C@@H](COC=O)c1ccccc1,ODH,28.5,0.5,14.25,train,0.0,0.0,2.6311343
1514,ODH_charity_0616:row:1514,8559,COC(=O)[C@@H](O)c1ccccc1,ODH,11.78,1.0,11.78,train,0.0,0.0,2.5185494
3413,ODH_charity_0616:row:3413,18942,Cn1cc([C@@H]2[C@H]([C@H](c3ccccc3)c4c(C)oc(c5ccccc5)c24)c6ccc(cc6)C#N)c7ccccc17,ODH,25.03,0.6,15.018,train,0.0,0.0,12.857366
1146,ODH_charity_0616:row:1146,6803,CN1C(=O)[C@H](Nc2ccccc12)c3ccc(Cl)cc3,ODH,16.4,1.0,16.4,train,0.0,0.0,5.8243613
3799,ODH_charity_0616:row:3799,21038,CCCCC[C@H](C=C)n1ccc2cc(C=C)ccc12,ODH,6.8,1.0,6.8,train,0.0,0.0,5.5634356
4412,ODH_charity_0616:row:4412,23677,FC(F)(F)[C@@]1(CC(=CC(=O)O1)c2ccccc2)c3ccc(Br)cc3,ODH,30.8,0.75,23.1,train,0.0,0.0,6.915309
47,ODH_charity_0616:row:47,339,CC(C)(O)C[C@H]1CCc2ccccc2N1,ODH,6.0,0.8,4.8,train,0.0,0.0,4.145278
1014,ODH_charity_0616:row:1014,5891,CCOC(=O)[C@H]1N[S](=O)(=O)Oc2ccc3OCOc3c12,ODH,35.3,1.0,35.3,train,0.0,0.0,6.4176645
2923,ODH_charity_0616:row:2923,16109,OC[C@@H](CCl)\C=C\c1ccccc1,ODH,22.3,1.0,22.3,train,0.0,0.46342114,2.5935376
4720,ODH_charity_0616:row:4720,24785,COc1ccc(Br)cc1C(C)(C)C[C@@]2(Cc3n(C(=O)OC(C)(C)C)c4ccccc4c3C(=O)O2)C(F)(F)F,ODH,9.0,0.6,5.4,train,0.0,0.0,22.507011
3913,ODH_charity_0616:row:3913,21479,CCOc1cccc2[C@H](N[S](=O)(=O)Oc12)\C=C\c3ccccc3,ODH,61.2,0.8,48.96,train,0.0,0.0,7.1237435
3895,ODH_charity_0616:row:3895,21372,FC(F)(F)[C@@]1(CC(=CC(=O)O1)c2ccccc2)c3ccccc3,ODH,22.1,0.75,16.575,train,0.0,0.0,6.6390786
2251,ODH_charity_0616:row:2251,12402,O[C@@H](C(O)=O)c1ccc2ccccc2c1,ODH,16.07,0.8,12.856,train,0.0,0.0,3.7169087
3095,ODH_charity_0616:row:3095,17239,CC(C)(C)c1ccc(OCCCC[C@@]2(CI)COc3ccccc23)cc1,ODH,21.6,0.5,10.8,train,0.0,0.0,12.036097
3869,ODH_charity_0616:row:3869,21290,O[C@@H]1CCCC2(OCCO2)[C@@H]1c3ccc(F)cc3,ODH,5.273,1.0,5.273,train,0.0,0.0,4.592791
715,ODH_charity_0616:row:715,4109,Cc1ccccc1[C@@H]2CCc3ccccc3N2,ODH,19.2,0.5,9.6,train,0.0,0.0,4.328571
485,ODH_charity_0616:row:485,2743,C1Oc2ccccc2N[C@@H]1c3ccccc3,ODH,9.9,1.0,9.9,train,0.0,0.0,4.4813747
4600,ODH_charity_0616:row:4600,24339,O[C@H]/1CCCC1=C/c2ccccc2C(F)(F)F,ODH,8.6,0.8,6.88,train,0.0,0.0,3.7599897
4140,ODH_charity_0616:row:4140,22413,Cc1ccc(cc1)[S](=O)(=O)N2CC(C[C@@H]2CBr)(c3ccccc3)c4ccccc4,ODH,8.78,1.0,8.78,train,0.0,0.0,10.76884
1944,ODH_charity_0616:row:1944,10806,COc1cc(CO[P@@](=O)(c2ccccc2)c3ccc(cc3)C(C)(C)C)cc(OC)c1,ODH,11.16,0.8,8.928,train,0.0,0.0,12.672319
25,ODH_charity_0616:row:25,202,CO[C@@H](NC(=O)c1ccccc1)c2cc(C)ccc2CCCC(F)(F)F,ODH,5.3,1.0,5.3,train,0.0,0.0,5.8143916
3167,ODH_charity_0616:row:3167,17740,Cc1ccc(cc1)[S](=O)(=O)N/C(c2ccccc2)=C3/[C@H]([C@@H](CC3=O)c4ccc(Br)cc4)c5cccc(Br)c5,ODH,32.4,0.75,24.3,train,0.0,0.0,11.44257
2232,ODH_charity_0616:row:2232,12289,C[C@@H]1Nc2ccccc2Oc3c1cccc3c4ccccc4,ODH,21.5,0.8,17.2,train,0.0,0.0,4.991312
3349,ODH_charity_0616:row:3349,18626,CCOC(=O)[C@@]1(N[S](=O)(=O)c2ccccc12)C#Cc3ccccc3,ODH,37.7,0.5,18.85,train,0.0,0.0,7.588857
4095,ODH_charity_0616:row:4095,22273,Clc1cccc(\C=C\[C@@H]2COc3ccccc3O2)c1,ODH,6.69,1.0,6.69,train,0.0,0.0,4.325743
612,ODH_charity_0616:row:612,3533,FC(F)(F)c1ccc(cc1)[C@@H]2COc3ccccc3N2,ODH,11.3,1.0,11.3,train,0.0,0.0,5.7480454
3183,ODH_charity_0616:row:3183,17799,Cc1ccc(cc1)[S](=O)(=O)N2CC[C@@H](C2)c3ccc(cc3)C(F)(F)F,ODH,27.2,1.0,27.2,train,0.0,0.0,6.229732
1693,ODH_charity_0616:row:1693,9581,CC[C@H](C#Cc1cccc(Br)c1)c2ccccc2,ODH,12.76,0.7,8.932,train,0.0,0.0,3.7929766
4,ODH_charity_0616:row:4,108,O[C@@H](c1ccccc1)C(F)(F)C(F)(F)C(F)(F)F,ODH,7.6,1.0,7.6,train,0.0,0.0,6.1260457
3817,ODH_charity_0616:row:3817,21130,COC(=O)[C@H](O)c1ccc(C)cc1,ODH,4.73,2.0,9.46,train,0.0,0.0,2.5813713
1502,ODH_charity_0616:row:1502,8521,Cc1ccccc1\C=C\2CCC[C@@H]2O,ODH,11.7,0.8,9.36,train,0.0,0.0,3.0379665
4757,ODH_charity_0616:row:4757,24971,Cc1cccc(O[C@@H](C(=O)OCc2ccccc2)c3ccccc3)c1,ODH,19.6,0.7,13.72,train,0.0,0.0,5.1073127
4147,ODH_charity_0616:row:4147,22428,CC(C)Cc1ccc(cc1)\C=C\2CC[C@@H]2O,ODH,6.891,0.8,5.5128,train,0.0,0.0,4.8826613
2072,ODH_charity_0616:row:2072,11492,C[C@H](O)c1ccccc1Cl,ODH,35.0,1.0,35.0,train,0.0,0.0,1.9756309
157,ODH_charity_0616:row:157,941,Fc1ccc(cc1)C(=O)[C@]2(OCCC[C@H]2Br)c3ccc(F)cc3,ODH,9.42,1.0,9.42,train,0.0,0.0,5.781659
419,ODH_charity_0616:row:419,2294,O=C1Nc2ccccc2N[C@H]1Cc3ccccc3,ODH,12.2,1.0,12.2,train,0.0,0.0,4.601992
527,ODH_charity_0616:row:527,3113,CCC[C@H]1CCC2=C(CCCC2=O)N1,ODH,11.0,1.0,11.0,train,0.0,0.0,3.2010684
3712,ODH_charity_0616:row:3712,20648,C[C@H](COC=O)c1ccc(F)cc1,ODH,42.8,0.5,21.4,train,0.0,0.0,2.2621098
1256,ODH_charity_0616:row:1256,7310,CC(C)(C)OC(=O)N1OCC[C@@H]1Cc2ccc(cc2)C#N,ODH,9.295,0.8,7.436,train,0.0,0.0,10.208483
2857,ODH_charity_0616:row:2857,15815,Cc1ccc2O[C@H](Cc3ccccc3)C(=O)N(Cc4ccccc4)c2c1,ODH,21.7,0.5,10.85,train,0.0,0.0,6.220384
750,ODH_charity_0616:row:750,4229,CCOC(=O)C[C@H](Sc1ccccc1C)c2ccccc2,ODH,19.8,1.0,19.8,train,0.0,0.0,4.2381587
1331,ODH_charity_0616:row:1331,7681,F[C@H]1[C@@H](Cc2ccccc2)NCc3ccccc13,ODH,15.8,0.8,12.64,train,0.0,0.0,4.6931524
3569,ODH_charity_0616:row:3569,19899,O[C@@H]/1CCC1=C/c2ccc(OC(F)F)cc2,ODH,33.601,0.8,26.8808,train,0.0,0.0,3.0253477
2301,ODH_charity_0616:row:2301,12765,N[C@@H](C(=[N+]=[N-])C(=O)c1ccc(cc1)c2ccccc2)C(F)(F)F,ODH,16.539,1.0,16.539,train,0.0,0.0,5.9970274
4208,ODH_charity_0616:row:4208,22754,CCCCCCCCCCCC[S@](=O)c1ccccc1,ODH,7.07,1.0,7.07,train,0.0,0.0,4.300527
4374,ODH_charity_0616:row:4374,23493,CCOC(=O)[C@@H](CC(=O)c1ccccc1)C(=C)\C=C\C(=O)c2ccccc2,ODH,6.93,1.0,6.93,train,0.0,0.0,6.465785
1823,ODH_charity_0616:row:1823,10207,Cc1ccc(cc1C)[C@H]2Nc3ccccc3OC2=O,ODH,29.8,0.7,20.86,train,0.0,0.0,6.5572042
1643,ODH_charity_0616:row:1643,9320,CC[C@]1(N(c2ccc(C)cc2C1=C)[S](=O)(=O)C(F)(F)F)c3ccc(cc3)c4ccccc4,ODH,12.5,0.5,6.25,train,0.0,0.0,14.99095
2772,ODH_charity_0616:row:2772,15380,C[C@@](C/C=C/C=C/c1ccc(Cl)cc1)(C=O)c2ccccc2,ODH,22.438,0.5,11.219,train,0.0,0.0,4.412251
1000,ODH_charity_0616:row:1000,5798,CCOC(=O)C[C@H](Sc1cccc(C)c1)c2ccccc2,ODH,33.6,1.0,33.6,train,0.0,0.0,4.106465
4543,ODH_charity_0616:row:4543,24100,Cc1ccc(cc1)\C=C\2CCC[C@H]2O,ODH,10.2,0.8,8.16,train,0.0,0.0,3.0712593
1765,ODH_charity_0616:row:1765,9922,COC(=O)[C@@H](F)CCc1cccc2ccccc12,ODH,13.1,1.0,13.1,train,0.0,0.0,3.7834382
4947,ODH_charity_0616:row:4947,25737,CC1(C)OC[C@@H](CO)Oc2ccc(Cl)cc12,ODH,11.5,1.0,11.5,train,0.0,0.0,4.3448834
2839,ODH_charity_0616:row:2839,15717,Cc1ccc(O)c(c1)C2=N[C@H](Cc3ccccc3C2=O)c4ccccc4,ODH,21.5,0.7,15.05,train,0.0,0.0,6.5017686
4568,ODH_charity_0616:row:4568,24238,Cc1cccc(C[C@@H]2Cc3ccccc3N2)c1,ODH,9.3,1.0,9.3,train,0.0,0.0,3.5001807
82,ODH_charity_0616:row:82,481,C=Cc1ccccc1[S@@](=O)c2ccccn2,ODH,6.1,1.0,6.1,train,0.0,0.0,4.853881
1615,ODH_charity_0616:row:1615,9175,C[C@](C\C=C\C=C\c1ccccc1)(C=O)c2ccc3ccccc3c2,ODH,12.331,1.0,12.331,train,0.0,0.0,6.4131694
3805,ODH_charity_0616:row:3805,21072,CC[C@](N)([C@@H](C)\C=C\c1ccccc1)C(=O)OC(C)(C)C,ODH,4.6,1.0,4.6,train,0.0,0.0,10.477681
1811,ODH_charity_0616:row:1811,10161,O[C@H]/1CCCC1=C/c2ccc(Br)cc2,ODH,13.4,0.8,10.72,train,0.0,0.0,2.8671308
2308,ODH_charity_0616:row:2308,12811,OC[C@H](CCl)OCC#C,ODH,18.6,1.0,18.6,train,0.0,0.35045937,1.4917116
1649,ODH_charity_0616:row:1649,9352,Cc1n(c2ccccc2)c3ccccc3c1[C@@H](C(=O)OCc4ccccc4)c5ccccc5,ODH,12.5,0.7,8.75,train,0.0,0.0,8.272025
2724,ODH_charity_0616:row:2724,15038,CCC[C@H](C1=CNC2=C1C=C(Br)C=C2)CC=O,ODH,23.74,0.5,11.87,train,0.0,0.0,4.2011824
1855,ODH_charity_0616:row:1855,10373,CCC[C@H](CC=O)c1c[nH]c2ccc(OC)cc12,ODH,13.63,1.0,13.63,train,0.0,0.0,4.4583917
4018,ODH_charity_0616:row:4018,21976,O[C@H](CCC1)[C@@H](C2=C(C)C=CC=C2)C31OCCO3,ODH,5.796,1.0,5.796,train,0.0,0.0,4.982771
3822,ODH_charity_0616:row:3822,21137,Fc1ccccc1\C=C\[C@@H]2COc3ccccc3O2,ODH,5.55,1.0,5.55,train,0.0,0.0,4.4008527
1449,ODH_charity_0616:row:1449,8341,BrC(=C)[C@@H]1CC(CN1[S](=O)(=O)c2ccccc2)(c3ccccc3)c4ccccc4,ODH,11.55,1.0,11.55,train,0.0,0.0,8.610277
4199,ODH_charity_0616:row:4199,22724,CCc1cc([C@H](C(=O)OCc2ccccc2)c3ccccc3)c(CC)n1Cc4ccccc4,ODH,9.2,0.7,6.44,train,0.0,0.0,10.040514
2330,ODH_charity_0616:row:2330,12917,CC[C@H](C(=O)OC(c1cccc2ccccc12)c3cccc4ccccc34)c5ccccc5,ODH,16.8,0.5,8.4,train,0.0,0.0,7.509555
382,ODH_charity_0616:row:382,2059,CC(C)[C@@H]1Nc2ccccc2NC1=O,ODH,11.5,1.0,11.5,train,0.0,0.0,4.046023
3384,ODH_charity_0616:row:3384,18797,C[C@@H](COC=O)c1ccccc1,ODH,31.0,0.5,15.5,train,0.0,0.35184157,2.057513
1435,ODH_charity_0616:row:1435,8281,C[C@@]1(C(=O)OCC=C)C(=O)N(C(=O)C(c2ccccc2)c3ccccc3)c4cccc(Cl)c14,ODH,11.5,0.8,9.2,train,0.0,0.0,9.602539
3184,ODH_charity_0616:row:3184,17837,COc1ccc(cc1)C2=C[C@@H]([C@H](C(=O)N2[S](=O)(=O)c3ccc(C)cc3)c4ccccc4)c5ccccc5,ODH,13.5,0.75,10.125,train,0.0,0.0,12.612582
4457,ODH_charity_0616:row:4457,23829,CC1(C)OB(OC1(C)C)[C@H](Cc2ccc(cc2)C(F)(F)F)N3CCOC3=O,ODH,8.1,1.0,8.1,train,0.0,0.0,15.511267
2091,ODH_charity_0616:row:2091,11560,C[C@H](Nc1ccccc1)c2ccccc2,ODH,15.0,0.8,12.0,train,0.0,0.0,3.0600774
885,ODH_charity_0616:row:885,5036,O=C1CCCC2=C1CC[C@H](Cc3ccccc3)N2,ODH,24.9,1.0,24.9,train,0.0,0.0,4.2268324
4322,ODH_charity_0616:row:4322,23276,CC(C)(C)c1ccc(\C=C\C=C\C[C@](C)(C=O)c2ccccc2)cc1,ODH,8.362,1.0,8.362,train,0.0,0.0,9.617183
2343,ODH_charity_0616:row:2343,12982,CO[C@H](CO)c1ccccc1,ODH,18.75,0.7,13.125,train,0.0,0.18430975,2.3294494
1807,ODH_charity_0616:row:1807,10111,Cc1ccc(/C=C/C[C@@](C)(N)C(=O)OC(C)(C)C)cc1C,ODH,13.3,1.0,13.3,train,0.0,0.0,10.526236
469,ODH_charity_0616:row:469,2580,CC(C)(O)C[C@@H]1CCc2ccccc2N1,ODH,10.5,0.8,8.4,train,0.0,0.0,4.0836034
3302,ODH_charity_0616:row:3302,18413,C[C@@H](O)[C@H](Oc1ccc(Br)cc1)c2ccccc2,ODH,29.68,1.0,29.68,train,0.0,0.0,4.6533103
3723,ODH_charity_0616:row:3723,20691,C=CC1=C[C@@H](CCc2ccccc2)C(C1)(C#N)C#N,ODH,47.24,0.5,23.62,train,0.0,0.0,5.228119
195,ODH_charity_0616:row:195,1072,Fc1ccc(cc1)[C@@H]2Nc3ccccc3OC2=O,ODH,15.3,1.0,15.3,train,0.0,0.0,4.998156
767,ODH_charity_0616:row:767,4318,OC[C@H]1[C@@H](C[C@@H]1c2ccccc2Br)c3cccn3CC=C,ODH,12.3,1.0,12.3,train,0.0,0.0,6.4059772
2720,ODH_charity_0616:row:2720,15019,Oc1ccccc1C2=N[C@@H](Cc3ccccc3C2=O)c4ccccc4,ODH,22.4,0.7,15.68,train,0.0,0.0,6.415792
325,ODH_charity_0616:row:325,1806,COC(=O)/C=C/C[C@H]1N(CCc2ccccc12)C(=O)\C=C\C,ODH,8.53,1.0,8.53,train,0.0,0.0,5.416574
4648,ODH_charity_0616:row:4648,24504,Fc1ccc(cc1)C2=C(C[C@H](O2)C=C)C#N,ODH,8.795,1.0,8.795,train,0.0,0.0,3.25969
1787,ODH_charity_0616:row:1787,10000,CC(C)(C)OC(=O)[C@@](C)(N)C\C=C\c1cccc(Cl)c1,ODH,11.1,0.5,5.55,train,0.0,0.0,8.348242
2490,ODH_charity_0616:row:2490,13788,O=[S]1(=O)N2[C@H]3CCCC[C@H]3C(=C2c4ccccc14)c5ccccc5,ODH,14.28,0.5,7.14,train,0.0,0.0,9.005248
1305,ODH_charity_0616:row:1305,7535,O=C1Oc2ccccc2N[C@@H]1c3ccccc3,ODH,15.0,0.7,10.5,train,0.0,0.0,5.3926916
2177,ODH_charity_0616:row:2177,12041,COc1ccc(SC[C@H](CO)c2ccccc2)cc1,ODH,15.6,1.0,15.6,train,0.0,0.0,4.29524
4358,ODH_charity_0616:row:4358,23434,CC(C)(C)[S](=O)(=O)N[C@H](C1CC1)c2ccccc2,ODH,6.6,1.0,6.6,train,0.0,0.0,7.31957
1961,ODH_charity_0616:row:1961,10966,COC(=O)[C@H](CN(Cc1ccccc1)Cc2ccccc2)Cc3cn(C(=O)OC(C)(C)C)c4ccccc34,ODH,14.3,0.5,7.15,train,0.0,0.0,13.235188
1057,ODH_charity_0616:row:1057,6187,O[C@@H](C[N+]([O-])=O)c1ccc2ccccc2c1,ODH,60.632,0.8,48.5056,train,0.0,0.0,4.01856
4134,ODH_charity_0616:row:4134,22401,CC(C)(C)c1ccc(cc1)C2=C(C[C@@H](O2)C=C)C#N,ODH,8.112,1.0,8.112,train,0.0,0.0,9.597314
2936,ODH_charity_0616:row:2936,16186,O=C1[C@@H](Cc2ccccc2)Oc3ccccc3N1Cc4ccccc4,ODH,22.5,0.5,11.25,train,0.0,0.0,6.0823
847,ODH_charity_0616:row:847,4841,CC1(C)CN(C(=O)Nc2cc(cc(c2)C(F)(F)F)C(F)(F)F)[C@](CN=[N+]=[N-])(C1)c3ccc(Cl)cc3,ODH,23.42,0.4,9.368,train,0.0,0.0,12.380014
4819,ODH_charity_0616:row:4819,25180,Cc1oc(c2ccccc2)c3[C@@H]4COCCN4c5cc(Br)ccc5Cc13,ODH,16.3,0.6,9.78,train,0.0,0.0,6.975301
3465,ODH_charity_0616:row:3465,19226,C[C@@H]1C=C[C@H]2CN(CC2=CN1[S](=O)(=O)c3ccc(C)cc3)[S](=O)(=O)c4ccc(C)cc4,ODH,33.25,0.8,26.6,train,0.0,0.0,10.6431055
2394,ODH_charity_0616:row:2394,13197,FC(F)(F)c1ccc(cc1)[C@@H]2CNc3ccccc3N2,ODH,26.8,0.6,16.08,train,0.0,0.0,6.999033
2952,ODH_charity_0616:row:2952,16262,COc1cc2CCC[C@H](C#Cc3cccc4ncccc34)c2cc1OC,ODH,22.7,1.0,22.7,train,0.0,0.0,6.2945733
3581,ODH_charity_0616:row:3581,19980,Cc1cccc(c1)[C@@](C)(C\C=C\c2ccccc2)C=O,ODH,39.278,1.0,39.278,train,0.0,0.0,4.41677
284,ODH_charity_0616:row:284,1636,CC(C)OC(=O)[C@@H](O)c1cccc(C)c1,ODH,5.9,1.0,5.9,train,0.0,0.0,3.4982321
4610,ODH_charity_0616:row:4610,24397,CC(C)Cc1ccc(cc1)C(=O)C(=[N+]=[N-])[C@H](N)C(F)(F)F,ODH,8.694,1.0,8.694,train,0.0,0.0,5.321338
4699,ODH_charity_0616:row:4699,24684,C[C@H](O)[C@H](N1CCCC1)c2cccc(C)c2,ODH,7.14,1.0,7.14,train,0.0,0.0,3.8185086
4556,ODH_charity_0616:row:4556,24152,Clc1ccc(cc1)[C@@H](OC(=O)c2ccccc2)C(=O)c3ccccc3,ODH,8.4,0.8,6.72,train,0.0,0.0,6.35872
4038,ODH_charity_0616:row:4038,22064,Cc1ccc(cc1)N2N=C(C)[C@@](C\C=C\c3ccccc3)(Cc4cccc(C)c4)C2=O,ODH,11.464,1.0,11.464,train,0.0,0.0,13.187746
4750,ODH_charity_0616:row:4750,24953,IC[C@@]1(CCCCN2c3ccccc3C=Cc4ccccc24)COc5ccccc15,ODH,9.2,0.8,7.36,train,0.0,0.0,8.44507
1752,ODH_charity_0616:row:1752,9822,CC(C)(C)OC(=O)[C@@](C)(N)C\C=C\c1ccc2ccccc2c1,ODH,10.4,0.5,5.2,train,0.0,0.0,10.092765
2121,ODH_charity_0616:row:2121,11701,CCC[C@@H](Nc1ccc(Br)cc1)C=C,ODH,16.44,1.0,16.44,train,0.0,0.0,2.870498
3177,ODH_charity_0616:row:3177,17773,C1Nc2ccccc2N[C@H]1Cc3ccccc3,ODH,27.1,1.0,27.1,train,0.0,0.0,4.020549
807,ODH_charity_0616:row:807,4651,CSc1ccc(cc1)[C@H]2CC(=O)N2C(C)(C)c3ccccn3,ODH,20.1,0.8,16.08,train,0.0,0.0,8.180367
4889,ODH_charity_0616:row:4889,25472,COc1ccc(cc1)[C@](C)(C/C=C/c2ccc(Cl)cc2)C=O,ODH,8.957,1.0,8.957,train,0.0,0.0,5.2492166
2687,ODH_charity_0616:row:2687,14869,Oc1ccccc1C2=N[C@H](Cc3ccccc3C2=O)c4ccc(Cl)cc4,ODH,19.8,0.7,13.86,train,0.0,0.0,6.668504
4329,ODH_charity_0616:row:4329,23291,CC[C@H](C#Cc1ccccc1)c2ccc(cc2)C(=O)OC,ODH,7.64,0.7,5.348,train,0.0,0.0,4.1219172
3209,ODH_charity_0616:row:3209,18000,CCCC[C@@]1(CI)COc2ccccc12,ODH,28.0,0.5,14.0,train,0.0,0.0,3.7102375
1608,ODH_charity_0616:row:1608,9118,CC1(C)OC[C@H](CO)Oc2ccccc12,ODH,12.3,1.0,12.3,train,0.0,0.0,4.024433
3964,ODH_charity_0616:row:3964,21720,CCOC(=O)[C@@]1(N[S](=O)(=O)c2ccccc12)C(C)C=C,ODH,58.55,0.5,29.275,train,0.0,0.0,6.991725
802,ODH_charity_0616:row:802,4624,CCOC(=O)C[C@H](Sc1ccccc1)c2ccccc2OC,ODH,21.9,1.0,21.9,train,0.0,0.0,4.3718996
84,ODH_charity_0616:row:84,483,CC(C)(NC(=O)C[C@@H]1CCOc2ccc(F)cc12)c3ccccn3,ODH,8.2,1.0,8.2,train,0.0,0.0,6.4687862
1419,ODH_charity_0616:row:1419,8170,C1Oc2ccccc2N[C@H]1c3ccccc3,ODH,11.4,0.6,6.84,train,0.0,0.0,5.5036154
873,ODH_charity_0616:row:873,4961,CCOC(=O)C[C@@H](Sc1ccccc1)c2cccc(OC)c2,ODH,15.4,1.0,15.4,train,0.0,0.0,4.2328777
2622,ODH_charity_0616:row:2622,14333,Clc1ccccc1[C@@H]2CCN3C(=C2)c4ccccc4[S]3(=O)=O,ODH,24.76,0.8,19.808,train,0.0,0.0,7.701219
1590,ODH_charity_0616:row:1590,9047,C[C@]1(C(=O)OCC=C)C(=O)N(C(=O)C(c2ccccc2)c3ccccc3)c4cccc(Br)c14,ODH,16.6,0.8,13.28,train,0.0,0.0,9.577456
2517,ODH_charity_0616:row:2517,13853,CC(C)O[P](=O)(OC(C)C)[C@]12CC(=CC(=O)N1[S](=O)(=O)Oc3ccc(C)cc23)c4ccccc4,ODH,18.1,0.8,14.48,train,0.0,0.0,20.425152
4425,ODH_charity_0616:row:4425,23714,COc1cc2[C@H](c3ccccc3)C(=C(N)Oc2c4ccccc14)C#N,ODH,10.6,0.7,7.42,train,0.0,0.0,8.346497
4971,ODH_charity_0616:row:4971,25858,Brc1ccc(cc1)[C@@H]2C=C(C[C@H]2c3ccccc3)c4ccccc4,ODH,65.2,0.3,19.56,train,0.0,0.0,6.508654
355,ODH_charity_0616:row:355,1946,COCCO[C@H](NC(=O)c1ccccc1)c2ccccc2CCCC(F)(F)F,ODH,13.46,1.0,13.46,train,0.0,0.0,5.6918373
2302,ODH_charity_0616:row:2302,12788,COc1ccc2cc(ccc2c1)[C@@H](C)N[S](=O)(=O)C(C)(C)C,ODH,13.2,1.0,13.2,train,0.0,0.0,9.162477
438,ODH_charity_0616:row:438,2398,OC[C@@H]1[C@H](C[C@H]1c2cccn2[CH]=[C]=[CH2])c3ccccc3,ODH,9.5,1.0,9.5,train,0.0,0.0,5.848727
2159,ODH_charity_0616:row:2159,11914,Fc1cccc(c1)[C@H]2CNc3ccccc3N2,ODH,15.4,0.6,9.24,train,0.0,0.0,5.4810157
810,ODH_charity_0616:row:810,4660,COc1ccc(cc1)[C@H](C)CC=O,ODH,22.1,1.0,22.1,train,0.0,0.0,2.367223
3975,ODH_charity_0616:row:3975,21770,CN1CCc2ccccc2[C@H]1c3ccccc3,ODH,6.3,0.7,4.41,train,0.0,0.0,4.5398545
635,ODH_charity_0616:row:635,3699,COC(=O)C[C@@H](C#N)c1ccc(C)cc1,ODH,14.7,1.0,14.7,train,0.0,0.0,2.8746216
311,ODH_charity_0616:row:311,1748,CCOC(=O)C[C@H](Sc1ccccc1)c2ccc(F)cc2,ODH,7.5,1.0,7.5,train,0.0,0.03679936,4.1950874
2536,ODH_charity_0616:row:2536,13923,Clc1ccccc1[C@H]2CC(=O)N3C(=C2)c4ccccc4[S]3(=O)=O,ODH,18.24,1.0,18.24,train,0.0,0.0,9.090682
1015,ODH_charity_0616:row:1015,5910,FC(F)(F)C[C@@]1(CC(=NO1)c2ccccc2)c3cncnc3,ODH,25.67,0.8,20.536,train,0.0,0.0,5.899085
1959,ODH_charity_0616:row:1959,10954,COC(=O)c1ccc(C[C@@H](B2OC(C)(C)C(C)(C)O2)N3CCOC3=O)cc1,ODH,14.3,1.0,14.3,train,0.0,0.0,11.861998
4592,ODH_charity_0616:row:4592,24322,Cc1ccc(cc1)[C@@]2(CCC(=O)O2)C(=O)OC(c3ccccc3)c4ccccc4,ODH,8.6,0.75,6.45,train,0.0,0.0,8.620501
1591,ODH_charity_0616:row:1591,9048,C[C@@]1(C(=O)OCC=C)C(=O)N(C(=O)C(c2ccccc2)c3ccccc3)c4cccc(Br)c14,ODH,12.2,0.8,9.76,train,0.0,0.0,9.598811
348,ODH_charity_0616:row:348,1913,CC(O)[C@H](C)C1CCc2ccccc2N1,ODH,11.1,1.0,11.1,train,0.0,0.0,4.307266
2949,ODH_charity_0616:row:2949,16255,CCOC(=O)N1[C@H]2C\C(=C/N(c3ccccc3)[S](=O)(=O)c4ccc(C)cc4)[C@H](C=C2c5ccccc15)c6ccccc6,ODH,37.89,0.8,30.312,train,0.0,0.0,12.979226
354,ODH_charity_0616:row:354,1943,CCOC(=O)C[C@@H](Sc1ccc(OC)cc1)c2ccccc2,ODH,11.1,1.0,11.1,train,0.0,0.0,4.2113476
557,ODH_charity_0616:row:557,3274,C[C@@H]1CCC2=C(CCCC2=O)N1,ODH,12.6,1.0,12.6,train,0.0,0.0,2.665472
4476,ODH_charity_0616:row:4476,23903,C1CSC(SC1)([C@@H](C=Cc2ccccc2)c3ccccc3)c4ccccc4,ODH,6.6,1.0,6.6,train,0.0,0.0,7.844385
4012,ODH_charity_0616:row:4012,21943,CCCC(=O)O\C(c1ccccc1)=C\2[C@@H]([C@H](C)C=C2c3ccccc3)c4ccncc4,ODH,6.2,0.75,4.65,train,0.0,0.0,9.73788
912,ODH_charity_0616:row:912,5137,Cc1cccc(NC[C@H]2CCc3ccccc3N2)c1,ODH,25.9,1.0,25.9,train,0.0,0.0,4.3016357
3877,ODH_charity_0616:row:3877,21317,CCN(C[C@H](CSc1sc2ccc(Cl)cc2n1)OCc3ccccc3)C(c4ccccc4)c5ccccc5,ODH,7.3,1.0,7.3,train,0.0,0.0,9.412504
679,ODH_charity_0616:row:679,3866,C[C@H]1Nc2ccccc2NC1=O,ODH,19.1,1.0,19.1,train,0.0,0.0,2.6867294
1477,ODH_charity_0616:row:1477,8419,O=C1CC[C@@](O1)(C(=O)OCc2ccccc2)c3ccccc3,ODH,11.6,0.75,8.7,train,0.0,0.0,5.9819818
4154,ODH_charity_0616:row:4154,22459,CCCC[C@H]1NCc2ccc(C)cc2[C@H]1F,ODH,7.7,0.8,6.16,train,0.0,0.0,4.205779
2927,ODH_charity_0616:row:2927,16150,CC(C)OC(=O)[C@@]1(N[S](=O)(=O)c2ccccc12)C#Cc3ccccc3,ODH,27.2,0.5,13.6,train,0.0,0.0,7.557519
727,ODH_charity_0616:row:727,4161,CCOC(=O)C[C@H](Sc1ccccc1)c2ccccc2,ODH,19.4,1.0,19.4,train,0.0,0.04738017,3.8840141
2615,ODH_charity_0616:row:2615,14285,Cc1cc2[C@@H]3CCC(=C[C@H]3N(c2cc1C)[S](=O)(=O)C(F)(F)F)c4cccc5ccccc45,ODH,18.9,0.5,9.45,train,0.0,0.0,13.326755
1461,ODH_charity_0616:row:1461,8376,Oc1ccccc1[C@@H](OC2CCCC2)c3ccccc3,ODH,11.6,0.5,5.8,train,0.0,0.0,4.298159
703,ODH_charity_0616:row:703,4037,Cc1cccc2CC[C@H](CNc3ccccc3)Nc12,ODH,18.8,1.0,18.8,train,0.0,0.0,4.4356494
2581,ODH_charity_0616:row:2581,14119,Cc1cc2OCC[C@@](C)(CC3=CCCCC3)c2cc1C,ODH,18.6,0.5,9.3,train,0.0,0.0,7.6144924
4349,ODH_charity_0616:row:4349,23418,Cc1ccc(cc1)[S](=O)(=O)N2C[C@H](C=C)N(c3cc(C)ccc3C2=O)[S](C)(=O)=O,ODH,7.79,1.0,7.79,train,0.0,0.0,12.282712
4227,ODH_charity_0616:row:4227,22854,CC1(C)CCC[C@@H]1NC(=O)c2ccccc2,ODH,11.6,0.8,9.28,train,0.0,0.0,4.88341
996,ODH_charity_0616:row:996,5776,C1OC(=N[C@@H]1c2ccccc2)c3ccccn3,ODH,33.2,1.0,33.2,train,0.0,0.0,4.1597843
189,ODH_charity_0616:row:189,1048,F[C@H]1CCCO[C@]1(C(=O)c2ccc(Cl)cc2)c3ccc(Cl)cc3,ODH,9.51,1.0,9.51,train,0.0,0.0,5.7487392
2533,ODH_charity_0616:row:2533,13916,CC(C)(C)OC(=O)C(=C)C[C@](C)(N)C(F)(F)F,ODH,13.93,0.8,11.144,train,0.0,0.0,7.9728045
61,ODH_charity_0616:row:61,415,COc1cccc2CC[C@H](Nc12)c3ccc(F)cc3,ODH,6.3,0.8,5.04,train,0.0,0.0,4.843042
2698,ODH_charity_0616:row:2698,14904,C[C@H](NN1C(=O)CCC1=O)c2ccccc2,ODH,19.841,0.8,15.8728,train,0.0,0.0,3.8536465
3514,ODH_charity_0616:row:3514,19554,O=C(N1CC[C@@H](C1)c2ccccc2)c3ccccc3,ODH,35.6,1.0,35.6,train,0.0,0.0,4.2596188
797,ODH_charity_0616:row:797,4604,O=CC[C@H](Cc1ccccc1)C(=O)Oc2ccccc2,ODH,19.7,1.0,19.7,train,0.0,0.24988331,3.9318552
732,ODH_charity_0616:row:732,4185,Cc1ccc(cc1)[C@H](O)CBr,ODH,17.0,1.0,17.0,train,0.0,0.067428,2.075691
2331,ODH_charity_0616:row:2331,12919,COC(=O)[C@H](F)\C=C\c1cccc(OC)c1,ODH,15.9,1.0,15.9,train,0.0,0.0,2.9136195
1415,ODH_charity_0616:row:1415,8126,Cc1ccc(cc1)[C@@H]2CC(=O)Oc3ccccc23,ODH,11.38,1.0,11.38,train,0.0,0.0,4.5732207
333,ODH_charity_0616:row:333,1826,CCOC(=O)C[C@H](B1OC(C)(C)C(C)(C)O1)c2ccc(cc2)c3ccccc3,ODH,11.2,0.5,5.6,train,0.0,0.0,14.088071
3863,ODH_charity_0616:row:3863,21262,Cc1ccc(O[C@@H](C(=O)OCc2ccccc2)c3ccccc3)cc1,ODH,6.7,1.0,6.7,train,0.0,0.0,5.681348
4287,ODH_charity_0616:row:4287,23087,FC(F)(F)Oc1ccc(cc1)C2=C(C[C@@H](O2)C=C)C#N,ODH,8.713,1.0,8.713,train,0.0,0.0,4.1838923
67,ODH_charity_0616:row:67,427,C[C@H]1CCc2cc(F)ccc2N1,ODH,6.4,1.0,6.4,train,0.0,0.0,2.4933572
2605,ODH_charity_0616:row:2605,14240,Fc1cccc2c1N(Cc3ccccc3)C(=O)[C@]24OC(=O)c5cccc6ccn4c56,ODH,19.8,0.8,15.84,train,0.0,0.0,10.984925
2982,ODH_charity_0616:row:2982,16484,CCOC(=O)[C@H](C(C(=O)\C=C(/C)c1ccccc1)c2ccccc2)C(=O)c3ccccc3,ODH,17.1,0.6,10.26,train,0.0,0.0,11.136875
2679,ODH_charity_0616:row:2679,14821,CCOC(=O)[C@]1(N[S](=O)(=O)c2ccc(OC(F)(F)F)cc12)C#Cc3ccccc3,ODH,19.7,0.5,9.85,train,0.0,0.0,9.013474
505,ODH_charity_0616:row:505,2965,COc1cc(C[C@H](C)c2cc3c(F)cccc3n2c4ccc(cn4)c5cc(cc(c5)C(F)(F)F)C(F)(F)F)cc(OC)c1OC,ODH,14.43,0.6,8.658,train,0.0,0.0,18.409698
3667,ODH_charity_0616:row:3667,20370,Cc1ccc(cc1)[S](=O)(=O)N2CC[C@@H](C2)c3ccc4OCOc4c3,ODH,41.2,1.0,41.2,train,0.0,0.0,7.2730923
2863,ODH_charity_0616:row:2863,15836,COC(=O)C(C)(C)NC(=O)[C@](C)(NC(=O)c1ccc(OC)cc1)C(=O)OCc2ccccc2,ODH,21.7,0.5,10.85,train,0.0,0.0,13.177282
1327,ODH_charity_0616:row:1327,7676,C[C@H](n1c(C)c(C)c2ccccc12)c3ccc(NC(=O)c4ccc(cc4)C(C)(C)C)cc3,ODH,14.0,1.0,14.0,train,0.0,0.0,19.086756
2999,ODH_charity_0616:row:2999,16546,CCc1ccc(cc1)[C@@H](C)COC=O,ODH,23.4,0.5,11.7,train,0.0,0.0,2.3249872
1994,ODH_charity_0616:row:1994,11090,O[C@@H](C(O)=O)c1ccc(Br)cc1,ODH,14.42,0.8,11.536,train,0.0,0.0,2.5476663
3009,ODH_charity_0616:row:3009,16633,C1Cc2ccccc2N[C@H]1c3ccc4ccccc4c3,ODH,23.65,1.0,23.65,train,0.0,0.0,4.8108315
2611,ODH_charity_0616:row:2611,14279,C[C@](C\C=C\c1ccccc1)(C=O)c2ccccc2F,ODH,18.88,1.0,18.88,train,0.0,0.0,4.4665437
3757,ODH_charity_0616:row:3757,20872,Cc1ccc(cc1)[S](=O)(=O)N2CC[C@H](C2)c3ccc(F)cc3,ODH,51.7,1.0,51.7,train,0.0,0.0,5.8278904
946,ODH_charity_0616:row:946,5288,CC(C)[Si](C#C[C@H](CC(=O)NC(C)(C)c1ccccn1)Cc2cn(C)c3ccccc23)(C(C)C)C(C)C,ODH,21.6,0.7,15.12,train,0.0,0.0,44.542152
3,ODH_charity_0616:row:3,105,CO[C@@H](NC(=O)C(C)(C)C)c1ccccc1CCCC(F)(F)F,ODH,4.32,1.0,4.32,train,0.0,0.0,10.221349
1463,ODH_charity_0616:row:1463,8380,Cc1ccc(C[C@H]2Cc3ccccc3N2)cc1,ODH,11.6,1.0,11.6,train,0.0,0.0,3.5447228
1689,ODH_charity_0616:row:1689,9551,C1[C@@H](Nc2ccccc12)c3ccccc3,ODH,12.7,1.0,12.7,train,0.0,0.0,3.8137534
1121,ODH_charity_0616:row:1121,6640,FC(F)(F)[C@@H]1NC1C(=O)c2ccc(cc2)c3ccccc3,ODH,6.922,1.0,6.922,train,0.0,0.0,6.3608785
785,ODH_charity_0616:row:785,4528,C[C@@H]1Nc2ccccc2[C@@H]1Cc3ccccc3,ODH,14.6,0.8,11.68,train,0.0,0.0,4.1759114
3899,ODH_charity_0616:row:3899,21408,FC(F)(F)[C@@]1(CC(=CC(=O)O1)c2ccccc2)c3sccc3,ODH,24.2,0.75,18.15,train,0.0,0.0,6.411156
4429,ODH_charity_0616:row:4429,23720,CCOC(=O)C[C@H]1C=CCN(N1C(=O)OC(C)(C)C)C(=O)Nc2ccc(Cl)cc2,ODH,11.2,0.7,7.84,train,0.0,0.0,10.29985
3557,ODH_charity_0616:row:3557,19801,O=C1[C@@H](Cc2ccccc2)Oc3ccccc3N1c4ccccc4,ODH,37.6,0.5,18.8,train,0.0,0.0,6.027114
2543,ODH_charity_0616:row:2543,13993,FC(F)(F)c1ccccc1N2[C@H](COC2=O)C=C,ODH,19.2,0.8,15.36,train,0.0,0.0,5.123075
2101,ODH_charity_0616:row:2101,11583,C[C@H](C(=O)OCc1ccccc1)c2c(C)n(C)c3ccccc23,ODH,15.0,0.7,10.5,train,0.0,0.0,8.263714
641,ODH_charity_0616:row:641,3706,C[C@@H]([C@H](CCO)c1ccccc1)[N+]([O-])=O,ODH,15.37,1.0,15.37,train,0.0,0.0,3.3655484
320,ODH_charity_0616:row:320,1773,COC(=O)\C=C\C[C@H]1N(CCc2c3ccccc3n(c12)[S](=O)(=O)c4ccc(C)cc4)C(C)=O,ODH,12.12,1.0,12.12,train,0.0,0.0,11.201668
506,ODH_charity_0616:row:506,2975,C[C@H]1Nc2ccc(Br)cc2N(C)C1=O,ODH,7.7,1.0,7.7,train,0.0,0.0,4.3255734
3956,ODH_charity_0616:row:3956,21686,CCO[P](=O)(OCC)[C@@]12CC(=CC(=O)N1[S](=O)(=O)Oc3ccccc23)c4cccc(OC)c4,ODH,34.0,0.8,27.2,train,0.0,0.0,12.813513
1666,ODH_charity_0616:row:1666,9424,COc1ccccc1/C=C/[C@@H](C)C#CCOC(C)=O,ODH,12.6,0.6,7.56,train,0.0,0.0,3.3340392
1592,ODH_charity_0616:row:1592,9059,COc1ccc(C[C@H](B2OC(C)(C)C(C)(C)O2)N3CCOC3=O)cc1,ODH,9.5,1.0,9.5,train,0.0,0.0,12.781334
3546,ODH_charity_0616:row:3546,19758,O[C@@H]/1CCCC1=C/c2cccc(c2)C(F)(F)F,ODH,35.2,0.5,17.6,train,0.0,0.0,3.4552789
3368,ODH_charity_0616:row:3368,18736,[O-][N+](=O)c1ccc(OC[C@H]2COC3(CCC3)c4ccccc4O2)cc1,ODH,30.8,1.0,30.8,train,0.0,0.0,6.2898383
4162,ODH_charity_0616:row:4162,22497,COC(=O)c1ccc(cc1)[C@@H]2C[C@H](NC(=O)OCc3ccccc3)c4cccc5CC[C@H](N2c45)c6ccccc6,ODH,9.07,1.0,9.07,train,0.0,0.0,13.103331
3890,ODH_charity_0616:row:3890,21349,COc1ccc(C[C@@H]2[C@H](C=C(OC2=O)c3ccccc3)c4ccc(C)cc4)cc1,ODH,50.0,0.75,37.5,train,0.0,0.0,6.6638236
1510,ODH_charity_0616:row:1510,8542,COc1ccc(cc1)[C@@H](C)c2ccc(cc2)c3ccccc3,ODH,11.75,0.5,5.875,train,0.0,0.0,5.0836544
1083,ODH_charity_0616:row:1083,6348,O=[S]1(=O)[C@@H](Cc2ccccc12)c3ccc4ccccc4c3,ODH,52.5,1.0,52.5,train,0.0,0.0,6.707469
450,ODH_charity_0616:row:450,2458,C[C@H](CC=O)c1ccccc1F,ODH,12.7,1.0,12.7,train,0.0,0.02579943,2.2577827
3344,ODH_charity_0616:row:3344,18602,CCOC(=O)[C@]1(N[S](=O)(=O)c2ccccc12)C#Cc3ccc(Cl)cc3,ODH,30.2,0.5,15.1,train,0.0,0.0,7.965565
1725,ODH_charity_0616:row:1725,9691,COC(=O)c1ccc(cc1)[C@](C)(C=O)C2CCCCC2,ODH,11.79,0.6,7.074,train,0.0,0.0,4.3551397
3470,ODH_charity_0616:row:3470,19243,COC(=O)[C@@]12n3ccc4cccc(C(=O)N1[S](=O)(=O)c5ccccc25)c34,ODH,33.4,0.8,26.72,train,0.0,0.0,11.3672695
3274,ODH_charity_0616:row:3274,18267,CCC[C@@H](C=C)[C@]1(O)C(=O)N(Cc2cccc3ccccc23)c4ccccc14,ODH,11.511,1.0,11.511,train,0.0,0.0,9.123872
2303,ODH_charity_0616:row:2303,12789,COc1ccc2cc(ccc2c1)[C@H](C)N[S](=O)(=O)C(C)(C)C,ODH,16.6,1.0,16.6,train,0.0,0.0,9.085865
2462,ODH_charity_0616:row:2462,13606,COC(=O)[C@H](F)CC#Cc1ccccc1,ODH,14.0,1.0,14.0,train,0.0,0.09236047,2.539016
4926,ODH_charity_0616:row:4926,25621,Cc1cc([C@H](C(=O)OCc2ccccc2)c3cccc(Br)c3)c(C)n1Cc4ccccc4,ODH,11.9,0.7,8.33,train,0.0,0.0,10.504734
1604,ODH_charity_0616:row:1604,9087,Cc1cccc(/C=C/C=C/C[C@](C)(C=O)c2ccccc2)c1,ODH,15.047,1.0,15.047,train,0.0,0.0,4.5157666
1766,ODH_charity_0616:row:1766,9923,C[C@H](COC=O)c1ccc(C)cc1,ODH,14.2,0.5,7.1,train,0.0,0.004098346,2.1672773
3764,ODH_charity_0616:row:3764,20888,COC(=O)[C@H](Oc1cccc(c1)C(F)(F)F)c2ccc(Cl)cc2,ODH,5.47,1.0,5.47,train,0.0,0.0,5.479306
4330,ODH_charity_0616:row:4330,23296,COC(=O)[C@H](O)c1ccc(Br)cc1,ODH,7.07,2.0,14.14,train,0.0,0.0,2.6865015
1779,ODH_charity_0616:row:1779,9982,Clc1ccc2CC[C@@H](Nc2c1)c3ccccc3,ODH,13.17,1.0,13.17,train,0.0,0.0,3.9961205
74,ODH_charity_0616:row:74,454,Cc1ccc(c(c1)C#CC2(CCOCC2)O[Si](C)(C)C(C)(C)C)[S@@](=O)c3ccccn3,ODH,5.5,1.0,5.5,train,0.0,0.0,28.267786
2075,ODH_charity_0616:row:2075,11497,CC(C)(C)OC(=O)[C@@](N)(CC=C)C\C=C\c1ccccc1,ODH,14.9,1.0,14.9,train,0.0,0.0,8.41873
4570,ODH_charity_0616:row:4570,24250,CCC[C@@H](Nc1ccc(cc1)C(C)(C)C)C(=C)CC,ODH,6.534,1.0,6.534,train,0.0,0.0,10.251608
1495,ODH_charity_0616:row:1495,8462,C=CCC(C#N)(C#N)[C@@H](CCc1ccccc1)C=C,ODH,11.66,1.0,11.66,train,0.0,0.0,5.492477
997,ODH_charity_0616:row:997,5785,Cc1[nH]c2ccccc2c1[C@@H](\C=C\c3ccccc3)c4ccccc4,ODH,35.932,1.0,35.932,train,0.0,0.0,6.0090427
2526,ODH_charity_0616:row:2526,13892,Cc1ccc(cc1)[C@@H]2C=Cc3ccccc3N2[S](C)(=O)=O,ODH,18.2,0.5,9.1,train,0.0,0.0,6.414557
2069,ODH_charity_0616:row:2069,11469,O[C@@H]([C@H](C=C)c1ccccc1)C(=O)c2ccccc2,ODH,14.9,0.5,7.45,train,0.0,0.0,4.5956583
3290,ODH_charity_0616:row:3290,18345,C=C[C@@H](CCc1ccccc1)c2c[nH]c3ccccc23,ODH,34.7,1.0,34.7,train,0.0,0.0,4.072509
1187,ODH_charity_0616:row:1187,7044,C[C@H](N[S](=O)(=O)C(C)(C)C)c1ccc(Cl)cc1,ODH,10.4,1.0,10.4,train,0.0,0.0,6.71185
2389,ODH_charity_0616:row:2389,13168,Cc1cc2[C@H](O)[C@@H]3O[C@@H]3C(=O)c2cc1C,ODH,13.4,0.8,10.72,train,0.0,0.0,5.675059
3804,ODH_charity_0616:row:3804,21064,Cc1ccc(cc1)N2N=C(C)[C@](C\C=C\c3ccccc3)(Cc4ccc(cc4)C(C)(C)C)C2=O,ODH,5.389,1.0,5.389,train,0.0,0.0,21.879076
2729,ODH_charity_0616:row:2729,15079,O=C1N([C@@H]2Cc3ccccc3N[C@@H]2CCc4ccccc4)C(=O)c5ccccc15,ODH,57.8,0.7,40.46,train,0.0,0.0,10.111684
4872,ODH_charity_0616:row:4872,25403,Cc1cccc(O[C@@H](C(=O)OCc2ccccc2)c3ccccc3)c1,ODH,9.6,1.0,9.6,train,0.0,0.0,5.053765
3072,ODH_charity_0616:row:3072,17112,COc1ccc(cc1)[C@@H](O)C(=O)c2ccc(OC)cc2,ODH,27.28,1.0,27.28,train,0.0,0.0,4.60363
2126,ODH_charity_0616:row:2126,11718,CC(C)(C)OC(=O)[C@](C)(N)C\C=C\c1cccc2ccccc12,ODH,15.2,0.5,7.6,train,0.0,0.0,9.96154
4560,ODH_charity_0616:row:4560,24176,COc1ccc(C[C@@]2(C\C=C\c3ccccc3)C(=NN(C2=O)c4ccc(C)cc4)C)cc1,ODH,8.458,1.0,8.458,train,0.0,0.0,12.385482
3806,ODH_charity_0616:row:3806,21073,C[C@@H](\C=C\c1cccc(C)c1)[C@](C)(N)C(=O)OC(C)(C)C,ODH,4.9,1.0,4.9,train,0.0,0.0,11.882945
2503,ODH_charity_0616:row:2503,13819,COC(=O)[C@@](C)(N)[C@@H](C=C)c1cc(Cl)cc(Cl)c1,ODH,15.8,0.3,4.74,train,0.0,0.0,5.476797
4024,ODH_charity_0616:row:4024,22002,CC(C)OC(=O)[C@@H](Oc1ccccc1)c2ccccc2,ODH,7.3,1.0,7.3,train,0.0,0.0,4.929205
958,ODH_charity_0616:row:958,5378,CC(=O)C[C@@H]1CCCCN1C(=O)OCc2ccccc2,ODH,28.4,0.5,14.2,train,0.0,0.0,3.8868425
1711,ODH_charity_0616:row:1711,9635,COc1ccc(cc1OC)[C@@H](C)C#Cc2ccc(cc2)C#N,ODH,15.1,1.0,15.1,train,0.0,0.0,6.3641562
1,ODH_charity_0616:row:1,38,CCCOC(=O)C[C@@H](B1OC(C)(C)C(C)(C)O1)c2ccccc2,ODH,3.5,1.0,3.5,train,0.0,0.0,11.738348
1298,ODH_charity_0616:row:1298,7513,O=C1CC[C@@](O1)(C(=O)Oc2ccccc2)c3ccccc3,ODH,10.9,0.75,8.175,train,0.0,0.0,5.9029694
4911,ODH_charity_0616:row:4911,25539,Cc1cccc(c1)C2=CC[C@@]3(C)COc4cccc2c34,ODH,9.3,0.5,4.65,train,0.0,0.0,5.749526
3791,ODH_charity_0616:row:3791,21012,CC(C)(C)OC(=O)[C@@](C)(N)C\C=C\c1cccc(F)c1,ODH,4.4,0.5,2.2,train,0.0,0.0,6.848078
1393,ODH_charity_0616:row:1393,8032,CC1(C)OC[C@H](CO)Oc2ccc(OCc3ccccc3)cc12,ODH,11.3,1.0,11.3,train,0.0,0.0,6.1561427
1777,ODH_charity_0616:row:1777,9980,CN(CC[C@H](O)c1ccccc1)Cc2ccccc2,ODH,13.17,0.8,10.536,train,0.0,0.0,3.9364774
1460,ODH_charity_0616:row:1460,8375,Oc1ccccc1[C@H](OC2CCCC2)c3ccccc3,ODH,12.6,0.5,6.3,train,0.0,0.0,4.312664
3243,ODH_charity_0616:row:3243,18141,C[C@@]1(CC#Cc2ccc(cc2)C#N)CN(Cc3ccccc3)C(=O)c4ccccc14,ODH,28.5,1.0,28.5,train,0.0,0.0,7.7661347
1542,ODH_charity_0616:row:1542,8749,FC(F)(F)[C@]1(CC(=C)C(=O)OCc2ccccc2)C=C(c3ccccc3)c4ccccc14,ODH,11.25,0.5,5.625,train,0.0,0.0,8.599453
2183,ODH_charity_0616:row:2183,12063,OC[C@H]1COC2(CCCC2)c3ccccc3O1,ODH,15.6,1.0,15.6,train,0.0,0.0,3.954066
1100,ODH_charity_0616:row:1100,6561,CCCC[C@]1(COc2ccccc12)CC3CC3,ODH,10.5,0.5,5.25,train,0.0,0.0,4.5095825
2241,ODH_charity_0616:row:2241,12318,OC[C@@H]1COc2ccccc2O1,ODH,15.93,1.0,15.93,train,0.0,0.0,2.5725362
265,ODH_charity_0616:row:265,1505,CCC[C@H]1N[S](=O)(=O)Oc2ccccc12,ODH,9.9,0.8,7.92,train,0.0,0.0,4.9373145
1547,ODH_charity_0616:row:1547,8758,Cc1ccccc1[C@H]2CCc3ccccc3N2,ODH,11.94,1.0,11.94,train,0.0,0.0,4.020477
4180,ODH_charity_0616:row:4180,22653,COC(=O)C[C@@H](O)c1ccc(OC)cc1,ODH,62.3,0.5,31.15,train,0.0,0.0,2.6778915
4272,ODH_charity_0616:row:4272,23041,CCOC(=O)[C@@H](F)\C=C\c1ccccc1,ODH,7.4,1.0,7.4,train,0.0,0.067222156,2.7550673
1030,ODH_charity_0616:row:1030,6045,COc1ccc(NC[C@@H]2CCc3ccccc3N2)cc1,ODH,33.5,1.0,33.5,train,0.0,0.0,4.462265
115,ODH_charity_0616:row:115,645,Fc1ccc(cc1)[C@@H]2CCc3cc(Br)ccc3N2,ODH,7.2,0.8,5.76,train,0.0,0.0,4.7044263
463,ODH_charity_0616:row:463,2543,CC(C)OC(=O)[C@H](CC=O)Cc1ccccc1,ODH,11.7,1.0,11.7,train,0.0,0.0,3.1518676
4887,ODH_charity_0616:row:4887,25457,COC(=O)C(=C)C[C@]1(C=C(c2ccccc2)c3ccccc13)C(F)(F)F,ODH,8.88,0.5,4.44,train,0.0,0.0,7.9703865
402,ODH_charity_0616:row:402,2178,COc1ccccc1[C@H](O)C[N+]([O-])=O,ODH,11.8,1.2,14.16,train,0.0,0.0,3.0126872
2750,ODH_charity_0616:row:2750,15200,O[C@@H]/1CCCC1=C/c2ccccc2,ODH,19.0,0.8,15.2,train,0.0,0.0,2.6915498
64,ODH_charity_0616:row:64,422,CC1(C)CN(C(=S)Nc2ccc(Cl)cc2)[C@@](C)(C1)c3ccccc3,ODH,8.23,1.0,8.23,train,0.0,0.0,12.37027
4792,ODH_charity_0616:row:4792,25091,C[C@H](N[S](=O)(=O)C(C)(C)C)c1ccccc1Cl,ODH,9.3,1.0,9.3,train,0.0,0.0,6.8057246
1620,ODH_charity_0616:row:1620,9216,OC[C@H](CCl)OCCOC(=O)c1ccccc1,ODH,11.3,1.0,11.3,train,0.0,0.0,3.2760892
940,ODH_charity_0616:row:940,5265,COC(=O)C[C@@H](C#N)c1ccc(OC)cc1,ODH,22.5,1.0,22.5,train,0.0,0.0,2.964405
2164,ODH_charity_0616:row:2164,11967,CC1(C)CC(=O)N(CCCC[C@@]2(CI)COc3ccccc23)C(=O)C1,ODH,15.5,0.8,12.4,train,0.0,0.0,7.5769706
3614,ODH_charity_0616:row:3614,20103,COC(=O)[C@@H](O)c1cccc(Cl)c1,ODH,4.2,2.0,8.4,train,0.0,0.0,2.7887692
1947,ODH_charity_0616:row:1947,10835,Cc1cc2OC[C@@](C)(CN=[N+]=[N-])c2cc1C,ODH,14.2,0.5,7.1,train,0.0,0.0,6.3320327
12,ODH_charity_0616:row:12,125,C[C@]1(CC2(CCCCC2)CN1C(=S)Nc3cc(cc(c3)C(F)(F)F)C(F)(F)F)c4ccccc4,ODH,9.87,1.0,9.87,train,0.0,0.0,11.928935
4264,ODH_charity_0616:row:4264,22999,O[C@@H]/1CCCC1=C/c2ccc(Cl)cc2,ODH,6.6,1.0,6.6,train,0.0,0.0,3.1100905
3793,ODH_charity_0616:row:3793,21014,CC(C)(C)OC(=O)[C@@](C)(N)C\C=C\c1cccc(F)c1,ODH,4.4,0.5,2.2,train,0.0,0.0,6.827862
2959,ODH_charity_0616:row:2959,16340,CC(C)[C@H](\C=C\C(=O)Oc1ccc(F)cc1)N2C(=O)C3CC=CCC3C2=O,ODH,22.9,0.8,18.32,train,0.0,0.0,7.8035803
3454,ODH_charity_0616:row:3454,19177,C[C@@]1(COc2ccccc12)CC#Cc3ccc(C=O)cc3,ODH,35.5,0.5,17.75,train,0.0,0.0,4.54289
4589,ODH_charity_0616:row:4589,24319,Cc1ccccc1O[C@H](C(=O)OCc2ccccc2)c3ccccc3,ODH,18.2,1.0,18.2,train,0.0,0.0,5.1398005
955,ODH_charity_0616:row:955,5375,Cc1ccccc1[C@H](N)c2ccccc2O,ODH,14.19,0.7,9.933,train,0.0,0.0,4.6184907
2415,ODH_charity_0616:row:2415,13301,O[C@@H](COC(=O)c1ccccc1)c2ccccc2,ODH,15.4,0.8,12.32,train,0.0,0.011346393,3.8882363
2904,ODH_charity_0616:row:2904,16017,O[C@@H]/1CCCC1=C/c2cccc(F)c2,ODH,20.1,0.5,10.05,train,0.0,0.0,2.6345084
4858,ODH_charity_0616:row:4858,25316,C[C@@](C/C=C/C=C/c1cccc(Cl)c1)(C=O)c2ccccc2,ODH,10.923,1.0,10.923,train,0.0,0.0,4.478363
3662,ODH_charity_0616:row:3662,20351,O[C@@H](c1ccccc1)c2ccccc2Cl,ODH,32.22,1.0,32.22,train,0.0,0.0,3.2959943
4302,ODH_charity_0616:row:4302,23161,C[C@@](C\C=C\C=C\c1ccccc1)(C=O)c2ccccc2,ODH,8.531,1.0,8.531,train,0.0,0.0,4.805757
1941,ODH_charity_0616:row:1941,10784,Cc1ccccc1[C@]2(CC#C)CC(=C)OC2=O,ODH,15.04,1.0,15.04,train,0.0,0.0,4.9708686
991,ODH_charity_0616:row:991,5769,O=C(C[C@@H]1CCOc2ccccc12)Nc3ccccc3,ODH,38.6,1.0,38.6,train,0.0,0.0,4.5678954
706,ODH_charity_0616:row:706,4067,O=C1CCC[C@@]12[C@H](COc3ccccc23)Sc4ccccc4,ODH,14.14,1.0,14.14,train,0.0,0.0,6.1011314
3379,ODH_charity_0616:row:3379,18786,[O-][N+](=O)C[C@H](c1ccccc1)c2ccc(F)cc2,ODH,17.8,1.5,26.7,train,0.0,0.0,4.203453
3945,ODH_charity_0616:row:3945,21624,FCCCCC[C@@]1(CI)COc2ccccc12,ODH,56.2,0.75,42.15,train,0.0,0.0,3.8623724
42,ODH_charity_0616:row:42,305,CCOC(=O)[C@H](CC=O)C(C)C,ODH,11.4,1.0,11.4,train,0.0,0.0,2.4413626
4296,ODH_charity_0616:row:4296,23136,CCCCc1oc(C)c2Cc3ccccc3N4CCOC[C@@H]4c12,ODH,7.5,0.6,4.5,train,0.0,0.0,6.520816
4831,ODH_charity_0616:row:4831,25217,O[C@H](c1cccc(F)c1)C(=O)c2cccc(F)c2,ODH,11.69,1.0,11.69,train,0.0,0.0,4.648873
1658,ODH_charity_0616:row:1658,9399,CC(=C)[C@H]1CNc2ccccc2O1,ODH,11.949,0.5,5.9745,train,0.0,0.0,3.482537
4551,ODH_charity_0616:row:4551,24137,Cc1ccc2O[C@H]3OCC[C@H]3c2c1,ODH,8.0,1.0,8.0,train,0.0,0.0,3.1733446
3041,ODH_charity_0616:row:3041,16891,O=C1OC[C@]2(CC=CCN12)c3ccccc3,ODH,25.7,0.8,20.56,train,0.0,0.0,4.467219
1242,ODH_charity_0616:row:1242,7258,COC(=O)[C@@H](O)c1ccc2ccccc2c1,ODH,10.6,2.0,21.2,train,0.0,0.0,3.9087775
2146,ODH_charity_0616:row:2146,11804,OC[C@H](CCl)c1ccccc1,ODH,14.3,1.0,14.3,train,0.0,0.23923866,2.285645
729,ODH_charity_0616:row:729,4163,CCC[C@@H]1Cc2ccccc2N[C@H]1c3ccccc3,ODH,19.4,0.5,9.7,train,0.0,0.0,5.249063
4229,ODH_charity_0616:row:4229,22858,CCOC(=O)[C@@H](Oc1ccccc1)c2ccccc2,ODH,15.4,1.0,15.4,train,0.0,0.001979274,3.9077208
4356,ODH_charity_0616:row:4356,23432,C[C@@H](N[S](=O)(=O)C(C)(C)C)c1ccc(C)cc1,ODH,6.6,1.0,6.6,train,0.0,0.0,7.201561
1115,ODH_charity_0616:row:1115,6611,CCCCC[C@@]1(CI)COc2cc(ccc12)C(=O)N3CCCCC3,ODH,8.9,0.8,7.12,train,0.0,0.0,6.4012756
2559,ODH_charity_0616:row:2559,14054,CC(C)(C)OC(=O)[C@@](N)(C\C=C\c1ccccc1)Cc2ccccc2,ODH,11.9,0.5,5.95,train,0.0,0.0,9.929691
2454,ODH_charity_0616:row:2454,13571,Cc1cccc(c1)[C@H](O)C(O)=O,ODH,9.34,0.8,7.472,train,0.0,0.0,2.4619389
4028,ODH_charity_0616:row:4028,22006,CCCC(=O)O\C(c1ccccc1)=C\2[C@H]([C@H](C)C=C2c3ccccc3)c4ccccc4Cl,ODH,7.4,0.7,5.18,train,0.0,0.0,8.518941
1880,ODH_charity_0616:row:1880,10494,CCOC(=O)C1=C(C)OC(=O)C[C@@H]1c2ccccc2C,ODH,13.8,0.7,9.66,train,0.0,0.0,4.9373713
850,ODH_charity_0616:row:850,4852,CC(C)=CCC[C@H]1CCc2ccccc2N1,ODH,18.0,0.5,9.0,train,0.0,0.0,4.4719872
3074,ODH_charity_0616:row:3074,17114,O[C@@H]1CCOc2ccccc12,ODH,29.406,0.5,14.703,train,0.0,0.0,2.4198263
3420,ODH_charity_0616:row:3420,19019,CCOC(=O)[C@@]1(OC(=O)c2cc3ccccc3n12)c4ccccc4,ODH,38.3,0.3,11.49,train,0.0,0.0,7.5920167
4049,ODH_charity_0616:row:4049,22084,Cc1ccc(cc1)c2oc(C)c3Cc4ccccc4N5CCOC[C@H]5c23,ODH,7.7,0.8,6.16,train,0.0,0.0,8.935995
2878,ODH_charity_0616:row:2878,15896,CCOC(=O)[C@]1(N[S](=O)(=O)c2ccc(cc12)C(C)(C)C)C#Cc3ccccc3,ODH,21.8,0.5,10.9,train,0.0,0.0,13.234695
86,ODH_charity_0616:row:86,485,CCCCCC[C@@H](C)c1cc2cc(ccc2n1c3ccc(cn3)c4cc(cc(c4)C(F)(F)F)C(F)(F)F)c5ccc(cc5)C(F)(F)F,ODH,13.6,0.6,8.16,train,0.0,0.0,14.93737
1774,ODH_charity_0616:row:1774,9975,N[C@H](C(=[N+]=[N-])C(=O)c1ccc(Cl)c(Cl)c1)C(F)(F)F,ODH,11.735,1.0,11.735,train,0.0,0.0,4.8374553
437,ODH_charity_0616:row:437,2393,CCC(CC)(NC(=O)C[C@@H](C)c1ccc(cc1)C(C)=O)c2ccccn2,ODH,12.5,0.8,10.0,train,0.0,0.0,8.375744
4800,ODH_charity_0616:row:4800,25118,C[C@H](C#Cc1ccccc1)c2ccccc2Br,ODH,9.32,0.7,6.524,train,0.0,0.0,3.6459262
4045,ODH_charity_0616:row:4045,22078,CCCC(=O)O\C(c1ccccc1)=C\2[C@H]([C@H](C)C=C2c3ccccc3)c4ccc(F)cc4,ODH,7.2,0.7,5.04,train,0.0,0.0,7.858844
4337,ODH_charity_0616:row:4337,23318,O[C@@H](CCC(=O)Nc1ccccc1)c2ccccc2,ODH,7.69,0.8,6.152,train,0.0,0.0,4.8165317
1255,ODH_charity_0616:row:1255,7300,N[C@@H](C(=[N+]=[N-])C(=O)c1ccc(OC(F)(F)F)cc1)C(F)(F)F,ODH,10.668,1.0,10.668,train,0.0,0.0,5.4400444
2437,ODH_charity_0616:row:2437,13433,COc1ccccc1[C@H](O)C(O)=O,ODH,14.26,0.8,11.408,train,0.0,0.0,2.8402207
182,ODH_charity_0616:row:182,1029,O=[S@](c1ccccn1)c2ccccc2C#Cc3ccccc3,ODH,8.5,1.0,8.5,train,0.0,0.0,6.8483763
1389,ODH_charity_0616:row:1389,8011,CCCCCC[C@@H]1Nc2ccccc2C[C@H]1N3C(=O)c4ccccc4C3=O,ODH,11.3,0.7,7.91,train,0.0,0.0,9.041165
1683,ODH_charity_0616:row:1683,9497,CC[C@H](C#CCCO)c1ccccc1,ODH,12.69,0.7,8.883,train,0.0,0.39916536,2.6710742
1730,ODH_charity_0616:row:1730,9700,Cc1ccc(cc1)[S](=O)(=O)N2C[C@@H](CO)Oc3ccccc23,ODH,12.873,1.0,12.873,train,0.0,0.0,6.7172356
1949,ODH_charity_0616:row:1949,10839,CCOC(=O)[C@]1(CC=C)N[S](=O)(=O)c2ccc(cc12)C(C)(C)C,ODH,14.2,0.8,11.36,train,0.0,0.0,11.259858
4608,ODH_charity_0616:row:4608,24395,COC(=O)[C@@]1(CCCC1=O)[C@H](C[N+]([O-])=O)c2ccccc2Br,ODH,10.49,1.0,10.49,train,0.0,0.0,5.867109
2584,ODH_charity_0616:row:2584,14150,O=C1N(C[C@@H]2COC3(CCC3)c4ccccc4O2)C(=O)c5ccccc15,ODH,25.3,1.0,25.3,train,0.0,0.0,7.43726
4619,ODH_charity_0616:row:4619,24418,C=CCN1C(=O)OC[C@]1(CC=C)c2ccccc2,ODH,17.5,1.0,17.5,train,0.0,0.0,5.11289
4418,ODH_charity_0616:row:4418,23694,C[C@@H](CNC(C)=O)c1ccccc1,ODH,58.2,0.8,46.56,train,0.0,0.013072985,2.4091804
2856,ODH_charity_0616:row:2856,15814,Cc1ccc2O[C@@H](Cc3ccccc3)C(=O)N(Cc4ccccc4)c2c1,ODH,16.1,0.5,8.05,train,0.0,0.0,6.1982307
1069,ODH_charity_0616:row:1069,6255,O[C@H](CCCC(=O)Nc1ccccc1)C2CCCCC2,ODH,42.4,0.7,29.68,train,0.0,0.0,3.7362492
3481,ODH_charity_0616:row:3481,19282,CCCCC1=C[C@H]([C@@H]2[C@@H](C(=O)OC2=O)/C1=C/c3ccccc3)c4ccccc4,ODH,13.4,1.0,13.4,train,0.0,0.0,8.866762
4001,ODH_charity_0616:row:4001,21908,CC(=C)[C@@H]1CN(C(=C1)C2=CCCCC2)[S](=O)(=O)c3ccc(C)cc3,ODH,5.69,0.8,4.552,train,0.0,0.0,8.556127
3875,ODH_charity_0616:row:3875,21302,C[C@@H](\C=C\c1ccccc1Cl)[C@](C)(N)C(=O)OC(C)(C)C,ODH,4.9,1.0,4.9,train,0.0,0.0,10.729757
1943,ODH_charity_0616:row:1943,10797,COc1ccc(cc1)[C@H](C=C)[C@@H](O)c2ccc(cc2)[N+]([O-])=O,ODH,17.0,1.0,17.0,train,0.0,0.0,5.638521
4138,ODH_charity_0616:row:4138,22408,C[C@@H](C#Cc1ccccc1)c2ccc(c(F)c2)c3ccccc3,ODH,7.42,0.7,5.194,train,0.0,0.0,4.759336
4531,ODH_charity_0616:row:4531,24075,CC(C)(C)OC(=O)N1OCC[C@@H]1Cc2ccccc2F,ODH,7.007,0.8,5.6056,train,0.0,0.0,7.4355316
3408,ODH_charity_0616:row:3408,18905,C[C@@H]1O[C@@]1(Cn2cncn2)c3ccc(F)cc3F,ODH,24.68,1.0,24.68,train,0.0,0.0,5.3069553
3643,ODH_charity_0616:row:3643,20249,C[Si]1(C)OC2=C([C@@H]3[C@H]([C@H](C2)c4ccccc4)C(=O)c5ccccc5C3=O)c6ccccc16,ODH,6.13,1.0,6.13,train,0.0,0.0,16.057045
3049,ODH_charity_0616:row:3049,16957,CCOC(=O)C[C@H]1[C@@H](c2ccc(OC)cc2)c3cc(oc3N(C1=O)[S](=O)(=O)c4ccc(C)cc4)c5ccccc5,ODH,27.0,0.5,13.5,train,0.0,0.0,13.514577
3504,ODH_charity_0616:row:3504,19463,O=C1O[C@@](n2c1cc3ccccc23)(C(=O)OCc4ccccc4)c5ccccc5,ODH,34.8,0.3,10.44,train,0.0,0.0,9.372044
4344,ODH_charity_0616:row:4344,23361,CCC[C@H]1Cc2ccccc2N1,ODH,7.7,1.0,7.7,train,0.0,0.0,2.739495
2443,ODH_charity_0616:row:2443,13504,CC[C@](N)(C\C=C\c1ccccc1)C(=O)OC(C)(C)C,ODH,7.6,1.0,7.6,train,0.0,0.0,8.161137
2700,ODH_charity_0616:row:2700,14917,C[C@H]1C[C@@H](O)c2cc(C)ccc2O1,ODH,23.689,0.5,11.8445,train,0.0,0.0,3.0385973
2899,ODH_charity_0616:row:2899,15972,CC(C)(C)[Si](C)(C)Oc1ccc(c(O)c1)[C@](C)(c2ccccc2)c3c[nH]c4ccccc34,ODH,22.0,1.0,22.0,train,0.0,0.0,28.030243
4806,ODH_charity_0616:row:4806,25134,CCC[C@H](Nc1ccc2[nH]ccc2c1)C=C,ODH,9.37,2.0,18.74,train,0.0,0.0,3.8669806
1956,ODH_charity_0616:row:1956,10909,CC1(C)[C@H](CCC1=O)c2cccc(F)c2,ODH,12.95,1.0,12.95,train,0.0,0.0,3.9500036
293,ODH_charity_0616:row:293,1667,CC[C@H]1N[S](=O)(=O)Oc2ccccc12,ODH,10.4,0.8,8.32,train,0.0,0.0,4.6715255
2525,ODH_charity_0616:row:2525,13891,Cc1ccc(cc1)[C@H]2C=Cc3ccccc3N2[S](C)(=O)=O,ODH,19.9,0.5,9.95,train,0.0,0.0,6.3997626
739,ODH_charity_0616:row:739,4208,CC(=O)C[C@H]1CCC(C)(C)CN1C(=O)OCc2ccccc2,ODH,21.1,0.5,10.55,train,0.0,0.0,5.45906
3450,ODH_charity_0616:row:3450,19155,CCC[C@H]1CC(=O)N(Cc2ccccc2)C1=O,ODH,31.2,0.5,15.6,train,0.0,0.0,3.760328
3370,ODH_charity_0616:row:3370,18741,CCCCC[C@@H](C=C)c1c[nH]c2cc(OC)ccc12,ODH,30.8,1.0,30.8,train,0.0,0.0,4.4442606
2556,ODH_charity_0616:row:2556,14045,O[C@@H]1CCCC[C@H]1Nc2ccc(Br)cc2,ODH,18.47,1.0,18.47,train,0.0,0.0,3.2055573
4642,ODH_charity_0616:row:4642,24492,N#CC1=C(O[C@H]2C=CCC[C@@H]12)c3ccccc3,ODH,9.493,0.8,7.5944,train,0.0,0.0,4.6867585
2064,ODH_charity_0616:row:2064,11457,COC(=O)[C@@H]1Cc2ccccc2CO1,ODH,14.9,1.0,14.9,train,0.0,0.0,3.218408
1213,ODH_charity_0616:row:1213,7146,CC[C@@]1(N(c2ccc(C)cc2C1=C)[S](=O)(=O)C(F)(F)F)c3ccc(OC)cc3,ODH,9.78,0.6,5.868,train,0.0,0.0,15.333712
610,ODH_charity_0616:row:610,3515,CCCC[C@@H](/C=C/c1cccnc1)C#N,ODH,25.52,1.0,25.52,train,0.0,0.14202875,3.1083908
3920,ODH_charity_0616:row:3920,21502,FCCCCC[C@]1(CI)COc2ccccc12,ODH,52.7,0.75,39.525,train,0.0,0.0,3.8756769
2871,ODH_charity_0616:row:2871,15869,CC#CCN(C\C=C\[C@@H]1[C@H](C(C)C)N1[S](=O)(=O)c2ccc(C)cc2)[S](=O)(=O)c3ccc(C)cc3,ODH,21.78,0.8,17.424,train,0.0,0.0,14.16081
3845,ODH_charity_0616:row:3845,21205,CCOC(=O)[C@H](O)c1ccccc1,ODH,4.15,2.0,8.3,train,0.0,0.0,2.6074862
2621,ODH_charity_0616:row:2621,14307,COc1ccc(cc1)C#CC[C@]2(C)COc3ccccc23,ODH,18.9,0.5,9.45,train,0.0,0.0,4.554287
535,ODH_charity_0616:row:535,3158,COc1ccc(cc1OC)[C@H]2CC(=O)N2C(C)(C)c3ccccn3,ODH,23.8,1.0,23.8,train,0.0,0.0,10.839372
723,ODH_charity_0616:row:723,4147,CC(C)CC(=O)C[C@@H]1CCCCN1C(=O)OCc2ccccc2,ODH,19.4,0.5,9.7,train,0.0,0.0,4.9173894
4513,ODH_charity_0616:row:4513,24014,Cc1[nH]c(cc1)[C@@](C)(c2ccc(O)cc2)c3cc(C)cc(C)c3,ODH,8.3,1.0,8.3,train,0.0,0.0,10.253773
914,ODH_charity_0616:row:914,5141,CC(C)(NC(=O)C[C@H]1CCOc2ccccc12)c3ccccn3,ODH,25.9,0.55,14.245,train,0.0,0.0,6.538519
966,ODH_charity_0616:row:966,5548,COc1cccc(c1)[C@H](O)CC[N+]([O-])=O,ODH,30.0,1.0,30.0,train,0.0,0.0,3.2091718
2469,ODH_charity_0616:row:2469,13655,O[C@@]1([C@H](C=C)c2ccccc2)C(=O)N(Cc3cccc4ccccc34)c5cc(Cl)ccc15,ODH,12.462,1.0,12.462,train,0.0,0.0,9.951914
4604,ODH_charity_0616:row:4604,24362,COC(=O)[C@@]1(CCCC1=O)[C@H](C[N+]([O-])=O)c2ccccc2,ODH,12.77,1.0,12.77,train,0.0,0.0,6.015881
1992,ODH_charity_0616:row:1992,11076,O[C@@H]([C@H](C=C)c1ccccc1)[C@@](O)(CC=C)c2ccccc2,ODH,22.8,0.5,11.4,train,0.0,0.0,5.9545054
4241,ODH_charity_0616:row:4241,22909,C[C@](C/C=C/C=C/c1ccc(F)cc1)(C=O)c2ccccc2,ODH,7.212,1.0,7.212,train,0.0,0.0,4.829969
373,ODH_charity_0616:row:373,2011,O[C@@H]1CCCCc2cc(Cl)ccc12,ODH,13.3,1.0,13.3,train,0.0,0.0,2.7522457
654,ODH_charity_0616:row:654,3764,O[C@H]1C[C@@H](N(O1)C(=O)OCc2ccccc2)c3ccccc3,ODH,19.3,1.0,19.3,train,0.0,0.0,5.165727
4932,ODH_charity_0616:row:4932,25639,OC[C@@H](O)c1cccc2ccccc12,ODH,13.6,0.5,6.8,train,0.0,0.0,4.082579
36,ODH_charity_0616:row:36,252,CC1(C)CN(C(=S)Nc2ccc(cc2)C(F)(F)F)[C@@](C)(C1)c3ccccc3,ODH,7.83,1.0,7.83,train,0.0,0.0,14.121725
3140,ODH_charity_0616:row:3140,17585,C[C@@]1(COc2ccccc12)CC#Cc3ccccc3[N+]([O-])=O,ODH,27.3,0.5,13.65,train,0.0,0.0,5.085391
2052,ODH_charity_0616:row:2052,11433,COc1ccc(cc1)[C@@H](O)CCN(C)Cc2ccccc2,ODH,14.84,1.0,14.84,train,0.0,0.0,4.262124
3756,ODH_charity_0616:row:3756,20871,COC(=O)[C@H](CN(Cc1ccccc1)Cc2ccccc2)CC(=O)OCc3ccccc3,ODH,49.8,0.5,24.9,train,0.0,0.0,6.388602
130,ODH_charity_0616:row:130,730,CC(C)OC(=O)C[C@@H](B1OC(C)(C)C(C)(C)O1)c2ccccc2,ODH,7.5,0.5,3.75,train,0.0,0.0,14.977196
1116,ODH_charity_0616:row:1116,6612,CCCCC[C@]1(CI)COc2cc(ccc12)C(=O)N3CCCCC3,ODH,10.0,0.8,8.0,train,0.0,0.0,6.4358764
1708,ODH_charity_0616:row:1708,9628,C[C@@H]1[C@H](F)c2ccccc2CN1C(=O)c3ccc(Br)cc3,ODH,14.3,0.8,11.44,train,0.0,0.0,5.801664
812,ODH_charity_0616:row:812,4662,C[C@@H]1Cc2ccccc2N[C@H]1c3ccccc3,ODH,22.1,0.5,11.05,train,0.0,0.0,4.6886277
2409,ODH_charity_0616:row:2409,13275,CC[C@@](C\C=C\C=C\c1ccccc1)(C=O)c2ccccc2,ODH,15.719,0.8,12.5752,train,0.0,0.0,4.4865894
122,ODH_charity_0616:row:122,702,COC(=O)C[C@@H](B1OC(C)(C)C(C)(C)O1)c2ccccc2F,ODH,7.4,0.5,3.7,train,0.0,0.0,11.866131
4507,ODH_charity_0616:row:4507,23994,COc1ccc(cc1)[C@@H]2N[C@H](Cc3ccccc23)c4ccccc4,ODH,8.3,0.8,6.64,train,0.0,0.0,5.9158425
1726,ODH_charity_0616:row:1726,9692,COC(=O)c1ccc(cc1)[C@@](C)(C=O)C2CCCCC2,ODH,12.86,0.6,7.716,train,0.0,0.0,4.3392324
4435,ODH_charity_0616:row:4435,23728,COC(=O)N1C(=O)[C@@](Cc2ccccc2)([C@H](C=C)c3ccccc3)c4ccccc14,ODH,6.7,1.0,6.7,train,0.0,0.0,9.04655
4963,ODH_charity_0616:row:4963,25826,CCOC(=O)[C@]1(N[S](=O)(=O)c2ccccc12)C#Cc3ccc(cc3)C#N,ODH,90.0,0.5,45.0,train,0.0,0.0,8.167543
2626,ODH_charity_0616:row:2626,14368,O[C@H](COC(=O)c1cccc2ccccc12)c3ccccc3,ODH,19.0,0.8,15.2,train,0.0,0.0,5.523483
1798,ODH_charity_0616:row:1798,10039,COC(=O)C1=C(C)OC(=O)C[C@H]1c2ccccc2,ODH,13.2,0.7,9.24,train,0.0,0.0,4.1597853
3606,ODH_charity_0616:row:3606,20057,CCc1cccc(\C=C\[C@@H](C)C#Cc2ccc(cc2)C#N)c1,ODH,39.9,0.2,7.98,train,0.0,0.0,4.724343
3530,ODH_charity_0616:row:3530,19663,Cc1cc2OC[C@@](C)(Cn3cc(C)c4ccccc34)c2cc1C,ODH,36.6,0.5,18.3,train,0.0,0.0,11.322471
1870,ODH_charity_0616:row:1870,10430,COC(=O)[C@H](Cc1ccc(cc1)C(C)(C)C)NC(=O)c2ccccc2OC,ODH,13.7,0.8,10.96,train,0.0,0.0,10.292189
3277,ODH_charity_0616:row:3277,18279,OC[C@@H](O)c1ccc(Br)cc1,ODH,31.6,0.9,28.44,train,0.0,0.22295816,2.2743852
4484,ODH_charity_0616:row:4484,23919,CC(C)[C@@]1(COc2ccccc12)CC3=CCCC3,ODH,7.7,0.5,3.85,train,0.0,0.0,6.7253265
801,ODH_charity_0616:row:801,4623,CCOC(=O)C[C@@H](Sc1ccccc1)c2ccccc2OC,ODH,17.2,1.0,17.2,train,0.0,0.0,4.4190598
4014,ODH_charity_0616:row:4014,21966,COC(=O)[C@H](O)c1ccc(Cl)cc1,ODH,5.8,2.0,11.6,train,0.0,0.0,2.6761613
3087,ODH_charity_0616:row:3087,17183,CC(=O)[C@](O)(Cn1cncn1)c2cc(F)ccc2F,ODH,25.11,1.0,25.11,train,0.0,0.0,5.123725
3541,ODH_charity_0616:row:3541,19724,CCOC(=O)[C@]1(N[S](=O)(=O)c2c(Cl)cccc12)C#Cc3ccccc3,ODH,37.0,0.5,18.5,train,0.0,0.0,7.5791388
2368,ODH_charity_0616:row:2368,13099,C[C@@H](C=C)n1ccc2ccccc12,ODH,17.0,0.5,8.5,train,0.0,0.0,3.8372025
4853,ODH_charity_0616:row:4853,25298,CC1(C)OB(OC1(C)C)[C@H](Cc2cccc(F)c2)N3CCOC3=O,ODH,9.5,1.0,9.5,train,0.0,0.0,11.497635
232,ODH_charity_0616:row:232,1333,FC(F)(F)c1cc(NC(=O)N2CC3(CCCC3)C[C@]2(CN=[N+]=[N-])c4ccccc4)cc(c1)C(F)(F)F,ODH,9.35,0.8,7.48,train,0.0,0.0,9.606419
2747,ODH_charity_0616:row:2747,15184,CC(C)(C)OC(=O)[C@](C)(N)C\C=C\c1ccc(cc1)[N+]([O-])=O,ODH,20.5,0.5,10.25,train,0.0,0.0,6.8286524
3021,ODH_charity_0616:row:3021,16770,O[C@@]1([C@H](C=C)c2ccccc2)C(=O)N(Cc3cccc4ccccc34)c5cccc(F)c15,ODH,23.997,1.0,23.997,train,0.0,0.0,10.3560095
4220,ODH_charity_0616:row:4220,22819,C[C@H](C#Cc1ccccc1)c2ccc3Oc4ncccc4Cc3c2,ODH,7.13,1.0,7.13,train,0.0,0.0,6.6409826
1923,ODH_charity_0616:row:1923,10675,O[C@H]/1CCCC1=C/c2cccc(Br)c2,ODH,14.0,1.0,14.0,train,0.0,0.0,2.8682384
3828,ODH_charity_0616:row:3828,21152,Clc1ccc2sc(SC[C@H](CN(CC=C)C(c3ccccc3)c4ccccc4)OCc5ccccc5)nc2c1,ODH,5.6,1.0,5.6,train,0.0,0.0,11.583637
3431,ODH_charity_0616:row:3431,19082,CCCC[C@@H]1CC(=O)N=C(S1)c2ccccc2,ODH,38.4,0.5,19.2,train,0.0,0.0,3.6162028
1849,ODH_charity_0616:row:1849,10349,CC(C)OC(=O)[C@](C)(N)C\C=C\c1ccccc1,ODH,13.6,1.0,13.6,train,0.0,0.0,4.7864046
1162,ODH_charity_0616:row:1162,6916,Brc1cccc(c1)[C@]2(CCC(=O)O2)C(=O)OC(c3ccccc3)c4ccccc4,ODH,27.7,0.75,20.775,train,0.0,0.0,8.749713
784,ODH_charity_0616:row:784,4463,CC(C)(NC(=O)C[C@@H](CCc1ccccc1)c2ccc(F)cc2)c3ccccn3,ODH,21.0,0.5,10.5,train,0.0,0.0,7.1109076
539,ODH_charity_0616:row:539,3209,C[C@@H]1CCc2ccccc2[C@@H]1O,ODH,16.0,1.0,16.0,train,0.0,0.0,2.7718866
3761,ODH_charity_0616:row:3761,20879,C1CC(=N[C@H]1Cc2ccccc2)c3ccccc3,ODH,11.8,1.0,11.8,train,0.0,0.0,4.312347
1196,ODH_charity_0616:row:1196,7074,C=C[C@H]1CC(=C(O1)c2cscc2)C#N,ODH,12.018,1.0,12.018,train,0.0,0.0,3.1252341
3102,ODH_charity_0616:row:3102,17248,C[C@@H](COC=O)c1ccccc1C,ODH,25.3,0.5,12.65,train,0.0,0.0,2.2599595
588,ODH_charity_0616:row:588,3411,Cc1cccc(c1)[C@@H](N)c2ccccc2O,ODH,15.82,0.7,11.074,train,0.0,0.0,4.5549755
896,ODH_charity_0616:row:896,5064,COC(OC)[C@@H](NC(C)=O)c1ccccc1,ODH,20.0,0.8,16.0,train,0.0,0.0,3.8388515
2928,ODH_charity_0616:row:2928,16151,CC(C)OC(=O)[C@]1(N[S](=O)(=O)c2ccccc12)C#Cc3ccccc3,ODH,22.4,0.5,11.2,train,0.0,0.0,7.5823255
442,ODH_charity_0616:row:442,2402,CCOC(=O)[C@@H]1COc2ccccc2O1,ODH,12.5,1.0,12.5,train,0.0,0.0,3.0583694
3700,ODH_charity_0616:row:3700,20563,Cc1ccc(cc1)[C@H](C[N+]([O-])=O)c2ccccc2Cl,ODH,14.7,1.5,22.05,train,0.0,0.0,4.514446
3610,ODH_charity_0616:row:3610,20093,COc1ccc(cc1)[C@@H]2N(C)CCc3ccccc23,ODH,4.1,1.0,4.1,train,0.0,0.0,5.337478
3547,ODH_charity_0616:row:3547,19759,O[C@H]/1CCCC1=C/c2cccc(c2)C(F)(F)F,ODH,37.3,0.5,18.65,train,0.0,0.0,3.4491286
4400,ODH_charity_0616:row:4400,23626,O[C@@H]/1CCC1=C/c2ccc3ccccc3c2,ODH,67.507,0.8,54.0056,train,0.0,0.0,3.3919206
2217,ODH_charity_0616:row:2217,12219,Cc1ccc([C@@H](C=C)[C@@]2(O)C(=O)N(Cc3cccc4ccccc34)c5ccccc25)c(C)c1,ODH,13.708,1.0,13.708,train,0.0,0.0,13.467395
1361,ODH_charity_0616:row:1361,7843,COc1ccc(cc1)[C@@H]2C[C@@H](Oc3ccc(Br)cc23)Sc4ccccc4,ODH,9.9,1.0,9.9,train,0.0,0.0,6.358113
4582,ODH_charity_0616:row:4582,24283,COC(=O)[C@@H](OCC=C)c1ccccc1,ODH,8.58,1.0,8.58,train,0.0,0.0,2.831925
1466,ODH_charity_0616:row:1466,8394,CC(=O)C[C@H](c1ccccc1)c2ccc(C)cc2,ODH,13.6,1.0,13.6,train,0.0,0.0,3.8658268
3563,ODH_charity_0616:row:3563,19865,CCCCC[C@@H](C=C)c1c[nH]c2ccc(cc12)c3ccccc3,ODH,38.1,1.0,38.1,train,0.0,0.0,5.246041
3419,ODH_charity_0616:row:3419,19003,COc1ccc2O[C@@H](C)C[C@@H](O)c2c1,ODH,40.849,0.5,20.4245,train,0.0,0.0,3.0590334
1202,ODH_charity_0616:row:1202,7100,Cc1ccc(cc1)C(=O)C(=[N+]=[N-])[C@@H](N)C(F)(F)F,ODH,9.022,1.0,9.022,train,0.0,0.0,4.2901845
515,ODH_charity_0616:row:515,2998,N[C@H](c1ccc(Cl)cc1)c2ccccc2O,ODH,14.52,0.7,10.164,train,0.0,0.0,4.596388
4616,ODH_charity_0616:row:4616,24413,CCCCC[C@@H](C=C)n1ccc2c(OC)cccc12,ODH,8.7,1.0,8.7,train,0.0,0.0,5.3215313
2292,ODH_charity_0616:row:2292,12670,Oc1ccccc1C2=N[C@@H](Cc3ccccc3C2=O)c4cscc4,ODH,17.8,0.7,12.46,train,0.0,0.0,6.400453
3107,ODH_charity_0616:row:3107,17308,Cc1oc(c2ccc(cc2)[N+]([O-])=O)c3[C@H]4COCCN4c5ccccc5Cc13,ODH,25.5,0.8,20.4,train,0.0,0.0,9.12942
1527,ODH_charity_0616:row:1527,8658,CCC[C@H](NCc1ccccc1)C(=C)Cc2ccccc2,ODH,11.841,1.0,11.841,train,0.0,0.0,4.622975
998,ODH_charity_0616:row:998,5786,Cc1[nH]c2ccccc2c1[C@H](\C=C\c3ccccc3)c4ccccc4,ODH,33.353,1.0,33.353,train,0.0,0.0,6.004547
4440,ODH_charity_0616:row:4440,23761,CC(C)Cc1ccc(cc1)[C@@H](C)C#Cc2ccccc2,ODH,10.63,0.7,7.441,train,0.0,0.0,6.2799077
743,ODH_charity_0616:row:743,4214,COC(=O)[C@H]1COc2ccccc2O1,ODH,31.7,1.0,31.7,train,0.0,0.0,2.9180017
2222,ODH_charity_0616:row:2222,12244,O[C@@H]([C@H](C=C)\C=C\c1ccccc1)C(=O)c2ccccc2,ODH,10.9,1.0,10.9,train,0.0,0.0,5.1845093
3340,ODH_charity_0616:row:3340,18590,O=[S@](Cc1ccccc1)c2ccc3ccccc3c2,ODH,20.11,1.0,20.11,train,0.0,0.0,4.69494
4677,ODH_charity_0616:row:4677,24591,C=C1C[C@](CC#C)(C(=O)O1)c2ccc(cc2)c3ccccc3,ODH,9.72,2.0,19.44,train,0.0,0.0,5.420067
2026,ODH_charity_0616:row:2026,11287,CC(C)(C)OC(=O)[C@](C)(N)C\C=C\c1ccccc1,ODH,14.7,0.5,7.35,train,0.0,0.0,7.6322436
2840,ODH_charity_0616:row:2840,15722,FC(F)(F)c1cccc(c1)[C@@H]2CC(=O)N=C(S2)c3ccccc3,ODH,27.0,0.5,13.5,train,0.0,0.0,5.910675
374,ODH_charity_0616:row:374,2012,O[C@H]1CCCCc2cc(Cl)ccc12,ODH,11.3,1.0,11.3,train,0.0,0.0,2.7534266
4283,ODH_charity_0616:row:4283,23068,C=C[C@@H](CCc1ccccc1)NCc2ccccc2,ODH,8.12,1.0,8.12,train,0.0,0.0,3.650435
4295,ODH_charity_0616:row:4295,23135,CCCCc1oc(C)c2Cc3ccccc3N4CCOC[C@H]4c12,ODH,8.7,0.6,5.22,train,0.0,0.0,6.575338
3516,ODH_charity_0616:row:3516,19560,OCCC[C@H](O)c1ccccc1,ODH,35.63,0.8,28.504,train,0.0,0.38200074,2.4085622
1362,ODH_charity_0616:row:1362,7846,CC[C@@H](C#Cc1ccccc1)c2ccc3ccccc3c2,ODH,12.4,0.5,6.2,train,0.0,0.0,4.770179
3625,ODH_charity_0616:row:3625,20187,CCCCC[C@@H]1CCC(=N1)c2ccccc2,ODH,12.4,1.0,12.4,train,0.0,0.0,3.5884337
3729,ODH_charity_0616:row:3729,20721,COC(=O)C[C@@H](O)c1ccc(F)cc1,ODH,36.6,0.5,18.3,train,0.0,0.0,2.5871599
3061,ODH_charity_0616:row:3061,17021,OC[C@@]1(\C=C\c2ccccc2)C(=O)Nc3ccccc13,ODH,24.7,0.8,19.76,train,0.0,0.0,5.73154
89,ODH_charity_0616:row:89,502,CC1(C)CN(C(=S)Nc2ccc(Br)cc2)[C@](C)(C1)c3ccccc3,ODH,6.67,1.0,6.67,train,0.0,0.0,12.288731
3402,ODH_charity_0616:row:3402,18893,COC(=O)CCNC(=O)[C@@](NC(=O)c1ccccc1)(C(=O)OCc2ccccc2)c3ccccc3,ODH,10.7,1.0,10.7,train,0.0,0.0,9.355853
2852,ODH_charity_0616:row:2852,15803,Fc1ccc(cc1)[C@@H]2CCc3ccccc3N2,ODH,15.03,0.6,9.018,train,0.0,0.0,4.1496005
1910,ODH_charity_0616:row:1910,10633,C[C@](O)(CC(=O)Cc1ccccc1)C(F)(F)F,ODH,9.8,0.8,7.84,train,0.0,0.0,3.713006
2763,ODH_charity_0616:row:2763,15296,CC(C)(C)OC(=O)[C@@](C)(N)C\C=C\c1ccc2OCOc2c1,ODH,15.0,0.5,7.5,train,0.0,0.0,7.5285916
2629,ODH_charity_0616:row:2629,14413,O[C@]1([C@H](C=C)c2ccc(F)cc2)C(=O)N(Cc3cccc4ccccc34)c5ccccc15,ODH,16.66,1.0,16.66,train,0.0,0.0,10.33744
1829,ODH_charity_0616:row:1829,10221,Fc1ccc2N[C@H](CCc2c1)c3ccccc3,ODH,13.46,1.0,13.46,train,0.0,0.0,3.923744
2051,ODH_charity_0616:row:2051,11432,COc1ccc(cc1)[C@H](O)CCN(C)Cc2ccccc2,ODH,19.38,1.0,19.38,train,0.0,0.0,4.2607517
3266,ODH_charity_0616:row:3266,18246,CCOC(=O)[C@@]1(N[S](=O)(=O)c2ccccc12)C#Cc3cccc(Cl)c3,ODH,39.0,0.5,19.5,train,0.0,0.0,7.913029
1428,ODH_charity_0616:row:1428,8249,CCOC(=O)[C@H](CC(=O)c1ccc(C)cc1)C(=C)C(C)=O,ODH,10.4,1.0,10.4,train,0.0,0.0,5.8174243
3198,ODH_charity_0616:row:3198,17936,Cc1ccc(cc1)C2=CC(=O)O[C@](C2)(c3ccccc3)C(F)(F)F,ODH,18.3,0.75,13.725,train,0.0,0.0,6.8439875
2573,ODH_charity_0616:row:2573,14085,C[C@]1(COc2ccccc12)CC#Cc3ccc(cc3)c4ccccc4,ODH,18.5,0.5,9.25,train,0.0,0.0,5.586841
4828,ODH_charity_0616:row:4828,25207,COC(=O)[C@H](F)\C=C\c1ccccc1,ODH,8.6,1.0,8.6,train,0.0,0.05502634,2.6035163
604,ODH_charity_0616:row:604,3493,CCOC(=O)[C@@H](CCOCc1ccccc1)CC=O,ODH,18.0,1.0,18.0,train,0.0,0.05505994,3.2465472
3842,ODH_charity_0616:row:3842,21198,Cc1ccc(cc1)[C@@]2(Cc3ccccc3[C@H](N2)c4ccccc4)c5ccccc5,ODH,6.2,0.8,4.96,train,0.0,0.0,8.627414
3218,ODH_charity_0616:row:3218,18053,CCC[C@H](COC=O)c1ccccc1,ODH,29.7,0.5,14.85,train,0.0,0.38054043,2.450362
2795,ODH_charity_0616:row:2795,15482,C[C@H]1CC(=O)N=C(S1)c2ccccc2,ODH,21.0,0.5,10.5,train,0.0,0.0,3.1583638
2035,ODH_charity_0616:row:2035,11350,C[C@@H](O)c1cc(cc(c1)C(F)(F)F)C(F)(F)F,ODH,12.43,1.0,12.43,train,0.0,0.0,3.7433379
1801,ODH_charity_0616:row:1801,10092,COC(=O)[C@@H]1[C@H](c2ccc(C)cc2)c3ccccc3OC1=O,ODH,13.3,0.7,9.31,train,0.0,0.0,6.1159554
3868,ODH_charity_0616:row:3868,21280,Cc1cccc(\C=C\[C@@H]2COc3ccccc3O2)c1,ODH,5.83,1.0,5.83,train,0.0,0.0,4.2598205
3932,ODH_charity_0616:row:3932,21553,CCO[P](=O)(OCC)[C@]12CC(=CC(=O)N1[S](=O)(=O)Oc3ccccc23)c4ccc(Br)cc4,ODH,54.0,0.8,43.2,train,0.0,0.0,12.482255
853,ODH_charity_0616:row:853,4855,Cc1ccc(NC[C@H]2CCc3ccccc3N2)cc1,ODH,23.5,1.0,23.5,train,0.0,0.0,4.309966
4481,ODH_charity_0616:row:4481,23914,C[C@H](N[S](=O)(=O)C(C)(C)C)c1occc1,ODH,8.2,1.0,8.2,train,0.0,0.0,5.679514
2494,ODH_charity_0616:row:2494,13804,CC(C)(C)OC(=O)[C@@](C)(N)C\C=C\c1ccc(Cl)cc1,ODH,12.8,0.5,6.4,train,0.0,0.0,8.3100395
1570,ODH_charity_0616:row:1570,8930,COC(=O)[C@H](F)/C=C/c1ccc(COC(C)=O)cc1,ODH,10.9,1.0,10.9,train,0.0,0.0,3.8466969
448,ODH_charity_0616:row:448,2444,Cc1ccccc1[C@H](O)C[N+]([O-])=O,ODH,12.673,0.8,10.1384,train,0.0,0.0,2.7436583
943,ODH_charity_0616:row:943,5274,O=CC[C@@H](Cc1ccccc1)C(=O)OC(c2ccccc2)c3ccccc3,ODH,27.1,1.0,27.1,train,0.0,0.032363046,5.806832
4739,ODH_charity_0616:row:4739,24877,Fc1cccc(c1)[C@]2(CCC(=O)O2)C(=O)OC(c3ccccc3)c4ccccc4,ODH,31.2,0.75,23.4,train,0.0,0.0,8.576911
287,ODH_charity_0616:row:287,1639,CCOC(=O)C[C@H](B1OC(C)(C)C(C)(C)O1)c2cccc(C)c2,ODH,10.3,0.5,5.15,train,0.0,0.0,13.97504
1948,ODH_charity_0616:row:1948,10838,CCOC(=O)[C@@]1(CC=C)N[S](=O)(=O)c2ccc(cc12)C(C)(C)C,ODH,10.7,0.8,8.56,train,0.0,0.0,11.115929
1504,ODH_charity_0616:row:1504,8527,CCOC(=O)C[C@@H](O)c1ccccc1C,ODH,11.72,1.0,11.72,train,0.0,0.0,3.1204214
1990,ODH_charity_0616:row:1990,11064,CC(C)C[C@H](C=C)c1c[nH]c2ccccc12,ODH,15.7,1.0,15.7,train,0.0,0.0,5.6442604
2657,ODH_charity_0616:row:2657,14618,CN(C[C@H](CSc1oc2ccccc2n1)C#N)C(c3ccccc3)c4ccccc4,ODH,19.4,1.0,19.4,train,0.0,0.0,7.380187
2742,ODH_charity_0616:row:2742,15167,IC[C@]1(CCCc2ccccc2)COc3ccccc13,ODH,29.0,0.5,14.5,train,0.0,0.0,4.669439
3247,ODH_charity_0616:row:3247,18145,CC(C)[C@@H](COC=O)c1ccccc1,ODH,28.5,0.5,14.25,train,0.0,0.0,2.60399
1937,ODH_charity_0616:row:1937,10744,CC1(C)[C@H](CCC1=O)c2sccc2,ODH,12.53,1.0,12.53,train,0.0,0.0,4.3096557
259,ODH_charity_0616:row:259,1460,CC1(C)CN(C(=O)Nc2cc(Cl)cc(Cl)c2)[C@](CN=[N+]=[N-])(C1)c3ccccc3,ODH,9.77,1.0,9.77,train,0.0,0.0,10.507982
3456,ODH_charity_0616:row:3456,19179,C[C@H]1CC(=C[C@](N[S](=O)(=O)c2ccc(C)cc2)([C@@H]1C=O)c3ccccc3)c4ccccc4,ODH,38.4,0.6,23.04,train,0.0,0.0,9.840275
3517,ODH_charity_0616:row:3517,19561,C1Cc2ccccc2N[C@@H]1c3ccc(cc3)c4ccccc4,ODH,24.02,0.6,14.412,train,0.0,0.0,5.44323
2814,ODH_charity_0616:row:2814,15578,CCCNC(=O)[C@@](C)(NC(=O)c1ccc(OC)cc1)C(=O)OCc2ccccc2,ODH,19.0,0.3,5.7,train,0.0,0.0,8.102292
3770,ODH_charity_0616:row:3770,20904,CCC(COC(=O)[C@@H](NC(=O)c1ccc(cc1)C(C)(C)C)c2ccc(C)c(C)c2)(c3ccccc3)c4ccccc4,ODH,5.05,1.0,5.05,train,0.0,0.0,23.699863
2759,ODH_charity_0616:row:2759,15263,Cc1ccc(cc1)[C@@H]2CCN(C2)[S](=O)(=O)c3ccc(C)cc3,ODH,23.0,1.0,23.0,train,0.0,0.0,5.597091
2887,ODH_charity_0616:row:2887,15921,Cc1ccc(C[C@H]2Oc3ccccc3N(Cc4ccccc4)C2=O)cc1,ODH,21.9,0.5,10.95,train,0.0,0.0,6.1134253
1396,ODH_charity_0616:row:1396,8044,CCOc1ccc2nc(SC[C@H](CN(C)C(c3ccccc3)c4ccccc4)c5sccc5)sc2c1,ODH,7.0,1.0,7.0,train,0.0,0.0,8.871961
893,ODH_charity_0616:row:893,5047,C[C@H](CC=O)CC(CC=C(C)C)([S](=O)(=O)c1ccccc1)[S](=O)(=O)c2ccccc2,ODH,25.0,1.0,25.0,train,0.0,0.0,8.838972
2925,ODH_charity_0616:row:2925,16138,COC(=O)[C@H](F)\C=C\c1ccc(CO)cc1,ODH,19.5,1.0,19.5,train,0.0,0.0,3.3911433
1157,ODH_charity_0616:row:1157,6882,COc1ccc(cc1)[C@@](c2[nH]c3ccccc3c2)(c4ccccc4)c5ccccc5OC,ODH,10.3,1.0,10.3,train,0.0,0.0,8.710356
1843,ODH_charity_0616:row:1843,10329,CCCCC[C@@H](C=C)n1ccc2cccc(OC)c12,ODH,13.6,0.5,6.8,train,0.0,0.0,5.7995687
4520,ODH_charity_0616:row:4520,24049,CCOC(=O)CC/C=C/C=C/C[C@](C)(C=O)c1ccccc1,ODH,9.361,1.0,9.361,train,0.0,0.0,4.282987
809,ODH_charity_0616:row:809,4659,COc1ccc(cc1)[C@@H](C)CC=O,ODH,23.2,1.0,23.2,train,0.0,0.0,2.3822386
4818,ODH_charity_0616:row:4818,25165,COc1ccc(cc1)[C@](C)(c2[nH]c3ccccc3c2)c4ccccc4,ODH,9.4,1.0,9.4,train,0.0,0.0,7.452809
85,ODH_charity_0616:row:85,484,CC(C)(NC(=O)C[C@H]1CCOc2ccc(F)cc12)c3ccccn3,ODH,6.6,1.0,6.6,train,0.0,0.0,6.7119107
153,ODH_charity_0616:row:153,899,CC(C)OC(=O)C[C@H](B1OC(C)(C)C(C)(C)O1)c2ccccc2,ODH,8.1,0.5,4.05,train,0.0,0.0,15.074934
1432,ODH_charity_0616:row:1432,8276,C(Cc1ccccc1)[C@@H]2Cc3ccccc3N2,ODH,14.0,0.8,11.2,train,0.0,0.0,4.066932
2310,ODH_charity_0616:row:2310,12822,COc1cccc2N(C(=O)C(c3ccccc3)c4ccccc4)C(=O)[C@](C)(C(=O)OCC=C)c12,ODH,25.0,0.8,20.0,train,0.0,0.0,10.042224
3036,ODH_charity_0616:row:3036,16846,COc1ccc(cc1OC)[C@H](C)N[S](=O)(=O)C(C)(C)C,ODH,24.2,1.0,24.2,train,0.0,0.0,9.8295145
2530,ODH_charity_0616:row:2530,13900,COc1ccc(cc1OC)[C@H](CCN=[N+]=[N-])C#Cc2ccc(cc2)C#N,ODH,18.2,1.0,18.2,train,0.0,0.0,5.893377
4826,ODH_charity_0616:row:4826,25201,CC(C)O[P](=O)(OC(C)C)[C@]1(CC(=CC(=O)O1)c2ccccc2)c3ccccc3,ODH,8.0,0.6,4.8,train,0.0,0.0,13.879883
3559,ODH_charity_0616:row:3559,19813,CCOC(=O)[C@]1(N[S](=O)(=O)c2ccccc12)C#Cc3cccc(OC)c3,ODH,37.7,0.5,18.85,train,0.0,0.0,8.121225
4338,ODH_charity_0616:row:4338,23319,COc1cc2[C@H](c3ccc(C)cc3)C(=C(N)Oc2c4ccccc14)C#N,ODH,10.2,0.7,7.14,train,0.0,0.0,8.905543
3674,ODH_charity_0616:row:3674,20405,CCOC(=O)[C@@]1(N[S](=O)(=O)c2ccc(OC)cc12)C#Cc3ccccc3,ODH,48.7,0.5,24.35,train,0.0,0.0,8.145807
4232,ODH_charity_0616:row:4232,22874,COc1ccc(\C=C\[C@H]2COc3cc4CCCc4cc3O2)cc1,ODH,7.81,1.0,7.81,train,0.0,0.0,5.3089166
4549,ODH_charity_0616:row:4549,24128,C[C@@H](N[S](=O)(=O)C(C)(C)C)c1ccccc1C,ODH,7.1,1.0,7.1,train,0.0,0.0,8.099153
4335,ODH_charity_0616:row:4335,23313,O[C@H]/1CCC1=C/c2cccc(Br)c2,ODH,7.684,0.8,6.1472,train,0.0,0.0,3.395199
222,ODH_charity_0616:row:222,1283,CC(C)[Si](C#C[C@H](CC(=O)NC(C)(C)c1ccccn1)c2ccccc2)(C(C)C)C(C)C,ODH,10.5,0.7,7.35,train,0.0,0.0,32.595783
3002,ODH_charity_0616:row:3002,16570,Cc1ccc(cc1)[S](=O)(=O)OC[C@@H]2COC3(CCC3)c4ccccc4O2,ODH,19.3,1.0,19.3,train,0.0,0.0,6.863919
4003,ODH_charity_0616:row:4003,21912,C[C@@H]1CCC(=N1)c2ccccc2,ODH,14.5,1.0,14.5,train,0.0,0.0,2.9041703
3462,ODH_charity_0616:row:3462,19218,COc1ccc(\C=C\[C@@H]2COc3ccccc3O2)cc1,ODH,33.16,1.0,33.16,train,0.0,0.0,3.871556
3857,ODH_charity_0616:row:3857,21247,CC(C)(C)C(=O)OC[C@@]1(CCSC1)Cc2ccccc2,ODH,5.8,1.0,5.8,train,0.0,0.0,8.151343
2548,ODH_charity_0616:row:2548,14007,COc1ccc(cc1)[C@@H]2c3cc4OCOc4cc3OC(=C2[S](=O)(=O)c5ccccc5)N,ODH,18.4,0.7,12.88,train,0.0,0.0,11.93674
2445,ODH_charity_0616:row:2445,13506,CC[C@](N)(C\C=C\c1ccccc1)C(=O)OC(C)(C)C,ODH,7.6,1.0,7.6,train,0.0,0.0,8.231172
1619,ODH_charity_0616:row:1619,9188,COCC1=C(N(C[C@@H]1C(C)=C)[S](=O)(=O)c2ccc(C)cc2)c3ccc(OC)cc3,ODH,12.39,0.8,9.912,train,0.0,0.0,12.5722475
3224,ODH_charity_0616:row:3224,18078,CC[C@@H](\C=C\C(=O)Oc1ccc(F)cc1)N2C(=O)[C@H]3C4CC(C=C4)[C@H]3C2=O,ODH,21.7,0.8,17.36,train,0.0,0.0,8.8984585
3017,ODH_charity_0616:row:3017,16687,Clc1cccc(c1)[C@H]2CCc3ccccc3N2,ODH,23.78,0.6,14.268,train,0.0,0.0,4.263992
343,ODH_charity_0616:row:343,1900,CO[P](=O)(OC)C(=[N+]=[N-])[C@@]1(NC(=O)OC(C)(C)C)C(=O)N(C)c2c(C)cc(Br)cc12,ODH,9.696,0.5,4.848,train,0.0,0.0,23.550842
2674,ODH_charity_0616:row:2674,14764,O[C@@H]/1CCC1=C/c2oc3ccccc3c2,ODH,15.319,0.8,12.2552,train,0.0,0.0,3.2998557
2650,ODH_charity_0616:row:2650,14577,Cc1ccc(cc1)[C@@H](C=C)[C@H](O)C(=O)c2ccccc2,ODH,14.5,0.5,7.25,train,0.0,0.0,4.868829
23,ODH_charity_0616:row:23,198,C=CCN[C@@H](\C=C\c1ccccc1)c2ccccc2,ODH,5.296,1.0,5.296,train,0.0,0.0,3.9946947
2169,ODH_charity_0616:row:2169,11991,COc1ccccc1[P@@](=O)(OC)c2ccccc2OCc3ccccc3[P](=O)(c4ccccc4)c5ccccc5,ODH,22.2,0.7,15.54,train,0.0,0.0,13.200508
1310,ODH_charity_0616:row:1310,7547,CC(C)(C)OC(=O)[C@](C)(N)C\C=C\c1ccccc1,ODH,10.9,1.0,10.9,train,0.0,0.0,7.7633986
1499,ODH_charity_0616:row:1499,8516,CC(C)(C)[S](=O)(=O)N[C@@H]1CCc2ccccc12,ODH,9.1,1.0,9.1,train,0.0,0.0,6.8423615
1747,ODH_charity_0616:row:1747,9793,CC(C)(C)OC(=O)N1OCC[C@H]1Cc2ccc3ccccc3c2,ODH,12.996,0.8,10.3968,train,0.0,0.0,10.689625
4961,ODH_charity_0616:row:4961,25822,Cc1ccc(cc1)C2=C(C[C@H](O2)C=C)C#N,ODH,9.99,1.0,9.99,train,0.0,0.0,3.8190515
1926,ODH_charity_0616:row:1926,10714,CC[C@H]1Nc2ccccc2C[C@H]1N3C(=O)c4ccccc4C3=O,ODH,21.2,0.7,14.84,train,0.0,0.0,8.019858
2728,ODH_charity_0616:row:2728,15074,CCOC(=O)C[C@H]1[C@@H](c2ccccc2)c3cc(oc3N(C1=O)[S](=O)(=O)c4ccc(C)cc4)c5ccc(Cl)cc5,ODH,31.6,0.5,15.8,train,0.0,0.0,13.184729
2707,ODH_charity_0616:row:2707,14962,COC(=O)[C@@H](O)c1ccccc1,ODH,2.87,2.0,5.74,train,0.0,0.0,2.7322555
1662,ODH_charity_0616:row:1662,9406,CCC[C@@H](CC=O)c1c[nH]c2ccccc12,ODH,15.69,1.0,15.69,train,0.0,0.0,3.8879828
794,ODH_charity_0616:row:794,4595,OCC[C@@H](C[N+]([O-])=O)c1cccc(F)c1,ODH,19.39,1.0,19.39,train,0.0,0.0,3.3036976
4388,ODH_charity_0616:row:4388,23562,COc1ccc(\C=C\C=C\C[C@](C)(C=O)c2ccccc2)cc1,ODH,8.799,1.0,8.799,train,0.0,0.0,5.625141
3815,ODH_charity_0616:row:3815,21113,COc1ccccc1[C@@](c2[nH]c(C)cc2)(c3[nH]c4ccccc4c3c5ccccc5)c6ccccc6,ODH,6.3,1.0,6.3,train,0.0,0.0,11.160155
1175,ODH_charity_0616:row:1175,6998,CN(CC[C@H](O)c1ccc(Cl)c(Cl)c1)Cc2ccccc2,ODH,10.39,1.0,10.39,train,0.0,0.0,4.393875
2434,ODH_charity_0616:row:2434,13404,CCC[C@]1(COc2ccccc12)CC3=CCCC3,ODH,17.4,0.75,13.05,train,0.0,0.0,4.5762105
3325,ODH_charity_0616:row:3325,18514,C[C@@](C\C=C\c1ccccc1)(C=O)c2cc(cc(c2)C(F)(F)F)C(F)(F)F,ODH,4.326,1.0,4.326,train,0.0,0.0,6.926976
3588,ODH_charity_0616:row:3588,20017,COc1ccc(cc1)[C@H](C)COC=O,ODH,41.3,0.5,20.65,train,0.0,0.0,2.3696575
1986,ODH_charity_0616:row:1986,11047,CCOC(=O)C[C@H](O)c1cccc(OC)c1,ODH,12.19,1.0,12.19,train,0.0,0.0,3.1102314
1101,ODH_charity_0616:row:1101,6562,CCCC[C@@]1(COc2ccccc12)CC3CC3,ODH,10.0,0.5,5.0,train,0.0,0.0,4.5086875
4637,ODH_charity_0616:row:4637,24470,CC(C)Oc1ccc(cc1)\C=C\2CC[C@@H]2O,ODH,8.737,0.8,6.9896,train,0.0,0.0,5.2186184
3904,ODH_charity_0616:row:3904,21413,CC(C)(C)c1ccc(cc1)[C@H]2NCCNC2=O,ODH,51.1,1.0,51.1,train,0.0,0.0,6.677654
4644,ODH_charity_0616:row:4644,24500,CC(C)(C)OC(=O)N1OCC[C@@]1(C)Cc2ccc(cc2)c3ccccc3,ODH,8.787,0.8,7.0296,train,0.0,0.0,13.399569
4089,ODH_charity_0616:row:4089,22238,CCCC(=O)O\C(c1ccccc1)=C\2[C@H]([C@H](C)C=C2c3ccccc3)c4cccc(Br)c4,ODH,8.4,0.7,5.88,train,0.0,0.0,8.606832
261,ODH_charity_0616:row:261,1475,CCOC(=O)C[C@H](Sc1ccccc1)c2cccc(F)c2,ODH,9.8,1.0,9.8,train,0.0,0.045199893,4.221389
1451,ODH_charity_0616:row:1451,8349,CC[C@H](C#Cc1ccccc1)c2ccccc2,ODH,11.58,1.0,11.58,train,0.0,0.0,3.5677857
3866,ODH_charity_0616:row:3866,21272,C[C@@H](\C=C\c1ccccc1C)[C@@](C)(N)C(=O)OC(C)(C)C,ODH,9.4,1.0,9.4,train,0.0,0.0,12.526165
484,ODH_charity_0616:row:484,2725,C[C@H]1Nc2ccccc2OC1=O,ODH,13.6,1.0,13.6,train,0.0,0.0,2.7000158
2918,ODH_charity_0616:row:2918,16102,CCCCC(=O)[C@H](NC(=O)OC(C)(C)C)c1ccc2ccccc2c1,ODH,19.2,0.5,9.6,train,0.0,0.0,8.574644
2761,ODH_charity_0616:row:2761,15276,C[C@@H](c1ccc(C)cc1)c2cccc(c2)C#N,ODH,21.72,0.3,6.516,train,0.0,0.0,4.3499427
2830,ODH_charity_0616:row:2830,15684,O[C@@H]/1CCC1=C/c2sccc2,ODH,17.812,0.8,14.2496,train,0.0,0.0,2.2631638
4438,ODH_charity_0616:row:4438,23758,O[C@@H]/1CCCCC1=C/c2ccccc2,ODH,6.55,1.0,6.55,train,0.0,0.0,3.088475
574,ODH_charity_0616:row:574,3338,C1C(Cc2ccccc12)O[C@@H](\C=C\c3ccccc3)c4ccccc4,ODH,15.63,0.5,7.815,train,0.0,0.0,5.6903944
1841,ODH_charity_0616:row:1841,10321,CCCc1oc2N(C(=O)[C@@H](CC(=O)OCC)[C@@H](c3ccccc3)c2c1)[S](=O)(=O)c4ccc(C)cc4,ODH,15.2,0.5,7.6,train,0.0,0.0,10.7460785
1105,ODH_charity_0616:row:1105,6566,CCC[C@@H]1NCc2ccc(C)cc2[C@H]1F,ODH,10.0,0.8,8.0,train,0.0,0.0,3.6511557
1399,ODH_charity_0616:row:1399,8061,C[C@H](N[S](=O)(=O)C(C)(C)C)c1cccc2ccccc12,ODH,11.3,1.0,11.3,train,0.0,0.0,8.678165
3441,ODH_charity_0616:row:3441,19131,FC(F)(F)[C@]1(CC(=CC(=O)O1)c2ccc(Cl)cc2)c3ccccc3,ODH,32.7,0.75,24.525,train,0.0,0.0,6.54391
3240,ODH_charity_0616:row:3240,18123,O=COC[C@@H](Cc1ccccc1)c2ccccc2,ODH,33.3,0.5,16.65,train,0.0,0.57926714,3.5627575
44,ODH_charity_0616:row:44,332,FC(F)(F)CCCc1ccccc1[C@@H](NC(=O)c2ccccc2)OCCCBr,ODH,6.95,1.0,6.95,train,0.0,0.0,6.152427
1340,ODH_charity_0616:row:1340,7733,CC(C)(C)OC(=O)N1OCC[C@H]1Cc2cccc3ccccc23,ODH,11.033,0.8,8.8264,train,0.0,0.0,10.623485
2914,ODH_charity_0616:row:2914,16082,C[C@@]1(COc2ccccc12)CC#Cc3ccc4ccccc4c3,ODH,27.6,0.5,13.8,train,0.0,0.0,5.2829585
3944,ODH_charity_0616:row:3944,21623,FCCCCC[C@]1(CI)COc2ccccc12,ODH,52.2,0.75,39.15,train,0.0,0.0,3.8711748
927,ODH_charity_0616:row:927,5234,C1Cc2ccccc2N[C@H]1CC=Cc3ccccc3,ODH,30.7,0.5,15.35,train,0.0,0.0,4.031958
4348,ODH_charity_0616:row:4348,23417,Cc1ccc(cc1)[S](=O)(=O)N2C[C@@H](C=C)N(c3cc(C)ccc3C2=O)[S](C)(=O)=O,ODH,15.34,1.0,15.34,train,0.0,0.0,11.917242
2147,ODH_charity_0616:row:2147,11805,OC[C@@H](CCl)c1ccccc1,ODH,15.3,1.0,15.3,train,0.0,0.26793975,2.2869022
3391,ODH_charity_0616:row:3391,18822,O[C@@H]1CCC[C@@H]1Cc2ccccc2,ODH,16.7,0.8,13.36,train,0.0,0.0,2.7348201
111,ODH_charity_0616:row:111,620,CC(C)(C)c1cccc(c1)C2=NO[C@@](C2)(CC(F)(F)F)c3ccccc3,ODH,6.61,0.8,5.288,train,0.0,0.0,15.347759
1609,ODH_charity_0616:row:1609,9139,C[C@@H](\C=C\c1ccccc1)[C@@](C)(N)C(=O)OCc2ccccc2,ODH,21.3,1.0,21.3,train,0.0,0.0,5.406759
523,ODH_charity_0616:row:523,3097,CCOC(=O)[C@H](CC=O)Cc1ccccc1,ODH,17.0,1.0,17.0,train,0.0,0.1778955,2.84547
902,ODH_charity_0616:row:902,5101,C1Oc2ccccc2N[C@@H]1c3ccc(cc3)c4ccccc4,ODH,17.7,1.0,17.7,train,0.0,0.0,6.237072
487,ODH_charity_0616:row:487,2761,COc1ccc(cc1)[C@@H]2Nc3ccccc3OC2=O,ODH,36.6,1.0,36.6,train,0.0,0.0,5.3009505
371,ODH_charity_0616:row:371,2009,C[C@H](CC(=O)c1ccccc1)[S](=O)(=O)c2ccc(C)cc2,ODH,12.8,1.0,12.8,train,0.0,0.0,5.5619493
1755,ODH_charity_0616:row:1755,9825,CC(C)(C)OC(=O)[C@](C)(N)C\C=C\c1ccc2ccccc2c1,ODH,13.0,0.5,6.5,train,0.0,0.0,9.935116
640,ODH_charity_0616:row:640,3704,COc1ccc2CCC[C@H](O)c2c1,ODH,17.1,1.0,17.1,train,0.0,0.0,2.6958902
4164,ODH_charity_0616:row:4164,22502,CC(=O)[C@]1(CO1)c2ccccc2Cl,ODH,6.97,1.0,6.97,train,0.0,0.0,3.7165241
766,ODH_charity_0616:row:766,4269,OCC[C@@H]1CCCCn2ccc(c3ccc(Cl)cc3)c12,ODH,19.98,1.0,19.98,train,0.0,0.0,4.3825197
1494,ODH_charity_0616:row:1494,8461,C=CCC(C#N)(C#N)[C@H](CCc1ccccc1)C=C,ODH,12.65,1.0,12.65,train,0.0,0.0,5.482648
4808,ODH_charity_0616:row:4808,25149,Brc1ccc(O[C@H](C(=O)OCc2ccccc2)c3ccccc3)cc1,ODH,9.4,1.0,9.4,train,0.0,0.0,5.238788
2643,ODH_charity_0616:row:2643,14544,Brc1ccc(cc1)[C@H]2CNc3ccccc3N2,ODH,19.2,0.6,11.52,train,0.0,0.0,5.859798
4833,ODH_charity_0616:row:4833,25226,COc1ccccc1C#C[C@H](CC(C)(C)C(=O)OC(C)(C)C)c2ccccc2,ODH,8.6,0.5,4.3,train,0.0,0.0,16.592419
2794,ODH_charity_0616:row:2794,15481,C[C@@H]1CC(=O)N=C(S1)c2ccccc2,ODH,24.2,0.5,12.1,train,0.0,0.0,3.1917853
578,ODH_charity_0616:row:578,3367,CCOC(=O)[C@H]1N[S](=O)(=O)Oc2ccc(C)cc12,ODH,15.7,1.0,15.7,train,0.0,0.0,5.3278527
3299,ODH_charity_0616:row:3299,18402,COc1ccc2N(C)C(=O)[C@](NC(=O)OC(C)(C)C)(C(=O)\C=C\c3ccccc3)c2c1,ODH,34.5,0.5,17.25,train,0.0,0.0,13.408014
917,ODH_charity_0616:row:917,5155,C[C@H](CC(=O)c1ccccc1)[S](C)(=O)=O,ODH,21.8,1.0,21.8,train,0.0,0.0,3.6753712
2492,ODH_charity_0616:row:2492,13790,COC(=O)[C@H](Nc1ccc(OC)cc1)c2cccnc2,ODH,12.962,0.8,10.3696,train,0.0,0.0,4.972346
3847,ODH_charity_0616:row:3847,21210,Cc1cccc(c1)[C@](C)(C\C=C\C=C\c2ccccc2)C=O,ODH,6.236,1.0,6.236,train,0.0,0.0,5.9096317
1344,ODH_charity_0616:row:1344,7765,C[C@@H](O)[C@H](N1CCCC1)c2ccc(Cl)cc2,ODH,11.09,1.0,11.09,train,0.0,0.0,3.4772294
587,ODH_charity_0616:row:587,3410,Cc1cccc(c1)[C@H](N)c2ccccc2O,ODH,11.1,0.7,7.77,train,0.0,0.0,4.5611253
4603,ODH_charity_0616:row:4603,24361,CC(C)(C)OC(=O)N1OCC[C@H]1Cc2cccc(Cl)c2,ODH,8.608,0.8,6.8864,train,0.0,0.0,8.970623
4072,ODH_charity_0616:row:4072,22170,O=C(O[C@H]1C[C@@H](C2=CC=C(Br)C=C2)N3C4=C1C=CC=C4CC[C@H]3C5=CC=C6C=CC=CC6=C5)NCC7=CC=CC=C7,ODH,11.83,1.0,11.83,train,0.0,0.0,14.23898
2730,ODH_charity_0616:row:2730,15086,C1Cc2ccccc2[C@@H]1C#Cc3ccccc3,ODH,30.71,0.7,21.497,train,0.0,0.0,4.0144567
3542,ODH_charity_0616:row:3542,19731,CC(=O)C1=C(C)OC(=O)C[C@@H]1c2ccc(Br)cc2,ODH,52.3,0.7,36.61,train,0.0,0.0,4.235708
2909,ODH_charity_0616:row:2909,16038,CC(=O)C1=C(C)OC(=O)C[C@H]1c2ccc(C)cc2,ODH,22.1,0.7,15.47,train,0.0,0.0,4.367006
2162,ODH_charity_0616:row:2162,11936,COc1cccc(c1)[C@@H](O)CCN(C)Cc2ccccc2,ODH,15.44,1.0,15.44,train,0.0,0.0,4.2625794
4070,ODH_charity_0616:row:4070,22157,C[C@@H]1Cc2cc(F)ccc2N1,ODH,9.1,1.0,9.1,train,0.0,0.0,2.19976
953,ODH_charity_0616:row:953,5319,COc1ccc(cc1)[C@@H](O)CCl,ODH,27.6,1.0,27.6,train,0.0,0.049079295,2.2709007
3748,ODH_charity_0616:row:3748,20839,CCO[P](=O)(OCC)[C@]12CC(=CC(=O)N1[S](=O)(=O)c3ccccc23)c4cccc(C)c4,ODH,48.9,0.8,39.12,train,0.0,0.0,12.060321
3876,ODH_charity_0616:row:3876,21312,O[C@H]([C@@H](C=C)c1ccccc1)c2cccc3ccccc23,ODH,7.0,1.0,7.0,train,0.0,0.0,7.174156
2519,ODH_charity_0616:row:2519,13855,CC(C)C[C@@H](C=C)c1n2ccccc2cc1c3ccccc3,ODH,18.106,1.0,18.106,train,0.0,0.0,9.161425
4601,ODH_charity_0616:row:4601,24357,O[C@H]1CC[C@@H](N(C1)Cc2ccccc2)c3ccccc3,ODH,9.7,0.6,5.82,train,0.0,0.0,5.295634
3392,ODH_charity_0616:row:3392,18825,O=[S]1(=O)N[C@@H](c2ccccc2)c3ccccc13,ODH,27.0,0.8,21.6,train,0.0,0.0,5.8109884
4673,ODH_charity_0616:row:4673,24575,Cc1cccc(c1)[C@@H]2CCc3ccccc3N2,ODH,7.15,1.0,7.15,train,0.0,0.0,3.8968732
4096,ODH_charity_0616:row:4096,22274,CC[C@@H](C#Cc1ccccc1)c2ccc(C)cc2,ODH,8.58,0.7,6.006,train,0.0,0.0,4.1268373
702,ODH_charity_0616:row:702,4036,Cc1cccc2CC[C@@H](CNc3ccccc3)Nc12,ODH,21.9,1.0,21.9,train,0.0,0.0,4.3960514
3939,ODH_charity_0616:row:3939,21580,COc1ccc2O[S](=O)(=O)N[C@@H](\C=C\c3ccccc3)c2c1,ODH,54.9,0.8,43.92,train,0.0,0.0,6.3357096
4825,ODH_charity_0616:row:4825,25198,CC(C)[C@H](O)c1ccccc1,ODH,9.4,0.8,7.52,train,0.0,0.0,2.8609726
829,ODH_charity_0616:row:829,4757,Cc1ccc(cc1)[S](=O)(=O)N[C@H]2CCc3ccccc23,ODH,22.8,1.0,22.8,train,0.0,0.0,5.3696604
4353,ODH_charity_0616:row:4353,23424,C[C@@]1(C(=O)OCC=C)C(=O)N(C(=O)C(c2ccccc2)c3ccccc3)c4ccc(Cl)cc14,ODH,7.8,0.8,6.24,train,0.0,0.0,9.490945
1118,ODH_charity_0616:row:1118,6628,O[C@@H](c1cccc(Cl)c1)C(=O)c2cccc(Cl)c2,ODH,10.02,1.0,10.02,train,0.0,0.0,4.518605
625,ODH_charity_0616:row:625,3646,O[C@@H](C[N+]([O-])=O)c1ccc(cc1)C(F)(F)F,ODH,21.68,0.8,17.344,train,0.0,0.0,3.6539593
2174,ODH_charity_0616:row:2174,12015,Clc1ccc2[C@@H](CC(=O)Oc2c1)c3ccccc3,ODH,15.54,1.0,15.54,train,0.0,0.0,4.700445
341,ODH_charity_0616:row:341,1866,CCOC(=O)C[C@H](Sc1ccc(C)cc1)c2ccccc2,ODH,20.1,1.0,20.1,train,0.0,0.0,4.124255
4170,ODH_charity_0616:row:4170,22545,CCO[P](=O)(OCC)[C@@]12CC(=CC(=O)N1[S](=O)(=O)c3ccccc23)c4ccc(Br)cc4,ODH,49.6,0.8,39.68,train,0.0,0.0,11.800887
891,ODH_charity_0616:row:891,5042,Cc1cc(C)cc(c1)[C@H]2CCCNC(=O)C2,ODH,24.9,0.5,12.45,train,0.0,0.0,3.4249828
179,ODH_charity_0616:row:179,1016,Cc1ccc(cc1)C(=O)[C@]2(OCCC[C@H]2Br)c3ccc(C)cc3,ODH,9.33,1.0,9.33,train,0.0,0.0,5.948507
4614,ODH_charity_0616:row:4614,24401,Fc1ccc(O[C@H](C(=O)OCc2ccccc2)c3ccccc3)cc1,ODH,8.7,1.0,8.7,train,0.0,0.05681216,5.5298424
3334,ODH_charity_0616:row:3334,18538,COc1cccc2[C@@H]3CCO[C@@H]3Oc12,ODH,20.8,1.0,20.8,train,0.0,0.0,3.570853
1422,ODH_charity_0616:row:1422,8195,C=CC[C@@]1(COC(=O)N1)c2ccccc2,ODH,9.7,1.0,9.7,train,0.0,0.0,3.6748397
659,ODH_charity_0616:row:659,3784,CC(=O)Nc1ccc(cc1)[C@H]2CCc3ccccc3N2,ODH,32.8,0.6,19.68,train,0.0,0.0,5.7833166
2639,ODH_charity_0616:row:2639,14499,Cc1ccc(cc1)[C@@H](C=C)[C@@]2(O)C(=O)N(Cc3cccc4ccccc34)c5ccccc25,ODH,16.741,1.0,16.741,train,0.0,0.0,10.354961
2371,ODH_charity_0616:row:2371,13102,CCOC(=O)N1[C@H]2C/C(=C/N(c3ccc(OC)cc3)[S](=O)(=O)c4ccc(C)cc4)[C@H](C=C2c5ccccc15)c6ccccc6,ODH,19.83,0.8,15.864,train,0.0,0.0,13.75374
3970,ODH_charity_0616:row:3970,21735,C[C@@H](COC=O)c1ccc(cc1)c2ccccc2,ODH,59.0,0.5,29.5,train,0.0,0.16035599,3.586973
4266,ODH_charity_0616:row:4266,23007,Cc1ccc(/C=C/C=C/C[C@](C)(C=O)c2ccccc2)cc1,ODH,8.433,1.0,8.433,train,0.0,0.0,4.741996
3251,ODH_charity_0616:row:3251,18161,C[C@@H](O)[C@H](Nc1ccccc1)c2ccccc2,ODH,28.59,1.0,28.59,train,0.0,0.0,3.9981024
3366,ODH_charity_0616:row:3366,18730,CC1(C)[C@@H](CCC1=O)c2cccc3ccccc23,ODH,30.79,1.0,30.79,train,0.0,0.0,6.0886583
360,ODH_charity_0616:row:360,1952,C[C@]1(Cc2ccccc2)CC3(CCCCC3)CN1C(=S)Nc4cc(cc(c4)C(F)(F)F)C(F)(F)F,ODH,11.12,0.8,8.896,train,0.0,0.0,10.520355
238,ODH_charity_0616:row:238,1390,COC(=O)C[C@@H](B1OC(C)(C)C(C)(C)O1)c2ccccc2F,ODH,7.4,0.5,3.7,train,0.0,0.0,11.4881115
1799,ODH_charity_0616:row:1799,10057,COC(=O)[C@@]1(CCCC1=O)[C@H](C[N+]([O-])=O)c2ccc3ccccc3c2,ODH,37.64,1.0,37.64,train,0.0,0.0,8.162016
1930,ODH_charity_0616:row:1930,10731,O=[S@](C1CCCCC1)c2ccccc2,ODH,10.81,1.0,10.81,train,0.0,0.0,3.2122817
978,ODH_charity_0616:row:978,5617,COc1ccc(cc1)[C@H](CCO)C[N+]([O-])=O,ODH,30.82,1.0,30.82,train,0.0,0.0,3.4568753
4450,ODH_charity_0616:row:4450,23798,CCC[C@@H]1[C@H](F)c2ccccc2CN1C(=O)c3ccc(Br)cc3,ODH,10.1,0.8,8.08,train,0.0,0.0,6.290531
444,ODH_charity_0616:row:444,2424,O=[S@](c1ccc(OCc2ccccc2)cc1)c3ccccn3,ODH,12.6,1.0,12.6,train,0.0,0.0,6.4732175
3685,ODH_charity_0616:row:3685,20492,COC(=O)[C@H](Cc1ccc(F)cc1)NC(=O)c2ccccc2OC,ODH,42.8,0.8,34.24,train,0.0,0.0,5.0817065
231,ODH_charity_0616:row:231,1332,FC(F)(F)c1cc(NC(=O)N2CC3(CCCC3)C[C@@]2(CN=[N+]=[N-])c4ccccc4)cc(c1)C(F)(F)F,ODH,11.68,0.8,9.344,train,0.0,0.0,9.879834
4207,ODH_charity_0616:row:4207,22753,CCCCCCCCCCCC[S@@](=O)c1ccccc1,ODH,5.97,1.0,5.97,train,0.0,0.0,4.302285
2926,ODH_charity_0616:row:2926,16139,COC(=O)[C@@H](F)\C=C\c1ccc(CO)cc1,ODH,22.4,1.0,22.4,train,0.0,0.0,3.3506558
1459,ODH_charity_0616:row:1459,8374,O[C@H]/1CCCC1=C/c2ccc3ccccc3c2,ODH,11.6,0.8,9.28,train,0.0,0.0,4.023026
4862,ODH_charity_0616:row:4862,25347,CCN(C)C(=O)Oc1cccc(c1)[C@@H](C)N(C)C,ODH,9.56,1.0,9.56,train,0.0,0.0,8.543642
361,ODH_charity_0616:row:361,1969,CC(C)[Si](C#Cc1cc2ccccc2cc1[S@@](=O)c3ccccn3)(C(C)C)C(C)C,ODH,8.9,0.8,7.12,train,0.0,0.0,28.479858
3987,ODH_charity_0616:row:3987,21811,CC(C)[C@@H](C=C)C(Cc1ccccc1)(C#N)C#N,ODH,6.07,1.0,6.07,train,0.0,0.0,8.093425
4416,ODH_charity_0616:row:4416,23689,CCO[P](=O)(OCC)[C@@]12CC(=CC(=O)N1[S](=O)(=O)c3ccccc23)c4cccc(OC)c4,ODH,58.0,0.8,46.4,train,0.0,0.0,12.049467
3484,ODH_charity_0616:row:3484,19291,C[C@H]1[C@H](/C=C/CN(CC#C)[S](=O)(=O)c2ccc(C)cc2)N1[S](=O)(=O)c3ccc(C)cc3,ODH,24.61,0.8,19.688,train,0.0,0.0,10.802517
3257,ODH_charity_0616:row:3257,18210,COc1ccc(cc1)C(=O)N[C@@](C)(C(=O)NCc2ccccc2)C(=O)OCc3ccccc3,ODH,28.8,0.5,14.4,train,0.0,0.0,8.438192
4111,ODH_charity_0616:row:4111,22318,COc1ccc(N[C@@H](C#CC(F)(F)C(F)(F)C(F)(F)F)c2ccccc2)cc1,ODH,9.0,0.8,7.2,train,0.0,0.0,7.4500227
1141,ODH_charity_0616:row:1141,6740,C[C@@]1(CC2=CCCCC2)CC(=NO1)c3ccccc3,ODH,10.11,0.6,6.066,train,0.0,0.0,4.920434
3068,ODH_charity_0616:row:3068,17082,CC(C)OCN1C(=O)[C@](CO)(\C=C\c2ccccc2)c3ccccc13,ODH,20.6,0.8,16.48,train,0.0,0.0,7.445028
4953,ODH_charity_0616:row:4953,25762,COc1ccccc1[C@@H]2C[C@@H](Oc3ccccc23)Sc4ccccc4,ODH,7.4,1.0,7.4,train,0.0,0.0,6.208174
4518,ODH_charity_0616:row:4518,24040,C=C[C@@H](CCc1ccccc1)C(CC#C)(C#N)C#N,ODH,10.6,1.0,10.6,train,0.0,0.0,5.5141134
2184,ODH_charity_0616:row:2184,12092,CC[C@@]1(Cc2ccccc2)C(=O)C[C@]3([C@@H](O[p]4oc5ccccc5c6ccccc6o4)c7ccccc7C3=O)C1=O,ODH,10.9,0.75,8.175,train,0.0,0.0,14.529947
655,ODH_charity_0616:row:655,3769,C[C@H]1Cc2ccccc2N[C@H]1c3ccc(C)cc3,ODH,25.3,0.5,12.65,train,0.0,0.0,5.1798053
2243,ODH_charity_0616:row:2243,12334,Cc1ccccc1\C=C\[C@@H]2COc3cc4CCCc4cc3O2,ODH,15.96,1.0,15.96,train,0.0,0.0,4.542943
141,ODH_charity_0616:row:141,790,Fc1ccc(cc1)C(=O)[C@]2(OCCC[C@H]2Cl)c3ccc(F)cc3,ODH,8.68,1.0,8.68,train,0.0,0.0,5.819442
4892,ODH_charity_0616:row:4892,25487,Cc1cc([C@@H](C(=O)OCc2ccccc2)c3ccccc3)c(C)n1Cc4ccccc4,ODH,9.7,0.7,6.79,train,0.0,0.0,9.823731
1076,ODH_charity_0616:row:1076,6294,CC(=O)C[C@@H](c1ccccc1)c2cn(c3ccccc23)[S](=O)(=O)C(F)(F)F,ODH,29.1,0.5,14.55,train,0.0,0.0,7.330839
1465,ODH_charity_0616:row:1465,8382,Cc1cccc(C[C@H]2Cc3ccccc3N2)c1,ODH,11.6,1.0,11.6,train,0.0,0.0,3.5437922
3029,ODH_charity_0616:row:3029,16800,COC(=O)c1ccc(cc1)[C@](C)(C=O)c2ccc(cc2)c3ccccc3,ODH,24.02,0.6,14.412,train,0.0,0.0,6.691772
2021,ODH_charity_0616:row:2021,11280,CCC[C@@H](Nc1ccccc1OC)C(=C)CC,ODH,18.358,1.0,18.358,train,0.0,0.0,6.1267433
4585,ODH_charity_0616:row:4585,24311,C1CCC(C1)[C@H]2Cc3ccccc3N2,ODH,12.2,0.8,9.76,train,0.0,0.0,3.4932837
359,ODH_charity_0616:row:359,1951,C[C@@]1(Cc2ccccc2)CC3(CCCCC3)CN1C(=S)Nc4cc(cc(c4)C(F)(F)F)C(F)(F)F,ODH,13.82,0.8,11.056,train,0.0,0.0,10.43055
949,ODH_charity_0616:row:949,5293,COC(=O)C[C@H](C#N)c1ccc(F)c(F)c1,ODH,27.3,0.8,21.84,train,0.0,0.0,3.4191964
1445,ODH_charity_0616:row:1445,8332,CC(C)(C)OC(=O)N1OCC[C@H]1Cc2cccc(C=O)c2,ODH,11.535,0.8,9.228,train,0.0,0.0,8.5732155
3220,ODH_charity_0616:row:3220,18055,CCOC(=O)[C@@]1(N[S](=O)(=O)c2cc(C)cc(C)c12)C#Cc3ccccc3,ODH,31.2,0.5,15.6,train,0.0,0.0,7.887203
3603,ODH_charity_0616:row:3603,20047,CC[C@]1(CC(=CC(=O)O1)c2ccccc2)C(F)(F)F,ODH,44.3,0.75,33.225,train,0.0,0.0,4.7682633
2047,ODH_charity_0616:row:2047,11423,C=C[C@@H](CCc1ccccc1)C(Cc2ccc3ccccc3c2)(C#N)C#N,ODH,24.01,1.0,24.01,train,0.0,0.0,7.6102443
2653,ODH_charity_0616:row:2653,14604,COc1ccc(cc1)\C=C\2CC[C@H]2O,ODH,18.36,0.8,14.688,train,0.0,0.0,2.7536588
4493,ODH_charity_0616:row:4493,23955,CN1C[C@H](CO)Oc2ccccc12,ODH,7.033,1.0,7.033,train,0.0,0.0,3.133088
2268,ODH_charity_0616:row:2268,12524,CC(C)[C@@H](C=C)c1c[nH]c2ccccc12,ODH,16.2,1.0,16.2,train,0.0,0.0,5.8655257
4276,ODH_charity_0616:row:4276,23054,Cc1ccccc1N2[C@@H](COC2=O)C=C,ODH,7.4,1.0,7.4,train,0.0,0.0,4.277109
4379,ODH_charity_0616:row:4379,23519,CCOC(=O)C1=C(C)OC(=O)C[C@@H]1c2cccc(Br)c2,ODH,7.9,0.7,5.53,train,0.0,0.0,5.393404
1748,ODH_charity_0616:row:1748,9799,C[C@H](COC=O)c1ccc(Br)cc1,ODH,115.7,0.5,57.85,train,0.0,0.09573555,2.2949994
3052,ODH_charity_0616:row:3052,16972,COc1cccc(c1)[C@@H](C(C(=O)c2ccccc2)C(=O)c3ccccc3)C(=O)C=C(c4ccc(C)cc4)c5ccc(C)cc5,ODH,44.9,0.6,26.94,train,0.0,0.0,16.111143
4680,ODH_charity_0616:row:4680,24594,C[C@@H](CC(C)=O)\C=C\c1ccccc1C,ODH,8.89,0.8,7.112,train,0.0,0.0,3.2586462
1037,ODH_charity_0616:row:1037,6092,C[C@H](CC(=O)NC(C)(C)c1ccc(C)cn1)c2ccc(cc2)C(C)=O,ODH,40.2,0.6,24.12,train,0.0,0.0,8.994289
1575,ODH_charity_0616:row:1575,8944,CC1=CC=C(C=C1)C[C@H]2NC3=C(C=CC=C3)C2,ODH,12.1,1.0,12.1,train,0.0,0.0,3.477684
1400,ODH_charity_0616:row:1400,8076,CC[C@@H](C#CC)c1ccc(OC)cc1,ODH,17.02,0.7,11.914,train,0.0,0.0,3.3255057
2680,ODH_charity_0616:row:2680,14845,O[C@H](C(O)=O)c1ccc(F)cc1,ODH,14.86,0.8,11.888,train,0.0,0.0,2.7006698
4436,ODH_charity_0616:row:4436,23735,CC[C@@H]1Cc2ccccc2N1,ODH,9.0,1.0,9.0,train,0.0,0.0,2.483982
1410,ODH_charity_0616:row:1410,8119,CCOC(=O)N1[C@@H]2C/C(=C/N(c3ccc(Br)cc3)[S](=O)(=O)c4ccc(C)cc4)[C@H](C=C2c5ccccc15)c6ccccc6,ODH,11.37,0.8,9.096,train,0.0,0.0,13.501714
1530,ODH_charity_0616:row:1530,8676,CC(C)(C)N1C(=O)N[C@@H](C1=O)c2ccccc2,ODH,7.69,1.0,7.69,train,0.0,0.0,8.282514
2807,ODH_charity_0616:row:2807,15556,CCCC[C@@H](C=O)[C@H](C[N+]([O-])=O)c1ccccc1,ODH,28.48,0.8,22.784,train,0.0,0.0,4.082867
3482,ODH_charity_0616:row:3482,19283,CCO[P](=O)(OCC)[C@@]12CC(=CC(=O)N1[S](=O)(=O)c3ccccc23)c4ccccc4C,ODH,26.9,0.8,21.52,train,0.0,0.0,12.086086
916,ODH_charity_0616:row:916,5153,C1CCC(CC1)[C@H]2CCc3ccccc3N2,ODH,26.0,0.5,13.0,train,0.0,0.0,3.7645633
3902,ODH_charity_0616:row:3902,21411,C1C[C@H](CN1)Cc2ccccc2,ODH,51.0,0.5,25.5,train,0.0,0.0,2.5360365
2062,ODH_charity_0616:row:2062,11455,CC(C)(C)OC(=O)[C@](C)(N)C\C=C\c1ccc(F)cc1,ODH,14.9,0.5,7.45,train,0.0,0.0,6.7635775
2776,ODH_charity_0616:row:2776,15386,O[C@H]1CCCC[C@H]1Nc2cccc(Cl)c2,ODH,16.78,1.0,16.78,train,0.0,0.0,3.2408364
3594,ODH_charity_0616:row:3594,20031,COC(=O)[C@@H](Cc1sccc1)NC(=O)c2ccccc2OC,ODH,43.4,0.8,34.72,train,0.0,0.0,4.47071
3781,ODH_charity_0616:row:3781,20969,C[C@@H](\C=C\c1ccc(C)cc1)[C@@](C)(N)C(=O)OC(C)(C)C,ODH,7.3,1.0,7.3,train,0.0,0.0,11.565351
3475,ODH_charity_0616:row:3475,19257,Cc1ccc(cc1)[S](=O)(=O)N2CC[C@H](C2)c3ccccc3Cl,ODH,38.9,1.0,38.9,train,0.0,0.0,5.614986
116,ODH_charity_0616:row:116,651,C=C[C@@H]1[C@@H](c2ccccc2)[C@@]13CCC3(c4ccccc4)c5ccccc5,ODH,3.38,1.0,3.38,train,0.0,0.0,11.57589
3596,ODH_charity_0616:row:3596,20033,COc1ccc(cc1)[S](=O)(=O)N/C(c2ccccc2)=C3/[C@H]([C@@H](CC3=O)c4ccc(Br)cc4)c5ccc(Br)cc5,ODH,68.9,0.75,51.675,train,0.0,0.0,11.804902
1546,ODH_charity_0616:row:1546,8757,Cc1ccccc1[C@@H]2CCc3ccccc3N2,ODH,10.25,1.0,10.25,train,0.0,0.0,4.017945
2157,ODH_charity_0616:row:2157,11901,CC(C)[C@@]1(CO)COCCO1,ODH,15.4,1.0,15.4,train,0.0,0.0,2.511086
3292,ODH_charity_0616:row:3292,18350,OCN1C(=O)[C@](CO)(CCc2ccccc2)c3c(Cl)cccc13,ODH,39.0,0.8,31.2,train,0.0,0.0,6.7503886
1053,ODH_charity_0616:row:1053,6171,OC1(CCCCC1)C[C@@H]2CCc3ccccc3N2,ODH,38.9,0.8,31.12,train,0.0,0.0,4.019106
2594,ODH_charity_0616:row:2594,14174,CC(C)(C)OC(=O)N[C@@H](C(=O)CCCCCCC=C)c1ccccc1,ODH,14.0,0.5,7.0,train,0.0,0.0,6.8635736
4890,ODH_charity_0616:row:4890,25473,COc1ccc(cc1)[C@@](C)(C/C=C/c2ccc(Cl)cc2)C=O,ODH,9.69,1.0,9.69,train,0.0,0.0,5.2263846
4426,ODH_charity_0616:row:4426,23715,COc1cc2[C@@H](c3ccccc3)C(=C(N)Oc2c4ccccc14)C#N,ODH,8.0,0.7,5.6,train,0.0,0.0,8.317955
4839,ODH_charity_0616:row:4839,25236,CCC[C@@H](/C=C/c1ccccc1)c2ccccc2,ODH,8.52,1.0,8.52,train,0.0,0.0,3.7271914
1864,ODH_charity_0616:row:1864,10404,COC(=O)[C@](C)(N)C\C=C\c1ccccc1,ODH,13.7,1.0,13.7,train,0.0,0.0,3.4041684
668,ODH_charity_0616:row:668,3817,O[C@H](C[N+]([O-])=O)c1ccc(F)c(F)c1,ODH,17.619,0.8,14.0952,train,0.0,0.0,3.237537
622,ODH_charity_0616:row:622,3623,CO[C@@H](NC(=O)c1ccc(Br)cc1)c2ccccc2CCCC(F)(F)F,ODH,16.79,1.0,16.79,train,0.0,0.0,5.3290405
4005,ODH_charity_0616:row:4005,21916,Cc1cccc(c1)C2(SCCCS2)[C@@H](C=Cc3ccccc3)c4ccccc4,ODH,5.0,1.0,5.0,train,0.0,0.0,8.00656
4851,ODH_charity_0616:row:4851,25294,Clc1ccc(cc1)[C@@]2(CCC(=O)O2)C(=O)OC(c3ccccc3)c4ccccc4,ODH,9.5,0.75,7.125,train,0.0,0.0,8.655624
71,ODH_charity_0616:row:71,441,CC(C)OC(=O)[C@H](O)c1ccc(Cl)cc1,ODH,6.4,1.0,6.4,train,0.0,0.0,3.3334386
4149,ODH_charity_0616:row:4149,22444,CC(C)(C)[Si](C)(C)OC[C@H](\C=C\c1ccccc1)c2ccccc2,ODH,6.9,1.0,6.9,train,0.0,0.0,18.818966
973,ODH_charity_0616:row:973,5604,CCOC(=O)C1(CC=C[C@@H]1c2ccccc2)C(=O)OCC,ODH,24.377,0.5,12.1885,train,0.0,0.0,5.552861
1312,ODH_charity_0616:row:1312,7549,CC(C)(C)OC(=O)[C@](C)(N)C\C=C\c1ccccc1,ODH,10.9,1.0,10.9,train,0.0,0.0,7.8260326
4172,ODH_charity_0616:row:4172,22576,O=C([C@H](Nc1ccccc1)c2ccc3OCOc3c2)c4ccc5OCOc5c4,ODH,25.46,1.0,25.46,train,0.0,0.0,9.508078
404,ODH_charity_0616:row:404,2201,CC[C@H](C#Cc1sccc1)c2ccccc2,ODH,11.86,1.0,11.86,train,0.0,0.0,3.3397293
3122,ODH_charity_0616:row:3122,17398,CCOC(=O)[C@@]1(N[S](=O)(=O)c2ccccc12)C#Cc3ccc(cc3)C(F)(F)F,ODH,35.3,0.5,17.65,train,0.0,0.0,8.699349
3141,ODH_charity_0616:row:3141,17586,C[C@]1(COc2ccccc12)CC#Cc3ccccc3[N+]([O-])=O,ODH,26.4,0.5,13.2,train,0.0,0.0,5.3173046
3415,ODH_charity_0616:row:3415,18968,CCO[P](=O)(OCC)[C@]12CC(=CC(=O)N1[S](=O)(=O)c3ccccc23)c4ccc(C)cc4,ODH,31.9,0.8,25.52,train,0.0,0.0,12.053149
3249,ODH_charity_0616:row:3249,18155,CCC[C@@H](C=C)N(C)c1ccccc1,ODH,28.55,0.3,8.565,train,0.0,0.0,4.5186424
202,ODH_charity_0616:row:202,1146,CC[C@@H](F)C(=O)c1nccn1c2ccccc2,ODH,8.8,1.0,8.8,train,0.0,0.0,3.815777
1696,ODH_charity_0616:row:1696,9586,CC(C)(C)c1ccc(cc1)[P@@](=O)(OCc2ccc3ccccc3c2)c4ccccc4,ODH,10.35,0.8,8.28,train,0.0,0.0,13.674079
990,ODH_charity_0616:row:990,5760,O=C1N([C@@H](\C=C\c2ccccc2)c3ccccc3)C(=O)c4ccccc14,ODH,32.969,0.5,16.4845,train,0.0,0.0,6.9801955
0,ODH_charity_0616:row:0,37,CCCOC(=O)C[C@H](B1OC(C)(C)C(C)(C)O1)c2ccccc2,ODH,4.2,1.0,4.2,train,0.0,0.0,12.220566
964,ODH_charity_0616:row:964,5468,OC[C@@H]1[C@H](C[C@H]1c2cccn2CC=C)c3ccc(F)cc3,ODH,20.7,1.0,20.7,train,0.0,0.0,5.5053024
286,ODH_charity_0616:row:286,1638,CCOC(=O)C[C@@H](B1OC(C)(C)C(C)(C)O1)c2cccc(C)c2,ODH,7.6,0.5,3.8,train,0.0,0.0,14.028345
800,ODH_charity_0616:row:800,4607,COc1cccc(c1)[C@H]2CCCNC(=O)C2,ODH,21.8,1.0,21.8,train,0.0,0.0,3.100873
1626,ODH_charity_0616:row:1626,9230,C[C@@H](\C=C\c1ccccc1)[C@](C)(N)C(=O)OCc2ccccc2,ODH,13.2,1.0,13.2,train,0.0,0.0,5.261029
1127,ODH_charity_0616:row:1127,6657,CCOC(=O)C[C@@H](O)c1cccc(C)c1,ODH,10.06,1.0,10.06,train,0.0,0.0,2.8599076
3503,ODH_charity_0616:row:3503,19462,O=C1O[C@](n2c1cc3ccccc23)(C(=O)OCc4ccccc4)c5ccccc5,ODH,43.3,0.3,12.99,train,0.0,0.0,9.374895
1853,ODH_charity_0616:row:1853,10355,CCCCC(=O)[C@@H](NC(=O)OC(C)(C)C)c1ccccc1C,ODH,13.6,0.5,6.8,train,0.0,0.0,7.9548593
4827,ODH_charity_0616:row:4827,25202,CC(C)O[P](=O)(OC(C)C)[C@@]1(CC(=CC(=O)O1)c2ccccc2)c3ccccc3,ODH,9.4,0.6,5.64,train,0.0,0.0,14.199625
3304,ODH_charity_0616:row:3304,18426,C\C(=C/C(=O)[C@H](C(C(=O)c1ccccc1)C(=O)c2ccccc2)c3ccccc3)c4ccccc4,ODH,27.6,0.6,16.56,train,0.0,0.0,12.600979
4650,ODH_charity_0616:row:4650,24508,CCOC(=O)[C@]1(CCC(=O)O1)c2ccccc2,ODH,8.8,0.75,6.6,train,0.0,0.0,4.5691233
32,ODH_charity_0616:row:32,231,C[C@H](C#N)c1ccc(cc1)C(C)(C)C,ODH,4.9,1.0,4.9,train,0.0,0.0,7.0474806
4900,ODH_charity_0616:row:4900,25504,Cc1ccc2c(O[C@@H](CO)COC2(C)C)c1,ODH,9.7,1.0,9.7,train,0.0,0.0,4.992493
4036,ODH_charity_0616:row:4036,22039,COc1ccccc1C[C@]2(C\C=C\c3ccccc3)C(=NN(C2=O)c4ccc(C)cc4)C,ODH,10.784,1.0,10.784,train,0.0,0.0,13.153942
1850,ODH_charity_0616:row:1850,10350,CCOC(=O)C1=C(C)OC(=O)C[C@H]1c2ccc(OC)cc2,ODH,8.8,0.7,6.16,train,0.0,0.0,5.707967
821,ODH_charity_0616:row:821,4714,Brc1ccc(cc1)[C@@H]2COc3ccccc3N2,ODH,12.6,1.0,12.6,train,0.0,0.0,4.7842913
4453,ODH_charity_0616:row:4453,23814,OC[C@@H]1COC2(CCCCCC2)c3ccccc3O1,ODH,14.8,1.0,14.8,train,0.0,0.0,4.5111794
1854,ODH_charity_0616:row:1854,10372,CCC[C@@H](CC=O)c1c[nH]c2ccc(OC)cc12,ODH,15.32,1.0,15.32,train,0.0,0.0,4.441191
4855,ODH_charity_0616:row:4855,25303,CC1(C)OB(OC1(C)C)[C@H](Cc2ccc(Br)cc2)N3CCOC3=O,ODH,9.5,1.0,9.5,train,0.0,0.0,13.549728
530,ODH_charity_0616:row:530,3116,O[C@H](C[N+]([O-])=O)c1cccc(Cl)c1,ODH,14.9,1.2,17.88,train,0.0,0.0,2.7897875
4282,ODH_charity_0616:row:4282,23067,CC#CC[C@H](C#Cc1ccccc1)c2ccccc2,ODH,7.43,0.7,5.201,train,0.0,0.0,3.9680023
2439,ODH_charity_0616:row:2439,13451,FC1=CC=C(C=C1)C[C@@H]2NC3=C(C=CC=C3C)C2,ODH,19.7,1.0,19.7,train,0.0,0.0,3.7824597
4332,ODH_charity_0616:row:4332,23300,C=C[C@@H](CCc1ccccc1)C(CC2CCCCC2)(C#N)C#N,ODH,6.88,1.0,6.88,train,0.0,0.0,5.9294434
4888,ODH_charity_0616:row:4888,25458,COC(=O)C(=C)C[C@@]1(C=C(c2ccccc2)c3ccccc13)C(F)(F)F,ODH,9.64,0.5,4.82,train,0.0,0.0,7.742143
4554,ODH_charity_0616:row:4554,24150,Cc1ccc(cc1)[C@H](C(=O)OCc2ccccc2)c3cc(C)n(Cc4ccccc4)c3C,ODH,8.4,0.7,5.88,train,0.0,0.0,11.15467
1259,ODH_charity_0616:row:1259,7323,NC1=C(C#N)[C@H](c2ccccc2)c3cc4OCOc4cc3O1,ODH,10.7,0.7,7.49,train,0.0,0.0,7.525758
1577,ODH_charity_0616:row:1577,8948,CCCCC[C@@H](C=C)n1c(C)cc2ccccc12,ODH,12.1,0.4,4.84,train,0.0,0.0,6.0631084
4558,ODH_charity_0616:row:4558,24154,O=C(O[C@@H](C(=O)c1ccccc1)c2ccccc2)c3ccccc3,ODH,8.4,0.8,6.72,train,0.0,0.0,6.0755734
2461,ODH_charity_0616:row:2461,13596,COc1cccc(c1)[C@@](C)(C\C=C\C=C\c2ccccc2)C=O,ODH,17.787,1.0,17.787,train,0.0,0.0,4.9025993
658,ODH_charity_0616:row:658,3783,C[C@@H]1Nc2cc(Br)ccc2N(C)C1=O,ODH,17.5,1.0,17.5,train,0.0,0.0,4.319135
309,ODH_charity_0616:row:309,1736,O=[S@@](c1ccc2ccccc2c1)c3ccccn3,ODH,8.7,1.0,8.7,train,0.0,0.0,5.61221
1562,ODH_charity_0616:row:1562,8896,CN(CC[C@@H](O)c1cccc(C)c1)Cc2ccccc2,ODH,13.51,0.8,10.808,train,0.0,0.0,4.250052
4791,ODH_charity_0616:row:4791,25090,C[C@@H](N[S](=O)(=O)C(C)(C)C)c1ccccc1Cl,ODH,8.0,1.0,8.0,train,0.0,0.0,6.911017
975,ODH_charity_0616:row:975,5606,O=C(C[C@H](\C=C\c1ccccc1)c2ccccc2)c3ccccc3,ODH,24.377,0.5,12.1885,train,0.0,0.0,5.181903
2714,ODH_charity_0616:row:2714,14973,Fc1cccc2O[C@@H](Cc3ccccc3)C(=O)N(Cc4ccccc4)c12,ODH,17.5,0.5,8.75,train,0.0,0.0,6.713592
1266,ODH_charity_0616:row:1266,7358,CC(C)[C@@H]1Cc2ccccc2N1,ODH,17.5,1.0,17.5,train,0.0,0.0,3.7428453
590,ODH_charity_0616:row:590,3421,COc1ccc(cc1)[C@H]2COc3ccccc3N2,ODH,15.9,1.0,15.9,train,0.0,0.0,4.8980155
132,ODH_charity_0616:row:132,732,CCOC(=O)C[C@H](Sc1ccccc1)c2ccc(F)cc2,ODH,7.5,1.0,7.5,train,0.0,0.036842503,4.1901674
2347,ODH_charity_0616:row:2347,12989,CC(C)OC(=O)[C@@]1(CC=C)N[S](=O)(=O)c2ccccc12,ODH,14.0,0.8,11.2,train,0.0,0.0,7.1928344
2635,ODH_charity_0616:row:2635,14475,COc1ccc(cc1)[C@H]2c3cc4OCOc4cc3OC(=C2[S](=O)(=O)c5ccc(C)cc5)N,ODH,22.0,0.7,15.4,train,0.0,0.0,12.076017
1973,ODH_charity_0616:row:1973,10990,CC(=O)c1ccc(cc1)c2oc(C)c3Cc4ccccc4N5CCOC[C@H]5c23,ODH,19.4,0.8,15.52,train,0.0,0.0,8.742163
1035,ODH_charity_0616:row:1035,6084,CC(C)[C@H](O)C[N+]([O-])=O,ODH,39.99,0.5,19.995,train,0.0,0.101246305,1.4770786
1569,ODH_charity_0616:row:1569,8929,COc1ccc(N[C@@H](C)c2ccccc2)cc1,ODH,12.1,0.8,9.68,train,0.0,0.0,3.3746774
1721,ODH_charity_0616:row:1721,9681,CC(C)c1ccc(cc1)[C@H](O)C(O)=O,ODH,10.4,0.8,8.32,train,0.0,0.0,2.9862847
155,ODH_charity_0616:row:155,926,CCCCCCCCCC[C@H]1Cc2ccccc2N1,ODH,6.0,0.8,4.8,train,0.0,0.0,4.110828
4548,ODH_charity_0616:row:4548,24127,C[C@H](N[S](=O)(=O)C(C)(C)C)c1ccc(C)c(C)c1,ODH,8.4,1.0,8.4,train,0.0,0.0,10.35714
3346,ODH_charity_0616:row:3346,18613,COc1ccc(C[C@H]2Oc3ccccc3N(Cc4ccccc4)C2=O)cc1,ODH,30.3,0.5,15.15,train,0.0,0.0,6.5422
4406,ODH_charity_0616:row:4406,23654,CC(C)(C)OC(=O)[C@](N)(CCCCNC(=O)OCc1ccccc1)CC=Cc2ccccc2,ODH,18.4,1.0,18.4,train,0.0,0.0,9.518637
2029,ODH_charity_0616:row:2029,11305,O[C@@]1(Cc2ccccc2C1=O)[C@H](C=C)c3cc(Cl)cc(Cl)c3,ODH,14.7,0.5,7.35,train,0.0,0.0,6.124443
4263,ODH_charity_0616:row:4263,22985,COc1ccc(N[C@@H](C#Cc2ccccc2)C(F)(F)C(F)(F)F)cc1,ODH,7.3,0.8,5.84,train,0.0,0.0,6.1461973
2115,ODH_charity_0616:row:2115,11675,Oc1ccccc1[C@H](OCc2ccccc2)c3ccccc3,ODH,17.7,1.0,17.7,train,0.0,0.0,4.6936483
1965,ODH_charity_0616:row:1965,10974,COC(=O)/C=C/[C@H](NCc1ccc(OC)cc1)c2ccc(Br)cc2,ODH,14.3,0.6,8.58,train,0.0,0.0,5.1192665
638,ODH_charity_0616:row:638,3702,CCOC(=O)C[C@@H]1Nc2c(C)cccc2OC1=O,ODH,17.1,1.0,17.1,train,0.0,0.0,3.8541157
267,ODH_charity_0616:row:267,1521,C[C@@]1(CCO)CCCn2ccc(c3ccc(F)cc3)c12,ODH,9.98,1.0,9.98,train,0.0,0.0,5.312426
783,ODH_charity_0616:row:783,4462,CC(C)(NC(=O)C[C@H](CCc1ccccc1)c2ccc(F)cc2)c3ccccn3,ODH,23.3,0.5,11.65,train,0.0,0.0,6.882095
1194,ODH_charity_0616:row:1194,7072,Cc1cccc(c1)[C@H]2CC(=O)Oc3ccccc23,ODH,12.27,1.0,12.27,train,0.0,0.0,4.537124
1272,ODH_charity_0616:row:1272,7378,C[C@@H](O)c1ccc(Br)cc1,ODH,9.73,1.0,9.73,train,0.0,0.00032562087,2.032673
3300,ODH_charity_0616:row:3300,18403,COc1ccc2N(C)C(=O)[C@@](NC(=O)OC(C)(C)C)(C(=O)\C=C\c3ccccc3)c2c1,ODH,29.6,0.5,14.8,train,0.0,0.0,13.607697
349,ODH_charity_0616:row:349,1938,CCOC(=O)C[C@H](Sc1ccccc1)c2cccc(F)c2,ODH,9.6,1.0,9.6,train,0.0,0.04490855,4.211471
3935,ODH_charity_0616:row:3935,21570,C[C@H](C#Cc1ccc(cc1)C#N)c2ccc(COC(C)=O)cc2,ODH,54.6,0.8,43.68,train,0.0,0.0,4.211979
3307,ODH_charity_0616:row:3307,18429,C[C@@H](COC=O)c1ccc(Cl)cc1,ODH,29.8,0.5,14.9,train,0.0,0.06654705,2.276617
2044,ODH_charity_0616:row:2044,11395,Cc1ccc(cc1)[C@H]2Cc3ccccc3C(=O)C(=N2)c4ccccc4O,ODH,14.8,0.7,10.36,train,0.0,0.0,6.480694
4458,ODH_charity_0616:row:4458,23837,FC(F)(F)c1ccc(cc1)[C@H]2NCCc3ccccc23,ODH,8.9,0.8,7.12,train,0.0,0.0,5.749968
2667,ODH_charity_0616:row:2667,14683,CC(=O)C1=C(C)OC(=O)C[C@H]1c2ccccc2F,ODH,19.5,0.7,13.65,train,0.0,0.0,4.261289
2355,ODH_charity_0616:row:2355,13024,Brc1cccc(c1)[C@@H]2CNc3ccccc3N2,ODH,25.7,0.6,15.42,train,0.0,0.0,5.898802
4702,ODH_charity_0616:row:4702,24692,CCc1ccc(cc1)C2=NO[C@](C)(CC(C)=C)C2,ODH,8.97,0.6,5.382,train,0.0,0.0,8.278676
1851,ODH_charity_0616:row:1851,10351,CCOC(=O)C1=C(C)OC(=O)C[C@@H]1c2ccc(OC)cc2,ODH,13.6,0.7,9.52,train,0.0,0.0,5.7651973
876,ODH_charity_0616:row:876,4978,COC(=O)C[C@H](C#N)c1sccc1,ODH,24.4,1.0,24.4,train,0.0,0.0,2.318403
2496,ODH_charity_0616:row:2496,13806,COc1cc2CCC[C@H](C#C[Si](c3ccccc3)(c4ccccc4)c5ccccc5)c2cc1OC,ODH,13.7,0.8,10.96,train,0.0,0.0,9.827347
3926,ODH_charity_0616:row:3926,21528,ClCCCC[C@@]1(CI)COc2ccccc12,ODH,53.2,0.75,39.9,train,0.0,0.0,3.9322076
3069,ODH_charity_0616:row:3069,17083,CC(C)OCN1C(=O)[C@@](CO)(\C=C\c2ccccc2)c3ccccc13,ODH,24.9,0.8,19.92,train,0.0,0.0,7.5508385
4770,ODH_charity_0616:row:4770,25009,Fc1ccc(cc1F)C2=C(C[C@H](O2)C=C)C#N,ODH,9.221,1.0,9.221,train,0.0,0.0,3.761586
1056,ODH_charity_0616:row:1056,6186,CCOC(=O)C[C@H](Sc1ccccc1)c2cccnc2,ODH,43.6,1.0,43.6,train,0.0,0.21107641,3.954579
2876,ODH_charity_0616:row:2876,15893,CCCCC(C1=CC=CC=C1)=[C@]=CC2=CC=CC=C2,ODH,21.8,0.5,10.9,train,0.0,0.0,3.826496
3007,ODH_charity_0616:row:3007,16592,COC(=O)CCNC(=O)[C@](Cc1ccccc1)(NC(=O)c2ccccc2)C(=O)OCc3ccccc3,ODH,23.5,1.0,23.5,train,0.0,0.0,8.897598
2568,ODH_charity_0616:row:2568,14071,CCC(CC)(CC[C@]1(C)COc2ccc(Br)cc12)CC(=O)c3ccccc3,ODH,18.5,0.5,9.25,train,0.0,0.0,8.877524
1684,ODH_charity_0616:row:1684,9504,COc1ccc(cc1)[C@@H](C)N[S](=O)(=O)C(C)(C)C,ODH,10.4,1.0,10.4,train,0.0,0.0,7.0892596
3959,ODH_charity_0616:row:3959,21691,O=COC[C@@H](C1=CC=C2C=CC=CC2=C1)C,ODH,57.6,0.5,28.8,train,0.0,0.0,3.3017178
50,ODH_charity_0616:row:50,371,CCOC(=O)[C@H](CC=O)Cc1ccc(cc1)C(C)(C)C,ODH,9.2,1.0,9.2,train,0.0,0.0,6.2168756
4126,ODH_charity_0616:row:4126,22344,C[C@H](O)C1CCCCC1,ODH,6.79,1.0,6.79,train,0.0,0.0,1.832243
3012,ODH_charity_0616:row:3012,16664,Nc1ccc(cc1)[C@@H](n2c3ccccc3c(c4ccccc4)c2c5ccccc5)c6ccccc6,ODH,27.0,1.0,27.0,train,0.0,0.0,9.257991
146,ODH_charity_0616:row:146,857,CC[C@H]1Nc2ccccc2NC1=O,ODH,9.4,1.0,9.4,train,0.0,0.0,3.2736495
1269,ODH_charity_0616:row:1269,7361,O=C1CC[C@@](O1)(C(=O)OC(c2ccccc2)c3ccccc3)c4ccccc4,ODH,10.7,0.75,8.025,train,0.0,0.0,8.352576
3773,ODH_charity_0616:row:3773,20931,COC(=O)[C@@H](O)c1cccc(OC)c1,ODH,5.11,2.0,10.22,train,0.0,0.0,2.8889894
680,ODH_charity_0616:row:680,3867,C[C@@H]1Nc2ccccc2NC1=O,ODH,17.9,1.0,17.9,train,0.0,0.0,2.7138283
397,ODH_charity_0616:row:397,2173,CCCCCCC[C@@H]1CCC2=C(CCCC2=O)N1,ODH,9.1,1.0,9.1,train,0.0,0.0,4.0585427
1972,ODH_charity_0616:row:1972,10989,COc1cc2OC(=C(C#N)[C@H](c3ccc4OCOc4c3)c2cc1OC)N,ODH,14.3,0.7,10.01,train,0.0,0.0,9.131658
1728,ODH_charity_0616:row:1728,9694,Fc1cccc(c1)[C@@H]2CC(=O)Oc3ccccc23,ODH,12.87,1.0,12.87,train,0.0,0.0,4.624699
3430,ODH_charity_0616:row:3430,19070,COc1ccc(cc1)C2=C3CN(C[C@H]3C=CCN2[S](=O)(=O)c4ccc(C)cc4)[S](=O)(=O)c5ccc(C)cc5,ODH,32.37,0.8,25.896,train,0.0,0.0,12.996529
4032,ODH_charity_0616:row:4032,22012,O=C(OCc1ccccc1)[C@@H](Oc2ccccc2)c3ccccc3,ODH,9.5,1.0,9.5,train,0.0,0.0,6.2730527
788,ODH_charity_0616:row:788,4539,CCCC[C@@H]1Nc2ccccc2C[C@@H]1C,ODH,23.7,0.3,7.11,train,0.0,0.0,3.910862
2574,ODH_charity_0616:row:2574,14100,O[C@@]1([C@H](C=C)c2ccccc2)C(=O)N(Cc3cccc4ccccc34)c5cc(Br)ccc15,ODH,12.815,1.0,12.815,train,0.0,0.0,9.902595
2305,ODH_charity_0616:row:2305,12797,OC[C@@H](CCl)c1cccc(Br)c1,ODH,16.6,1.0,16.6,train,0.0,0.0,2.4552042
2721,ODH_charity_0616:row:2721,15020,Oc1ccccc1C2=N[C@H](Cc3ccccc3C2=O)c4ccccc4,ODH,20.1,0.7,14.07,train,0.0,0.0,6.440046
3587,ODH_charity_0616:row:3587,20013,CCCC1=C(N(C(=O)C[C@H]1c2ccccc2)[S](=O)(=O)c3ccc(C)cc3)c4ccccc4,ODH,39.5,0.5,19.75,train,0.0,0.0,9.672791
4275,ODH_charity_0616:row:4275,23053,Cc1ccccc1N2[C@H](COC2=O)C=C,ODH,8.8,1.0,8.8,train,0.0,0.0,4.306275
1568,ODH_charity_0616:row:1568,8928,COc1ccc(N[C@H](C)c2ccccc2)cc1,ODH,10.9,0.8,8.72,train,0.0,0.0,3.3983326
3203,ODH_charity_0616:row:3203,17973,Brc1ccc(cc1)[C@H]2CC(=O)OC(=C2)c3ccccc3,ODH,27.9,0.5,13.95,train,0.0,0.0,5.1879253
2261,ODH_charity_0616:row:2261,12465,COc1ccc(cc1)C(=O)N[C@H](C(=O)OCC(c2ccccc2)c3ccccc3)c4ccccc4,ODH,16.13,1.0,16.13,train,0.0,0.0,10.439876
305,ODH_charity_0616:row:305,1728,CC[C@@H](C#Cc1ccccc1)c2ccccc2,ODH,15.33,1.0,15.33,train,0.0,0.0,3.5631816
2277,ODH_charity_0616:row:2277,12587,Cc1ccc(cc1)[C@H](C=C)[C@H](O)C(=O)c2ccccc2,ODH,12.3,0.5,6.15,train,0.0,0.0,4.8859906
1521,ODH_charity_0616:row:1521,8598,Cc1cc([C@H](C(=O)OCc2ccccc2)c3ccc4ccccc4c3)c(C)n1Cc5ccccc5,ODH,13.7,0.7,9.59,train,0.0,0.0,11.511766
3213,ODH_charity_0616:row:3213,18020,CCOC(=O)[C@]1(CC=C)N[S](=O)(=O)c2ccc(OC)cc12,ODH,28.1,0.8,22.48,train,0.0,0.0,6.62168
2529,ODH_charity_0616:row:2529,13899,COc1ccc(cc1OC)[C@@H](CCN=[N+]=[N-])C#Cc2ccc(cc2)C#N,ODH,21.2,1.0,21.2,train,0.0,0.0,5.8910656
2541,ODH_charity_0616:row:2541,13978,CC[C@](O)(N(C)Cc1ccccc1)c2occc2,ODH,20.74,0.5,10.37,train,0.0,0.0,4.6342545
2997,ODH_charity_0616:row:2997,16544,CCc1ccc(cc1)[C@@H](C)COC=O,ODH,23.4,0.5,11.7,train,0.0,0.0,2.3257914
3776,ODH_charity_0616:row:3776,20950,CCC[C@@H]1CCC(=N1)c2ccccc2,ODH,14.4,1.0,14.4,train,0.0,0.0,3.16686
731,ODH_charity_0616:row:731,4171,CC1(C)CN(C(=O)Nc2cc(cc(c2)C(F)(F)F)C(F)(F)F)[C@@](Cc3cccc(c3)[N+]([O-])=O)(C1)c4ccccc4,ODH,19.5,0.7,13.65,train,0.0,0.0,11.266777
4413,ODH_charity_0616:row:4413,23678,FC(F)(F)[C@]1(CC(=CC(=O)O1)c2ccccc2)c3ccc(Br)cc3,ODH,76.9,0.75,57.675,train,0.0,0.0,6.9572864
2444,ODH_charity_0616:row:2444,13505,CC[C@@](N)(C\C=C\c1ccccc1)C(=O)OC(C)(C)C,ODH,17.6,1.0,17.6,train,0.0,0.0,8.374101
4206,ODH_charity_0616:row:4206,22748,CC(C)c1ccc(C[C@@](C)(C\C=C\C=C\c2ccccc2)C=O)cc1,ODH,7.053,1.0,7.053,train,0.0,0.0,6.9489007
4552,ODH_charity_0616:row:4552,24138,Cc1ccc2O[C@@H]3OCC[C@H]3c2c1,ODH,8.4,1.0,8.4,train,0.0,0.0,3.1776216
3132,ODH_charity_0616:row:3132,17513,COc1ccc(cc1)[C@@H](C[N+]([O-])=O)c2ccc(C)cc2,ODH,28.3,1.5,42.45,train,0.0,0.0,4.46966
1325,ODH_charity_0616:row:1325,7665,CCC1(CC)OC[C@@H](CO)Oc2ccccc12,ODH,12.5,1.0,12.5,train,0.0,0.0,4.1777897
4724,ODH_charity_0616:row:4724,24789,COc1ccc(N[C@@H](CC(C)C)C(=O)Oc2ccccc2)cc1,ODH,9.0,1.0,9.0,train,0.0,0.0,5.22049
4098,ODH_charity_0616:row:4098,22280,N[C@H](C#Cc1ccccc1)C(F)(F)F,ODH,12.3,1.0,12.3,train,0.0,0.0,2.981031
2249,ODH_charity_0616:row:2249,12392,C=C[C@H](CCc1ccccc1)C(C#N)C#N,ODH,16.04,1.0,16.04,train,0.0,0.0,3.8876216
2252,ODH_charity_0616:row:2252,12405,CC(=O)N1[C@H]2C=CCC[C@H]2[C@@H]([C@H]1c3ccccc3)c4ccccc4,ODH,18.42,0.4,7.368,train,0.0,0.0,7.9025474
2786,ODH_charity_0616:row:2786,15411,O=C1[C@@H](Cc2occc2)Oc3ccccc3N1Cc4ccccc4,ODH,20.9,0.5,10.45,train,0.0,0.0,5.8194523
464,ODH_charity_0616:row:464,2544,CC(C)OC(=O)[C@@H](CC=O)Cc1ccccc1,ODH,13.0,1.0,13.0,train,0.0,0.0,3.1962273
2597,ODH_charity_0616:row:2597,14188,Clc1ccccc1C[C@H]2Oc3ccccc3N(Cc4ccccc4)C2=O,ODH,18.7,0.5,9.35,train,0.0,0.0,6.243139
4398,ODH_charity_0616:row:4398,23622,FC(F)(F)[C@@]1(CC(=CC(=O)O1)c2ccccc2)c3ccc(Cl)cc3,ODH,28.7,0.75,21.525,train,0.0,0.0,6.9091864
2580,ODH_charity_0616:row:2580,14118,Cc1cc2OCC[C@](C)(CC3=CCCCC3)c2cc1C,ODH,16.9,0.5,8.45,train,0.0,0.0,7.618849
3330,ODH_charity_0616:row:3330,18534,COC(=O)[C@H](c1ccccc1)[Si](C)(C)c2ccccc2,ODH,8.06,1.0,8.06,train,0.0,0.0,7.400967
1366,ODH_charity_0616:row:1366,7861,O[C@@H]/1CCC1=C/c2cccc(Cl)c2,ODH,9.091,0.8,7.2728,train,0.0,0.0,2.9415789
83,ODH_charity_0616:row:83,482,C=Cc1ccccc1[S@](=O)c2ccccn2,ODH,6.6,1.0,6.6,train,0.0,0.0,4.8986473
603,ODH_charity_0616:row:603,3478,C[C@@H]([C@H](CCO)c1ccccc1)[N+]([O-])=O,ODH,16.16,1.0,16.16,train,0.0,0.0,3.3764446
956,ODH_charity_0616:row:956,5376,Cc1ccccc1[C@@H](N)c2ccccc2O,ODH,28.36,0.7,19.852,train,0.0,0.0,4.5748386
4301,ODH_charity_0616:row:4301,23152,CCC(=C)[C@H](C)Nc1ccc(OC)cc1,ODH,7.525,1.0,7.525,train,0.0,0.0,4.8702416
3467,ODH_charity_0616:row:3467,19228,COc1ccc(cc1)[C@H](O)C(O)=O,ODH,19.62,0.8,15.696,train,0.0,0.0,2.701348
4446,ODH_charity_0616:row:4446,23788,C[C@H](CC(C)=O)\C=C\c1ccc(C)cc1,ODH,9.15,0.8,7.32,train,0.0,0.0,3.001287
4572,ODH_charity_0616:row:4572,24254,C[C@H](CC(C)=O)\C=C\c1cccc(C)c1,ODH,10.24,0.8,8.192,train,0.0,0.0,3.037712
2387,ODH_charity_0616:row:2387,13166,CCOC(=O)C1=C(C)OC(=O)C[C@H]1c2ccc(C)cc2,ODH,12.5,0.7,8.75,train,0.0,0.0,4.6981153
3399,ODH_charity_0616:row:3399,18883,C[C@@H]1[C@H](C=C(OC1=O)c2ccccc2)c3ccccc3,ODH,31.4,0.75,23.55,train,0.0,0.0,4.7147784
1125,ODH_charity_0616:row:1125,6652,CCC[C@@H]1[C@@H](\C=C\C(=O)OCC)N1[S](=O)(=O)c2ccc(C)cc2,ODH,8.09,0.8,6.472,train,0.0,0.0,7.6129827
3306,ODH_charity_0616:row:3306,18428,C[C@H](COC=O)c1ccc(Cl)cc1,ODH,30.6,0.5,15.3,train,0.0,0.096917756,2.2865825
3443,ODH_charity_0616:row:3443,19138,COc1cc(ccc1Oc2cccc(F)n2)[C@H](C)C#Cc3ccc(cc3)C#N,ODH,32.7,0.8,26.16,train,0.0,0.0,6.1561885
2854,ODH_charity_0616:row:2854,15808,CCOC(=O)[C@@]1(CC=C)N[S](=O)(=O)c2ccc(F)cc12,ODH,14.5,0.8,11.6,train,0.0,0.0,6.2019305
2132,ODH_charity_0616:row:2132,11769,C[C@@H](CC(C)=O)\C=C\c1ccc2ccccc2c1,ODH,15.26,0.8,12.208,train,0.0,0.0,3.8098624
4466,ODH_charity_0616:row:4466,23849,C[C@@H]1CCC[C@@H](N1)c2cccc3ccccc23,ODH,9.8,1.0,9.8,train,0.0,0.0,4.690403
3400,ODH_charity_0616:row:3400,18891,CC(C)[C@@H]1C=Cc2cc(C)c(C)cc2[C@H]1O,ODH,37.88,1.0,37.88,train,0.0,0.0,7.3438034
4129,ODH_charity_0616:row:4129,22363,CCCC(=O)O\C(c1ccccc1)=C\2[C@H]([C@H](C)C=C2c3ccccc3)c4sccc4,ODH,7.5,0.7,5.25,train,0.0,0.0,7.889387
2421,ODH_charity_0616:row:2421,13315,OC[C@H](CCl)c1cccc(c1)C(F)(F)F,ODH,16.2,1.0,16.2,train,0.0,0.0,3.152942
2848,ODH_charity_0616:row:2848,15752,FC(F)(F)[C@]1(CC(=CC(=O)O1)c2sccc2)c3ccccc3,ODH,21.6,0.75,16.2,train,0.0,0.0,6.4078956
2225,ODH_charity_0616:row:2225,12255,CC1(C)OC[C@@H](CO)Oc2ccccc12,ODH,15.9,1.0,15.9,train,0.0,0.0,4.088093
1940,ODH_charity_0616:row:1940,10758,O[C@H]/1CCCC1=C/c2ccccc2Br,ODH,14.1,0.8,11.28,train,0.0,0.0,3.1301043
4719,ODH_charity_0616:row:4719,24784,COc1ccc(Br)cc1C(C)(C)C[C@]2(Cc3n(C(=O)OC(C)(C)C)c4ccccc4c3C(=O)O2)C(F)(F)F,ODH,8.0,0.6,4.8,train,0.0,0.0,22.56358
219,ODH_charity_0616:row:219,1254,CCO[C@@H](\C=C\c1ccccc1)c2ccccc2,ODH,9.135,0.5,4.5675,train,0.0,0.0,3.8531039
1793,ODH_charity_0616:row:1793,10012,C[C@@]1(COc2ccc(Cl)cc12)CC#Cc3ccccc3,ODH,13.7,0.5,6.85,train,0.0,0.0,4.554813
2173,ODH_charity_0616:row:2173,12014,Clc1ccc2[C@H](CC(=O)Oc2c1)c3ccccc3,ODH,22.41,1.0,22.41,train,0.0,0.0,4.729092
1113,ODH_charity_0616:row:1113,6609,CC1(C)OB(OC1(C)C)[C@H](Cc2ccc(cc2)[N+]([O-])=O)N3CCOC3=O,ODH,10.0,1.0,10.0,train,0.0,0.0,12.865527
389,ODH_charity_0616:row:389,2142,CC(C)OC(=O)[C@H](O)c1ccc2OCOc2c1,ODH,11.7,1.0,11.7,train,0.0,0.0,4.1111083
2092,ODH_charity_0616:row:2092,11572,CCCCC[C@H](C=C)n1ccc2cc(C=O)ccc12,ODH,13.8,1.0,13.8,train,0.0,0.0,4.0791235
1682,ODH_charity_0616:row:1682,9496,CC[C@@H](C#CCCO)c1ccccc1,ODH,11.42,0.7,7.994,train,0.0,0.39057472,2.64834
1065,ODH_charity_0616:row:1065,6241,CCOC(=O)C[C@H]1Nc2cc(OC)ccc2OC1=O,ODH,58.5,1.0,58.5,train,0.0,0.0,4.08835
22,ODH_charity_0616:row:22,197,C=CCN[C@H](\C=C\c1ccccc1)c2ccccc2,ODH,5.581,1.0,5.581,train,0.0,0.0,4.0018797
2968,ODH_charity_0616:row:2968,16408,Clc1cc(Cl)cc(\C=C\[C@@H]2COC(=O)[C@]23CCC(=N3)c4ccccc4)c1,ODH,29.6,1.0,29.6,train,0.0,0.0,6.9851375
2009,ODH_charity_0616:row:2009,11199,C[C@]1(CC#Cc2ccccc2)CN(Cc3ccccc3)Cc4ccccc14,ODH,11.1,0.5,5.55,train,0.0,0.0,7.0285497
4155,ODH_charity_0616:row:4155,22460,CCCC[C@@H]1NCc2ccc(C)cc2[C@H]1F,ODH,6.9,0.8,5.52,train,0.0,0.0,4.1820498
782,ODH_charity_0616:row:782,4444,COc1ccc(cc1)C(=O)N[C@H](c2ccccc2CCCC(F)(F)F)c3cn(Cc4ccccc4)c5ccccc35,ODH,20.92,1.0,20.92,train,0.0,0.0,10.182019
665,ODH_charity_0616:row:665,3812,COc1ccc(cc1)C(=O)C[C@@H](C)[S](=O)(=O)c2ccc(C)cc2,ODH,23.5,1.0,23.5,train,0.0,0.0,6.013387
4091,ODH_charity_0616:row:4091,22240,C1CC[C@@H]2Nc3ccccc3C[C@H]2C1,ODH,9.5,0.8,7.6,train,0.0,0.0,3.9373775
3789,ODH_charity_0616:row:3789,21010,CC(C)(C)OC(=O)[C@@](C)(N)C\C=C\c1ccccc1F,ODH,4.3,1.0,4.3,train,0.0,0.0,7.9260335
935,ODH_charity_0616:row:935,5258,Cc1ccc(cc1)[C@H]2C[C@H]([C@@H]2CO)c3cccn3CC=C,ODH,20.1,1.0,20.1,train,0.0,0.0,5.8705363
1136,ODH_charity_0616:row:1136,6721,C[C@@H](N[S](=O)(=O)C(C)(C)C)c1ccccc1,ODH,7.5,1.0,7.5,train,0.0,0.0,6.0161977
4682,ODH_charity_0616:row:4682,24598,Cc1cccc(c1)[C@H](C(=O)OCc2ccccc2)c3cc(C)n(Cc4ccccc4)c3C,ODH,8.9,0.7,6.23,train,0.0,0.0,11.385981
3412,ODH_charity_0616:row:3412,18929,O=C1[C@@H](Cc2cccc3ccccc23)Oc4ccccc4N1Cc5ccccc5,ODH,31.7,0.5,15.85,train,0.0,0.0,7.132154
543,ODH_charity_0616:row:543,3241,Cc1ccc(cc1)[S](=O)(=O)N2CC[C@H](CC(=O)NC(C)(C)c3ccccn3)c4cc(F)ccc24,ODH,15.3,0.8,12.24,train,0.0,0.0,10.96217
184,ODH_charity_0616:row:184,1039,COc1ccc(C)cc1[C@@H](O)C(=O)OC(C)C,ODH,8.5,1.0,8.5,train,0.0,0.0,5.178909
2898,ODH_charity_0616:row:2898,15971,CC(C)(C)[Si](C)(C)Oc1ccc(c(O)c1)[C@@](C)(c2ccccc2)c3c[nH]c4ccccc34,ODH,25.1,1.0,25.1,train,0.0,0.0,28.2106
593,ODH_charity_0616:row:593,3434,FC(F)(F)CCCc1ccccc1[C@@H](NC(=O)c2ccc(Cl)cc2)c3cn(Cc4ccccc4)c5ccccc35,ODH,15.98,1.0,15.98,train,0.0,0.0,11.352227
2784,ODH_charity_0616:row:2784,15407,COC(=O)C[C@](C)(O)c1ccc(Br)cc1,ODH,20.9,0.5,10.45,train,0.0,0.0,2.9649985
3937,ODH_charity_0616:row:3937,21572,Fc1ccc(cc1)[C@H]2CC(=O)N=C(S2)c3ccccc3,ODH,54.6,0.5,27.3,train,0.0,0.0,5.0503187
1601,ODH_charity_0616:row:1601,9081,CC(C)(C)[P@](=O)(Cc1ccc(cc1)C#N)c2ccccc2,ODH,10.53,1.0,10.53,train,0.0,0.0,10.602798
3076,ODH_charity_0616:row:3076,17116,C[C@@](CO)(c1ccccc1)c2ccc3occc3c2,ODH,21.04,0.6,12.624,train,0.0,0.0,4.704148
198,ODH_charity_0616:row:198,1112,CC(C)OC(=O)[C@H](CC=O)Cc1ccc(F)cc1,ODH,10.7,1.0,10.7,train,0.0,0.0,3.2929955
4317,ODH_charity_0616:row:4317,23246,C[C@@H]1Nc2ccccc2OC1=O,ODH,7.6,0.7,5.32,train,0.0,0.0,3.35922
3803,ODH_charity_0616:row:3803,21063,Cc1ccc(cc1)N2N=C(C)[C@@](C\C=C\c3ccccc3)(Cc4ccc(cc4)C(C)(C)C)C2=O,ODH,9.597,1.0,9.597,train,0.0,0.0,21.847351
3383,ODH_charity_0616:row:3383,18796,C[C@H](COC=O)c1ccccc1,ODH,32.1,0.5,16.05,train,0.0,0.36902648,2.0766501
4313,ODH_charity_0616:row:4313,23214,COc1ccc(cc1)[C@@H]2Cc3ccccc3[C@H](N2)c4ccccc4,ODH,7.6,0.8,6.08,train,0.0,0.0,5.919932
2905,ODH_charity_0616:row:2905,16018,O[C@H]/1CCCC1=C/c2cccc(F)c2,ODH,22.1,0.5,11.05,train,0.0,0.0,2.6100063
1641,ODH_charity_0616:row:1641,9306,O[C@@H](C1=CC=CC=C1)CCN(C)C,ODH,12.49,1.0,12.49,train,0.0,0.0,2.9324052
4882,ODH_charity_0616:row:4882,25435,COc1ccc(cc1)[C@@H]2[C@H](O)CCCC23OCCO3,ODH,11.073,1.0,11.073,train,0.0,0.0,4.5240965
508,ODH_charity_0616:row:508,2977,OC(C[C@@H]1CCc2ccccc2N1)(c3ccccc3)c4ccccc4,ODH,12.1,1.0,12.1,train,0.0,0.0,6.2929077
4836,ODH_charity_0616:row:4836,25229,C[C@H](C#Cc1ccccc1)c2ccc(OC(C)=O)cc2,ODH,9.43,0.7,6.601,train,0.0,0.0,3.743209
306,ODH_charity_0616:row:306,1729,CC[C@H](C#Cc1ccccc1)c2ccccc2,ODH,10.57,1.0,10.57,train,0.0,0.0,3.5680056
1905,ODH_charity_0616:row:1905,10609,Cc1cc([C@@H](C(=O)OCc2ccccc2)c3cscc3)c(C)n1Cc4ccccc4,ODH,13.9,0.7,9.73,train,0.0,0.0,8.4227295
1181,ODH_charity_0616:row:1181,7030,Clc1ccc2OC(=O)[C@H](Nc2c1)c3ccccc3,ODH,10.4,0.7,7.28,train,0.0,0.0,5.701953
4262,ODH_charity_0616:row:4262,22984,COc1ccc(N[C@H](C#Cc2ccccc2)C(F)(F)C(F)(F)F)cc1,ODH,9.8,0.8,7.84,train,0.0,0.0,6.0807605
1475,ODH_charity_0616:row:1475,8417,Cc1oc(c2cccc3ccccc23)c4[C@H]5COCCN5c6ccccc6Cc14,ODH,11.6,0.6,6.96,train,0.0,0.0,7.767764
2260,ODH_charity_0616:row:2260,12464,COc1ccc(cc1)C(=O)N[C@@H](C(=O)OCC(c2ccccc2)c3ccccc3)c4ccccc4,ODH,10.35,1.0,10.35,train,0.0,0.0,10.299247
4893,ODH_charity_0616:row:4893,25490,F[C@H]1[C@H](NCc2ccccc12)C3CC3,ODH,11.8,0.8,9.44,train,0.0,0.0,4.16236
1264,ODH_charity_0616:row:1264,7356,Cc1ccc2N(C(=O)C(c3ccccc3)c4ccccc4)C(=O)[C@](C)(C(=O)OCC=C)c2c1,ODH,16.8,0.8,13.44,train,0.0,0.0,9.9913
3161,ODH_charity_0616:row:3161,17698,Cc1ccc([C@@H](C=C)[C@]2(O)C(=O)N(Cc3cccc4ccccc34)c5ccccc25)c(C)c1,ODH,11.833,1.0,11.833,train,0.0,0.0,13.456794
201,ODH_charity_0616:row:201,1145,CC[C@H](F)C(=O)c1nccn1c2ccccc2,ODH,10.7,1.0,10.7,train,0.0,0.0,3.8307703
2351,ODH_charity_0616:row:2351,13000,CCCCCc1ccc(cc1)C#CC[C@@]2(C)COc3ccccc23,ODH,17.8,0.5,8.9,train,0.0,0.0,5.4477983
948,ODH_charity_0616:row:948,5292,COC(=O)C[C@@H](C#N)c1ccc(F)c(F)c1,ODH,21.4,0.8,17.12,train,0.0,0.0,3.3132896
4492,ODH_charity_0616:row:4492,23946,Cc1ccc(cc1)[S](=O)(=O)N2C[C@H](C=C)N(c3ccc(C)cc3C2=O)[S](C)(=O)=O,ODH,8.22,1.0,8.22,train,0.0,0.0,12.136534
119,ODH_charity_0616:row:119,670,CC(C)(C)c1ccc(cc1)[C@@H]2Nc3ccccc3OC2=O,ODH,8.8,1.0,8.8,train,0.0,0.0,10.614412
1515,ODH_charity_0616:row:1515,8568,COc1ccccc1N2C(=O)OC[C@]2(COCc3ccccc3)C=C,ODH,10.4,1.0,10.4,train,0.0,0.0,7.5546465
4384,ODH_charity_0616:row:4384,23539,CCOC(=O)[C@H](c1ccccc1)c2cc(C)n(Cc3ccccc3)c2C,ODH,8.5,0.7,5.95,train,0.0,0.0,9.457101
2609,ODH_charity_0616:row:2609,14258,COc1ccccc1C(=O)N[C@H](C)c2ccc3ccccc3c2,ODH,18.8,1.0,18.8,train,0.0,0.0,5.7008567
630,ODH_charity_0616:row:630,3663,C[C@@H](F)C(=O)c1nccn1c2ccccc2,ODH,16.9,1.0,16.9,train,0.0,0.0,3.6676795
502,ODH_charity_0616:row:502,2962,FC(F)(F)C[C@@]1(CC(=NO1)c2ccccc2)c3occc3,ODH,9.92,0.8,7.936,train,0.0,0.0,6.0559998
2991,ODH_charity_0616:row:2991,16513,CCCC[C@]1(CI)COc2ccccc12,ODH,23.3,0.5,11.65,train,0.0,0.0,3.710146
2201,ODH_charity_0616:row:2201,12148,O=C(OC1=C(Cl)C=CC=C1Cl)[C@@H](BP(C)C)C2=CC=CC=C2,ODH,15.77,2.0,31.54,train,0.0,0.0,7.1658154
3708,ODH_charity_0616:row:3708,20636,COc1ccc(cc1)C(=O)N[C@](C)(C(=O)Nc2ccccc2)C(=O)OCc3ccccc3,ODH,49.4,0.5,24.7,train,0.0,0.0,7.861366
4519,ODH_charity_0616:row:4519,24041,C=C[C@H](CCc1ccccc1)C(CC#C)(C#N)C#N,ODH,8.32,1.0,8.32,train,0.0,0.0,5.501762
2150,ODH_charity_0616:row:2150,11851,Cc1ccccc1\C=C\2CC[C@H]2O,ODH,9.561,0.8,7.6488,train,0.0,0.0,2.8844926
3303,ODH_charity_0616:row:3303,18414,COc1ccc(cc1)[C@@H]2[C@H](C=C(N(C2=O)[S](=O)(=O)c3ccc(C)cc3)c4ccccc4)c5ccccc5,ODH,19.1,0.75,14.325,train,0.0,0.0,12.549876
2907,ODH_charity_0616:row:2907,16032,CC(C)(C)c1ccc(OCCCC[C@@]2(CI)COc3ccccc23)cc1,ODH,22.1,0.5,11.05,train,0.0,0.0,11.830434
2946,ODH_charity_0616:row:2946,16244,COC(=O)[C@@]1(CCCC1=O)[C@H](C[N+]([O-])=O)c2ccccc2Cl,ODH,23.68,0.5,11.84,train,0.0,0.0,5.6848106
332,ODH_charity_0616:row:332,1825,Cc1ccc2CCCC[C@H](O)c2c1,ODH,10.8,1.0,10.8,train,0.0,0.0,2.6988497
735,ODH_charity_0616:row:735,4188,CCOC(=O)C[C@@H]1Nc2cc(ccc2OC1=O)C(C)(C)C,ODH,19.6,1.0,19.6,train,0.0,0.0,6.9159026
3597,ODH_charity_0616:row:3597,20034,CC(C)(C)OC(=O)[C@@](C)(N)C\C=C\c1cc(Cl)cc(Cl)c1,ODH,15.9,0.5,7.95,train,0.0,0.0,8.943783
1392,ODH_charity_0616:row:1392,8031,CC1(C)OC[C@@H](CO)Oc2ccc(OCc3ccccc3)cc12,ODH,16.4,1.0,16.4,train,0.0,0.0,6.1090355
1999,ODH_charity_0616:row:1999,11134,CCCCCC/C=C/[C@@H]1Cc2cc(C)c(C)cc2N1[S](=O)(=O)C(F)(F)F,ODH,16.5,0.5,8.25,train,0.0,0.0,9.595928
2486,ODH_charity_0616:row:2486,13775,COc1ccc(cc1)C(=O)[C@@H]2CCc3ccccc3N2,ODH,18.0,1.0,18.0,train,0.0,0.0,6.029005
3615,ODH_charity_0616:row:3615,20104,COc1ccc(cc1)[C@H]2N(C)CCc3ccccc23,ODH,4.4,1.0,4.4,train,0.0,0.0,5.306288
458,ODH_charity_0616:row:458,2474,CC(C)c1cccc(C(C)C)c1NC[C@H]2CCc3ccccc3N2,ODH,12.8,0.8,10.24,train,0.0,0.0,12.516432
171,ODH_charity_0616:row:171,997,CC(C)OC(=O)[C@@H](O)c1ccccc1C,ODH,6.9,1.0,6.9,train,0.0,0.0,3.7699199
2675,ODH_charity_0616:row:2675,14765,O[C@H]/1CCC1=C/c2oc3ccccc3c2,ODH,19.619,0.8,15.6952,train,0.0,0.0,3.2760518
8,ODH_charity_0616:row:8,119,CC1(C)COC(OC1)c2ccc(cc2)[C@]3(C)CC(C)(C)CN3C(=S)Nc4cc(cc(c4)C(F)(F)F)C(F)(F)F,ODH,6.1,1.0,6.1,train,0.0,0.0,22.35919
2327,ODH_charity_0616:row:2327,12908,O[C@@H]([C@@H](C=C)c1cc(Cl)cc(Cl)c1)C(=O)c2ccccc2,ODH,13.9,0.5,6.95,train,0.0,0.0,4.995703
4564,ODH_charity_0616:row:4564,24215,CCc1oc(c2ccccc2)c3[C@H]4COCCN4c5ccccc5Cc13,ODH,8.5,0.6,5.1,train,0.0,0.0,7.3721104
3121,ODH_charity_0616:row:3121,17394,CCCCOC(=O)[C@]1(N[S](=O)(=O)c2ccccc12)C#Cc3ccccc3,ODH,25.8,0.5,12.9,train,0.0,0.0,7.5034094
1163,ODH_charity_0616:row:1163,6917,Brc1cccc(c1)[C@@]2(CCC(=O)O2)C(=O)OC(c3ccccc3)c4ccccc4,ODH,10.3,0.75,7.725,train,0.0,0.0,8.692309
4372,ODH_charity_0616:row:4372,23487,COc1ccc(cc1)[C@@](C)(C\C=C\C=C\c2ccccc2)C=O,ODH,7.854,1.0,7.854,train,0.0,0.0,5.675529
3421,ODH_charity_0616:row:3421,19020,CCOC(=O)[C@]1(OC(=O)c2cc3ccccc3n12)c4ccccc4,ODH,32.1,0.3,9.63,train,0.0,0.0,7.6239214
3200,ODH_charity_0616:row:3200,17941,COc1ccccc1C(=O)OC[C@H](O)c2ccccc2,ODH,23.4,1.0,23.4,train,0.0,0.0,4.286024
497,ODH_charity_0616:row:497,2859,C1Cc2ccccc2N[C@@H]1c3ccccc3,ODH,14.1,0.6,8.46,train,0.0,0.0,4.003077
3119,ODH_charity_0616:row:3119,17385,COC(=O)c1ccc(cc1)[C@@](C)(CO)c2ccc(OC)cc2,ODH,25.78,0.6,15.468,train,0.0,0.0,5.5245295
4586,ODH_charity_0616:row:4586,24312,C1CCC(C1)[C@@H]2Cc3ccccc3N2,ODH,8.6,0.8,6.88,train,0.0,0.0,3.443847
3568,ODH_charity_0616:row:3568,19881,FC(F)(F)[C@]1(CC(=CC(=O)O1)c2ccc(Br)cc2)c3ccccc3,ODH,38.2,0.75,28.65,train,0.0,0.0,6.5514936
1686,ODH_charity_0616:row:1686,9527,C=C[C@H](C1=CNC2=C1C=CC=C2)CCCO[Si](C)(C(C)(C)C)C,ODH,14.3,1.0,14.3,train,0.0,0.0,18.533016
2551,ODH_charity_0616:row:2551,14010,Brc1ccc2OC(=O)C[C@H](c3ccccc3)c2c1,ODH,24.48,1.0,24.48,train,0.0,0.0,4.7328143
2365,ODH_charity_0616:row:2365,13057,Clc1ccc2OC(=O)C[C@H](c3ccccc3)c2c1,ODH,19.99,1.0,19.99,train,0.0,0.0,4.7247005
1051,ODH_charity_0616:row:1051,6169,COC(=O)[C@@H](Cc1ccc(cc1)\C=C\c2ccc3ccccc3c2c4ccccc4SC)NC(=O)OC(C)(C)C,ODH,36.5,0.8,29.2,train,0.0,0.0,14.284459
4670,ODH_charity_0616:row:4670,24560,CC[C@]1(N(c2cc(C)c(C)cc2C1=C)[S](=O)(=O)C(F)(F)F)c3ccc(Cl)cc3,ODH,8.82,0.6,5.292,train,0.0,0.0,16.711327
1183,ODH_charity_0616:row:1183,7034,CCCC(=O)O\C(c1ccccc1)=C\2[C@@H]([C@H](C)C=C2c3ccccc3)c4ccc(cc4)[N+]([O-])=O,ODH,10.4,0.7,7.28,train,0.0,0.0,8.453193
925,ODH_charity_0616:row:925,5204,COc1cccc(c1)[C@@H](O)C[N+]([O-])=O,ODH,20.1,1.2,24.12,train,0.0,0.0,3.0079572
4144,ODH_charity_0616:row:4144,22422,CCC[C@@H](NCCc1ccccc1)C(=C)CC,ODH,3.609,1.0,3.609,train,0.0,0.0,4.963033
2811,ODH_charity_0616:row:2811,15564,CO[C@H](C(=O)OC)c1ccccc1,ODH,21.19,1.0,21.19,train,0.0,0.0,2.5670383
4314,ODH_charity_0616:row:4314,23232,F[C@H](\C=C\c1ccccc1)C(=O)OCC=C,ODH,7.3,1.0,7.3,train,0.0,0.123761095,2.9387724
388,ODH_charity_0616:row:388,2141,CC(C)OC(=O)[C@@H](O)c1ccc2OCOc2c1,ODH,9.1,1.0,9.1,train,0.0,0.0,4.0738177
855,ODH_charity_0616:row:855,4883,CCOC(=O)[C@H]1N[S](=O)(=O)Oc2cc(OC)ccc12,ODH,23.6,1.0,23.6,train,0.0,0.0,5.33136
4174,ODH_charity_0616:row:4174,22603,O=C([C@@H]1CCC=C[C@@H]1N2C(=O)c3ccccc3[S]2(=O)=O)c4ccccc4,ODH,44.62,0.5,22.31,train,0.0,0.0,8.7458515
326,ODH_charity_0616:row:326,1807,COC(=O)/C=C/C[C@@H]1N(CCc2ccccc12)C(=O)\C=C\C,ODH,10.79,1.0,10.79,train,0.0,0.0,5.441029
186,ODH_charity_0616:row:186,1041,C[C@@H](C#N)c1ccc(Br)cc1,ODH,8.5,1.0,8.5,train,0.0,0.0,2.208677
2334,ODH_charity_0616:row:2334,12922,O[C@@H]([C@H](C=C)c1ccccc1)C(=O)c2ccccc2F,ODH,17.8,0.5,8.9,train,0.0,0.0,4.9347496
368,ODH_charity_0616:row:368,2006,CC[C@@H]1Cc2ccccc2N1,ODH,11.3,0.8,9.04,train,0.0,0.0,2.4396389
4764,ODH_charity_0616:row:4764,24985,O[C@H]/1CCCCCC1=C/c2ccccc2,ODH,9.2,0.8,7.36,train,0.0,0.0,3.2741797
910,ODH_charity_0616:row:910,5131,O=C1Oc2cc3ccccc3cc2N[C@@H]1c4ccccc4,ODH,25.8,1.0,25.8,train,0.0,0.0,6.4479194
4865,ODH_charity_0616:row:4865,25359,CC(=C)[C@@H]1CN(C(=C1)c2ccc(Br)cc2)[S](=O)(=O)c3ccc(C)cc3,ODH,8.67,0.8,6.936,train,0.0,0.0,8.315734
1178,ODH_charity_0616:row:1178,7017,COC(=O)[C@@]1(CCC(=O)O1)c2ccccc2,ODH,11.9,0.75,8.925,train,0.0,0.0,4.2856135
3071,ODH_charity_0616:row:3071,17085,Cc1cccc(c1)[C@@H](C=C)[C@H](O)C(=O)c2ccccc2,ODH,20.9,1.0,20.9,train,0.0,0.0,4.894803
4007,ODH_charity_0616:row:4007,21926,COc1ccccc1[C@@](c2[nH]ccc2)(c3[nH]c4ccccc4c3c5ccc6ccccc6c5)c7ccccc7,ODH,5.8,1.0,5.8,train,0.0,0.0,11.80676
4081,ODH_charity_0616:row:4081,22196,C1Cc2cc3OC[C@H](Oc3cc2C1)\C=C\c4ccccc4,ODH,6.58,1.0,6.58,train,0.0,0.0,5.1340055
1180,ODH_charity_0616:row:1180,7029,Clc1ccc2OC(=O)[C@@H](Nc2c1)c3ccccc3,ODH,14.9,0.7,10.43,train,0.0,0.0,5.658765
4318,ODH_charity_0616:row:4318,23247,CCC[C@H]1NCc2ccc(C)cc2[C@H]1F,ODH,8.6,0.8,6.88,train,0.0,0.0,4.0038996
2378,ODH_charity_0616:row:2378,13143,CCc1ccc2O[C@@H](C)C[C@@H](O)c2c1,ODH,20.204,0.5,10.102,train,0.0,0.0,3.1954062
2137,ODH_charity_0616:row:2137,11778,COC(=O)[C@H](O)c1ccc(Br)cc1,ODH,13.48,1.0,13.48,train,0.0,0.0,2.6247175
3595,ODH_charity_0616:row:3595,20032,COC(=O)[C@H](Cc1sccc1)NC(=O)c2ccccc2OC,ODH,39.7,0.8,31.76,train,0.0,0.0,4.5041637
3976,ODH_charity_0616:row:3976,21771,CN1CCc2ccccc2[C@@H]1c3ccccc3,ODH,6.0,0.7,4.2,train,0.0,0.0,4.5383677
1297,ODH_charity_0616:row:1297,7512,O=C1CC[C@](O1)(C(=O)Oc2ccccc2)c3ccccc3,ODH,11.8,0.75,8.85,train,0.0,0.0,5.99103
2290,ODH_charity_0616:row:2290,12649,C[C@@](C\C=C\C=C\c1ccccc1)(C=O)c2ccc(cc2)c3ccccc3,ODH,17.152,1.0,17.152,train,0.0,0.0,5.8875465
4480,ODH_charity_0616:row:4480,23913,C[C@@H](N[S](=O)(=O)C(C)(C)C)c1occc1,ODH,7.4,1.0,7.4,train,0.0,0.0,5.785401
1060,ODH_charity_0616:row:1060,6222,C(Cc1cc(OCc2ccccc2)cc(OCc3ccccc3)c1)[C@H]4CCc5ccccc5N4,ODH,44.7,0.5,22.35,train,0.0,0.0,7.527447
883,ODH_charity_0616:row:883,5021,CC(C)(C)c1ccc(C[C@@H]2CCCOC2=O)cc1,ODH,24.7,1.0,24.7,train,0.0,0.0,6.8255334
2400,ODH_charity_0616:row:2400,13215,Clc1ccc2N[C@H](CCc2c1)c3ccccc3,ODH,17.16,1.0,17.16,train,0.0,0.0,3.9790552
3092,ODH_charity_0616:row:3092,17204,COc1ccccc1[C@H](C)O,ODH,23.2,1.0,23.2,train,0.0,0.0,2.2533262
410,ODH_charity_0616:row:410,2260,O=C1CCCC2=C1CC[C@H](CCc3ccccc3)N2,ODH,12.1,1.0,12.1,train,0.0,0.0,4.8815947
175,ODH_charity_0616:row:175,1001,COC(=O)[C@@H](C)CC=O,ODH,11.5,1.0,11.5,train,0.0,0.0,1.3079901
91,ODH_charity_0616:row:91,504,C[C@@H](CCCO)c1ccc(C)cc1,ODH,6.68,1.0,6.68,train,0.0,0.0,2.9039474
1478,ODH_charity_0616:row:1478,8420,COc1ccc(cc1)[C@H]2Nc3ccccc3OC2=O,ODH,25.9,0.7,18.13,train,0.0,0.0,5.7346826
1617,ODH_charity_0616:row:1617,9184,CCCCC[C@H]1CCc2ccccc2N1,ODH,12.37,0.6,7.422,train,0.0,0.0,3.128151
2195,ODH_charity_0616:row:2195,12118,COc1ccc(cc1OC)[C@@H](CCCl)C#Cc2ccc(cc2)C#N,ODH,18.9,1.0,18.9,train,0.0,0.0,5.7513914
1418,ODH_charity_0616:row:1418,8169,C1Oc2ccccc2N[C@@H]1c3ccccc3,ODH,14.6,0.6,8.76,train,0.0,0.0,5.5473723
4795,ODH_charity_0616:row:4795,25111,CCC/C=C/C[C@@]1(C)CCc2ccccc12,ODH,9.6,0.5,4.8,train,0.0,0.0,4.664543
1628,ODH_charity_0616:row:1628,9236,Cc1cc(C)c2N(Cc3ccccc3)C(=O)[C@@]4(OC(=O)c5cccc6ccn4c56)c2c1,ODH,12.4,0.8,9.92,train,0.0,0.0,12.031596
1555,ODH_charity_0616:row:1555,8821,C[C@H]1Nc2ccccc2Oc3c(Cl)cccc13,ODH,12.0,0.7,8.4,train,0.0,0.0,4.0657244
3795,ODH_charity_0616:row:3795,21018,O1C=C[C@@H](c2ccccc2)c3ccccc13,ODH,4.9,1.0,4.9,train,0.0,0.0,3.9265034
2699,ODH_charity_0616:row:2699,14915,O[C@@]1([C@H](C=C)c2ccccc2F)C(=O)N(Cc3cccc4ccccc34)c5ccccc15,ODH,16.291,1.0,16.291,train,0.0,0.0,10.229462
3673,ODH_charity_0616:row:3673,20404,C[C@]1(COc2ccccc12)CC#Cc3cccc(Cl)c3,ODH,41.6,0.5,20.8,train,0.0,0.0,4.3887086
3091,ODH_charity_0616:row:3091,17195,CCCCN1C(=O)[C@@](CO)(\C=C\c2ccccc2)c3ccccc13,ODH,25.2,0.8,20.16,train,0.0,0.0,6.551164
4386,ODH_charity_0616:row:4386,23549,COc1ccc(cc1)[C@](c2[nH]ccc2)(c3[nH]c4ccccc4c3c5ccccc5)c6ccccc6OC,ODH,9.3,1.0,9.3,train,0.0,0.0,10.482912
2550,ODH_charity_0616:row:2550,14009,C[C@]12Cc3ccccc3N=C1c4c(O)cc(cc4C2=O)c5ccccc5,ODH,18.4,0.75,13.8,train,0.0,0.0,8.020552
4544,ODH_charity_0616:row:4544,24101,Cc1ccc(cc1)\C=C\2CCC[C@@H]2O,ODH,8.4,0.8,6.72,train,0.0,0.0,3.0564451
4221,ODH_charity_0616:row:4221,22837,C[C@@](C\C=C\C=C\c1ccccc1)(C=O)c2ccc(F)cc2,ODH,7.971,1.0,7.971,train,0.0,0.0,5.346167
1835,ODH_charity_0616:row:1835,10289,COc1cc2CCN3CCC[C@@H]3c2cc1OC,ODH,8.92,1.0,8.92,train,0.0,0.0,5.6447306
1025,ODH_charity_0616:row:1025,5991,C1Cc2ccccc2N[C@H]1CNc3cccc4ccccc34,ODH,37.7,1.0,37.7,train,0.0,0.0,6.154694
488,ODH_charity_0616:row:488,2762,COc1ccc(cc1)[C@H]2Nc3ccccc3OC2=O,ODH,13.7,1.0,13.7,train,0.0,0.0,5.230376
159,ODH_charity_0616:row:159,951,CC1(C)CN(C(=S)Nc2ccc(F)cc2)[C@@](C)(C1)c3ccccc3,ODH,10.67,1.0,10.67,train,0.0,0.0,10.357074
29,ODH_charity_0616:row:29,212,CCCCC[C@H](CC=O)C(=O)OCC,ODH,5.3,1.0,5.3,train,0.0,0.0,2.2727654
3495,ODH_charity_0616:row:3495,19389,C1Cc2ccccc2N[C@@H]1c3ccc4ccccc4c3,ODH,20.72,0.6,12.432,train,0.0,0.0,5.1333504
3261,ODH_charity_0616:row:3261,18224,Cc1cccc(/C=C/C[C@@](C)(N)C(=O)OC(C)(C)C)c1,ODH,28.9,0.5,14.45,train,0.0,0.0,8.43108
1595,ODH_charity_0616:row:1595,9066,CC[C@H](C#Cc1cccc(Cl)c1)c2ccccc2,ODH,12.21,0.7,8.547,train,0.0,0.0,3.8077579
4422,ODH_charity_0616:row:4422,23706,Nc1ncnc2n(cnc12)[C@H]/3CCC3=C/c4ccccc4,ODH,75.397,0.5,37.6985,train,0.0,0.0,5.687921
105,ODH_charity_0616:row:105,608,C[C@@H](CC(=O)NC(C)(C)c1ccccn1)c2ccc3[nH]ccc3c2,ODH,5.2,1.0,5.2,train,0.0,0.0,9.391886
4581,ODH_charity_0616:row:4581,24282,COC(=O)[C@H](OCC=C)c1ccccc1,ODH,7.69,1.0,7.69,train,0.0,0.011956009,2.847588
3802,ODH_charity_0616:row:3802,21047,C[C@](C\C=C\c1ccccc1)(C=O)C2CCCCC2,ODH,5.332,1.0,5.332,train,0.0,0.0,4.0675945
3537,ODH_charity_0616:row:3537,19712,C=CC[C@@]12COC(=O)N1[S](=O)(=O)c3ccccc23,ODH,36.9,1.0,36.9,train,0.0,0.0,6.7440414
4746,ODH_charity_0616:row:4746,24912,O[C@H]/1CCCC1=C/c2ccccc2,ODH,9.12,1.0,9.12,train,0.0,0.0,2.8937335
1173,ODH_charity_0616:row:1173,6967,CC(=O)[C@]1(CO1)c2ccc(Cl)cc2,ODH,10.34,1.0,10.34,train,0.0,0.0,3.6305273
597,ODH_charity_0616:row:597,3448,CCOC(=O)[C@@](C[N+]([O-])=O)(O\N=C\c1ccc(OC)cc1)c2ccc(cc2)c3ccccc3,ODH,16.05,1.0,16.05,train,0.0,0.0,8.381634
618,ODH_charity_0616:row:618,3602,Cc1ccccc1[C@H]2C[C@H]([C@@H]2CO)c3cccn3CC=C,ODH,10.6,1.0,10.6,train,0.0,0.0,6.4808335
2129,ODH_charity_0616:row:2129,11754,CCCCC[C@@]1(COc2ccccc12)CC3=CCCC3,ODH,9.3,0.75,6.975,train,0.0,0.0,5.064734
1285,ODH_charity_0616:row:1285,7442,C[C@H](N[S](=O)(=O)C(C)(C)C)c1cccc(Br)c1,ODH,10.8,1.0,10.8,train,0.0,0.0,6.6042776
4378,ODH_charity_0616:row:4378,23518,CCOC(=O)C1=C(C)OC(=O)C[C@H]1c2cccc(Br)c2,ODH,17.7,0.7,12.39,train,0.0,0.0,5.3493032
1739,ODH_charity_0616:row:1739,9765,COC(=O)[C@@]1(CCCC1=O)[C@H](C[N+]([O-])=O)c2ccc(Br)cc2,ODH,20.15,1.0,20.15,train,0.0,0.0,5.9892044
4439,ODH_charity_0616:row:4439,23759,O[C@H]/1CCCCC1=C/c2ccccc2,ODH,8.04,1.0,8.04,train,0.0,0.0,3.0975306
4198,ODH_charity_0616:row:4198,22716,CCCCC[C@@H]1NCc2ccccc2[C@H]1F,ODH,7.0,0.8,5.6,train,0.0,0.0,3.9495597
2209,ODH_charity_0616:row:2209,12185,Brc1ccc2N(Cc3ccccc3)C(=O)[C@H](CC4CC4)Oc2c1,ODH,17.0,0.5,8.5,train,0.0,0.0,5.7770324
501,ODH_charity_0616:row:501,2945,O[C@H](C[N+]([O-])=O)c1ccc(F)cc1,ODH,14.4,1.0,14.4,train,0.0,0.0,2.8939667
1694,ODH_charity_0616:row:1694,9582,CC(C)(C)[P@](=O)(Cc1ccc(cc1)C#N)c2ccccc2,ODH,14.77,1.0,14.77,train,0.0,0.0,10.098377
1413,ODH_charity_0616:row:1413,8124,COc1ccc(C[C@@H]2CC(C)(C)CN2C(=O)OC(C)(C)C)cc1OC,ODH,11.374,0.5,5.687,train,0.0,0.0,16.352352
207,ODH_charity_0616:row:207,1164,Cc1cccc(c1)C2=NO[C@@](C2)(CC(F)(F)F)c3ccccc3,ODH,8.02,0.8,6.416,train,0.0,0.0,6.9656467
1375,ODH_charity_0616:row:1375,7899,COc1ccccc1[C@](c2[nH]c(cc2)c3ccccc3)(c4ccccc4)c5ccc(O)cc5,ODH,11.2,1.0,11.2,train,0.0,0.0,9.003599
1201,ODH_charity_0616:row:1201,7099,C[C@H](NC(=O)OC(C)(C)C)C(=O)OCc1ccccc1,ODH,10.49,1.0,10.49,train,0.0,0.0,5.8027515
3028,ODH_charity_0616:row:3028,16799,COC(=O)c1ccc(cc1)[C@@](C)(C=O)c2ccc(cc2)c3ccccc3,ODH,22.06,0.6,13.236,train,0.0,0.0,6.6877294
3024,ODH_charity_0616:row:3024,16787,OC[C@]1(O)CCCOC1,ODH,26.4,1.0,26.4,train,0.0,0.0,1.5830318
2167,ODH_charity_0616:row:2167,11979,OC[C@H](CCl)c1oc2ccccc2c1,ODH,16.8,1.0,16.8,train,0.0,0.0,3.1005383
456,ODH_charity_0616:row:456,2464,Fc1ccc2OC(=O)[C@H](Nc2c1)c3ccccc3,ODH,12.7,1.0,12.7,train,0.0,0.0,5.0462337
3592,ODH_charity_0616:row:3592,20021,O=Cc1cccc(c1)[S@](=O)Cc2ccccc2,ODH,46.8,0.5,23.4,train,0.0,0.29999033,3.9124498
2945,ODH_charity_0616:row:2945,16222,COc1ccccc1\C=C\[C@@H](C)C#Cc2ccc(cc2)C#N,ODH,22.6,0.5,11.3,train,0.0,0.0,4.6321607
1852,ODH_charity_0616:row:1852,10354,CCCCC(=O)[C@H](NC(=O)OC(C)(C)C)c1ccccc1C,ODH,9.6,0.5,4.8,train,0.0,0.0,7.86769
118,ODH_charity_0616:row:118,669,C[C@@H](CC(=O)C1CCCCC1)[S](=O)(=O)c2ccc(C)cc2,ODH,7.3,1.0,7.3,train,0.0,0.0,4.865814
2244,ODH_charity_0616:row:2244,12368,C[C@@]1(CO)CCCOC1,ODH,14.8,1.0,14.8,train,0.0,0.0,1.6398177
4068,ODH_charity_0616:row:4068,22153,CCCC[C@@H]1Cc2ccccc2N1,ODH,7.9,1.0,7.9,train,0.0,0.0,2.8457637
728,ODH_charity_0616:row:728,4162,CCC[C@H]1Cc2ccccc2N[C@H]1c3ccccc3,ODH,30.9,0.5,15.45,train,0.0,0.0,5.313316
2990,ODH_charity_0616:row:2990,16512,CCCC[C@@]1(CI)COc2ccccc12,ODH,27.8,0.5,13.9,train,0.0,0.0,3.6761048
945,ODH_charity_0616:row:945,5284,CC(C)C[C@H]1CCc2ccccc2N1,ODH,27.2,0.5,13.6,train,0.0,0.0,4.1227856
3004,ODH_charity_0616:row:3004,16586,COC(=O)C1(CC1)NC(=O)[C@@](C)(NC(=O)c2ccc(OC)cc2)C(=O)OCc3ccccc3,ODH,28.6,0.5,14.3,train,0.0,0.0,9.274185
681,ODH_charity_0616:row:681,3870,OC[C@H]1COc2ccccc2O1,ODH,16.3,1.0,16.3,train,0.0,0.0,2.5474436
3893,ODH_charity_0616:row:3893,21361,Cc1ccc(cc1C)[C@@H]2NCCNC2=O,ODH,36.1,1.0,36.1,train,0.0,0.0,3.495418
4751,ODH_charity_0616:row:4751,24958,Cc1cc([C@H](C(=O)OCc2ccccc2)c3ccc(Br)cc3)c(C)n1Cc4ccccc4,ODH,10.6,0.7,7.42,train,0.0,0.0,10.433976
733,ODH_charity_0616:row:733,4186,Cc1ccc(cc1)[C@@H](O)CBr,ODH,19.6,1.0,19.6,train,0.0,0.064039,2.064594
2263,ODH_charity_0616:row:2263,12493,CCOC(=O)[C@]1(CC=C)N[S](=O)(=O)c2ccc(cc12)C(C)C,ODH,16.2,0.8,12.96,train,0.0,0.0,8.859327
3417,ODH_charity_0616:row:3417,18972,Fc1ccc(cc1)C(=O)C([C@H](C(=O)\C=C\c2ccc3ccccc3c2)c4ccccc4)C(=O)c5ccc(F)cc5,ODH,31.9,0.75,23.925,train,0.0,0.0,14.512155
352,ODH_charity_0616:row:352,1941,C([C@@H]1Cc2ccccc2N1)c3ccccc3,ODH,11.1,0.8,8.88,train,0.0,0.0,3.5964253
185,ODH_charity_0616:row:185,1040,C[C@H](C#N)c1ccc(Br)cc1,ODH,8.1,1.0,8.1,train,0.0,0.0,2.223574
3821,ODH_charity_0616:row:3821,21136,Fc1ccccc1\C=C\[C@H]2COc3ccccc3O2,ODH,5.9,1.0,5.9,train,0.0,0.0,4.361964
1894,ODH_charity_0616:row:1894,10562,CC(C)[C@@H]1[C@H](N1[S](=O)(=O)c2ccc(C)cc2)C(C)=O,ODH,12.3,0.8,9.84,train,0.0,0.0,8.268469
481,ODH_charity_0616:row:481,2714,C[C@@H](C#Cc1ccccc1)c2ccccc2,ODH,19.33,1.0,19.33,train,0.0,0.0,3.2778559
4462,ODH_charity_0616:row:4462,23845,C[C@@H](C(=O)OCc1ccccc1)c2cc(C)n(Cc3ccccc3)c2C,ODH,9.5,0.7,6.65,train,0.0,0.0,9.554678
3881,ODH_charity_0616:row:3881,21333,O=C(O[C@H]1C[C@@H](C2=CC=CC(Cl)=C2)N3C4=C1C=CC=C4CC[C@H]3C5=CC=CC=C5)NCC6=CC=CC=C6,ODH,8.07,1.0,8.07,train,0.0,0.0,12.911915
2323,ODH_charity_0616:row:2323,12871,N#C[C@@]1(CCc2cc(cnc12)c3ccccc3)Cc4ccccc4,ODH,16.705,1.0,16.705,train,0.0,0.0,6.361044
793,ODH_charity_0616:row:793,4590,O[C@H]1C[C@@H](N(O1)C(=O)OCc2ccccc2)c3ccc(Cl)cc3,ODH,18.8,1.0,18.8,train,0.0,0.0,5.4443116
528,ODH_charity_0616:row:528,3114,CCC[C@@H]1CCC2=C(CCCC2=O)N1,ODH,14.9,1.0,14.9,train,0.0,0.0,3.2361548
3067,ODH_charity_0616:row:3067,17077,Cc1ccc(cc1)[S](=O)(=O)N2C(=O)[C@@H]([C@H](C=C2c3ccccc3)c4cccc(Br)c4)c5ccccc5,ODH,14.6,0.75,10.95,train,0.0,0.0,12.26484
3173,ODH_charity_0616:row:3173,17757,Brc1ccc(cc1)/C=C/C(=O)[C@@H](C(C(=O)c2ccccc2)C(=O)c3ccccc3)c4ccccc4,ODH,27.0,0.75,20.25,train,0.0,0.0,12.302342
3681,ODH_charity_0616:row:3681,20460,COc1ccc2C[C@@](O)([C@H](C=C)c3ccccc3)C(=O)c2c1,ODH,39.2,0.5,19.6,train,0.0,0.0,6.0099335
2843,ODH_charity_0616:row:2843,15734,CC(C)Oc1ccccc1[C@@H](CCCc2ccccc2)C(F)(F)F,ODH,21.53,0.5,10.765,train,0.0,0.0,7.7647977
4638,ODH_charity_0616:row:4638,24475,CC[C@@H](C#Cc1ccccc1)c2ccccc2C,ODH,8.12,0.7,5.684,train,0.0,0.0,4.4740543
4522,ODH_charity_0616:row:4522,24064,CC[C@]1(CC(C)=C)CC(=NO1)c2ccccc2,ODH,8.85,0.6,5.31,train,0.0,0.0,7.237928
2276,ODH_charity_0616:row:2276,12572,Cc1ccc(cc1)[S](=O)(=O)NC[C@H](CC(=O)c2ccccc2)C(=C)c3ccccc3,ODH,16.26,0.5,8.13,train,0.0,0.0,8.700273
2214,ODH_charity_0616:row:2214,12212,Clc1cccc(c1)[C@H]2CNc3ccccc3N2,ODH,15.8,0.7,11.06,train,0.0,0.0,5.431038
4305,ODH_charity_0616:row:4305,23177,Cc1ccc(cc1)[S](=O)(=O)N2C[C@@H](C=C)N(c3cc(C)c(C)cc3C2=O)[S](C)(=O)=O,ODH,23.58,1.0,23.58,train,0.0,0.0,15.87294
758,ODH_charity_0616:row:758,4253,CCOC(=O)C[C@@H]1Nc2ccc(C)cc2OC1=O,ODH,19.9,1.0,19.9,train,0.0,0.0,3.7999132
3136,ODH_charity_0616:row:3136,17546,Cc1ccc(cc1)N2N=C(C)[C@](C\C=C\C=N\N3C(=O)c4ccccc4C3=O)(Cc5ccc(Cl)cc5)C2=O,ODH,26.246,1.0,26.246,train,0.0,0.0,13.053767
4230,ODH_charity_0616:row:4230,22859,CCOC(=O)[C@H](Oc1ccccc1)c2ccccc2,ODH,7.2,1.0,7.2,train,0.0,0.0,3.8883538
4057,ODH_charity_0616:row:4057,22130,C[C@]1(C(=O)OCC=C)C(=O)Oc2c3ccccc3ccc12,ODH,13.0,0.6,7.8,train,0.0,0.0,6.2095776
513,ODH_charity_0616:row:513,2990,C[C@@H]1Cc2cc(Cl)ccc2N1,ODH,14.5,0.8,11.6,train,0.0,0.0,2.4153974
3573,ODH_charity_0616:row:3573,19936,Cc1ccc(cc1)[S](=O)(=O)N2CC[C@H](C2)c3ccc(Br)cc3,ODH,40.5,1.0,40.5,train,0.0,0.0,5.50573
3834,ODH_charity_0616:row:3834,21171,C[C@H](O)c1cc(cc(c1)C(F)(F)F)C(F)(F)F,ODH,5.66,1.0,5.66,train,0.0,0.0,3.9517977
4250,ODH_charity_0616:row:4250,22945,O=C(OCc1ccccc1)[C@H](Oc2ccccc2)c3ccc(cc3)c4ccccc4,ODH,12.9,1.0,12.9,train,0.0,0.0,8.115133
2797,ODH_charity_0616:row:2797,15517,Cc1cccc(c1)[C@H]2[C@H](Nc3cc(cc(c3)C(F)(F)F)C(F)(F)F)C=CC2=O,ODH,13.8,1.0,13.8,train,0.0,0.0,7.012832
1360,ODH_charity_0616:row:1360,7838,CC(C)(C)C(=O)OC[C@]1(CCO[Si](c2ccccc2)(c3ccccc3)C(C)(C)C)CCSC1,ODH,11.1,1.0,11.1,train,0.0,0.0,19.283394
1290,ODH_charity_0616:row:1290,7456,CSc1ccc(cc1)[C@@H]2C[C@@H](Oc3ccccc23)Sc4ccccc4,ODH,9.8,1.0,9.8,train,0.0,0.0,6.250739
4626,ODH_charity_0616:row:4626,24427,Brc1ccc(cc1)C2(SCCCS2)[C@H](C=Cc3ccccc3)c4ccccc4,ODH,8.7,1.0,8.7,train,0.0,0.0,8.067482
2181,ODH_charity_0616:row:2181,12061,Fc1ccc(cc1)[C@H]2CNc3ccccc3N2,ODH,15.6,0.6,9.36,train,0.0,0.0,5.4511523
4315,ODH_charity_0616:row:4315,23233,F[C@@H](\C=C\c1ccccc1)C(=O)OCC=C,ODH,7.6,1.0,7.6,train,0.0,0.12578806,2.9273155
1130,ODH_charity_0616:row:1130,6688,CC1(C)OC[C@@H](CO)Oc2ccc(Br)cc12,ODH,11.4,1.0,11.4,train,0.0,0.0,4.337395
2410,ODH_charity_0616:row:2410,13276,CC[C@](C\C=C\C=C\c1ccccc1)(C=O)c2ccccc2,ODH,17.253,0.8,13.8024,train,0.0,0.0,4.4741964
2005,ODH_charity_0616:row:2005,11148,CCOC(=O)[C@@H](CC=O)c1c[nH]c2ccccc12,ODH,18.83,1.0,18.83,train,0.0,0.0,4.5671616
752,ODH_charity_0616:row:752,4231,CCN(CC)C(=O)[C@@H](CC=O)Cc1ccccc1,ODH,19.8,1.0,19.8,train,0.0,0.0,3.6465576
4504,ODH_charity_0616:row:4504,23989,FC(F)(F)[C@H]1Cc2ccccc2N[C@H]1C#Cc3ccccc3,ODH,10.8,0.7,7.56,train,0.0,0.0,7.9116006
459,ODH_charity_0616:row:459,2499,Cc1ccc(cc1)[S](=O)(=O)N2CC=C[C@@H]2c3ccccc3,ODH,11.174,1.0,11.174,train,0.0,0.0,6.276727
3767,ODH_charity_0616:row:3767,20899,COC(=O)[C@H]1CCc2cc(F)ccc2O1,ODH,7.77,1.0,7.77,train,0.0,0.0,3.856294
4569,ODH_charity_0616:row:4569,24239,Cc1cccc(C[C@H]2Cc3ccccc3N2)c1,ODH,8.5,1.0,8.5,train,0.0,0.0,3.5880027
1908,ODH_charity_0616:row:1908,10631,CC(C)(C)[C@@H](O)c1ccccc1,ODH,9.5,0.8,7.6,train,0.0,0.0,4.8589187
4444,ODH_charity_0616:row:4444,23784,CC[C@@]1(N(c2cc(C)c(C)cc2C1=C)[S](=O)(=O)C(F)(F)F)c3ccc(F)cc3,ODH,7.52,1.0,7.52,train,0.0,0.0,14.146287
2547,ODH_charity_0616:row:2547,14006,COc1ccc(cc1)[C@H]2c3cc4OCOc4cc3OC(=C2[S](=O)(=O)c5ccccc5)N,ODH,22.0,0.7,15.4,train,0.0,0.0,12.004443
1893,ODH_charity_0616:row:1893,10554,CCOC(=O)C1=C(C)OC(=O)C[C@@H]1c2ccc(Cl)cc2,ODH,13.8,0.7,9.66,train,0.0,0.0,5.5887837
2054,ODH_charity_0616:row:2054,11437,CC(C)(C)OC(=O)C(C)(C)C[C@H](\C=C/Cn1c2ccccc2c3ccccc13)c4ccccc4,ODH,14.85,0.5,7.425,train,0.0,0.0,22.403437
3138,ODH_charity_0616:row:3138,17583,O[C@@H]([C@H](C=C)c1ccccc1)C(=O)c2ccccc2,ODH,25.0,0.5,12.5,train,0.0,0.0,4.5945873
98,ODH_charity_0616:row:98,563,CC(C)(C)OC(=O)N[C@H](c1ccccc1)c2ccc(Cl)cc2,ODH,7.37,0.7,5.159,train,0.0,0.0,9.01041
674,ODH_charity_0616:row:674,3847,CC(C)(NC(=O)C[C@H]1CCOc2ccc(Cl)cc12)c3ccccn3,ODH,17.8,0.6,10.68,train,0.0,0.0,6.9484625
1470,ODH_charity_0616:row:1470,8407,Brc1ccc(cc1)C(=O)N2[C@@H](Cc3ccccc3c4oc5ccccc5c24)c6ccccc6,ODH,16.2,0.7,11.34,train,0.0,0.0,9.627219
69,ODH_charity_0616:row:69,429,C[C@H]1CCc2cc(F)ccc2N1,ODH,6.4,1.0,6.4,train,0.0,0.0,2.492896
4535,ODH_charity_0616:row:4535,24090,O[C@@H]/1CCCC1=C/c2cccc(Cl)c2,ODH,7.37,1.0,7.37,train,0.0,0.0,3.1012464
1770,ODH_charity_0616:row:1770,9935,CC1(C)CCC(=O)O[C@H]1c2ccc(cc2)[N+]([O-])=O,ODH,16.0,1.0,16.0,train,0.0,0.0,5.1333656
3758,ODH_charity_0616:row:3758,20873,Cc1ccc(cc1)[S](=O)(=O)N2CC[C@@H](C2)c3ccc(F)cc3,ODH,49.8,1.0,49.8,train,0.0,0.0,5.7868443
2888,ODH_charity_0616:row:2888,15922,C[C@@]1(CC=C)N[S](=O)(=O)c2ccccc12,ODH,17.6,0.8,14.08,train,0.0,0.0,4.8372154
567,ODH_charity_0616:row:567,3309,COc1ccc(cc1)C(=O)[C@@]2(OCCC[C@@H]2Br)c3ccc(OC)cc3,ODH,13.34,1.0,13.34,train,0.0,0.0,6.2584815
3720,ODH_charity_0616:row:3720,20673,CCOC(=O)[C@@](N)(CCc1ccccc1)C\C=C\c2ccccc2,ODH,45.6,1.0,45.6,train,0.0,0.0,5.410127
721,ODH_charity_0616:row:721,4121,Cc1ccc(cc1)[C@@H](N)c2ccccc2O,ODH,19.23,0.7,13.461,train,0.0,0.0,4.6016917
560,ODH_charity_0616:row:560,3277,C[C@@H]1CCC2=C(CCCC2=O)N1,ODH,15.4,1.0,15.4,train,0.0,0.0,2.7024076
307,ODH_charity_0616:row:307,1732,C1Cc2ccccc2N[C@@H]1CNC(c3ccccc3)c4ccccc4,ODH,13.5,1.0,13.5,train,0.0,0.0,6.3062596
1012,ODH_charity_0616:row:1012,5881,COc1cccc(c1)c2ccc(cc2)[C@H](O)C(F)(F)F,ODH,35.1,1.0,35.1,train,0.0,0.0,4.488673
549,ODH_charity_0616:row:549,3250,C[C@@H](CC(=O)c1ccccc1)[S](=O)(=O)c2ccccc2,ODH,15.3,1.0,15.3,train,0.0,0.0,5.2513146
1250,ODH_charity_0616:row:1250,7281,C[C@@](C\C=C\C=C\c1ccccc1)(C=O)c2ccc(cc2)C(F)(F)F,ODH,12.769,1.0,12.769,train,0.0,0.0,5.5055513
3056,ODH_charity_0616:row:3056,16985,CCCCCCC[C@H]1[C@@H](c2ccc(OC)cc2)c3cc4OCOc4cc3OC1=O,ODH,14.8,0.6,8.88,train,0.0,0.0,8.220458
1552,ODH_charity_0616:row:1552,8816,Cc1cc2C[C@@H](/C=C/c3ccc(Cl)cc3)N(c2cc1C)[S](=O)(=O)C(F)(F)F,ODH,12.6,0.5,6.3,train,0.0,0.0,9.9790745
2994,ODH_charity_0616:row:2994,16539,CCOC(=O)C[C@H](CN(Cc1ccccc1)Cc2ccccc2)C(=O)OC,ODH,23.4,0.5,11.7,train,0.0,0.0,5.101045
4944,ODH_charity_0616:row:4944,25713,C1CCC(CC1)[C@H](C#Cc2ccccc2)c3ccccc3,ODH,9.88,0.7,6.916,train,0.0,0.0,4.931256
1931,ODH_charity_0616:row:1931,10732,O=[S@@](C1CCCCC1)c2ccccc2,ODH,14.04,1.0,14.04,train,0.0,0.0,3.2021117
3527,ODH_charity_0616:row:3527,19652,COc1cccc(c1)[C@H](O)CO,ODH,41.8,0.8,33.44,train,0.0,0.15016548,2.3459888
4521,ODH_charity_0616:row:4521,24050,CCOC(=O)CC/C=C/C=C/C[C@@](C)(C=O)c1ccccc1,ODH,8.327,1.0,8.327,train,0.0,0.0,4.264401
4617,ODH_charity_0616:row:4617,24416,COc1ccc(O[C@@H](C(=O)OCc2ccccc2)c3ccccc3)cc1,ODH,12.8,1.0,12.8,train,0.0,0.0,5.990401
2737,ODH_charity_0616:row:2737,15111,Cc1cn2c3c(cccc13)C(=O)O[C@@]24C(=O)N(Cc5ccccc5)c6ccccc46,ODH,20.3,0.8,16.24,train,0.0,0.0,10.561309
4078,ODH_charity_0616:row:4078,22192,CC(=C)[C@@H](CCc1ccccc1)NCc2ccccc2,ODH,5.956,1.0,5.956,train,0.0,0.0,5.2662506
1324,ODH_charity_0616:row:1324,7664,C[C@H]1Cc2ccccc2N1,ODH,11.0,0.8,8.8,train,0.0,0.0,2.1755996
396,ODH_charity_0616:row:396,2151,Brc1cccc(c1)[C@@H]2[C@@H](C=O)[C@]23CCC3(c4ccccc4)c5ccccc5,ODH,8.92,1.0,8.92,train,0.0,0.0,10.165484
871,ODH_charity_0616:row:871,4954,CC(C)(C)OC(=O)N1O[C@@H](O)C[C@@H]1c2ccc(Cl)cc2,ODH,21.3,0.5,10.65,train,0.0,0.0,7.3950267
4077,ODH_charity_0616:row:4077,22190,CC[Si](CC)(CC)C[C@@](C)(c1ccccc1)c2ccc(cc2)c3ccccc3,ODH,6.57,0.6,3.942,train,0.0,0.0,14.050515
1319,ODH_charity_0616:row:1319,7646,CCOC(=O)[C@@]1(N[S](=O)(=O)c2ccccc12)C#Cc3ccc(cc3)[N+]([O-])=O,ODH,116.4,0.5,58.2,train,0.0,0.0,8.789605
730,ODH_charity_0616:row:730,4170,CC1(C)CN(C(=O)Nc2cc(cc(c2)C(F)(F)F)C(F)(F)F)[C@](Cc3cccc(c3)[N+]([O-])=O)(C1)c4ccccc4,ODH,16.7,0.7,11.69,train,0.0,0.0,11.283919
178,ODH_charity_0616:row:178,1004,Fc1ccc(cc1)[C@@H]2CCc3ccccc3N2,ODH,8.4,0.8,6.72,train,0.0,0.0,4.4148803
2318,ODH_charity_0616:row:2318,12849,CCCCOC(=O)[C@@]1(CC=C)N[S](=O)(=O)c2ccccc12,ODH,14.3,0.8,11.44,train,0.0,0.0,6.284147
4545,ODH_charity_0616:row:4545,24108,C1[C@@H](Oc2ccccc2[C@@H]1C#Cc3ccccc3)Sc4ccccc4,ODH,10.9,1.0,10.9,train,0.0,0.0,6.0990252
3073,ODH_charity_0616:row:3073,17113,COc1ccc(cc1)[C@H](O)C(=O)c2ccc(OC)cc2,ODH,24.96,1.0,24.96,train,0.0,0.0,4.6391163
751,ODH_charity_0616:row:751,4230,CCN(CC)C(=O)[C@H](CC=O)Cc1ccccc1,ODH,12.4,1.0,12.4,train,0.0,0.0,3.7217162
1348,ODH_charity_0616:row:1348,7781,C[C@@H]1C(\C=C\c2ccccc2)N(c3cc(C)c(C)cc13)[S](=O)(=O)C(F)(F)F,ODH,11.1,0.5,5.55,train,0.0,0.0,12.318358
2366,ODH_charity_0616:row:2366,13058,Clc1ccc2OC(=O)C[C@@H](c3ccccc3)c2c1,ODH,16.94,1.0,16.94,train,0.0,0.0,4.680786
1714,ODH_charity_0616:row:1714,9650,CCC[C@@H]1Nc2ccccc2C[C@H]1N3C(=O)c4ccccc4C3=O,ODH,12.8,0.7,8.96,train,0.0,0.0,8.3164625
1170,ODH_charity_0616:row:1170,6960,Cc1ccc(cc1)[S](=O)(=O)N2C[C@@H](C=C)N(c3cc4ccccc4cc3C2=O)[S](C)(=O)=O,ODH,29.97,1.0,29.97,train,0.0,0.0,12.168237
1018,ODH_charity_0616:row:1018,5920,COC(=O)C[C@@H](C#N)c1ccc(cc1)c2ccccc2,ODH,27.7,1.0,27.7,train,0.0,0.0,4.1434813
3026,ODH_charity_0616:row:3026,16793,OC[C@@H](O)c1occc1,ODH,28.9,0.9,26.01,train,0.0,0.34012145,1.6948434
3788,ODH_charity_0616:row:3788,21009,CC(C)(C)OC(=O)[C@](C)(N)C\C=C\c1ccccc1F,ODH,5.3,1.0,5.3,train,0.0,0.0,7.644318
1627,ODH_charity_0616:row:1627,9235,Cc1cc(C)c2N(Cc3ccccc3)C(=O)[C@]4(OC(=O)c5cccc6ccn4c56)c2c1,ODH,13.8,0.8,11.04,train,0.0,0.0,12.119174
3591,ODH_charity_0616:row:3591,20020,COc1ccc(cc1)[C@@H](C)COC=O,ODH,39.6,0.5,19.8,train,0.0,0.0,2.359732
1900,ODH_charity_0616:row:1900,10585,FC(F)(F)[C@]1(Cc2oc3ccccc3c2C(=O)O1)c4ccccc4,ODH,13.9,0.6,8.34,train,0.0,0.0,7.304878
4579,ODH_charity_0616:row:4579,24280,Cc1ccc(cc1)\C=C\2CCC[C@H]2O,ODH,7.19,1.022,7.34818,train,0.0,0.0,3.075847
4002,ODH_charity_0616:row:4002,21909,CC(=C)[C@H]1CN(C(=C1)C2=CCCCC2)[S](=O)(=O)c3ccc(C)cc3,ODH,6.19,0.8,4.952,train,0.0,0.0,8.551164
2600,ODH_charity_0616:row:2600,14207,CCCC[C@H]1[C@@H](C)c2ccccc2[S](=O)(=O)N1Cc3ccccc3,ODH,24.6,0.7,17.22,train,0.0,0.0,6.966094
2972,ODH_charity_0616:row:2972,16431,O=C1[C@H](Cc2sccc2)Oc3ccccc3N1Cc4ccccc4,ODH,20.5,0.5,10.25,train,0.0,0.0,5.789141
3697,ODH_charity_0616:row:3697,20547,O=[S]1(=O)N2[C@H]3C=CCC[C@H]3C(=C2c4ccccc14)Cc5ccccc5,ODH,34.18,0.7,23.926,train,0.0,0.0,8.806106
4844,ODH_charity_0616:row:4844,25273,CC1(C)OC[C@H](CO)Oc2cc(Cl)ccc12,ODH,9.5,1.0,9.5,train,0.0,0.0,4.4683447
4392,ODH_charity_0616:row:4392,23579,COc1ccc(\C=C\C=C\C[C@](C)(C=O)c2ccccc2)cc1,ODH,8.873,1.0,8.873,train,0.0,0.0,5.6455245
2589,ODH_charity_0616:row:2589,14158,C[C@](C\C=C\C=C\c1ccccc1)(C=O)c2ccc(cc2)c3ccccc3,ODH,18.631,1.0,18.631,train,0.0,0.0,5.8898625
2185,ODH_charity_0616:row:2185,12095,COc1ccccc1C2=CC[C@@]3(C)COc4cccc2c34,ODH,12.1,0.5,6.05,train,0.0,0.0,5.87069
2790,ODH_charity_0616:row:2790,15457,C=C[C@H]1COC(=O)N1C(=O)c2ccccc2,ODH,21.0,1.0,21.0,train,0.0,0.0,4.2273254
3988,ODH_charity_0616:row:3988,21825,C[C@@H]1C=C[C@H](COC(C)=O)N(N1C(=O)OC(C)(C)C)C(=O)Nc2ccc(Cl)cc2,ODH,16.5,1.0,16.5,train,0.0,0.0,11.618798
477,ODH_charity_0616:row:477,2645,Cc1ccc(cc1)[C@H](O)C[S](C)(=O)=O,ODH,11.4,1.0,11.4,train,0.0,0.0,3.3191638
4781,ODH_charity_0616:row:4781,25047,COc1cccc(c1)[C@H]2[C@H](C)[C@@H]3O[C@@]3([C@H]2C(=O)c4ccc(Br)cc4)c5ccc(Br)cc5,ODH,10.4,0.75,7.8,train,0.0,0.0,11.280324
4584,ODH_charity_0616:row:4584,24285,COC(=O)[C@@H](OCC=C)c1ccccc1,ODH,8.58,1.0,8.58,train,0.0,0.0,2.8617208
2682,ODH_charity_0616:row:2682,14847,COc1ccccc1\C=C\2CC[C@H]2O,ODH,9.388,0.8,7.5104,train,0.0,0.0,3.458469
1031,ODH_charity_0616:row:1031,6046,COc1ccc(NC[C@H]2CCc3ccccc3N2)cc1,ODH,39.0,1.0,39.0,train,0.0,0.0,4.443947
4244,ODH_charity_0616:row:4244,22920,CC(C)(C)c1ccc(cc1)[P@@](=O)(OCc2ccc(I)cc2)c3ccccc3,ODH,6.46,0.8,5.168,train,0.0,0.0,13.039765
225,ODH_charity_0616:row:225,1304,F[C@@H]1CCCO[C@@]1(C(=O)c2ccc(Cl)cc2)c3ccc(Cl)cc3,ODH,8.3,1.0,8.3,train,0.0,0.0,5.7230296
3239,ODH_charity_0616:row:3239,18122,O=COC[C@H](Cc1ccccc1)c2ccccc2,ODH,28.4,0.5,14.2,train,0.0,0.59175175,3.580304
1483,ODH_charity_0616:row:1483,8427,COC(=O)[C@@H](OCC[Si](C)(C)C)c1ccccc1,ODH,11.6,1.0,11.6,train,0.0,0.0,6.711321
4837,ODH_charity_0616:row:4837,25232,CC(C)(C)c1ccc(cc1)[P@@](=O)(OCc2ccccc2Cl)c3ccccc3,ODH,8.05,0.8,6.44,train,0.0,0.0,12.631435
489,ODH_charity_0616:row:489,2798,C[C@H]1Cc2ccccc2N1,ODH,12.1,0.8,9.68,train,0.0,0.0,2.1816702
2032,ODH_charity_0616:row:2032,11334,CCCC[C@@]1(COc2ccccc12)CC3=CCCC3,ODH,9.1,0.75,6.825,train,0.0,0.0,4.7818527
2649,ODH_charity_0616:row:2649,14576,Cc1ccc(cc1)[C@@H](C=C)[C@H](O)C(=O)c2ccccc2,ODH,14.5,0.5,7.25,train,0.0,0.0,4.902547
2460,ODH_charity_0616:row:2460,13595,COc1cccc(c1)[C@](C)(C\C=C\C=C\c2ccccc2)C=O,ODH,19.159,1.0,19.159,train,0.0,0.0,4.8569026
3824,ODH_charity_0616:row:3824,21143,COc1ccc(cc1)c2c([nH]c3ccccc23)[C@@](c4[nH]ccc4)(c5ccccc5)c6ccccc6OC,ODH,16.1,1.0,16.1,train,0.0,0.0,11.110015
2335,ODH_charity_0616:row:2335,12950,COc1ccc2c(c1)N(C(=O)C(c3ccccc3)c4ccccc4)C(=O)[C@]2(C)C(=O)OCC=C,ODH,27.2,0.8,21.76,train,0.0,0.0,9.709112
2304,ODH_charity_0616:row:2304,12796,OC[C@H](CCl)c1cccc(Br)c1,ODH,14.5,1.0,14.5,train,0.0,0.041100204,2.4809964
1485,ODH_charity_0616:row:1485,8432,CC(=O)N[C@@H](Cc1ccccc1)C(O)=O,ODH,11.6,0.8,9.28,train,0.0,0.0,2.9441833
2136,ODH_charity_0616:row:2136,11777,COC(=O)[C@@H](O)c1ccc(Br)cc1,ODH,15.28,1.0,15.28,train,0.0,0.0,2.6220164
430,ODH_charity_0616:row:430,2351,Clc1ccc(cc1)C2(CC[C@]23[C@H](C=O)[C@H]3c4ccccc4)c5ccc(Cl)cc5,ODH,8.17,1.0,8.17,train,0.0,0.0,10.446868
1760,ODH_charity_0616:row:1760,9879,CC(C)(C)c1ccc(cc1)C(=O)N[C@@H](C(=O)OCC(c2ccccc2)c3ccccc3)c4ccccc4,ODH,14.66,1.0,14.66,train,0.0,0.0,15.652087
1464,ODH_charity_0616:row:1464,8381,Cc1cccc(C[C@@H]2Cc3ccccc3N2)c1,ODH,12.9,1.0,12.9,train,0.0,0.0,3.498097
4598,ODH_charity_0616:row:4598,24333,C[C@H](N[S](=O)(=O)C(C)(C)C)c1ccccc1F,ODH,8.6,1.0,8.6,train,0.0,0.0,6.384587
3411,ODH_charity_0616:row:3411,18928,O=C1[C@H](Cc2cccc3ccccc23)Oc4ccccc4N1Cc5ccccc5,ODH,26.9,0.5,13.45,train,0.0,0.0,7.1692843
4717,ODH_charity_0616:row:4717,24780,[N-]=[N+]=NC[C@@H]1COC2(CCC2)c3ccccc3O1,ODH,7.9,1.0,7.9,train,0.0,0.0,4.288976
2397,ODH_charity_0616:row:2397,13212,Fc1ccc2OC(=O)C[C@H](c3ccccc3)c2c1,ODH,18.59,1.0,18.59,train,0.0,0.0,4.6817527
3734,ODH_charity_0616:row:3734,20763,Fc1ccc(cc1)[C@H]2NCCNC2=O,ODH,47.1,1.0,47.1,train,0.0,0.0,2.904047
3133,ODH_charity_0616:row:3133,17514,COc1ccc(cc1)[C@H](C[N+]([O-])=O)c2ccc(C)cc2,ODH,26.2,1.5,39.3,train,0.0,0.0,4.4976225
1223,ODH_charity_0616:row:1223,7169,CC(=C)C[C@]1(C)CC(=NO1)c2ccccc2,ODH,10.55,0.6,6.33,train,0.0,0.0,7.109536
2552,ODH_charity_0616:row:2552,14011,Brc1ccc2OC(=O)C[C@@H](c3ccccc3)c2c1,ODH,18.4,1.0,18.4,train,0.0,0.0,4.710604
2083,ODH_charity_0616:row:2083,11514,C[C@H](O)c1ccccc1Br,ODH,14.92,1.0,14.92,train,0.0,0.0,1.9796451
4414,ODH_charity_0616:row:4414,23687,Cc1ccc(cc1)[S](=O)(=O)N2C[C@@H]3C=CCN(C=C3C2)[S](=O)(=O)c4ccc(C)cc4,ODH,41.47,0.8,33.176,train,0.0,0.0,10.557416
2704,ODH_charity_0616:row:2704,14953,O[C@H](C(=O)Nc1ccc(O)cc1)c2ccccc2,ODH,12.6,0.8,10.08,train,0.0,0.0,4.334841
2375,ODH_charity_0616:row:2375,13120,C[C@H](O)[C@H](N1CCCC1)c2cccc3ccccc23,ODH,14.88,1.0,14.88,train,0.0,0.0,4.407578
2049,ODH_charity_0616:row:2049,11427,CC[C@@H](C#Cc1ccc(C)cc1)c2ccccc2,ODH,18.13,0.7,12.691,train,0.0,0.0,4.020848
1249,ODH_charity_0616:row:1249,7278,CC(=C)C[C@@H]1CC(=NO1)c2ccc(cc2)C(C)(C)C,ODH,10.63,0.6,6.378,train,0.0,0.0,10.044848
2872,ODH_charity_0616:row:2872,15882,Cc1ccc(cc1)[S](=O)(=O)N2CC[C@@H](C[C@@H]2c3ccccc3)c4ccccc4,ODH,20.5,0.7,14.35,train,0.0,0.0,7.876692
3510,ODH_charity_0616:row:3510,19528,CCOC(=O)C[C@H]1[C@@H](c2sccc2)c3cc(oc3N(C1=O)[S](=O)(=O)c4ccc(C)cc4)c5ccccc5,ODH,40.7,0.5,20.35,train,0.0,0.0,11.894517
1754,ODH_charity_0616:row:1754,9824,CC(C)(C)OC(=O)[C@@](C)(N)C\C=C\c1ccc2ccccc2c1,ODH,10.4,0.5,5.2,train,0.0,0.0,9.912241
1055,ODH_charity_0616:row:1055,6185,CCOC(=O)C[C@@H](Sc1ccccc1)c2cccnc2,ODH,51.4,1.0,51.4,train,0.0,0.20012254,3.9321287
2514,ODH_charity_0616:row:2514,13850,CCOC(=O)C1=C(C)OC(=O)C[C@H]1c2cccc(Cl)c2,ODH,8.0,0.7,5.6,train,0.0,0.0,5.3589606
1156,ODH_charity_0616:row:1156,6881,COc1ccc(cc1)[C@](c2[nH]c3ccccc3c2)(c4ccccc4)c5ccccc5OC,ODH,11.1,1.0,11.1,train,0.0,0.0,8.722778
1636,ODH_charity_0616:row:1636,9298,C[C@H](O)[C@H](N1CCCC1)c2ccc(Br)cc2,ODH,9.21,1.0,9.21,train,0.0,0.0,3.5032046
3948,ODH_charity_0616:row:3948,21642,COc1ccc(C[C@@H]2Oc3ccccc3N(Cc4ccccc4)C2=O)cc1OC,ODH,50.9,0.5,25.45,train,0.0,0.0,7.2588334
504,ODH_charity_0616:row:504,2964,COc1cc(C[C@@H](C)c2cc3c(F)cccc3n2c4ccc(cn4)c5cc(cc(c5)C(F)(F)F)C(F)(F)F)cc(OC)c1OC,ODH,9.94,0.6,5.964,train,0.0,0.0,18.474945
1151,ODH_charity_0616:row:1151,6809,C[C@H](N[S](=O)(=O)C(C)(C)C)c1cccc(Cl)c1,ODH,10.2,1.0,10.2,train,0.0,0.0,6.735094
1123,ODH_charity_0616:row:1123,6646,Cc1ccc(cc1)N2N=C(C)[C@@](C\C=C\c3ccccc3)(Cc4ccc5ccccc5c4)C2=O,ODH,16.687,1.0,16.687,train,0.0,0.0,13.080352
4967,ODH_charity_0616:row:4967,25838,COc1ccc(cc1)C(=O)N[C@](C)(C(=O)NC(C)C)C(=O)OCc2ccccc2,ODH,99.6,0.1,9.96,train,0.0,0.0,9.584192
1805,ODH_charity_0616:row:1805,10109,Cc1ccc(cc1C)[C@@H]2Nc3ccccc3OC2=O,ODH,13.3,0.7,9.31,train,0.0,0.0,6.5333495
2004,ODH_charity_0616:row:2004,11147,CN1C(=O)N[C@H](c2ccccc2)c3cc(ccc13)c4c(C)onc4C,ODH,14.5,1.0,14.5,train,0.0,0.0,8.730855
573,ODH_charity_0616:row:573,3337,C1C(Cc2ccccc12)O[C@H](\C=C\c3ccccc3)c4ccccc4,ODH,16.95,0.5,8.475,train,0.0,0.0,5.734544
2248,ODH_charity_0616:row:2248,12391,C=C[C@@H](CCc1ccccc1)C(C#N)C#N,ODH,12.95,1.0,12.95,train,0.0,0.0,3.8998234
3898,ODH_charity_0616:row:3898,21399,CCC[C@H](\C=C\C(=O)Oc1ccc(F)cc1)N2C(=O)C3CC=CCC3C2=O,ODH,50.8,0.8,40.64,train,0.0,0.0,7.6766367
4163,ODH_charity_0616:row:4163,22501,CC(=O)[C@@]1(CO1)c2ccccc2Cl,ODH,8.26,1.0,8.26,train,0.0,0.0,3.702493
3386,ODH_charity_0616:row:3386,18799,C[C@]1(COc2ccccc12)CC#Cc3ccc(cc3)C#N,ODH,31.0,0.5,15.5,train,0.0,0.0,4.569942
1826,ODH_charity_0616:row:1826,10212,CCOC(=O)C1=C(C)OC(=O)C[C@@H]1c2ccc(F)cc2,ODH,13.4,0.7,9.38,train,0.0,0.0,5.3029237
4835,ODH_charity_0616:row:4835,25228,C[C@@H](C#Cc1ccccc1)c2ccc(OC(C)=O)cc2,ODH,10.12,0.7,7.084,train,0.0,0.0,3.7197576
1875,ODH_charity_0616:row:1875,10479,C[C@@](C\C=C\C=C\CCc1ccccc1)(C=O)c2ccccc2,ODH,16.261,1.0,16.261,train,0.0,0.0,4.4360213
1830,ODH_charity_0616:row:1830,10226,COc1ccc(OC)c2[C@@H](O)[C@@H](C=Cc12)C(C)(C)C,ODH,33.48,1.0,33.48,train,0.0,0.0,10.240113
2695,ODH_charity_0616:row:2695,14901,COc1cccc(\C=C\2CC[C@H]2O)c1,ODH,13.698,0.8,10.9584,train,0.0,0.0,2.952407
4528,ODH_charity_0616:row:4528,24070,COC(=O)[C@@]1(CCCCCCC1=O)[C@H](C[N+]([O-])=O)c2ccccc2,ODH,7.83,1.0,7.83,train,0.0,0.0,6.200933
944,ODH_charity_0616:row:944,5283,CC(C)C[C@@H]1CCc2ccccc2N1,ODH,18.2,0.5,9.1,train,0.0,0.0,4.2042456
3230,ODH_charity_0616:row:3230,18098,CC(=O)C1=C(C)OC(=O)C[C@H]1c2ccc(F)cc2,ODH,28.3,0.7,19.81,train,0.0,0.0,4.2050357
275,ODH_charity_0616:row:275,1584,Cc1ccc(cc1)c2ccn3CCC[C@@](C)(CCO)c23,ODH,10.16,1.0,10.16,train,0.0,0.0,5.560148
2262,ODH_charity_0616:row:2262,12492,CCOC(=O)[C@@]1(CC=C)N[S](=O)(=O)c2ccc(cc12)C(C)C,ODH,11.5,0.8,9.2,train,0.0,0.0,8.890824
644,ODH_charity_0616:row:644,3725,OC[C@@H]1[C@H](C[C@H]1c2cccn2CC=C)c3ccc(cc3)C#N,ODH,12.6,1.0,12.6,train,0.0,0.0,7.3371496
181,ODH_charity_0616:row:181,1028,O=[S@@](c1ccccn1)c2ccccc2C#Cc3ccccc3,ODH,7.5,1.0,7.5,train,0.0,0.0,6.829513
4178,ODH_charity_0616:row:4178,22624,CN1CCN[C@H](C1=O)c2ccccc2,ODH,40.8,1.0,40.8,train,0.0,0.0,3.3165538
479,ODH_charity_0616:row:479,2659,COc1ccc(cc1)C(=O)[C@]2(OCCC[C@H]2Br)c3ccc(OC)cc3,ODH,15.15,1.0,15.15,train,0.0,0.0,6.2982693
2964,ODH_charity_0616:row:2964,16399,Fc1ccc(OC(=O)/C=C/[C@H](C2CCCC2)N3C(=O)C4CC=CCC4C3=O)cc1,ODH,19.4,0.8,15.52,train,0.0,0.0,8.577094
2572,ODH_charity_0616:row:2572,14084,C[C@@]1(COc2ccccc12)CC#Cc3ccc(cc3)c4ccccc4,ODH,26.0,0.5,13.0,train,0.0,0.0,5.5912175
2924,ODH_charity_0616:row:2924,16128,CCCCC\1=C2CCCC[C@H]2[C@@H]3[C@@H](C(=O)OC3=O)C1=C/c4ccccc4,ODH,13.1,1.0,13.1,train,0.0,0.0,7.1478667
3925,ODH_charity_0616:row:3925,21527,ClCCCC[C@]1(CI)COc2ccccc12,ODH,59.8,0.75,44.85,train,0.0,0.0,3.890086
2577,ODH_charity_0616:row:2577,14114,O[C@@H]([C@@H](C=C)c1ccc(cc1)C(F)(F)F)C(=O)c2ccccc2,ODH,13.6,0.5,6.8,train,0.0,0.0,5.567744
160,ODH_charity_0616:row:160,952,CC1(C)CN(C(=S)Nc2ccc(F)cc2)[C@](C)(C1)c3ccccc3,ODH,8.29,1.0,8.29,train,0.0,0.0,10.610188
3841,ODH_charity_0616:row:3841,21191,C[C@@H](\C=C\c1ccc(F)cc1)[C@](C)(N)C(=O)OC(C)(C)C,ODH,5.2,1.0,5.2,train,0.0,0.0,9.330805
2816,ODH_charity_0616:row:2816,15590,CCCCC[C@H](C=C)c1c[nH]c2cccc(OC)c12,ODH,25.5,1.0,25.5,train,0.0,0.0,4.8679676
1539,ODH_charity_0616:row:1539,8728,Fc1ccc(cc1)[C@@H]2C[C@@H](Oc3ccccc23)Sc4ccccc4,ODH,7.8,1.0,7.8,train,0.0,0.0,5.6402016
4341,ODH_charity_0616:row:4341,23327,Cc1ccc2O[C@H]3OCC[C@H]3c2c1,ODH,6.6,1.0,6.6,train,0.0,0.0,3.1738558
6,ODH_charity_0616:row:6,115,CC(C)c1cc(C(C)C)c(NC[C@@H]2CCc3cccc(C)c3N2)c(c1)C(C)C,ODH,4.9,1.0,4.9,train,0.0,0.0,22.669085
3688,ODH_charity_0616:row:3688,20507,FC(F)(F)c1cccc(c1)C2=NC(=O)C[C@@H](S2)c3ccccc3,ODH,43.0,0.5,21.5,train,0.0,0.0,6.20006
2979,ODH_charity_0616:row:2979,16467,C[C@H](C1=CNC2=C1C=CC=C2)C=C,ODH,23.2,1.0,23.2,train,0.0,0.0,3.2862399
1846,ODH_charity_0616:row:1846,10346,CC(C)OC(=O)[C@@](C)(N)C\C=C\c1ccccc1,ODH,8.1,1.0,8.1,train,0.0,0.0,4.9209795
1909,ODH_charity_0616:row:1909,10632,CC(C)(C)[C@H](O)c1ccccc1,ODH,13.9,0.8,11.12,train,0.0,0.0,4.804958
1112,ODH_charity_0616:row:1112,6608,CC1(C)OB(OC1(C)C)[C@@H](Cc2ccc(cc2)[N+]([O-])=O)N3CCOC3=O,ODH,8.4,1.0,8.4,train,0.0,0.0,12.73014
4587,ODH_charity_0616:row:4587,24313,COc1ccc(O[C@H](C(=O)OCc2ccccc2)c3ccccc3)cc1,ODH,12.6,1.0,12.6,train,0.0,0.0,5.982816
4943,ODH_charity_0616:row:4943,25712,C1CCC(CC1)[C@@H](C#Cc2ccccc2)c3ccccc3,ODH,11.73,0.7,8.211,train,0.0,0.0,4.939173
3974,ODH_charity_0616:row:3974,21767,O[C@@H](C1CCCCC1)[C@@H](C=C)c2ccccc2,ODH,5.5,1.0,5.5,train,0.0,0.0,4.0924153
3452,ODH_charity_0616:row:3452,19170,CCO[P](=O)(OCC)[C@@]12CC(=CC(=O)N1[S](=O)(=O)Oc3ccccc23)c4ccc(OC)cc4,ODH,17.0,0.8,13.6,train,0.0,0.0,13.528783
844,ODH_charity_0616:row:844,4837,C1Cc2ccccc2N[C@H]1c3ccc4ccccc4c3,ODH,42.8,0.6,25.68,train,0.0,0.0,5.186985
4966,ODH_charity_0616:row:4966,25837,O[C@@H]([C@H](C=C)c1ccc(cc1)[N+]([O-])=O)C(=O)c2ccccc2,ODH,46.9,0.5,23.45,train,0.0,0.0,5.795083
1719,ODH_charity_0616:row:1719,9672,CCC[C@H](C=C)c1n2ccccc2cc1c3ccccc3Br,ODH,11.723,0.7,8.2061,train,0.0,0.0,6.5063457
4080,ODH_charity_0616:row:4080,22195,C1Cc2cc3OC[C@@H](Oc3cc2C1)\C=C\c4ccccc4,ODH,7.67,1.0,7.67,train,0.0,0.0,5.0816264
1209,ODH_charity_0616:row:1209,7115,CCOC(=O)N1CCN(CC1)[C@@H](CCc2ccccc2)C=C,ODH,10.5,0.5,5.25,train,0.0,0.0,4.5752206
1120,ODH_charity_0616:row:1120,6630,CC(=C)C[C@]1(C)CC(=NO1)c2ccc(C)cc2,ODH,10.02,0.6,6.012,train,0.0,0.0,7.9122972
4319,ODH_charity_0616:row:4319,23248,CCC[C@@H]1NCc2ccc(C)cc2[C@H]1F,ODH,7.6,0.8,6.08,train,0.0,0.0,3.9961648
3084,ODH_charity_0616:row:3084,17176,O[C@H]([C@@H](C=C)c1ccccc1)C(=O)c2ccccc2,ODH,26.0,0.5,13.0,train,0.0,0.0,4.58432
1434,ODH_charity_0616:row:1434,8280,C[C@]1(C(=O)OCC=C)C(=O)N(C(=O)C(c2ccccc2)c3ccccc3)c4cccc(Cl)c14,ODH,15.0,0.8,12.0,train,0.0,0.0,9.578524
4474,ODH_charity_0616:row:4474,23899,C1CSC(SC1)([C@@H](C=Cc2ccccc2)c3ccccc3)c4ccc5ccccc5c4,ODH,6.5,1.0,6.5,train,0.0,0.0,9.067978
4602,ODH_charity_0616:row:4602,24360,CC(C)(C)OC(=O)N1OCC[C@@H]1Cc2cccc(Cl)c2,ODH,7.887,0.8,6.3096,train,0.0,0.0,8.627979
79,ODH_charity_0616:row:79,459,C[C@H](CC(=O)NC(C)(C)c1ccccn1)c2ccc(Cl)cc2,ODH,6.5,1.0,6.5,train,0.0,0.0,7.188658
3703,ODH_charity_0616:row:3703,20574,Cc1ccc(cc1)[S](=O)(=O)N2C(=O)C[C@H](C(=C2c3ccccc3)C)c4ccccc4,ODH,44.0,0.5,22.0,train,0.0,0.0,9.26924
2590,ODH_charity_0616:row:2590,14166,Cc1ccc(/C=C/C[C@](C)(N)C(=O)OC(C)(C)C)cc1,ODH,11.5,0.5,5.75,train,0.0,0.0,8.231504
4898,ODH_charity_0616:row:4898,25499,Cc1ccc2OC(=O)[C@@H](Nc2c1)c3ccccc3,ODH,9.7,0.7,6.79,train,0.0,0.0,5.5994453
191,ODH_charity_0616:row:191,1062,C[C@H](F)C(=O)c1ccc2ccccc2n1,ODH,7.6,1.0,7.6,train,0.0,0.0,3.4338593
4055,ODH_charity_0616:row:4055,22119,C=C[C@H](NCc1ccccc1)c2ccccc2,ODH,7.833,0.8,6.2664,train,0.0,0.0,3.4246511
3199,ODH_charity_0616:row:3199,17937,Cc1ccc(cc1)C2=CC(=O)O[C@@](C2)(c3ccccc3)C(F)(F)F,ODH,27.8,0.75,20.85,train,0.0,0.0,6.8053937
1338,ODH_charity_0616:row:1338,7710,C[C@H](N[S](=O)(=O)C(C)(C)C)c1ccc(F)cc1,ODH,11.0,1.0,11.0,train,0.0,0.0,6.152086
745,ODH_charity_0616:row:745,4222,COc1cccc(c1)[C@@H]2COc3ccccc3N2,ODH,17.3,1.0,17.3,train,0.0,0.0,4.900594
4594,ODH_charity_0616:row:4594,24326,Cc1ccccc1/C=C/C[C@@](C)(N)C(=O)OC(C)(C)C,ODH,8.6,1.0,8.6,train,0.0,0.0,8.798465
632,ODH_charity_0616:row:632,3692,CC(C)c1ccc(NC[C@H]2CCc3ccccc3N2)cc1,ODH,17.1,1.0,17.1,train,0.0,0.0,6.1647487
56,ODH_charity_0616:row:56,404,C1O[C@H](C=C1)c2ccccc2,ODH,5.772,1.0,5.772,train,0.0,0.0,2.3811288
315,ODH_charity_0616:row:315,1752,O=C1Oc2ccccc2N[C@H]1c3cscc3,ODH,14.3,1.0,14.3,train,0.0,0.0,4.566971
1295,ODH_charity_0616:row:1295,7498,CCc1ccc(cc1)[C@H](O)C(O)=O,ODH,8.47,0.8,6.776,train,0.0,0.0,2.6473863
4763,ODH_charity_0616:row:4763,24984,O[C@@H]/1CCCCCC1=C/c2ccccc2,ODH,7.6,0.8,6.08,train,0.0,0.0,3.2666333
7,ODH_charity_0616:row:7,116,CC(C)c1cc(C(C)C)c(NC[C@H]2CCc3cccc(C)c3N2)c(c1)C(C)C,ODH,4.5,1.0,4.5,train,0.0,0.0,22.304363
822,ODH_charity_0616:row:822,4715,Brc1ccc(cc1)[C@H]2COc3ccccc3N2,ODH,22.5,1.0,22.5,train,0.0,0.0,4.781275
3030,ODH_charity_0616:row:3030,16805,CCCC[C@H]1C[C@@H](O)c2cc(OC)ccc2O1,ODH,26.916,0.5,13.458,train,0.0,0.0,3.618723
4420,ODH_charity_0616:row:4420,23703,CCO[P](=O)(OCC)[C@@]12CC(=CC(=O)N1[S](=O)(=O)c3ccccc23)c4ccc(OC)cc4,ODH,52.6,0.8,42.08,train,0.0,0.0,12.011175
2612,ODH_charity_0616:row:2612,14280,Cc1ccc(cc1)[S](=O)(=O)N2C[C@@H]3C=CCN(C(=C3C2)CCCO)[S](=O)(=O)c4ccc(C)cc4,ODH,14.68,0.8,11.744,train,0.0,0.0,12.46482
4156,ODH_charity_0616:row:4156,22486,CC[C@](C)(C\C=C\c1ccccc1)C=O,ODH,7.598,1.0,7.598,train,0.0,0.026030704,3.0704663
2916,ODH_charity_0616:row:2916,16094,CC#CCN(C\C=C\[C@H]1[C@H](C)N1[S](=O)(=O)c2ccc(C)cc2)[S](=O)(=O)c3ccc(C)cc3,ODH,15.47,0.8,12.376,train,0.0,0.0,11.491371
483,ODH_charity_0616:row:483,2724,C[C@@H]1Nc2ccccc2OC1=O,ODH,17.2,1.0,17.2,train,0.0,0.0,2.7344658
757,ODH_charity_0616:row:757,4252,CCOC(=O)C[C@H]1Nc2ccc(C)cc2OC1=O,ODH,16.2,1.0,16.2,train,0.0,0.0,3.8108037
2592,ODH_charity_0616:row:2592,14168,Cc1ccc(/C=C/C[C@](C)(N)C(=O)OC(C)(C)C)cc1,ODH,11.5,0.5,5.75,train,0.0,0.0,8.223782
1723,ODH_charity_0616:row:1723,9687,Cc1ccc(\C=C\2CC[C@H]2O)c(C)c1,ODH,10.624,0.8,8.4992,train,0.0,0.0,3.1327066
1797,ODH_charity_0616:row:1797,10038,COC(=O)C1=C(C)OC(=O)C[C@@H]1c2ccccc2,ODH,32.0,0.7,22.4,train,0.0,0.0,4.186458
2295,ODH_charity_0616:row:2295,12696,C1Cc2cc3ccccc3cc2N[C@H]1c4ccccc4,ODH,16.43,1.0,16.43,train,0.0,0.0,4.9003506
3709,ODH_charity_0616:row:3709,20637,COc1ccc(cc1)C(=O)N[C@@](C)(C(=O)Nc2ccccc2)C(=O)OCc3ccccc3,ODH,44.8,0.5,22.4,train,0.0,0.0,7.8204665
2886,ODH_charity_0616:row:2886,15920,Cc1ccc(C[C@@H]2Oc3ccccc3N(Cc4ccccc4)C2=O)cc1,ODH,16.3,0.5,8.15,train,0.0,0.0,6.1155367
4058,ODH_charity_0616:row:4058,22131,C[C@@]1(C(=O)OCC=C)C(=O)Oc2c3ccccc3ccc12,ODH,6.5,0.6,3.9,train,0.0,0.0,6.215332
363,ODH_charity_0616:row:363,1975,CC(C)OC(=O)[C@@H](O)c1ccccc1,ODH,6.4,1.0,6.4,train,0.0,0.0,3.0868864
2212,ODH_charity_0616:row:2212,12202,OC[C@@]1(COCCO1)c2sccc2,ODH,15.8,1.0,15.8,train,0.0,0.0,2.888065
4082,ODH_charity_0616:row:4082,22208,C[C@]1(C(=O)OCC=C)C(=O)Oc2ccc3ccccc3c12,ODH,14.2,1.0,14.2,train,0.0,0.0,6.2465434
3283,ODH_charity_0616:row:3283,18310,Cc1ccc(cc1)[S](=O)(=O)N2CC=C[C@H]3CN(C(C)(C)C3=C2)[S](=O)(=O)c4ccc(C)cc4,ODH,20.17,0.8,16.136,train,0.0,0.0,13.182332
4364,ODH_charity_0616:row:4364,23456,O[C@H]/1CCCC1=C/c2ccc(Cl)cc2,ODH,7.8,0.8,6.24,train,0.0,0.0,3.1215427
4807,ODH_charity_0616:row:4807,25148,Brc1ccc(O[C@@H](C(=O)OCc2ccccc2)c3ccccc3)cc1,ODH,10.2,1.0,10.2,train,0.0,0.0,5.2151427
1437,ODH_charity_0616:row:1437,8291,C[C@@]1(C(=O)OCC=C)C(=O)N(C(=O)C(c2ccccc2)c3ccccc3)c4cc(Br)ccc14,ODH,11.5,0.8,9.2,train,0.0,0.0,9.45945
1265,ODH_charity_0616:row:1265,7357,Cc1ccc2N(C(=O)C(c3ccccc3)c4ccccc4)C(=O)[C@@](C)(C(=O)OCC=C)c2c1,ODH,10.7,0.8,8.56,train,0.0,0.0,10.2012
4303,ODH_charity_0616:row:4303,23162,C[C@](C\C=C\C=C\c1ccccc1)(C=O)c2ccccc2,ODH,7.54,1.0,7.54,train,0.0,0.0,4.821465
1564,ODH_charity_0616:row:1564,8905,O[C@H]1CCCC[C@H]1NCc2ccccc2,ODH,10.34,1.0,10.34,train,0.0,0.0,3.191538
1117,ODH_charity_0616:row:1117,6627,O[C@H](c1cccc(Cl)c1)C(=O)c2cccc(Cl)c2,ODH,13.18,1.0,13.18,train,0.0,0.0,4.5259347
1778,ODH_charity_0616:row:1778,9981,Clc1ccc2CC[C@H](Nc2c1)c3ccccc3,ODH,9.91,1.0,9.91,train,0.0,0.0,4.0007033
4939,ODH_charity_0616:row:4939,25674,Cc1[nH]c(cc1)[C@@](C)(c2ccccc2)c3ccc(O)c(F)c3,ODH,8.9,1.0,8.9,train,0.0,0.0,6.154793
33,ODH_charity_0616:row:33,232,C[C@@H](C#N)c1ccc(cc1)C(C)(C)C,ODH,5.4,1.0,5.4,train,0.0,0.0,7.065177
92,ODH_charity_0616:row:92,518,CC(C)OC(=O)[C@@H](O)c1ccc(Br)cc1,ODH,6.2,1.0,6.2,train,0.0,0.0,3.2850294
2396,ODH_charity_0616:row:2396,13205,C[C@@H](N)[C@](O)(Cn1cncn1)c2ccc(F)cc2F,ODH,13.08,1.0,13.08,train,0.0,0.0,5.5829825
4524,ODH_charity_0616:row:4524,24066,C[C@H](CC(C)=O)\C=C\c1occc1,ODH,8.94,0.8,7.152,train,0.0,0.010665254,2.1986449
3630,ODH_charity_0616:row:3630,20194,CCCCC[C@@H](C=C)n1ccc2c(Cl)cccc12,ODH,4.7,1.0,4.7,train,0.0,0.0,4.879675
223,ODH_charity_0616:row:223,1284,CC(C)[Si](C#C[C@@H](CC(=O)NC(C)(C)c1ccccn1)c2ccccc2)(C(C)C)C(C)C,ODH,9.2,0.7,6.44,train,0.0,0.0,32.533707
4810,ODH_charity_0616:row:4810,25151,CCOC(=O)[C@@H]1[C@H](c2ccccc2)c3ccccc3OC1=O,ODH,9.4,0.7,6.58,train,0.0,0.0,6.591788
1836,ODH_charity_0616:row:1836,10290,COc1cc2CCN3CCC[C@H]3c2cc1OC,ODH,13.58,1.0,13.58,train,0.0,0.0,5.602533
351,ODH_charity_0616:row:351,1940,C([C@H]1Cc2ccccc2N1)c3ccccc3,ODH,9.8,0.8,7.84,train,0.0,0.0,3.580895
4623,ODH_charity_0616:row:4623,24424,CC(C)(C)OC[C@](N)(C\C=C\c1ccccc1)C(=O)OC(C)(C)C,ODH,5.1,1.0,5.1,train,0.0,0.0,14.925751
1618,ODH_charity_0616:row:1618,9187,COCC1=C(N(C[C@H]1C(C)=C)[S](=O)(=O)c2ccc(C)cc2)c3ccc(OC)cc3,ODH,11.47,0.8,9.176,train,0.0,0.0,12.318906
765,ODH_charity_0616:row:765,4268,OCC[C@H]1CCCCn2ccc(c3ccc(Cl)cc3)c12,ODH,23.51,1.0,23.51,train,0.0,0.0,4.3425846
4448,ODH_charity_0616:row:4448,23796,COc1ccc(cc1)[C@](C)(C\C=C\C=C\c2ccccc2)C=O,ODH,9.073,1.0,9.073,train,0.0,0.0,5.7254853
3094,ODH_charity_0616:row:3094,17232,O[C@@H]1C[C@H](CCc2ccccc2)Oc3ccccc13,ODH,35.795,0.7,25.0565,train,0.0,0.0,4.349065
4289,ODH_charity_0616:row:4289,23100,C1Cc2ccccc2[C@H](N1)c3ccccc3,ODH,11.0,1.0,11.0,train,0.0,0.0,4.14052
3811,ODH_charity_0616:row:3811,21099,COC(=O)[C@@H](NC(=O)OC(C)(C)C)c1ccc(C)cc1,ODH,5.45,1.0,5.45,train,0.0,0.0,7.264202
2831,ODH_charity_0616:row:2831,15685,O[C@H]/1CCC1=C/c2sccc2,ODH,21.481,0.8,17.1848,train,0.0,0.0,2.2439837
4352,ODH_charity_0616:row:4352,23423,C[C@]1(C(=O)OCC=C)C(=O)N(C(=O)C(c2ccccc2)c3ccccc3)c4ccc(Cl)cc14,ODH,11.5,0.8,9.2,train,0.0,0.0,9.439145
4798,ODH_charity_0616:row:4798,25116,CCCCC[S@](=O)c1ccccc1,ODH,9.31,1.0,9.31,train,0.0,0.107947916,2.8500361
161,ODH_charity_0616:row:161,957,Clc1ccc(cc1)C(=O)[C@]2(OCCC[C@H]2Br)c3ccc(Cl)cc3,ODH,9.48,1.0,9.48,train,0.0,0.0,5.9344916
2269,ODH_charity_0616:row:2269,12529,Cc1cccc(c1)[C@H](C[N+]([O-])=O)c2ccccc2,ODH,20.2,1.0,20.2,train,0.0,0.0,4.000803
566,ODH_charity_0616:row:566,3305,CC(C)(NC(=O)C[C@@H](CCc1ccccc1)c2ccc(cc2)c3ccccc3)c4ccccn4,ODH,15.5,0.5,7.75,train,0.0,0.0,11.348058
2804,ODH_charity_0616:row:2804,15534,Oc1ccccc1[C@@H](OCCSCc2ccccc2)c3ccccc3,ODH,21.1,1.0,21.1,train,0.0,0.0,5.3053427
409,ODH_charity_0616:row:409,2259,O=C1CCCC2=C1CC[C@@H](CCc3ccccc3)N2,ODH,10.1,1.0,10.1,train,0.0,0.0,4.8660336
474,ODH_charity_0616:row:474,2624,CCOC(=O)C[C@H](Sc1ccccc1)c2cccc(C)c2,ODH,13.3,1.0,13.3,train,0.0,0.0,4.1645837
933,ODH_charity_0616:row:933,5254,COC(=O)[C@H]1COc2cc3ccccc3cc2O1,ODH,23.2,1.0,23.2,train,0.0,0.0,4.312252
4645,ODH_charity_0616:row:4645,24501,COc1ccccc1\C=C\[C@H]2COc3ccccc3O2,ODH,9.3,1.0,9.3,train,0.0,0.0,4.407897
4215,ODH_charity_0616:row:4215,22801,C[C@@](C/C=C/C=C/c1ccc(F)cc1)(C=O)c2ccccc2,ODH,7.783,1.0,7.783,train,0.0,0.0,4.8146734
2098,ODH_charity_0616:row:2098,11580,O=C(OCc1ccccc1)[C@H](c2ccccc2)c3cc(n(Cc4ccccc4)c3c5ccccc5)c6ccccc6,ODH,16.1,0.6,9.66,train,0.0,0.0,9.509622
2203,ODH_charity_0616:row:2203,12150,Cc1ccc(cc1)[P@](=O)(Cc2ccccc2)C(C)(C)C,ODH,15.77,1.0,15.77,train,0.0,0.0,9.253971
335,ODH_charity_0616:row:335,1834,Fc1cccc(c1)[C@]2(CC(=NO2)c3ccccc3)CC(F)(F)F,ODH,9.27,0.8,7.416,train,0.0,0.0,6.228377
291,ODH_charity_0616:row:291,1643,CC(C)OC(=O)[C@@H](CC=O)Cc1ccc(Br)cc1,ODH,10.3,1.0,10.3,train,0.0,0.0,3.434766
3367,ODH_charity_0616:row:3367,18735,[O-][N+](=O)c1ccc(OC[C@@H]2COC3(CCC3)c4ccccc4O2)cc1,ODH,24.5,1.0,24.5,train,0.0,0.0,6.322871
1029,ODH_charity_0616:row:1029,6042,COc1ccc(cc1OC)[C@@H](O)CCl,ODH,38.9,1.0,38.9,train,0.0,0.0,2.9606307
2983,ODH_charity_0616:row:2983,16485,CCOC(=O)[C@@H](C(C(=O)\C=C(/C)c1ccccc1)c2ccccc2)C(=O)c3ccccc3,ODH,23.3,0.6,13.98,train,0.0,0.0,11.230547
2204,ODH_charity_0616:row:2204,12158,COc1ccc(cc1)[C@@H]2CCc3ccccc3[C@H]2C(=O)c4ccc(C)cc4,ODH,11.2,1.0,11.2,train,0.0,0.0,6.674799
671,ODH_charity_0616:row:671,3836,COc1ccc(Cn2cc([C@@H](NC(=O)c3ccccc3)c4ccccc4CCCC(F)(F)F)c5ccccc25)cc1,ODH,14.42,1.0,14.42,train,0.0,0.0,10.768241
2866,ODH_charity_0616:row:2866,15839,Cc1ccccc1[C@H](O)CO,ODH,28.4,0.8,22.72,train,0.0,0.13931122,2.2585444
4959,ODH_charity_0616:row:4959,25810,CCC[C@H](N[S](=O)(=O)c1ccc(C)cc1)C=C,ODH,9.969,1.0,9.969,train,0.0,0.0,3.9844663
1806,ODH_charity_0616:row:1806,10110,Cc1ccc(/C=C/C[C@](C)(N)C(=O)OC(C)(C)C)cc1C,ODH,6.3,1.0,6.3,train,0.0,0.0,10.649588
1047,ODH_charity_0616:row:1047,6147,[O-][N+](=O)c1ccc(cc1)C(=O)C[C@H]2CCCCN2C(=O)OCc3ccccc3,ODH,56.9,0.5,28.45,train,0.0,0.0,6.5926633
4526,ODH_charity_0616:row:4526,24068,Cc1ccc(cc1)[S](=O)(=O)N2C[C@@H](C=C)N(c3cc(Br)ccc3C2=O)[S](C)(=O)=O,ODH,20.94,1.0,20.94,train,0.0,0.0,10.852237
2958,ODH_charity_0616:row:2958,16339,CC(C)[C@@H](\C=C\C(=O)Oc1ccc(F)cc1)N2C(=O)C3CC=CCC3C2=O,ODH,19.3,0.8,15.44,train,0.0,0.0,7.703728
2824,ODH_charity_0616:row:2824,15650,CC(C)(C)OC(=O)N1OCC[C@H]1Cc2cc(F)c(F)cc2F,ODH,21.302,0.5,10.651,train,0.0,0.0,6.828665
2493,ODH_charity_0616:row:2493,13791,COC(=O)[C@@H](Nc1ccc(OC)cc1)c2cccnc2,ODH,18.073,0.8,14.4584,train,0.0,0.0,4.948259
3965,ODH_charity_0616:row:3965,21724,Cc1ccc(cc1)[S](=O)(=O)N2CCN[C@H](C2=O)c3ccccc3,ODH,44.0,0.5,22.0,train,0.0,0.0,6.6250854
1794,ODH_charity_0616:row:1794,10013,C[C@]1(COc2ccc(Cl)cc12)CC#Cc3ccccc3,ODH,13.2,0.5,6.6,train,0.0,0.0,4.5504875
3560,ODH_charity_0616:row:3560,19848,CCC[C@H](C=C)c1n2ccccc2cc1C,ODH,39.709,0.3,11.9127,train,0.0,0.0,5.822688
4451,ODH_charity_0616:row:4451,23801,CCCCC[C@H](C=C)n1cc(CC#N)c2ccccc12,ODH,10.9,1.0,10.9,train,0.0,0.0,5.645206
2510,ODH_charity_0616:row:2510,13842,CCCC[C@@H]1Nc2ccccc2OC1=O,ODH,23.4,0.7,16.38,train,0.0,0.0,3.1914718
4110,ODH_charity_0616:row:4110,22313,COc1ccccc1c2oc(C)c3Cc4ccccc4N5CCOC[C@@H]5c23,ODH,6.7,0.8,5.36,train,0.0,0.0,9.03357
555,ODH_charity_0616:row:555,3272,Fc1ccc(cc1)[C@@H]2COc3ccccc3N2,ODH,9.9,1.0,9.9,train,0.0,0.0,4.6164756
1004,ODH_charity_0616:row:1004,5845,COc1cccc(c1)[C@@H](O)CCl,ODH,34.4,1.0,34.4,train,0.0,0.060714193,2.2706544
2219,ODH_charity_0616:row:2219,12223,C[C@H](CC=O)c1c[nH]c2ccccc12,ODH,15.85,1.0,15.85,train,0.0,0.0,3.4307752
500,ODH_charity_0616:row:500,2944,O[C@@H](C[N+]([O-])=O)c1ccc(F)cc1,ODH,12.0,1.0,12.0,train,0.0,0.0,2.8610244
445,ODH_charity_0616:row:445,2433,C=CCO[C@H](\C=C\c1ccccc1)c2ccccc2,ODH,14.56,0.5,7.28,train,0.0,0.0,3.7380016
3835,ODH_charity_0616:row:3835,21172,C=C1C[C@](CC#C)(C(=O)O1)c2ccc3ccccc3c2,ODH,6.19,2.0,12.38,train,0.0,0.0,5.2487826
1321,ODH_charity_0616:row:1321,7659,Cc1ccc(cc1)[S](=O)(=O)N2[C@@H](COC2=O)C=C,ODH,11.9,1.0,11.9,train,0.0,0.0,5.4297595
2520,ODH_charity_0616:row:2520,13868,Cc1ccc(cc1)[S](=O)(=O)N2C(=O)[C@@H](CCO)[C@@H](c3ccccc3)c4cc(oc24)c5ccccc5,ODH,13.2,0.5,6.6,train,0.0,0.0,12.673546
1079,ODH_charity_0616:row:1079,6308,COc1cccc(OC)c1NC[C@H]2CCc3ccccc3N2,ODH,49.4,1.0,49.4,train,0.0,0.0,5.2212677
4299,ODH_charity_0616:row:4299,23144,S=C1N[C@H](c2ccccc2)c3ccccc3N1,ODH,7.5,1.0,7.5,train,0.0,0.0,5.197266
3837,ODH_charity_0616:row:3837,21174,O=C(O[C@H]1C[C@@H](C2=CC=C(Br)C=C2)N3C4=C1C=CC=C4CC[C@H]3C5=CC=C(F)C=C5)NCC6=CC=CC=C6,ODH,9.79,1.0,9.79,train,0.0,0.0,12.670371
2179,ODH_charity_0616:row:2179,12048,CCOC(=O)[C@@H]1[C@H](c2ccccc2)c3ccc(OC)cc3OC1=O,ODH,15.6,0.7,10.92,train,0.0,0.0,6.61775
1832,ODH_charity_0616:row:1832,10238,CCCCC[C@@H](C=C)c1c(C)[nH]c2ccccc12,ODH,13.5,1.0,13.5,train,0.0,0.0,5.4357424
1150,ODH_charity_0616:row:1150,6808,C[C@@H](N[S](=O)(=O)C(C)(C)C)c1cccc(Cl)c1,ODH,7.8,1.0,7.8,train,0.0,0.0,6.7522984
3125,ODH_charity_0616:row:3125,17424,CC[C@@H](CO)c1ccccc1,ODH,25.9,0.5,12.95,train,0.0,0.34340423,2.0957422
3725,ODH_charity_0616:row:3725,20697,COC(=O)CCNC(=O)[C@@](C)(NC(=O)c1ccc(OC)cc1)C(=O)OCc2ccccc2,ODH,32.4,0.5,16.2,train,0.0,0.0,7.530267
1377,ODH_charity_0616:row:1377,7901,COc1ccccc1[C@](c2[nH]c(cc2)c3ccccc3)(c4ccccc4)c5ccc(O)cc5,ODH,11.2,1.0,11.2,train,0.0,0.0,8.927342
3264,ODH_charity_0616:row:3264,18231,CC(C)O[P](=O)(OC(C)C)[C@@]12CC(=CC(=O)N1[S](=O)(=O)c3ccccc23)c4ccccc4,ODH,22.7,0.8,18.16,train,0.0,0.0,17.390366
2003,ODH_charity_0616:row:2003,11146,CN1C(=O)N[C@@H](c2ccccc2)c3cc(ccc13)c4c(C)onc4C,ODH,18.6,1.0,18.6,train,0.0,0.0,8.709766
3065,ODH_charity_0616:row:3065,17073,Cc1ccc(cc1)[C@@H](C[N+]([O-])=O)c2ccc(F)cc2,ODH,13.6,1.5,20.4,train,0.0,0.0,4.4592056
2171,ODH_charity_0616:row:2171,12007,Fc1cccc(c1)[S@](=O)Cc2ccccc2,ODH,14.45,1.0,14.45,train,0.0,0.30067357,3.6623788
2328,ODH_charity_0616:row:2328,12909,O[C@@H]([C@@H](C=C)c1cc(Cl)cc(Cl)c1)C(=O)c2ccccc2,ODH,13.9,0.5,6.95,train,0.0,0.0,5.0315347
4202,ODH_charity_0616:row:4202,22736,Cc1ccc(cc1)N2N=C(C)[C@](C\C=C\c3ccccc3)(Cc4ccc(Br)cc4)C2=O,ODH,7.038,1.0,7.038,train,0.0,0.0,11.878572
1580,ODH_charity_0616:row:1580,8958,CCCC[C@H]1Nc2ccccc2C[C@H]1N3C(=O)c4ccccc4C3=O,ODH,14.5,0.7,10.15,train,0.0,0.0,8.505339
2978,ODH_charity_0616:row:2978,16466,C[C@@H](C1=CNC2=C1C=CC=C2)C=C,ODH,25.0,1.0,25.0,train,0.0,0.0,3.290531
1098,ODH_charity_0616:row:1098,6529,O[C@@H](CC(=O)Nc1ccccc1)c2ccccc2,ODH,82.5,0.5,41.25,train,0.0,0.096057706,3.7960055
950,ODH_charity_0616:row:950,5300,C[C@H](CC(=O)c1ccc(F)cc1)[S](C)(=O)=O,ODH,24.7,1.0,24.7,train,0.0,0.0,3.7187772
3193,ODH_charity_0616:row:3193,17914,Cc1ccc(cc1)/C=C/[C@]2(CO)C(=O)N(COCc3ccccc3)c4cccc(Cl)c24,ODH,27.7,0.8,22.16,train,0.0,0.0,8.289531
2042,ODH_charity_0616:row:2042,11393,C([C@H]1Cc2ccccc2N1)c3ccccc3,ODH,14.8,1.0,14.8,train,0.0,0.0,3.3934624
4214,ODH_charity_0616:row:4214,22788,FC(F)(F)[C@@H]1Cc2ccccc2N[C@H]1C#Cc3ccccc3,ODH,8.0,0.7,5.6,train,0.0,0.0,8.038384
3321,ODH_charity_0616:row:3321,18508,CN1CCc2ccccc2[C@H]1c3ccc(Cl)cc3,ODH,4.1,1.0,4.1,train,0.0,0.0,5.330713
1288,ODH_charity_0616:row:1288,7452,CCOC(=O)[C@@H](CC(=O)c1ccc(C)cc1)C(=C)C(C)=O,ODH,9.7,1.0,9.7,train,0.0,0.0,6.29271
2161,ODH_charity_0616:row:2161,11935,COc1cccc(c1)[C@H](O)CCN(C)Cc2ccccc2,ODH,19.25,1.0,19.25,train,0.0,0.0,4.2712464
3148,ODH_charity_0616:row:3148,17628,Clc1cccc(\C=C\[C@H]2N[S](=O)(=O)Oc3ccccc23)c1,ODH,31.7,1.0,31.7,train,0.0,0.0,5.954634
2013,ODH_charity_0616:row:2013,11234,COc1ccccc1[C@H]2Nc3ccccc3N(C)C2=O,ODH,17.5,1.0,17.5,train,0.0,0.0,6.307891
1140,ODH_charity_0616:row:1140,6739,C[C@]1(CC2=CCCCC2)CC(=NO1)c3ccccc3,ODH,10.77,0.6,6.462,train,0.0,0.0,4.908077
1698,ODH_charity_0616:row:1698,9588,C=C[C@@H](CCc1ccccc1)NCc2occc2,ODH,14.067,1.0,14.067,train,0.0,0.2892702,3.0843525
2491,ODH_charity_0616:row:2491,13789,O=[S]1(=O)N2[C@@H]3CCCC[C@H]3C(=C2c4ccccc14)c5ccccc5,ODH,18.07,0.5,9.035,train,0.0,0.0,9.011926
81,ODH_charity_0616:row:81,471,C(O[C@H](\C=C\c1ccccc1)c2ccccc2)c3ccccc3,ODH,6.525,1.0,6.525,train,0.0,0.0,4.8951545
2989,ODH_charity_0616:row:2989,16511,C[C@@](c1ccccc1)(c2ccc(O)cc2)c3c[nH]c4ccccc34,ODH,23.3,1.0,23.3,train,0.0,0.0,6.9540653
1679,ODH_charity_0616:row:1679,9472,Cc1ccc2N[C@@H]([C@@H]3CCO[C@@H]3c2c1)c4ccccc4,ODH,8.13,1.0,8.13,train,0.0,0.0,6.4907327
2140,ODH_charity_0616:row:2140,11783,C1C[C@H](C#Cc2ccccc2)c3ccccc3C1,ODH,15.28,0.7,10.696,train,0.0,0.0,4.1526494
4434,ODH_charity_0616:row:4434,23727,CC[C@H](N[S](=O)(=O)C(C)(C)C)c1ccccc1,ODH,8.0,1.0,8.0,train,0.0,0.0,6.1935883
594,ODH_charity_0616:row:594,3439,COC(=O)[C@H]1COc2ccc(Cl)cc2O1,ODH,11.8,1.0,11.8,train,0.0,0.0,3.2280016
4383,ODH_charity_0616:row:4383,23527,CCCc1ccc(C[C@@H](B2OC(C)(C)C(C)(C)O2)N3CCOC3=O)cc1,ODH,7.9,1.0,7.9,train,0.0,0.0,12.635084
4752,ODH_charity_0616:row:4752,24959,Cc1cc([C@@H](C(=O)OCc2ccccc2)c3ccc(Br)cc3)c(C)n1Cc4ccccc4,ODH,9.2,0.7,6.44,train,0.0,0.0,10.05584
2086,ODH_charity_0616:row:2086,11527,CC(C)(C)c1ccc(cc1)[C@H](O)C(O)=O,ODH,11.9,0.8,9.52,train,0.0,0.0,4.8877254
2459,ODH_charity_0616:row:2459,13591,C=C[C@H](CCc1ccccc1)NCCc2ccccc2,ODH,17.77,0.7,12.439,train,0.0,0.0,3.8221498
2170,ODH_charity_0616:row:2170,11992,COc1ccccc1[P@](=O)(OC)c2ccccc2OCc3ccccc3[P](=O)(c4ccccc4)c5ccccc5,ODH,15.5,0.7,10.85,train,0.0,0.0,13.272855
561,ODH_charity_0616:row:561,3280,CCOC(=O)C[C@H](Sc1ccc(C)cc1)c2cccc(OC)c2,ODH,26.3,1.0,26.3,train,0.0,0.0,4.6879354
3405,ODH_charity_0616:row:3405,18900,CC(=O)C1=C(C)OC(=O)C[C@H]1c2cccc(F)c2,ODH,31.5,0.7,22.05,train,0.0,0.0,4.21021
3639,ODH_charity_0616:row:3639,20233,C[C@@H](\C=C\c1c(C)cc(C)cc1C)[C@@](C)(N)C(=O)OC(C)(C)C,ODH,5.3,1.0,5.3,train,0.0,0.0,20.345875
4441,ODH_charity_0616:row:4441,23762,CC(C)Cc1ccc(cc1)[C@H](C)C#Cc2ccccc2,ODH,8.05,0.7,5.635,train,0.0,0.0,6.260972
4671,ODH_charity_0616:row:4671,24570,C[C@@](C/C=C/C=C/c1ccccc1F)(C=O)c2ccccc2,ODH,10.05,1.0,10.05,train,0.0,0.0,4.7459803
753,ODH_charity_0616:row:753,4232,C[C@H](CC(=O)c1cccc(C)c1)[S](=O)(=O)c2ccc(C)cc2,ODH,20.7,0.5,10.35,train,0.0,0.0,6.0192986
376,ODH_charity_0616:row:376,2029,CCCCCCCC[C@H]1CCC2=C(CCCC2=O)N1,ODH,11.4,1.0,11.4,train,0.0,0.0,4.214147
235,ODH_charity_0616:row:235,1364,C1CN=C(N1)[C@@H]2[C@@H](c3ccccc3)[C@@]24CCC4(c5ccccc5)c6ccccc6,ODH,12.54,0.5,6.27,train,0.0,0.0,11.999549
613,ODH_charity_0616:row:613,3534,FC(F)(F)c1ccc(cc1)[C@H]2COc3ccccc3N2,ODH,16.4,1.0,16.4,train,0.0,0.0,5.750629
490,ODH_charity_0616:row:490,2799,C[C@@H]1Cc2ccccc2N1,ODH,13.8,0.8,11.04,train,0.0,0.0,2.1899476
2088,ODH_charity_0616:row:2088,11537,N[C@H](C(=[N+]=[N-])C(=O)c1cccc2ccccc12)C(F)(F)F,ODH,11.377,1.0,11.377,train,0.0,0.0,5.6954284
2981,ODH_charity_0616:row:2981,16474,C[C@@H]1C[C@H](c2ccccc2)C(C)(C)C1=O,ODH,23.22,1.0,23.22,train,0.0,0.0,6.5789924
972,ODH_charity_0616:row:972,5588,Cc1ccc(cc1)[S](=O)(=O)N2CC[C@H](C2)C#N,ODH,30.6,1.0,30.6,train,0.0,0.0,4.1677103
4064,ODH_charity_0616:row:4064,22144,CCCC(=O)O\C(c1ccccc1)=C\2[C@H]([C@H](C)C=C2c3ccccc3)c4occc4,ODH,7.0,0.7,4.9,train,0.0,0.0,7.7066927
951,ODH_charity_0616:row:951,5301,C[C@@H](CC(=O)c1ccc(F)cc1)[S](C)(=O)=O,ODH,27.4,1.0,27.4,train,0.0,0.0,3.7047482
2864,ODH_charity_0616:row:2864,15837,CCOC(=O)[C@@]1(N[S](=O)(=O)c2ccc(cc12)C(F)(F)F)C#Cc3ccccc3,ODH,27.9,0.5,13.95,train,0.0,0.0,8.8595085
3401,ODH_charity_0616:row:3401,18892,COc1ccc(N[C@@H]2CCCC[C@@H]2O)cc1,ODH,25.77,1.0,25.77,train,0.0,0.0,3.2897666
2835,ODH_charity_0616:row:2835,15713,Cc1ccc(cc1)[S](=O)(=O)N2CC[C@@H](C2)c3ccc(C)c(C)c3,ODH,21.5,1.0,21.5,train,0.0,0.0,6.2055244
1160,ODH_charity_0616:row:1160,6910,CN1C(=O)[C@@H](Nc2ccccc12)c3ccc(Br)cc3,ODH,16.4,1.0,16.4,train,0.0,0.0,5.772846
907,ODH_charity_0616:row:907,5124,O[C@H](C[N+]([O-])=O)c1ccc(Br)cc1,ODH,25.761,0.8,20.6088,train,0.0,0.0,2.7793546
2102,ODH_charity_0616:row:2102,11584,O=C1O[C@@]2(n3ccc4cccc1c34)C(=O)N(Cc5ccccc5)c6ccccc26,ODH,16.3,0.8,13.04,train,0.0,0.0,10.914657
4478,ODH_charity_0616:row:4478,23905,C[C@@H](N[S](=O)(=O)C(C)(C)C)c1cccc(C)c1,ODH,6.9,1.0,6.9,train,0.0,0.0,7.3973494
2320,ODH_charity_0616:row:2320,12854,CC[C@@H](C#Cc1ccccc1Cl)c2ccccc2,ODH,18.58,0.7,13.006,train,0.0,0.0,3.8794155
2812,ODH_charity_0616:row:2812,15569,CC(C)O[P](=O)(OC(C)C)[C@@]12CC(=CC(=O)N1[S](=O)(=O)c3ccc(C)cc23)c4ccccc4,ODH,15.6,0.8,12.48,train,0.0,0.0,19.013542
3477,ODH_charity_0616:row:3477,19260,COc1cccc(c1)C(=O)NN[C@@H](C)c2ccccc2,ODH,29.326,1.0,29.326,train,0.0,0.0,4.0410914
3055,ODH_charity_0616:row:3055,16975,CCC[C@@H]1[C@H](/C=C/CN(CC#CC)[S](=O)(=O)c2ccc(C)cc2)N1[S](=O)(=O)c3ccc(C)cc3,ODH,24.55,0.8,19.64,train,0.0,0.0,11.161487
3825,ODH_charity_0616:row:3825,21144,COc1ccc(cc1)c2c([nH]c3ccccc23)[C@](c4[nH]ccc4)(c5ccccc5)c6ccccc6OC,ODH,5.6,1.0,5.6,train,0.0,0.0,11.125677
2873,ODH_charity_0616:row:2873,15887,Clc1ccc2C(=O)O[C@@]3(n4ccc1c24)C(=O)N(Cc5ccccc5)c6ccccc36,ODH,23.0,0.8,18.4,train,0.0,0.0,10.694775
4621,ODH_charity_0616:row:4621,24422,CC(C)(C)OC[C@](N)(C\C=C\c1ccccc1)C(=O)OC(C)(C)C,ODH,5.1,1.0,5.1,train,0.0,0.0,14.923073
1883,ODH_charity_0616:row:1883,10519,Cc1cccc2c1N(Cc3ccccc3)C(=O)[C@]24OC(=O)c5cccc6ccn4c56,ODH,14.7,0.8,11.76,train,0.0,0.0,11.180556
582,ODH_charity_0616:row:582,3399,COC(=O)[C@@H]1COc2ccc(F)cc2O1,ODH,15.8,1.0,15.8,train,0.0,0.0,3.319539
4708,ODH_charity_0616:row:4708,24720,O[C@@H]1C[C@H](CCc2ccccc2)Oc3ccc(F)cc13,ODH,89.431,0.5,44.7155,train,0.0,0.0,4.4630556
2197,ODH_charity_0616:row:2197,12124,COc1ccccc1[C@@H](C[N+]([O-])=O)c2ccc(C)cc2,ODH,9.3,1.5,13.95,train,0.0,0.0,4.6452837
2338,ODH_charity_0616:row:2338,12956,CCCCC[C@]1(COc2ccccc12)CC3=CCCCC3,ODH,16.8,0.75,12.6,train,0.0,0.0,5.204954
440,ODH_charity_0616:row:440,2400,COc1ccc2[C@@H](C)N[S](=O)(=O)Oc2c1,ODH,12.5,0.8,10.0,train,0.0,0.0,4.9561877
3189,ODH_charity_0616:row:3189,17887,IC[C@]1(CCCCN2C(=O)c3cccc4cccc2c34)COc5ccccc15,ODH,27.6,0.8,22.08,train,0.0,0.0,7.988538
3375,ODH_charity_0616:row:3375,18768,C[C@]1(CI)COc2cc3ccccc3cc12,ODH,26.2,0.5,13.1,train,0.0,0.0,4.046407
4401,ODH_charity_0616:row:4401,23627,O[C@H]/1CCC1=C/c2ccc3ccccc3c2,ODH,72.346,0.8,57.8768,train,0.0,0.0,3.3786924
3256,ODH_charity_0616:row:3256,18209,COc1ccc(cc1)C(=O)N[C@](C)(C(=O)NCc2ccccc2)C(=O)OCc3ccccc3,ODH,33.2,0.5,16.6,train,0.0,0.0,8.510974
4120,ODH_charity_0616:row:4120,22332,Cc1cccc(/C=C/[C@@H]2COc3cc(F)c(F)cc3O2)c1,ODH,6.74,1.0,6.74,train,0.0,0.0,5.0012026
1637,ODH_charity_0616:row:1637,9299,C[C@@H](O)[C@H](N1CCCC1)c2ccc(Br)cc2,ODH,12.47,1.0,12.47,train,0.0,0.0,3.5062919
3060,ODH_charity_0616:row:3060,17020,OC[C@]1(\C=C\c2ccccc2)C(=O)Nc3ccccc13,ODH,28.8,0.8,23.04,train,0.0,0.0,5.822278
212,ODH_charity_0616:row:212,1185,C1Cc2ccccc2N[C@@H]1c3ccccc3,ODH,8.9,0.8,7.12,train,0.0,0.0,4.2746305
3598,ODH_charity_0616:row:3598,20035,CC(C)(C)OC(=O)[C@](C)(N)C\C=C\c1cc(Cl)cc(Cl)c1,ODH,39.8,0.5,19.9,train,0.0,0.0,9.1525345
2644,ODH_charity_0616:row:2644,14555,Cc1ccc(cc1)[S](=O)(=O)N2C[C@@H]3C=CCN(C(=C3C2)c4ccccc4)[S](=O)(=O)c5ccc(C)cc5,ODH,23.01,0.8,18.408,train,0.0,0.0,12.874155
433,ODH_charity_0616:row:433,2385,Fc1ccc(cc1)C2(CC[C@]23[C@H](C=O)[C@H]3c4ccccc4)c5ccc(F)cc5,ODH,8.33,1.0,8.33,train,0.0,0.0,10.104354
4774,ODH_charity_0616:row:4774,25015,CC(=C)[C@H]1CN(C(=C1)c2ccc(F)cc2)[S](=O)(=O)c3ccc(C)cc3,ODH,9.23,0.8,7.384,train,0.0,0.0,7.4685907
1921,ODH_charity_0616:row:1921,10673,CC1(C)OB(OC1(C)C)[C@H](Cc2ccc(cc2)c3ccccc3)N4CCOC4=O,ODH,14.0,1.0,14.0,train,0.0,0.0,16.454672
4666,ODH_charity_0616:row:4666,24543,CC(C)[C@H](N[S](=O)(=O)C(C)(C)C)c1ccccc1,ODH,8.8,1.0,8.8,train,0.0,0.0,8.883743
639,ODH_charity_0616:row:639,3703,COc1ccc2CCC[C@@H](O)c2c1,ODH,19.5,1.0,19.5,train,0.0,0.0,2.6975803
3979,ODH_charity_0616:row:3979,21779,CN1CCc2ccccc2[C@H]1c3ccc(Br)cc3,ODH,7.2,0.7,5.04,train,0.0,0.0,4.6692424
337,ODH_charity_0616:row:337,1862,C[C@H](CC(=O)c1ccc(C)cc1)[S](=O)(=O)c2ccc(C)cc2,ODH,13.2,1.0,13.2,train,0.0,0.0,5.824106
980,ODH_charity_0616:row:980,5632,O=C(C[C@H]1CCOc2ccccc12)Nc3ccccc3,ODH,31.1,1.0,31.1,train,0.0,0.0,4.5477395
4508,ODH_charity_0616:row:4508,24006,CC(C)(C)[S](=O)(=O)N[C@H](C1CCCC1)c2ccccc2,ODH,6.4,1.0,6.4,train,0.0,0.0,7.682115
3162,ODH_charity_0616:row:3162,17708,Cc1cccc2[C@H](N[S](=O)(=O)Oc12)\C=C\c3ccccc3,ODH,23.1,0.8,18.48,train,0.0,0.0,6.5160675
4956,ODH_charity_0616:row:4956,25795,COc1cccc(C[C@H]2CCON2C(=O)OC(C)(C)C)c1,ODH,12.657,0.8,10.1256,train,0.0,0.0,8.024345
4718,ODH_charity_0616:row:4718,24781,[N-]=[N+]=NC[C@H]1COC2(CCC2)c3ccccc3O1,ODH,9.0,1.0,9.0,train,0.0,0.0,4.3002944
2694,ODH_charity_0616:row:2694,14898,Cc1ccc2N[C@@H]([C@@H]3CCO[C@@H]3c2c1)c4ccc(Br)cc4,ODH,9.0,1.0,9.0,train,0.0,0.0,6.795952
2418,ODH_charity_0616:row:2418,13308,COc1cccc(c1)C(=O)OC[C@@H](O)c2ccccc2,ODH,17.3,1.0,17.3,train,0.0,0.0,4.251537
1541,ODH_charity_0616:row:1541,8746,O=C(OCc1ccccc1)[C@@H]2CCCO2,ODH,11.92,1.0,11.92,train,0.0,0.0,2.758314
4150,ODH_charity_0616:row:4150,22447,O[C@@H]/1CCCC1=C/c2cccc(Cl)c2,ODH,6.4,0.8,5.12,train,0.0,0.0,3.599216
1398,ODH_charity_0616:row:1398,8060,C[C@@H](N[S](=O)(=O)C(C)(C)C)c1cccc2ccccc12,ODH,9.0,1.0,9.0,train,0.0,0.0,8.571099
3070,ODH_charity_0616:row:3070,17084,Cc1cccc(c1)[C@@H](C=C)[C@H](O)C(=O)c2ccccc2,ODH,20.9,1.0,20.9,train,0.0,0.0,4.89463
3156,ODH_charity_0616:row:3156,17671,C1Cc2ccccc2N[C@H]1c3ccccc3,ODH,26.62,0.6,15.972,train,0.0,0.0,3.7390409
2575,ODH_charity_0616:row:2575,14104,CCC1(CC)[C@H](CCC1=O)c2ccccc2,ODH,9.99,1.0,9.99,train,0.0,0.0,4.8047514
4735,ODH_charity_0616:row:4735,24830,CC[C@@]1(N(c2ccc(C)cc2C1=C)[S](=O)(=O)C(F)(F)F)c3ccccc3,ODH,8.1,0.5,4.05,train,0.0,0.0,13.286695
819,ODH_charity_0616:row:819,4700,O=C1Oc2c(N[C@H]1c3ccccc3)ccc4ccccc24,ODH,26.7,1.0,26.7,train,0.0,0.0,6.4131227
692,ODH_charity_0616:row:692,3911,COC(=O)[C@@H](CC=O)Cc1ccccc1,ODH,18.1,1.0,18.1,valid,0.0,0.17115726,2.6663563
3378,ODH_charity_0616:row:3378,18775,O=C1O[C@]2(n3c1cc4ccccc34)C(=O)N(Cc5ccccc5)c6ccccc26,ODH,30.9,0.5,15.45,valid,0.0,0.0,10.871378
4037,ODH_charity_0616:row:4037,22040,COc1ccccc1C[C@@]2(C\C=C\c3ccccc3)C(=NN(C2=O)c4ccc(C)cc4)C,ODH,6.337,1.0,6.337,valid,0.0,0.0,13.51508
2993,ODH_charity_0616:row:2993,16538,CCOC(=O)C[C@@H](CN(Cc1ccccc1)Cc2ccccc2)C(=O)OC,ODH,19.5,0.5,9.75,valid,0.0,0.0,5.0883684
148,ODH_charity_0616:row:148,874,Cc1ccc(cc1)C(=O)[C@]2(OCCC[C@H]2Cl)c3ccc(C)cc3,ODH,8.87,1.0,8.87,valid,0.0,0.0,6.018227
1085,ODH_charity_0616:row:1085,6361,CCOC(=O)C[C@@H]1Nc2cc(F)ccc2OC1=O,ODH,52.9,0.5,26.45,valid,0.0,0.0,4.0403643
2286,ODH_charity_0616:row:2286,12631,C=C[C@@H]1CC(=C(O1)c2cccc3ccccc23)C#N,ODH,16.307,1.0,16.307,valid,0.0,0.0,4.837831
1427,ODH_charity_0616:row:1427,8222,Cc1ccc(\C=C\[C@@H]2COc3ccccc3O2)cc1,ODH,11.46,1.0,11.46,valid,0.0,0.0,3.6341558
4010,ODH_charity_0616:row:4010,21939,CCCCC[C@H]1Cc2ccccc2N1,ODH,6.2,1.0,6.2,valid,0.0,0.0,2.9367075
4753,ODH_charity_0616:row:4753,24965,Cc1oc(c2ccccc2)c3[C@@H]4COCCN4c5ccccc5Cc13,ODH,13.7,0.6,8.22,valid,0.0,0.0,7.1119823
669,ODH_charity_0616:row:669,3822,COc1ccccc1[C@@H](O)C[N+]([O-])=O,ODH,21.585,0.8,17.268,valid,0.0,0.0,2.9858787
2065,ODH_charity_0616:row:2065,11458,C[C@@H]1C[C@@H](NC(=O)N1)c2ccccc2,ODH,16.8,0.8,13.44,valid,0.0,0.0,3.6318126
1699,ODH_charity_0616:row:1699,9589,C=C[C@H](CCc1ccccc1)NCc2occc2,ODH,12.775,1.0,12.775,valid,0.0,0.22629395,3.0894282
1350,ODH_charity_0616:row:1350,7794,Cc1n(c2ccccc2)c3ccccc3c1[C@@H](C(=O)OCc4ccccc4)c5ccccc5,ODH,11.1,0.7,7.77,valid,0.0,0.0,8.183642
101,ODH_charity_0616:row:101,566,C1CN(CCO1)[C@H](\C=C\c2ccccc2)c3ccccc3,ODH,13.509,1.0,13.509,valid,0.0,0.0,4.842681
3282,ODH_charity_0616:row:3282,18297,Cc1ccc(cc1)[S](=O)(=O)N2C(=O)C[C@H](C=C2c3ccccc3)c4ccccc4F,ODH,29.2,0.7,20.44,valid,0.0,0.0,8.958204
2382,ODH_charity_0616:row:2382,13149,CC1(C)[C@@H](CCC1=O)c2cccc(Cl)c2,ODH,17.08,1.0,17.08,valid,0.0,0.0,4.783619
626,ODH_charity_0616:row:626,3647,O[C@H](C[N+]([O-])=O)c1ccc(cc1)C(F)(F)F,ODH,16.856,0.8,13.4848,valid,0.0,0.0,3.7338524
3293,ODH_charity_0616:row:3293,18351,OCN1C(=O)[C@@](CO)(CCc2ccccc2)c3c(Cl)cccc13,ODH,29.4,0.8,23.52,valid,0.0,0.0,6.709206
110,ODH_charity_0616:row:110,617,CCOC(=O)C[C@@H](B1OC(C)(C)C(C)(C)O1)c2ccccc2,ODH,7.1,0.5,3.55,valid,0.0,0.0,12.3656
425,ODH_charity_0616:row:425,2312,COc1ccc(C[C@H](CC=O)C(=O)OC(C)C)cc1,ODH,12.2,1.0,12.2,valid,0.0,0.0,3.5703123
4864,ODH_charity_0616:row:4864,25354,CC(C)Cc1ccc(cc1)[C@@H](O)C(O)=O,ODH,9.57,0.8,7.656,valid,0.0,0.0,3.2653425
1558,ODH_charity_0616:row:1558,8875,O[C@]1([C@H](C=C)c2ccccc2)C(=O)N(Cc3ccccc3)c4ccccc14,ODH,9.945,1.0,9.945,valid,0.0,0.0,8.354194
1808,ODH_charity_0616:row:1808,10112,Cc1ccc(/C=C/C[C@](C)(N)C(=O)OC(C)(C)C)cc1C,ODH,6.3,1.0,6.3,valid,0.0,0.0,10.544618
1589,ODH_charity_0616:row:1589,8995,COC(=O)c1ccc(cc1)[C@@](C)(C=O)c2ccc(cc2)C(C)C,ODH,12.15,0.5,6.075,valid,0.0,0.0,7.3084207
2535,ODH_charity_0616:row:2535,13922,Clc1ccccc1[C@@H]2CC(=O)N3C(=C2)c4ccccc4[S]3(=O)=O,ODH,29.71,1.0,29.71,valid,0.0,0.0,9.110372
3228,ODH_charity_0616:row:3228,18092,OC[C@H](O)c1sccc1,ODH,28.3,0.8,22.64,valid,0.0,0.30435023,1.9339515
4899,ODH_charity_0616:row:4899,25503,Cc1ccc2c(O[C@H](CO)COC2(C)C)c1,ODH,12.8,1.0,12.8,valid,0.0,0.0,4.9738975
2988,ODH_charity_0616:row:2988,16510,C[C@](c1ccccc1)(c2ccc(O)cc2)c3c[nH]c4ccccc34,ODH,27.6,1.0,27.6,valid,0.0,0.0,6.9531355
676,ODH_charity_0616:row:676,3855,CCOC(=O)C[C@@H]1Nc2ccccc2OC1=O,ODH,17.8,1.0,17.8,valid,0.0,0.0,3.6859708
1293,ODH_charity_0616:row:1293,7484,CCC[C@H](C=C)n1cnc2ccccc12,ODH,12.591,0.6,7.5546,valid,0.0,0.0,4.090151
344,ODH_charity_0616:row:344,1901,CO[P](=O)(OC)C(=[N+]=[N-])[C@]1(NC(=O)OC(C)(C)C)C(=O)N(C)c2c(C)cc(Br)cc12,ODH,11.058,0.5,5.529,valid,0.0,0.0,23.108847
568,ODH_charity_0616:row:568,3312,Cc1cccc2c1C[C@H](Sc3ccccc3)[C@@]24CCCC4=O,ODH,11.75,1.0,11.75,valid,0.0,0.0,6.4794116
3790,ODH_charity_0616:row:3790,21011,CC(C)(C)OC(=O)[C@](C)(N)C\C=C\c1ccccc1F,ODH,5.3,1.0,5.3,valid,0.0,0.0,7.5480056
1603,ODH_charity_0616:row:1603,9085,CCOC(=O)[C@@]1(O[C@H](OC(=C[C@H]1c2ccccc2)CO)c3ccccc3)c4ccccc4,ODH,14.29,1.0,14.29,valid,0.0,0.0,8.7718525
2373,ODH_charity_0616:row:2373,13110,CCCCC[C@H](C=C)c1c[nH]c2c(OC)cccc12,ODH,21.8,1.0,21.8,valid,0.0,0.0,4.730625
3063,ODH_charity_0616:row:3063,17023,O[C@@H]([C@H](C=C)c1ccccc1)C(=O)c2ccc(Br)cc2,ODH,37.2,0.5,18.6,valid,0.0,0.0,4.8546944
4802,ODH_charity_0616:row:4802,25122,CCOC(=O)C(=C)C[C@@]1(C=C(c2ccccc2)c3ccccc13)C(F)(F)F,ODH,9.35,0.5,4.675,valid,0.0,0.0,7.8834043
3751,ODH_charity_0616:row:3751,20854,O[C@@H]1CC[C@@H]1Cc2ccccc2,ODH,45.769,0.5,22.8845,valid,0.0,0.0,2.624398
3038,ODH_charity_0616:row:3038,16853,C[C@@H](O)c1ccccc1Br,ODH,24.2,1.0,24.2,valid,0.0,0.0,1.9659901
1796,ODH_charity_0616:row:1796,10019,CC(=O)Oc1ccc(cc1)[C@H](CN[S](=O)(=O)c2ccc(C)cc2)Sc3sc4ccccc4n3,ODH,13.2,1.0,13.2,valid,0.0,0.0,10.743853
4633,ODH_charity_0616:row:4633,24454,CC[C@H](C#Cc1ccccc1)c2ccc(Br)cc2,ODH,8.71,0.7,6.097,valid,0.0,0.0,3.8015788
3050,ODH_charity_0616:row:3050,16962,OC[C@@H](O)c1cccc(Br)c1,ODH,29.7,0.8,23.76,valid,0.0,0.22821215,2.295047
4467,ODH_charity_0616:row:4467,23860,CCC(=C)C[C@@]1(C)CC(=NO1)c2ccccc2,ODH,7.51,0.8,6.008,valid,0.0,0.0,7.024348
4684,ODH_charity_0616:row:4684,24600,CCCCC[C@@]1(CI)COc2cc(ccc12)C(=O)N3CCCCC3,ODH,8.9,0.8,7.12,valid,0.0,0.0,6.4482045
2339,ODH_charity_0616:row:2339,12965,C=C[C@@H](CCc1ccccc1)C(C#N)C#N,ODH,13.688,1.0,13.688,valid,0.0,0.0,3.8954134
3003,ODH_charity_0616:row:3003,16571,Cc1ccc(cc1)[S](=O)(=O)OC[C@H]2COC3(CCC3)c4ccccc4O2,ODH,23.5,1.0,23.5,valid,0.0,0.0,6.7514067
4949,ODH_charity_0616:row:4949,25745,NC1=C(C#N)[C@@H](c2ccc(F)cc2)c3cc4OCOc4cc3O1,ODH,11.8,0.7,8.26,valid,0.0,0.0,8.413051
4211,ODH_charity_0616:row:4211,22766,Brc1ccc(cc1)[C@H](Oc2ccccc2)C(=O)OCc3ccccc3,ODH,7.1,1.0,7.1,valid,0.0,0.0,5.833735
4131,ODH_charity_0616:row:4131,22373,C[C@@H](\C=C\c1ccccc1C#N)[C@@](C)(N)C(=O)OC(C)(C)C,ODH,7.7,1.0,7.7,valid,0.0,0.0,11.717841
2669,ODH_charity_0616:row:2669,14706,COc1ccc(N[C@@H](C)C=C)cc1,ODH,19.537,0.5,9.7685,valid,0.0,0.0,2.679632
2986,ODH_charity_0616:row:2986,16498,CCCCC[C@H](C=C)n1ccc2cc(ccc12)C#N,ODH,21.2,0.5,10.6,valid,0.0,0.0,4.948748
1792,ODH_charity_0616:row:1792,10011,CC[C@@H](COC=O)c1ccccc1,ODH,13.2,0.5,6.6,valid,0.0,0.36397278,2.2465444
3276,ODH_charity_0616:row:3276,18271,IC[C@]1(CCCc2ccccc2)COc3ccccc13,ODH,29.1,0.5,14.55,valid,0.0,0.0,4.7090783
2671,ODH_charity_0616:row:2671,14749,Cc1ccc(cc1)[S](=O)(=O)N2CCC[C@@H](C2)c3ccccc3,ODH,19.6,1.0,19.6,valid,0.0,0.0,5.399598
145,ODH_charity_0616:row:145,849,Brc1ccc(cc1)[C@@H]2[C@@H](C=O)[C@]23CCC3(c4ccccc4)c5ccccc5,ODH,11.62,1.0,11.62,valid,0.0,0.0,10.307355
4931,ODH_charity_0616:row:4931,25638,Cn1c2ccccc2c([C@@H](C(=O)OCc3ccccc3)c4ccccc4)c1c5ccc(F)cc5,ODH,9.8,0.7,6.86,valid,0.0,0.0,9.503405
1088,ODH_charity_0616:row:1088,6399,N[C@H](C[C@](O)(CC(F)(F)F)c1ccccc1)c2ccccc2,ODH,22.3,0.8,17.84,valid,0.0,0.0,5.5365
304,ODH_charity_0616:row:304,1713,C[C@@H](CC(=O)c1ccccc1C)[S](=O)(=O)c2ccc(C)cc2,ODH,10.5,1.0,10.5,valid,0.0,0.0,6.1171823
4483,ODH_charity_0616:row:4483,23918,COC(=O)[C@@H](F)\C=C(/C)c1ccccc1,ODH,8.2,1.0,8.2,valid,0.0,0.0,2.7614512
3089,ODH_charity_0616:row:3089,17190,Brc1cccc(c1)[C@H]2CCc3ccccc3N2,ODH,25.13,0.6,15.078,valid,0.0,0.0,4.245675
875,ODH_charity_0616:row:875,4977,COC(=O)C[C@@H](C#N)c1sccc1,ODH,18.4,1.0,18.4,valid,0.0,0.0,2.3220193
1383,ODH_charity_0616:row:1383,7972,CC(=C)C[C@@H]1CC(=NO1)c2cc(Cl)cc(Cl)c2,ODH,11.23,0.6,6.738,valid,0.0,0.0,5.124742
1064,ODH_charity_0616:row:1064,6240,COc1cccc(C[C@H](CC=O)C(=O)OC(C)C)c1,ODH,45.7,1.0,45.7,valid,0.0,0.0,3.569487
3204,ODH_charity_0616:row:3204,17976,CCC[C@@]1(CI)COc2ccccc12,ODH,32.7,0.5,16.35,valid,0.0,0.0,3.4713418
493,ODH_charity_0616:row:493,2845,Brc1ccc(cc1)C2(CC[C@]23[C@H](C=O)[C@H]3c4ccccc4)c5ccc(Br)cc5,ODH,8.49,1.0,8.49,valid,0.0,0.0,10.699274
3763,ODH_charity_0616:row:3763,20887,C[C@@H](\C=C\c1ccccc1F)[C@](C)(N)C(=O)OC(C)(C)C,ODH,5.3,1.0,5.3,valid,0.0,0.0,10.244358
4411,ODH_charity_0616:row:4411,23669,FC(F)(F)[C@]1(CC(=CC(=O)O1)c2cccnc2)c3ccccc3,ODH,76.1,0.75,57.075,valid,0.0,0.0,7.0710487
3990,ODH_charity_0616:row:3990,21827,CC(C)(C)OC(=O)[C@](C)(N)C\C=C\c1occc1,ODH,6.1,1.0,6.1,valid,0.0,0.0,6.749009
197,ODH_charity_0616:row:197,1092,Clc1ccccc1[C@@H]2[C@@H](C=O)[C@]23CCC3(c4ccccc4)c5ccccc5,ODH,11.33,1.0,11.33,valid,0.0,0.0,10.375553
2025,ODH_charity_0616:row:2025,11286,CC(C)(C)OC(=O)[C@@](C)(N)C\C=C\c1ccccc1,ODH,11.1,0.5,5.55,valid,0.0,0.0,7.6852026
230,ODH_charity_0616:row:230,1331,Cc1ccc2n(Cc3ccccc3)cc([C@H](NC(=O)c4ccccc4)c5ccccc5CCCC(F)(F)F)c2c1,ODH,9.35,1.0,9.35,valid,0.0,0.0,11.346247
2087,ODH_charity_0616:row:2087,11528,CC(C)(C)c1ccc(cc1)[C@@H](O)C(O)=O,ODH,14.96,0.8,11.968,valid,0.0,0.0,4.90372
4778,ODH_charity_0616:row:4778,25042,C[C@H]1Cc2ccccc2N1,ODH,9.3,0.8,7.44,valid,0.0,0.0,2.1807666
1239,ODH_charity_0616:row:1239,7243,C[C@H](N[S](=O)(=O)C(C)(C)C)c1ccc(Br)cc1,ODH,10.6,1.0,10.6,valid,0.0,0.0,6.59399
3928,ODH_charity_0616:row:3928,21530,O[C@@H]([C@@H](C=C)c1ccc(cc1)[N+]([O-])=O)C(=O)c2ccccc2,ODH,37.4,0.5,18.7,valid,0.0,0.0,5.8203936
4069,ODH_charity_0616:row:4069,22154,CCCC[C@H]1Cc2ccccc2N1,ODH,6.5,1.0,6.5,valid,0.0,0.0,2.726038
3813,ODH_charity_0616:row:3813,21111,Cc1ccc2c(OC(=O)[C@]2(C)C(=O)OCC=C)c1,ODH,5.9,1.0,5.9,valid,0.0,0.0,5.123386
4925,ODH_charity_0616:row:4925,25614,CN1C(=O)N[C@H](c2ccccc2)c3cc(Br)ccc13,ODH,9.8,1.0,9.8,valid,0.0,0.0,5.7622075
3807,ODH_charity_0616:row:3807,21080,CCCC[C@H]1Cc2ccccc2[C@H](N1)c3ccccc3,ODH,6.4,0.7,4.48,valid,0.0,0.0,5.2283444
324,ODH_charity_0616:row:324,1799,F[C@@H]1CCCO[C@@]1(C(=O)c2ccc(Br)cc2)c3ccc(Br)cc3,ODH,9.76,1.0,9.76,valid,0.0,0.0,5.716019
2683,ODH_charity_0616:row:2683,14848,COc1ccccc1\C=C\2CC[C@@H]2O,ODH,19.794,0.8,15.8352,valid,0.0,0.0,3.3896976
3058,ODH_charity_0616:row:3058,17006,FC(F)(F)c1ccc(cc1)[C@@H]2CCc3ccccc3N2,ODH,18.26,0.6,10.956,valid,0.0,0.0,5.179212
2275,ODH_charity_0616:row:2275,12571,Cc1ccc(cc1)[S](=O)(=O)NC[C@@H](CC(=O)c2ccccc2)C(=C)c3ccccc3,ODH,18.8,0.5,9.4,valid,0.0,0.0,8.701851
763,ODH_charity_0616:row:763,4258,CC1(C)CN(C(=O)Nc2cc(cc(c2)C(F)(F)F)C(F)(F)F)[C@](C1)(CC(F)(F)CO)c3ccccc3,ODH,15.28,0.4,6.112,valid,0.0,0.0,10.187412
2227,ODH_charity_0616:row:2227,12265,CCCCC[C@H](C=C)c1c[nH]c2ccccc12,ODH,17.8,1.0,17.8,valid,0.0,0.0,3.8125002
134,ODH_charity_0616:row:134,760,COC(=O)C[C@@H](B1OC(C)(C)C(C)(C)O1)c2ccccc2,ODH,7.6,0.5,3.8,valid,0.0,0.0,11.87715
3221,ODH_charity_0616:row:3221,18056,CCOC(=O)[C@]1(N[S](=O)(=O)c2cc(C)cc(C)c12)C#Cc3ccccc3,ODH,28.2,0.5,14.1,valid,0.0,0.0,7.952068
1934,ODH_charity_0616:row:1934,10739,CCCC[C@@H]1C=Cc2c(OC)ccc(OC)c2[C@H]1O,ODH,24.73,1.0,24.73,valid,0.0,0.0,5.833682
323,ODH_charity_0616:row:323,1784,C[C@@H]1Cc2cc(F)ccc2N1,ODH,10.7,0.8,8.56,valid,0.0,0.0,2.265004
2841,ODH_charity_0616:row:2841,15723,FC(F)(F)c1cccc(c1)[C@H]2CC(=O)N=C(S2)c3ccccc3,ODH,21.5,0.5,10.75,valid,0.0,0.0,5.8492594
2711,ODH_charity_0616:row:2711,14968,CCC[C@@]1(C(=O)OCC=C)C(=O)N(C(=O)C(c2ccccc2)c3ccccc3)c4ccccc14,ODH,20.0,0.5,10.0,valid,0.0,0.0,9.529218
4726,ODH_charity_0616:row:4726,24793,CC[C@@]1(OC(=O)c2cc(C)ccc2O1)C(F)(F)F,ODH,9.0,0.5,4.5,valid,0.0,0.0,4.715662
960,ODH_charity_0616:row:960,5396,Cc1ccccc1NC[C@H]2CCc3ccccc3N2,ODH,28.6,1.0,28.6,valid,0.0,0.0,4.383057
4389,ODH_charity_0616:row:4389,23563,COc1ccc(\C=C\C=C\C[C@@](C)(C=O)c2ccccc2)cc1,ODH,7.912,1.0,7.912,valid,0.0,0.0,5.6268554
4333,ODH_charity_0616:row:4333,23301,C=C[C@H](CCc1ccccc1)C(CC2CCCCC2)(C#N)C#N,ODH,7.66,1.0,7.66,valid,0.0,0.0,5.9420075
2915,ODH_charity_0616:row:2915,16083,C[C@]1(COc2ccccc12)CC#Cc3ccc4ccccc4c3,ODH,22.2,0.5,11.1,valid,0.0,0.0,5.286016
1648,ODH_charity_0616:row:1648,9351,Cc1n(c2ccccc2)c3ccccc3c1[C@H](C(=O)OCc4ccccc4)c5ccccc5,ODH,14.0,0.7,9.8,valid,0.0,0.0,8.188705
2782,ODH_charity_0616:row:2782,15401,O[C@@H]([C@H](C=C)c1ccc(Cl)cc1)C(=O)c2ccccc2,ODH,16.5,0.5,8.25,valid,0.0,0.0,4.8412924
2336,ODH_charity_0616:row:2336,12951,COc1ccc2c(c1)N(C(=O)C(c3ccccc3)c4ccccc4)C(=O)[C@@]2(C)C(=O)OCC=C,ODH,16.8,0.8,13.44,valid,0.0,0.0,9.688927
3118,ODH_charity_0616:row:3118,17384,COC(=O)c1ccc(cc1)[C@](C)(CO)c2ccc(OC)cc2,ODH,28.79,0.6,17.274,valid,0.0,0.0,5.5506687
2892,ODH_charity_0616:row:2892,15926,COc1ccccc1[C@@H](C)O,ODH,20.89,1.0,20.89,valid,0.0,0.0,2.255005
3382,ODH_charity_0616:row:3382,18795,C[C@@H](COC=O)c1ccccc1,ODH,31.0,0.5,15.5,valid,0.0,0.34140193,2.0656118
1989,ODH_charity_0616:row:1989,11056,CC[C@](C)(CO)c1ccccc1,ODH,14.4,1.0,14.4,valid,0.0,0.0,2.9058034
556,ODH_charity_0616:row:556,3273,Fc1ccc(cc1)[C@H]2COc3ccccc3N2,ODH,15.4,1.0,15.4,valid,0.0,0.0,4.5720963
3872,ODH_charity_0616:row:3872,21294,C[C@](C/C=C/c1ccccc1F)(C=O)c2ccccc2,ODH,5.868,1.0,5.868,valid,0.0,0.0,4.530676
2616,ODH_charity_0616:row:2616,14302,Cc1ccc2N(Cc3ccccc3)C(=O)[C@H](Cc4ccccc4)Oc2c1,ODH,17.3,0.5,8.65,valid,0.0,0.0,6.172829
867,ODH_charity_0616:row:867,4936,Brc1ccc(cc1)[C@H]2CCc3ccccc3N2,ODH,45.2,0.5,22.6,valid,0.0,0.0,4.2017016
1505,ODH_charity_0616:row:1505,8530,CCC[C@@H](Nc1ccc(Br)cc1)C(=C)CC,ODH,10.722,1.0,10.722,valid,0.0,0.0,4.799455
322,ODH_charity_0616:row:322,1783,C[C@H]1Cc2cc(F)ccc2N1,ODH,7.3,0.8,5.84,valid,0.0,0.0,2.248119
817,ODH_charity_0616:row:817,4683,Cc1ccc(cc1)[C@@H]2CN(C(=O)C2)C(=O)OC(C)(C)C,ODH,19.1,0.7,13.37,valid,0.0,0.0,7.8731174
2099,ODH_charity_0616:row:2099,11581,O=C(OCc1ccccc1)[C@@H](c2ccccc2)c3cc(n(Cc4ccccc4)c3c5ccccc5)c6ccccc6,ODH,15.0,0.6,9.0,valid,0.0,0.0,9.514292
3380,ODH_charity_0616:row:3380,18787,[O-][N+](=O)C[C@@H](c1ccccc1)c2ccc(F)cc2,ODH,31.0,1.5,46.5,valid,0.0,0.0,4.1475286
2431,ODH_charity_0616:row:2431,13401,[O-][N+](=O)c1cccc(c1)[C@]2(CCC(=O)O2)C(=O)OC(c3ccccc3)c4ccccc4,ODH,42.7,0.75,32.025,valid,0.0,0.0,9.913646
2935,ODH_charity_0616:row:2935,16185,O=C1[C@H](Cc2ccccc2)Oc3ccccc3N1Cc4ccccc4,ODH,19.7,0.5,9.85,valid,0.0,0.0,6.149314
2870,ODH_charity_0616:row:2870,15868,CC#CCN(C\C=C\[C@H]1[C@H](C(C)C)N1[S](=O)(=O)c2ccc(C)cc2)[S](=O)(=O)c3ccc(C)cc3,ODH,16.67,0.8,13.336,valid,0.0,0.0,13.959643
4885,ODH_charity_0616:row:4885,25444,O[C@H](c1ccc(F)cc1)C(=O)c2ccc(F)cc2,ODH,10.14,1.0,10.14,valid,0.0,0.0,4.6045947
3656,ODH_charity_0616:row:3656,20306,C[C@@](CC(=C)c1ccccc1)(C=O)c2cccc(F)c2,ODH,45.18,1.0,45.18,valid,0.0,0.0,4.469572
3491,ODH_charity_0616:row:3491,19367,O[C@@H]([C@H](C=C)c1ccc2ccccc2c1)C(=O)c3ccccc3,ODH,36.4,0.5,18.2,valid,0.0,0.0,5.8145514
2932,ODH_charity_0616:row:2932,16159,Fc1cccc(c1)[C@H]2CCc3ccccc3N2,ODH,22.44,0.6,13.464,valid,0.0,0.0,4.1118045
4721,ODH_charity_0616:row:4721,24786,COC(=O)[C@H](F)\C=C\c1ccccc1,ODH,8.2,1.0,8.2,valid,0.0,0.046044152,2.597925
3336,ODH_charity_0616:row:3336,18540,C=CCOC(=O)[C@]1(Cc2ccccc2)C(=O)N(C(=O)C(c3ccccc3)c4ccccc4)c5ccccc15,ODH,30.0,0.5,15.0,valid,0.0,0.0,10.496827
3555,ODH_charity_0616:row:3555,19783,IC[C@@]1(CCc2ccccc2)COc3ccccc13,ODH,37.5,0.5,18.75,valid,0.0,0.0,4.4618754
3694,ODH_charity_0616:row:3694,20540,Cc1ccc(cc1)[C@@H](O)CO,ODH,43.3,1.0,43.3,valid,0.0,0.26482263,2.097085
4935,ODH_charity_0616:row:4935,25653,O[C@H]([C@@H](C=C)c1ccccc1)c2ccc(cc2)C(F)(F)F,ODH,7.9,1.0,7.9,valid,0.0,0.0,5.4046116
2956,ODH_charity_0616:row:2956,16287,C[C@@]1(CC(=C)C(=O)N1)C(F)(F)F,ODH,22.793,0.8,18.2344,valid,0.0,0.0,3.2670097
2428,ODH_charity_0616:row:2428,13347,Cn1cc([C@@H]2N(C(=O)N(C2=O)C(C)(C)C)C(C)(C)C)c3ccccc13,ODH,17.34,1.0,17.34,valid,0.0,0.0,27.500584
471,ODH_charity_0616:row:471,2588,CC(C)=C[C@@H](CCCBr)[S](=O)(=O)c1ccc(C)cc1,ODH,15.2,1.0,15.2,valid,0.0,0.0,5.2597623
2799,ODH_charity_0616:row:2799,15520,Fc1ccc(OC(=O)/C=C/[C@H](C2CCCCC2)N3C(=O)C4CC=CCC4C3=O)cc1,ODH,17.9,0.8,14.32,valid,0.0,0.0,8.742094
2646,ODH_charity_0616:row:2646,14561,COC[C@@H](C(=O)c1ccccc1)c2ccccc2,ODH,20.88,1.0,20.88,valid,0.0,0.0,3.750619
4936,ODH_charity_0616:row:4936,25659,C[C@@H](N[S](=O)(=O)C(C)(C)C)c1ccc(C)cc1C,ODH,8.3,1.0,8.3,valid,0.0,0.0,10.843682
2696,ODH_charity_0616:row:2696,14902,COc1cccc(\C=C\2CC[C@@H]2O)c1,ODH,19.84,0.8,15.872,valid,0.0,0.0,2.9502823
2192,ODH_charity_0616:row:2192,12112,COc1ccc(\C=C\[C@H]2Cc3cc(C)c(C)cc3N2[S](=O)(=O)C(F)(F)F)cc1,ODH,15.7,0.5,7.85,valid,0.0,0.0,9.425678
1560,ODH_charity_0616:row:1560,8888,C1Cc2ccccc2N[C@@H]1c3ccccc3,ODH,9.08,1.0,9.08,valid,0.0,0.0,3.7390175
3762,ODH_charity_0616:row:3762,20880,C1CC(=N[C@@H]1Cc2ccccc2)c3ccccc3,ODH,5.0,1.0,5.0,valid,0.0,0.0,4.472515
4859,ODH_charity_0616:row:4859,25317,C[C@](C/C=C/C=C/c1cccc(Cl)c1)(C=O)c2ccccc2,ODH,9.502,1.0,9.502,valid,0.0,0.0,4.473626
4310,ODH_charity_0616:row:4310,23197,Cc1ccc(cc1)[C@](C)(C\C=C\C=C\c2ccccc2)C=O,ODH,8.916,1.0,8.916,valid,0.0,0.0,4.919375
2732,ODH_charity_0616:row:2732,15090,COC(=O)c1ccc(cc1)C(=O)C(=[N+]=[N-])[C@@H](N)C(F)(F)F,ODH,10.463,1.0,10.463,valid,0.0,0.0,5.194193
1045,ODH_charity_0616:row:1045,6141,OCC[C@@H](C[N+]([O-])=O)c1occc1,ODH,38.24,1.0,38.24,valid,0.0,0.0,2.6537752
427,ODH_charity_0616:row:427,2314,Cc1ccc2N[C@@H](C(=O)Oc2c1)c3ccccc3,ODH,12.2,1.0,12.2,valid,0.0,0.0,5.1078916
2931,ODH_charity_0616:row:2931,16158,Fc1cccc(c1)[C@@H]2CCc3ccccc3N2,ODH,16.85,0.6,10.11,valid,0.0,0.0,4.126418
3578,ODH_charity_0616:row:3578,19966,CCOC(=O)[C@@H]1c2cc3OCOc3cc2C(=O)N4[C@]1(C(=O)OCC)c5ccccc5[S]4(=O)=O,ODH,33.4,0.6,20.04,valid,0.0,0.0,11.508844
633,ODH_charity_0616:row:633,3697,COC(=O)[C@H]1COc2cc(Br)ccc2O1,ODH,14.5,1.0,14.5,valid,0.0,0.0,3.2401218
611,ODH_charity_0616:row:611,3516,CCCC[C@H](/C=C/c1cccnc1)C#N,ODH,16.31,1.0,16.31,valid,0.0,0.1741166,3.1076767
2663,ODH_charity_0616:row:2663,14656,Brc1ccc2N[C@@H]([C@@H]3CCO[C@@H]3c2c1)c4ccccc4,ODH,14.88,1.0,14.88,valid,0.0,0.0,6.556048
4546,ODH_charity_0616:row:4546,24117,O[C@]1(CC=C)C=C[C@@H](Nc2cc(cc(c2)C(F)(F)F)C(F)(F)F)[C@@H]1c3ccccc3,ODH,16.3,1.0,16.3,valid,0.0,0.0,8.117974
205,ODH_charity_0616:row:205,1153,CCOC(=O)C[C@@H](Sc1ccc(Cl)cc1)c2ccccc2,ODH,11.8,1.0,11.8,valid,0.0,0.0,4.0317483
4620,ODH_charity_0616:row:4620,24419,C=CCN1C(=O)OC[C@@]1(CC=C)c2ccccc2,ODH,8.7,1.0,8.7,valid,0.0,0.0,5.1083746
1713,ODH_charity_0616:row:1713,9649,CCC[C@H]1Nc2ccccc2C[C@H]1N3C(=O)c4ccccc4C3=O,ODH,17.1,0.7,11.97,valid,0.0,0.0,8.276822
3059,ODH_charity_0616:row:3059,17007,FC(F)(F)c1ccc(cc1)[C@H]2CCc3ccccc3N2,ODH,24.63,0.6,14.778,valid,0.0,0.0,5.1433687
457,ODH_charity_0616:row:457,2473,CC(C)c1cccc(C(C)C)c1NC[C@@H]2CCc3ccccc3N2,ODH,11.9,0.8,9.52,valid,0.0,0.0,12.267395
2748,ODH_charity_0616:row:2748,15185,CC(C)(C)OC(=O)[C@@](C)(N)C\C=C\c1ccc(cc1)[N+]([O-])=O,ODH,11.0,0.5,5.5,valid,0.0,0.0,6.8733196
652,ODH_charity_0616:row:652,3760,O[C@@H](C[N+]([O-])=O)c1ccccc1Br,ODH,15.7,1.2,18.84,valid,0.0,0.0,2.7712312
3284,ODH_charity_0616:row:3284,18311,Cc1ccc(cc1)[S](=O)(=O)N2CC=C[C@@H]3CN(C(C)(C)C3=C2)[S](=O)(=O)c4ccc(C)cc4,ODH,29.24,0.8,23.392,valid,0.0,0.0,13.177023
1709,ODH_charity_0616:row:1709,9631,Cc1cccc(c1)[C@H]2c3cc4OCOc4cc3OC(=C2C#N)N,ODH,14.9,0.7,10.43,valid,0.0,0.0,7.277428
2441,ODH_charity_0616:row:2441,13468,COc1ccccc1\C=C\2CCC[C@H]2O,ODH,9.2,0.8,7.36,valid,0.0,0.0,3.6212394
1716,ODH_charity_0616:row:1716,9656,CCCC[C@@H]1Nc2ccc(OC)cc2C[C@H]1N3C(=O)c4ccccc4C3=O,ODH,12.8,0.7,8.96,valid,0.0,0.0,9.23296
313,ODH_charity_0616:row:313,1750,CC(C)OC(=O)C[C@@H](C#N)c1ccccc1,ODH,9.4,1.0,9.4,valid,0.0,0.0,3.7485127
2010,ODH_charity_0616:row:2010,11200,C[C@@]1(CC#Cc2ccccc2)CN(Cc3ccccc3)Cc4ccccc14,ODH,14.6,0.5,7.3,valid,0.0,0.0,7.1024995
3219,ODH_charity_0616:row:3219,18054,CCC[C@@H](COC=O)c1ccccc1,ODH,28.2,0.5,14.1,valid,0.0,0.34587434,2.4416978
719,ODH_charity_0616:row:719,4117,COc1ccc(O)c(c1)[C@H](N)c2ccc(C)cc2,ODH,19.22,0.7,13.454,valid,0.0,0.0,5.0606294
239,ODH_charity_0616:row:239,1391,COC(=O)C[C@H](B1OC(C)(C)C(C)(C)O1)c2ccccc2F,ODH,9.5,0.5,4.75,valid,0.0,0.0,12.317324
3047,ODH_charity_0616:row:3047,16935,O[C@@]1([C@H](C=C)c2ccc(Br)cc2)C(=O)N(Cc3cccc4ccccc34)c5ccccc15,ODH,8.516,1.0,8.516,valid,0.0,0.0,10.910071
3111,ODH_charity_0616:row:3111,17323,CCOC(=O)[C@@]1(N[S](=O)(=O)c2ccc(F)cc12)C#Cc3ccccc3,ODH,34.8,0.5,17.4,valid,0.0,0.0,7.9940825
1501,ODH_charity_0616:row:1501,8520,Cc1ccccc1\C=C\2CCC[C@H]2O,ODH,9.5,0.8,7.6,valid,0.0,0.0,3.06139
1368,ODH_charity_0616:row:1368,7884,COc1ccc(OC)c(c1)[C@@H](C)N[S](=O)(=O)C(C)(C)C,ODH,10.0,1.0,10.0,valid,0.0,0.0,10.20701
2176,ODH_charity_0616:row:2176,12040,COc1ccc(SC[C@@H](CO)c2ccccc2)cc1,ODH,13.3,1.0,13.3,valid,0.0,0.0,4.26612
465,ODH_charity_0616:row:465,2545,Cc1ccc(cc1)[C@@H]2CCCNC(=O)C2,ODH,13.7,1.0,13.7,valid,0.0,0.0,3.082416
2471,ODH_charity_0616:row:2471,13657,CN(CC[C@H](O)c1ccc2ccccc2c1)Cc3ccccc3,ODH,17.84,1.0,17.84,valid,0.0,0.0,4.9620376
96,ODH_charity_0616:row:96,524,Cc1ccc(cc1)[C@@H]2[C@@H](C=O)[C@]23CCC3(c4ccccc4)c5ccccc5,ODH,7.39,1.0,7.39,valid,0.0,0.0,10.067587
2712,ODH_charity_0616:row:2712,14970,CC1=C([C@@H](CC(=O)O1)c2ccccc2)C(=O)c3ccccc3,ODH,15.8,0.7,11.06,valid,0.0,0.0,5.4952145
428,ODH_charity_0616:row:428,2332,CCCCC[C@H]1CCC2=C(CCCC2=O)N1,ODH,9.5,1.0,9.5,valid,0.0,0.0,3.565509
4375,ODH_charity_0616:row:4375,23494,CCOC(=O)[C@H](CC(=O)c1ccccc1)C(=C)\C=C\C(=O)c2ccccc2,ODH,7.87,1.0,7.87,valid,0.0,0.0,6.497872
2516,ODH_charity_0616:row:2516,13852,CC(C)O[P](=O)(OC(C)C)[C@@]12CC(=CC(=O)N1[S](=O)(=O)Oc3ccc(C)cc23)c4ccccc4,ODH,9.3,0.8,7.44,valid,0.0,0.0,20.259697
1075,ODH_charity_0616:row:1075,6285,CC[C@@H]1Nc2ccccc2C[C@@H]1C,ODH,88.5,0.15,13.275,valid,0.0,0.0,3.451643
4041,ODH_charity_0616:row:4041,22070,CCCC(=O)O\C(c1ccccc1)=C\2[C@H]([C@H](C)C=C2c3ccccc3)c4ccccc4,ODH,6.8,0.7,4.76,valid,0.0,0.0,8.14986
1665,ODH_charity_0616:row:1665,9423,COc1ccccc1/C=C/[C@H](C)C#CCOC(C)=O,ODH,11.5,0.6,6.9,valid,0.0,0.0,3.3359263
2068,ODH_charity_0616:row:2068,11468,O[C@H]([C@H](C=C)c1ccccc1)C(=O)c2ccccc2,ODH,17.8,0.5,8.9,valid,0.0,0.0,4.606283
889,ODH_charity_0616:row:889,5040,Fc1ccc(cc1F)[C@@H]2CCCC(=O)N2,ODH,24.9,0.8,19.92,valid,0.0,0.0,3.3955448
3635,ODH_charity_0616:row:3635,20221,CC(=O)N[C@H](C(=[N+]=[N-])C(=O)c1ccc(cc1)c2ccccc2)C(F)(F)F,ODH,3.973,1.0,3.973,valid,0.0,0.0,7.342352
4634,ODH_charity_0616:row:4634,24465,Fc1cccc(c1)C2=C(C[C@@H](O2)C=C)C#N,ODH,9.44,1.0,9.44,valid,0.0,0.0,3.251939
3719,ODH_charity_0616:row:3719,20672,CCOC(=O)[C@](N)(CCc1ccccc1)C\C=C\c2ccccc2,ODH,14.0,1.0,14.0,valid,0.0,0.0,5.3581243
2971,ODH_charity_0616:row:2971,16427,CC(=C)[C@@H]1CN(C(=C1)c2ccc3[C@H]4CC[C@@]5(C)[C@@H](CCC5=O)[C@@H]4CCc3c2)[S](=O)(=O)c6ccc(C)cc6,ODH,19.65,0.8,15.72,valid,0.0,0.0,14.79218
3601,ODH_charity_0616:row:3601,20045,COC(=O)CCCNC(=O)[C@@](C)(NC(=O)c1ccc(OC)cc1)C(=O)OCc2ccccc2,ODH,33.9,0.5,16.95,valid,0.0,0.0,7.698115
1356,ODH_charity_0616:row:1356,7815,[C@H]1(CC2=CC=C3C=CC=CC3=C2)NC4=C(C=CC=C4)C1,ODH,11.1,1.0,11.1,valid,0.0,0.0,5.0848875
158,ODH_charity_0616:row:158,942,Fc1ccc(cc1)C(=O)[C@@]2(OCCC[C@H]2Br)c3ccc(F)cc3,ODH,8.25,1.0,8.25,valid,0.0,0.0,5.778079
2156,ODH_charity_0616:row:2156,11900,CC(C)[C@]1(CO)COCCO1,ODH,17.7,1.0,17.7,valid,0.0,0.0,2.6195478
1235,ODH_charity_0616:row:1235,7235,CN1C(=O)[C@@H](Nc2ccccc12)c3ccc(Br)cc3,ODH,10.6,1.0,10.6,valid,0.0,0.0,5.7825193
3440,ODH_charity_0616:row:3440,19130,FC(F)(F)[C@@]1(CC(=CC(=O)O1)c2ccc(Cl)cc2)c3ccccc3,ODH,24.6,0.75,18.45,valid,0.0,0.0,6.51005
2326,ODH_charity_0616:row:2326,12889,CC(C)[C@H]1C[C@@H](O)c2cc(F)ccc2O1,ODH,17.871,0.5,8.9355,valid,0.0,0.0,3.9259148
1211,ODH_charity_0616:row:1211,7128,Cc1ccc(cc1)[C@@H]2c3cc4OCOc4cc3OC(=C2C#N)N,ODH,10.5,0.7,7.35,valid,0.0,0.0,7.5353646
3914,ODH_charity_0616:row:3914,21480,CCOc1cccc2[C@@H](N[S](=O)(=O)Oc12)\C=C\c3ccccc3,ODH,52.3,0.8,41.84,valid,0.0,0.0,7.148237
4359,ODH_charity_0616:row:4359,23435,CC(C)(C)[S](=O)(=O)N[C@@H](C1CC1)c2ccccc2,ODH,7.8,1.0,7.8,valid,0.0,0.0,7.143134
3182,ODH_charity_0616:row:3182,17798,Cc1ccc(cc1)[S](=O)(=O)N2CC[C@H](C2)c3ccc(cc3)C(F)(F)F,ODH,29.0,1.0,29.0,valid,0.0,0.0,6.2901473
805,ODH_charity_0616:row:805,4631,Cc1ccc2CC[C@@H](CNc3ccccc3)Nc2c1,ODH,19.4,1.0,19.4,valid,0.0,0.0,4.3434577
1995,ODH_charity_0616:row:1995,11117,N#C[C@@H]1[C@@H]2CCC=C[C@@H]2O[C@H]1c3ccccc3,ODH,15.396,1.0,15.396,valid,0.0,0.0,5.146381
3870,ODH_charity_0616:row:3870,21291,Cc1ccc(cc1)[S](=O)(=O)N2[C@H]3CCCC[C@H]3C[C@H]2C(=O)OCC=C,ODH,15.0,1.0,15.0,valid,0.0,0.0,7.71369
2660,ODH_charity_0616:row:2660,14644,CC[C@H]1C[C@@H](O)c2cc(F)ccc2O1,ODH,21.154,0.5,10.577,valid,0.0,0.0,3.0036917
742,ODH_charity_0616:row:742,4213,CCCCC[C@@H](C=C(C)C)[S](=O)(=O)c1ccc(C)cc1,ODH,19.7,0.5,9.85,valid,0.0,0.0,5.760053
1431,ODH_charity_0616:row:1431,8265,COc1ccc(CN2C(=O)N[C@@H](c3cc(OC)ccc23)C(F)(F)F)cc1,ODH,11.5,0.8,9.2,valid,0.0,0.0,7.494618
4108,ODH_charity_0616:row:4108,22309,CCCCC[C@@H]1[C@@H](C(=O)OCC)C(=O)Oc2cc(OC)ccc12,ODH,7.8,1.0,7.8,valid,0.0,0.0,5.677026
2879,ODH_charity_0616:row:2879,15897,CCOC(=O)[C@@]1(N[S](=O)(=O)c2ccc(cc12)C(C)C)C#Cc3ccccc3,ODH,26.6,0.5,13.3,valid,0.0,0.0,9.195834
1966,ODH_charity_0616:row:1966,10981,COc1cccc(c1)C2=N[C@@]3(CC2)[C@@H](COC3=O)C=C,ODH,16.2,1.0,16.2,valid,0.0,0.0,5.3492327
1311,ODH_charity_0616:row:1311,7548,CC(C)(C)OC(=O)[C@@](C)(N)C\C=C\c1ccccc1,ODH,5.3,1.0,5.3,valid,0.0,0.0,7.7123103
4325,ODH_charity_0616:row:4325,23281,CC(C)(C)OC(=O)[C@@](O)(SCc1ccccc1)[Si](C)(C)c2ccccc2,ODH,7.63,1.0,7.63,valid,0.0,0.0,14.416272
2837,ODH_charity_0616:row:2837,15715,CC(C)c1ccc(cc1)[C@@H](C)COC=O,ODH,21.5,0.5,10.75,valid,0.0,0.0,3.011731
4142,ODH_charity_0616:row:4142,22415,Cc1ccc(cc1)N2N=C(C)[C@@](C\C=C\c3ccccc3)(Cc4ccc(Cl)cc4)C2=O,ODH,13.611,1.0,13.611,valid,0.0,0.0,11.971887
4340,ODH_charity_0616:row:4340,23325,CCOC(=O)[C@](C)(N)[C@@H](C)\C=C\c1ccccc1,ODH,13.7,1.0,13.7,valid,0.0,0.0,4.6586246
319,ODH_charity_0616:row:319,1764,Cc1cccc(c1)C2(CC[C@]23[C@H](C=O)[C@H]3c4ccccc4)c5cccc(C)c5,ODH,11.95,1.0,11.95,valid,0.0,0.0,11.338202
4370,ODH_charity_0616:row:4370,23480,O=C(O[C@H]1C[C@@H](C2=CC=CC([N+]([O-])=O)=C2)N3C4=C1C=CC=C4CC[C@H]3C5=CC=CC=C5)NCC6=CC=CC=C6,ODH,10.01,1.0,10.01,valid,0.0,0.0,12.802394
4618,ODH_charity_0616:row:4618,24417,COc1ccc(O[C@H](C(=O)OCc2ccccc2)c3ccccc3)cc1,ODH,8.7,1.0,8.7,valid,0.0,0.0,5.970939
4000,ODH_charity_0616:row:4000,21895,C[C@@H](CC(=O)C(F)(F)F)\C=C\c1ccccc1,ODH,6.16,0.8,4.928,valid,0.0,0.0,3.4050674
2139,ODH_charity_0616:row:2139,11782,C1C[C@@H](C#Cc2ccccc2)c3ccccc3C1,ODH,18.84,0.7,13.188,valid,0.0,0.0,4.139138
3753,ODH_charity_0616:row:3753,20866,C=C[C@@H](CCc1ccccc1)C(Cc2ccc(cc2)C#N)(C#N)C#N,ODH,53.14,1.0,53.14,valid,0.0,0.0,6.3128204
1421,ODH_charity_0616:row:1421,8177,CC1(C)OC[C@H](CO)Oc2ccc(OCC#C)cc12,ODH,11.4,1.0,11.4,valid,0.0,0.0,5.2940593
4694,ODH_charity_0616:row:4694,24660,CCCCC[C@H](C=C)c1c[nH]c2c(Cl)cccc12,ODH,9.8,1.0,9.8,valid,0.0,0.0,4.218651
770,ODH_charity_0616:row:770,4341,Clc1ccc(cc1)[C@H]2COc3ccccc3N2,ODH,20.4,1.0,20.4,valid,0.0,0.0,4.785992
3726,ODH_charity_0616:row:3726,20698,COC(=O)CCNC(=O)[C@](C)(NC(=O)c1ccc(OC)cc1)C(=O)OCc2ccccc2,ODH,45.9,0.5,22.95,valid,0.0,0.0,7.62632
1222,ODH_charity_0616:row:1222,7168,CC(=C)C[C@@]1(C)CC(=NO1)c2ccccc2,ODH,11.42,0.6,6.852,valid,0.0,0.0,7.132449
2264,ODH_charity_0616:row:2264,12502,Brc1ccc(cc1)[C@@H]2CC(=O)C([C@H]2c3ccccc3)C(=O)c4ccccc4,ODH,13.5,0.5,6.75,valid,0.0,0.0,7.988151
3746,ODH_charity_0616:row:3746,20826,COC(=O)[C@H](Cc1ccc(Br)cc1)NC(=O)c2ccccc2OC,ODH,48.6,0.8,38.88,valid,0.0,0.0,4.929274
4697,ODH_charity_0616:row:4697,24663,Clc1ccc(O[C@@H](C(=O)OCc2ccccc2)c3ccccc3)cc1,ODH,8.9,1.0,8.9,valid,0.0,0.0,5.1701307
869,ODH_charity_0616:row:869,4938,Cc1ccc(cc1)C(=O)C[C@H]2CCCCN2C(=O)OCc3ccccc3,ODH,26.6,0.5,13.3,valid,0.0,0.0,5.351811
924,ODH_charity_0616:row:924,5195,COc1cccc(c1)[C@@H]2CCc3ccccc3N2,ODH,26.3,0.6,15.78,valid,0.0,0.0,4.2474475
3485,ODH_charity_0616:row:3485,19292,C[C@@H]1[C@H](/C=C/CN(CC#C)[S](=O)(=O)c2ccc(C)cc2)N1[S](=O)(=O)c3ccc(C)cc3,ODH,33.74,0.8,26.992,valid,0.0,0.0,10.977445
722,ODH_charity_0616:row:722,4146,CC(C)CC(=O)C[C@H]1CCCCN1C(=O)OCc2ccccc2,ODH,22.4,0.5,11.2,valid,0.0,0.0,5.083013
3190,ODH_charity_0616:row:3190,17911,O=C1N(Cc2ccccc2)C[C@@](CC#Cc3ccccc3)(Cc4ccccc4)c5ccccc15,ODH,23.5,0.8,18.8,valid,0.0,0.0,8.49731
4712,ODH_charity_0616:row:4712,24764,Clc1ccc(cc1)[C@@H](Oc2ccccc2)C(=O)OCc3ccccc3,ODH,9.0,0.7,6.3,valid,0.0,0.0,6.1894927
3908,ODH_charity_0616:row:3908,21425,O=C([C@@](C1=CC=CC(OC(F)(F)F)=C12)(C#CC3=CC=CC=C3)NS2(=O)=O)OCC,ODH,51.2,0.5,25.6,valid,0.0,0.0,8.47941
3097,ODH_charity_0616:row:3097,17243,C[C@H](COC=O)c1cccc(C)c1,ODH,26.1,0.5,13.05,valid,0.0,0.014262643,2.1888423
4497,ODH_charity_0616:row:4497,23970,COc1cccc(C[C@]2(C\C=C\c3ccccc3)C(=NN(C2=O)c4ccc(C)cc4)C)c1,ODH,17.254,1.0,17.254,valid,0.0,0.0,12.550375
2317,ODH_charity_0616:row:2317,12845,CC(=C\c1ccccc1)/[C@H]2Cc3cc(C)c(C)cc3N2[S](=O)(=O)C(F)(F)F,ODH,16.7,0.5,8.35,valid,0.0,0.0,11.733503
2651,ODH_charity_0616:row:2651,14597,CC(C)(C)[S](=O)(=O)N[C@](CO)(CSc1sc2ccccc2n1)c3ccccc3,ODH,28.5,1.0,28.5,valid,0.0,0.0,11.671673
1455,ODH_charity_0616:row:1455,8364,CC(C)[C@]1(COc2ccccc12)CC#Cc3ccccc3,ODH,11.6,0.5,5.8,valid,0.0,0.0,7.0313196
1412,ODH_charity_0616:row:1412,8123,COc1ccc(C[C@H]2CC(C)(C)CN2C(=O)OC(C)(C)C)cc1OC,ODH,12.629,0.5,6.3145,valid,0.0,0.0,16.372446
4906,ODH_charity_0616:row:4906,25526,CC1(C)OB(OC1(C)C)[C@H](Cc2cccc(Cl)c2)N3CCOC3=O,ODH,9.7,1.0,9.7,valid,0.0,0.0,13.260796
1772,ODH_charity_0616:row:1772,9967,CCCC[C@@H]1CCc2ccccc2N1,ODH,11.74,0.6,7.044,valid,0.0,0.0,2.8934896
3854,ODH_charity_0616:row:3854,21241,COc1ccc([C@H](C)c2ccc(cc2)c3ccccc3)c(O[Si](C)(C)C)c1,ODH,4.8,1.0,4.8,valid,0.0,0.0,14.069844
3110,ODH_charity_0616:row:3110,17317,CC[C@@H]1CCC(=O)O[C@H]1c2ccc(cc2)[N+]([O-])=O,ODH,26.8,1.0,26.8,valid,0.0,0.0,4.5830426
4799,ODH_charity_0616:row:4799,25117,C[C@@H](C#Cc1ccccc1)c2ccccc2Br,ODH,8.66,0.7,6.062,valid,0.0,0.0,3.6491501
2346,ODH_charity_0616:row:2346,12988,OCC[C@H](Oc1ccc(Br)cc1)c2ccccc2,ODH,16.9,0.8,13.52,valid,0.0,0.0,4.13911
4533,ODH_charity_0616:row:4533,24084,CCC[C@@H](Nc1ccccc1)C(=C)CC,ODH,7.082,1.0,7.082,valid,0.0,0.0,4.4285917
2881,ODH_charity_0616:row:2881,15899,Cc1ccc(cc1)[C@@H]2Cc3ccccc3C(=O)C(=N2)c4cc(C)ccc4O,ODH,26.7,0.7,18.69,valid,0.0,0.0,6.537568
1066,ODH_charity_0616:row:1066,6242,CCOC(=O)C[C@@H]1Nc2cc(OC)ccc2OC1=O,ODH,46.0,1.0,46.0,valid,0.0,0.0,4.1335735
4653,ODH_charity_0616:row:4653,24515,COc1ccccc1[C@@H]2Cc3ccccc3C(=O)C(=N2)c4ccccc4O,ODH,10.9,0.8,8.72,valid,0.0,0.0,7.335155
4920,ODH_charity_0616:row:4920,25600,COc1ccc2C(=O)N(C[C@@H](C=C)N(c2c1)[S](C)(=O)=O)[S](=O)(=O)c3ccc(C)cc3,ODH,22.28,1.0,22.28,valid,0.0,0.0,11.790298
2235,ODH_charity_0616:row:2235,12294,COc1ccc(cc1)c2oc(C)c3Cc4ccccc4N5CCOC[C@@H]5c23,ODH,15.9,0.6,9.54,valid,0.0,0.0,7.286521
4159,ODH_charity_0616:row:4159,22491,Cc1ccc(cc1)N2N=C(C)[C@](C\C=C\c3ccccc3)(Cc4ccc(F)cc4)C2=O,ODH,6.941,1.0,6.941,test,0.0,0.0,10.6874
2148,ODH_charity_0616:row:2148,11806,CC[C@@]1(CO)CCCOC1,ODH,16.5,1.0,16.5,test,0.0,0.0,1.90087
1838,ODH_charity_0616:row:1838,10292,CC(=C)[C@@H](CN[S](=O)(=O)c1ccc(C)cc1)CC(=O)c2ccccc2,ODH,13.59,0.8,10.872,test,0.0,0.0,6.714871
2689,ODH_charity_0616:row:2689,14871,Cc1ccc(cc1)[C@H]2Cc3ccccc3C(=O)C(=N2)c4cc(F)ccc4O,ODH,19.8,0.7,13.86,test,0.0,0.0,7.043226
2408,ODH_charity_0616:row:2408,13251,CCOC(=O)C1=C(OC(=O)C[C@H]1c2ccccc2)c3ccccc3,ODH,17.2,0.7,12.04,test,0.0,0.0,5.9814405
2333,ODH_charity_0616:row:2333,12921,O[C@@H]([C@H](C=C)c1ccccc1)C(=O)c2ccccc2F,ODH,17.8,0.5,8.9,test,0.0,0.0,4.947494
285,ODH_charity_0616:row:285,1637,CC(C)OC(=O)[C@H](O)c1cccc(C)c1,ODH,10.3,1.0,10.3,test,0.0,0.0,3.488192
1884,ODH_charity_0616:row:1884,10520,Cc1cccc2c1N(Cc3ccccc3)C(=O)[C@@]24OC(=O)c5cccc6ccn4c56,ODH,13.8,0.8,11.04,test,0.0,0.0,11.165149
2970,ODH_charity_0616:row:2970,16422,COc1cccc(c1)[C@H](O)COC(=O)C(C)(C)C,ODH,23.1,0.6,13.86,test,0.0,0.0,5.6878095
3229,ODH_charity_0616:row:3229,18097,CC(=O)C1=C(C)OC(=O)C[C@@H]1c2ccc(F)cc2,ODH,39.9,0.7,27.93,test,0.0,0.0,4.227816
131,ODH_charity_0616:row:131,731,CCOC(=O)C[C@@H](Sc1ccccc1)c2ccc(F)cc2,ODH,10.5,1.0,10.5,test,0.0,0.01702973,4.164597
795,ODH_charity_0616:row:795,4596,OCC[C@H](C[N+]([O-])=O)c1cccc(F)c1,ODH,21.73,1.0,21.73,test,0.0,0.0,3.327282
4125,ODH_charity_0616:row:4125,22343,C[C@@H](O)C1CCCCC1,ODH,6.17,1.0,6.17,test,0.0,0.0,1.8467453
4871,ODH_charity_0616:row:4871,25402,Cc1cccc(O[C@H](C(=O)OCc2ccccc2)c3ccccc3)c1,ODH,19.5,1.0,19.5,test,0.0,0.0,5.089415
1913,ODH_charity_0616:row:1913,10640,N[C@@H](C(=[N+]=[N-])C(=O)c1ccc(Br)cc1)C(F)(F)F,ODH,13.925,1.0,13.925,test,0.0,0.0,4.385547
2906,ODH_charity_0616:row:2906,16031,CC(C)(C)c1ccc(OCCCC[C@]2(CI)COc3ccccc23)cc1,ODH,26.1,0.5,13.05,test,0.0,0.0,12.071754
4168,ODH_charity_0616:row:4168,22527,CCOC(=O)[C@]1(N[S](=O)(=O)c2ccccc12)C#Cc3sccc3,ODH,60.7,0.5,30.35,test,0.0,0.0,7.263115
4471,ODH_charity_0616:row:4471,23871,O=C(O[C@H]1C[C@@H](C2=CC=C([N+]([O-])=O)C=C2)N3C4=C1C=CC=C4CC[C@H]3C5=CC=CC=C5)NCC6=CC=CC=C6,ODH,12.42,1.0,12.42,test,0.0,0.0,13.254041
1724,ODH_charity_0616:row:1724,9688,Cc1ccc(\C=C\2CC[C@@H]2O)c(C)c1,ODH,12.852,0.8,10.2816,test,0.0,0.0,3.109043
1872,ODH_charity_0616:row:1872,10433,COc1ccccc1N2[C@@H](COC2=O)C=C,ODH,13.7,0.8,10.96,test,0.0,0.0,4.511728
1022,ODH_charity_0616:row:1022,5984,CCOC(=O)C[C@@H]1Nc2ccc(Cl)cc2OC1=O,ODH,37.4,1.0,37.4,test,0.0,0.0,3.9643893
4754,ODH_charity_0616:row:4754,24966,Cc1oc(c2ccccc2)c3[C@H]4COCCN4c5ccccc5Cc13,ODH,9.2,0.6,5.52,test,0.0,0.0,7.098312
3852,ODH_charity_0616:row:3852,21235,CN1CCc2ccccc2[C@@H]1Cc3ccccc3,ODH,6.52,0.8,5.216,test,0.0,0.0,4.4700093
3155,ODH_charity_0616:row:3155,17670,C1Cc2ccccc2N[C@@H]1c3ccccc3,ODH,19.95,0.6,11.97,test,0.0,0.0,3.715675
2404,ODH_charity_0616:row:2404,13241,COc1ccccc1C[C@H]2Oc3ccccc3N(Cc4ccccc4)C2=O,ODH,17.2,0.5,8.6,test,0.0,0.0,6.4762473
4114,ODH_charity_0616:row:4114,22322,C1Oc2ccccc2O[C@@H]1\C=C\c3ccccc3,ODH,6.71,1.0,6.71,test,0.0,0.0,4.1653833
2819,ODH_charity_0616:row:2819,15608,Cc1ccc(cc1)[S](=O)(=O)N2C[C@@H]3C=CCN(C(=C3C2)c4ccc(Cl)cc4)[S](=O)(=O)c5ccc(C)cc5,ODH,24.82,0.8,19.856,test,0.0,0.0,12.801735
4160,ODH_charity_0616:row:4160,22495,C(Cc1ccccc1)[C@H]2COc3ccccc3O2,ODH,8.0,1.0,8.0,test,0.0,0.0,3.9825635
1898,ODH_charity_0616:row:1898,10579,COC(=O)[C@@H](O)c1ccc2ccccc2c1,ODH,13.89,1.0,13.89,test,0.0,0.0,3.913245
601,ODH_charity_0616:row:601,3474,COc1ccccc1C[C@H](CC=O)C(=O)OC(C)C,ODH,16.1,1.0,16.1,test,0.0,0.0,4.1017194
2020,ODH_charity_0616:row:2020,11278,CC[C@H]1NCCc2cc(OC)c(OC)cc12,ODH,14.69,1.0,14.69,test,0.0,0.0,4.6710086
2793,ODH_charity_0616:row:2793,15474,Fc1cc2ccn3c2c(c1)C(=O)O[C@@]34C(=O)N(Cc5ccccc5)c6ccccc46,ODH,21.0,0.8,16.8,test,0.0,0.0,10.976285
3558,ODH_charity_0616:row:3558,19812,CCOC(=O)[C@@]1(N[S](=O)(=O)c2ccccc12)C#Cc3cccc(OC)c3,ODH,52.7,0.5,26.35,test,0.0,0.0,8.062358
1647,ODH_charity_0616:row:1647,9348,C=C[C@H](CCc1ccccc1)n2ccc3ccccc23,ODH,12.5,1.0,12.5,test,0.0,0.0,4.600348
1042,ODH_charity_0616:row:1042,6124,COC(=O)[C@@H]1COc2ccc(OC)cc2O1,ODH,41.1,1.0,41.1,test,0.0,0.0,3.387126
1446,ODH_charity_0616:row:1446,8338,CC(C)(C)OC(=O)N1OCC[C@@H]1Cc2ccc(cc2)c3ccccc3,ODH,9.973,0.8,7.9784,test,0.0,0.0,11.088629
2595,ODH_charity_0616:row:2595,14175,CC(C)(C)OC(=O)N[C@H](C(=O)CCCCCCC=C)c1ccccc1,ODH,18.7,0.5,9.35,test,0.0,0.0,7.3839493
2521,ODH_charity_0616:row:2521,13886,OC[C@]1(COCCO1)CC=C,ODH,19.7,1.0,19.7,test,0.0,0.0,1.943752
967,ODH_charity_0616:row:967,5569,Cn1ccnc1C(=O)[C@@H](F)c2ccccc2,ODH,24.1,1.0,24.1,test,0.0,0.0,3.6390536
380,ODH_charity_0616:row:380,2047,O=C1Oc2ccccc2N[C@@H]1c3ccccc3,ODH,11.4,1.0,11.4,test,0.0,0.0,4.9214964
1425,ODH_charity_0616:row:1425,8198,C[C@@H](O)c1cc(cc(c1)C(F)(F)F)C(F)(F)F,ODH,11.4,1.0,11.4,test,0.0,0.0,3.7455463
3385,ODH_charity_0616:row:3385,18798,C[C@@]1(COc2ccccc12)CC#Cc3ccc(cc3)C#N,ODH,32.1,0.5,16.05,test,0.0,0.0,4.574821
4635,ODH_charity_0616:row:4635,24466,Fc1cccc(c1)C2=C(C[C@H](O2)C=C)C#N,ODH,8.73,1.0,8.73,test,0.0,0.0,3.2520232
558,ODH_charity_0616:row:558,3275,C[C@H]1CCC2=C(CCCC2=O)N1,ODH,15.4,1.0,15.4,test,0.0,0.0,2.6868637
3652,ODH_charity_0616:row:3652,20281,COc1ccc2cc(ccc2c1)[C@H](O)C(O)=O,ODH,33.87,0.8,27.096,test,0.0,0.0,4.13875
1200,ODH_charity_0616:row:1200,7098,C[C@@H](NC(=O)OC(C)(C)C)C(=O)OCc1ccccc1,ODH,9.67,1.0,9.67,test,0.0,0.0,5.8903275
2043,ODH_charity_0616:row:2043,11394,Cc1ccc(cc1)[C@@H]2Cc3ccccc3C(=O)C(=N2)c4ccccc4O,ODH,17.5,0.7,12.25,test,0.0,0.0,6.516014
3423,ODH_charity_0616:row:3423,19022,CCOC(=O)[C@]1(N[S](=O)(=O)c2ccccc12)C#Cc3ccc(Br)cc3,ODH,32.1,0.5,16.05,test,0.0,0.0,7.9843707
2432,ODH_charity_0616:row:2432,13402,[O-][N+](=O)c1cccc(c1)[C@@]2(CCC(=O)O2)C(=O)OC(c3ccccc3)c4ccccc4,ODH,17.4,0.75,13.05,test,0.0,0.0,9.731234
2299,ODH_charity_0616:row:2299,12759,Cc1ccc([C@@H](O)C(O)=O)c(C)c1,ODH,16.53,0.8,13.224,test,0.0,0.0,2.6576495
4824,ODH_charity_0616:row:4824,25197,CC(C)[C@@H](O)c1ccccc1,ODH,7.9,0.8,6.32,test,0.0,0.0,2.8179204
472,ODH_charity_0616:row:472,2589,CC(C)=C[C@H](CCCBr)[S](=O)(=O)c1ccc(C)cc1,ODH,13.2,1.0,13.2,test,0.0,0.0,5.108694
1447,ODH_charity_0616:row:1447,8339,CC(C)(C)OC(=O)N1OCC[C@H]1Cc2ccc(cc2)c3ccccc3,ODH,11.547,0.8,9.2376,test,0.0,0.0,10.947804
2920,ODH_charity_0616:row:2920,16106,FC(F)(F)Oc1ccc(C[C@@H]2Oc3ccccc3N(Cc4ccccc4)C2=O)cc1,ODH,19.5,0.5,9.75,test,0.0,0.0,7.185517
327,ODH_charity_0616:row:327,1808,CCCCCCCCCC[C@@H]1CCC2=C(CCCC2=O)N1,ODH,8.2,1.0,8.2,test,0.0,0.0,4.762821
2557,ODH_charity_0616:row:2557,14052,CC(C)(C)OC(=O)[C@@](N)(C\C=C\c1ccccc1)Cc2ccccc2,ODH,11.9,0.5,5.95,test,0.0,0.0,10.164744
2760,ODH_charity_0616:row:2760,15264,Cc1ccc(cc1)[C@H]2CCN(C2)[S](=O)(=O)c3ccc(C)cc3,ODH,20.6,1.0,20.6,test,0.0,0.0,5.5591254
4234,ODH_charity_0616:row:4234,22878,COC(=O)[C@H](c1ccc(Cl)cc1)c2cn(c3ccccc23)[Si](C)(C)C(C)(C)C,ODH,8.1,0.6,4.86,test,0.0,0.0,24.641184
2917,ODH_charity_0616:row:2917,16095,CC#CCN(C\C=C\[C@@H]1[C@H](C)N1[S](=O)(=O)c2ccc(C)cc2)[S](=O)(=O)c3ccc(C)cc3,ODH,22.28,0.8,17.824,test,0.0,0.0,12.081491
4006,ODH_charity_0616:row:4006,21917,Cc1cccc(c1)C2(SCCCS2)[C@H](C=Cc3ccccc3)c4ccccc4,ODH,6.2,1.0,6.2,test,0.0,0.0,8.029199
716,ODH_charity_0616:row:716,4114,CCOC(=O)C[C@@H](Sc1ccc(F)cc1)c2ccccc2,ODH,9.6,1.0,9.6,test,0.0,0.022701828,4.159698
3342,ODH_charity_0616:row:3342,18592,Cc1ccc(cc1)[S](=O)(=O)N2C(=O)[C@@H]([C@H](C=C2c3ccccc3)c4ccccc4)c5ccccc5,ODH,20.4,0.5,10.2,test,0.0,0.0,11.987797
1675,ODH_charity_0616:row:1675,9457,Brc1cccc(c1)[C@@H]2COc3ccccc3N2,ODH,17.1,0.6,10.26,test,0.0,0.0,5.881726
2515,ODH_charity_0616:row:2515,13851,CCOC(=O)C1=C(C)OC(=O)C[C@@H]1c2cccc(Cl)c2,ODH,18.1,0.7,12.67,test,0.0,0.0,5.407512
3090,ODH_charity_0616:row:3090,17194,CCCCN1C(=O)[C@](CO)(\C=C\c2ccccc2)c3ccccc13,ODH,20.1,0.8,16.08,test,0.0,0.0,6.5911913
1727,ODH_charity_0616:row:1727,9693,Fc1cccc(c1)[C@H]2CC(=O)Oc3ccccc23,ODH,16.21,1.0,16.21,test,0.0,0.0,4.592072
3471,ODH_charity_0616:row:3471,19248,CCOC(=O)[C@@]1(N[S](=O)(=O)c2ccccc12)C#Cc3ccccc3Cl,ODH,43.8,0.5,21.9,test,0.0,0.0,7.9651375
2966,ODH_charity_0616:row:2966,16401,C[C@@H](\C=C\c1ccc2ccccc2c1)C#Cc3ccc(cc3)C#N,ODH,24.4,0.5,12.2,test,0.0,0.0,5.3831596
1481,ODH_charity_0616:row:1481,8425,CC(C)(C)OC(=O)[C@@H](CC=C)NC(=O)c1ccccc1,ODH,11.6,1.0,11.6,test,0.0,0.0,6.7736936
3962,ODH_charity_0616:row:3962,21703,COc1cc(Br)cc2[C@@H](N[S](=O)(=O)Oc12)\C=C\c3ccccc3,ODH,58.0,0.8,46.4,test,0.0,0.0,6.8420353
1519,ODH_charity_0616:row:1519,8588,Cc1ccc(cc1)C#CC[C@@]2(C)COc3ccccc23,ODH,12.8,0.5,6.4,test,0.0,0.0,4.729664
4216,ODH_charity_0616:row:4216,22802,C[C@](C/C=C/C=C/c1ccc(F)cc1)(C=O)c2ccccc2,ODH,7.107,1.0,7.107,test,0.0,0.0,4.844107
3115,ODH_charity_0616:row:3115,17356,CC(C)[C@@H](C=O)[C@H](C[N+]([O-])=O)c1ccccc1,ODH,27.2,0.8,21.76,test,0.0,0.0,3.8313413
4954,ODH_charity_0616:row:4954,25785,O[C@@H]1CCCC2(OCCO2)[C@@H]1c3ccc(Cl)cc3,ODH,11.412,1.0,11.412,test,0.0,0.0,4.598534
2383,ODH_charity_0616:row:2383,13151,COc1ccc(N[C@@H](C(=O)c2ccccc2)c3ccccc3)cc1,ODH,28.34,1.0,28.34,test,0.0,0.0,5.952998
3724,ODH_charity_0616:row:3724,20692,C=CC1=C[C@H](CCc2ccccc2)C(C1)(C#N)C#N,ODH,45.73,0.5,22.865,test,0.0,0.0,5.2461243
1549,ODH_charity_0616:row:1549,8760,FC(F)(F)COC[C@H](C(=O)c1ccccc1)c2ccccc2,ODH,11.94,1.0,11.94,test,0.0,0.0,4.4970503
447,ODH_charity_0616:row:447,2443,Cc1ccccc1[C@@H](O)C[N+]([O-])=O,ODH,19.695,0.8,15.756,test,0.0,0.0,2.7367048
4084,ODH_charity_0616:row:4084,22216,C=C[C@]1(COC(=O)N1)c2ccccc2,ODH,6.0,1.0,6.0,test,0.0,0.0,3.8724272
4404,ODH_charity_0616:row:4404,23646,CCOC(=O)[C@@H](CC(=O)c1ccc(Cl)c(Cl)c1)N2N=CC=CC2=O,ODH,68.16,0.5,34.08,test,0.0,0.0,7.055553
1802,ODH_charity_0616:row:1802,10097,C1[C@@H](Cc2cccc3ccccc23)Nc4ccccc14,ODH,16.6,0.8,13.28,test,0.0,0.0,5.1160197
3829,ODH_charity_0616:row:3829,21155,Cc1ccc(cc1)N2N=C(C)[C@@](C\C=C\c3ccccc3)(Cc4ccccc4F)C2=O,ODH,10.018,1.0,10.018,test,0.0,0.0,10.959656
4667,ODH_charity_0616:row:4667,24557,CCOC(=O)/C=C/[C@H]1[C@H](C(C)C)N1[S](=O)(=O)c2ccc(C)cc2,ODH,12.89,0.8,10.312,test,0.0,0.0,8.937512
2160,ODH_charity_0616:row:2160,11934,CC[C@H](O)[C@@H](C)NC1CCCCC1,ODH,9.42,1.0,9.42,test,0.0,0.0,2.8617744
1114,ODH_charity_0616:row:1114,6610,O[C@@H]1CCC[C@]12O[C@H]2c3ccccc3,ODH,8.6,0.8,6.88,test,0.0,0.0,4.5124354
4323,ODH_charity_0616:row:4323,23277,CC(C)(C)c1ccc(\C=C\C=C\C[C@@](C)(C=O)c2ccccc2)cc1,ODH,7.622,1.0,7.622,test,0.0,0.0,9.301671
3434,ODH_charity_0616:row:3434,19088,O[C@H](C(=O)c1ccc2OCOc2c1)c3ccc4OCOc4c3,ODH,32.42,1.0,32.42,test,0.0,0.0,6.779015
451,ODH_charity_0616:row:451,2459,C[C@H](CC(=O)c1ccc(F)cc1)[S](=O)(=O)c2ccc(C)cc2,ODH,16.1,1.0,16.1,test,0.0,0.0,5.922121
4738,ODH_charity_0616:row:4738,24858,CCCCCC(=O)O\C(c1ccccc1)=C\2[C@@H]([C@H](CCC)C=C2c3ccccc3)c4cccc(Br)c4,ODH,9.1,0.7,6.37,test,0.0,0.0,9.036278
4744,ODH_charity_0616:row:4744,24900,CCCCCC/C=C/C=C/C[C@@](S)(Cc1ccccc1Br)C(N)=O,ODH,9.103,1.0,9.103,test,0.0,0.0,4.722038
2458,ODH_charity_0616:row:2458,13590,C=C[C@@H](CCc1ccccc1)NCCc2ccccc2,ODH,16.02,0.7,11.214,test,0.0,0.12915808,3.7640715
1376,ODH_charity_0616:row:1376,7900,COc1ccccc1[C@@](c2[nH]c(cc2)c3ccccc3)(c4ccccc4)c5ccc(O)cc5,ODH,12.2,1.0,12.2,test,0.0,0.0,8.89652
4512,ODH_charity_0616:row:4512,24013,Cc1[nH]c(cc1)[C@](C)(c2ccc(O)cc2)c3cc(C)cc(C)c3,ODH,7.1,1.0,7.1,test,0.0,0.0,10.196438
3263,ODH_charity_0616:row:3263,18226,Cc1cccc(/C=C/C[C@@](C)(N)C(=O)OC(C)(C)C)c1,ODH,28.9,0.5,14.45,test,0.0,0.0,8.409657
645,ODH_charity_0616:row:645,3732,C[C@H]1Cc2ccccc2N[C@H]1c3ccccc3,ODH,21.0,0.8,16.8,test,0.0,0.0,4.7418656
1968,ODH_charity_0616:row:1968,10985,C1Nc2ccccc2N[C@H]1c3ccccc3,ODH,14.3,0.6,8.58,test,0.0,0.0,5.5402412
2877,ODH_charity_0616:row:2877,15895,CCOC(=O)[C@@]1(N[S](=O)(=O)c2ccc(cc12)C(C)(C)C)C#Cc3ccccc3,ODH,26.5,0.5,13.25,test,0.0,0.0,13.330987
2353,ODH_charity_0616:row:2353,13016,O=C1N[C@@H](c2ccccc2)c3ccccc3N1,ODH,20.7,1.0,20.7,test,0.0,0.0,4.443608
3984,ODH_charity_0616:row:3984,21800,CCOC(=O)N1N(C(C)=O)[C@](C)(C=C1c2ccccc2)c3ccccc3,ODH,6.05,1.0,6.05,test,0.0,0.0,10.606792
780,ODH_charity_0616:row:780,4419,CCC(=O)C[C@@H]1CCCCN1C(=O)OCc2ccccc2,ODH,20.8,0.5,10.4,test,0.0,0.0,4.097368
1975,ODH_charity_0616:row:1975,11006,C1C[C@H]2[C@H](Nc3ccccc3[C@H]2O1)c4ccccc4,ODH,9.17,1.0,9.17,test,0.0,0.0,6.2534375
250,ODH_charity_0616:row:250,1430,Clc1cccc(c1)[C@@H]2[C@@H](C=O)[C@]23CCC3(c4ccccc4)c5ccccc5,ODH,8.58,1.0,8.58,test,0.0,0.0,10.286841
1286,ODH_charity_0616:row:1286,7443,CC(C)(C)OC(=O)/C=C/[C@@H](NCc1ccccc1)c2ccccc2,ODH,8.5,0.6,5.1,test,0.0,0.0,8.300744
4004,ODH_charity_0616:row:4004,21913,C[C@H]1CCC(=N1)c2ccccc2,ODH,6.2,1.0,6.2,test,0.0,0.0,2.8839414
3016,ODH_charity_0616:row:3016,16686,Clc1cccc(c1)[C@@H]2CCc3ccccc3N2,ODH,17.14,0.6,10.284,test,0.0,0.0,4.2237163
3410,ODH_charity_0616:row:3410,18909,O[C@@H]1CCCC[C@H]1Nc2ccccn2,ODH,31.55,1.0,31.55,test,0.0,0.0,2.7850964
3492,ODH_charity_0616:row:3492,19371,CC(=O)C1=C(C)OC(=O)C[C@@H]1c2ccc(cc2)C(F)(F)F,ODH,52.8,0.7,36.96,test,0.0,0.0,5.126438
406,ODH_charity_0616:row:406,2231,CCCCCC[C@H]1CCC2=C(CCCC2=O)N1,ODH,12.0,1.0,12.0,test,0.0,0.0,3.8114116
241,ODH_charity_0616:row:241,1393,CC(C)OC(=O)[C@@H](CC=O)Cc1ccc(Cl)cc1,ODH,9.5,1.0,9.5,test,0.0,0.0,3.592148
1605,ODH_charity_0616:row:1605,9088,Cc1cccc(/C=C/C=C/C[C@@](C)(C=O)c2ccccc2)c1,ODH,12.272,1.0,12.272,test,0.0,0.0,4.533827
3044,ODH_charity_0616:row:3044,16908,O[C@@]1([C@H](C=C)c2ccccc2F)C(=O)N(Cc3cccc4ccccc34)c5ccccc15,ODH,24.375,1.0,24.375,test,0.0,0.0,10.297473
3531,ODH_charity_0616:row:3531,19678,Cc1ccc(cc1)[C@H](C[N+]([O-])=O)c2ccccc2,ODH,33.7,1.0,33.7,test,0.0,0.0,3.9722261
3317,ODH_charity_0616:row:3317,18489,CC[Si](CC)(CC)[C@H](C(=O)OC)c1ccccc1,ODH,4.28,1.0,4.28,test,0.0,0.0,8.295085
2011,ODH_charity_0616:row:2011,11226,C1Oc2ccccc2[C@]1(CC#Cc3ccccc3)Cc4ccccc4,ODH,16.4,0.5,8.2,test,0.0,0.0,5.872779
2560,ODH_charity_0616:row:2560,14055,CC(C)(C)OC(=O)[C@](N)(C\C=C\c1ccccc1)Cc2ccccc2,ODH,18.5,0.5,9.25,test,0.0,0.0,9.847199
1262,ODH_charity_0616:row:1262,7350,Cc1ccc(cc1)[S](=O)(=O)NC[C@@H](Sc2sc3ccccc3n2)c4ccc(cc4)B5OC(C)(C)C(C)(C)O5,ODH,13.8,1.0,13.8,test,0.0,0.0,18.795261
3197,ODH_charity_0616:row:3197,17935,COc1ccc(/C=C/C[C@@](C)(N)C(=O)OC(C)(C)C)cc1,ODH,27.8,0.5,13.9,test,0.0,0.0,7.8597608
3710,ODH_charity_0616:row:3710,20643,Cc1ccccc1[C@@H](O)c2ccccc2,ODH,40.68,1.0,40.68,test,0.0,0.0,3.1875
2270,ODH_charity_0616:row:2270,12530,Cc1cccc(c1)[C@@H](C[N+]([O-])=O)c2ccccc2,ODH,16.2,1.0,16.2,test,0.0,0.0,3.968847
3011,ODH_charity_0616:row:3011,16641,CCOC(=O)[C@@H](CC(=O)c1ccc(OC)cc1)C(=C)C(C)=O,ODH,23.7,1.0,23.7,test,0.0,0.0,5.7712398
2108,ODH_charity_0616:row:2108,11648,CC(C)(C)OC(=O)C[C@@](N)(C\C=C\c1ccccc1)C(=O)OC(C)(C)C,ODH,15.1,0.5,7.55,test,0.0,0.0,14.232861
4132,ODH_charity_0616:row:4132,22395,COc1ccccc1\C=C\[C@H]2COc3ccccc3O2,ODH,7.73,1.0,7.73,test,0.0,0.0,4.409297
1878,ODH_charity_0616:row:1878,10487,FC(F)(F)[C@]1(CC(=CC(=O)O1)c2occc2)c3ccccc3,ODH,13.8,0.75,10.35,test,0.0,0.0,6.241135
4723,ODH_charity_0616:row:4723,24788,COc1ccc(N[C@H](CC(C)C)C(=O)Oc2ccccc2)cc1,ODH,8.2,1.0,8.2,test,0.0,0.0,5.194234
1741,ODH_charity_0616:row:1741,9771,COC(=O)c1ccc(C[C@@H]2CCON2C(=O)OC(C)(C)C)cc1,ODH,12.932,0.8,10.3456,test,0.0,0.0,7.6540494
1691,ODH_charity_0616:row:1691,9575,CC(=C)[C@H](CN[S](=O)(=O)c1ccc(C)cc1)CC(=O)c2ccccc2,ODH,12.75,0.5,6.375,test,0.0,0.0,7.543125
2485,ODH_charity_0616:row:2485,13774,COc1ccc(cc1)C(=O)[C@H]2CCc3ccccc3N2,ODH,25.9,1.0,25.9,test,0.0,0.0,5.947665
3534,ODH_charity_0616:row:3534,19707,CCO[P](=O)(OCC)[C@@]12CC(=CC(=O)N1[S](=O)(=O)Oc3ccccc23)c4ccc(C)cc4,ODH,18.3,0.8,14.64,test,0.0,0.0,13.262978
4647,ODH_charity_0616:row:4647,24503,Fc1ccc(cc1)C2=C(C[C@@H](O2)C=C)C#N,ODH,10.319,1.0,10.319,test,0.0,0.0,3.2478793
3202,ODH_charity_0616:row:3202,17972,Brc1ccc(cc1)[C@@H]2CC(=O)OC(=C2)c3ccccc3,ODH,26.6,0.5,13.3,test,0.0,0.0,5.193788
4562,ODH_charity_0616:row:4562,24200,CC[C@]1(N(c2cc(C)c(C)cc2C1=C)[S](=O)(=O)C(F)(F)F)c3ccccc3,ODH,8.49,0.5,4.245,test,0.0,0.0,16.747206
2545,ODH_charity_0616:row:2545,13996,Cc1cccc2O[C@@H](Cc3ccccc3)C(=O)N(Cc4ccccc4)c12,ODH,19.5,0.5,9.75,test,0.0,0.0,6.325366
2050,ODH_charity_0616:row:2050,11428,CC[C@H](C#Cc1ccc(C)cc1)c2ccccc2,ODH,14.83,0.7,10.381,test,0.0,0.0,4.0178156
4660,ODH_charity_0616:row:4660,24533,Clc1ccc(cc1)C2(SCCCS2)[C@H](C=Cc3ccccc3)c4ccccc4,ODH,8.8,1.0,8.8,test,0.0,0.0,8.073953
1330,ODH_charity_0616:row:1330,7680,C[C@@]1(C(=O)OCC=C)C(=O)N(C(=O)C(c2ccccc2)c3ccccc3)c4cc(Cl)ccc14,ODH,11.0,0.8,8.8,test,0.0,0.0,9.481454
3262,ODH_charity_0616:row:3262,18225,Cc1cccc(/C=C/C[C@](C)(N)C(=O)OC(C)(C)C)c1,ODH,14.3,0.5,7.15,test,0.0,0.0,8.472803
3147,ODH_charity_0616:row:3147,17613,Cc1ccc(cc1)[S](=O)(=O)N2C(=O)[C@@H]([C@H](C=C2c3ccc(Cl)cc3)c4ccccc4)c5ccccc5,ODH,12.0,0.75,9.0,test,0.0,0.0,12.299269
1148,ODH_charity_0616:row:1148,6805,CC(C)C[C@H]1Nc2ccccc2C[C@H]1N3C(=O)c4ccccc4C3=O,ODH,17.9,0.7,12.53,test,0.0,0.0,10.469523
2738,ODH_charity_0616:row:2738,15116,C1Nc2ccccc2N[C@@H]1c3ccc4ccccc4c3,ODH,30.7,0.6,18.42,test,0.0,0.0,7.073452
1111,ODH_charity_0616:row:1111,6601,O[C@H]/1CCCC1=C/c2ccccc2Cl,ODH,10.0,1.0,10.0,test,0.0,0.0,3.1226037
1556,ODH_charity_0616:row:1556,8831,[N-]=[N+]=N[C@H]1CCCC[C@H]1c2cccc3ccccc23,ODH,14.9,0.7,10.43,test,0.0,0.0,4.9191933
2230,ODH_charity_0616:row:2230,12276,Clc1cccc2[C@H](CC(=O)Oc12)c3ccccc3,ODH,19.1,1.0,19.1,test,0.0,0.0,4.7600417
2697,ODH_charity_0616:row:2697,14903,C[C@@H](NN1C(=O)CCC1=O)c2ccccc2,ODH,16.059,0.8,12.8472,test,0.0,0.0,3.80757
2808,ODH_charity_0616:row:2808,15561,CO[C@@H](C(=O)OC)c1ccccc1,ODH,10.21,1.0,10.21,test,0.0,0.0,2.5518064
4681,ODH_charity_0616:row:4681,24597,Cc1cccc(c1)[C@@H](C(=O)OCc2ccccc2)c3cc(C)n(Cc4ccccc4)c3C,ODH,10.0,0.7,7.0,test,0.0,0.0,11.646327
140,ODH_charity_0616:row:140,782,CCc1ccc(cc1)[C@@H](O)C(=O)OC(C)C,ODH,7.7,1.0,7.7,test,0.0,0.0,3.4923742
2079,ODH_charity_0616:row:2079,11507,C[C@](C/C=C/C=C/c1ccc(cc1)c2ccccc2)(C=O)c3ccccc3,ODH,14.911,1.0,14.911,test,0.0,0.0,5.8416486
4219,ODH_charity_0616:row:4219,22818,C[C@@H](C#Cc1ccccc1)c2ccc3Oc4ncccc4Cc3c2,ODH,8.24,1.0,8.24,test,0.0,0.0,6.60511
2874,ODH_charity_0616:row:2874,15888,Clc1ccc2C(=O)O[C@]3(n4ccc1c24)C(=O)N(Cc5ccccc5)c6ccccc36,ODH,21.8,0.8,17.44,test,0.0,0.0,10.632879
2666,ODH_charity_0616:row:2666,14682,CC(=O)C1=C(C)OC(=O)C[C@@H]1c2ccccc2F,ODH,22.8,0.7,15.96,test,0.0,0.0,4.283726
4685,ODH_charity_0616:row:4685,24609,Fc1ccc(O[C@H](C(=O)OCc2ccccc2)c3ccccc3)cc1,ODH,10.3,1.0,10.3,test,0.0,0.065104775,5.569288
4008,ODH_charity_0616:row:4008,21927,COc1ccccc1[C@](c2[nH]ccc2)(c3[nH]c4ccccc4c3c5ccc6ccccc6c5)c7ccccc7,ODH,6.2,1.0,6.2,test,0.0,0.0,12.141006
4109,ODH_charity_0616:row:4109,22312,COc1ccccc1c2oc(C)c3Cc4ccccc4N5CCOC[C@H]5c23,ODH,8.1,0.8,6.48,test,0.0,0.0,9.234271
4869,ODH_charity_0616:row:4869,25389,CCCCC[C@@H]1Cc2ccccc2N1,ODH,12.4,1.0,12.4,test,0.0,0.0,2.9834704
3444,ODH_charity_0616:row:3444,19146,C[C@@](C=O)(c1ccccc1)c2ccc(cc2)[N+]([O-])=O,ODH,35.77,0.6,21.462,test,0.0,0.0,4.70599
3649,ODH_charity_0616:row:3649,20272,COCN1C(=O)[C@](COC(=O)OC(C)(C)C)(CC=C)c2ccccc12,ODH,40.1,0.8,32.08,test,0.0,0.0,11.03835
4733,ODH_charity_0616:row:4733,24813,Clc1cccc(c1)C2=C(C[C@@H](O2)C=C)C#N,ODH,9.893,1.0,9.893,test,0.0,0.0,3.7210286
1839,ODH_charity_0616:row:1839,10293,CC[C@@H](CC=O)c1c[nH]c2ccccc12,ODH,16.32,1.0,16.32,test,0.0,0.0,3.6990273
53,ODH_charity_0616:row:53,391,CC(C)OC(=O)[C@H](O)c1ccc(cc1)C(C)C,ODH,6.2,1.0,6.2,test,0.0,0.0,4.993001
1003,ODH_charity_0616:row:1003,5844,COc1cccc(c1)[C@H](O)CCl,ODH,30.4,1.0,30.4,test,0.0,0.058975827,2.289974
2479,ODH_charity_0616:row:2479,13727,CSc1ccc(cc1)C(=O)C(=[N+]=[N-])[C@@H](N)C(F)(F)F,ODH,15.531,1.0,15.531,test,0.0,0.0,4.488787
1271,ODH_charity_0616:row:1271,7365,C1CSC(SC1)([C@H](C=Cc2ccccc2)c3ccccc3)c4sccc4,ODH,10.7,1.0,10.7,test,0.0,0.0,7.656427
2777,ODH_charity_0616:row:2777,15387,O[C@@H]1CCCC[C@H]1Nc2cccc(Cl)c2,ODH,20.89,1.0,20.89,test,0.0,0.0,3.1775439
3486,ODH_charity_0616:row:3486,19299,CCOC(=O)[C@]1([C@@H]([C@H](N(O)[C@H]1c2ccc(Br)cc2)C(=O)OC)c3ccccc3)C(F)(F)F,ODH,21.9,0.5,10.95,test,0.0,0.0,9.778579
913,ODH_charity_0616:row:913,5140,CC(C)(NC(=O)C[C@@H]1CCOc2ccccc12)c3ccccn3,ODH,21.9,0.55,12.045,test,0.0,0.0,6.5319786
492,ODH_charity_0616:row:492,2821,O[C@H]1CCc2cc(Cl)ccc12,ODH,13.9,1.0,13.9,test,0.0,0.0,2.4359913
841,ODH_charity_0616:row:841,4820,CC[C@@H]1Cc2ccccc2N[C@H]1c3ccccc3,ODH,23.2,0.5,11.6,test,0.0,0.0,4.9328837
2114,ODH_charity_0616:row:2114,11662,Cc1cccc(c1)\C=C\2CCC[C@@H]2O,ODH,15.1,0.8,12.08,test,0.0,0.0,2.7840216
1676,ODH_charity_0616:row:1676,9458,Brc1cccc(c1)[C@H]2COc3ccccc3N2,ODH,12.6,0.6,7.56,test,0.0,0.0,5.826045
4771,ODH_charity_0616:row:4771,25012,C=C[C@@H](c1ccccc1)C(Cc2ccccc2)(C#N)C#N,ODH,10.3,1.0,10.3,test,0.0,0.0,6.07167
3658,ODH_charity_0616:row:3658,20324,COc1ccc(C[C@@H]2NCCc3cc(OC)c(OC)cc23)cc1OC,ODH,24.92,1.0,24.92,test,0.0,0.0,8.522411
4542,ODH_charity_0616:row:4542,24099,CC(C)[C@H](C#Cc1ccccc1)c2ccccc2,ODH,8.39,0.7,5.873,test,0.0,0.0,5.5369897
3654,ODH_charity_0616:row:3654,20297,Cc1ccc(cc1)[S](=O)(=O)N2CC[C@H](C2)c3ccccc3,ODH,42.4,1.0,42.4,test,0.0,0.0,5.3230286
1152,ODH_charity_0616:row:1152,6830,CC(C)(C)[P@](=O)(Cc1ccc(cc1)C#N)c2ccccc2,ODH,7.9,1.0,7.9,test,0.0,0.0,10.604758
2033,ODH_charity_0616:row:2033,11335,CCCC[C@]1(COc2ccccc12)CC3=CCCC3,ODH,14.7,0.75,11.025,test,0.0,0.0,4.7853
1343,ODH_charity_0616:row:1343,7764,C[C@H](O)[C@H](N1CCCC1)c2ccc(Cl)cc2,ODH,8.26,1.0,8.26,test,0.0,0.0,3.490482
581,ODH_charity_0616:row:581,3398,COC(=O)[C@H]1COc2ccc(F)cc2O1,ODH,12.0,1.0,12.0,test,0.0,0.0,3.291633
2604,ODH_charity_0616:row:2604,14235,O[C@@H]1[C@@H]2O[C@@H]2C(=O)c3cc4CCCCCc4cc13,ODH,15.9,0.8,12.72,test,0.0,0.0,5.9305115
3982,ODH_charity_0616:row:3982,21794,CCCCCCCCCCCC[S@@](=O)c1ccccc1,ODH,6.023,1.0,6.023,test,0.0,0.15774228,4.013864
3917,ODH_charity_0616:row:3917,21487,OCC[C@@H](O)c1ccccc1,ODH,49.0,0.6,29.4,test,0.0,0.41760698,2.2155998
631,ODH_charity_0616:row:631,3691,CC(C)c1ccc(NC[C@@H]2CCc3ccccc3N2)cc1,ODH,15.5,1.0,15.5,test,0.0,0.0,6.0900784
4252,ODH_charity_0616:row:4252,22949,Fc1ccc(cc1)[C@@H](Oc2ccccc2)C(=O)OCc3ccccc3,ODH,14.0,1.0,14.0,test,0.0,0.0,5.9605455
2166,ODH_charity_0616:row:2166,11976,COC(=O)[C@H]1CCCc2ccccc12,ODH,15.5,0.4,6.2,test,0.0,0.0,2.918023
2745,ODH_charity_0616:row:2745,15181,C[C@H]1C[C@@H](O)c2ccc(C)cc2O1,ODH,24.786,0.5,12.393,test,0.0,0.0,3.0776653
1581,ODH_charity_0616:row:1581,8959,CCCC[C@@H]1Nc2ccccc2C[C@H]1N3C(=O)c4ccccc4C3=O,ODH,12.1,0.7,8.47,test,0.0,0.0,8.56157
390,ODH_charity_0616:row:390,2143,CC(C)OC(=O)[C@@H](O)c1ccc2ccccc2c1,ODH,9.9,1.0,9.9,test,0.0,0.0,4.5066724
276,ODH_charity_0616:row:276,1585,CC1(C)CN(C(=O)Nc2cc(cc(c2)C(F)(F)F)C(F)(F)F)[C@@](CN=[N+]=[N-])(C1)c3ccccc3,ODH,11.7,0.8,9.36,test,0.0,0.0,12.397938
1238,ODH_charity_0616:row:1238,7242,C[C@@H](N[S](=O)(=O)C(C)(C)C)c1ccc(Br)cc1,ODH,8.2,1.0,8.2,test,0.0,0.0,6.6154065
1275,ODH_charity_0616:row:1275,7389,COc1ccc(cc1)C2=C(C[C@H](O2)C=C)C#N,ODH,10.731,1.0,10.731,test,0.0,0.0,3.8618276
4311,ODH_charity_0616:row:4311,23198,Cc1ccc(cc1)[C@@](C)(C\C=C\C=C\c2ccccc2)C=O,ODH,7.586,1.0,7.586,test,0.0,0.0,4.929605
4553,ODH_charity_0616:row:4553,24149,Cc1ccc(cc1)[C@@H](C(=O)OCc2ccccc2)c3cc(C)n(Cc4ccccc4)c3C,ODH,9.7,0.7,6.79,test,0.0,0.0,11.3160515
2719,ODH_charity_0616:row:2719,15012,Cc1cc2C[C@H](\C=C\c3ccccc3)N(c2cc1C)[S](=O)(=O)C(F)(F)F,ODH,20.1,0.5,10.05,test,0.0,0.0,9.557381
3113,ODH_charity_0616:row:3113,17339,Fc1ccc(C[C@@H]2Oc3ccccc3N(Cc4ccccc4)C2=O)cc1,ODH,20.3,0.5,10.15,test,0.0,0.0,6.5968676
1982,ODH_charity_0616:row:1982,11043,CC(C)(C)OC(=O)[C@@](C)(N)C\C=C\c1ccc(cc1)C(F)(F)F,ODH,11.8,0.5,5.9,test,0.0,0.0,9.949207
1110,ODH_charity_0616:row:1110,6600,O[C@@H]/1CCCC1=C/c2ccccc2Cl,ODH,7.61,1.0,7.61,test,0.0,0.0,3.1112986
1122,ODH_charity_0616:row:1122,6641,FC(F)(F)[C@H]1NC1C(=O)c2ccc(cc2)c3ccccc3,ODH,10.038,1.0,10.038,test,0.0,0.0,6.3405523
1365,ODH_charity_0616:row:1365,7852,CN(CC[C@H](O)c1ccc(F)cc1)Cc2ccccc2,ODH,11.12,0.8,8.896,test,0.0,0.0,4.0953383
3646,ODH_charity_0616:row:3646,20268,CC(C)[C@@H]1CC(=O)N=C(S1)c2ccccc2,ODH,47.9,0.6,28.74,test,0.0,0.0,4.0879064
1404,ODH_charity_0616:row:1404,8088,CC(=C)[C@@H]1CN(C(=C1)c2ccccc2)[S](=O)(=O)c3ccc(C)cc3,ODH,10.35,0.8,8.28,test,0.0,0.0,8.056766
775,ODH_charity_0616:row:775,4400,OC(=O)[C@H]1COc2ccccc2O1,ODH,32.5,1.0,32.5,test,0.0,0.0,2.8263092
4576,ODH_charity_0616:row:4576,24264,Cc1cccc(c1)C2=C(C[C@@H](O2)C=C)C#N,ODH,9.171,1.0,9.171,test,0.0,0.0,3.920358
391,ODH_charity_0616:row:391,2144,CC(C)OC(=O)[C@H](O)c1ccc2ccccc2c1,ODH,11.7,1.0,11.7,test,0.0,0.0,4.4723926
1602,ODH_charity_0616:row:1602,9082,CC(C)(C)[P@@](=O)(Cc1ccc(cc1)C#N)c2ccccc2,ODH,12.26,1.0,12.26,test,0.0,0.0,10.60886
2743,ODH_charity_0616:row:2743,15168,IC[C@@]1(CCCc2ccccc2)COc3ccccc13,ODH,20.4,0.5,10.2,test,0.0,0.0,4.667374
3045,ODH_charity_0616:row:3045,16925,Cc1ccc(cc1)C(=O)[C@@H](O)[C@H](C=C)c2ccccc2,ODH,26.3,0.5,13.15,test,0.0,0.0,4.690932
984,ODH_charity_0616:row:984,5659,OCC[C@H](C[N+]([O-])=O)c1cccc2ccccc12,ODH,31.66,1.0,31.66,test,0.0,0.0,4.612208
76,ODH_charity_0616:row:76,456,COc1ccc(c(c1)C#C[Si](C(C)C)(C(C)C)C(C)C)[S@@](=O)c2ccccn2,ODH,5.9,1.0,5.9,test,0.0,0.0,26.707258
2385,ODH_charity_0616:row:2385,13164,CCOC(=O)[C@@]1(CC=C)N[S](=O)(=O)c2ccc(cc12)C(F)(F)F,ODH,12.3,0.8,9.84,test,0.0,0.0,7.1339097
4669,ODH_charity_0616:row:4669,24559,CC[C@@]1(N(c2cc(C)c(C)cc2C1=C)[S](=O)(=O)C(F)(F)F)c3ccc(Cl)cc3,ODH,8.26,0.6,4.956,test,0.0,0.0,16.75191
1952,ODH_charity_0616:row:1952,10897,C[C@H](\C=C\c1ccccc1)[C@](C)(N)C(=O)OC(C)(C)C,ODH,5.5,1.0,5.5,test,0.0,0.0,10.136405
3669,ODH_charity_0616:row:3669,20378,CCO[P](=O)(OCC)[C@]12CC(=CC(=O)N1[S](=O)(=O)Oc3ccccc23)c4ccc(Cl)cc4,ODH,41.4,0.8,33.12,test,0.0,0.0,12.475994
3343,ODH_charity_0616:row:3343,18601,CCOC(=O)[C@@]1(N[S](=O)(=O)c2ccccc12)C#Cc3ccc(Cl)cc3,ODH,39.8,0.5,19.9,test,0.0,0.0,7.9071627
1450,ODH_charity_0616:row:1450,8348,CC[C@@H](C#Cc1ccccc1)c2ccccc2,ODH,17.07,1.0,17.07,test,0.0,0.0,3.562503
498,ODH_charity_0616:row:498,2877,Cc1ccc(cc1)C2(CC[C@]23[C@H](C=O)[C@H]3c4ccccc4)c5ccc(C)cc5,ODH,6.02,1.0,6.02,test,0.0,0.0,10.9427595
107,ODH_charity_0616:row:107,614,CC(C)OC(=O)[C@@H](O)c1cccc(Cl)c1,ODH,6.1,1.0,6.1,test,0.0,0.0,3.3354242
1372,ODH_charity_0616:row:1372,7896,COc1ccccc1/C=C/[C@H](C)[C@](C)(N)C(=O)OC(C)(C)C,ODH,12.2,1.0,12.2,test,0.0,0.0,12.235824
1517,ODH_charity_0616:row:1517,8576,Cc1ccc(cc1)[C@H](CO)CCl,ODH,10.9,1.0,10.9,test,0.0,0.055775303,2.4160144
4654,ODH_charity_0616:row:4654,24516,COc1ccccc1[C@H]2Cc3ccccc3C(=O)C(=N2)c4ccccc4O,ODH,8.8,0.8,7.04,test,0.0,0.0,7.2041507
1488,ODH_charity_0616:row:1488,8443,C[C@H]1C[C@H](c2ccc3ccccc3c2)C(C)(C)C1=O,ODH,9.39,1.0,9.39,test,0.0,0.0,8.437249
4381,ODH_charity_0616:row:4381,23521,COC(=O)[C@H](Oc1ccccc1)c2ccccc2,ODH,7.9,1.0,7.9,test,0.0,0.07167734,3.7935457
3611,ODH_charity_0616:row:3611,20096,CCCCO[C@H](c1ccc(cc1)c2ccccc2)c3ccccc3c4ccccc4,ODH,4.5,1.0,4.5,test,0.0,0.0,7.013725
1131,ODH_charity_0616:row:1131,6689,CC1(C)OC[C@H](CO)Oc2ccc(Br)cc12,ODH,10.1,1.0,10.1,test,0.0,0.0,4.4241605
828,ODH_charity_0616:row:828,4756,Cc1ccc(cc1)[S](=O)(=O)N[C@@H]2CCc3ccccc23,ODH,16.4,1.0,16.4,test,0.0,0.0,5.3808193
4473,ODH_charity_0616:row:4473,23883,CCC[C@H](NCc1ccccc1)C=C,ODH,8.195,0.5,4.0975,test,0.0,0.06290654,2.818409
3174,ODH_charity_0616:row:3174,17765,CC(=O)c1ccc(cc1)[S@](=O)Cc2ccccc2,ODH,22.88,1.0,22.88,test,0.0,0.0,4.5216136
1932,ODH_charity_0616:row:1932,10733,CC(=C)C[C@H]1CC(=NO1)c2ccccc2,ODH,15.67,0.6,9.402,test,0.0,0.0,4.31186
4705,ODH_charity_0616:row:4705,24711,O=C1OC(=C[C@@H]([C@@H]1Cc2ccccc2)c3cccnc3)c4ccccc4,ODH,31.6,0.75,23.7,test,0.0,0.0,7.0419116
3187,ODH_charity_0616:row:3187,17879,CC(C)C[C@@H]1C=Cc2cc(C)c(C)cc2[C@H]1O,ODH,31.16,1.0,31.16,test,0.0,0.0,7.386019
475,ODH_charity_0616:row:475,2641,CC(C)(NC(=O)C[C@@H]1CCOc2c1ccc3ccccc23)c4ccccn4,ODH,9.7,1.0,9.7,test,0.0,0.0,8.32529
4895,ODH_charity_0616:row:4895,25492,Cn1c2ccccc2c([C@H](C(=O)OCc3ccccc3)c4ccccc4)c1c5ccc(Cl)cc5,ODH,12.3,0.7,8.61,test,0.0,0.0,9.014233
2951,ODH_charity_0616:row:2951,16261,COc1cc2CCC[C@@H](C#Cc3cccc4ncccc34)c2cc1OC,ODH,23.7,1.0,23.7,test,0.0,0.0,6.295838
3750,ODH_charity_0616:row:3750,20851,OC[C@H](O)c1ccc(F)cc1,ODH,49.3,1.0,49.3,test,0.0,0.13226248,2.1062245
20,ODH_charity_0616:row:20,187,C[C@H]1CCc2cc(F)ccc2N1,ODH,5.9,1.0,5.9,test,0.0,0.0,2.632206
266,ODH_charity_0616:row:266,1520,C[C@]1(CCO)CCCn2ccc(c3ccc(F)cc3)c12,ODH,12.08,1.0,12.08,test,0.0,0.0,5.348524
120,ODH_charity_0616:row:120,671,CC(C)(C)c1ccc(cc1)[C@H]2Nc3ccccc3OC2=O,ODH,7.3,1.0,7.3,test,0.0,0.0,10.611207
563,ODH_charity_0616:row:563,3298,Oc1cccc(c1)[C@H]2CCc3ccccc3N2,ODH,26.6,1.2,31.92,test,0.0,0.0,4.1398706
494,ODH_charity_0616:row:494,2846,O=C1CCC[C@@]12[C@H](Cc3c(cccc23)c4ccccc4)Sc5ccccc5,ODH,15.02,1.0,15.02,test,0.0,0.0,7.764046
3521,ODH_charity_0616:row:3521,19582,CCCCCCCCCC[C@@H](\C=C\C(=O)Oc1ccc(F)cc1)N2C(=O)C3CC=CCC3C2=O,ODH,28.9,0.8,23.12,test,0.0,0.0,8.936284
224,ODH_charity_0616:row:224,1296,F[C@@H]1CCCO[C@@]1(C(=O)c2ccc(F)cc2)c3ccc(F)cc3,ODH,8.36,1.0,8.36,test,0.0,0.0,5.9733505
4886,ODH_charity_0616:row:4886,25445,O[C@@H](c1ccc(F)cc1)C(=O)c2ccc(F)cc2,ODH,9.63,1.0,9.63,test,0.0,0.0,4.460134
4743,ODH_charity_0616:row:4743,24899,CCCCCC/C=C/C=C/C[C@](S)(Cc1ccccc1Br)C(N)=O,ODH,8.295,1.0,8.295,test,0.0,0.0,4.7315807
1260,ODH_charity_0616:row:1260,7326,C([C@@H]1Cc2ccccc2N1)c3ccccc3,ODH,12.0,1.0,12.0,test,0.0,0.0,3.4606352
2802,ODH_charity_0616:row:2802,15525,OC[C@@]1(\C=C\c2ccccc2)C(=O)N(CC=C)c3ccccc13,ODH,21.1,0.8,16.88,test,0.0,0.0,6.340351
2030,ODH_charity_0616:row:2030,11314,C[C@]1(COC(=O)c2ccc(cc2)[N+]([O-])=O)COC3(CO1)CC=CC3,ODH,17.0,1.0,17.0,test,0.0,0.0,5.9164057
3432,ODH_charity_0616:row:3432,19083,CCCC[C@H]1CC(=O)N=C(S1)c2ccccc2,ODH,32.4,0.5,16.2,test,0.0,0.0,3.592681
4741,ODH_charity_0616:row:4741,24897,Cc1ccc(C[C@@]2(C)CC(=NO2)c3ccccc3)cc1,ODH,9.89,0.8,7.912,test,0.0,0.0,5.5629334
1203,ODH_charity_0616:row:1203,7101,Cc1ccc(cc1)C(=O)C(=[N+]=[N-])[C@H](N)C(F)(F)F,ODH,10.494,1.0,10.494,test,0.0,0.0,4.2917695
