sample_index,sample_id,source_index,SMILES,column,true_RT,Speed,true_RTv,split,pred_q10,pred_central,pred_q90
3853,ODH_charity_0616:row:3853,21236,CN1CCc2ccccc2[C@H]1Cc3ccccc3,ODH,5.79,0.8,4.632,train,4.7604456,5.1184473,5.4342184
4933,ODH_charity_0616:row:4933,25640,OC[C@H](O)c1cccc2ccccc12,ODH,9.8,0.5,4.9,train,6.2112293,6.5050926,6.7974463
1783,ODH_charity_0616:row:1783,9996,CC1(C)OB(OC1(C)C)[C@@H](Cc2ccc3ccccc3c2)N4CCOC4=O,ODH,10.3,1.0,10.3,train,9.678357,10.2144785,10.695024
1448,ODH_charity_0616:row:1448,8340,BrC(=C)[C@H]1CC(CN1[S](=O)(=O)c2ccccc2)(c3ccccc3)c4ccccc4,ODH,13.04,1.0,13.04,train,15.115298,15.813245,16.503576
1263,ODH_charity_0616:row:1263,7351,Cc1ccc(cc1)[S](=O)(=O)NC[C@H](Sc2sc3ccccc3n2)c4ccc(cc4)B5OC(C)(C)C(C)(C)O5,ODH,10.7,1.0,10.7,train,11.334197,11.986378,12.561705
688,ODH_charity_0616:row:688,3887,CC(C)(N1[C@@H](CC1=O)c2ccc(Oc3ccccc3)cc2)c4ccccn4,ODH,18.0,0.8,14.4,train,14.566304,14.99696,15.532884
3942,ODH_charity_0616:row:3942,21593,CC(C)(C)OC(=O)OC[C@@]1(CC=C)C(=O)N(COCc2ccccc2)c3ccccc13,ODH,9.7,0.8,7.76,train,7.830177,8.389258,8.9092865
2041,ODH_charity_0616:row:2041,11392,C([C@@H]1Cc2ccccc2N1)c3ccccc3,ODH,16.6,1.0,16.6,train,15.772583,16.215487,16.688086
4019,ODH_charity_0616:row:4019,21984,Cc1ccc(C[C@]2(C\C=C\c3ccccc3)C(=NN(c4ccc(C)cc4)C2=O)C)cc1,ODH,11.751,1.0,11.751,train,9.282013,10.267856,11.083244
4119,ODH_charity_0616:row:4119,22331,Cc1cccc(/C=C/[C@H]2COc3cc(F)c(F)cc3O2)c1,ODH,7.99,1.0,7.99,train,7.169187,7.7271056,8.239968
2429,ODH_charity_0616:row:2429,13360,O[C@H](C(O)=O)c1ccccc1F,ODH,13.86,0.8,11.088,train,11.649781,12.067042,12.492812
3961,ODH_charity_0616:row:3961,21702,COc1cc(Br)cc2[C@H](N[S](=O)(=O)Oc12)\C=C\c3ccccc3,ODH,44.1,0.8,35.28,train,36.20571,37.15991,37.988136
3972,ODH_charity_0616:row:3972,21741,ClCCCC[C@]1(CI)COc2ccccc12,ODH,59.4,0.75,44.55,train,44.01827,44.913147,45.737293
3715,ODH_charity_0616:row:3715,20651,C[C@@H](COC=O)c1ccc(F)cc1,ODH,45.1,0.5,22.55,train,21.397533,22.268688,22.897743
3730,ODH_charity_0616:row:3730,20722,COC(=O)C[C@H](O)c1ccc(F)cc1,ODH,46.3,0.5,23.15,train,23.213232,24.001368,24.531002
3474,ODH_charity_0616:row:3474,19254,O=C1C[C@@H](CC2CCCCC2)C(=O)N1Cc3ccccc3,ODH,33.5,0.5,16.75,train,15.981023,16.595245,17.140083
4222,ODH_charity_0616:row:4222,22838,C[C@](C\C=C\C=C\c1ccccc1)(C=O)c2ccc(F)cc2,ODH,7.162,1.0,7.162,train,6.561513,6.997368,7.3743496
1544,ODH_charity_0616:row:1544,8755,N[C@H](C(=[N+]=[N-])C(=O)c1ccc(F)cc1)C(F)(F)F,ODH,10.445,1.0,10.445,train,10.97959,11.563905,11.978937
254,ODH_charity_0616:row:254,1449,NC(=O)[C@H]1COc2ccccc2O1,ODH,8.7,1.0,8.7,train,8.40915,8.817091,9.172217
4630,ODH_charity_0616:row:4630,24450,O[C@H]/1CCCC1=C/c2ccc(F)cc2,ODH,8.7,1.0,8.7,train,9.272596,9.661259,9.999234
4251,ODH_charity_0616:row:4251,22946,O=C(OCc1ccccc1)[C@@H](Oc2ccccc2)c3ccc(cc3)c4ccccc4,ODH,7.3,1.0,7.3,train,8.926277,9.721463,10.467877
1317,ODH_charity_0616:row:1317,7620,COc1ccc(cc1)[C@H]([C@H](C)O)N2CCCC2,ODH,9.0,1.0,9.0,train,8.806454,9.327597,9.819911
1553,ODH_charity_0616:row:1553,8817,Cc1cc2C[C@H](/C=C/c3ccc(Cl)cc3)N(c2cc1C)[S](=O)(=O)C(F)(F)F,ODH,12.0,0.5,6.0,train,5.472757,5.8931766,6.319561
4910,ODH_charity_0616:row:4910,25536,COC(=O)[C@@H](F)\C=C\c1ccccc1C=C,ODH,9.7,1.0,9.7,train,9.953715,10.442328,10.925845
4661,ODH_charity_0616:row:4661,24538,CCCCC[C@H](C=C)n1ccc2cc(ccc12)c3ccccc3,ODH,7.3,1.0,7.3,train,7.4123864,7.964155,8.513219
467,ODH_charity_0616:row:467,2563,C[C@H](CC(=O)c1ccccc1)[S](=O)(=O)c2ccc(Cl)cc2,ODH,16.0,1.0,16.0,train,15.216071,15.829948,16.362188
3711,ODH_charity_0616:row:3711,20644,Cc1ccccc1[C@H](O)c2ccccc2,ODH,45.01,1.0,45.01,train,43.33383,44.31871,45.261326
4903,ODH_charity_0616:row:4903,25521,CCCCC[C@H](C=C)n1ccc2ccc(OC)cc12,ODH,8.7,1.0,8.7,train,8.465892,8.954936,9.459365
3001,ODH_charity_0616:row:3001,16548,CC(=O)[C@H](C(C(=O)\C=C(/C)c1ccccc1)c2ccccc2)C(=O)c3ccccc3,ODH,23.4,0.6,14.04,train,13.244502,14.04644,14.717746
520,ODH_charity_0616:row:520,3076,CCC[C@@H]1Nc2ccccc2NC1=O,ODH,14.8,1.0,14.8,train,14.104418,14.648297,15.132918
278,ODH_charity_0616:row:278,1603,C[C@@H]1N[S](=O)(=O)Oc2ccc(C)cc12,ODH,8.1,0.8,6.48,train,5.935893,6.1412864,6.4443774
3609,ODH_charity_0616:row:3609,20092,COc1ccc(cc1)[C@H]2N(C)CCc3ccccc23,ODH,4.4,1.0,4.4,train,4.535429,4.887179,5.187096
2518,ODH_charity_0616:row:2518,13854,CC(C)C[C@H](C=C)c1n2ccccc2cc1c3ccccc3,ODH,12.716,1.0,12.716,train,13.941213,14.546647,15.133974
866,ODH_charity_0616:row:866,4935,O[C@H](C[N+]([O-])=O)c1sccc1,ODH,23.948,0.8,19.1584,train,18.603264,19.035095,19.384745
3043,ODH_charity_0616:row:3043,16907,O[C@]1([C@H](C=C)c2ccccc2F)C(=O)N(Cc3cccc4ccccc34)c5ccccc15,ODH,16.676,1.0,16.676,train,15.2531185,16.064606,16.87746
113,ODH_charity_0616:row:113,625,COC(=O)[C@@]1(N[C@@H]([C@H]([C@@H]1[N+]([O-])=O)c2ccc(Cl)cc2)c3ccccc3)c4ccccc4,ODH,8.164,1.0,8.164,train,7.6445465,8.43536,9.049617
4929,ODH_charity_0616:row:4929,25628,Clc1ccc2sc(SC[C@H](CN(Cc3ccccc3)C(c4ccccc4)c5ccccc5)OCc6ccccc6)nc2c1,ODH,9.8,1.0,9.8,train,11.065743,11.90942,12.699345
4809,ODH_charity_0616:row:4809,25150,CCOC(=O)[C@H]1[C@H](c2ccccc2)c3ccccc3OC1=O,ODH,10.4,0.7,7.28,train,7.364583,7.8273797,8.234817
2859,ODH_charity_0616:row:2859,15830,FC(F)(F)c1ccc(cc1)[C@H]2CCCC(=O)C2,ODH,21.7,0.5,10.85,train,10.605328,11.025395,11.512087
4913,ODH_charity_0616:row:4913,25543,C[C@@](C\C=C\C=C\c1ccccc1)(C=O)c2ccc(cc2)C(F)(F)F,ODH,11.554,1.0,11.554,train,10.875854,11.461857,12.027662
2487,ODH_charity_0616:row:2487,13776,Clc1ccc(cc1)[C@@H]2CNc3ccccc3N2,ODH,28.7,0.6,17.22,train,17.061052,17.766344,18.488298
605,ODH_charity_0616:row:605,3494,CCOC(=O)[C@H](CCOCc1ccccc1)CC=O,ODH,16.2,1.0,16.2,train,15.72325,16.34932,16.88784
1089,ODH_charity_0616:row:1089,6400,N[C@@H](C[C@](O)(CC(F)(F)F)c1ccccc1)c2ccccc2,ODH,56.23,0.8,44.984,train,43.06592,44.260895,45.248123
65,ODH_charity_0616:row:65,423,CC1(C)CN(C(=S)Nc2ccc(Cl)cc2)[C@](C)(C1)c3ccccc3,ODH,6.38,1.0,6.38,train,5.539938,5.966677,6.3647275
977,ODH_charity_0616:row:977,5616,COc1ccc(cc1)[C@@H](CCO)C[N+]([O-])=O,ODH,27.28,1.0,27.28,train,26.562822,27.374868,27.976799
63,ODH_charity_0616:row:63,417,FC(F)(F)c1ccc(CN[C@@H](\C=C\c2ccccc2)c3ccccc3)cc1,ODH,6.309,1.0,6.309,train,6.2382793,6.6595407,7.068461
607,ODH_charity_0616:row:607,3496,CC(C)(C)OC(=O)N1CCC[C@@H](CC1=O)c2ccccc2,ODH,16.2,1.0,16.2,train,15.293194,15.84812,16.398558
2576,ODH_charity_0616:row:2576,14105,CCC1(CC)[C@@H](CCC1=O)c2ccccc2,ODH,18.57,1.0,18.57,train,18.716513,19.432806,20.11916
2228,ODH_charity_0616:row:2228,12266,CCCCC[C@@H](C=C)c1c[nH]c2ccccc12,ODH,15.9,1.0,15.9,train,16.817156,17.491795,18.062304
434,ODH_charity_0616:row:434,2386,Cc1cc(C)c(NC[C@@H]2CCc3ccccc3N2)c(C)c1,ODH,10.3,1.0,10.3,train,10.591528,11.023883,11.463911
4183,ODH_charity_0616:row:4183,22656,O[C@@H]([C@H](C=C)c1ccccc1)C(=O)c2ccc3OCOc3c2,ODH,57.0,0.5,28.5,train,26.638073,27.621403,28.233835
3836,ODH_charity_0616:row:3836,21173,C=C1C[C@@](CC#C)(C(=O)O1)c2ccc3ccccc3c2,ODH,5.66,2.0,11.32,train,11.72166,12.431998,13.053769
2002,ODH_charity_0616:row:2002,11145,Cc1cc([C@@H](C(=O)OCc2ccccc2)c3ccc(cc3)c4ccccc4)c(C)n1Cc5ccccc5,ODH,14.5,0.7,10.15,train,11.494247,12.151643,12.649875
2901,ODH_charity_0616:row:2901,15983,C[C@@H](Nc1ccccc1)C(=O)c2ccc(Br)cc2,ODH,22.0,1.0,22.0,train,22.927502,23.649635,24.346838
1677,ODH_charity_0616:row:1677,9470,CC(=C)C[C@@]1(C)CC(=NO1)c2ccc3OCCOc3c2,ODH,13.43,0.8,10.744,train,10.525766,10.98458,11.432702
3618,ODH_charity_0616:row:3618,20129,C1CCC(CC1)C[C@@H]2CCC(=N2)c3ccccc3,ODH,4.3,1.0,4.3,train,5.0104,5.531933,5.9821844
3759,ODH_charity_0616:row:3759,20877,O=C([C@](C1=CC=CC=C12)(C#CC3=CC=C(C(OC)=O)C=C3)NS2(=O)=O)OCC,ODH,60.2,0.5,30.1,train,28.06043,28.837738,29.619814
537,ODH_charity_0616:row:537,3201,CC(C)=CCC[C@@H]1CCc2ccccc2N1,ODH,17.5,0.5,8.75,train,9.6778555,10.188041,10.707759
579,ODH_charity_0616:row:579,3380,O=C1Nc2ccccc2N[C@@H]1c3ccccc3,ODH,27.1,1.0,27.1,train,24.539064,25.263563,25.941107
2693,ODH_charity_0616:row:2693,14891,COC(=O)c1ccc(cc1)c2oc(C)c3Cc4ccccc4N5CCOC[C@@H]5c23,ODH,19.8,0.6,11.88,train,11.329869,11.932041,12.514848
1550,ODH_charity_0616:row:1550,8791,O[C@@H]/1CCCC1=C/c2cccc3ccccc23,ODH,117.9,0.5,58.95,train,55.19555,56.339493,57.45036
383,ODH_charity_0616:row:383,2086,FC(F)(F)CCCc1ccccc1[C@H](NC(=O)c2ccccc2)c3cn(Cc4ccc(Br)cc4)c5ccccc35,ODH,9.32,1.0,9.32,train,8.731016,9.693264,10.422087
1645,ODH_charity_0616:row:1645,9342,CCCC[C@@H]1[C@H](C)c2ccccc2[S](=O)(=O)N1Cc3ccccc3,ODH,12.5,0.7,8.75,train,8.512828,9.047855,9.447741
4527,ODH_charity_0616:row:4527,24069,Cc1ccc(cc1)[S](=O)(=O)N2C[C@H](C=C)N(c3cc(Br)ccc3C2=O)[S](C)(=O)=O,ODH,8.36,1.0,8.36,train,7.017949,7.4769983,7.9584713
3796,ODH_charity_0616:row:3796,21019,O1C=C[C@H](c2ccccc2)c3ccccc13,ODH,5.3,1.0,5.3,train,5.394678,5.727987,6.0314693
663,ODH_charity_0616:row:663,3810,Cc1cccc(c1)[C@H](O)CCl,ODH,14.3,1.0,14.3,train,14.751865,15.101475,15.427512
836,ODH_charity_0616:row:836,4803,COc1ccc2cc(ccc2c1)[C@H](C)C#N,ODH,24.0,1.0,24.0,train,23.53463,24.252043,24.932497
1426,ODH_charity_0616:row:1426,8221,Cc1ccc(\C=C\[C@H]2COc3ccccc3O2)cc1,ODH,12.96,1.0,12.96,train,13.745476,14.343336,14.846351
4050,ODH_charity_0616:row:4050,22085,Cc1ccc(cc1)c2oc(C)c3Cc4ccccc4N5CCOC[C@@H]5c23,ODH,6.4,0.8,5.12,train,4.857384,5.4255114,5.9527125
3244,ODH_charity_0616:row:3244,18142,CC(C)[C@H](COC=O)c1ccccc1,ODH,33.8,0.5,16.9,train,16.991827,17.505688,17.92349
2008,ODH_charity_0616:row:2008,11176,COc1ccc(cc1)[C@H]2CCc3ccccc3N2,ODH,14.53,1.0,14.53,train,13.77096,14.235904,14.8117285
2768,ODH_charity_0616:row:2768,15372,O[C@H](C(O)=O)c1cccc(Cl)c1,ODH,15.44,0.8,12.352,train,12.761004,13.13261,13.472057
3458,ODH_charity_0616:row:3458,19183,O=C1Nc2ccccc2[C@@]13CCN(C3)C(=O)c4ccccc4,ODH,33.0,1.0,33.0,train,30.237242,31.150076,31.875002
1567,ODH_charity_0616:row:1567,8922,CC(C)[C@@H]1C=Cc2ccccc2N1[S](C)(=O)=O,ODH,12.1,0.5,6.05,train,6.1490793,6.413466,6.6899366
3579,ODH_charity_0616:row:3579,19969,CCOC(=O)c1ccc2N[C@@H]([C@@H]3CCO[C@@H]3c2c1)c4ccccc4,ODH,32.3,1.0,32.3,train,29.420746,30.43485,31.237125
2457,ODH_charity_0616:row:2457,13587,CCC[C@@H](C=C)C(Cc1ccccc1)(C#N)C#N,ODH,17.752,0.5,8.876,train,7.8263736,8.306811,8.763316
4761,ODH_charity_0616:row:4761,24975,O=C(OCc1ccccc1)[C@H](Oc2ccc(cc2)c3ccccc3)c4ccccc4,ODH,22.9,1.0,22.9,train,18.202454,19.089333,19.928946
48,ODH_charity_0616:row:48,365,COc1cccc2[C@@H](CCOc12)CC(=O)NC(C)(C)c3ccccn3,ODH,12.3,1.0,12.3,train,12.6437845,13.207776,13.687572
3675,ODH_charity_0616:row:3675,20406,CCOC(=O)[C@]1(N[S](=O)(=O)c2ccc(OC)cc12)C#Cc3ccccc3,ODH,41.6,0.5,20.8,train,20.043467,20.797037,21.426586
3291,ODH_charity_0616:row:3291,18346,C=C[C@H](CCc1ccccc1)c2c[nH]c3ccccc23,ODH,29.4,1.0,29.4,train,29.497324,30.37698,31.188198
441,ODH_charity_0616:row:441,2401,CCOC(=O)[C@H]1COc2ccccc2O1,ODH,14.6,1.0,14.6,train,13.47008,14.067717,14.638127
705,ODH_charity_0616:row:705,4040,CC(C)(NC(=O)C[C@@H](CCc1ccccc1)c2ccc(Cl)cc2)c3ccccn3,ODH,18.8,0.5,9.4,train,9.524942,9.935056,10.288755
4324,ODH_charity_0616:row:4324,23280,CC(C)(C)OC(=O)[C@](O)(SCc1ccccc1)[Si](C)(C)c2ccccc2,ODH,13.93,1.0,13.93,train,10.697167,11.176524,11.735478
4624,ODH_charity_0616:row:4624,24425,CC(C)(C)OC[C@@](N)(C\C=C\c1ccccc1)C(=O)OC(C)(C)C,ODH,8.7,1.0,8.7,train,7.5105577,8.059647,8.500622
1096,ODH_charity_0616:row:1096,6523,CC[C@@H]1Nc2ccccc2C[C@H]1C,ODH,84.6,0.15,12.69,train,11.9164,12.402687,12.912851
3909,ODH_charity_0616:row:3909,21462,COC(=O)C[C@@H](O)c1ccc(F)cc1,ODH,41.5,0.5,20.75,train,19.15486,19.865162,20.404076
1326,ODH_charity_0616:row:1326,7666,CCC1(CC)OC[C@H](CO)Oc2ccccc12,ODH,11.0,1.0,11.0,train,10.846705,11.23352,11.591241
2207,ODH_charity_0616:row:2207,12171,CC[C@@H](\C=C\c1cscc1)C#Cc2ccc(cc2)C#N,ODH,14.6,0.5,7.3,train,7.2027645,7.7350216,8.2630005
2149,ODH_charity_0616:row:2149,11807,CC[C@]1(CO)CCCOC1,ODH,15.3,1.0,15.3,train,14.938429,15.373412,15.663045
1405,ODH_charity_0616:row:1405,8089,CC(=C)[C@H]1CN(C(=C1)c2ccccc2)[S](=O)(=O)c3ccc(C)cc3,ODH,11.33,0.8,9.064,train,9.098216,9.392255,9.673744
3544,ODH_charity_0616:row:3544,19756,CC(=O)C1=C(C)OC(=O)C[C@@H]1c2ccccc2C,ODH,33.0,0.75,24.75,train,23.3125,24.08918,24.857452
346,ODH_charity_0616:row:346,1911,CC(C)(O)C[C@H]1CCc2ccccc2N1,ODH,11.1,1.0,11.1,train,9.512324,10.054329,10.56837
4015,ODH_charity_0616:row:4015,21967,COC(=O)[C@@H](O)c1ccc(Cl)cc1,ODH,6.26,2.0,12.52,train,13.308338,13.834755,14.3216
4391,ODH_charity_0616:row:4391,23567,CC[C@]1(N(c2cc(C)c(C)cc2C1=C)[S](=O)(=O)C(F)(F)F)c3ccc(Br)cc3,ODH,7.92,0.5,3.96,train,3.786987,4.209989,4.6221285
1977,ODH_charity_0616:row:1977,11016,C=C[C@H](c1ccccc1)c2n3ccccc3cc2c4ccccc4,ODH,14.349,0.7,10.0443,train,11.18326,11.67023,12.121778
449,ODH_charity_0616:row:449,2457,C[C@@H](CC=O)c1ccccc1F,ODH,14.2,1.0,14.2,train,13.287563,13.709676,14.095654
2961,ODH_charity_0616:row:2961,16353,O[C@@H]([C@H](C=C)c1cccc(Cl)c1)C(=O)c2ccccc2,ODH,26.4,0.5,13.2,train,13.403312,13.946395,14.487143
2954,ODH_charity_0616:row:2954,16268,CCCCC[C@@H](C=C)c1c[nH]c2ccc(cc12)C(=O)OC,ODH,22.7,1.0,22.7,train,23.727179,24.574863,25.372837
1296,ODH_charity_0616:row:1296,7499,CCc1ccc(cc1)[C@@H](O)C(O)=O,ODH,10.89,0.8,8.712,train,9.299302,9.756767,10.187032
4059,ODH_charity_0616:row:4059,22132,Cc1ccc(cc1)[C@H](Oc2ccccc2)C(=O)OCc3ccccc3,ODH,13.8,1.0,13.8,train,7.284777,8.000228,8.639016
1456,ODH_charity_0616:row:1456,8365,F[C@H]1CCc2ccccc2C1=O,ODH,10.9,1.0,10.9,train,10.307925,10.613147,10.963303
580,ODH_charity_0616:row:580,3381,O=C1Nc2ccccc2N[C@H]1c3ccccc3,ODH,15.8,1.0,15.8,train,14.512723,15.054648,15.507953
190,ODH_charity_0616:row:190,1049,F[C@@H]1CCCO[C@]1(C(=O)c2ccc(Cl)cc2)c3ccc(Cl)cc3,ODH,8.55,1.0,8.55,train,7.920042,8.575203,9.20895
4658,ODH_charity_0616:row:4658,24524,Clc1ccc(cc1)[C@H](Oc2ccccc2)C(=O)OCc3ccccc3,ODH,8.8,0.7,6.16,train,6.006422,6.571119,7.108966
2379,ODH_charity_0616:row:2379,13146,CCCCCCCCCCC(=C)[C@@H](CCC)Nc1ccc(OC)cc1,ODH,16.274,0.3,4.8822,train,5.408636,6.0501847,6.585055
2247,ODH_charity_0616:row:2247,12375,CC(C)[C@H](CC(C)=O)c1ccccc1,ODH,16.0,0.5,8.0,train,8.428181,8.652515,8.89983
3027,ODH_charity_0616:row:3027,16794,OC[C@H](O)c1occc1,ODH,24.0,0.9,21.6,train,21.623281,22.10797,22.514078
3373,ODH_charity_0616:row:3373,18760,CN1C(=O)[C@]2(OC(=O)c3cccc4ccn2c34)c5ccccc15,ODH,15.3,0.8,12.24,train,11.414966,12.075623,12.666641
3638,ODH_charity_0616:row:3638,20228,COC(=O)[C@@H](O)c1ccccc1OC,ODH,4.88,2.0,9.76,train,9.305064,9.680423,10.011947
4361,ODH_charity_0616:row:4361,23451,C[C@H](CC(C)=O)\C=C\c1sc(C)cc1,ODH,8.52,0.8,6.816,train,7.074983,7.241529,7.4613056
2145,ODH_charity_0616:row:2145,11803,C[C@H](C(=O)OC(c1ccccc1)c2ccccc2)c3ccc(c(F)c3)c4ccccc4,ODH,15.3,0.5,7.65,train,7.0922875,7.8294573,8.388725
4881,ODH_charity_0616:row:4881,25429,C1[C@@H](Oc2ccccc2[C@@H]1c3sccc3)Sc4ccccc4,ODH,9.1,1.0,9.1,train,8.256003,8.673809,9.135349
2291,ODH_charity_0616:row:2291,12650,C[C@](C\C=C\C=C\c1ccccc1)(C=O)c2ccc(cc2)c3ccccc3,ODH,16.343,1.0,16.343,train,16.047848,16.701256,17.251177
4908,ODH_charity_0616:row:4908,25532,COC(=O)[C@@H](F)\C=C\c1ccc(F)cc1,ODH,9.7,1.0,9.7,train,9.38709,9.746935,10.01471
3903,ODH_charity_0616:row:3903,21412,CC(C)(C)c1ccc(cc1)[C@@H]2NCCNC2=O,ODH,34.3,1.0,34.3,train,33.76476,34.34503,34.986267
1078,ODH_charity_0616:row:1078,6307,COc1cccc(OC)c1NC[C@@H]2CCc3ccccc3N2,ODH,46.1,1.0,46.1,train,44.81494,45.96406,46.87308
2542,ODH_charity_0616:row:2542,13979,CC[C@@](O)(N(C)Cc1ccccc1)c2occc2,ODH,18.38,0.5,9.19,train,8.819998,9.159473,9.521497
4294,ODH_charity_0616:row:4294,23134,CCC[C@H](Nc1ccccc1)C=C,ODH,7.5,1.0,7.5,train,5.6452475,6.077972,6.5057406
1367,ODH_charity_0616:row:1367,7862,O[C@H]/1CCC1=C/c2cccc(Cl)c2,ODH,11.154,0.8,8.9232,train,8.199121,8.57969,8.957024
982,ODH_charity_0616:row:982,5655,CC(C)(NC(=O)C[C@H]1CCOc2ccc(F)cc12)c3ccccn3,ODH,31.6,0.65,20.54,train,18.960384,19.69199,20.295555
3210,ODH_charity_0616:row:3210,18007,CC(C)C[C@H]1CC(=O)N(Cc2ccccc2)C1=O,ODH,30.6,0.5,15.3,train,14.342508,14.702941,14.980717
3099,ODH_charity_0616:row:3099,17245,C[C@H](COC=O)c1ccccc1C,ODH,26.5,0.5,13.25,train,13.19476,13.654597,14.115705
180,ODH_charity_0616:row:180,1017,Cc1ccc(cc1)C(=O)[C@@]2(OCCC[C@H]2Br)c3ccc(C)cc3,ODH,8.47,1.0,8.47,train,7.805879,8.190617,8.711371
1252,ODH_charity_0616:row:1252,7290,CC(C)(C)OC(=O)N1OCC[C@@H]1Cc2ccc(C=O)cc2,ODH,9.532,0.8,7.6256,train,8.089984,8.350385,8.72484
864,ODH_charity_0616:row:864,4931,COc1ccc(cc1)[C@@H](O)CBr,ODH,23.9,1.0,23.9,train,24.114431,24.535763,24.920788
3259,ODH_charity_0616:row:3259,18215,CC(=O)C1=C(C)OC(=O)C[C@H]1c2ccc(cc2)[N+]([O-])=O,ODH,28.8,0.7,20.16,train,19.81384,20.484348,20.838406
4130,ODH_charity_0616:row:4130,22364,CCCC(=O)O\C(c1ccccc1)=C\2[C@@H]([C@H](C)C=C2c3ccccc3)c4sccc4,ODH,6.8,0.7,4.76,train,4.313491,4.9721885,5.630253
2006,ODH_charity_0616:row:2006,11149,CCOC(=O)[C@H](CC=O)c1c[nH]c2ccccc12,ODH,14.5,1.0,14.5,train,14.477186,15.166183,15.803203
1135,ODH_charity_0616:row:1135,6711,Clc1ccc2OC(=O)[C@@H](Nc2c1)c3ccccc3,ODH,10.1,0.7,7.07,train,9.387569,9.977088,10.464381
3436,ODH_charity_0616:row:3436,19093,CCC[C@H](Nc1ccc(OC)cc1)C(=C)CCCCCCCCCOCc2ccccc2,ODH,32.459,0.5,16.2295,train,15.9785185,16.914835,17.742596
2987,ODH_charity_0616:row:2987,16499,CCCCC[C@@H](C=C)n1ccc2cc(ccc12)C#N,ODH,23.3,0.5,11.65,train,11.571341,12.176262,12.707731
1241,ODH_charity_0616:row:1241,7257,COC(=O)[C@H](O)c1ccc2ccccc2c1,ODH,9.76,2.0,19.52,train,14.838363,15.4978075,16.085644
2805,ODH_charity_0616:row:2805,15547,CCOC(=O)CN1C(=O)OC[C@]1(CC=C)c2ccccc2,ODH,35.4,0.8,28.32,train,25.713093,26.49475,27.269976
1785,ODH_charity_0616:row:1785,9998,CC(C)(C)OC(=O)[C@@](C)(N)C\C=C\c1cccc(Cl)c1,ODH,11.1,0.5,5.55,train,6.2798533,6.7469234,7.277729
2578,ODH_charity_0616:row:2578,14115,O[C@@H]([C@@H](C=C)c1ccc(cc1)C(F)(F)F)C(=O)c2ccccc2,ODH,13.6,0.5,6.8,train,6.111378,6.516667,6.919364
773,ODH_charity_0616:row:773,4362,CCOC(=O)[C@@H]1N[S](=O)(=O)Oc2ccc(OC)cc12,ODH,13.0,1.0,13.0,train,13.364885,13.954331,14.415117
1624,ODH_charity_0616:row:1624,9226,C=C[C@@H](C1CC1)n2ccc3ccccc23,ODH,12.9,0.5,6.45,train,5.752344,6.216839,6.66589
3242,ODH_charity_0616:row:3242,18140,C[C@]1(CC#Cc2ccc(cc2)C#N)CN(Cc3ccccc3)C(=O)c4ccccc14,ODH,33.6,1.0,33.6,train,31.7306,32.614315,33.386726
4583,ODH_charity_0616:row:4583,24284,COC(=O)[C@H](OCC=C)c1ccccc1,ODH,7.69,1.0,7.69,train,6.51282,6.9190164,7.264926
1587,ODH_charity_0616:row:1587,8988,CCOC(=O)N1[C@@H](C[C@](C)(N1C(C)=O)c2ccccc2)c3ccccc3,ODH,12.13,1.0,12.13,train,11.897682,12.421176,12.959753
2433,ODH_charity_0616:row:2433,13403,CCC[C@@]1(COc2ccccc12)CC3=CCCC3,ODH,9.9,0.75,7.425,train,7.7605495,8.361031,8.8588915
792,ODH_charity_0616:row:792,4577,O[C@H](C[N+]([O-])=O)c1ccccc1,ODH,21.602,0.8,17.2816,train,17.231514,17.627333,17.959461
2549,ODH_charity_0616:row:2549,14008,C[C@@]12Cc3ccccc3N=C1c4c(O)cc(cc4C2=O)c5ccccc5,ODH,23.8,0.75,17.85,train,15.623364,16.310465,16.94845
970,ODH_charity_0616:row:970,5572,FC(F)(F)c1cc(cc(c1)C(F)(F)F)[C@@H]2COC(=O)N2,ODH,30.4,1.0,30.4,train,29.33907,30.289894,30.918617
915,ODH_charity_0616:row:915,5152,C1CCC(CC1)[C@@H]2CCc3ccccc3N2,ODH,18.4,0.5,9.2,train,8.992746,9.622953,10.202542
2753,ODH_charity_0616:row:2753,15203,CC(=O)SC[C@H](CO)c1ccccc1,ODH,20.5,1.0,20.5,train,19.974907,20.455667,20.812292
1048,ODH_charity_0616:row:1048,6148,[O-][N+](=O)c1ccc(cc1)C(=O)C[C@@H]2CCCCN2C(=O)OCc3ccccc3,ODH,42.0,0.5,21.0,train,21.14637,22.275494,22.99706
923,ODH_charity_0616:row:923,5194,COc1cccc(c1)[C@H]2CCc3ccccc3N2,ODH,28.1,0.6,16.86,train,16.301945,16.801247,17.351704
4269,ODH_charity_0616:row:4269,23030,CCOC(=O)[C@H](Oc1ccccc1)c2ccccc2,ODH,15.6,1.0,15.6,train,9.900432,10.460075,10.990462
835,ODH_charity_0616:row:835,4776,CCOC(=O)C[C@@H](Sc1ccc(C)cc1)c2ccc3ccccc3c2,ODH,22.9,1.0,22.9,train,21.852303,22.562565,23.242092
1479,ODH_charity_0616:row:1479,8421,COc1ccc(cc1)[C@@H]2Nc3ccccc3OC2=O,ODH,11.6,0.7,8.12,train,8.172406,8.757426,9.2489805
1928,ODH_charity_0616:row:1928,10719,COc1cccc(c1)[C@@H](C)O,ODH,11.55,1.0,11.55,train,11.591865,11.934725,12.238759
455,ODH_charity_0616:row:455,2463,Fc1ccc2OC(=O)[C@@H](Nc2c1)c3ccccc3,ODH,21.0,1.0,21.0,train,16.383625,17.041214,17.531923
813,ODH_charity_0616:row:813,4669,CC(C)(NC(=O)C[C@H](CCc1ccccc1)c2ccc(F)c(F)c2)c3ccccn3,ODH,24.6,0.5,12.3,train,11.1788225,11.722649,12.245484
1508,ODH_charity_0616:row:1508,8537,O[C@@H](c1ccccc1)C(=O)c2ccccc2,ODH,11.73,1.0,11.73,train,11.438239,12.009658,12.492623
3507,ODH_charity_0616:row:3507,19508,CC[C@@H]1C=Cc2cc(C)c(C)cc2[C@H]1O,ODH,37.85,1.0,37.85,train,36.018864,37.052048,37.93425
4529,ODH_charity_0616:row:4529,24073,CC(C)(C)OC(=O)N1OCC[C@@H]1Cc2ccc(F)cc2,ODH,7.331,0.8,5.8648,train,4.891074,5.1338267,5.4105844
226,ODH_charity_0616:row:226,1320,CCOC(=O)C[C@H](Sc1ccc(C)cc1)c2cccc(C)c2,ODH,13.4,1.0,13.4,train,14.913586,15.51925,16.16444
911,ODH_charity_0616:row:911,5136,Cc1cccc(NC[C@@H]2CCc3ccccc3N2)c1,ODH,22.8,1.0,22.8,train,22.18117,22.842955,23.502838
1221,ODH_charity_0616:row:1221,7161,N#CC1=C(O[C@H]2C=CCC[C@@H]12)C3CC3,ODH,12.588,1.0,12.588,train,11.400546,12.109855,12.714006
3860,ODH_charity_0616:row:3860,21251,CN1CCc2ccccc2[C@H]1c3ccccc3,ODH,5.8,0.7,4.06,train,4.517267,4.79947,5.065028
1169,ODH_charity_0616:row:1169,6934,CC[C@]1(N(c2cc(OC)ccc2C1=C)[S](=O)(=O)C(F)(F)F)c3ccccc3,ODH,10.3,0.5,5.15,train,4.7499743,5.269062,5.6893964
586,ODH_charity_0616:row:586,3405,CC1(C)CN(C(=O)Nc2cc(cc(c2)C(F)(F)F)C(F)(F)F)[C@](CN)(C1)c3ccccc3,ODH,15.81,0.8,12.648,train,12.604317,13.351953,14.01971
2000,ODH_charity_0616:row:2000,11135,CCCCCC/C=C/[C@H]1Cc2cc(C)c(C)cc2N1[S](=O)(=O)C(F)(F)F,ODH,14.5,0.5,7.25,train,7.1038938,7.6545973,8.141535
660,ODH_charity_0616:row:660,3785,CC(=O)Nc1ccc(cc1)[C@@H]2CCc3ccccc3N2,ODH,17.5,0.6,10.5,train,10.443763,10.989505,11.570745
2425,ODH_charity_0616:row:2425,13344,COc1ccc(OC)c(c1)[C@H](O)C(O)=O,ODH,14.92,0.8,11.936,train,11.633677,12.075155,12.489207
370,ODH_charity_0616:row:370,2008,CCOC(=O)C[C@@H](B1OC(C)(C)C(C)(C)O1)c2ccc3ccccc3c2,ODH,11.3,0.5,5.65,train,4.1522374,4.489961,4.928072
1453,ODH_charity_0616:row:1453,8351,COc1ccc(cc1)C2=NO[C@H](CC(C)=C)C2,ODH,11.59,0.8,9.272,train,8.931446,9.168022,9.446083
4880,ODH_charity_0616:row:4880,25426,Fc1ccc2O[C@@H]3OCC[C@H]3c2c1,ODH,9.6,1.0,9.6,train,8.582129,9.075837,9.464311
1234,ODH_charity_0616:row:1234,7234,CN1C(=O)[C@H](Nc2ccccc12)c3ccc(Br)cc3,ODH,17.2,1.0,17.2,train,19.055084,19.604307,20.10945
4629,ODH_charity_0616:row:4629,24449,O[C@@H]/1CCCC1=C/c2ccc(F)cc2,ODH,9.9,1.0,9.9,train,9.150469,9.53447,9.887794
4611,ODH_charity_0616:row:4611,24398,Cc1cc([C@H](C(=O)OCc2ccccc2)c3ccc(F)cc3)c(C)n1Cc4ccccc4,ODH,10.0,0.7,7.0,train,7.3641076,7.792926,8.18255
4042,ODH_charity_0616:row:4042,22071,CCCC(=O)O\C(c1ccccc1)=C\2[C@@H]([C@H](C)C=C2c3ccccc3)c4ccccc4,ODH,6.4,0.7,4.48,train,4.538095,5.15505,5.754705
1134,ODH_charity_0616:row:1134,6710,Clc1ccc2OC(=O)[C@H](Nc2c1)c3ccccc3,ODH,14.7,0.7,10.29,train,8.885527,9.523166,10.09116
268,ODH_charity_0616:row:268,1532,Cc1cccc(c1)[C@@H]2Nc3ccccc3OC2=O,ODH,15.4,1.0,15.4,train,12.817844,13.554625,14.234751
281,ODH_charity_0616:row:281,1606,Cc1ccc2OC(=O)[C@H](Nc2c1)c3ccccc3,ODH,10.2,1.0,10.2,train,10.394707,11.066495,11.723062
3289,ODH_charity_0616:row:3289,18334,O[C@@]1([C@H](C=C)c2ccc(Cl)cc2)C(=O)N(Cc3cccc4ccccc34)c5ccccc15,ODH,14.121,1.0,14.121,train,13.653503,14.294186,14.873568
1379,ODH_charity_0616:row:1379,7932,CCCCC[C@@H](C=C)c1c([nH]c2ccccc12)c3ccccc3,ODH,11.2,1.0,11.2,train,12.340543,13.095938,13.723709
2944,ODH_charity_0616:row:2944,16221,COc1ccccc1\C=C\[C@H](C)C#Cc2ccc(cc2)C#N,ODH,23.8,0.5,11.9,train,10.556103,11.032243,11.474964
3855,ODH_charity_0616:row:3855,21242,COc1ccc([C@@H](C)c2ccc(cc2)c3ccccc3)c(O[Si](C)(C)C)c1,ODH,5.8,1.0,5.8,train,5.9493003,6.252193,6.4280214
4817,ODH_charity_0616:row:4817,25164,COc1ccc(cc1)[C@@](C)(c2[nH]c3ccccc3c2)c4ccccc4,ODH,11.3,1.0,11.3,train,10.974763,11.532795,12.08159
1284,ODH_charity_0616:row:1284,7441,C[C@@H](N[S](=O)(=O)C(C)(C)C)c1cccc(Br)c1,ODH,8.3,1.0,8.3,train,7.4308877,7.6456375,7.905055
926,ODH_charity_0616:row:926,5205,COc1cccc(c1)[C@H](O)C[N+]([O-])=O,ODH,26.4,1.2,31.68,train,29.944185,30.87317,31.541162
4687,ODH_charity_0616:row:4687,24627,Brc1ccc(CCC(=O)O\C(c2ccccc2)=C\3[C@H]([C@@H](C=C3c4ccccc4)c5ccc(Br)cc5)c6cccc(Br)c6)cc1,ODH,13.1,0.7,9.17,train,8.798597,9.530213,10.264777
4306,ODH_charity_0616:row:4306,23178,Cc1ccc(cc1)[S](=O)(=O)N2C[C@H](C=C)N(c3cc(C)c(C)cc3C2=O)[S](C)(=O)=O,ODH,7.56,1.0,7.56,train,9.17,9.743231,10.297989
4861,ODH_charity_0616:row:4861,25346,CCN(C)C(=O)Oc1cccc(c1)[C@H](C)N(C)C,ODH,16.01,1.0,16.01,train,13.943417,14.481028,15.051169
1346,ODH_charity_0616:row:1346,7775,O[C@H]/1CCCC1=C/c2ccc3ccccc3c2,ODH,11.1,1.0,11.1,train,9.523488,10.045007,10.492968
623,ODH_charity_0616:row:623,3632,CCOC(OCC)[C@@H](N)c1ccc2ccccc2c1,ODH,25.8,0.8,20.64,train,21.938156,22.657635,23.24745
503,ODH_charity_0616:row:503,2963,FC(F)(F)C[C@]1(CC(=NO1)c2ccccc2)c3occc3,ODH,14.43,0.8,11.544,train,9.709522,10.202574,10.756966
4477,ODH_charity_0616:row:4477,23904,C1CSC(SC1)([C@H](C=Cc2ccccc2)c3ccccc3)c4ccccc4,ODH,8.2,1.0,8.2,train,7.5736866,8.137679,8.635761
4210,ODH_charity_0616:row:4210,22765,Brc1ccc(cc1)[C@@H](Oc2ccccc2)C(=O)OCc3ccccc3,ODH,12.4,1.0,12.4,train,9.155769,9.762603,10.252325
4867,ODH_charity_0616:row:4867,25361,Cc1cccc(c1)[C@H]2CCC(=O)C2(C)C,ODH,8.7,1.0,8.7,train,9.520514,9.81297,10.21396
3498,ODH_charity_0616:row:3498,19401,C[C@](CC(=C)c1ccccc1)(C=O)c2ccc(F)cc2,ODH,34.54,1.0,34.54,train,32.894154,33.87345,34.654076
2582,ODH_charity_0616:row:2582,14135,CCOC(=O)[C@H]1[C@H](c2ccccc2)c3ccccc3N(C)C1=O,ODH,21.6,1.0,21.6,train,21.772951,22.544367,23.116894
3493,ODH_charity_0616:row:3493,19372,CC(=O)C1=C(C)OC(=O)C[C@H]1c2ccc(cc2)C(F)(F)F,ODH,34.3,0.7,24.01,train,22.512283,23.274464,24.043179
2579,ODH_charity_0616:row:2579,14116,CCCCCC[C@H]1[C@@H](c2ccc(OC)cc2)c3cc4OCOc4cc3OC1=O,ODH,14.7,0.6,8.82,train,8.242673,8.998682,9.542346
1177,ODH_charity_0616:row:1177,7007,COc1ccc2[C@H](C[S](=O)(=O)Oc2c1)c3ccccc3,ODH,10.4,1.0,10.4,train,11.176217,11.547416,11.916595
634,ODH_charity_0616:row:634,3698,COC(=O)[C@@H]1COc2cc(Br)ccc2O1,ODH,17.1,1.0,17.1,train,15.485661,16.141417,16.681551
860,ODH_charity_0616:row:860,4904,Clc1ccc(cc1Cl)[C@H]2COc3ccccc3N2,ODH,23.8,1.0,23.8,train,22.072676,22.732378,23.398785
1109,ODH_charity_0616:row:1109,6599,Brc1ccc(cc1)[C@@]2(CCC(=O)O2)C(=O)OC(c3ccccc3)c4ccccc4,ODH,10.0,0.75,7.5,train,7.519436,8.177081,8.685492
2973,ODH_charity_0616:row:2973,16432,O=C1[C@@H](Cc2sccc2)Oc3ccccc3N1Cc4ccccc4,ODH,23.1,0.5,11.55,train,9.330611,9.8164425,10.325112
4445,ODH_charity_0616:row:4445,23785,CC[C@]1(N(c2cc(C)c(C)cc2C1=C)[S](=O)(=O)C(F)(F)F)c3ccc(F)cc3,ODH,8.08,1.0,8.08,train,8.168221,8.786785,9.3691225
2554,ODH_charity_0616:row:2554,14027,CC(C)(C)OC(=O)C(C)(C)C[C@H](CCCn1c2ccccc2c3ccccc13)c4ccccc4,ODH,18.42,0.5,9.21,train,9.315376,10.015435,10.630762
3397,ODH_charity_0616:row:3397,18846,COC(=O)/C=C/[C@H](NCc1ccccc1)c2ccc3ccccc3c2,ODH,31.2,0.6,18.72,train,17.439873,18.207525,18.858786
1080,ODH_charity_0616:row:1080,6313,Cc1ccc(C[C@H]2CCCOC2=O)cc1,ODH,45.4,0.5,22.7,train,20.86578,21.407156,22.004833
3406,ODH_charity_0616:row:3406,18903,COc1cccc(c1)[C@@H]2CCc3ccccc3N2,ODH,29.61,0.6,17.766,train,15.879489,16.289461,16.74162
3128,ODH_charity_0616:row:3128,17488,O[C@H](c1ccc2ccccc2c1)C(=O)c3ccc4ccccc4c3,ODH,35.32,1.0,35.32,train,33.93194,35.154118,36.184708
3586,ODH_charity_0616:row:3586,20012,CCCC1=C(N(C(=O)C[C@@H]1c2ccccc2)[S](=O)(=O)c3ccc(C)cc3)c4ccccc4,ODH,35.3,0.5,17.65,train,17.711363,18.425415,18.94038
299,ODH_charity_0616:row:299,1682,FC(F)(F)CCCc1ccccc1[C@H](NC(=O)c2ccccc2)c3cn(Cc4ccccc4)c5ccccc35,ODH,8.04,1.0,8.04,train,7.7286572,8.483831,9.176159
2367,ODH_charity_0616:row:2367,13098,C[C@H](C=C)n1ccc2ccccc12,ODH,18.9,0.5,9.45,train,7.915951,8.255264,8.6407795
2440,ODH_charity_0616:row:2440,13452,FC1=CC=C(C=C1)C[C@H]2NC3=C(C=CC=C3C)C2,ODH,17.5,1.0,17.5,train,16.096645,16.668211,17.33294
4382,ODH_charity_0616:row:4382,23526,CCCc1ccc(C[C@H](B2OC(C)(C)C(C)(C)O2)N3CCOC3=O)cc1,ODH,6.4,1.0,6.4,train,6.4947886,6.9124446,7.4321303
1672,ODH_charity_0616:row:1672,9440,CON1C(=O)c2ccccc2[C@]1(C=C)C3CCCC3,ODH,12.6,0.5,6.3,train,6.455677,6.8508973,7.227005
4405,ODH_charity_0616:row:4405,23647,CCOC(=O)[C@H](CC(=O)c1ccc(Cl)c(Cl)c1)N2N=CC=CC2=O,ODH,73.29,0.5,36.645,train,36.72057,37.89381,38.887398
1892,ODH_charity_0616:row:1892,10553,CCOC(=O)C1=C(C)OC(=O)C[C@H]1c2ccc(Cl)cc2,ODH,7.5,0.7,5.25,train,5.25096,5.6112576,5.936131
152,ODH_charity_0616:row:152,898,CC(C)OC(=O)C[C@@H](B1OC(C)(C)C(C)(C)O1)c2ccccc2,ODH,7.5,0.5,3.75,train,3.2589903,3.665493,4.1516438
1722,ODH_charity_0616:row:1722,9682,CC(C)c1ccc(cc1)[C@@H](O)C(O)=O,ODH,12.84,0.8,10.272,train,10.697418,11.143302,11.624858
210,ODH_charity_0616:row:210,1183,CCOC(=O)C[C@H](B1OC(C)(C)C(C)(C)O1)c2ccccc2,ODH,8.9,0.5,4.45,train,4.1902676,4.5752454,5.049081
1474,ODH_charity_0616:row:1474,8416,Cc1oc(c2cccc3ccccc23)c4[C@@H]5COCCN5c6ccccc6Cc14,ODH,20.6,0.6,12.36,train,11.02181,11.602163,12.214601
4487,ODH_charity_0616:row:4487,23939,CN(C[C@H](CSc1scnn1)C#N)C(c2ccccc2)c3ccccc3,ODH,8.2,1.0,8.2,train,8.573599,9.288086,9.837599
2882,ODH_charity_0616:row:2882,15900,Cc1ccc(cc1)[C@H]2Cc3ccccc3C(=O)C(=N2)c4cc(C)ccc4O,ODH,21.8,0.7,15.26,train,15.659938,16.275915,16.993523
2528,ODH_charity_0616:row:2528,13898,OC[C@@H](CCl)Oc1ccccc1Br,ODH,18.2,1.0,18.2,train,16.908155,17.483004,17.976053
621,ODH_charity_0616:row:621,3622,CO[C@H](NC(=O)c1ccc(Br)cc1)c2ccccc2CCCC(F)(F)F,ODH,20.94,1.0,20.94,train,19.649473,20.3908,21.0355
2921,ODH_charity_0616:row:2921,16107,FC(F)(F)Oc1ccc(C[C@H]2Oc3ccccc3N(Cc4ccccc4)C2=O)cc1,ODH,22.3,0.5,11.15,train,10.274939,10.844434,11.40461
1522,ODH_charity_0616:row:1522,8599,Cc1cc([C@@H](C(=O)OCc2ccccc2)c3ccc4ccccc4c3)c(C)n1Cc5ccccc5,ODH,11.8,0.7,8.26,train,8.243406,8.919671,9.487743
1289,ODH_charity_0616:row:1289,7453,CCOC(=O)[C@H](CC(=O)c1ccc(C)cc1)C(=C)C(C)=O,ODH,10.8,1.0,10.8,train,10.368582,10.829348,11.363619
2180,ODH_charity_0616:row:2180,12060,Fc1ccc(cc1)[C@@H]2CNc3ccccc3N2,ODH,23.0,0.6,13.8,train,12.517864,13.063497,13.55307
3381,ODH_charity_0616:row:3381,18794,C[C@H](COC=O)c1ccccc1,ODH,32.1,0.5,16.05,train,15.432908,15.910707,16.311045
3640,ODH_charity_0616:row:3640,20238,O=C(O[C@H]1C[C@@H](C2=CC=CC(C(F)(F)F)=C2)N3C4=C1C=CC=C4CC[C@@H]3C5=CC=CC=C5)NCC6=CC=CC=C6,ODH,5.82,1.0,5.82,train,5.580034,6.4495096,7.158522
1032,ODH_charity_0616:row:1032,6047,COc1ccc(cc1OC)[C@H]2COC(=O)C2,ODH,41.3,1.0,41.3,train,38.361355,39.176098,39.963223
761,ODH_charity_0616:row:761,4256,O[C@H](CCl)c1ccccc1,ODH,17.6,1.0,17.6,train,17.484343,17.88212,18.200136
1681,ODH_charity_0616:row:1681,9479,CC(=C)C[C@@H]1CC(=NO1)c2ccc(F)cc2,ODH,12.66,0.6,7.596,train,7.4464207,7.7110753,8.026517
417,ODH_charity_0616:row:417,2290,FC(F)(F)C[C@]1(CC(=NO1)c2ccccc2)\C=C\c3ccccc3,ODH,12.17,0.8,9.736,train,9.070439,9.59359,10.099316
421,ODH_charity_0616:row:421,2308,Cc1ccc2[C@@H](O)CCc2c1,ODH,12.2,1.0,12.2,train,13.026217,13.485828,13.927749
468,ODH_charity_0616:row:468,2564,C[C@@H](CC(=O)c1ccccc1)[S](=O)(=O)c2ccc(Cl)cc2,ODH,13.1,1.0,13.1,train,12.367542,12.844619,13.274009
4768,ODH_charity_0616:row:4768,25007,O[C@H]/1CCC1=C/c2ccccc2F,ODH,9.214,0.8,7.3712,train,7.121064,7.4930954,7.793209
4868,ODH_charity_0616:row:4868,25362,Cc1cccc(c1)[C@@H]2CCC(=O)C2(C)C,ODH,9.59,1.0,9.59,train,9.562861,9.832606,10.176787
3742,ODH_charity_0616:row:3742,20800,Cc1ccc(cc1)[C@H]2NCCNC2=O,ODH,47.8,1.0,47.8,train,44.768322,45.694374,46.411556
1246,ODH_charity_0616:row:1246,7264,CC(C)c1ccccc1[C@@H](C#Cc2ccccc2)c3ccc(C)cc3,ODH,11.39,0.8,9.112,train,9.353914,9.714784,10.184759
1490,ODH_charity_0616:row:1490,8452,CCCCCCC1=NO[C@](C)(C1)Cc2ccccc2,ODH,13.66,0.5,6.83,train,6.2839813,6.6872964,7.0750895
1384,ODH_charity_0616:row:1384,7984,Cn1cc([C@@H]2[C@H]([C@H](c3ccccc3)c4c(C)oc(c5ccccc5)c24)c6ccccc6)c7cc(Br)ccc17,ODH,10.09,0.6,6.054,train,6.266986,7.171829,7.888694
3545,ODH_charity_0616:row:3545,19757,CC(=O)C1=C(C)OC(=O)C[C@H]1c2ccccc2C,ODH,37.3,0.75,27.975,train,24.915686,25.731415,26.56439
3212,ODH_charity_0616:row:3212,18019,CCOC(=O)[C@@]1(CC=C)N[S](=O)(=O)c2ccc(OC)cc12,ODH,20.5,0.8,16.4,train,16.547047,17.052809,17.59563
1406,ODH_charity_0616:row:1406,8093,Cc1ccc(cc1)[C@H]2Nc3ccc(C)cc3[C@H]4OCC[C@@H]24,ODH,6.25,1.0,6.25,train,6.598317,7.0094223,7.297651
3490,ODH_charity_0616:row:3490,19366,O[C@@H]([C@H](C=C)c1ccc2ccccc2c1)C(=O)c3ccccc3,ODH,36.4,0.5,18.2,train,18.126577,18.954527,19.64584
2754,ODH_charity_0616:row:2754,15231,C=C[C@H]1CC(=C(O1)\C=C\c2ccccc2)C#N,ODH,16.098,1.0,16.098,train,15.495688,16.238811,16.812466
3473,ODH_charity_0616:row:3473,19253,O=C1C[C@H](CC2CCCCC2)C(=O)N1Cc3ccccc3,ODH,31.0,0.5,15.5,train,13.677814,14.282856,14.849901
4573,ODH_charity_0616:row:4573,24255,C[C@@H](CC(C)=O)\C=C\c1cccc(C)c1,ODH,8.52,0.8,6.816,train,7.0772257,7.3390822,7.5904303
4124,ODH_charity_0616:row:4124,22341,CCc1ccc(cc1)[C@]2(CC)N(c3cc(C)c(C)cc3C2=C)[S](=O)(=O)C(F)(F)F,ODH,6.78,1.0,6.78,train,6.026476,6.5294046,7.0001383
480,ODH_charity_0616:row:480,2660,COc1ccc(cc1)C(=O)[C@@]2(OCCC[C@H]2Br)c3ccc(OC)cc3,ODH,13.47,1.0,13.47,train,13.390719,13.955041,14.558052
2534,ODH_charity_0616:row:2534,13917,CC(C)(C)OC(=O)C(=C)C[C@@](C)(N)C(F)(F)F,ODH,18.223,0.8,14.5784,train,13.185571,13.750432,14.327789
15,ODH_charity_0616:row:15,159,C[C@@]1(CC2(CCCCC2)CN1C(=S)Nc3cc(cc(c3)C(F)(F)F)C(F)(F)F)c4ccc(cc4)c5ccccc5,ODH,4.95,1.0,4.95,train,4.6147933,5.365708,5.9274435
2502,ODH_charity_0616:row:2502,13818,COC(=O)[C@@](C)(N)[C@@H](C=C)c1cc(Cl)cc(Cl)c1,ODH,15.8,0.3,4.74,train,4.2922697,4.752458,5.236121
1685,ODH_charity_0616:row:1685,9505,COc1ccc(cc1)[C@H](C)N[S](=O)(=O)C(C)(C)C,ODH,12.7,1.0,12.7,train,12.590848,12.871015,13.157525
3362,ODH_charity_0616:row:3362,18693,CC(C)(C)OC(=O)C[C@H]1[C@@H](c2ccccc2)c3cc(oc3N(C1=O)[S](=O)(=O)c4ccc(cc4)[N+]([O-])=O)c5ccccc5,ODH,34.5,0.5,17.25,train,17.227913,17.873367,18.660818
1548,ODH_charity_0616:row:1548,8759,FC(F)(F)COC[C@@H](C(=O)c1ccccc1)c2ccccc2,ODH,13.92,1.0,13.92,train,13.448909,14.012236,14.516446
3390,ODH_charity_0616:row:3390,18812,COc1cccc(c1)[C@H](C[N+]([O-])=O)c2ccc(C)cc2,ODH,31.0,1.5,46.5,train,43.30835,44.446705,45.329647
412,ODH_charity_0616:row:412,2262,O=C1CCCC2=C1CC[C@@H](CCc3ccccc3)N2,ODH,12.1,1.0,12.1,train,10.027814,10.719289,11.24228
1390,ODH_charity_0616:row:1390,8018,OC[C@](O)(CCl)C#Cc1ccccc1,ODH,14.2,1.0,14.2,train,13.768916,14.189583,14.581163
4396,ODH_charity_0616:row:4396,23599,C[C@@](C\C=C\C=C\c1ccccc1)(C=O)c2cccc(Cl)c2,ODH,8.448,1.0,8.448,train,8.484664,9.026804,9.585326
2673,ODH_charity_0616:row:2673,14763,FC(F)(F)c1ccc(cc1)[C@H]2CCc3ccccc3N2,ODH,19.61,1.0,19.61,train,19.759245,20.271587,20.829384
993,ODH_charity_0616:row:993,5771,CC(=O)C[C@H]1CCCN1C(=O)OCc2ccccc2,ODH,41.0,0.5,20.5,train,18.504215,19.112087,19.671675
2329,ODH_charity_0616:row:2329,12916,CC[C@@H](C(=O)OC(c1cccc2ccccc12)c3cccc4ccccc34)c5ccccc5,ODH,15.2,0.5,7.6,train,7.5002866,8.196194,8.85611
2034,ODH_charity_0616:row:2034,11345,CC[C@@H]1C=Cc2c(OC)ccc(OC)c2[C@H]1O,ODH,29.95,1.0,29.95,train,29.01072,29.79042,30.404867
1153,ODH_charity_0616:row:1153,6831,CC(C)(C)[P@@](=O)(Cc1ccc(cc1)C#N)c2ccccc2,ODH,10.22,1.0,10.22,train,9.751051,10.103337,10.565435
4286,ODH_charity_0616:row:4286,23075,CCOC(=O)[C@H](C)Oc1ccc2ccccc2c1,ODH,7.44,1.0,7.44,train,8.083924,8.528497,9.018226
1011,ODH_charity_0616:row:1011,5880,COc1cccc(c1)c2ccc(cc2)[C@@H](O)C(F)(F)F,ODH,24.3,1.0,24.3,train,24.779972,25.45295,26.05448
2851,ODH_charity_0616:row:2851,15802,COc1ccccc1C(=O)NN[C@H](C)c2ccccc2,ODH,21.681,1.0,21.681,train,23.19189,23.905628,24.458652
88,ODH_charity_0616:row:88,501,CC1(C)CN(C(=S)Nc2ccc(Br)cc2)[C@@](C)(C1)c3ccccc3,ODH,8.78,1.0,8.78,train,9.030742,9.472144,9.91116
4099,ODH_charity_0616:row:4099,22281,N[C@@H](C#Cc1ccccc1)C(F)(F)F,ODH,6.7,1.0,6.7,train,5.493285,5.8411975,6.2427516
2080,ODH_charity_0616:row:2080,11511,COc1ccc(cc1)[C@@H](C)O,ODH,13.28,1.0,13.28,train,13.392002,13.642526,13.933747
646,ODH_charity_0616:row:646,3733,C[C@@H]1Cc2ccccc2N[C@H]1c3ccccc3,ODH,17.3,0.8,13.84,train,10.605787,11.172504,11.71583
3241,ODH_charity_0616:row:3241,18124,O=COC[C@H](Cc1ccccc1)c2ccccc2,ODH,28.4,0.5,14.2,train,13.791708,14.305468,14.660531
3466,ODH_charity_0616:row:3466,19227,CCC[C@H]1C[C@@H](O)c2ccccc2O1,ODH,35.837,0.5,17.9185,train,18.062292,18.675777,19.266577
2093,ODH_charity_0616:row:2093,11573,CCCCC[C@@H](C=C)n1ccc2cc(C=O)ccc12,ODH,15.0,1.0,15.0,train,14.724478,15.383533,16.000593
1010,ODH_charity_0616:row:1010,5865,O[C@@H](CCCC(=O)Nc1ccccc1)c2sccc2,ODH,34.8,1.0,34.8,train,33.993687,34.86191,35.606834
3882,ODH_charity_0616:row:3882,21340,FC(F)(F)c1cccc(\C=C\[C@H]2COc3ccccc3O2)c1,ODH,6.48,1.0,6.48,train,6.381695,6.8364305,7.3272066
478,ODH_charity_0616:row:478,2646,Cc1ccc(cc1)[C@@H](O)C[S](C)(=O)=O,ODH,13.4,1.0,13.4,train,12.671081,12.937385,13.140387
3752,ODH_charity_0616:row:3752,20865,COc1ccc(cc1)[C@@H]2CC(=O)C(/[C@H]2c3ccc(Br)cc3)=C(\N[S](=O)(=O)c4ccc(OC)cc4)c5ccccc5,ODH,70.3,0.75,52.725,train,53.110123,54.724026,55.96505
3231,ODH_charity_0616:row:3231,18099,CCOC(=O)[C@@]12[C@H](C[C@@H](Cc3ccc(cc3)[N+]([O-])=O)C(=O)N1[S](=O)(=O)c4ccccc24)C(=O)c5ccccc5,ODH,61.0,0.6,36.6,train,35.21161,36.270744,36.86588
435,ODH_charity_0616:row:435,2387,Cc1cc(C)c(NC[C@H]2CCc3ccccc3N2)c(C)c1,ODH,12.5,1.0,12.5,train,13.259905,13.780667,14.251962
3279,ODH_charity_0616:row:3279,18287,N[C@H](C(=[N+]=[N-])C(=O)c1ccc(cc1)C#N)C(F)(F)F,ODH,25.341,1.0,25.341,train,25.500616,26.285913,26.946663
4237,ODH_charity_0616:row:4237,22899,C[C@H]1Cc2cc(C)ccc2N1,ODH,7.2,1.0,7.2,train,7.028874,7.2830796,7.593529
4343,ODH_charity_0616:row:4343,23360,CCC[C@@H]1Cc2ccccc2N1,ODH,9.2,1.0,9.2,train,8.4961605,8.923514,9.375519
2844,ODH_charity_0616:row:2844,15735,Cc1ccc(cc1)[C@@H](C=C)[C@]2(O)C(=O)N(Cc3cccc4ccccc34)c5ccccc25,ODH,8.565,1.0,8.565,train,9.319325,9.921199,10.454547
2229,ODH_charity_0616:row:2229,12267,CC[C@H]1C=Cc2ccccc2[C@@H]1O,ODH,18.2,1.0,18.2,train,18.49589,18.963425,19.454145
909,ODH_charity_0616:row:909,5130,O=C1Oc2cc3ccccc3cc2N[C@H]1c4ccccc4,ODH,35.3,1.0,35.3,train,32.500984,33.59148,34.38674
1185,ODH_charity_0616:row:1185,7040,CSCC[C@](N)(C\C=C\c1ccccc1)C(=O)OC(C)(C)C,ODH,10.4,1.0,10.4,train,9.149201,9.575314,9.996145
3684,ODH_charity_0616:row:3684,20491,COC(=O)[C@@H](Cc1ccc(F)cc1)NC(=O)c2ccccc2OC,ODH,46.1,0.8,36.88,train,37.84132,39.029594,39.957657
653,ODH_charity_0616:row:653,3761,O[C@H](C[N+]([O-])=O)c1ccccc1Br,ODH,17.4,1.2,20.88,train,20.367086,20.985483,21.509619
4811,ODH_charity_0616:row:4811,25152,Cc1cc([C@H](C(=O)OCc2ccccc2)c3ccc(Cl)cc3)c(C)n1Cc4ccccc4,ODH,10.5,0.7,7.35,train,7.2835793,7.8759646,8.421404
1976,ODH_charity_0616:row:1976,11015,C=C[C@@H](c1ccccc1)c2n3ccccc3cc2c4ccccc4,ODH,15.31,0.7,10.717,train,13.226315,13.753879,14.269116
4166,ODH_charity_0616:row:4166,22509,Clc1ccc2C[C@@H](COc2c1)c3ccccc3,ODH,60.1,0.5,30.05,train,28.414251,29.252428,29.99149
2500,ODH_charity_0616:row:2500,13816,O=C1CC[C@@H](Cc2ccccc2)O1,ODH,15.1,1.0,15.1,train,13.607851,14.021833,14.3987665
4812,ODH_charity_0616:row:4812,25153,Cc1cc([C@@H](C(=O)OCc2ccccc2)c3ccc(Cl)cc3)c(C)n1Cc4ccccc4,ODH,9.4,0.7,6.58,train,6.661704,7.1999526,7.6660976
167,ODH_charity_0616:row:167,978,F[C@H]1CCCO[C@]1(C(=O)c2ccc(F)cc2)c3ccc(F)cc3,ODH,9.1,1.0,9.1,train,8.134537,8.715873,9.1522
905,ODH_charity_0616:row:905,5104,O[C@H](C[N+]([O-])=O)c1ccccc1Cl,ODH,25.5,1.1,28.05,train,27.180273,27.799322,28.306862
4595,ODH_charity_0616:row:4595,24327,Cc1ccccc1/C=C/C[C@](C)(N)C(=O)OC(C)(C)C,ODH,4.9,1.0,4.9,train,4.0971446,4.5195217,4.958409
1274,ODH_charity_0616:row:1274,7388,COc1ccc(cc1)C2=C(C[C@@H](O2)C=C)C#N,ODH,15.33,1.0,15.33,train,15.403746,15.970509,16.454239
3164,ODH_charity_0616:row:3164,17710,COC(=O)c1ccc2N([C@@H]3C=C(CC[C@@H]3c2c1)c4ccccc4)[S](=O)(=O)C(F)(F)F,ODH,23.3,0.5,11.65,train,10.637484,11.398791,12.065256
657,ODH_charity_0616:row:657,3782,C[C@H]1Nc2cc(Br)ccc2N(C)C1=O,ODH,7.4,1.0,7.4,train,7.386598,7.6448956,7.9837523
2922,ODH_charity_0616:row:2922,16108,OC[C@H](CCl)\C=C\c1ccccc1,ODH,20.3,1.0,20.3,train,20.147842,20.681849,21.104158
2996,ODH_charity_0616:row:2996,16543,CCc1ccc(cc1)[C@H](C)COC=O,ODH,25.6,0.5,12.8,train,12.280954,12.854817,13.363707
2081,ODH_charity_0616:row:2081,11512,COc1ccc(cc1)[C@H](C)O,ODH,14.92,1.0,14.92,train,15.444451,15.859715,16.268688
1813,ODH_charity_0616:row:1813,10169,OC[C@H]1COC2(CCC2)c3ccccc3O1,ODH,13.4,1.0,13.4,train,10.932854,11.350277,11.778654
3469,ODH_charity_0616:row:3469,19242,COC(=O)[C@]12n3ccc4cccc(C(=O)N1[S](=O)(=O)c5ccccc25)c34,ODH,36.0,0.8,28.8,train,26.914164,27.69111,28.369871
3171,ODH_charity_0616:row:3171,17754,COC(=O)/C=C/[C@H](NCc1ccccc1)c2occc2,ODH,27.0,0.6,16.2,train,15.660192,16.314201,16.87062
2723,ODH_charity_0616:row:2723,15034,Cc1cc(C)cc(c1)[C@@H](C[N+]([O-])=O)c2ccccc2,ODH,20.1,1.0,20.1,train,21.952147,22.716099,23.399632
4646,ODH_charity_0616:row:4646,24502,COc1ccccc1\C=C\[C@@H]2COc3ccccc3O2,ODH,8.79,1.0,8.79,train,7.2216663,7.644793,8.095821
129,ODH_charity_0616:row:129,729,CC(C)OC(=O)C[C@H](B1OC(C)(C)C(C)(C)O1)c2ccccc2,ODH,8.0,0.5,4.0,train,3.515426,3.8739285,4.293271
3918,ODH_charity_0616:row:3918,21488,OCC[C@H](O)c1ccccc1,ODH,52.4,0.6,31.44,train,30.36604,30.969397,31.47393
4253,ODH_charity_0616:row:4253,22950,Fc1ccc(cc1)[C@H](Oc2ccccc2)C(=O)OCc3ccccc3,ODH,7.3,1.0,7.3,train,6.7369714,7.250487,7.643148
204,ODH_charity_0616:row:204,1152,CCCCC[C@@H]1Cc2ccccc2N1,ODH,8.8,0.8,7.04,train,6.396996,6.871213,7.352579
1824,ODH_charity_0616:row:1824,10208,Cc1ccc(cc1C)[C@@H]2Nc3ccccc3OC2=O,ODH,13.4,0.7,9.38,train,8.814098,9.171563,9.604202
246,ODH_charity_0616:row:246,1424,O[C@@H]1CCCCc2ccc(F)cc12,ODH,10.4,1.0,10.4,train,10.378952,10.970332,11.489311
3524,ODH_charity_0616:row:3524,19612,COc1ccccc1O[C@@H](CCO)c2ccccc2,ODH,36.1,0.8,28.88,train,28.354828,29.256697,29.93766
1087,ODH_charity_0616:row:1087,6369,CC(C)OC(=O)[C@]1(CC(=NN1)C(=O)N2CCOC2=O)c3ccccc3,ODH,54.411,0.5,27.2055,train,25.409601,26.2829,27.016747
2325,ODH_charity_0616:row:2325,12883,CCC[C@@H](C=C)c1n2ccccc2cc1c3ccccc3,ODH,16.749,1.0,16.749,train,15.961657,16.685463,17.416376
4088,ODH_charity_0616:row:4088,22232,COc1cccc(c1)[C@H](O)[C@@H](C=C)c2ccccc2,ODH,7.8,1.0,7.8,train,7.6505423,8.0513115,8.474712
4432,ODH_charity_0616:row:4432,23723,C1CCC(CC1)[C@@H]2Cc3ccccc3N2,ODH,8.0,0.8,6.4,train,6.0219812,6.5106626,6.985829
3736,ODH_charity_0616:row:3736,20767,Cc1ccc(cc1)[S](=O)(=O)N2CC[C@@H](C2)c3ccc4ccccc4c3,ODH,47.1,1.0,47.1,train,46.052834,47.116394,48.10983
899,ODH_charity_0616:row:899,5069,OCC[C@H](C[N+]([O-])=O)c1ccccc1,ODH,25.15,1.0,25.15,train,24.192062,24.820202,25.219803
1536,ODH_charity_0616:row:1536,8706,COC(=O)[C@H]1[C@@H](CCC(C)(C)[C@H]1CC(=O)c2cocc2)c3ccccc3,ODH,14.5,0.7,10.15,train,9.741368,10.401113,11.032312
4948,ODH_charity_0616:row:4948,25738,CC1(C)OC[C@H](CO)Oc2ccc(Cl)cc12,ODH,9.9,1.0,9.9,train,9.693796,10.120234,10.496296
3721,ODH_charity_0616:row:3721,20678,Cc1ccc(cc1)[S](=O)(=O)N2CC[C@H](C2)c3ccc(Cl)cc3,ODH,47.2,1.0,47.2,train,46.38788,47.42225,48.287373
3348,ODH_charity_0616:row:3348,18615,Clc1ccc(C[C@H]2Oc3ccccc3N(Cc4ccccc4)C2=O)cc1Cl,ODH,30.3,0.5,15.15,train,13.373383,14.002183,14.605856
3511,ODH_charity_0616:row:3511,19546,Cc1ccc(cc1)[C@H](C[N+]([O-])=O)c2cccc(Cl)c2,ODH,26.3,1.5,39.45,train,33.89592,34.820747,35.424095
4339,ODH_charity_0616:row:4339,23320,COc1cc2[C@@H](c3ccc(C)cc3)C(=C(N)Oc2c4ccccc14)C#N,ODH,7.7,0.7,5.39,train,6.5615335,7.2632837,7.8627357
2153,ODH_charity_0616:row:2153,11856,COC(=O)[C@@H](O)c1ccc(Cl)cc1,ODH,15.33,1.0,15.33,train,15.060719,15.622302,16.142344
1534,ODH_charity_0616:row:1534,8698,CC1(C)OC[C@@H](CO)Sc2ccccc12,ODH,13.4,1.0,13.4,train,13.09577,13.432876,13.707898
4517,ODH_charity_0616:row:4517,24039,CCC[C@@H](C=C)c1n2cc(Br)ccc2cc1c3ccccc3,ODH,8.318,1.0,8.318,train,9.671525,10.354983,11.011122
661,ODH_charity_0616:row:661,3792,N[C@@H](c1cccc(Cl)c1)c2ccccc2O,ODH,11.14,0.7,7.798,train,8.082233,8.520061,8.868268
2727,ODH_charity_0616:row:2727,15041,Brc1ccc(cc1)[C@H]2CCc3ccccc3N2,ODH,20.13,1.0,20.13,train,20.340073,20.82747,21.362791
2386,ODH_charity_0616:row:2386,13165,CCOC(=O)[C@]1(CC=C)N[S](=O)(=O)c2ccc(cc12)C(F)(F)F,ODH,17.1,0.8,13.68,train,13.046155,13.657842,14.166306
3858,ODH_charity_0616:row:3858,21248,O=C([C@H]1OCC=C[C@@H]1c2ccccc2)c3ccccc3,ODH,6.2,1.0,6.2,train,6.2781825,6.667839,7.011959
2965,ODH_charity_0616:row:2965,16400,Fc1ccc(OC(=O)/C=C/[C@@H](C2CCCC2)N3C(=O)C4CC=CCC4C3=O)cc1,ODH,23.0,0.8,18.4,train,18.322521,19.431637,20.148994
3629,ODH_charity_0616:row:3629,20193,CCCCC[C@H](C=C)n1ccc2c(Cl)cccc12,ODH,5.4,1.0,5.4,train,4.860354,5.266291,5.706187
4716,ODH_charity_0616:row:4716,24774,Cc1oc(c2ccccc2)c3[C@H]4COCCN4c5cc(ccc5Cc13)C#Cc6ccccc6,ODH,9.0,0.8,7.2,train,7.4017134,7.9403296,8.406164
1164,ODH_charity_0616:row:1164,6927,CC[C@@]1(N(c2ccccc2C1=C)[S](=O)(=O)C(F)(F)F)c3ccccc3,ODH,8.3,0.5,4.15,train,3.837154,4.2909746,4.6830616
2364,ODH_charity_0616:row:2364,13050,C1Cc2cc(ccc2N[C@H]1c3ccccc3)c4ccccc4,ODH,16.94,1.0,16.94,train,16.939352,17.546423,18.136677
1651,ODH_charity_0616:row:1651,9359,Clc1ccc2N[C@H](CNc2c1)c3ccccc3,ODH,12.5,0.6,7.5,train,9.079257,9.554387,10.012843
126,ODH_charity_0616:row:126,712,Cc1cc(C)c(NC[C@H]2CCc3cccc(C)c3N2)c(C)c1,ODH,7.5,1.0,7.5,train,8.568152,8.898578,9.272606
443,ODH_charity_0616:row:443,2423,O=[S@@](c1ccc(OCc2ccccc2)cc1)c3ccccn3,ODH,15.1,1.0,15.1,train,12.8557625,13.406478,13.97461
2701,ODH_charity_0616:row:2701,14938,Cc1ccc(cc1)[S](=O)(=O)N/C(c2ccccc2)=C3/[C@H]([C@@H](CC3=O)c4ccc(Br)cc4)c5ccccc5,ODH,23.3,0.75,17.475,train,18.17475,19.0317,19.806465
2288,ODH_charity_0616:row:2288,12642,C[C@H](O)[C@H](N1CCN(C)CC1)c2ccccc2,ODH,14.71,1.0,14.71,train,14.183239,14.652086,15.029241
2717,ODH_charity_0616:row:2717,14988,C=C[C@H](C1CC1)c2c[nH]c3ccccc23,ODH,20.0,1.0,20.0,train,19.900547,20.595606,21.246351
2607,ODH_charity_0616:row:2607,14256,CCOC(=O)C[C@H]1[C@@H](c2ccccc2)c3cc(oc3N(C1=O)[S](=O)(=O)c4ccc(C)cc4)c5ccc(Br)cc5,ODH,30.7,0.5,15.35,train,18.08756,18.730955,19.318878
1016,ODH_charity_0616:row:1016,5911,FC(F)(F)C[C@]1(CC(=NO1)c2ccccc2)c3cncnc3,ODH,35.9,0.8,28.72,train,26.270763,27.088037,27.889097
102,ODH_charity_0616:row:102,567,C1CN(CCO1)[C@@H](\C=C\c2ccccc2)c3ccccc3,ODH,6.918,1.0,6.918,train,6.8276114,7.2805386,7.683741
2934,ODH_charity_0616:row:2934,16171,COC(=O)c1ccc(cc1)[C@@](C)(C=O)c2ccc(cc2)c3ccccc3,ODH,22.48,0.6,13.488,train,12.919607,13.354927,13.914892
562,ODH_charity_0616:row:562,3281,CCOC(=O)C[C@@H](Sc1ccc(C)cc1)c2cccc(OC)c2,ODH,15.4,1.0,15.4,train,14.95254,15.421867,15.933206
2774,ODH_charity_0616:row:2774,15382,O[C@H]1CCCC[C@H]1Nc2ccc(Cl)cc2,ODH,15.95,1.0,15.95,train,16.89112,17.384502,17.894938
236,ODH_charity_0616:row:236,1386,CC(C)(NC(=O)C[C@H](CCc1ccccc1)c2ccc(Cl)cc2)c3ccccn3,ODH,10.9,1.0,10.9,train,10.822144,11.284804,11.70642
342,ODH_charity_0616:row:342,1867,CCOC(=O)C[C@@H](Sc1ccc(C)cc1)c2ccccc2,ODH,10.9,1.0,10.9,train,10.402482,10.833999,11.350784
4901,ODH_charity_0616:row:4901,25517,O[C@@H]/1CCCCC1=C/c2ccccc2,ODH,8.0,0.8,6.4,train,6.6499567,7.0461097,7.408523
3706,ODH_charity_0616:row:3706,20621,Brc1ccc(cc1)[C@@H]2NCCNC2=O,ODH,38.0,1.0,38.0,train,36.33343,37.217968,37.888744
3222,ODH_charity_0616:row:3222,18067,CCC[C@H](C=C)N(C)c1ccccc1,ODH,30.46,0.3,9.138,train,8.957581,9.231565,9.580472
17,ODH_charity_0616:row:17,177,C[C@@]1(CC2(CCCC2)CN1C(=S)Nc3cc(cc(c3)C(F)(F)F)C(F)(F)F)c4ccccc4,ODH,5.08,1.0,5.08,train,5.641068,6.403976,6.9792433
2344,ODH_charity_0616:row:2344,12983,CO[C@@H](CO)c1ccccc1,ODH,16.89,0.7,11.823,train,11.063953,11.377442,11.636021
4235,ODH_charity_0616:row:4235,22879,COC(=O)[C@@H](c1ccc(Cl)cc1)c2cn(c3ccccc23)[Si](C)(C)C(C)(C)C,ODH,7.2,0.6,4.32,train,3.3678355,4.255342,5.157871
4490,ODH_charity_0616:row:4490,23944,COC(=O)[C@@]1(CCCC1=O)[C@H](C[N+]([O-])=O)c2occc2,ODH,12.8,1.0,12.8,train,11.563913,12.325874,12.955573
4342,ODH_charity_0616:row:4342,23328,Cc1ccc2O[C@@H]3OCC[C@H]3c2c1,ODH,7.7,1.0,7.7,train,7.5860424,7.997361,8.384837
4194,ODH_charity_0616:row:4194,22707,COc1ccc(N[C@H](C#CC2=CCCCC2)C(F)(F)F)cc1,ODH,7.8,0.8,6.24,train,5.381715,6.015547,6.6042395
1224,ODH_charity_0616:row:1224,7187,Cc1cccc(c1)\C=C\2CC[C@H]2O,ODH,8.389,0.8,6.7112,train,5.5583954,5.8822007,6.151127
4373,ODH_charity_0616:row:4373,23490,O=C(O[C@H]1C[C@@H](C2=CC=CO2)N3C4=C1C=CC=C4CC[C@H]3C5=CC=CC=C5)NCC6=CC=CC=C6,ODH,8.49,1.0,8.49,train,7.6484876,8.308908,8.860165
2912,ODH_charity_0616:row:2912,16050,COc1ccc2O[C@H](C[C@@H](O)c2c1)C(C)C,ODH,25.229,0.5,12.6145,train,12.021645,12.509354,12.957805
1950,ODH_charity_0616:row:1950,10876,COc1ccc(cc1)[C@H]2Cc3ccccc3[C@H](N2)c4ccc(OC)cc4,ODH,16.3,1.0,16.3,train,14.844354,15.422173,16.009783
4700,ODH_charity_0616:row:4700,24685,C[C@@H](O)[C@H](N1CCCC1)c2cccc(C)c2,ODH,8.96,1.0,8.96,train,8.9008045,9.374394,9.840753
2296,ODH_charity_0616:row:2296,12737,CC(=O)C1=C(C)OC(=O)C[C@@H]1c2ccccc2,ODH,21.6,0.7,15.12,train,15.283716,15.745838,16.24912
2756,ODH_charity_0616:row:2756,15244,CC[C@H]1C[C@@H](O)c2ccccc2O1,ODH,22.228,0.5,11.114,train,11.086246,11.429936,11.786922
811,ODH_charity_0616:row:811,4661,C[C@H]1Cc2ccccc2N[C@H]1c3ccccc3,ODH,28.3,0.5,14.15,train,12.556643,13.10109,13.689782
2913,ODH_charity_0616:row:2913,16057,Cc1ccc(cc1)[S](=O)(=O)N2C(=O)[C@@H]([C@H](C=C2c3cccc(Br)c3)c4ccccc4)c5ccccc5,ODH,11.6,0.75,8.7,train,8.940872,9.561231,10.076495
418,ODH_charity_0616:row:418,2293,O=C1Nc2ccccc2N[C@@H]1Cc3ccccc3,ODH,13.6,1.0,13.6,train,13.4704075,14.103896,14.596981
2040,ODH_charity_0616:row:2040,11375,C[C@H](N[S](=O)(=O)C(C)(C)C)c1ccc2OCOc2c1,ODH,14.8,1.0,14.8,train,14.488316,14.707763,15.020717
1472,ODH_charity_0616:row:1472,8409,COc1ccc(cc1)[C@H]2c3cc4OCOc4cc3OC(=C2C#N)N,ODH,16.8,0.7,11.76,train,11.877868,12.421386,12.723976
4437,ODH_charity_0616:row:4437,23736,CC[C@H]1Cc2ccccc2N1,ODH,8.0,1.0,8.0,train,7.8593793,8.297781,8.710073
2708,ODH_charity_0616:row:2708,14963,CCC[C@@H](NCc1ccccc1)C(=C)CCCCCCCCCOCc2ccccc2,ODH,3.082,1.0,3.082,train,2.833839,3.581319,4.2154994
1378,ODH_charity_0616:row:1378,7931,CCCCC[C@H](C=C)c1c([nH]c2ccccc12)c3ccccc3,ODH,16.3,1.0,16.3,train,17.327776,18.214132,19.016396
1712,ODH_charity_0616:row:1712,9636,COc1ccc(cc1OC)[C@H](C)C#Cc2ccc(cc2)C#N,ODH,12.8,1.0,12.8,train,12.300858,12.795461,13.219241
2250,ODH_charity_0616:row:2250,12401,O[C@H](C(O)=O)c1ccc2ccccc2c1,ODH,13.42,0.8,10.736,train,10.061489,10.528446,10.90322
1858,ODH_charity_0616:row:1858,10385,[O-][N+](=O)c1ccc(cc1)[C@]2(CC#C)CC(=C)OC2=O,ODH,14.59,2.0,29.18,train,28.676336,29.61149,30.282797
525,ODH_charity_0616:row:525,3111,CCC[C@@H]1CCC2=C(CCCC2=O)N1,ODH,11.0,1.0,11.0,train,13.067145,14.036086,14.88039
4196,ODH_charity_0616:row:4196,22709,COC(=O)N1C(=O)[C@@](C)([C@H](C=C)c2ccccc2)c3ccc(Cl)cc13,ODH,7.9,1.0,7.9,train,8.289738,8.832434,9.318918
2118,ODH_charity_0616:row:2118,11678,CC[C@@H]1Nc2ccccc2OC1=O,ODH,15.1,0.7,10.57,train,10.075596,10.555142,10.971197
1572,ODH_charity_0616:row:1572,8939,COc1ccc(cc1)n2c(C)cc([C@H](C(=O)OCc3ccccc3)c4ccccc4)c2C,ODH,13.1,0.7,9.17,train,9.726111,10.249696,10.764796
2561,ODH_charity_0616:row:2561,14058,COC(=O)[C@@H](Cc1ccccc1C)NC(=O)c2ccccc2OC,ODH,13.7,0.8,10.96,train,12.027379,12.570549,13.122986
4788,ODH_charity_0616:row:4788,25084,Fc1cccc2[C@@H]3CCO[C@@H]3Oc12,ODH,7.7,1.0,7.7,train,7.413361,7.792517,8.137488
2106,ODH_charity_0616:row:2106,11616,Cn1cc([C@@H]\2[C@H](CC2=C/N(c3ccccc3)[S](=O)(=O)c4ccc(C)cc4)c5ccc(C)cc5)c6ccccc16,ODH,13.81,0.8,11.048,train,11.917019,12.542758,13.1914425
1661,ODH_charity_0616:row:1661,9402,Cc1ccc(cc1)[C@@](C)(CC(=C)c2ccccc2)C=O,ODH,12.555,1.0,12.555,train,11.904528,12.313413,12.757822
3196,ODH_charity_0616:row:3196,17934,COc1ccc(/C=C/C[C@](C)(N)C(=O)OC(C)(C)C)cc1,ODH,16.2,0.5,8.1,train,8.378872,8.663388,9.086953
3679,ODH_charity_0616:row:3679,20450,Fc1ccc(cc1)[C@H](Nc2ccccc2)C(=O)c3ccc(F)cc3,ODH,42.25,1.0,42.25,train,40.58668,41.80455,42.693817
3653,ODH_charity_0616:row:3653,20282,COc1ccc2cc(ccc2c1)[C@@H](O)C(O)=O,ODH,40.21,0.8,32.168,train,29.289383,30.353228,31.15085
4368,ODH_charity_0616:row:4368,23478,CC(=C)C[C@H]1CC(=NO1)c2ccc(Cl)cc2,ODH,7.29,0.8,5.832,train,6.1033216,6.3904085,6.700447
2312,ODH_charity_0616:row:2312,12835,C=C[C@@H](C1CC1)c2n3ccccc3cc2c4ccccc4,ODH,15.745,0.7,11.0215,train,12.41423,13.092923,13.662746
2524,ODH_charity_0616:row:2524,13890,CC[C@]1(N(c2ccc(C)cc2C1=C)[S](=O)(=O)C(F)(F)F)c3ccc4OCCOc4c3,ODH,18.2,0.5,9.1,train,8.480265,9.192745,9.855976
3040,ODH_charity_0616:row:3040,16875,Clc1cccc(C[C@H]2Oc3ccccc3N(Cc4ccccc4)C2=O)c1,ODH,24.3,0.5,12.15,train,10.178906,10.655603,11.186189
1145,ODH_charity_0616:row:1145,6788,CO[C@@H](c1ccccc1)c2ccccc2O,ODH,10.2,1.0,10.2,train,10.397147,10.738667,11.083097
2766,ODH_charity_0616:row:2766,15337,COc1cccc(c1)[C@H](C(C(=O)c2ccccc2)C(=O)c3ccccc3)C(=O)\C=C\c4ccccc4,ODH,20.8,0.75,15.6,train,14.167027,14.968522,15.602572
3644,ODH_charity_0616:row:3644,20254,C=C[C@@H](CCc1ccccc1)N2CCOCC2,ODH,5.42,1.0,5.42,train,5.090751,5.580558,5.9940734
247,ODH_charity_0616:row:247,1425,O[C@H]1CCCCc2ccc(F)cc12,ODH,9.6,1.0,9.6,train,9.173434,9.681521,10.105529
1208,ODH_charity_0616:row:1208,7114,CCOC(=O)N1CCN(CC1)[C@H](CCc2ccccc2)C=C,ODH,11.87,0.5,5.935,train,5.4211802,5.93481,6.3994517
2950,ODH_charity_0616:row:2950,16256,CCOC(=O)N1[C@@H]2C\C(=C/N(c3ccccc3)[S](=O)(=O)c4ccc(C)cc4)[C@H](C=C2c5ccccc15)c6ccccc6,ODH,22.69,0.8,18.152,train,18.682402,19.679125,20.36923
2381,ODH_charity_0616:row:2381,13148,CC1(C)[C@H](CCC1=O)c2cccc(Cl)c2,ODH,14.39,1.0,14.39,train,15.274052,15.688545,16.175867
3766,ODH_charity_0616:row:3766,20892,C[C@@H](\C=C\c1occc1)[C@@](C)(N)C(=O)OC(C)(C)C,ODH,5.7,1.0,5.7,train,6.0221047,6.623939,7.3086276
147,ODH_charity_0616:row:147,858,CC[C@@H]1Nc2ccccc2NC1=O,ODH,8.0,1.0,8.0,train,7.6801023,8.076891,8.481893
1511,ODH_charity_0616:row:1511,8556,COC(=O)[C@H](O)c1ccccc1,ODH,7.74,1.0,7.74,train,7.8831534,8.207567,8.513068
1869,ODH_charity_0616:row:1869,10429,COC(=O)[C@@H](Cc1ccc(cc1)C(C)(C)C)NC(=O)c2ccccc2OC,ODH,15.9,0.8,12.72,train,11.561234,11.943214,12.37421
3602,ODH_charity_0616:row:3602,20046,COC(=O)CCCNC(=O)[C@](C)(NC(=O)c1ccc(OC)cc1)C(=O)OCc2ccccc2,ODH,39.8,0.5,19.9,train,18.930798,19.704468,20.390049
545,ODH_charity_0616:row:545,3246,Cc1ccc2[C@@H](O)CCCCc2c1,ODH,15.3,1.0,15.3,train,13.513242,13.983535,14.4653425
2422,ODH_charity_0616:row:2422,13316,OC[C@@H](CCl)c1cccc(c1)C(F)(F)F,ODH,17.3,1.0,17.3,train,15.8914385,16.271875,16.66833
4073,ODH_charity_0616:row:4073,22178,O[C@H](CCC1)[C@@H](C2=CC=CC=C2OC)C31OCCO3,ODH,7.815,1.0,7.815,train,6.845596,7.330918,7.7202373
3783,ODH_charity_0616:row:3783,20988,CCC[C@@H](c1ccccc1)c2cc(cc(c2)c3ccccc3)c4ccccc4,ODH,5.25,1.0,5.25,train,6.1676054,6.7223687,7.2406445
2211,ODH_charity_0616:row:2211,12201,OC[C@]1(COCCO1)c2sccc2,ODH,19.2,1.0,19.2,train,18.424883,18.957424,19.390781
4714,ODH_charity_0616:row:4714,24770,O=C(OCc1ccccc1)[C@H](Oc2ccccc2)c3ccc4ccccc4c3,ODH,9.0,1.0,9.0,train,8.631977,9.4377165,10.145973
2883,ODH_charity_0616:row:2883,15904,CC1=C([C@H](CC(=O)O1)c2ccccc2)C(=O)c3ccccc3,ODH,27.9,0.7,19.53,train,16.256828,16.941858,17.50742
4607,ODH_charity_0616:row:4607,24384,COC(=O)[C@H]1[C@H]([C@@H]([C@H]2N1CCc3ccccc23)C(=O)n4nc(C)cc4C)c5ccc(I)cc5,ODH,7.485,1.0,7.485,train,8.231457,8.80719,9.429396
473,ODH_charity_0616:row:473,2623,CCOC(=O)C[C@@H](Sc1ccccc1)c2cccc(C)c2,ODH,9.8,1.0,9.8,train,9.665459,10.097375,10.548266
2403,ODH_charity_0616:row:2403,13240,COc1ccccc1C[C@@H]2Oc3ccccc3N(Cc4ccccc4)C2=O,ODH,15.9,0.5,7.95,train,7.626352,8.087263,8.566608
4850,ODH_charity_0616:row:4850,25293,Clc1ccc(cc1)[C@]2(CCC(=O)O2)C(=O)OC(c3ccccc3)c4ccccc4,ODH,28.5,0.75,21.375,train,21.001991,21.94239,22.64242
918,ODH_charity_0616:row:918,5156,C[C@@H](CC(=O)c1ccccc1)[S](C)(=O)=O,ODH,26.0,1.0,26.0,train,23.534504,24.07677,24.549208
4103,ODH_charity_0616:row:4103,22287,Cc1ccc(C=C[C@H](c2ccc(C)cc2)C3(SCCCS3)c4ccccc4)cc1,ODH,6.7,1.0,6.7,train,5.2956934,5.820739,6.398562
2405,ODH_charity_0616:row:2405,13248,COc1ccc2nc(S[C@H](CN[S](=O)(=O)c3ccc(C)cc3)c4ccccc4)sc2c1,ODH,20.8,1.0,20.8,train,18.83955,19.426157,19.932259
1457,ODH_charity_0616:row:1457,8366,F[C@@H]1CCc2ccccc2C1=O,ODH,11.6,1.0,11.6,train,10.393712,10.711045,11.04672
1664,ODH_charity_0616:row:1664,9422,C[C@@H]1CCC(=O)O[C@H]1c2cccc(c2)[N+]([O-])=O,ODH,11.3,1.0,11.3,train,11.989683,12.572794,13.010453
4577,ODH_charity_0616:row:4577,24265,Cc1cccc(c1)C2=C(C[C@H](O2)C=C)C#N,ODH,8.529,1.0,8.529,train,8.19236,8.646349,9.070406
2420,ODH_charity_0616:row:2420,13310,[O-][N+](=O)C1(CCCC1)CC2=C(Br)[C@@H](OC2=O)C3CC3,ODH,17.3,1.0,17.3,train,16.535416,17.586819,18.280018
312,ODH_charity_0616:row:312,1749,CCOC(=O)C[C@@H](Sc1ccccc1)c2ccc(F)cc2,ODH,10.6,1.0,10.6,train,9.385432,10.146368,10.804579
712,ODH_charity_0616:row:712,4102,Cc1cccc2c1[nH]cc2[C@@H](\C=C\c3ccccc3)c4ccccc4,ODH,21.002,1.0,21.002,train,22.239145,23.043997,23.7437
3235,ODH_charity_0616:row:3235,18108,O[C@@H]([C@H](C=C)c1ccc(cc1)C(F)(F)F)C(=O)c2ccccc2,ODH,15.5,0.5,7.75,train,6.89838,7.3785243,7.809406
1610,ODH_charity_0616:row:1610,9143,CCOC(=O)C1=C(C)OC(=O)C[C@@H]1c2ccccc2,ODH,25.9,0.75,19.425,train,18.43861,19.15835,19.799911
1962,ODH_charity_0616:row:1962,10971,OC[C@]1(COCCO1)\C=C\c2ccccc2,ODH,15.4,1.0,15.4,train,15.065787,15.517997,15.842782
2523,ODH_charity_0616:row:2523,13889,CC[C@@]1(N(c2ccc(C)cc2C1=C)[S](=O)(=O)C(F)(F)F)c3ccc4OCCOc4c3,ODH,19.9,0.5,9.95,train,8.475937,9.154421,9.736688
1706,ODH_charity_0616:row:1706,9620,CCC(CC)(CC[C@@]1(C)COc2cc(C)c(C)cc12)CC(=O)c3ccccc3,ODH,13.6,0.5,6.8,train,6.033893,6.424095,6.9362164
3075,ODH_charity_0616:row:3075,17115,O[C@H]1CCOc2ccccc12,ODH,24.971,0.5,12.4855,train,12.623116,12.995503,13.338076
2938,ODH_charity_0616:row:2938,16206,COc1ccc(cc1)[C@@H]2CCc3ccccc3N2,ODH,15.32,0.6,9.192,train,8.58742,8.847396,9.1915045
4326,ODH_charity_0616:row:4326,23286,CCC[C@@H](Oc1ccccc1)C=C,ODH,7.965,0.5,3.9825,train,3.498111,3.8265264,4.165546
3519,ODH_charity_0616:row:3519,19567,Cc1ccc(cc1)[C@H](C[N+]([O-])=O)c2cccc(c2)C(F)(F)F,ODH,18.4,1.5,27.6,train,24.00741,24.785887,25.242952
2476,ODH_charity_0616:row:2476,13704,FC1=CC=C(C=C1)C[C@H]2NC3=C(C=CC=C3)C2,ODH,17.9,1.0,17.9,train,17.462494,18.053596,18.56317
3768,ODH_charity_0616:row:3768,20900,COC(=O)[C@@H]1CCc2cc(F)ccc2O1,ODH,5.0,1.0,5.0,train,5.4551687,5.9864407,6.449616
4424,ODH_charity_0616:row:4424,23708,Cc1ccc(cc1)[S](=O)(=O)N2C(=O)[C@@H]([C@H](C=C2c3ccccc3)c4cccnc4)c5ccccc5,ODH,35.5,0.75,26.625,train,25.983328,26.999405,27.716446
328,ODH_charity_0616:row:328,1809,CCCCCCCCCC[C@H]1CCC2=C(CCCC2=O)N1,ODH,10.8,1.0,10.8,train,10.300931,11.361128,12.269454
1332,ODH_charity_0616:row:1332,7684,COc1ccc(cc1)[C@@H]2Nc3ccccc3C[C@@H]2C(F)(F)F,ODH,16.7,0.7,11.69,train,10.891401,11.492737,12.083509
2283,ODH_charity_0616:row:2283,12606,C[C@@H](O)c1ccccc1Cl,ODH,15.25,1.0,15.25,train,16.294828,16.675175,17.115221
724,ODH_charity_0616:row:724,4158,CCOC(=O)C[C@@H](Sc1ccc(C)cc1)c2ccccc2,ODH,10.7,1.0,10.7,train,10.289252,10.667201,11.116505
1174,ODH_charity_0616:row:1174,6997,CN(CC[C@@H](O)c1ccc(Cl)c(Cl)c1)Cc2ccccc2,ODH,13.56,1.0,13.56,train,14.382177,15.04953,15.598266
1638,ODH_charity_0616:row:1638,9303,CCC[C@H](C=C)N1CCc2ccccc12,ODH,11.84,1.0,11.84,train,11.053359,11.512147,12.036769
2475,ODH_charity_0616:row:2475,13703,FC1=CC=C(C=C1)C[C@@H]2NC3=C(C=CC=C3)C2,ODH,21.1,1.0,21.1,train,20.744635,21.31277,21.849524
4308,ODH_charity_0616:row:4308,23183,Cc1ccc(cc1)[C@@](C)(C\C=C\C=C\c2ccccc2)C=O,ODH,7.564,1.0,7.564,train,8.2607765,8.647324,8.996808
2388,ODH_charity_0616:row:2388,13167,CCOC(=O)C1=C(C)OC(=O)C[C@@H]1c2ccc(C)cc2,ODH,17.1,0.7,11.97,train,12.785936,13.293816,13.877986
4456,ODH_charity_0616:row:4456,23828,CC1(C)OB(OC1(C)C)[C@@H](Cc2ccc(cc2)C(F)(F)F)N3CCOC3=O,ODH,7.0,1.0,7.0,train,6.2498746,6.6622987,7.1271334
2522,ODH_charity_0616:row:2522,13887,OC[C@@]1(COCCO1)CC=C,ODH,18.2,1.0,18.2,train,16.622972,17.07753,17.462015
274,ODH_charity_0616:row:274,1583,Cc1ccc(cc1)c2ccn3CCC[C@](C)(CCO)c23,ODH,13.97,1.0,13.97,train,12.925536,13.439992,13.934729
2690,ODH_charity_0616:row:2690,14888,Cc1ccc(C[C@H]2NC(=O)c3ccccc23)cc1,ODH,25.9,1.0,25.9,train,21.727087,22.341133,22.97802
3553,ODH_charity_0616:row:3553,19779,O[C@H](C(=O)NCCc1ccc(cc1)[N+]([O-])=O)c2ccccc2,ODH,37.44,0.8,29.952,train,28.036224,29.008083,29.612848
3152,ODH_charity_0616:row:3152,17657,OC[C@@H](CCl)c1ccc2ccccc2c1,ODH,26.6,1.0,26.6,train,27.31677,27.987642,28.60732
3258,ODH_charity_0616:row:3258,18214,CC(=O)C1=C(C)OC(=O)C[C@@H]1c2ccc(cc2)[N+]([O-])=O,ODH,41.2,0.7,28.84,train,28.540771,29.396149,29.903835
818,ODH_charity_0616:row:818,4684,Cc1ccc(cc1)[C@H]2CN(C(=O)C2)C(=O)OC(C)(C)C,ODH,22.3,0.7,15.61,train,15.405273,15.782546,16.133516
3978,ODH_charity_0616:row:3978,21776,CCCC(=O)O\C(c1ccccc1)=C\2[C@@H]([C@H](C)C=C2c3ccccc3)c4ccc(C)cc4,ODH,6.0,0.7,4.2,train,4.267016,4.806188,5.3942704
1528,ODH_charity_0616:row:1528,8668,Cc1ccc(cc1)[C@H](O)C(O)=O,ODH,8.51,0.8,6.808,train,6.985783,7.372325,7.7581577
698,ODH_charity_0616:row:698,4002,FC(F)(F)C[C@@]1(CCCN1C(=O)Nc2cccc(c2)C(F)(F)F)c3ccccc3,ODH,18.63,0.5,9.315,train,8.289787,8.960924,9.562854
3169,ODH_charity_0616:row:3169,17742,CCOC(=O)[C@]1(N[S](=O)(=O)c2ccc(C)cc12)C#Cc3ccccc3,ODH,26.9,0.5,13.45,train,13.732469,14.392439,14.891026
1159,ODH_charity_0616:row:1159,6890,OC[C@H](O)c1ccc2ccccc2c1,ODH,10.3,0.5,5.15,train,6.321454,6.6812696,6.9807553
3878,ODH_charity_0616:row:3878,21318,CCN(C[C@@H](CSc1sc2ccc(Cl)cc2n1)OCc3ccccc3)C(c4ccccc4)c5ccccc5,ODH,5.9,1.0,5.9,train,6.759804,7.472008,8.120827
825,ODH_charity_0616:row:825,4749,CC(C)(C)OC(=O)N1CCN(CC1)C(=O)[C@H]2COc3ccccc3O2,ODH,36.2,1.0,36.2,train,36.886936,37.93519,38.923786
3794,ODH_charity_0616:row:3794,21015,CC(C)(C)OC(=O)[C@](C)(N)C\C=C\c1cccc(F)c1,ODH,5.3,0.5,2.65,train,3.0792868,3.385374,3.750161
4031,ODH_charity_0616:row:4031,22011,O=C(OCc1ccccc1)[C@@H](Oc2ccccc2)c3ccccc3,ODH,6.3,1.0,6.3,train,7.456172,7.9885755,8.5625105
109,ODH_charity_0616:row:109,616,CCOC(=O)C[C@H](B1OC(C)(C)C(C)(C)O1)c2ccccc2,ODH,9.0,0.5,4.5,train,4.0408735,4.41194,4.8584576
4539,ODH_charity_0616:row:4539,24094,C[C@@]1(N(c2ccccc2C1=C)[S](=O)(=O)C(F)(F)F)c3ccccc3,ODH,9.43,0.5,4.715,train,4.2103434,4.609748,4.9817758
1496,ODH_charity_0616:row:1496,8475,CCC[C@@H](C=C)[C@@]1(O)C(=O)N(Cc2cccc3ccccc23)c4ccccc14,ODH,28.521,1.0,28.521,train,26.241005,27.117588,27.871933
1535,ODH_charity_0616:row:1535,8699,CC1(C)OC[C@H](CO)Sc2ccccc12,ODH,11.9,1.0,11.9,train,10.977697,11.314195,11.569737
4367,ODH_charity_0616:row:4367,23477,Cc1cccc(c1)[C@@]2(CC#C)CC(=C)OC2=O,ODH,7.82,1.0,7.82,train,8.10876,8.604812,9.094695
3958,ODH_charity_0616:row:3958,21690,O=COC[C@H](C1=CC=C2C=CC=CC2=C1)C,ODH,93.8,0.5,46.9,train,43.7036,44.93629,45.941685
3867,ODH_charity_0616:row:3867,21279,Cc1cccc(\C=C\[C@H]2COc3ccccc3O2)c1,ODH,6.84,1.0,6.84,train,6.4852242,6.83164,7.1943326
4365,ODH_charity_0616:row:4365,23463,O[C@H]([C@@H](C=C)c1ccccc1)c2ccccc2[N+]([O-])=O,ODH,9.2,1.0,9.2,train,9.743409,10.299928,10.589891
804,ODH_charity_0616:row:804,4630,Cc1ccc2N[C@H](CCc2c1)CNc3ccccc3,ODH,22.0,1.0,22.0,train,21.209408,21.887707,22.506887
2413,ODH_charity_0616:row:2413,13297,CC(C)(C)c1ccc(C[C@@H]2Oc3ccccc3N(Cc4ccccc4)C2=O)cc1,ODH,14.5,0.5,7.25,train,7.206446,7.383866,7.7080483
3645,ODH_charity_0616:row:3645,20255,C=C[C@H](CCc1ccccc1)N2CCOCC2,ODH,4.99,1.0,4.99,train,4.199275,4.7286325,5.131196
796,ODH_charity_0616:row:796,4603,C[C@@H]1Nc2ccccc2[C@@H]1Cc3occc3,ODH,17.1,0.8,13.68,train,12.827944,13.341237,13.9619055
216,ODH_charity_0616:row:216,1249,CC(C)OC(=O)[C@@H](O)c1ccccc1Cl,ODH,7.8,1.0,7.8,train,7.2517285,7.450636,7.6738687
400,ODH_charity_0616:row:400,2176,CCCCCCC[C@@H]1CCC2=C(CCCC2=O)N1,ODH,11.8,1.0,11.8,train,10.481722,11.539332,12.465708
1970,ODH_charity_0616:row:1970,10987,C1CCC(CC1)[C@@H]2N[C@H](Cc3ccccc23)c4ccccc4,ODH,14.3,0.8,11.44,train,11.790438,12.49296,13.068259
3083,ODH_charity_0616:row:3083,17171,O=C1[C@@H](Cc2cscc2)Oc3ccccc3N1Cc4ccccc4,ODH,25.1,0.5,12.55,train,10.617959,11.039592,11.513967
1612,ODH_charity_0616:row:1612,9156,COc1cccc(c1)[C@H]([C@H](C)O)N2CCCC2,ODH,10.18,1.0,10.18,train,10.045704,10.649643,11.194836
1815,ODH_charity_0616:row:1815,10183,CC(C)(C)OC(=O)N[C@@H]([C@H](CCCCCCC=C)C=O)c1ccccc1,ODH,15.0,0.5,7.5,train,7.452952,8.087387,8.666549
2565,ODH_charity_0616:row:2565,14068,OC[C@H](CCl)n1nc2ccccc2n1,ODH,16.7,1.0,16.7,train,15.4396305,15.9077635,16.353796
1040,ODH_charity_0616:row:1040,6117,COc1ccc(cc1)[C@H]2CCCNC(=O)C2,ODH,40.9,0.5,20.45,train,18.800678,19.294884,19.776987
3225,ODH_charity_0616:row:3225,18083,Brc1cccc(C[C@@H]2CN(Cc3ccccc3)C2=O)c1,ODH,24.7,1.0,24.7,train,24.868633,25.483778,26.040152
3339,ODH_charity_0616:row:3339,18576,CCOC(=O)[C@]1(N[S](=O)(=O)c2ccccc12)\C=C/c3ccccc3,ODH,30.1,0.5,15.05,train,14.729101,15.334059,15.78137
1903,ODH_charity_0616:row:1903,10603,C[C@@]1(COc2ccc(cc12)C(C)(C)c3ccccc3)Cc4ccccc4,ODH,13.9,0.5,6.95,train,7.117629,7.4631057,7.8051143
2537,ODH_charity_0616:row:2537,13951,CCCC[C@H]1Nc2ccccc2OC1=O,ODH,23.5,0.7,16.45,train,14.112197,14.656134,15.229457
262,ODH_charity_0616:row:262,1476,CCOC(OCC)[C@@H](N)c1cccc(C)c1,ODH,11.5,0.8,9.2,train,9.606491,10.068062,10.416365
2278,ODH_charity_0616:row:2278,12588,Cc1ccc(cc1)[C@@H](C=C)[C@H](O)C(=O)c2ccccc2,ODH,16.3,0.5,8.15,train,8.279469,8.694311,9.096531
1245,ODH_charity_0616:row:1245,7263,CC(C)(C)c1ccc(cc1)[C@@H](\C=C\c2ccccc2)[P](=O)(c3ccccc3)c4ccccc4,ODH,10.605,1.0,10.605,train,9.355776,9.832496,10.353717
4916,ODH_charity_0616:row:4916,25546,C=C[C@H](CCc1ccccc1)NCC#C,ODH,9.71,0.8,7.768,train,7.811965,8.222147,8.565825
4201,ODH_charity_0616:row:4201,22735,Cc1ccc(cc1)N2N=C(C)[C@@](C\C=C\c3ccccc3)(Cc4ccc(Br)cc4)C2=O,ODH,13.959,1.0,13.959,train,14.166254,15.026161,15.819825
4923,ODH_charity_0616:row:4923,25606,Cc1ccccc1C[C@H]2Cc3ccccc3N2,ODH,9.8,1.0,9.8,train,9.809296,10.418317,11.053143
1154,ODH_charity_0616:row:1154,6875,C=C[C@@H](CCc1ccccc1)NCC#C,ODH,11.015,0.8,8.812,train,8.553864,8.977835,9.337202
904,ODH_charity_0616:row:904,5103,O[C@@H](C[N+]([O-])=O)c1ccccc1Cl,ODH,23.3,1.1,25.63,train,25.480667,26.062208,26.5255
1737,ODH_charity_0616:row:1737,9744,COc1ccc(cc1OC)[C@@H](C[N+]([O-])=O)c2ccccc2,ODH,7.5,1.5,11.25,train,13.411157,14.029112,14.464629
491,ODH_charity_0616:row:491,2820,O[C@@H]1CCc2cc(Cl)ccc12,ODH,15.4,1.0,15.4,train,18.152967,18.698215,19.199598
3810,ODH_charity_0616:row:3810,21098,COC(=O)[C@H](NC(=O)OC(C)(C)C)c1ccc(C)cc1,ODH,4.94,1.0,4.94,train,4.8718452,5.15623,5.439222
1210,ODH_charity_0616:row:1210,7127,Cc1ccc(cc1)[C@H]2c3cc4OCOc4cc3OC(=C2C#N)N,ODH,12.9,0.7,9.03,train,9.434269,9.935751,10.16912
2691,ODH_charity_0616:row:2691,14889,Cc1ccc(C[C@@H]2NC(=O)c3ccccc23)cc1,ODH,19.8,1.0,19.8,train,19.20739,19.764212,20.358023
2937,ODH_charity_0616:row:2937,16204,C[C@H]1C[C@@H](O)c2cc(F)ccc2O1,ODH,27.109,0.5,13.5545,train,12.860403,13.355309,13.748875
1386,ODH_charity_0616:row:1386,8008,CCCOC(=O)[C@@H]1[C@H](c2ccccc2)c3ccccc3OC1=O,ODH,11.3,0.7,7.91,train,7.7582884,8.300302,8.772208
2902,ODH_charity_0616:row:2902,15994,C[C@@H]1C[C@H](c2ccccc2)C(C)(C)C1=O,ODH,26.97,1.0,26.97,train,23.918312,24.40711,24.951962
983,ODH_charity_0616:row:983,5658,OCC[C@@H](C[N+]([O-])=O)c1cccc2ccccc12,ODH,21.8,1.0,21.8,train,20.313086,21.08367,21.672056
1059,ODH_charity_0616:row:1059,6221,C(Cc1cc(OCc2ccccc2)cc(OCc3ccccc3)c1)[C@@H]4CCc5ccccc5N4,ODH,39.1,0.5,19.55,train,20.029593,20.802841,21.465229
1586,ODH_charity_0616:row:1586,8987,CCOC(=O)N1[C@H](C[C@](C)(N1C(C)=O)c2ccccc2)c3ccccc3,ODH,9.32,1.0,9.32,train,9.148195,9.629905,10.154005
4789,ODH_charity_0616:row:4789,25085,CC1(C)OB(OC1(C)C)[C@@H](Cc2ccc(F)cc2)N3CCOC3=O,ODH,7.8,1.0,7.8,train,8.2891445,8.647337,9.081929
4874,ODH_charity_0616:row:4874,25411,Cc1ccc(cc1)[C@H]2Nc3ccccc3OC2=O,ODH,26.0,0.7,18.2,train,16.812601,17.34857,17.905441
1489,ODH_charity_0616:row:1489,8444,C[C@@H]1C[C@H](c2ccc3ccccc3c2)C(C)(C)C1=O,ODH,11.61,1.0,11.61,train,11.321351,11.705803,12.196763
3326,ODH_charity_0616:row:3326,18515,C[C@](C\C=C\c1ccccc1)(C=O)c2cc(cc(c2)C(F)(F)F)C(F)(F)F,ODH,3.842,1.0,3.842,train,3.1385067,3.8657792,4.59923
3787,ODH_charity_0616:row:3787,21008,CC(C)(C)OC(=O)[C@@](C)(N)C\C=C\c1ccccc1F,ODH,4.3,1.0,4.3,train,4.0516486,4.446371,4.842976
2116,ODH_charity_0616:row:2116,11676,Oc1ccccc1[C@@H](OCc2ccccc2)c3ccccc3,ODH,15.1,1.0,15.1,train,14.698744,15.109829,15.530489
2838,ODH_charity_0616:row:2838,15716,Cc1ccc(O)c(c1)C2=N[C@@H](Cc3ccccc3C2=O)c4ccccc4,ODH,24.9,0.7,17.43,train,15.620475,16.234198,16.86747
1927,ODH_charity_0616:row:1927,10715,CC[C@@H]1Nc2ccccc2C[C@H]1N3C(=O)c4ccccc4C3=O,ODH,14.0,0.7,9.8,train,9.960639,10.55821,11.067358
4189,ODH_charity_0616:row:4189,22680,C[C@@]1(CC(=CC(=O)O1)c2ccccc2)C(F)(F)F,ODH,69.6,0.75,52.2,train,45.625534,46.76072,47.75629
1614,ODH_charity_0616:row:1614,9174,C[C@@](C\C=C\C=C\c1ccccc1)(C=O)c2ccc3ccccc3c2,ODH,15.87,1.0,15.87,train,14.553718,15.238819,15.86632
1454,ODH_charity_0616:row:1454,8363,CC(C)[C@@]1(COc2ccccc12)CC#Cc3ccccc3,ODH,10.9,0.5,5.45,train,5.377061,5.7010016,6.023577
208,ODH_charity_0616:row:208,1165,Cc1cccc(c1)C2=NO[C@](C2)(CC(F)(F)F)c3ccccc3,ODH,8.83,0.8,7.064,train,6.675548,7.0958714,7.5311527
2511,ODH_charity_0616:row:2511,13843,CCCC[C@H]1Nc2ccccc2OC1=O,ODH,18.1,0.7,12.67,train,13.715291,14.254124,14.821769
3446,ODH_charity_0616:row:3446,19148,Cc1cc2C=C[C@H]([C@H](O)c2cc1C)C(C)(C)C,ODH,40.67,1.0,40.67,train,36.36711,37.13089,37.940937
3214,ODH_charity_0616:row:3214,18031,O=C1NCCN[C@H]1c2ccccc2,ODH,23.7,1.0,23.7,train,22.99913,23.547897,23.8852
4085,ODH_charity_0616:row:4085,22217,C=C[C@@]1(COC(=O)N1)c2ccccc2,ODH,6.6,1.0,6.6,train,6.7168593,7.172734,7.5552964
1520,ODH_charity_0616:row:1520,8589,Cc1ccc(cc1)C#CC[C@]2(C)COc3ccccc23,ODH,11.8,0.5,5.9,train,5.3066735,5.648048,6.0991406
1132,ODH_charity_0616:row:1132,6693,CC1(C)OC[C@@H](CO)Oc2ccc(F)cc12,ODH,11.9,1.0,11.9,train,10.986918,11.30114,11.569235
1780,ODH_charity_0616:row:1780,9983,Cc1ccccc1/C=C/C=C/C[C@](C)(C=O)c2ccccc2,ODH,16.858,1.0,16.858,train,16.234318,16.863836,17.426466
3376,ODH_charity_0616:row:3376,18769,C[C@@]1(CI)COc2cc3ccccc3cc12,ODH,30.9,0.5,15.45,train,15.413295,15.87645,16.283997
1634,ODH_charity_0616:row:1634,9286,N[C@@H](C(=[N+]=[N-])C(=O)c1ccc(cc1)C(F)(F)F)C(F)(F)F,ODH,12.445,1.0,12.445,train,12.829053,13.318312,13.791821
3238,ODH_charity_0616:row:3238,18121,O=COC[C@@H](Cc1ccccc1)c2ccccc2,ODH,33.3,0.5,16.65,train,17.112196,17.760096,18.327219
2585,ODH_charity_0616:row:2585,14151,O=C1N(C[C@H]2COC3(CCC3)c4ccccc4O2)C(=O)c5ccccc15,ODH,18.6,1.0,18.6,train,17.382582,18.145082,18.724142
4151,ODH_charity_0616:row:4151,22448,O[C@H]/1CCCC1=C/c2cccc(Cl)c2,ODH,6.9,0.8,5.52,train,5.7289076,6.033528,6.3369575
3915,ODH_charity_0616:row:3915,21485,O=C1C[C@H](C=C(O1)c2ccccc2)c3ccc4ccccc4c3,ODH,43.0,0.5,21.5,train,20.129202,20.853254,21.487238
4816,ODH_charity_0616:row:4816,25163,Cc1cc([C@@H](C(=O)OCc2ccccc2)c3cccc(Cl)c3)c(C)n1Cc4ccccc4,ODH,9.4,0.7,6.58,train,6.5505643,7.1305075,7.5822005
2419,ODH_charity_0616:row:2419,13309,[O-][N+](=O)C1(CCCC1)CC2=C(Br)[C@H](OC2=O)C3CC3,ODH,15.9,1.0,15.9,train,14.996682,15.943912,16.582012
2647,ODH_charity_0616:row:2647,14562,COC[C@H](C(=O)c1ccccc1)c2ccccc2,ODH,19.24,1.0,19.24,train,16.94106,17.390667,17.758812
695,ODH_charity_0616:row:695,3958,O[C@@H]1CCSc2ccccc12,ODH,24.3,1.0,24.3,train,24.419083,24.988392,25.47548
4143,ODH_charity_0616:row:4143,22416,Cc1ccc(cc1)N2N=C(C)[C@](C\C=C\c3ccccc3)(Cc4ccc(Cl)cc4)C2=O,ODH,6.87,1.0,6.87,train,5.1463504,6.1652026,6.9209614
55,ODH_charity_0616:row:55,403,Cc1ccc(CO[C@@H](NC(=O)c2ccccc2)c3ccccc3CCCC(F)(F)F)cc1,ODH,6.26,1.0,6.26,train,7.3793488,7.9921975,8.529154
2218,ODH_charity_0616:row:2218,12222,C[C@@H](CC=O)c1c[nH]c2ccccc12,ODH,18.35,1.0,18.35,train,18.25696,18.735695,19.183865
2027,ODH_charity_0616:row:2027,11299,FC(F)(F)[S](=O)(=O)N1[C@@H]2C=C(CC[C@@H]2c3ccccc13)c4ccccc4,ODH,13.4,0.5,6.7,train,5.9021316,6.3830943,6.8369913
2788,ODH_charity_0616:row:2788,15413,OC[C@H]1COC(CC=C)(CC=C)c2ccccc2O1,ODH,20.9,1.0,20.9,train,20.175898,20.85354,21.39309
3037,ODH_charity_0616:row:3037,16852,C[C@H](O)c1ccccc1Br,ODH,22.1,1.0,22.1,train,18.438766,18.945995,19.47917
1705,ODH_charity_0616:row:1705,9613,Clc1ccc(cc1)[C@@]2(CCCCC2=C)c3ccccc3,ODH,12.8,0.5,6.4,train,5.9512024,6.384653,6.866191
2046,ODH_charity_0616:row:2046,11407,COc1cccc(c1)[C@H]2Cc3ccccc3C(=O)C(=N2)c4ccccc4O,ODH,14.8,0.8,11.84,train,12.415318,12.991973,13.5347185
499,ODH_charity_0616:row:499,2900,Cc1ccc([C@@H]2C[C@@H]([C@H]2CO)c3ccccc3)n1CC=C,ODH,10.0,1.0,10.0,train,11.044165,11.442721,11.89059
816,ODH_charity_0616:row:816,4676,O[C@@H](CCCCl)c1ccccc1,ODH,22.2,1.0,22.2,train,22.829655,23.319628,23.730425
3912,ODH_charity_0616:row:3912,21469,O[C@@]1(Cc2ccccc2C1=O)[C@H](C=C)c3ccc4ccccc4c3,ODH,52.2,0.5,26.1,train,25.818707,26.722378,27.497494
3760,ODH_charity_0616:row:3760,20878,O=C([C@@](C1=CC=CC=C12)(C#CC3=CC=C(C(OC)=O)C=C3)NS2(=O)=O)OCC,ODH,49.9,0.5,24.95,train,26.96997,27.7867,28.495878
2569,ODH_charity_0616:row:2569,14074,CC(=O)[C@]12O[C@@]1(C)OC(=O)C[C@@H]2c3ccccc3,ODH,20.4,0.7,14.28,train,14.034836,14.501742,14.911086
2472,ODH_charity_0616:row:2472,13668,CC[C@H]1C[C@@H](O)c2cc(C)ccc2O1,ODH,19.17,0.5,9.585,train,9.569521,9.884436,10.240897
2847,ODH_charity_0616:row:2847,15751,FC(F)(F)[C@@]1(CC(=CC(=O)O1)c2sccc2)c3ccccc3,ODH,13.0,0.75,9.75,train,9.737476,10.36494,10.8746805
3831,ODH_charity_0616:row:3831,21161,Cc1cccc(c1)[C@](C)(C\C=C\C=C\c2ccccc2)C=O,ODH,6.082,1.0,6.082,train,6.418621,6.7978544,7.135796
4625,ODH_charity_0616:row:4625,24426,Brc1ccc(cc1)C2(SCCCS2)[C@@H](C=Cc3ccccc3)c4ccccc4,ODH,6.1,1.0,6.1,train,6.5553236,7.042381,7.5198536
264,ODH_charity_0616:row:264,1504,CCC[C@@H]1N[S](=O)(=O)Oc2ccccc12,ODH,7.6,0.8,6.08,train,6.155183,6.3665147,6.6445665
3992,ODH_charity_0616:row:3992,21837,CN1CCc2ccccc2[C@H]1c3ccccc3,ODH,6.4,0.7,4.48,train,4.3835373,4.667256,4.936443
4922,ODH_charity_0616:row:4922,25605,Cc1ccccc1C[C@@H]2Cc3ccccc3N2,ODH,10.8,1.0,10.8,train,11.4531355,11.982737,12.589227
2506,ODH_charity_0616:row:2506,13828,COc1cccc(c1)C#CC[C@@]2(C)COc3ccccc23,ODH,19.0,0.5,9.5,train,9.758026,10.2407465,10.761765
4336,ODH_charity_0616:row:4336,23317,O[C@H](CCC(=O)Nc1ccccc1)c2ccccc2,ODH,8.73,0.8,6.984,train,7.0828514,7.5222244,7.860724
173,ODH_charity_0616:row:173,999,CCCOC(=O)C[C@@H](B1OC(C)(C)C(C)(C)O1)c2ccccc2,ODH,7.0,0.5,3.5,train,2.8361378,3.238459,3.6779583
1784,ODH_charity_0616:row:1784,9997,CC1(C)OB(OC1(C)C)[C@H](Cc2ccc3ccccc3c2)N4CCOC4=O,ODH,13.2,1.0,13.2,train,9.940536,10.521349,11.049948
39,ODH_charity_0616:row:39,255,C[C@H]1CCc2cc(F)ccc2N1,ODH,5.6,1.0,5.6,train,5.6928744,6.0908465,6.4112296
1364,ODH_charity_0616:row:1364,7851,CN(CC[C@@H](O)c1ccc(F)cc1)Cc2ccccc2,ODH,14.26,0.8,11.408,train,10.9467,11.504238,11.961595
2498,ODH_charity_0616:row:2498,13808,C[C@@H]1N[S](=O)(=O)c2ccccc12,ODH,14.1,0.8,11.28,train,10.4854965,10.885101,11.235925
2591,ODH_charity_0616:row:2591,14167,Cc1ccc(/C=C/C[C@@](C)(N)C(=O)OC(C)(C)C)cc1,ODH,18.7,0.5,9.35,train,9.513373,10.007132,10.567005
2483,ODH_charity_0616:row:2483,13760,COc1ccc(cc1)\C=C\2CCC[C@H]2O,ODH,16.2,0.8,12.96,train,13.565596,13.937779,14.371115
922,ODH_charity_0616:row:922,5172,O=C1Nc2ccccc2N[C@@H]1c3ccccc3,ODH,26.1,1.0,26.1,train,24.273563,24.994913,25.664312
4257,ODH_charity_0616:row:4257,22971,CCCC(=O)O\C(c1ccccc1)=C\2[C@H]([C@H](C)C=C2c3ccccc3)c4cccc(OC)c4,ODH,8.3,0.7,5.81,train,6.6699524,7.3514037,7.945987
3949,ODH_charity_0616:row:3949,21643,COc1ccc(C[C@H]2Oc3ccccc3N(Cc4ccccc4)C2=O)cc1OC,ODH,56.5,0.5,28.25,train,27.874271,28.709246,29.500559
2254,ODH_charity_0616:row:2254,12409,CN(CC[C@H](O)c1ccc(Cl)cc1)Cc2ccccc2,ODH,16.09,0.6,9.654,train,9.981989,10.502555,10.915353
1351,ODH_charity_0616:row:1351,7795,C[C@@H]1Cc2cccc(C)c2N1,ODH,12.4,1.0,12.4,train,11.752417,12.141161,12.608624
384,ODH_charity_0616:row:384,2087,FC(F)(F)CCCc1ccccc1[C@@H](NC(=O)c2ccccc2)c3cn(Cc4ccc(Br)cc4)c5ccccc35,ODH,11.59,1.0,11.59,train,12.538114,13.521809,14.298923
3953,ODH_charity_0616:row:3953,21671,CCOC(=O)[C@]1(N[S](=O)(=O)c2ccccc12)C#Cc3ccc(cc3)c4ccccc4,ODH,57.2,0.5,28.6,train,28.445986,29.400417,30.234442
3740,ODH_charity_0616:row:3740,20784,COc1ccc(C[C@@H]2[C@H](C=C(OC2=O)c3ccc(OC)cc3)c4ccccc4)cc1,ODH,47.5,0.75,35.625,train,34.964386,35.85663,36.660553
4312,ODH_charity_0616:row:4312,23213,COc1ccc(cc1)[C@H]2Cc3ccccc3[C@H](N2)c4ccccc4,ODH,10.3,0.8,8.24,train,7.6009674,8.006176,8.463378
3254,ODH_charity_0616:row:3254,18204,CC[C@]1(C(=O)OCC=C)C(=O)N(C(=O)C(c2ccccc2)c3ccccc3)c4ccccc14,ODH,19.0,0.5,9.5,train,8.965093,9.563785,10.060439
3355,ODH_charity_0616:row:3355,18644,Cc1ccc(cc1)[S](=O)(=O)N2C(=O)C[C@](C)(\C=C\c3ccccc3)C=C2c4ccccc4,ODH,22.0,0.7,15.4,train,15.408471,16.006989,16.487215
1452,ODH_charity_0616:row:1452,8350,COc1ccc(cc1)C2=NO[C@@H](CC(C)=C)C2,ODH,13.35,0.8,10.68,train,10.219644,10.592531,10.96158
1631,ODH_charity_0616:row:1631,9261,N[C@H](C(=[N+]=[N-])C(=O)c1ccccc1)C(F)(F)F,ODH,9.132,1.0,9.132,train,8.88038,9.335293,9.75153
1860,ODH_charity_0616:row:1860,10390,COC(=O)[C@@]1(CCCC1=O)[C@H](C[N+]([O-])=O)c2ccc(OC)cc2,ODH,19.21,1.0,19.21,train,17.453865,18.395102,19.072622
106,ODH_charity_0616:row:106,609,C[C@H](CC(=O)NC(C)(C)c1ccccn1)c2ccc3[nH]ccc3c2,ODH,7.1,1.0,7.1,train,6.6434627,7.0950017,7.529648
820,ODH_charity_0616:row:820,4701,O=C1Oc2c(N[C@@H]1c3ccccc3)ccc4ccccc24,ODH,22.4,1.0,22.4,train,21.73744,22.552164,23.296146
3887,ODH_charity_0616:row:3887,21345,CCC[C@@H]1N(CCCC1=C)c2ccc(OC)cc2,ODH,5.973,1.0,5.973,train,4.829107,5.12118,5.432865
1516,ODH_charity_0616:row:1516,8569,COc1ccccc1N2C(=O)OC[C@@]2(COCc3ccccc3)C=C,ODH,11.8,1.0,11.8,train,11.530293,12.007154,12.4849
3435,ODH_charity_0616:row:3435,19092,CCC[C@@H](Nc1ccc(OC)cc1)C(=C)CCCCCCCCCOCc2ccccc2,ODH,29.904,0.5,14.952,train,15.706946,16.554213,17.2849
3146,ODH_charity_0616:row:3146,17612,CC[C@H](C#Cc1cccc(OC)c1)c2ccccc2,ODH,26.49,0.7,18.543,train,18.488846,19.157576,19.789925
3529,ODH_charity_0616:row:3529,19662,Cc1cc2OC[C@](C)(Cn3cc(C)c4ccccc34)c2cc1C,ODH,29.3,0.5,14.65,train,15.734574,16.362898,17.02678
2158,ODH_charity_0616:row:2158,11913,Fc1cccc(c1)[C@@H]2CNc3ccccc3N2,ODH,22.4,0.6,13.44,train,12.591247,13.163793,13.667827
2089,ODH_charity_0616:row:2089,11538,N[C@@H](C(=[N+]=[N-])C(=O)c1cccc2ccccc12)C(F)(F)F,ODH,14.975,1.0,14.975,train,14.215136,14.828311,15.370902
3677,ODH_charity_0616:row:3677,20448,COC(=O)[C@]1(N[S](=O)(=O)c2ccccc12)C#Cc3ccccc3,ODH,42.2,0.5,21.1,train,20.350933,21.008974,21.557056
779,ODH_charity_0616:row:779,4418,CCC(=O)C[C@H]1CCCCN1C(=O)OCc2ccccc2,ODH,22.8,0.5,11.4,train,10.981388,11.547833,12.08842
1531,ODH_charity_0616:row:1531,8677,CC(C)(C)N1C(=O)N[C@H](C1=O)c2ccccc2,ODH,11.87,1.0,11.87,train,11.026041,11.338444,11.717245
1795,ODH_charity_0616:row:1795,10018,CC(=O)Oc1ccc(cc1)[C@@H](CN[S](=O)(=O)c2ccc(C)cc2)Sc3sc4ccccc4n3,ODH,14.8,1.0,14.8,train,14.3445215,15.004401,15.477477
2001,ODH_charity_0616:row:2001,11144,Cc1cc([C@H](C(=O)OCc2ccccc2)c3ccc(cc3)c4ccccc4)c(C)n1Cc5ccccc5,ODH,18.2,0.7,12.74,train,13.708402,14.41563,15.026318
2105,ODH_charity_0616:row:2105,11615,BrC[C@H]1CC(CN1[S](=O)(=O)c2ccccc2)(c3ccccc3)c4ccccc4,ODH,15.01,1.0,15.01,train,14.2335615,14.872861,15.4959755
414,ODH_charity_0616:row:414,2274,COC(=O)C[C@H](B1OC(C)(C)C(C)(C)O1)c2ccccc2,ODH,12.1,0.5,6.05,train,4.946268,5.3151927,5.7679033
3053,ODH_charity_0616:row:3053,16973,COc1cccc(c1)[C@H](C(C(=O)c2ccccc2)C(=O)c3ccccc3)C(=O)C=C(c4ccc(C)cc4)c5ccc(C)cc5,ODH,24.5,0.6,14.7,train,17.247482,18.183535,19.035288
1578,ODH_charity_0616:row:1578,8953,Clc1cccc2c1N(Cc3ccccc3)C(=O)[C@]24OC(=O)c5cccc6ccn4c56,ODH,14.0,0.8,11.2,train,10.78654,11.438133,12.038697
683,ODH_charity_0616:row:683,3872,CC[S](=O)(=O)[C@H](C)CC(=O)c1ccccc1,ODH,16.8,1.0,16.8,train,15.657051,16.164703,16.527763
2662,ODH_charity_0616:row:2662,14655,C[C@H](C#Cc1ccccc1)c2ccc3Sc4ccccc4C(=O)Cc3c2,ODH,19.45,0.7,13.615,train,12.47073,13.050692,13.699426
4022,ODH_charity_0616:row:4022,22000,CC(C)OC(=O)[C@@H](c1ccccc1)c2cc(C)n(Cc3ccccc3)c2C,ODH,6.3,0.7,4.41,train,4.513403,4.8147674,5.1019835
517,ODH_charity_0616:row:517,3049,CCOC(=O)C[C@@H](Sc1ccccc1)c2ccc3ccccc3c2,ODH,25.2,1.0,25.2,train,24.89089,25.76828,26.574741
1215,ODH_charity_0616:row:1215,7150,C[C@H](CC(C)=O)\C=C\c1sccc1,ODH,12.17,0.8,9.736,train,10.296018,10.67006,11.029007
1720,ODH_charity_0616:row:1720,9673,CCC[C@@H](C=C)c1n2ccccc2cc1c3ccccc3Br,ODH,12.802,0.7,8.9614,train,9.145515,9.85386,10.569563
4965,ODH_charity_0616:row:4965,25836,O[C@@H]([C@H](C=C)c1ccc(cc1)[N+]([O-])=O)C(=O)c2ccccc2,ODH,46.9,0.5,23.45,train,23.238083,24.069382,24.735765
4090,ODH_charity_0616:row:4090,22239,CCCC(=O)O\C(c1ccccc1)=C\2[C@@H]([C@H](C)C=C2c3ccccc3)c4cccc(Br)c4,ODH,6.6,0.7,4.62,train,4.682779,5.354289,6.048136
4479,ODH_charity_0616:row:4479,23906,C[C@H](N[S](=O)(=O)C(C)(C)C)c1cccc(C)c1,ODH,8.2,1.0,8.2,train,8.304334,8.563068,8.8286705
4452,ODH_charity_0616:row:4452,23802,CCCCC[C@@H](C=C)n1cc(CC#N)c2ccccc12,ODH,8.1,1.0,8.1,train,8.031844,8.637916,9.137221
700,ODH_charity_0616:row:700,4010,C1Cc2ccccc2N[C@@H]1c3occc3,ODH,18.7,0.5,9.35,train,8.792533,9.090129,9.48561
2827,ODH_charity_0616:row:2827,15675,C[C@H]1C[C@@H](O)c2cc(Cl)ccc2O1,ODH,25.758,0.5,12.879,train,12.787107,13.22995,13.636504
656,ODH_charity_0616:row:656,3770,C[C@@H]1Cc2ccccc2N[C@H]1c3ccc(C)cc3,ODH,17.4,0.5,8.7,train,9.150542,9.651988,10.111363
4964,ODH_charity_0616:row:4964,25829,O=C1OC(=C[C@@H]([C@@H]1Cc2ccccc2)c3ccccc3)c4ccccc4,ODH,75.4,0.5,37.7,train,33.731052,34.614094,35.42745
1775,ODH_charity_0616:row:1775,9976,N[C@@H](C(=[N+]=[N-])C(=O)c1ccc(Cl)c(Cl)c1)C(F)(F)F,ODH,13.164,1.0,13.164,train,13.626591,14.187089,14.668187
4679,ODH_charity_0616:row:4679,24593,C[C@H](CC(C)=O)\C=C\c1ccccc1C,ODH,9.99,0.8,7.992,train,7.850351,8.092415,8.332097
554,ODH_charity_0616:row:554,3265,O=C[C@@H]1[C@@H](c2ccc3ccccc3c2)[C@@]14CCC4(c5ccccc5)c6ccccc6,ODH,10.42,1.0,10.42,train,11.673392,12.488538,13.215439
2393,ODH_charity_0616:row:2393,13180,O=C([C@@H]1CCc2ccccc2N1)c3ccccc3,ODH,17.1,0.7,11.97,train,11.3101225,11.730449,12.171729
3930,ODH_charity_0616:row:3930,21550,CCOC(=O)[C@@H]1c2ccccc2C(=O)N3[C@]1(CO)c4ccccc4[S]3(=O)=O,ODH,69.7,0.5,34.85,train,32.339832,33.297756,34.0926
2436,ODH_charity_0616:row:2436,13406,COC(=O)[C@@H]1Cc2ccc(Br)cc2CO1,ODH,17.42,1.0,17.42,train,16.16453,16.654129,17.126156
263,ODH_charity_0616:row:263,1477,CCOC(OCC)[C@H](N)c1cccc(C)c1,ODH,9.8,0.8,7.84,train,7.695437,8.072315,8.388923
699,ODH_charity_0616:row:699,4009,C1Cc2ccccc2N[C@H]1c3occc3,ODH,20.4,0.5,10.2,train,10.403654,10.801036,11.280577
3515,ODH_charity_0616:row:3515,19559,OCCC[C@@H](O)c1ccccc1,ODH,31.48,0.8,25.184,train,25.33223,25.887938,26.314125
1579,ODH_charity_0616:row:1579,8954,Clc1cccc2c1N(Cc3ccccc3)C(=O)[C@@]24OC(=O)c5cccc6ccn4c56,ODH,12.1,0.8,9.68,train,9.934041,10.652186,11.299846
2380,ODH_charity_0616:row:2380,13147,CCCCCCCCCCC(=C)[C@H](CCC)Nc1ccc(OC)cc1,ODH,17.071,0.3,5.1213,train,5.094931,5.759993,6.3524637
1988,ODH_charity_0616:row:1988,11055,CC[C@@](C)(CO)c1ccccc1,ODH,12.8,1.0,12.8,train,13.535529,13.959267,14.379726
1588,ODH_charity_0616:row:1588,8994,COC(=O)c1ccc(cc1)[C@](C)(C=O)c2ccc(cc2)C(C)C,ODH,12.78,0.5,6.39,train,6.159959,6.466519,6.805783
3403,ODH_charity_0616:row:3403,18894,COC(=O)CCNC(=O)[C@](NC(=O)c1ccccc1)(C(=O)OCc2ccccc2)c3ccccc3,ODH,31.5,1.0,31.5,train,30.427351,31.530674,32.668446
585,ODH_charity_0616:row:585,3404,CC1(C)CN(C(=O)Nc2cc(cc(c2)C(F)(F)F)C(F)(F)F)[C@@](CN)(C1)c3ccccc3,ODH,25.43,0.8,20.344,train,19.743595,20.59912,21.309576
2735,ODH_charity_0616:row:2735,15100,CCCCC(=O)[C@@H](NC(=O)OC(C)(C)C)c1cccc(C)c1,ODH,20.3,0.5,10.15,train,9.356593,9.924456,10.467372
1232,ODH_charity_0616:row:1232,7232,Clc1ccc2OC(=O)[C@@H](Nc2c1)c3ccccc3,ODH,10.6,0.7,7.42,train,9.004115,9.577392,10.047266
4803,ODH_charity_0616:row:4803,25131,Fc1cccc2OC(=O)C[C@H](c3ccccc3)c12,ODH,10.84,1.0,10.84,train,10.770943,11.312532,11.787642
2739,ODH_charity_0616:row:2739,15117,C1Nc2ccccc2N[C@H]1c3ccc4ccccc4c3,ODH,20.3,0.6,12.18,train,11.8066025,12.297856,12.783435
2817,ODH_charity_0616:row:2817,15591,CCCCC[C@@H](C=C)c1c[nH]c2cccc(OC)c12,ODH,21.2,1.0,21.2,train,22.317945,23.138176,23.860699
1492,ODH_charity_0616:row:1492,8459,C=C[C@H](NC(=O)c1ccccc1)c2ccccc2,ODH,18.171,1.0,18.171,train,17.347254,17.94415,18.508778
961,ODH_charity_0616:row:961,5421,C1Cc2ccccc2N[C@@H]1CNc3ccccc3,ODH,26.1,1.0,26.1,train,25.420652,26.07154,26.677717
3032,ODH_charity_0616:row:3032,16809,Fc1cccc2N(Cc3ccccc3)C(=O)[C@@H](Cc4ccccc4)Oc12,ODH,24.1,0.5,12.05,train,10.869143,11.287427,11.647878
2392,ODH_charity_0616:row:2392,13179,O=C([C@H]1CCc2ccccc2N1)c3ccccc3,ODH,18.6,0.7,13.02,train,11.880198,12.3307705,12.83758
164,ODH_charity_0616:row:164,964,CC(C)OC(=O)[C@H](O)c1sccc1,ODH,8.3,1.0,8.3,train,9.383063,9.766587,10.136271
4390,ODH_charity_0616:row:4390,23566,CC[C@@]1(N(c2cc(C)c(C)cc2C1=C)[S](=O)(=O)C(F)(F)F)c3ccc(Br)cc3,ODH,8.23,0.5,4.115,train,3.426551,3.8433115,4.311783
2842,ODH_charity_0616:row:2842,15733,CC(C)Oc1ccccc1[C@H](CCCc2ccccc2)C(F)(F)F,ODH,17.56,0.5,8.78,train,9.116233,9.612973,10.04767
1998,ODH_charity_0616:row:1998,11121,O[C@H]([C@@H](C=C)c1ccccc1)c2cccc(c2)[N+]([O-])=O,ODH,12.5,1.0,12.5,train,12.021275,12.569957,12.859075
738,ODH_charity_0616:row:738,4207,O[C@@H]1C[C@H](N(O1)C(=O)OCc2ccccc2)c3ccccc3,ODH,17.1,1.0,17.1,train,16.938028,17.615673,18.106512
4937,ODH_charity_0616:row:4937,25660,C[C@H](N[S](=O)(=O)C(C)(C)C)c1ccc(C)cc1C,ODH,9.8,1.0,9.8,train,8.076921,8.40904,8.787627
2752,ODH_charity_0616:row:2752,15202,CC(=O)SC[C@@H](CO)c1ccccc1,ODH,19.0,1.0,19.0,train,18.516874,19.014069,19.38514
4918,ODH_charity_0616:row:4918,25588,C[C@@H](O)c1ccc(Cl)cc1,ODH,8.89,1.0,8.89,train,9.166017,9.396221,9.658189
3897,ODH_charity_0616:row:3897,21398,CCC[C@@H](\C=C\C(=O)Oc1ccc(F)cc1)N2C(=O)C3CC=CCC3C2=O,ODH,37.0,0.8,29.6,train,29.037457,30.156307,30.847046
3771,ODH_charity_0616:row:3771,20922,C[C@@H](\C=C\c1ccccc1Cl)[C@@](C)(N)C(=O)OC(C)(C)C,ODH,6.2,1.0,6.2,train,6.7929926,7.4121895,8.08326
689,ODH_charity_0616:row:689,3908,CCOC(=O)C[C@@H](Sc1ccc(OC)cc1)c2ccccc2,ODH,11.1,1.0,11.1,train,11.18482,11.68025,12.215121
4026,ODH_charity_0616:row:4026,22004,Cc1ccc(cc1)c2oc(C)c3Cc4ccccc4N5CCCC[C@H]5c23,ODH,7.4,0.6,4.44,train,3.9531395,4.402086,4.766011
283,ODH_charity_0616:row:283,1624,CC(C)c1cccc(C(C)C)c1NC[C@H]2CCc3cccc(C)c3N2,ODH,10.3,1.0,10.3,train,10.921752,11.179267,11.524924
1840,ODH_charity_0616:row:1840,10294,CC[C@H](CC=O)c1c[nH]c2ccccc12,ODH,13.59,1.0,13.59,train,13.905364,14.426529,14.878227
2191,ODH_charity_0616:row:2191,12111,COc1ccc(\C=C\[C@@H]2Cc3cc(C)c(C)cc3N2[S](=O)(=O)C(F)(F)F)cc1,ODH,16.9,0.5,8.45,train,8.305201,8.778573,9.281709
4510,ODH_charity_0616:row:4510,24008,CCc1ccc(C[C@H](B2OC(C)(C)C(C)(C)O2)N3CCOC3=O)cc1,ODH,6.6,1.0,6.6,train,6.5003676,6.8979225,7.376301
1192,ODH_charity_0616:row:1192,7070,O[C@]1(C(=C)c2ccccc2)C(=O)N(Cc3ccccc3)c4ccccc14,ODH,8.41,1.0,8.41,train,8.645923,9.227382,9.770349
4027,ODH_charity_0616:row:4027,22005,Cc1ccc(cc1)c2oc(C)c3Cc4ccccc4N5CCCC[C@@H]5c23,ODH,6.3,0.6,3.78,train,3.2842288,3.834688,4.2402196
1228,ODH_charity_0616:row:1228,7202,CC(C)OC(=O)[C@@H](c1ccccc1)c2c(C)n(Cc3ccccc3)c4ccccc24,ODH,10.6,0.7,7.42,train,8.069393,8.454602,8.773938
4689,ODH_charity_0616:row:4689,24639,C[C@H](N[S](=O)(=O)C(C)(C)C)c1cccc(F)c1,ODH,8.9,1.0,8.9,train,8.914235,9.260179,9.550118
1358,ODH_charity_0616:row:1358,7830,CC1(C)OB(OC1(C)C)[C@H](Cc2ccccc2F)N3CCOC3=O,ODH,11.1,1.0,11.1,train,9.536062,10.04072,10.574589
2884,ODH_charity_0616:row:2884,15905,CC1=C([C@@H](CC(=O)O1)c2ccccc2)C(=O)c3ccccc3,ODH,21.8,0.7,15.26,train,14.498256,15.161353,15.700777
176,ODH_charity_0616:row:176,1002,COC(=O)[C@H](C)CC=O,ODH,8.4,1.0,8.4,train,8.1721,8.384183,8.627884
213,ODH_charity_0616:row:213,1186,CCCC[C@H](CC(=O)c1ccccc1)[S](=O)(=O)c2ccc(C)cc2,ODH,16.2,1.0,16.2,train,15.428217,16.08517,16.714878
364,ODH_charity_0616:row:364,1976,CC(C)OC(=O)[C@H](O)c1ccccc1,ODH,11.2,1.0,11.2,train,10.320032,10.674589,11.001837
1710,ODH_charity_0616:row:1710,9632,Cc1cccc(c1)[C@@H]2c3cc4OCOc4cc3OC(=C2C#N)N,ODH,12.8,0.7,8.96,train,10.094145,10.703579,11.206492
3865,ODH_charity_0616:row:3865,21269,C[C@@H](\C=C\c1sccc1)[C@@](C)(N)C(=O)OC(C)(C)C,ODH,8.6,1.0,8.6,train,8.013878,8.538855,9.162282
3253,ODH_charity_0616:row:3253,18191,COC(=O)C[C@](C)(O)c1cccc(OC)c1,ODH,28.7,0.5,14.35,train,14.372488,14.880667,15.356476
4463,ODH_charity_0616:row:4463,23846,C[C@H](C(=O)OCc1ccccc1)c2cc(C)n(Cc3ccccc3)c2C,ODH,8.1,0.7,5.67,train,5.607602,6.0158997,6.4425488
1912,ODH_charity_0616:row:1912,10639,N[C@H](C(=[N+]=[N-])C(=O)c1ccc(Br)cc1)C(F)(F)F,ODH,12.114,1.0,12.114,train,12.682882,13.312821,13.836596
142,ODH_charity_0616:row:142,791,Fc1ccc(cc1)C(=O)[C@@]2(OCCC[C@H]2Cl)c3ccc(F)cc3,ODH,7.77,1.0,7.77,train,7.464898,8.101055,8.602781
4686,ODH_charity_0616:row:4686,24610,Fc1ccc(O[C@@H](C(=O)OCc2ccccc2)c3ccccc3)cc1,ODH,8.9,1.0,8.9,train,9.993568,10.717273,11.223139
3785,ODH_charity_0616:row:3785,20990,CC(C)C[C@@H](C=C)C(Cc1ccccc1)(C#N)C#N,ODH,5.25,1.0,5.25,train,5.16328,5.549379,5.923923
1050,ODH_charity_0616:row:1050,6151,C1Cc2ccccc2N[C@H]1CNc3ccc4ccccc4c3,ODH,42.2,1.0,42.2,train,36.24967,37.151844,37.936356
1896,ODH_charity_0616:row:1896,10577,COC(=O)[C@@H](O)c1ccc2ccccc2c1,ODH,13.89,1.0,13.89,train,19.267916,19.992643,20.63529
4945,ODH_charity_0616:row:4945,25724,CCC[C@@H](Nc1ccccc1)C=C,ODH,12.691,0.5,6.3455,train,7.0155997,7.458972,7.879313
524,ODH_charity_0616:row:524,3098,CCOC(=O)[C@@H](CC=O)Cc1ccccc1,ODH,14.8,1.0,14.8,train,14.264302,14.77962,15.243617
2813,ODH_charity_0616:row:2813,15570,CC(C)O[P](=O)(OC(C)C)[C@]12CC(=CC(=O)N1[S](=O)(=O)c3ccc(C)cc23)c4ccccc4,ODH,21.2,0.8,16.96,train,16.637346,17.089705,17.671076
301,ODH_charity_0616:row:301,1684,CC[C@@H](C#Cc1ccccc1F)c2ccccc2,ODH,11.32,0.5,5.66,train,4.92284,5.3123903,5.7228866
4606,ODH_charity_0616:row:4606,24364,CCC[C@H](O)c1ccccc1,ODH,8.61,1.0,8.61,train,8.870869,9.248075,9.539659
3429,ODH_charity_0616:row:3429,19069,COc1ccc(cc1)C2=C3CN(C[C@@H]3C=CCN2[S](=O)(=O)c4ccc(C)cc4)[S](=O)(=O)c5ccc(C)cc5,ODH,38.73,0.8,30.984,train,28.697645,29.57701,30.318796
3181,ODH_charity_0616:row:3181,17797,FC(F)(F)c1ccc(C[C@H]2Oc3ccccc3N(Cc4ccccc4)C2=O)cc1,ODH,27.2,0.5,13.6,train,11.02285,11.522336,12.064123
66,ODH_charity_0616:row:66,426,C[C@@H]1CCc2cc(F)ccc2N1,ODH,5.2,1.0,5.2,train,4.856131,5.2961454,5.658036
4233,ODH_charity_0616:row:4233,22875,COc1ccc(\C=C\[C@@H]2COc3cc4CCCc4cc3O2)cc1,ODH,7.2,1.0,7.2,train,7.0658717,7.483969,7.864191
2593,ODH_charity_0616:row:2593,14169,Cc1ccc(/C=C/C[C@@](C)(N)C(=O)OC(C)(C)C)cc1,ODH,18.7,0.5,9.35,train,9.928249,10.422663,10.991837
3801,ODH_charity_0616:row:3801,21046,C[C@@](C\C=C\c1ccccc1)(C=O)C2CCCCC2,ODH,6.415,1.0,6.415,train,6.120149,6.5976024,7.0708475
4695,ODH_charity_0616:row:4695,24661,CCCCC[C@@H](C=C)c1c[nH]c2c(Cl)cccc12,ODH,8.9,1.0,8.9,train,9.614035,10.206422,10.706304
1670,ODH_charity_0616:row:1670,9434,C[C@]1(COc2ccccc12)CC#Cc3ccccc3Cl,ODH,12.6,0.5,6.3,train,5.3992968,5.887948,6.387179
1444,ODH_charity_0616:row:1444,8331,CC(C)(C)OC(=O)N1OCC[C@@H]1Cc2cccc(C=O)c2,ODH,9.378,0.8,7.5024,train,7.573459,7.8595133,8.239028
3066,ODH_charity_0616:row:3066,17074,Cc1ccc(cc1)[C@H](C[N+]([O-])=O)c2ccc(F)cc2,ODH,24.9,1.5,37.35,train,35.36316,36.424908,37.17495
282,ODH_charity_0616:row:282,1623,CC(C)c1cccc(C(C)C)c1NC[C@@H]2CCc3cccc(C)c3N2,ODH,11.1,1.0,11.1,train,11.708545,11.981963,12.364962
257,ODH_charity_0616:row:257,1452,CC1(C)CC[C@H](O)c2ccccc12,ODH,9.7,1.0,9.7,train,10.29769,10.6220665,11.007402
4238,ODH_charity_0616:row:4238,22906,C[C@H](NC(=O)OC(C)(C)C)[C@H](O)c1ccccc1,ODH,7.84,0.8,6.272,train,5.242535,5.552807,5.833319
3622,ODH_charity_0616:row:3622,20163,CC[Si](CC)(CC)[C@H](C(=O)OC)c1ccccc1,ODH,4.55,1.0,4.55,train,4.8390822,5.24169,5.632809
3820,ODH_charity_0616:row:3820,21133,COC(=O)[C@@H](O)c1ccc(C)cc1,ODH,5.55,2.0,11.1,train,10.732154,11.060213,11.397425
1769,ODH_charity_0616:row:1769,9932,CCOc1ccc2sc(S[C@@H](CN[S](=O)(=O)c3ccc(C)cc3)c4ccccc4)nc2c1,ODH,13.1,1.0,13.1,train,12.128532,12.728986,13.249736
3623,ODH_charity_0616:row:3623,20171,C[C@@H](\C=C\c1ccc(F)cc1)[C@@](C)(N)C(=O)OC(C)(C)C,ODH,5.3,1.0,5.3,train,4.434503,4.8602557,5.3702784
1764,ODH_charity_0616:row:1764,9921,COC(=O)[C@H](F)CCc1cccc2ccccc12,ODH,13.9,1.0,13.9,train,12.382696,13.027086,13.582409
3969,ODH_charity_0616:row:3969,21734,C[C@H](COC=O)c1ccc(cc1)c2ccccc2,ODH,54.3,0.5,27.15,train,26.762478,27.606544,28.34432
856,ODH_charity_0616:row:856,4888,O=C1C[C@H](COCc2ccccc2)C[C@@]13[C@H](Cc4ccccc34)Sc5ccccc5,ODH,12.05,1.0,12.05,train,12.659315,13.408681,14.007818
1767,ODH_charity_0616:row:1767,9924,C[C@@H](COC=O)c1ccc(C)cc1,ODH,13.1,0.5,6.55,train,6.7145996,7.0798807,7.4216657
2426,ODH_charity_0616:row:2426,13345,COc1ccc(OC)c(c1)[C@@H](O)C(O)=O,ODH,17.33,0.8,13.864,train,13.44372,14.03122,14.575039
4863,ODH_charity_0616:row:4863,25353,CC(C)Cc1ccc(cc1)[C@H](O)C(O)=O,ODH,7.11,0.8,5.688,train,5.7426,6.0462403,6.367269
1313,ODH_charity_0616:row:1313,7556,CC[C@@]1(N(c2ccc(C)cc2C1=C)[S](=O)(=O)C(F)(F)F)c3ccc(C)cc3,ODH,8.39,1.0,8.39,train,8.85414,9.247803,9.781834
3280,ODH_charity_0616:row:3280,18288,N[C@@H](C(=[N+]=[N-])C(=O)c1ccc(cc1)C#N)C(F)(F)F,ODH,29.187,1.0,29.187,train,29.024172,29.778938,30.471432
187,ODH_charity_0616:row:187,1046,CC[C@@H](C#Cc1cccc(F)c1)c2ccccc2,ODH,9.2,0.5,4.6,train,4.316067,4.7563167,5.1840067
2377,ODH_charity_0616:row:2377,13127,Cn1cc([C@@H]\2[C@H](CC2=C/N(c3ccc(Br)cc3)[S](=O)(=O)c4ccc(C)cc4)c5ccccc5)c6ccccc16,ODH,14.48,0.8,11.584,train,12.115905,12.849031,13.562647
1103,ODH_charity_0616:row:1103,6564,CC(C)Cc1ccc(cc1)[C@H](C)C(=O)OC(c2ccccc2)c3ccccc3,ODH,10.0,0.5,5.0,train,6.172574,6.4992733,6.7553916
3062,ODH_charity_0616:row:3062,17022,O[C@@H]([C@H](C=C)c1ccccc1)C(=O)c2ccc(Br)cc2,ODH,37.2,0.5,18.6,train,16.221571,16.887074,17.464792
3226,ODH_charity_0616:row:3226,18084,Brc1cccc(C[C@H]2CN(Cc3ccccc3)C2=O)c1,ODH,28.3,1.0,28.3,train,27.760513,28.395952,28.885338
3144,ODH_charity_0616:row:3144,17600,COc1ccc2O[C@@H](CCc3ccccc3)C[C@@H](O)c2c1,ODH,40.748,0.8,32.5984,train,31.974524,32.887573,33.659527
214,ODH_charity_0616:row:214,1187,CCCC[C@@H](CC(=O)c1ccccc1)[S](=O)(=O)c2ccc(C)cc2,ODH,8.9,1.0,8.9,train,8.506235,8.95517,9.364519
203,ODH_charity_0616:row:203,1151,CCCCC[C@H]1Cc2ccccc2N1,ODH,6.7,0.8,5.36,train,6.0889173,6.5612917,6.992118
1184,ODH_charity_0616:row:1184,7039,CSCC[C@@](N)(C\C=C\c1ccccc1)C(=O)OC(C)(C)C,ODH,6.8,1.0,6.8,train,6.5066295,6.9703116,7.3876495
4732,ODH_charity_0616:row:4732,24812,C=C[C@H](C1CC1)C(Cc2ccccc2)(C#N)C#N,ODH,9.04,1.0,9.04,train,8.268602,8.932492,9.46512
4656,ODH_charity_0616:row:4656,24520,Fc1ccccc1[C@@]2(CCC(=O)O2)C(=O)OC(c3ccccc3)c4ccccc4,ODH,8.8,0.75,6.6,train,6.9272094,7.620425,8.158042
4273,ODH_charity_0616:row:4273,23044,CC(C)OC(=O)[C@@]1(CCC(=O)O1)c2ccccc2,ODH,8.1,0.75,6.075,train,5.9276233,6.2690406,6.6325145
4460,ODH_charity_0616:row:4460,23843,CC(C)(O)C[C@H]1CCc2ccccc2N1,ODH,9.4,0.8,7.52,train,8.603689,9.120146,9.583238
672,ODH_charity_0616:row:672,3837,COc1ccc(Cn2cc([C@H](NC(=O)c3ccccc3)c4ccccc4CCCC(F)(F)F)c5ccccc25)cc1,ODH,17.76,1.0,17.76,train,16.946022,17.880648,18.759832
244,ODH_charity_0616:row:244,1408,Clc1ccc(cc1)C(=O)[C@@]2(OCCC[C@@H]2Br)c3ccc(Cl)cc3,ODH,8.28,1.0,8.28,train,7.872973,8.356335,8.84915
2630,ODH_charity_0616:row:2630,14414,O[C@@]1([C@H](C=C)c2ccc(F)cc2)C(=O)N(Cc3cccc4ccccc34)c5ccccc15,ODH,19.045,1.0,19.045,train,18.319174,19.15702,19.962442
3520,ODH_charity_0616:row:3520,19568,Cc1ccc(cc1)[C@@H](C[N+]([O-])=O)c2cccc(c2)C(F)(F)F,ODH,35.8,1.5,53.7,train,47.57937,48.80215,49.694416
1800,ODH_charity_0616:row:1800,10091,COC(=O)[C@H]1[C@H](c2ccc(C)cc2)c3ccccc3OC1=O,ODH,14.8,0.7,10.36,train,9.7454195,10.155963,10.571232
2465,ODH_charity_0616:row:2465,13629,CC[C@@H](O)c1ccc(OC)cc1,ODH,17.8,1.0,17.8,train,17.67777,18.083038,18.444864
2478,ODH_charity_0616:row:2478,13720,C1Cc2cc3OCOc3cc2N[C@H]1c4ccccc4,ODH,17.91,1.0,17.91,train,16.60701,17.387672,18.011799
1442,ODH_charity_0616:row:1442,8329,C[C@@](C\C=C\C=C\c1ccccc1)(C=O)c2ccc3ccccc3c2,ODH,14.455,1.0,14.455,train,14.322942,14.990403,15.608497
3819,ODH_charity_0616:row:3819,21132,COC(=O)[C@H](O)c1ccc(C)cc1,ODH,4.73,2.0,9.46,train,9.266257,9.645169,10.005599
3919,ODH_charity_0616:row:3919,21501,FCCCCC[C@@]1(CI)COc2ccccc12,ODH,55.4,0.75,41.55,train,41.36514,42.43658,43.41903
2449,ODH_charity_0616:row:2449,13512,C[C@@H](O)c1ccccc1,ODH,17.61,0.6,10.566,train,10.582542,10.829179,11.1070175
1387,ODH_charity_0616:row:1387,8009,CCOC(=O)[C@]1(CC(=C)Cc2ccccc2)[C@@H](Oc3ccccc3C1=O)c4ccccc4,ODH,12.7,1.0,12.7,train,12.529484,13.280676,13.955386
3487,ODH_charity_0616:row:3487,19324,O[C@@H]1[C@@H]2O[C@@H]2C(=O)c3cc4CCCCc4cc13,ODH,30.8,0.8,24.64,train,22.853277,23.802399,24.60674
2939,ODH_charity_0616:row:2939,16207,COc1ccc(cc1)[C@H]2CCc3ccccc3N2,ODH,22.55,0.6,13.53,train,13.442366,13.874113,14.394607
356,ODH_charity_0616:row:356,1947,COCCO[C@@H](NC(=O)c1ccccc1)c2ccccc2CCCC(F)(F)F,ODH,11.11,1.0,11.11,train,11.429567,12.116375,12.606912
1817,ODH_charity_0616:row:1817,10186,CC(C)CC[C@@H]1Nc2ccccc2C[C@H]1N3C(=O)c4ccccc4C3=O,ODH,13.4,0.6,8.04,train,7.6438766,8.169131,8.687579
3351,ODH_charity_0616:row:3351,18633,CC(C)[C@H]1C=C[C@H]2CN(CC2=C(C)N1[S](=O)(=O)c3ccc(C)cc3)[S](=O)(=O)c4ccc(C)cc4,ODH,26.11,0.8,20.888,train,21.526442,21.973217,22.583084
3308,ODH_charity_0616:row:3308,18430,C[C@H](COC=O)c1ccc(Cl)cc1,ODH,30.6,0.5,15.3,train,15.242427,15.8846445,16.381195
615,ODH_charity_0616:row:615,3546,O[C@H]1CCCc2cccnc12,ODH,16.4,1.0,16.4,train,16.70285,17.227839,17.750212
3022,ODH_charity_0616:row:3022,16773,FC(F)(F)c1ccc2O[C@@H](Cc3ccccc3)C(=O)N(Cc4ccccc4)c2c1,ODH,16.7,0.5,8.35,train,7.487681,8.029181,8.606948
2186,ODH_charity_0616:row:2186,12096,COc1ccccc1C2=CC[C@]3(C)COc4cccc2c34,ODH,15.7,0.5,7.85,train,6.9465766,7.5148196,8.026786
2908,ODH_charity_0616:row:2908,16037,CC(=O)C1=C(C)OC(=O)C[C@@H]1c2ccc(C)cc2,ODH,29.0,0.7,20.3,train,19.223778,19.83461,20.498135
4465,ODH_charity_0616:row:4465,23848,CC[C@H](C#Cc1ccccc1)c2cccc(Cl)c2,ODH,8.1,0.7,5.67,train,4.996508,5.584468,6.1107645
540,ODH_charity_0616:row:540,3232,Clc1cccc(c1)[C@@H]2COc3ccccc3N2,ODH,11.0,1.0,11.0,train,10.827496,11.259297,11.626849
1788,ODH_charity_0616:row:1788,10001,CC(C)(C)OC(=O)[C@](C)(N)C\C=C\c1cccc(Cl)c1,ODH,13.2,0.5,6.6,train,6.0417643,6.4231415,6.857483
754,ODH_charity_0616:row:754,4233,C[C@@H](CC(=O)c1cccc(C)c1)[S](=O)(=O)c2ccc(C)cc2,ODH,19.8,0.5,9.9,train,11.0773535,11.546423,12.032163
2501,ODH_charity_0616:row:2501,13817,O=C1CC[C@H](Cc2ccccc2)O1,ODH,18.1,1.0,18.1,train,17.188131,17.673353,18.123642
3252,ODH_charity_0616:row:3252,18190,COC(=O)C[C@@](C)(O)c1cccc(OC)c1,ODH,24.8,0.5,12.4,train,12.259056,12.712407,13.142446
2513,ODH_charity_0616:row:2513,13845,COc1ccc(N[C@@H](CCc2ccccc2)C(F)(F)F)cc1,ODH,18.1,0.8,14.48,train,14.429747,15.060699,15.632393
3288,ODH_charity_0616:row:3288,18330,COC(=O)c1ccc(cc1)[C@@](C)(CO)c2cccc(OC)c2,ODH,29.33,0.6,17.598,train,16.48902,17.047508,17.653711
4541,ODH_charity_0616:row:4541,24098,CC(C)[C@@H](C#Cc1ccccc1)c2ccccc2,ODH,9.02,0.7,6.314,train,8.88609,9.270146,9.689576
1253,ODH_charity_0616:row:1253,7291,CC(C)(C)OC(=O)N1OCC[C@H]1Cc2ccc(C=O)cc2,ODH,10.645,0.8,8.516,train,9.162912,9.409582,9.757096
103,ODH_charity_0616:row:103,588,CCOC(=O)C[C@H](B1OC(C)(C)C(C)(C)O1)c2cccc(C)c2,ODH,8.5,0.5,4.25,train,3.929667,4.3013597,4.6711
183,ODH_charity_0616:row:183,1038,COc1ccc(C)cc1[C@H](O)C(=O)OC(C)C,ODH,7.7,1.0,7.7,train,7.220336,7.627969,7.986196
3816,ODH_charity_0616:row:3816,21114,COc1ccccc1[C@](c2[nH]c(C)cc2)(c3[nH]c4ccccc4c3c5ccccc5)c6ccccc6,ODH,5.5,1.0,5.5,train,5.7806196,6.9805036,7.9256945
3745,ODH_charity_0616:row:3745,20825,COC(=O)[C@@H](Cc1ccc(Br)cc1)NC(=O)c2ccccc2OC,ODH,51.0,0.8,40.8,train,39.248016,40.377857,41.337852
4187,ODH_charity_0616:row:4187,22673,COc1ccc(cc1)C2=CC(=O)O[C@@](C2)(c3ccccc3)C(F)(F)F,ODH,69.5,0.75,52.125,train,49.918488,51.30582,52.482353
4136,ODH_charity_0616:row:4136,22406,COC(=O)[C@@H](SCc1ccccc1)c2ccccc2,ODH,6.43,1.0,6.43,train,6.5929213,7.0815125,7.5302625
3536,ODH_charity_0616:row:3536,19711,C=CC[C@]12COC(=O)N1[S](=O)(=O)c3ccccc23,ODH,30.5,1.0,30.5,train,29.7264,30.413153,30.97011
170,ODH_charity_0616:row:170,996,CC(C)OC(=O)[C@H](O)c1cc(C)cc(C)c1,ODH,8.4,1.0,8.4,train,7.332744,7.680562,7.9652076
1468,ODH_charity_0616:row:1468,8396,CCC(=O)[C@@](CC)(c1ccc(O)cc1)c2ccccc2F,ODH,13.6,1.0,13.6,train,14.710789,15.364286,15.996584
3754,ODH_charity_0616:row:3754,20867,C=C[C@H](CCc1ccccc1)C(Cc2ccc(cc2)C#N)(C#N)C#N,ODH,49.73,1.0,49.73,train,46.32198,47.60965,48.830673
2480,ODH_charity_0616:row:2480,13728,CSc1ccc(cc1)C(=O)C(=[N+]=[N-])[C@H](N)C(F)(F)F,ODH,17.921,1.0,17.921,train,17.611357,18.219343,18.759998
1750,ODH_charity_0616:row:1750,9801,C[C@H](COC=O)c1ccc(Br)cc1,ODH,115.7,0.5,57.85,train,56.30495,57.493374,58.442505
1276,ODH_charity_0616:row:1276,7400,C[S@](=O)c1ccc2ccccc2c1,ODH,12.077,1.0,12.077,train,11.302089,11.634317,11.952524
3838,ODH_charity_0616:row:3838,21182,O[C@@H]1CCCC2(OCCO2)[C@@H]1c3ccc(cc3)C(F)(F)F,ODH,5.24,1.0,5.24,train,5.0978456,5.520979,5.9350944
3265,ODH_charity_0616:row:3265,18232,CC(C)O[P](=O)(OC(C)C)[C@]12CC(=CC(=O)N1[S](=O)(=O)c3ccccc23)c4ccccc4,ODH,28.9,0.8,23.12,train,23.090343,23.588913,24.224228
3631,ODH_charity_0616:row:3631,20195,CCCCC[C@H](C=C)n1ccc2ccccc12,ODH,5.4,1.0,5.4,train,5.0459275,5.4391127,5.819632
273,ODH_charity_0616:row:273,1582,F[C@@H]1CCCO[C@]1(C(=O)c2ccc(Br)cc2)c3ccc(Br)cc3,ODH,10.14,1.0,10.14,train,9.92921,10.631254,11.344693
1119,ODH_charity_0616:row:1119,6629,CC(=C)C[C@@]1(C)CC(=NO1)c2ccc(C)cc2,ODH,8.81,0.6,5.286,train,4.984988,5.22372,5.5735345
768,ODH_charity_0616:row:768,4321,C[C@@H]1Cc2ccccc2[C@@H]1O,ODH,17.6,1.0,17.6,train,17.302065,17.751038,18.235792
774,ODH_charity_0616:row:774,4363,CCOC(=O)[C@H]1N[S](=O)(=O)Oc2ccc(OC)cc12,ODH,20.5,1.0,20.5,train,21.56607,22.140327,22.629679
1518,ODH_charity_0616:row:1518,8577,Cc1ccc(cc1)[C@@H](CO)CCl,ODH,11.8,1.0,11.8,train,11.24558,11.53701,11.829281
827,ODH_charity_0616:row:827,4751,CCCC[C@@H]1Nc2ccccc2C[C@H]1C,ODH,28.5,0.3,8.55,train,9.419938,9.889215,10.385842
589,ODH_charity_0616:row:589,3420,COc1ccc(cc1)[C@@H]2COc3ccccc3N2,ODH,10.5,1.0,10.5,train,10.150061,10.638099,11.147938
1819,ODH_charity_0616:row:1819,10192,Clc1cc(Cl)cc(\C=C\[C@@H]2COC(=O)[C@]23CCC(=N3)c4ccccc4)c1,ODH,13.4,1.0,13.4,train,22.635817,23.754364,24.5991
1507,ODH_charity_0616:row:1507,8536,O[C@H](c1ccccc1)C(=O)c2ccccc2,ODH,16.95,1.0,16.95,train,15.646863,16.271574,16.82126
289,ODH_charity_0616:row:289,1641,O=C1N[C@H](CCc2ccccc2)CO1,ODH,10.3,1.0,10.3,train,11.196897,11.596209,11.929389
1023,ODH_charity_0616:row:1023,5987,CCCCC[C@@H]1Nc2ccccc2C[C@H]1CCCC,ODH,44.4,0.3,13.32,train,13.104327,13.796546,14.448584
2007,ODH_charity_0616:row:2007,11175,COc1ccc(cc1)[C@@H]2CCc3ccccc3N2,ODH,9.22,1.0,9.22,train,9.046987,9.327692,9.744422
1791,ODH_charity_0616:row:1791,10010,CC[C@H](COC=O)c1ccccc1,ODH,13.7,0.5,6.85,train,6.5928874,6.9601293,7.2674356
685,ODH_charity_0616:row:685,3884,O[C@@H](C[N+]([O-])=O)c1ccc(Cl)cc1,ODH,14.1,1.0,14.1,train,18.207453,18.898737,19.459885
1188,ODH_charity_0616:row:1188,7051,CC(C)(C)[S](=O)(=O)N[C@@H]1CCCc2ccccc12,ODH,8.6,1.0,8.6,train,7.9740853,8.179006,8.480739
310,ODH_charity_0616:row:310,1737,O=[S@](c1ccc2ccccc2c1)c3ccccn3,ODH,10.6,1.0,10.6,train,9.808785,10.268043,10.727916
2815,ODH_charity_0616:row:2815,15579,CCCNC(=O)[C@](C)(NC(=O)c1ccc(OC)cc1)C(=O)OCc2ccccc2,ODH,21.2,0.3,6.36,train,6.40065,6.930488,7.3373895
4475,ODH_charity_0616:row:4475,23900,C1CSC(SC1)([C@H](C=Cc2ccccc2)c3ccccc3)c4ccc5ccccc5c4,ODH,8.2,1.0,8.2,train,7.5453176,8.162887,8.750309
4506,ODH_charity_0616:row:4506,23993,COc1ccc(cc1)[C@H]2N[C@H](Cc3ccccc23)c4ccccc4,ODH,12.0,0.8,9.6,train,9.335466,9.873968,10.358052
849,ODH_charity_0616:row:849,4851,CC(O)(C[C@H]1CCc2ccccc2N1)c3ccccc3,ODH,23.5,0.6,14.1,train,14.247124,14.740025,15.274996
3678,ODH_charity_0616:row:3678,20449,Fc1ccc(cc1)[C@@H](Nc2ccccc2)C(=O)c3ccc(F)cc3,ODH,15.12,1.0,15.12,train,13.906898,14.649057,15.186624
3570,ODH_charity_0616:row:3570,19900,O[C@H]/1CCC1=C/c2ccc(OC(F)F)cc2,ODH,38.417,0.8,30.7336,train,30.256908,31.027918,31.695137
375,ODH_charity_0616:row:375,2028,CCCCCCCC[C@@H]1CCC2=C(CCCC2=O)N1,ODH,8.7,1.0,8.7,train,9.473835,10.545519,11.501179
1887,ODH_charity_0616:row:1887,10531,Cc1ccccc1C[C@H]2Cc3ccccc3N2,ODH,13.8,1.0,13.8,train,11.869385,12.556067,13.236972
4742,ODH_charity_0616:row:4742,24898,Cc1ccc(C[C@]2(C)CC(=NO2)c3ccccc3)cc1,ODH,9.1,0.8,7.28,train,6.823512,7.154609,7.485971
4061,ODH_charity_0616:row:4061,22134,Cc1ccc(cc1)[C@@H](Oc2ccccc2)C(=O)OCc3ccccc3,ODH,14.7,1.0,14.7,train,9.303435,9.950741,10.520436
94,ODH_charity_0616:row:94,520,CC(C)OC(=O)[C@@H](O)c1ccc(F)cc1,ODH,6.2,1.0,6.2,train,6.508642,6.8162827,7.0485425
919,ODH_charity_0616:row:919,5165,Fc1ccc(NC[C@@H]2CCc3ccccc3N2)cc1,ODH,23.8,1.0,23.8,train,24.420803,25.138659,25.780611
890,ODH_charity_0616:row:890,5041,Cc1cc(C)cc(c1)[C@@H]2CCCNC(=O)C2,ODH,31.0,0.5,15.5,train,14.8011675,15.274864,15.73213
1924,ODH_charity_0616:row:1924,10710,OC[C@@H]1COC2(CCOCC2)c3ccccc3O1,ODH,20.2,1.0,20.2,train,17.796564,18.387323,18.909454
4044,ODH_charity_0616:row:4044,22075,C1C[C@H](c2ccccc2)c3ccccc3O1,ODH,6.4,1.0,6.4,train,7.335147,7.699842,8.059459
3951,ODH_charity_0616:row:3951,21652,CCCCOc1ccccc1[C@](c2[nH]c(C)cc2)(c3ccccc3)c4ccc(O)cc4,ODH,56.7,1.0,56.7,train,56.108086,57.984383,59.678825
1237,ODH_charity_0616:row:1237,7239,COc1cccc(c1)[C@@]2(CCC(=O)O2)C(=O)OC(c3ccccc3)c4ccccc4,ODH,10.6,0.75,7.95,train,7.2955427,7.990064,8.568104
4279,ODH_charity_0616:row:4279,23057,CCCC(=O)O\C(c1ccccc1)=C\2[C@H]([C@H](C)C=C2c3ccccc3)c4ccc5ccccc5c4,ODH,9.5,0.7,6.65,train,6.053212,6.765183,7.408587
1822,ODH_charity_0616:row:1822,10206,C[C@@]1(C(=O)OCC=C)C(=O)N(C(=O)C(c2ccccc2)c3ccccc3)c4ccc(Br)cc14,ODH,13.4,0.8,10.72,train,11.029964,11.771021,12.392424
2178,ODH_charity_0616:row:2178,12047,CCOC(=O)[C@H]1[C@H](c2ccccc2)c3ccc(OC)cc3OC1=O,ODH,16.9,0.7,11.83,train,11.522553,12.03219,12.485872
4428,ODH_charity_0616:row:4428,23717,C[C@@H](Nc1ccccc1)C(=C)c2ccccc2,ODH,8.0,1.0,8.0,train,8.704566,9.11306,9.514484
3741,ODH_charity_0616:row:3741,20799,Cc1ccc(cc1)[C@@H]2NCCNC2=O,ODH,41.3,1.0,41.3,train,38.4313,39.37034,40.14785
1814,ODH_charity_0616:row:1814,10180,O[C@H]1[C@@H](C2=CC=CC=C2)CCC[C@@H](CCO)C1,ODH,14.82,1.0,14.82,train,14.904497,15.291147,15.594183
4104,ODH_charity_0616:row:4104,22291,CC(C)(C)c1ccc(C[C@H](B2OC(C)(C)C(C)(C)O2)N3CCOC3=O)cc1,ODH,5.9,1.0,5.9,train,6.0180616,6.5670447,7.129754
3278,ODH_charity_0616:row:3278,18280,OC[C@H](O)c1ccc(Br)cc1,ODH,29.1,0.9,26.19,train,25.469995,26.116241,26.684155
2240,ODH_charity_0616:row:2240,12317,OC[C@H]1COc2ccccc2O1,ODH,14.65,1.0,14.65,train,14.912657,15.414068,15.826086
38,ODH_charity_0616:row:38,254,C[C@@H]1CCc2cc(F)ccc2N1,ODH,4.8,1.0,4.8,train,4.4116488,4.8431916,5.194186
4784,ODH_charity_0616:row:4784,25072,O=C(OCc1ccccc1)[C@@H](Oc2ccc(cc2)c3ccccc3)c4ccccc4,ODH,22.8,1.0,22.8,train,12.201216,12.962137,13.64853
880,ODH_charity_0616:row:880,5018,COc1cccc(c1)[C@@H](CCO)C[N+]([O-])=O,ODH,18.28,1.0,18.28,train,18.192,18.867174,19.342943
1071,ODH_charity_0616:row:1071,6267,Cc1ccc(cc1)[S](=O)(=O)N[C@H](\C=C\c2ccccc2)c3ccccc3,ODH,33.632,0.5,16.816,train,16.652504,17.362991,17.972355
3528,ODH_charity_0616:row:3528,19653,COc1cccc(c1)[C@@H](O)CO,ODH,36.5,0.8,29.2,train,29.966862,30.638853,31.183971
35,ODH_charity_0616:row:35,234,C[C@H](CCCO)c1ccc(C)cc1,ODH,5.42,1.0,5.42,train,5.4032974,5.6430483,5.876329
533,ODH_charity_0616:row:533,3150,Cc1cc(cc(C)c1[C@@H](N)CO)C(C)(C)C,ODH,16.7,1.0,16.7,train,16.760416,17.283934,17.747786
379,ODH_charity_0616:row:379,2046,O=C1Oc2ccccc2N[C@H]1c3ccccc3,ODH,16.6,1.0,16.6,train,14.98929,15.593599,16.072315
534,ODH_charity_0616:row:534,3151,Cc1cc(cc(C)c1[C@H](N)CO)C(C)(C)C,ODH,14.99,1.0,14.99,train,14.547309,15.047263,15.45658
4265,ODH_charity_0616:row:4265,23000,O[C@H]/1CCCC1=C/c2ccc(Cl)cc2,ODH,7.35,1.0,7.35,train,6.2092943,6.512505,6.8610673
2564,ODH_charity_0616:row:2564,14061,Cc1cc(C)cc(c1)[P@](=O)(CC(=C)C(=O)OCc2ccccc2)c3c(C)cc(C)cc3C,ODH,18.5,0.6,11.1,train,10.177495,10.744529,11.178275
3843,ODH_charity_0616:row:3843,21203,CCCC(=O)O\C(c1ccccc1)=C\2[C@H]([C@H](C)C=C2c3ccccc3)c4cccnc4,ODH,7.3,0.75,5.475,train,5.5915275,6.2393503,6.881166
1935,ODH_charity_0616:row:1935,10742,C=CCC[S@](=O)c1ccccc1,ODH,18.514,1.0,18.514,train,18.24095,18.672731,19.050535
4423,ODH_charity_0616:row:4423,23707,Nc1ncnc2n(cnc12)[C@@H]/3CCC3=C/c4ccccc4,ODH,79.613,0.5,39.8065,train,38.585766,39.557858,40.40863
2779,ODH_charity_0616:row:2779,15398,O[C@@H]([C@@H](C=C)c1ccc(Cl)cc1)C(=O)c2ccccc2,ODH,16.5,0.5,8.25,train,7.4408975,7.869725,8.275143
2297,ODH_charity_0616:row:2297,12738,CC(=O)C1=C(C)OC(=O)C[C@H]1c2ccccc2,ODH,16.5,0.7,11.55,train,11.39337,11.815574,12.293107
3109,ODH_charity_0616:row:3109,17315,C\C(=C/C(=O)[C@H](CCc1ccccc1)C(C(=O)c2ccccc2)C(=O)c3ccccc3)c4ccccc4,ODH,25.5,0.6,15.3,train,13.640018,14.501211,15.270515
3687,ODH_charity_0616:row:3687,20506,FC(F)(F)c1cccc(c1)C2=NC(=O)C[C@H](S2)c3ccccc3,ODH,35.2,0.5,17.6,train,17.992662,18.735384,19.413134
4883,ODH_charity_0616:row:4883,25436,CCC[C@@H](NCc1ccccc1)C(=C)CC,ODH,26.543,0.5,13.2715,train,10.72564,11.134029,11.484807
4659,ODH_charity_0616:row:4659,24532,Clc1ccc(cc1)C2(SCCCS2)[C@@H](C=Cc3ccccc3)c4ccccc4,ODH,6.2,1.0,6.2,train,5.77558,6.296996,6.7907534
279,ODH_charity_0616:row:279,1604,C[C@H]1N[S](=O)(=O)Oc2ccc(C)cc12,ODH,10.2,0.8,8.16,train,8.170573,8.377744,8.657931
1292,ODH_charity_0616:row:1292,7458,Cc1ccc2OC(=O)C[C@@H](c3ccccc3)c2c1,ODH,10.81,1.0,10.81,train,10.726606,11.184142,11.662602
3176,ODH_charity_0616:row:3176,17772,C1Nc2ccccc2N[C@@H]1Cc3ccccc3,ODH,16.9,1.0,16.9,train,15.46121,15.994442,16.459133
2974,ODH_charity_0616:row:2974,16444,CCC(=O)C1=C(CC)OC(=O)C[C@@H]1c2ccccc2,ODH,39.6,0.75,29.7,train,28.47508,29.510086,30.381319
1225,ODH_charity_0616:row:1225,7188,Cc1cccc(c1)\C=C\2CC[C@@H]2O,ODH,10.598,0.8,8.4784,train,7.6892548,8.10523,8.446809
4281,ODH_charity_0616:row:4281,23066,CC#CC[C@@H](C#Cc1ccccc1)c2ccccc2,ODH,6.53,0.7,4.571,train,5.452567,5.9457135,6.385038
3894,ODH_charity_0616:row:3894,21362,Cc1ccc(cc1C)[C@H]2NCCNC2=O,ODH,50.2,1.0,50.2,train,48.31512,49.310875,50.12639
4499,ODH_charity_0616:row:4499,23976,CCOC[C@@H](C(=O)c1ccccc1)c2ccccc2,ODH,7.73,1.0,7.73,train,6.501004,6.929789,7.286441
199,ODH_charity_0616:row:199,1113,CC(C)OC(=O)[C@@H](CC=O)Cc1ccc(F)cc1,ODH,8.7,1.0,8.7,train,9.225556,9.574035,9.836674
3772,ODH_charity_0616:row:3772,20930,COC(=O)[C@H](O)c1cccc(OC)c1,ODH,4.42,2.0,8.84,train,8.484369,8.905194,9.334201
2077,ODH_charity_0616:row:2077,11499,CC(C)(C)OC(=O)[C@@](N)(CC=C)C\C=C\c1ccccc1,ODH,14.9,1.0,14.9,train,11.839313,12.384398,12.903117
3714,ODH_charity_0616:row:3714,20650,C[C@H](COC=O)c1ccc(F)cc1,ODH,42.8,0.5,21.4,train,20.990356,21.777964,22.340115
4254,ODH_charity_0616:row:4254,22966,COC(=O)N1C(=O)[C@@](C)([C@H](C=C)c2ccccc2)c3ccc(F)cc13,ODH,7.9,1.0,7.9,train,8.147172,8.658045,9.158723
3966,ODH_charity_0616:row:3966,21725,Cc1ccc(cc1)[S](=O)(=O)N2CCN[C@@H](C2=O)c3ccccc3,ODH,58.8,0.5,29.4,train,27.304644,27.959146,28.417416
1143,ODH_charity_0616:row:1143,6769,O[C@H]/1CCC1=C/c2cccc(F)c2,ODH,10.174,0.8,8.1392,train,7.6828656,8.028128,8.332362
2659,ODH_charity_0616:row:2659,14637,OC[C@@]1(COCCO1)C(F)(F)F,ODH,19.4,1.0,19.4,train,16.977016,17.495293,17.909933
4641,ODH_charity_0616:row:4641,24490,Cc1cccc(c1)[C@H](O)C(=O)c2cccc(C)c2,ODH,8.76,1.0,8.76,train,8.462112,8.934685,9.35601
1195,ODH_charity_0616:row:1195,7073,Cc1cccc(c1)[C@@H]2CC(=O)Oc3ccccc23,ODH,10.44,1.0,10.44,train,10.452186,10.959984,11.383635
2468,ODH_charity_0616:row:2468,13642,FC(F)(F)[C@]1(CC(=CC(=O)O1)\C=C\c2ccccc2)c3ccccc3,ODH,17.8,0.75,13.35,train,16.114471,16.926996,17.572773
4320,ODH_charity_0616:row:4320,23265,Cc1ccc(/C=C/C=C/C[C@](C)(C=O)c2ccccc2)cc1,ODH,8.707,1.0,8.707,train,8.5412,8.932054,9.302143
2281,ODH_charity_0616:row:2281,12591,CCC[S@@](=O)c1ccccc1,ODH,12.5,1.0,12.5,train,12.097576,12.459599,12.829187
1655,ODH_charity_0616:row:1655,9366,O=C[C@H]1COC2(CCC2)c3ccccc3O1,ODH,12.5,1.0,12.5,train,10.620108,11.081749,11.541843
3892,ODH_charity_0616:row:3892,21351,Clc1ccc(cc1)[C@H]2NCCNC2=O,ODH,50.0,1.0,50.0,train,47.867107,48.84174,49.62102
45,ODH_charity_0616:row:45,333,FC(F)(F)CCCc1ccccc1[C@H](NC(=O)c2ccccc2)OCCCBr,ODH,5.95,1.0,5.95,train,5.899949,6.523744,7.0480657
3960,ODH_charity_0616:row:3960,21692,Cc1oc(c2ccccc2)c([C@H](Nc3ccccc3)c4ccccc4)c1[C@@H](O)c5ccccc5,ODH,44.6,0.8,35.68,train,34.849945,36.018173,37.031075
2168,ODH_charity_0616:row:2168,11980,OC[C@@H](CCl)c1oc2ccccc2c1,ODH,15.5,1.0,15.5,train,15.656019,16.18991,16.61056
4288,ODH_charity_0616:row:4288,23088,FC(F)(F)Oc1ccc(cc1)C2=C(C[C@H](O2)C=C)C#N,ODH,7.466,1.0,7.466,train,7.1388283,7.774264,8.282707
2015,ODH_charity_0616:row:2015,11252,COc1cccc(c1)C(=O)C[C@H](CN[S](=O)(=O)c2ccc(C)cc2)C(C)=C,ODH,16.96,0.5,8.48,train,7.389939,7.966024,8.479811
616,ODH_charity_0616:row:616,3598,CCCCCC(=O)C[C@H]1CCCCN1C(=O)OCc2ccccc2,ODH,18.8,0.5,9.4,train,8.785222,9.374025,10.002251
4054,ODH_charity_0616:row:4054,22102,CC(C)[C@@H](c1ccccc1)c2cc(cc(c2)c3ccccc3)c4ccccc4,ODH,6.44,1.0,6.44,train,7.5091796,7.9579883,8.292052
4347,ODH_charity_0616:row:4347,23416,CC[C@H](C#Cc1ccccc1)c2ccc(Cl)cc2,ODH,7.79,0.7,5.453,train,5.121762,5.7275324,6.2963686
2370,ODH_charity_0616:row:2370,13101,C=C[C@H](C1CCCCC1)c2c[nH]c3ccccc23,ODH,17.0,1.0,17.0,train,17.013447,17.802044,18.515089
339,ODH_charity_0616:row:339,1864,CCOC(=O)[C@H](CC=O)Cc1occc1,ODH,14.6,1.0,14.6,train,13.396059,13.955303,14.514327
3179,ODH_charity_0616:row:3179,17791,FC(F)(F)[S](=O)(=O)N1[C@@H]2C=C(CC[C@@H]2c3cc(Br)c(Br)cc13)c4ccc(cc4)c5ccccc5,ODH,21.9,0.5,10.95,train,10.1519985,10.835274,11.475571
37,ODH_charity_0616:row:37,253,CC1(C)CN(C(=S)Nc2ccc(cc2)C(F)(F)F)[C@](C)(C1)c3ccccc3,ODH,5.58,1.0,5.58,train,5.5231767,6.006826,6.4185395
1001,ODH_charity_0616:row:1001,5818,COc1ccc([C@H]2CCc3ccccc3N2)c(OC)c1,ODH,59.4,0.6,35.64,train,32.960476,33.842255,34.652912
2940,ODH_charity_0616:row:2940,16213,CCOC(=O)C1=C(OC(=O)C[C@H]1c2ccccc2)c3ccccc3,ODH,18.6,0.7,13.02,train,12.414903,13.002338,13.522126
650,ODH_charity_0616:row:650,3747,CCOC(=O)C[C@@H](C#N)c1ccccc1,ODH,13.3,1.0,13.3,train,12.931518,13.419674,13.828194
3186,ODH_charity_0616:row:3186,17850,CCCC[C@@H]1C=Cc2cc(C)c(C)cc2[C@H]1O,ODH,32.37,1.0,32.37,train,31.13226,32.071934,32.848072
2703,ODH_charity_0616:row:2703,14940,[O-][N+](=O)C[C@@H](c1ccccc1)c2ccc(cc2)c3ccccc3,ODH,19.9,1.0,19.9,train,17.160362,17.78514,18.292913
552,ODH_charity_0616:row:552,3261,CC1(C)CN(C(=O)Nc2cc(cc(c2)C(F)(F)F)C(F)(F)F)[C@@](CN(Cc3ccccc3)Cc4ccccc4)(C1)c5ccccc5,ODH,17.2,0.4,6.88,train,7.1715426,7.9321446,8.452426
3159,ODH_charity_0616:row:3159,17693,Cc1ccc(cc1)[S](=O)(=O)N/C(c2ccccc2)=C3/[C@H]([C@@H](CC3=O)c4ccc(Br)cc4)c5ccc6ccccc6c5,ODH,34.8,0.75,26.1,train,26.416407,27.530731,28.522875
2825,ODH_charity_0616:row:2825,15666,IC[C@@]1(CCC(=O)O1)c2ccccc2,ODH,25.5,1.0,25.5,train,24.776005,25.487759,26.109695
1874,ODH_charity_0616:row:1874,10435,COc1ccccc1[C@@H](CO)CCl,ODH,13.7,1.0,13.7,train,12.744077,13.171961,13.511342
336,ODH_charity_0616:row:336,1835,Fc1cccc(c1)[C@@]2(CC(=NO2)c3ccccc3)CC(F)(F)F,ODH,10.83,0.8,8.664,train,4.8752127,5.4092765,5.863194
4035,ODH_charity_0616:row:4035,22025,CCC(COC(=O)[C@@H](NC(=O)c1ccc(cc1)C(C)(C)C)c2ccccc2Cl)(c3ccccc3)c4ccccc4,ODH,6.32,1.0,6.32,train,6.5669594,7.1903687,7.8398786
4815,ODH_charity_0616:row:4815,25162,Cc1cc([C@H](C(=O)OCc2ccccc2)c3cccc(Cl)c3)c(C)n1Cc4ccccc4,ODH,11.2,0.7,7.84,train,8.05877,8.612962,9.12133
859,ODH_charity_0616:row:859,4903,Clc1ccc(cc1Cl)[C@@H]2COc3ccccc3N2,ODH,14.0,1.0,14.0,train,13.349385,13.771299,14.198979
2384,ODH_charity_0616:row:2384,13152,COc1ccc(N[C@H](C(=O)c2ccccc2)c3ccccc3)cc1,ODH,17.08,1.0,17.08,train,17.137552,17.77312,18.37674
1024,ODH_charity_0616:row:1024,5990,C1Cc2ccccc2N[C@@H]1CNc3cccc4ccccc34,ODH,46.4,1.0,46.4,train,38.21169,39.34084,40.360798
4157,ODH_charity_0616:row:4157,22487,CC[C@@](C)(C\C=C\c1ccccc1)C=O,ODH,6.931,1.0,6.931,train,6.8107104,7.15198,7.394622
2778,ODH_charity_0616:row:2778,15390,[O-][N+](=O)[C@@]12Oc3ccccc3[C@@H]1CC(=C2)C(=O)OCc4ccccc4,ODH,18.75,0.5,9.375,train,10.12754,10.819549,11.330397
399,ODH_charity_0616:row:399,2175,CCCCCCC[C@H]1CCC2=C(CCCC2=O)N1,ODH,9.1,1.0,9.1,train,9.775115,10.709903,11.498886
3833,ODH_charity_0616:row:3833,21170,C[C@@H](O)c1cc(cc(c1)C(F)(F)F)C(F)(F)F,ODH,5.17,1.0,5.17,train,5.469973,5.89436,6.4088335
2658,ODH_charity_0616:row:2658,14636,OC[C@]1(COCCO1)C(F)(F)F,ODH,22.0,1.0,22.0,train,20.19616,20.882248,21.294245
2809,ODH_charity_0616:row:2809,15562,CO[C@H](C(=O)OC)c1ccccc1,ODH,21.19,1.0,21.19,train,20.897306,21.47699,21.995539
3896,ODH_charity_0616:row:3896,21373,FC(F)(F)[C@]1(CC(=CC(=O)O1)c2ccccc2)c3ccccc3,ODH,50.4,0.75,37.8,train,40.25393,41.476906,42.521786
1695,ODH_charity_0616:row:1695,9583,CC(C)(C)[P@@](=O)(Cc1ccc(cc1)C#N)c2ccccc2,ODH,12.76,1.0,12.76,train,12.877625,13.2190485,13.724975
4731,ODH_charity_0616:row:4731,24811,C=C[C@@H](C1CC1)C(Cc2ccccc2)(C#N)C#N,ODH,9.74,1.0,9.74,train,8.758195,9.319911,9.772352
1996,ODH_charity_0616:row:1996,11119,COc1ccccc1N2C(=O)OC[C@]2(CCOCc3ccccc3)C=C,ODH,11.9,1.0,11.9,train,11.46759,12.029006,12.517515
1886,ODH_charity_0616:row:1886,10530,Cc1ccccc1C[C@@H]2Cc3ccccc3N2,ODH,15.7,1.0,15.7,train,11.444657,11.97098,12.574064
2860,ODH_charity_0616:row:2860,15833,OC[C@@H](O)c1ccccc1,ODH,24.3,0.9,21.87,train,21.385593,21.80407,22.171883
3798,ODH_charity_0616:row:3798,21036,C[C@@H]1N(N([C@H](COC(C)=O)C=C1C)C(=O)OC(C)(C)C)C(=O)Nc2ccc(Cl)cc2,ODH,6.4,1.0,6.4,train,6.8518605,7.405424,8.123848
2362,ODH_charity_0616:row:2362,13043,O[C@H]/1CCC1=C/c2ccccc2,ODH,16.922,1.0,16.922,train,16.432884,16.893167,17.290018
2407,ODH_charity_0616:row:2407,13250,CCOC(=O)C1=C(OC(=O)C[C@@H]1c2ccccc2)c3ccccc3,ODH,21.0,0.7,14.7,train,14.350665,14.965373,15.4240465
3523,ODH_charity_0616:row:3523,19611,COc1ccccc1O[C@H](CCO)c2ccccc2,ODH,25.2,0.8,20.16,train,17.278095,17.987852,18.549633
1357,ODH_charity_0616:row:1357,7829,CC1(C)OB(OC1(C)C)[C@@H](Cc2ccccc2F)N3CCOC3=O,ODH,7.8,1.0,7.8,train,7.9564886,8.408528,8.872893
413,ODH_charity_0616:row:413,2273,COC(=O)C[C@@H](B1OC(C)(C)C(C)(C)O1)c2ccccc2,ODH,7.6,0.5,3.8,train,3.2693546,3.625476,4.0344276
1299,ODH_charity_0616:row:1299,7523,C[C@]1(C(=O)OCC=C)C(=O)Oc2ccc3ccccc3c12,ODH,12.8,1.0,12.8,train,13.906089,14.599798,15.247974
954,ODH_charity_0616:row:954,5372,CCOC(=O)Cn1cccc1[C@@H]2C[C@@H]([C@H]2CO)c3ccccc3,ODH,16.2,1.0,16.2,train,15.944229,16.455494,16.904335
51,ODH_charity_0616:row:51,372,CCOC(=O)[C@@H](CC=O)Cc1ccc(cc1)C(C)(C)C,ODH,6.1,1.0,6.1,train,6.1451244,6.507947,6.917391
837,ODH_charity_0616:row:837,4804,COc1ccc2cc(ccc2c1)[C@@H](C)C#N,ODH,23.1,1.0,23.1,train,23.253605,23.98861,24.67552
4292,ODH_charity_0616:row:4292,23124,ClC[C@@H]1COc2ccccc2O1,ODH,7.5,1.0,7.5,train,7.254077,7.6034756,7.912433
4873,ODH_charity_0616:row:4873,25410,FC(F)(F)c1cc(N[C@@H]2CCC(=O)O[C@H]2c3ccccc3)cc(c1)C(F)(F)F,ODH,22.6,1.0,22.6,train,21.055021,21.93429,22.721886
3900,ODH_charity_0616:row:3900,21409,FC(F)(F)[C@]1(CC(=CC(=O)O1)c2ccccc2)c3sccc3,ODH,51.0,0.75,38.25,train,40.220905,41.460915,42.59021
3329,ODH_charity_0616:row:3329,18529,C[C@@H]1CC[C@@H]([C@@H](N1)c2cc(F)cc(F)c2)C(F)(F)F,ODH,4.7,1.0,4.7,train,4.3223414,4.871901,5.3822937
4668,ODH_charity_0616:row:4668,24558,CCOC(=O)/C=C/[C@@H]1[C@H](C(C)C)N1[S](=O)(=O)c2ccc(C)cc2,ODH,8.82,0.8,7.056,train,6.9319453,7.5171356,8.075651
1623,ODH_charity_0616:row:1623,9219,CC(C)(C)[C@]1(COc2ccccc12)CC#Cc3ccccc3,ODH,12.4,0.5,6.2,train,5.7277822,5.9348774,6.1957045
2975,ODH_charity_0616:row:2975,16445,CCC(=O)C1=C(CC)OC(=O)C[C@H]1c2ccccc2,ODH,23.1,0.75,17.325,train,16.010891,16.819448,17.550095
2532,ODH_charity_0616:row:2532,13910,COC(=O)C1=C(C)OC(=O)C[C@@H]1c2ccccc2,ODH,18.2,0.8,14.56,train,13.939512,14.396637,14.861875
3683,ODH_charity_0616:row:3683,20490,Fc1ccc(OC(=O)/C=C/[C@@H](CCCCCCCC=C)N2C(=O)C3CC=CCC3C2=O)cc1,ODH,42.8,0.8,34.24,train,31.741688,33.08462,34.046124
4938,ODH_charity_0616:row:4938,25663,COC(=O)C[C@H]1CC[C@H](C)[C@@H](COCc2ccccc2)O1,ODH,8.4,1.0,8.4,train,7.9445353,8.549703,9.003612
4171,ODH_charity_0616:row:4171,22546,CCO[P](=O)(OCC)[C@]12CC(=CC(=O)N1[S](=O)(=O)c3ccccc23)c4ccc(Br)cc4,ODH,61.7,0.8,49.36,train,47.089447,48.40895,49.529163
200,ODH_charity_0616:row:200,1124,Fc1ccc(cc1)C(=O)[C@@]2(OCCC[C@@H]2Cl)c3ccc(F)cc3,ODH,7.75,1.0,7.75,train,7.4159384,8.083588,8.619858
771,ODH_charity_0616:row:771,4360,C[C@@H](CC(=O)NC(C)(C)c1ccc(F)cn1)c2ccc(cc2)C(C)=O,ODH,18.7,0.6,11.22,train,10.892487,11.263816,11.700605
1261,ODH_charity_0616:row:1261,7327,C([C@H]1Cc2ccccc2N1)c3ccccc3,ODH,10.7,1.0,10.7,train,11.190491,11.643869,12.144213
2769,ODH_charity_0616:row:2769,15373,O[C@@H](C(O)=O)c1cccc(Cl)c1,ODH,20.84,0.8,16.672,train,16.691156,17.210892,17.69664
1142,ODH_charity_0616:row:1142,6768,O[C@@H]/1CCC1=C/c2cccc(F)c2,ODH,8.409,0.8,6.7272,train,6.2095523,6.585486,6.890727
408,ODH_charity_0616:row:408,2233,CCCCCC[C@@H]1CCC2=C(CCCC2=O)N1,ODH,12.0,1.0,12.0,train,10.572832,11.589443,12.474044
824,ODH_charity_0616:row:824,4717,COc1ccccc1[C@H](CCO)C[N+]([O-])=O,ODH,22.5,1.0,22.5,train,21.63696,22.331856,22.805967
1540,ODH_charity_0616:row:1540,8745,O=C(OCc1ccccc1)[C@H]2CCCO2,ODH,15.95,1.0,15.95,train,14.250661,14.780704,15.259237
2401,ODH_charity_0616:row:2401,13218,CCCC[C@@H](O)c1ccccc1,ODH,15.68,1.0,15.68,train,15.504449,15.967808,16.354292
2910,ODH_charity_0616:row:2910,16042,COc1ccc2OC(=O)C[C@H](c3ccccc3)c2c1,ODH,19.55,1.0,19.55,train,18.828123,19.497257,20.057753
815,ODH_charity_0616:row:815,4675,O[C@H](CCCCl)c1ccccc1,ODH,24.9,1.0,24.9,train,25.559595,26.160204,26.656174
4176,ODH_charity_0616:row:4176,22614,[O-][N+](=O)C[C@@H](c1ccccc1)c2ccc(Cl)cc2,ODH,43.5,1.0,43.5,train,38.600124,39.597157,40.355267
1323,ODH_charity_0616:row:1323,7663,C[C@@H]1Cc2ccccc2N1,ODH,12.5,0.8,10.0,train,10.281407,10.738717,11.2001505
1678,ODH_charity_0616:row:1678,9471,CC(=C)C[C@]1(C)CC(=NO1)c2ccc3OCCOc3c2,ODH,12.64,0.8,10.112,train,10.061844,10.535879,10.963865
3468,ODH_charity_0616:row:3468,19229,COc1ccc(cc1)[C@@H](O)C(O)=O,ODH,33.29,0.8,26.632,train,25.560183,26.346716,26.963772
1667,ODH_charity_0616:row:1667,9429,Fc1ccc(\C=C\[C@H]2COc3cc4CCCc4cc3O2)cc1,ODH,11.69,1.0,11.69,train,13.4850445,14.221817,14.9244995
3707,ODH_charity_0616:row:3707,20622,Brc1ccc(cc1)[C@H]2NCCNC2=O,ODH,44.6,1.0,44.6,train,43.747272,44.65284,45.366127
3194,ODH_charity_0616:row:3194,17932,COc1ccc(/C=C/C[C@](C)(N)C(=O)OC(C)(C)C)cc1,ODH,16.2,0.5,8.1,train,8.124302,8.392295,8.809478
2466,ODH_charity_0616:row:2466,13640,CC(C)(C)OC(=O)C[C@H]1[C@@H](c2ccccc2)c3cc(oc3N(C1=O)[S](C)(=O)=O)c4ccccc4,ODH,24.3,0.5,12.15,train,12.496753,13.091557,13.718509
651,ODH_charity_0616:row:651,3748,CCOC(=O)C[C@H](C#N)c1ccccc1,ODH,17.3,1.0,17.3,train,16.552513,17.083158,17.494211
395,ODH_charity_0616:row:395,2150,CC1(C)CN(C(=S)Nc2ccc(cc2)C#N)[C@](C)(C1)c3ccccc3,ODH,11.73,1.0,11.73,train,11.351758,11.992718,12.575813
969,ODH_charity_0616:row:969,5571,FC(F)(F)c1cc(cc(c1)C(F)(F)F)[C@H]2COC(=O)N2,ODH,24.0,1.0,24.0,train,23.292686,24.212868,24.7819
636,ODH_charity_0616:row:636,3700,COC(=O)C[C@H](C#N)c1ccc(C)cc1,ODH,17.1,1.0,17.1,train,16.795616,17.255045,17.69747
3522,ODH_charity_0616:row:3522,19583,CCCCCCCCCC[C@H](\C=C\C(=O)Oc1ccc(F)cc1)N2C(=O)C3CC=CCC3C2=O,ODH,35.9,0.8,28.72,train,27.916689,29.254314,30.302658
553,ODH_charity_0616:row:553,3262,CC1(C)CN(C(=O)Nc2cc(cc(c2)C(F)(F)F)C(F)(F)F)[C@](CN(Cc3ccccc3)Cc4ccccc4)(C1)c5ccccc5,ODH,15.34,0.4,6.136,train,6.0004134,6.8518543,7.505729
1731,ODH_charity_0616:row:1731,9707,Fc1ccccc1C2=C(C[C@@H](O2)C=C)C#N,ODH,13.887,1.0,13.887,train,12.490512,13.083939,13.586075
3671,ODH_charity_0616:row:3671,20382,O=C1C[C@@H](C=C(O1)c2ccc3ccccc3c2)c4ccccc4,ODH,41.4,0.5,20.7,train,18.665588,19.403063,19.976587
4727,ODH_charity_0616:row:4727,24796,Clc1ccc(O[C@@H](C(=O)OCc2ccccc2)c3ccccc3)cc1,ODH,9.8,1.0,9.8,train,9.110854,9.611158,10.003355
3693,ODH_charity_0616:row:3693,20539,Cc1ccc(cc1)[C@H](O)CO,ODH,49.9,1.0,49.9,train,48.1938,49.040993,49.741024
583,ODH_charity_0616:row:583,3400,C[C@H](CC(=O)c1occc1)[S](=O)(=O)c2ccc(C)cc2,ODH,18.1,1.0,18.1,train,16.792994,17.342903,17.816648
253,ODH_charity_0616:row:253,1448,CC(C)(NC(=O)C[C@H]1CCOc2ccccc12)c3ccccn3,ODH,9.7,0.8,7.76,train,8.19215,8.640959,9.06411
2672,ODH_charity_0616:row:2672,14762,FC(F)(F)c1ccc(cc1)[C@@H]2CCc3ccccc3N2,ODH,12.79,1.0,12.79,train,13.423097,13.716963,14.069552
2125,ODH_charity_0616:row:2125,11717,CC(C)(C)OC(=O)[C@@](C)(N)C\C=C\c1cccc2ccccc12,ODH,12.8,0.5,6.4,train,6.9438515,7.4426823,7.999427
4696,ODH_charity_0616:row:4696,24662,Clc1ccc(O[C@H](C(=O)OCc2ccccc2)c3ccccc3)cc1,ODH,9.8,1.0,9.8,train,8.645255,9.163342,9.585623
2976,ODH_charity_0616:row:2976,16464,Clc1cc2ccn3c2c(c1)C(=O)O[C@]34C(=O)N(Cc5ccccc5)c6ccccc46,ODH,24.3,0.8,19.44,train,18.688463,19.392307,19.930828
1953,ODH_charity_0616:row:1953,10898,C[C@@H](\C=C\c1ccccc1)[C@](C)(N)C(=O)OC(C)(C)C,ODH,14.2,1.0,14.2,train,6.4537373,7.061283,7.5925436
1161,ODH_charity_0616:row:1161,6911,CN1C(=O)[C@H](Nc2ccccc12)c3ccc(Br)cc3,ODH,10.3,1.0,10.3,train,14.0681505,14.564823,15.008772
1503,ODH_charity_0616:row:1503,8526,CCOC(=O)C[C@H](O)c1ccccc1C,ODH,7.39,1.0,7.39,train,7.383262,7.732354,8.034668
1820,ODH_charity_0616:row:1820,10203,CCCCCC[C@@H]1CC(=O)C(/[C@H]1c2ccc(Br)cc2)=C(\N[S](=O)(=O)c3ccc(OC)cc3)c4ccccc4,ODH,22.2,0.75,16.65,train,17.417671,18.427599,19.385546
30,ODH_charity_0616:row:30,221,CC(C)c1cccc(C(C)C)c1NC[C@@H]2CCc3cccc(Br)c3N2,ODH,6.0,1.0,6.0,train,7.2877,7.529832,7.881572
4875,ODH_charity_0616:row:4875,25412,Cc1ccc(cc1)[C@@H]2Nc3ccccc3OC2=O,ODH,9.6,0.7,6.72,train,6.227914,6.76339,7.255269
3668,ODH_charity_0616:row:3668,20377,CCO[P](=O)(OCC)[C@@]12CC(=CC(=O)N1[S](=O)(=O)Oc3ccccc23)c4ccc(Cl)cc4,ODH,20.5,0.8,16.4,train,15.306122,16.005692,16.607811
2751,ODH_charity_0616:row:2751,15201,O[C@H]/1CCCC1=C/c2ccccc2,ODH,20.5,0.8,16.4,train,15.090018,15.569168,15.990928
4191,ODH_charity_0616:row:4191,22684,CCCC[C@@H]1[C@H](C=C(OC1=O)c2ccccc2)c3ccccc3,ODH,69.9,0.75,52.425,train,48.493896,49.710354,50.87315
3765,ODH_charity_0616:row:3765,20889,COC(=O)[C@@H](Oc1cccc(c1)C(F)(F)F)c2ccc(Cl)cc2,ODH,5.0,1.0,5.0,train,5.3210983,5.8370647,6.3288116
4496,ODH_charity_0616:row:4496,23959,COC(=O)[C@@H](NC(=O)OC(C)(C)C)c1ccccc1Cl,ODH,8.24,1.0,8.24,train,7.9279294,8.301928,8.668495
2282,ODH_charity_0616:row:2282,12592,CCC[S@](=O)c1ccccc1,ODH,16.3,1.0,16.3,train,16.319025,16.744164,17.132084
4135,ODH_charity_0616:row:4135,22402,CC(C)(C)c1ccc(cc1)C2=C(C[C@H](O2)C=C)C#N,ODH,6.841,1.0,6.841,train,7.585288,7.8276095,8.065448
1294,ODH_charity_0616:row:1294,7485,CCC[C@@H](C=C)n1cnc2ccccc12,ODH,10.855,0.6,6.513,train,6.133975,6.574953,6.991471
2801,ODH_charity_0616:row:2801,15524,OC[C@]1(\C=C\c2ccccc2)C(=O)N(CC=C)c3ccccc13,ODH,19.0,0.8,15.2,train,15.139332,15.789807,16.319569
3461,ODH_charity_0616:row:3461,19217,COc1ccc(\C=C\[C@H]2COc3ccccc3O2)cc1,ODH,33.89,1.0,33.89,train,33.533047,34.426888,35.172855
3151,ODH_charity_0616:row:3151,17656,OC[C@H](CCl)c1ccc2ccccc2c1,ODH,28.7,1.0,28.7,train,28.829115,29.518232,30.142992
4846,ODH_charity_0616:row:4846,25278,Clc1ccc(cc1)C2=C(C[C@H](O2)C=C)C#N,ODH,9.5,1.0,9.5,train,8.772952,9.271533,9.741946
1925,ODH_charity_0616:row:1925,10711,OC[C@H]1COC2(CCOCC2)c3ccccc3O1,ODH,14.0,1.0,14.0,train,12.493204,13.013847,13.520066
2495,ODH_charity_0616:row:2495,13805,CC(C)(C)OC(=O)[C@](C)(N)C\C=C\c1ccc(Cl)cc1,ODH,18.1,0.5,9.05,train,7.2647405,7.6054783,8.071289
34,ODH_charity_0616:row:34,233,C[C@@H](CCCO)c1ccc(C)cc1,ODH,6.68,1.0,6.68,train,6.673885,6.895469,7.1024857
4683,ODH_charity_0616:row:4683,24599,CCCCC[C@]1(CI)COc2cc(ccc12)C(=O)N3CCCCC3,ODH,10.0,0.8,8.0,train,7.2475667,7.913533,8.517994
1922,ODH_charity_0616:row:1922,10674,O[C@@H]/1CCCC1=C/c2cccc(Br)c2,ODH,12.2,1.0,12.2,train,12.0688715,12.5251875,12.990846
386,ODH_charity_0616:row:386,2125,Cc1ccccc1[S@](=O)c2ccccn2,ODH,13.5,0.8,10.8,train,10.867835,11.244945,11.731592
2037,ODH_charity_0616:row:2037,11352,O[C@@H]1C(=O)N(Cc2ccccc2)c3ccccc3[C@]1(CBr)c4ccccc4,ODH,13.19,1.0,13.19,train,13.781279,14.441965,14.990337
1281,ODH_charity_0616:row:1281,7425,COc1cc2OC(=C(C#N)[C@H](c3ccccc3)c2cc1OC)N,ODH,10.8,0.7,7.56,train,7.8560467,8.436557,8.893402
4052,ODH_charity_0616:row:4052,22087,Cc1oc(c2ccccc2)c3[C@H]4CCCCN4c5ccccc5Cc13,ODH,6.4,0.6,3.84,train,4.0057087,4.445196,4.793763
3554,ODH_charity_0616:row:3554,19782,IC[C@]1(CCc2ccccc2)COc3ccccc13,ODH,29.8,0.5,14.9,train,15.289591,15.779458,16.198238
3341,ODH_charity_0616:row:3341,18591,O=[S@@](Cc1ccccc1)c2ccc3ccccc3c2,ODH,30.2,1.0,30.2,train,26.817936,27.521912,28.203531
2233,ODH_charity_0616:row:2233,12290,C[C@H]1Nc2ccccc2Oc3c1cccc3c4ccccc4,ODH,15.9,0.8,12.72,train,12.758387,13.356933,13.885761
3377,ODH_charity_0616:row:3377,18774,O=C1O[C@@]2(n3c1cc4ccccc34)C(=O)N(Cc5ccccc5)c6ccccc26,ODH,34.6,0.5,17.3,train,16.330343,17.05033,17.576988
3655,ODH_charity_0616:row:3655,20298,Cc1ccc(cc1)[S](=O)(=O)N2CC[C@@H](C2)c3ccccc3,ODH,40.4,1.0,40.4,train,38.23491,39.071014,39.808372
4188,ODH_charity_0616:row:4188,22679,C[C@]1(CC(=CC(=O)O1)c2ccccc2)C(F)(F)F,ODH,76.6,0.75,57.45,train,53.14982,54.489895,55.577026
3323,ODH_charity_0616:row:3323,18510,CN1CCc2ccccc2[C@H]1c3ccc(F)cc3,ODH,4.2,1.0,4.2,train,4.1327767,4.654199,4.994024
4613,ODH_charity_0616:row:4613,24400,Fc1ccc(O[C@@H](C(=O)OCc2ccccc2)c3ccccc3)cc1,ODH,10.0,1.0,10.0,train,10.211753,10.935345,11.436343
2977,ODH_charity_0616:row:2977,16465,Clc1cc2ccn3c2c(c1)C(=O)O[C@@]34C(=O)N(Cc5ccccc5)c6ccccc46,ODH,23.2,0.8,18.56,train,17.671202,18.375637,18.945751
3981,ODH_charity_0616:row:3981,21793,CCCCCCCCCCCC[S@](=O)c1ccccc1,ODH,7.011,1.0,7.011,train,7.1777964,7.78044,8.339003
2352,ODH_charity_0616:row:2352,13001,CCCCCc1ccc(cc1)C#CC[C@]2(C)COc3ccccc23,ODH,16.9,0.5,8.45,train,7.418638,7.7569795,8.295147
1240,ODH_charity_0616:row:1240,7254,COc1ccc(cc1)[C@@H]2C[C@@H](Oc3ccc(Cl)cc23)Sc4ccccc4,ODH,9.4,1.0,9.4,train,9.0687475,9.467842,9.939632
4628,ODH_charity_0616:row:4628,24430,CC(C)(C)[C@]1(COc2ccccc12)CC3=CCCC3,ODH,8.7,0.75,6.525,train,6.231177,6.446465,6.740526
1701,ODH_charity_0616:row:1701,9599,CCOC(=O)/C=C/[C@@H](CC)c1ccccc1,ODH,12.79,0.6,7.674,train,7.9991794,8.356039,8.735138
4013,ODH_charity_0616:row:4013,21961,COC(=O)[C@H]1[C@H]([C@@H]([C@H]2N1CCc3ccccc23)C(=O)n4nc(C)cc4C)c5ccccc5Br,ODH,5.422,1.0,5.422,train,6.2049937,6.747959,7.256709
2024,ODH_charity_0616:row:2024,11285,CC(C)(C)OC(=O)[C@](C)(N)C\C=C\c1ccccc1,ODH,14.7,0.5,7.35,train,5.4390798,5.8156505,6.2188396
1868,ODH_charity_0616:row:1868,10424,Oc1ccccc1[C@@H](OC2CCC2)c3ccccc3,ODH,13.7,0.5,6.85,train,6.839941,7.202244,7.5248623
1834,ODH_charity_0616:row:1834,10242,COc1ccccc1[C@H]2Nc3ccccc3N(C)C2=O,ODH,13.5,1.0,13.5,train,14.869774,15.339602,15.780344
4729,ODH_charity_0616:row:4729,24800,C=C[C@H]1CC(=C(O1)c2cocc2)C#N,ODH,9.704,1.0,9.704,train,9.069155,9.568466,9.977451
4190,ODH_charity_0616:row:4190,22683,CCCC[C@H]1[C@H](C=C(OC1=O)c2ccccc2)c3ccccc3,ODH,38.7,0.75,29.025,train,28.63697,29.524555,30.370752
627,ODH_charity_0616:row:627,3658,Cc1ccc(cc1)[S@](=O)c2cc(C)ccn2,ODH,22.7,0.8,18.16,train,18.6873,19.293879,19.985847
2245,ODH_charity_0616:row:2245,12369,C[C@]1(CO)CCCOC1,ODH,16.0,1.0,16.0,train,15.606452,16.007109,16.250454
4958,ODH_charity_0616:row:4958,25809,CCC[C@@H](N[S](=O)(=O)c1ccc(C)cc1)C=C,ODH,8.74,1.0,8.74,train,8.787877,9.096009,9.367683
3285,ODH_charity_0616:row:3285,18314,Clc1ccc(\C=C\[C@H]2COc3ccccc3O2)cc1,ODH,26.56,1.0,26.56,train,26.375555,27.114195,27.752436
4334,ODH_charity_0616:row:4334,23312,O[C@@H]/1CCC1=C/c2cccc(Br)c2,ODH,6.805,0.8,5.444,train,5.5159397,5.767221,6.037695
3859,ODH_charity_0616:row:3859,21250,CN1CCc2ccccc2[C@@H]1c3ccccc3,ODH,6.3,0.7,4.41,train,4.4565516,4.7899084,5.128728
1863,ODH_charity_0616:row:1863,10403,COC(=O)[C@@](C)(N)C\C=C\c1ccccc1,ODH,12.0,1.0,12.0,train,11.503793,11.843066,12.191513
643,ODH_charity_0616:row:643,3718,CCO[P](=O)(OCC)C(=[N+]=[N-])[C@](OC(N)=O)(c1ccccc1)C(C)(C)C,ODH,17.2,0.5,8.6,train,8.308523,8.774065,9.318591
686,ODH_charity_0616:row:686,3885,O[C@H](C[N+]([O-])=O)c1ccc(Cl)cc1,ODH,18.0,1.0,18.0,train,16.567974,17.172834,17.64638
4083,ODH_charity_0616:row:4083,22209,C[C@@]1(C(=O)OCC=C)C(=O)Oc2ccc3ccccc3c12,ODH,6.6,1.0,6.6,train,7.4586287,8.143518,8.762336
4236,ODH_charity_0616:row:4236,22898,C[C@@H]1Cc2cc(C)ccc2N1,ODH,9.2,1.0,9.2,train,10.417059,10.860717,11.298641
1753,ODH_charity_0616:row:1753,9823,CC(C)(C)OC(=O)[C@](C)(N)C\C=C\c1ccc2ccccc2c1,ODH,13.0,0.5,6.5,train,5.583645,5.9261713,6.3482256
2681,ODH_charity_0616:row:2681,14846,O[C@@H](C(O)=O)c1ccc(F)cc1,ODH,19.79,0.8,15.832,train,16.249008,16.840038,17.319595
3599,ODH_charity_0616:row:3599,20036,CC(C)(C)OC(=O)[C@@](C)(N)C\C=C\c1cc(Cl)cc(Cl)c1,ODH,15.9,0.5,7.95,train,13.554264,14.175061,14.815163
4940,ODH_charity_0616:row:4940,25675,Cc1[nH]c(cc1)[C@](C)(c2ccccc2)c3ccc(O)c(F)c3,ODH,9.8,1.0,9.8,train,9.548167,10.174017,10.748571
1576,ODH_charity_0616:row:1576,8947,CCCCC[C@H](C=C)n1c(C)cc2ccccc12,ODH,13.6,0.4,5.44,train,5.3570566,5.8107123,6.251239
4905,ODH_charity_0616:row:4905,25525,CC1(C)OB(OC1(C)C)[C@@H](Cc2cccc(Cl)c2)N3CCOC3=O,ODH,8.8,1.0,8.8,train,7.7664456,8.232805,8.708892
2546,ODH_charity_0616:row:2546,13997,Cc1cccc2O[C@H](Cc3ccccc3)C(=O)N(Cc4ccccc4)c12,ODH,18.4,0.5,9.2,train,8.36861,8.798607,9.291433
934,ODH_charity_0616:row:934,5255,COC(=O)[C@@H]1COc2cc3ccccc3cc2O1,ODH,26.8,1.0,26.8,train,24.636938,25.651018,26.424099
211,ODH_charity_0616:row:211,1184,C1Cc2ccccc2N[C@H]1c3ccccc3,ODH,10.8,0.8,8.64,train,8.005315,8.373956,8.785125
4515,ODH_charity_0616:row:4515,24037,CC(C)(C)OC(=O)N1OCC[C@H]1Cc2ccccc2,ODH,8.311,0.8,6.6488,train,6.4286895,6.777492,7.1222763
420,ODH_charity_0616:row:420,2307,Cc1ccc2[C@H](O)CCc2c1,ODH,13.3,1.0,13.3,train,13.260055,13.715719,14.142485
137,ODH_charity_0616:row:137,777,CCCCC[C@H](F)C(=O)c1nccn1c2ccccc2,ODH,9.3,1.0,9.3,train,9.312581,9.886935,10.501037
979,ODH_charity_0616:row:979,5631,O=C(C[C@@H]1CCOc2ccccc12)Nc3ccccc3,ODH,36.7,1.0,36.7,train,35.496643,36.39518,37.115433
3305,ODH_charity_0616:row:3305,18427,C\C(=C/C(=O)[C@@H](C(C(=O)c1ccccc1)C(=O)c2ccccc2)c3ccccc3)c4ccccc4,ODH,29.8,0.6,17.88,train,16.31912,17.070524,17.715143
662,ODH_charity_0616:row:662,3793,N[C@H](c1cccc(Cl)c1)c2ccccc2O,ODH,17.51,0.7,12.257,train,10.96142,11.45234,11.8952465
4079,ODH_charity_0616:row:4079,22193,CC(=C)[C@H](CCc1ccccc1)NCc2ccccc2,ODH,6.571,1.0,6.571,train,6.3826632,6.7223907,7.0784783
3999,ODH_charity_0616:row:3999,21894,C[C@H](CC(=O)C(F)(F)F)\C=C\c1ccccc1,ODH,38.85,0.8,31.08,train,29.296806,30.0674,30.76517
4777,ODH_charity_0616:row:4777,25041,C[C@@H]1Cc2ccccc2N1,ODH,10.1,0.8,8.08,train,10.209662,10.672762,11.14
1551,ODH_charity_0616:row:1551,8792,O[C@H]/1CCCC1=C/c2cccc3ccccc23,ODH,111.3,0.5,55.65,train,52.5308,53.61308,54.639244
1283,ODH_charity_0616:row:1283,7438,O=C1Oc2ccccc2N[C@@H]1c3ccccc3,ODH,10.8,0.7,7.56,train,9.630735,10.138803,10.556984
218,ODH_charity_0616:row:218,1253,CCO[C@H](\C=C\c1ccccc1)c2ccccc2,ODH,9.905,0.5,4.9525,train,4.4906025,4.8510942,5.1530395
3874,ODH_charity_0616:row:3874,21296,CC(C)(C)OC[C@H](C(=O)c1ccccc1)c2ccccc2,ODH,5.88,1.0,5.88,train,5.2429624,5.419439,5.692064
1594,ODH_charity_0616:row:1594,9065,CC[C@@H](C#Cc1cccc(Cl)c1)c2ccccc2,ODH,13.06,0.7,9.142,train,10.439741,11.155491,11.803653
3267,ODH_charity_0616:row:3267,18247,CCOC(=O)[C@]1(N[S](=O)(=O)c2ccccc12)C#Cc3cccc(Cl)c3,ODH,28.9,0.5,14.45,train,15.026149,15.675944,16.16444
3116,ODH_charity_0616:row:3116,17376,CC(=C)[C@@H]1CN(C(=C1)c2ccc(cc2)C(C)=O)[S](=O)(=O)c3ccc(C)cc3,ODH,22.03,0.8,17.624,train,17.19842,17.68228,18.214598
3844,ODH_charity_0616:row:3844,21204,CCCC(=O)O\C(c1ccccc1)=C\2[C@@H]([C@H](C)C=C2c3ccccc3)c4cccnc4,ODH,5.7,0.75,4.275,train,4.555989,5.1932325,5.8082433
3792,ODH_charity_0616:row:3792,21013,CC(C)(C)OC(=O)[C@](C)(N)C\C=C\c1cccc(F)c1,ODH,5.3,0.5,2.65,train,3.008271,3.3141427,3.6799273
3048,ODH_charity_0616:row:3048,16945,O[C@@]1([C@H](C=C)c2ccccc2)C(=O)N(Cc3cccc4ccccc34)c5c(Cl)cccc15,ODH,13.442,1.0,13.442,train,15.879572,16.666376,17.421635
4501,ODH_charity_0616:row:4501,23984,C[C@@H]1CCC[C@@H](N1)c2cccc3ccccc23,ODH,10.0,1.0,10.0,train,9.634953,10.07918,10.556708
3439,ODH_charity_0616:row:3439,19128,C[C@](CC(=C)c1ccc(F)cc1)(C=O)c2ccccc2,ODH,32.696,1.0,32.696,train,32.340027,33.310253,34.06505
1172,ODH_charity_0616:row:1172,6966,CC(=O)[C@@]1(CO1)c2ccc(Cl)cc2,ODH,9.75,1.0,9.75,train,9.180396,9.5114155,9.918864
747,ODH_charity_0616:row:747,4224,Cc1ccc(cc1)[C@H]2Nc3ccccc3NC2=O,ODH,22.4,1.0,22.4,train,15.61662,16.339571,16.97288
1006,ODH_charity_0616:row:1006,5853,CC(C)[C@H]1CCc2ccccc2N1,ODH,34.6,0.5,17.3,train,16.491446,16.986181,17.511152
4430,ODH_charity_0616:row:4430,23721,CCOC(=O)C[C@@H]1C=CCN(N1C(=O)OC(C)(C)C)C(=O)Nc2ccc(Cl)cc2,ODH,8.0,0.7,5.6,train,6.046532,6.455097,6.9008703
4924,ODH_charity_0616:row:4924,25613,CN1C(=O)N[C@@H](c2ccccc2)c3cc(Br)ccc13,ODH,11.2,1.0,11.2,train,11.355057,11.871063,12.352604
4046,ODH_charity_0616:row:4046,22079,CCCC(=O)O\C(c1ccccc1)=C\2[C@@H]([C@H](C)C=C2c3ccccc3)c4ccc(F)cc4,ODH,6.4,0.7,4.48,train,3.8827438,4.523053,5.158857
1606,ODH_charity_0616:row:1606,9094,FC(F)(F)c1cc(N[C@@H]2C=CC(=O)[C@H]2\C=C\c3ccccc3)cc(c1)C(F)(F)F,ODH,10.1,1.0,10.1,train,10.1343775,10.8275175,11.516939
1328,ODH_charity_0616:row:1328,7677,C[C@@H](n1c(C)c(C)c2ccccc12)c3ccc(NC(=O)c4ccc(cc4)C(C)(C)C)cc3,ODH,11.0,1.0,11.0,train,10.356208,10.914118,11.253655
3571,ODH_charity_0616:row:3571,19934,O[C@]1([C@H](C=C)c2cccnc2)C(=O)N(Cc3cccc4ccccc34)c5ccccc15,ODH,25.045,1.0,25.045,train,26.773674,27.821014,28.791292
1740,ODH_charity_0616:row:1740,9770,COC(=O)c1ccc(C[C@H]2CCON2C(=O)OC(C)(C)C)cc1,ODH,11.738,0.8,9.3904,train,9.051169,9.348562,9.732031
496,ODH_charity_0616:row:496,2858,C1Cc2ccccc2N[C@H]1c3ccccc3,ODH,18.3,0.6,10.98,train,10.680349,11.207122,11.756742
4363,ODH_charity_0616:row:4363,23455,O[C@@H]/1CCCC1=C/c2ccc(Cl)cc2,ODH,8.6,0.8,6.88,train,5.501608,5.7937365,6.1415167
3096,ODH_charity_0616:row:3096,17240,CC(C)(C)c1ccc(OCCCC[C@]2(CI)COc3ccccc23)cc1,ODH,25.3,0.5,12.65,train,12.131232,12.474004,12.867381
135,ODH_charity_0616:row:135,766,FC(F)(F)CCCc1ccccc1[C@@H](NC(=O)c2ccccc2)OCc3ccc(I)cc3,ODH,10.15,1.0,10.15,train,10.946676,11.542056,12.072249
987,ODH_charity_0616:row:987,5727,O[C@H]1CCc2ccccc12,ODH,32.6,1.0,32.6,train,33.75846,34.452328,35.087173
4779,ODH_charity_0616:row:4779,25045,CC(C)(C)OC(=O)N1[C@@H](CCO[Si](C)(C)C(C)(C)C)C=CCN1C(=O)Nc2ccc(Cl)cc2,ODH,10.2,0.5,5.1,train,2.293664,4.114066,5.9830036
1381,ODH_charity_0616:row:1381,7940,CCOC(=O)C1=C(C)OC(=O)C[C@@H]1c2cscc2,ODH,11.2,0.7,7.84,train,7.3956923,7.777571,8.21115
4454,ODH_charity_0616:row:4454,23815,OC[C@H]1COC2(CCCCCC2)c3ccccc3O1,ODH,8.1,1.0,8.1,train,7.6890664,8.362619,8.977123
1182,ODH_charity_0616:row:1182,7033,CCCC(=O)O\C(c1ccccc1)=C\2[C@H]([C@H](C)C=C2c3ccccc3)c4ccc(cc4)[N+]([O-])=O,ODH,16.6,0.7,11.62,train,10.478338,11.297434,11.999229
2632,ODH_charity_0616:row:2632,14421,O[C@@H](C(O)=O)c1ccc(Cl)cc1,ODH,19.09,0.8,15.272,train,16.288382,16.779022,17.237286
1168,ODH_charity_0616:row:1168,6933,CC[C@@]1(N(c2cc(OC)ccc2C1=C)[S](=O)(=O)C(F)(F)F)c3ccccc3,ODH,8.72,0.5,4.36,train,4.149995,4.5777507,4.958321
2620,ODH_charity_0616:row:2620,14306,COc1ccc(cc1)C#CC[C@@]2(C)COc3ccccc23,ODH,20.5,0.5,10.25,train,10.147017,10.60732,11.15391
642,ODH_charity_0616:row:642,3717,CCO[P](=O)(OCC)C(=[N+]=[N-])[C@@](OC(N)=O)(c1ccccc1)C(C)(C)C,ODH,14.0,0.5,7.0,train,6.5564017,6.9547825,7.5138197
174,ODH_charity_0616:row:174,1000,CCCOC(=O)C[C@H](B1OC(C)(C)C(C)(C)O1)c2ccccc2,ODH,8.4,0.5,4.2,train,3.72313,4.1321216,4.6102805
4165,ODH_charity_0616:row:4165,22508,Clc1ccc2C[C@H](COc2c1)c3ccccc3,ODH,57.0,0.5,28.5,train,29.22398,30.063408,30.771048
1622,ODH_charity_0616:row:1622,9218,CC(C)(C)[C@@]1(COc2ccccc12)CC#Cc3ccccc3,ODH,11.5,0.5,5.75,train,5.0445933,5.282373,5.532578
136,ODH_charity_0616:row:136,767,FC(F)(F)CCCc1ccccc1[C@H](NC(=O)c2ccccc2)OCc3ccc(I)cc3,ODH,7.66,1.0,7.66,train,8.0770855,8.698506,9.279203
4657,ODH_charity_0616:row:4657,24523,Clc1ccc(cc1)[C@@H](Oc2ccccc2)C(=O)OCc3ccccc3,ODH,14.3,0.7,10.01,train,8.84146,9.482175,10.09197
3946,ODH_charity_0616:row:3946,21634,C=CC[C@]12COC(=O)N1CC(=O)c3ccccc23,ODH,46.0,0.8,36.8,train,34.62193,35.538647,36.351963
4062,ODH_charity_0616:row:4062,22135,Cc1ccc(cc1)[C@H](Oc2ccccc2)C(=O)OCc3ccccc3,ODH,6.5,1.0,6.5,train,5.692955,6.3851023,7.014435
270,ODH_charity_0616:row:270,1534,Cc1ccc(cc1)[C@@H]2Nc3ccccc3OC2=O,ODH,33.2,1.0,33.2,train,26.519836,27.497957,28.421272
843,ODH_charity_0616:row:843,4834,O[C@H]1CCCc2occc12,ODH,23.3,1.0,23.3,train,23.368965,24.028553,24.659885
3371,ODH_charity_0616:row:3371,18754,O[C@]1([C@H](C=C)c2ccc3OCOc3c2)C(=O)N(Cc4cccc5ccccc45)c6ccccc16,ODH,27.704,1.0,27.704,train,28.925196,30.104256,30.95895
898,ODH_charity_0616:row:898,5068,OCC[C@@H](C[N+]([O-])=O)c1ccccc1,ODH,20.23,1.0,20.23,train,20.228172,20.7506,21.16365
3448,ODH_charity_0616:row:3448,19153,CCC[C@]1(CI)COc2ccccc12,ODH,27.6,0.5,13.8,train,13.67348,14.0818615,14.519621
3702,ODH_charity_0616:row:3702,20573,Cc1ccc(cc1)[S](=O)(=O)N2C(=O)C[C@@H](C(=C2c3ccccc3)C)c4ccccc4,ODH,40.2,0.5,20.1,train,19.915014,20.536518,21.110847
670,ODH_charity_0616:row:670,3823,COc1ccccc1[C@H](O)C[N+]([O-])=O,ODH,17.698,0.8,14.1584,train,14.255898,14.764612,15.146495
1436,ODH_charity_0616:row:1436,8290,C[C@]1(C(=O)OCC=C)C(=O)N(C(=O)C(c2ccccc2)c3ccccc3)c4cc(Br)ccc14,ODH,17.8,0.8,14.24,train,14.074868,14.847491,15.444675
697,ODH_charity_0616:row:697,4001,FC(F)(F)C[C@]1(CCCN1C(=O)Nc2cccc(c2)C(F)(F)F)c3ccccc3,ODH,14.83,0.5,7.415,train,7.3537054,8.093003,8.718297
3532,ODH_charity_0616:row:3532,19679,Cc1ccc(cc1)[C@@H](C[N+]([O-])=O)c2ccccc2,ODH,36.7,1.0,36.7,train,33.768982,34.64861,35.290707
546,ODH_charity_0616:row:546,3247,CC(C)OC(=O)[C@@H](O)c1cccc2ccccc12,ODH,14.2,1.0,14.2,train,13.025493,13.4259205,13.791973
2482,ODH_charity_0616:row:2482,13735,O[C@@H](C(O)=O)c1cccc(F)c1,ODH,17.96,0.8,14.368,train,14.268553,14.8029,15.250481
2678,ODH_charity_0616:row:2678,14820,CCOC(=O)[C@@]1(N[S](=O)(=O)c2ccc(OC(F)(F)F)cc12)C#Cc3ccccc3,ODH,25.3,0.5,12.65,train,13.182011,13.963457,14.587202
4447,ODH_charity_0616:row:4447,23789,C[C@@H](CC(C)=O)\C=C\c1ccc(C)cc1,ODH,8.08,0.8,6.464,train,6.556429,6.7551765,7.0024877
3735,ODH_charity_0616:row:3735,20766,Cc1ccc(cc1)[S](=O)(=O)N2CC[C@H](C2)c3ccc4ccccc4c3,ODH,51.7,1.0,51.7,train,50.664356,51.88219,52.941635
992,ODH_charity_0616:row:992,5770,O=C(C[C@H]1CCOc2ccccc12)Nc3ccccc3,ODH,33.2,1.0,33.2,train,30.872051,31.70116,32.43258
4071,ODH_charity_0616:row:4071,22158,C[C@H]1Cc2cc(F)ccc2N1,ODH,6.5,1.0,6.5,train,6.5634418,6.9641485,7.3558397
1204,ODH_charity_0616:row:1204,7102,Brc1ccc(cc1)C2=C(C[C@@H](O2)C=C)C#N,ODH,12.744,1.0,12.744,train,12.355886,12.836571,13.367057
4711,ODH_charity_0616:row:4711,24763,Clc1ccc(cc1)[C@H](Oc2ccccc2)C(=O)OCc3ccccc3,ODH,14.6,0.7,10.22,train,8.484096,9.125139,9.734099
432,ODH_charity_0616:row:432,2369,COc1ccccc1[C@@H]2CO[S](=O)(=O)N2,ODH,12.4,1.0,12.4,train,14.247008,14.5482855,14.963016
834,ODH_charity_0616:row:834,4775,CCOC(=O)C[C@H](Sc1ccc(C)cc1)c2ccc3ccccc3c2,ODH,13.9,1.0,13.9,train,13.811385,14.499642,15.117069
3361,ODH_charity_0616:row:3361,18692,Cc1ccc(cc1)[C@@H](C[N+]([O-])=O)c2ccc(Cl)cc2,ODH,30.6,1.5,45.9,train,42.64637,43.631268,44.395645
1230,ODH_charity_0616:row:1230,7220,CCOC(=O)CC[C@H]1Cc2ccccc2N1,ODH,10.6,1.0,10.6,train,9.728232,10.2084465,10.656375
5,ODH_charity_0616:row:5,109,O[C@H](c1ccccc1)C(F)(F)C(F)(F)C(F)(F)F,ODH,4.4,1.0,4.4,train,4.698332,5.1431594,5.5774636
3460,ODH_charity_0616:row:3460,19214,CCOC(=O)[C@]1(N[S](=O)(=O)c2c3ccccc3ccc12)C#Cc4ccccc4,ODH,33.1,0.5,16.55,train,16.10854,16.833458,17.466082
974,ODH_charity_0616:row:974,5605,CCOC(=O)C1(CC=C[C@H]1c2ccccc2)C(=O)OCC,ODH,30.732,0.5,15.366,train,14.552439,15.150228,15.689617
2744,ODH_charity_0616:row:2744,15180,COc1cccc(c1)[C@@H](C=C)[C@]2(O)C(=O)N(Cc3cccc4ccccc34)c5ccccc25,ODH,16.95,1.0,16.95,train,17.483463,18.237888,18.99651
4930,ODH_charity_0616:row:4930,25637,Cn1c2ccccc2c([C@H](C(=O)OCc3ccccc3)c4ccccc4)c1c5ccc(F)cc5,ODH,13.1,0.7,9.17,train,10.919898,11.701684,12.342989
989,ODH_charity_0616:row:989,5759,O=C1N([C@H](\C=C\c2ccccc2)c3ccccc3)C(=O)c4ccccc14,ODH,41.587,0.5,20.7935,train,19.533768,20.327295,20.957027
4734,ODH_charity_0616:row:4734,24814,Clc1cccc(c1)C2=C(C[C@H](O2)C=C)C#N,ODH,9.049,1.0,9.049,train,7.9941716,8.483169,8.941552
1301,ODH_charity_0616:row:1301,7525,C[C@@H]1Nc2ccccc2Oc3ccc(F)cc13,ODH,13.0,0.7,9.1,train,8.339945,9.015841,9.558303
2206,ODH_charity_0616:row:2206,12160,CCOC(=O)[C@]1(CC=C)N[S](=O)(=O)c2ccc(OC(F)(F)F)cc12,ODH,15.8,0.8,12.64,train,12.748043,13.419809,14.032592
3335,ODH_charity_0616:row:3335,18539,C=CCOC(=O)[C@@]1(Cc2ccccc2)C(=O)N(C(=O)C(c3ccccc3)c4ccccc4)c5ccccc15,ODH,21.3,0.5,10.65,train,9.996331,10.837073,11.5124655
1304,ODH_charity_0616:row:1304,7530,C[C@@]1(C(=O)OCC=C)C(=O)Oc2c3ccccc3ccc12,ODH,10.9,0.6,6.54,train,4.636234,5.230406,5.734591
1407,ODH_charity_0616:row:1407,8109,COc1ccccc1[C@H]([C@H](C)O)N2CCCC2,ODH,9.2,1.0,9.2,train,9.219677,9.741775,10.192922
1690,ODH_charity_0616:row:1690,9574,CC(=C)[C@@H](CN[S](=O)(=O)c1ccc(C)cc1)CC(=O)c2ccccc2,ODH,14.87,0.5,7.435,train,6.8414426,7.159283,7.4772263
4093,ODH_charity_0616:row:4093,22255,CC(C)(C)c1ccc(cc1)[P@](=O)(OCc2ccccc2Br)c3ccccc3,ODH,6.65,0.8,5.32,train,4.89284,5.396725,5.9085546
1267,ODH_charity_0616:row:1267,7359,CC(C)[C@H]1Cc2ccccc2N1,ODH,10.7,1.0,10.7,train,11.410348,11.784634,12.183478
2544,ODH_charity_0616:row:2544,13994,FC(F)(F)c1ccccc1N2[C@@H](COC2=O)C=C,ODH,18.4,0.8,14.72,train,16.252851,16.86137,17.411064
366,ODH_charity_0616:row:366,1978,CCOC(=O)C[C@@H](Sc1ccccc1C)c2ccccc2,ODH,11.2,1.0,11.2,train,10.68066,11.126591,11.642604
3607,ODH_charity_0616:row:3607,20072,COc1ccc([C@H](C)c2ccccc2)c(CC=C)c1,ODH,4.4,1.0,4.4,train,4.2908564,4.5679235,4.776816
3642,ODH_charity_0616:row:3642,20248,C=C[C@H](CCc1ccccc1)N2CCOCC2,ODH,4.94,1.0,4.94,train,4.461728,5.002857,5.4245033
2665,ODH_charity_0616:row:2665,14668,Cc1ccc(cc1)[C@H]2C=C(N(C(=O)[C@@H]2c3ccccc3)[S](=O)(=O)c4ccc(C)cc4)c5ccccc5,ODH,14.2,0.75,10.65,train,10.329827,10.94419,11.418852
4505,ODH_charity_0616:row:4505,23990,FC(F)(F)[C@@H]1Cc2ccccc2N[C@H]1C#Cc3ccccc3,ODH,8.3,0.7,5.81,train,5.753726,6.220747,6.6550875
3180,ODH_charity_0616:row:3180,17796,FC(F)(F)c1ccc(C[C@@H]2Oc3ccccc3N(Cc4ccccc4)C2=O)cc1,ODH,25.7,0.5,12.85,train,11.903482,12.346677,12.896145
1430,ODH_charity_0616:row:1430,8264,COc1ccc(CN2C(=O)N[C@H](c3cc(OC)ccc23)C(F)(F)F)cc1,ODH,12.9,0.8,10.32,train,9.853692,10.411785,10.93386
2654,ODH_charity_0616:row:2654,14605,COc1ccc(cc1)\C=C\2CC[C@@H]2O,ODH,19.339,0.8,15.4712,train,15.081734,15.47863,15.886387
4772,ODH_charity_0616:row:4772,25013,C=C[C@H](c1ccccc1)C(Cc2ccccc2)(C#N)C#N,ODH,9.23,1.0,9.23,train,10.025649,10.503879,10.973659
1639,ODH_charity_0616:row:1639,9304,CCC[C@@H](C=C)N1CCc2ccccc12,ODH,12.49,1.0,12.49,train,11.599505,12.058523,12.563021
3705,ODH_charity_0616:row:3705,20583,COC(=O)C[C@H](O)c1ccc(cc1)N(C)C,ODH,44.2,0.5,22.1,train,22.710583,23.254995,23.768858
3172,ODH_charity_0616:row:3172,17756,Brc1ccc(cc1)/C=C/C(=O)[C@H](C(C(=O)c2ccccc2)C(=O)c3ccccc3)c4ccccc4,ODH,22.7,0.75,17.025,train,17.191727,18.190395,18.939808
2242,ODH_charity_0616:row:2242,12333,Cc1ccccc1\C=C\[C@H]2COc3cc4CCCc4cc3O2,ODH,17.41,1.0,17.41,train,16.615118,17.298218,17.958912
2652,ODH_charity_0616:row:2652,14598,CC(C)(C)[S](=O)(=O)N[C@@](CO)(CSc1sc2ccccc2n1)c3ccccc3,ODH,19.3,1.0,19.3,train,18.051699,18.579546,19.074863
2055,ODH_charity_0616:row:2055,11442,C[C@]1(CC=Cc2ccccc2)CC(=NO1)c3ccccc3,ODH,12.48,0.8,9.984,train,9.565757,9.902237,10.281189
1700,ODH_charity_0616:row:1700,9598,CCOC(=O)/C=C/[C@H](CC)c1ccccc1,ODH,9.0,0.6,5.4,train,5.905397,6.232112,6.589328
1629,ODH_charity_0616:row:1629,9259,CN(CC[C@@H](O)c1ccc(Br)cc1)Cc2ccccc2,ODH,14.94,0.6,8.964,train,8.989981,9.4861765,9.878343
2930,ODH_charity_0616:row:2930,16153,COc1ccc(cc1)[C@H]2Cc3ccccc3C(=O)C(=N2)c4ccccc4O,ODH,22.4,0.7,15.68,train,15.328054,15.926827,16.479128
1306,ODH_charity_0616:row:1306,7536,O=C1Oc2ccccc2N[C@H]1c3ccccc3,ODH,10.9,0.7,7.63,train,9.711488,10.160525,10.548632
1533,ODH_charity_0616:row:1533,8696,CC(=O)[C@]1(CO1)c2ccc(cc2)C#N,ODH,11.9,1.0,11.9,train,12.288541,12.751559,13.133383
2596,ODH_charity_0616:row:2596,14187,Clc1ccccc1C[C@@H]2Oc3ccccc3N(Cc4ccccc4)C2=O,ODH,16.9,0.5,8.45,train,8.258478,8.68961,9.1614065
2038,ODH_charity_0616:row:2038,11357,COc1ccc(OC)c2[C@@H](O)[C@H](CC(C)C)C=Cc12,ODH,30.62,1.0,30.62,train,28.503399,29.28932,29.96213
4321,ODH_charity_0616:row:4321,23266,Cc1ccc(/C=C/C=C/C[C@@](C)(C=O)c2ccccc2)cc1,ODH,7.605,1.0,7.605,train,7.568589,7.9106526,8.270238
3934,ODH_charity_0616:row:3934,21569,C[C@@H](C#Cc1ccc(cc1)C#N)c2ccc(COC(C)=O)cc2,ODH,48.9,0.8,39.12,train,39.18694,40.22592,41.331978
1583,ODH_charity_0616:row:1583,8970,OC[C@H]1COC2(CCCCC2)c3ccccc3O1,ODH,12.1,1.0,12.1,train,10.634898,11.322544,11.942915
3295,ODH_charity_0616:row:3295,18366,OC[C@@](O)(Cn1cncn1)c2ccc(F)cc2F,ODH,29.5,1.0,29.5,train,29.98082,30.666946,31.181688
1067,ODH_charity_0616:row:1067,6247,O[C@@H](c1c([nH]c2ccccc12)c3ccccc3)C(F)(F)F,ODH,36.4,1.0,36.4,train,35.28181,36.35859,37.24744
1002,ODH_charity_0616:row:1002,5819,COc1ccc([C@@H]2CCc3ccccc3N2)c(OC)c1,ODH,34.0,0.6,20.4,train,17.499949,18.049986,18.554228
3297,ODH_charity_0616:row:3297,18396,OC[C@]1(COCCCS1)CC(=O)NCc2ccccc2,ODH,26.2,1.0,26.2,train,25.037817,25.77926,26.371225
2131,ODH_charity_0616:row:2131,11768,C[C@H](CC(C)=O)\C=C\c1ccc2ccccc2c1,ODH,17.59,0.8,14.072,train,13.867046,14.356263,14.862596
3416,ODH_charity_0616:row:3416,18971,Fc1ccc(cc1)C(=O)C([C@@H](C(=O)\C=C\c2ccc3ccccc3c2)c4ccccc4)C(=O)c5ccc(F)cc5,ODH,23.6,0.75,17.7,train,19.653896,20.22786,20.87824
1920,ODH_charity_0616:row:1920,10672,CC1(C)OB(OC1(C)C)[C@@H](Cc2ccc(cc2)c3ccccc3)N4CCOC4=O,ODH,11.8,1.0,11.8,train,10.010933,10.499048,11.066377
4039,ODH_charity_0616:row:4039,22065,Cc1ccc(cc1)N2N=C(C)[C@](C\C=C\c3ccccc3)(Cc4cccc(C)c4)C2=O,ODH,6.396,1.0,6.396,train,7.553092,8.453245,9.228224
2446,ODH_charity_0616:row:2446,13507,CC[C@@](N)(C\C=C\c1ccccc1)C(=O)OC(C)(C)C,ODH,17.6,1.0,17.6,train,15.04969,15.639422,16.190516
4123,ODH_charity_0616:row:4123,22340,CCc1ccc(cc1)[C@@]2(CC)N(c3cc(C)c(C)cc3C2=C)[S](=O)(=O)C(F)(F)F,ODH,5.6,1.0,5.6,train,4.952808,5.451845,5.9364963
693,ODH_charity_0616:row:693,3927,CC(C)(C)[Si](C)(C)Oc1ccc(cc1)[C@H](O)CCl,ODH,16.9,0.5,8.45,train,8.985211,9.434535,10.019456
77,ODH_charity_0616:row:77,457,COc1ccc(c(c1)C#C[Si](C(C)C)(C(C)C)C(C)C)[S@](=O)c2ccccn2,ODH,6.5,1.0,6.5,train,4.747549,5.9165225,7.02888
1654,ODH_charity_0616:row:1654,9365,O=C[C@@H]1COC2(CCC2)c3ccccc3O1,ODH,16.1,1.0,16.1,train,13.28057,13.754861,14.210684
2540,ODH_charity_0616:row:2540,13964,Clc1ccc2N[C@@H]([C@@H]3CCO[C@@H]3c2c1)c4ccccc4,ODH,13.9,1.0,13.9,train,12.723615,13.332343,13.822535
571,ODH_charity_0616:row:571,3329,COc1ccc2[C@H](O)CCCc2c1,ODH,17.2,1.0,17.2,train,18.56063,19.182024,19.754648
1300,ODH_charity_0616:row:1300,7524,C[C@@]1(C(=O)OCC=C)C(=O)Oc2ccc3ccccc3c12,ODH,10.9,1.0,10.9,train,7.507598,8.185755,8.801637
620,ODH_charity_0616:row:620,3608,COC(=O)[C@@H]1COc2ccc(Br)cc2O1,ODH,16.7,1.0,16.7,train,14.737683,15.41555,15.9539
2823,ODH_charity_0616:row:2823,15649,CC(C)(C)OC(=O)N1OCC[C@@H]1Cc2cc(F)c(F)cc2F,ODH,13.908,0.5,6.954,train,7.39488,7.720403,8.144241
544,ODH_charity_0616:row:544,3245,Cc1ccc2[C@H](O)CCCCc2c1,ODH,11.7,1.0,11.7,train,11.541666,12.014701,12.470277
3582,ODH_charity_0616:row:3582,19982,[O-][N+](=O)C[C@@H](c1ccccc1)c2ccccc2Cl,ODH,16.1,1.0,16.1,train,16.215277,16.732012,17.111107
1907,ODH_charity_0616:row:1907,10616,COc1cccc2C[C@H](C)Nc12,ODH,13.9,1.0,13.9,train,14.363603,14.801041,15.26223
1566,ODH_charity_0616:row:1566,8921,CC(C)[C@H]1C=Cc2ccccc2N1[S](C)(=O)=O,ODH,10.6,0.5,5.3,train,5.26321,5.410637,5.617543
3680,ODH_charity_0616:row:3680,20451,COc1ccc2c(c1)N(Cc3cccc4ccccc34)C(=O)[C@@]2(O)[C@H](C=C)c5ccccc5,ODH,15.302,1.0,15.302,train,15.248343,15.967276,16.650915
3275,ODH_charity_0616:row:3275,18270,IC[C@@]1(CCCc2ccccc2)COc3ccccc13,ODH,20.4,0.5,10.2,train,13.668766,14.234711,14.708097
2369,ODH_charity_0616:row:2369,13100,C=C[C@@H](C1CCCCC1)c2c[nH]c3ccccc23,ODH,19.0,1.0,19.0,train,20.05996,20.887524,21.607595
3871,ODH_charity_0616:row:3871,21293,C[C@@](C/C=C/c1ccccc1F)(C=O)c2ccccc2,ODH,6.599,1.0,6.599,train,7.3453646,7.7180386,8.066177
854,ODH_charity_0616:row:854,4882,CCOC(=O)[C@@H]1N[S](=O)(=O)Oc2cc(OC)ccc12,ODH,13.7,1.0,13.7,train,14.08996,14.67401,15.122807
2555,ODH_charity_0616:row:2555,14044,O[C@H]1CCCC[C@H]1Nc2ccc(Br)cc2,ODH,16.49,1.0,16.49,train,15.907154,16.385551,16.862778
2274,ODH_charity_0616:row:2274,12547,CCOC(=O)C1=C(C)OC(=O)C[C@@H]1c2ccccc2,ODH,16.2,0.7,11.34,train,12.92997,13.510482,14.091925
4291,ODH_charity_0616:row:4291,23123,ClC[C@H]1COc2ccccc2O1,ODH,8.2,1.0,8.2,train,8.028059,8.408164,8.726813
3808,ODH_charity_0616:row:3808,21081,CCCC[C@@H]1Cc2ccccc2[C@H](N1)c3ccccc3,ODH,5.4,0.7,3.78,train,4.887637,5.359586,5.731213
3936,ODH_charity_0616:row:3936,21571,Fc1ccc(cc1)[C@@H]2CC(=O)N=C(S2)c3ccccc3,ODH,61.8,0.5,30.9,train,28.766447,29.480362,30.092348
1979,ODH_charity_0616:row:1979,11024,O[C@H]/1CCC1=C/c2occc2,ODH,14.379,0.8,11.5032,train,11.703253,12.002235,12.307007
596,ODH_charity_0616:row:596,3447,CCOC(=O)[C@](C[N+]([O-])=O)(O\N=C\c1ccc(OC)cc1)c2ccc(cc2)c3ccccc3,ODH,14.09,1.0,14.09,train,14.140989,14.703349,15.176458
1644,ODH_charity_0616:row:1644,9341,CCCC[C@H]1[C@H](C)c2ccccc2[S](=O)(=O)N1Cc3ccccc3,ODH,13.2,0.7,9.24,train,9.893897,10.449415,10.873943
1244,ODH_charity_0616:row:1244,7262,CC(C)(C)c1ccc(cc1)[C@H](\C=C\c2ccccc2)[P](=O)(c3ccccc3)c4ccccc4,ODH,8.921,1.0,8.921,train,8.025332,8.55053,9.126702
1525,ODH_charity_0616:row:1525,8619,COc1ccc(cc1)[C@@H]2Nc3ccccc3OC2=O,ODH,11.8,0.7,8.26,train,8.186064,8.772397,9.268216
2980,ODH_charity_0616:row:2980,16473,C[C@H]1C[C@H](c2ccccc2)C(C)(C)C1=O,ODH,22.06,1.0,22.06,train,19.777239,20.164158,20.667866
708,ODH_charity_0616:row:708,4083,FC(F)(F)C[C@@]1(CCCN1C(=O)Nc2cccc(c2)C(F)(F)F)c3ccccc3,ODH,19.04,0.5,9.52,train,8.806635,9.463974,10.053046
1166,ODH_charity_0616:row:1166,6929,O[C@H](C1CCCCC1)c2ccccc2,ODH,8.4,0.8,6.72,train,6.6113925,7.0099807,7.428615
3576,ODH_charity_0616:row:3576,19958,C=C[C@H](c1ccccc1)c2c[nH]c3ccccc23,ODH,39.0,1.0,39.0,train,39.10277,40.116196,41.101433
1458,ODH_charity_0616:row:1458,8373,O[C@@H]/1CCCC1=C/c2ccc3ccccc3c2,ODH,12.5,0.8,10.0,train,9.38302,9.926685,10.4168415
3010,ODH_charity_0616:row:3010,16640,CCOC(=O)[C@H](CC(=O)c1ccc(OC)cc1)C(=C)C(C)=O,ODH,18.7,1.0,18.7,train,18.747492,19.371408,20.103605
3809,ODH_charity_0616:row:3809,21095,CCOC(=O)[C@H]1[C@@H](O)CC[C@@H]1CCc2ccccc2,ODH,4.57,1.0,4.57,train,5.278594,5.749519,6.0597396
1554,ODH_charity_0616:row:1554,8820,C[C@@H]1Nc2ccccc2Oc3c(Cl)cccc13,ODH,13.0,0.7,9.1,train,8.8478985,9.244661,9.666004
2107,ODH_charity_0616:row:2107,11647,CC(C)(C)OC(=O)C[C@](N)(C\C=C\c1ccccc1)C(=O)OC(C)(C)C,ODH,10.2,0.5,5.1,train,4.700375,5.294641,5.7909174
1058,ODH_charity_0616:row:1058,6188,O[C@H](C[N+]([O-])=O)c1ccc2ccccc2c1,ODH,43.653,0.8,34.9224,train,33.04828,33.91558,34.54042
1220,ODH_charity_0616:row:1220,7160,COC(=O)[C@@H](Nc1ccc(Cl)cc1)c2ccccc2,ODH,10.523,0.8,8.4184,train,8.825488,9.264974,9.674268
2414,ODH_charity_0616:row:2414,13298,CC(C)(C)c1ccc(C[C@H]2Oc3ccccc3N(Cc4ccccc4)C2=O)cc1,ODH,17.3,0.5,8.65,train,8.636018,8.889958,9.320222
4866,ODH_charity_0616:row:4866,25360,CC(=C)[C@H]1CN(C(=C1)c2ccc(Br)cc2)[S](=O)(=O)c3ccc(C)cc3,ODH,9.59,0.8,7.672,train,7.6614795,7.8895946,8.124521
3704,ODH_charity_0616:row:3704,20582,COC(=O)C[C@@H](O)c1ccc(cc1)N(C)C,ODH,40.4,0.5,20.2,train,20.726013,21.196537,21.670633
2100,ODH_charity_0616:row:2100,11582,C[C@@H](C(=O)OCc1ccccc1)c2c(C)n(C)c3ccccc23,ODH,16.2,0.7,11.34,train,10.746898,11.142712,11.568514
2340,ODH_charity_0616:row:2340,12966,C=C[C@H](CCc1ccccc1)C(C#N)C#N,ODH,16.846,1.0,16.846,train,15.518948,16.098766,16.690918
3051,ODH_charity_0616:row:3051,16963,OC[C@H](O)c1cccc(Br)c1,ODH,24.5,0.8,19.6,train,19.66121,20.175682,20.602497
3840,ODH_charity_0616:row:3840,21186,C=C[C@H](C1CCCCC1)C(Cc2ccccc2)(C#N)C#N,ODH,5.68,1.0,5.68,train,5.162563,5.809282,6.31911
709,ODH_charity_0616:row:709,4097,OC[C@@H]1[C@H](C[C@H]1c2cc(Br)cn2CC=C)c3ccc(cc3)C#N,ODH,22.9,1.0,22.9,train,23.082155,23.927063,24.718073
1217,ODH_charity_0616:row:1217,7157,COC(=O)[C@H]1Cc2c(O1)ccc3ccccc23,ODH,12.31,1.0,12.31,train,11.865767,12.500735,13.091127
3046,ODH_charity_0616:row:3046,16926,Cc1ccc(cc1)C(=O)[C@@H](O)[C@H](C=C)c2ccccc2,ODH,26.3,0.5,13.15,train,12.082195,12.665774,13.148539
3505,ODH_charity_0616:row:3505,19499,Cc1ccc(cc1)[S](=O)(=O)N2C(=O)C[C@@H](C=C2c3ccccc3)c4ccc(Br)cc4,ODH,39.9,0.7,27.93,train,26.573229,27.335022,28.000858
228,ODH_charity_0616:row:228,1326,Fc1ccc(cc1)C(=O)[C@@]2(OCCC[C@@H]2Br)c3ccc(F)cc3,ODH,8.14,1.0,8.14,train,7.6381884,8.305823,8.862429
888,ODH_charity_0616:row:888,5039,Fc1ccc(cc1F)[C@H]2CCCC(=O)N2,ODH,19.9,0.8,15.92,train,14.647797,15.219162,15.656122
3778,ODH_charity_0616:row:3778,20954,Cc1ccc2c(OC(=O)[C@]2(C)C(=O)OCC=C)c1,ODH,5.6,1.0,5.6,train,5.71458,6.1093903,6.5267296
2685,ODH_charity_0616:row:2685,14867,COc1ccc(cc1OC)[C@H](C[N+]([O-])=O)c2ccc(C)cc2,ODH,19.8,1.5,29.7,train,28.872604,29.64608,30.477154
602,ODH_charity_0616:row:602,3477,C[C@H]([C@H](CCO)c1ccccc1)[N+]([O-])=O,ODH,12.03,1.0,12.03,train,12.185114,12.588021,12.894091
2354,ODH_charity_0616:row:2354,13017,O=C1N[C@H](c2ccccc2)c3ccccc3N1,ODH,16.9,1.0,16.9,train,17.581657,18.229408,18.777567
3732,ODH_charity_0616:row:3732,20740,FC(F)(F)c1ccc(cc1)[C@H]2NCCNC2=O,ODH,46.7,1.0,46.7,train,43.950787,44.891693,45.687923
2143,ODH_charity_0616:row:2143,11797,CCC[C@H](NCc1cccnc1)C(=C)CC,ODH,15.3,1.0,15.3,train,14.01269,14.545515,14.981972
529,ODH_charity_0616:row:529,3115,O[C@@H](C[N+]([O-])=O)c1cccc(Cl)c1,ODH,11.7,1.2,14.04,train,17.334852,17.95204,18.390713
4472,ODH_charity_0616:row:4472,23882,CCC[C@@H](NCc1ccccc1)C=C,ODH,10.603,0.5,5.3015,train,5.3966804,5.6968107,5.9736524
3103,ODH_charity_0616:row:3103,17251,COc1ccccc1C#CC[C@@]2(C)COc3ccccc23,ODH,27.7,0.5,13.85,train,13.393547,13.95492,14.500431
3223,ODH_charity_0616:row:3223,18068,CCC[C@@H](C=C)N(C)c1ccccc1,ODH,28.25,0.3,8.475,train,8.379901,8.649269,9.026856
759,ODH_charity_0616:row:759,4254,COC(=O)[C@H]1COc2cc(Cl)c(Cl)cc2O1,ODH,17.0,1.0,17.0,train,15.30512,15.9602785,16.45393
4161,ODH_charity_0616:row:4161,22496,C(Cc1ccccc1)[C@@H]2COc3ccccc3O2,ODH,6.95,1.0,6.95,train,6.843965,7.2196493,7.5676503
3605,ODH_charity_0616:row:3605,20056,CCc1cccc(\C=C\[C@H](C)C#Cc2ccc(cc2)C#N)c1,ODH,37.9,0.2,7.58,train,7.3993244,7.9531145,8.438127
2287,ODH_charity_0616:row:2287,12638,O=[S]1(=O)N2[C@H]3CCCC[C@H]3[C@H]([C@@H]2c4ccccc14)c5ccccc5,ODH,18.81,0.5,9.405,train,9.000025,9.574068,10.050509
4769,ODH_charity_0616:row:4769,25008,Fc1ccc(cc1F)C2=C(C[C@@H](O2)C=C)C#N,ODH,9.951,1.0,9.951,train,8.778593,9.396451,9.8548975
2076,ODH_charity_0616:row:2076,11498,CC(C)(C)OC(=O)[C@](N)(CC=C)C\C=C\c1ccccc1,ODH,5.7,1.0,5.7,train,5.172686,5.5281234,5.937109
290,ODH_charity_0616:row:290,1642,CC(C)OC(=O)[C@H](CC=O)Cc1ccc(Br)cc1,ODH,12.6,1.0,12.6,train,11.509005,11.7870035,12.132046
345,ODH_charity_0616:row:345,1910,CC(C)(O)C[C@@H]1CCc2ccccc2N1,ODH,9.0,1.0,9.0,train,10.801232,11.329441,11.798516
1640,ODH_charity_0616:row:1640,9305,O[C@H](C1=CC=CC=C1)CCN(C)C,ODH,8.61,1.0,8.61,train,9.567504,9.806655,10.087642
1936,ODH_charity_0616:row:1936,10743,C=CCC[S@@](=O)c1ccccc1,ODH,14.079,1.0,14.079,train,13.720117,14.124313,14.513236
2499,ODH_charity_0616:row:2499,13809,C[C@H]1N[S](=O)(=O)c2ccccc12,ODH,18.1,0.8,14.48,train,13.476229,13.734816,14.031503
2781,ODH_charity_0616:row:2781,15400,O[C@@H]([C@H](C=C)c1ccc(Cl)cc1)C(=O)c2ccccc2,ODH,16.5,0.5,8.25,train,8.355207,8.825824,9.277998
367,ODH_charity_0616:row:367,2005,CC[C@H]1Cc2ccccc2N1,ODH,9.5,0.8,7.6,train,7.814159,8.225843,8.627334
1318,ODH_charity_0616:row:1318,7621,COc1ccc(cc1)[C@@H]([C@H](C)O)N2CCCC2,ODH,10.99,1.0,10.99,train,10.870081,11.342847,11.766669
1543,ODH_charity_0616:row:1543,8750,FC(F)(F)[C@@]1(CC(=C)C(=O)OCc2ccccc2)C=C(c3ccccc3)c4ccccc14,ODH,11.93,0.5,5.965,train,5.315028,5.969925,6.5808415
2096,ODH_charity_0616:row:2096,11576,COC(=O)[C@H](CNC(=O)OC(C)(C)C)Cc1ccccc1,ODH,13.9,0.5,6.95,train,7.234988,7.7083855,8.217924
3686,ODH_charity_0616:row:3686,20505,Cc1ccc(cc1)[S](=O)(=O)N2C(=O)[C@@H]([C@H](C=C2c3cccnc3)c4ccccc4)c5ccccc5,ODH,25.6,0.75,19.2,train,19.469084,20.326038,20.98686
2117,ODH_charity_0616:row:2117,11677,CC[C@H]1Nc2ccccc2OC1=O,ODH,18.7,0.7,13.09,train,12.29636,12.747684,13.188395
2253,ODH_charity_0616:row:2253,12408,CN(CC[C@@H](O)c1ccc(Cl)cc1)Cc2ccccc2,ODH,21.47,0.6,12.882,train,12.030823,12.534703,12.956745
2664,ODH_charity_0616:row:2664,14659,O[C@@H](C[C@H](O)c1ccccc1)c2ccccc2,ODH,16.8,1.0,16.8,train,17.325825,17.806396,18.15758
2822,ODH_charity_0616:row:2822,15640,C[C@@H]1Nc2ccccc2C[C@H]1N3C(=O)c4ccccc4C3=O,ODH,21.3,0.7,14.91,train,14.324921,14.954528,15.515872
4331,ODH_charity_0616:row:4331,23297,COC(=O)[C@@H](O)c1ccc(Br)cc1,ODH,7.65,2.0,15.3,train,15.092749,15.649273,16.17234
2903,ODH_charity_0616:row:2903,16006,Cc1ccc(cc1)[S](=O)(=O)N2C(=O)[C@@H]([C@H](C=C2c3ccccc3)c4sccc4)c5ccccc5,ODH,15.8,0.75,11.85,train,11.918888,12.633215,13.2214775
3079,ODH_charity_0616:row:3079,17127,COc1ccc(cc1)C(=O)N[C@@](C)(C(=O)NCCO)C(=O)OCc2ccccc2,ODH,25.0,0.7,17.5,train,17.188625,17.768948,18.30377
4293,ODH_charity_0616:row:4293,23133,CCC[C@@H](Nc1ccccc1)C=C,ODH,8.51,1.0,8.51,train,7.0070753,7.44921,7.868359
2104,ODH_charity_0616:row:2104,11614,BrC[C@@H]1CC(CN1[S](=O)(=O)c2ccccc2)(c3ccccc3)c4ccccc4,ODH,10.06,1.0,10.06,train,10.191375,10.817172,11.396984
3891,ODH_charity_0616:row:3891,21350,Clc1ccc(cc1)[C@@H]2NCCNC2=O,ODH,42.1,1.0,42.1,train,39.952858,40.957718,41.70006
2726,ODH_charity_0616:row:2726,15040,Brc1ccc(cc1)[C@@H]2CCc3ccccc3N2,ODH,11.52,1.0,11.52,train,13.230885,13.5118475,13.845863
2322,ODH_charity_0616:row:2322,12870,N#C[C@]1(CCc2cc(cnc12)c3ccccc3)Cc4ccccc4,ODH,19.103,1.0,19.103,train,18.949957,19.73042,20.457321
507,ODH_charity_0616:row:507,2976,C[C@@H]1Nc2ccc(Br)cc2N(C)C1=O,ODH,14.5,1.0,14.5,train,15.642226,16.077251,16.611658
965,ODH_charity_0616:row:965,5547,COc1cccc(c1)[C@@H](O)CC[N+]([O-])=O,ODH,26.4,1.0,26.4,train,26.444288,27.216074,27.80468
786,ODH_charity_0616:row:786,4537,N[C@@H](c1ccccc1)c2ccccc2O,ODH,12.69,0.7,8.883,train,9.316497,9.729888,10.076487
1816,ODH_charity_0616:row:1816,10185,CC(C)CC[C@H]1Nc2ccccc2C[C@H]1N3C(=O)c4ccccc4C3=O,ODH,15.3,0.6,9.18,train,8.629749,9.081634,9.523898
1198,ODH_charity_0616:row:1198,7086,CCC[C@@H](NCc1sccc1)C=C,ODH,11.237,0.5,5.6185,train,5.3727875,5.715431,6.048538
3310,ODH_charity_0616:row:3310,18443,O[C@H](C(O)=O)c1ccccc1,ODH,14.55,0.8,11.64,train,12.366857,12.728314,13.046553
564,ODH_charity_0616:row:564,3299,Oc1cccc(c1)[C@@H]2CCc3ccccc3N2,ODH,15.5,1.2,18.6,train,18.476606,19.14658,19.733946
959,ODH_charity_0616:row:959,5395,Cc1ccccc1NC[C@@H]2CCc3ccccc3N2,ODH,26.2,1.0,26.2,train,24.669369,25.301472,25.898685
3651,ODH_charity_0616:row:3651,20277,Cc1ccc(cc1)[C@@]2(CC(=CC(=O)O2)c3ccccc3)C(F)(F)F,ODH,40.2,0.75,30.15,train,23.737385,24.509418,25.16806
2741,ODH_charity_0616:row:2741,15142,O[C@@H]([C@@H](C=C)c1ccc(Br)cc1)C(=O)c2ccccc2,ODH,15.0,0.5,7.5,train,7.25378,7.6493545,8.047466
4112,ODH_charity_0616:row:4112,22319,COc1ccc(N[C@H](C#CC(F)(F)C(F)(F)C(F)(F)F)c2ccccc2)cc1,ODH,6.7,0.8,5.36,train,5.18095,5.8272038,6.4179826
1005,ODH_charity_0616:row:1005,5852,CC(C)[C@@H]1CCc2ccccc2N1,ODH,18.4,0.5,9.2,train,10.151965,10.523438,10.977185
3312,ODH_charity_0616:row:3312,18453,OC[C@@H](O)c1ccccc1Cl,ODH,25.5,1.0,25.5,train,25.665125,26.220854,26.67973
4651,ODH_charity_0616:row:4651,24511,O=S1(N[C@@H](P(OC(C)C)(OC(C)C)=O)C2=CC=CC=C21)=O,ODH,10.2,0.8,8.16,train,8.069006,8.25693,8.503885
4485,ODH_charity_0616:row:4485,23920,CC(C)[C@]1(COc2ccccc12)CC3=CCCC3,ODH,8.2,0.5,4.1,train,3.7098565,4.081363,4.4015865
3995,ODH_charity_0616:row:3995,21854,CCC(COC(=O)[C@@H](NC(=O)c1ccc(cc1)C(C)(C)C)c2ccccc2)(c3ccccc3)c4ccccc4,ODH,6.1,1.0,6.1,train,6.467962,7.054471,7.637625
255,ODH_charity_0616:row:255,1450,NC(=O)[C@@H]1COc2ccccc2O1,ODH,9.7,1.0,9.7,train,9.288081,9.645975,9.95534
3374,ODH_charity_0616:row:3374,18761,CN1C(=O)[C@@]2(OC(=O)c3cccc4ccn2c34)c5ccccc15,ODH,30.9,0.8,24.72,train,21.564695,22.384598,23.12806
2360,ODH_charity_0616:row:2360,13033,C[C@H](O)c1ccc(Cl)cc1,ODH,16.91,1.0,16.91,train,17.077364,17.48102,17.869453
957,ODH_charity_0616:row:957,5377,CC(=O)C[C@H]1CCCCN1C(=O)OCc2ccccc2,ODH,30.4,0.5,15.2,train,14.857794,15.462861,16.009007
4516,ODH_charity_0616:row:4516,24038,CCC[C@H](C=C)c1n2cc(Br)ccc2cc1c3ccccc3,ODH,7.379,1.0,7.379,train,8.113522,8.758615,9.38664
3320,ODH_charity_0616:row:3320,18504,CN1CCc2ccccc2[C@@H]1c3ccc(Cl)cc3,ODH,3.7,1.0,3.7,train,3.9878101,4.3148193,4.5981426
4765,ODH_charity_0616:row:4765,24986,CC(C)(Cc1ccccc1)[C@@H](O)c2ccccc2,ODH,7.8,0.8,6.24,train,6.0122504,6.3370695,6.616839
3782,ODH_charity_0616:row:3782,20987,CCC[C@H](c1ccccc1)c2cc(cc(c2)c3ccccc3)c4ccccc4,ODH,4.68,1.0,4.68,train,5.0546393,5.6156907,6.128472
3728,ODH_charity_0616:row:3728,20702,Fc1cccc(c1)[C@H](Nc2ccccc2)C(=O)c3cccc(F)c3,ODH,45.97,1.0,45.97,train,43.438763,44.751865,45.64408
1573,ODH_charity_0616:row:1573,8940,COc1ccc(cc1)n2c(C)cc([C@@H](C(=O)OCc3ccccc3)c4ccccc4)c2C,ODH,12.1,0.7,8.47,train,9.223274,9.729632,10.263362
4563,ODH_charity_0616:row:4563,24214,CCc1oc(c2ccccc2)c3[C@@H]4COCCN4c5ccccc5Cc13,ODH,11.0,0.6,6.6,train,6.3270607,6.749868,7.113385
1674,ODH_charity_0616:row:1674,9442,NC1=C(C#N)[C@H](\C=C\c2ccccc2)c3cc4OCOc4cc3O1,ODH,12.6,0.7,8.82,train,9.293489,9.799294,10.22447
4609,ODH_charity_0616:row:4609,24396,CC(C)Cc1ccc(cc1)C(=O)C(=[N+]=[N-])[C@@H](N)C(F)(F)F,ODH,6.958,1.0,6.958,train,7.345824,7.5907736,7.9335356
4167,ODH_charity_0616:row:4167,22526,CCOC(=O)[C@@]1(N[S](=O)(=O)c2ccccc12)C#Cc3sccc3,ODH,68.2,0.5,34.1,train,32.45271,33.443775,34.14276
2416,ODH_charity_0616:row:2416,13302,O[C@H](COC(=O)c1ccccc1)c2ccccc2,ODH,17.3,0.8,13.84,train,12.74476,13.26824,13.63499
4860,ODH_charity_0616:row:4860,25321,COC(=O)[C@@]1(CCCC1=O)[C@H](C[N+]([O-])=O)c2cccc(C)c2,ODH,13.26,1.0,13.26,train,12.427631,13.245285,13.873185
1688,ODH_charity_0616:row:1688,9550,C1[C@H](Nc2ccccc12)c3ccccc3,ODH,21.3,1.0,21.3,train,20.548708,21.115149,21.63558
2656,ODH_charity_0616:row:2656,14617,CN(C[C@@H](CSc1oc2ccccc2n1)C#N)C(c3ccccc3)c4ccccc4,ODH,10.9,1.0,10.9,train,11.27529,12.219901,12.846994
1484,ODH_charity_0616:row:1484,8431,CC(=O)N[C@H](Cc1ccccc1)C(O)=O,ODH,9.2,0.8,7.36,train,7.314376,7.5550213,7.7947845
1888,ODH_charity_0616:row:1888,10532,FC(F)(F)[C@]1(OC(=O)c2cccc3ccn1c23)c4ccc5ccccc5c4,ODH,16.0,0.5,8.0,train,8.704493,9.524314,10.336043
4663,ODH_charity_0616:row:4663,24540,CCCCC[C@H](C=C)n1ccc2cc(ccc12)C#Cc3ccccc3,ODH,7.9,1.0,7.9,train,7.6940603,8.410092,9.076386
1867,ODH_charity_0616:row:1867,10423,Oc1ccccc1[C@H](OC2CCC2)c3ccccc3,ODH,14.7,0.5,7.35,train,7.455603,7.947097,8.359173
749,ODH_charity_0616:row:749,4228,CCOC(=O)C[C@@H](Sc1ccccc1C)c2ccccc2,ODH,11.2,1.0,11.2,train,11.219987,11.656868,12.142809
1776,ODH_charity_0616:row:1776,9979,CN(CC[C@@H](O)c1ccccc1)Cc2ccccc2,ODH,14.52,0.8,11.616,train,11.131505,11.670393,12.100036
1633,ODH_charity_0616:row:1633,9285,N[C@H](C(=[N+]=[N-])C(=O)c1ccc(cc1)C(F)(F)F)C(F)(F)F,ODH,10.544,1.0,10.544,train,10.837788,11.379661,11.831803
3123,ODH_charity_0616:row:3123,17399,CCOC(=O)[C@]1(N[S](=O)(=O)c2ccccc12)C#Cc3ccc(cc3)C(F)(F)F,ODH,25.8,0.5,12.9,train,12.877633,13.606802,14.226138
737,ODH_charity_0616:row:737,4190,COc1ccc2CC[C@H](O)c2c1,ODH,19.6,1.0,19.6,train,20.865248,21.479284,22.050064
4737,ODH_charity_0616:row:4737,24857,CCCCCC(=O)O\C(c1ccccc1)=C\2[C@H]([C@H](CCC)C=C2c3ccccc3)c4cccc(Br)c4,ODH,10.6,0.7,7.42,train,7.208424,8.12539,8.943626
3006,ODH_charity_0616:row:3006,16591,COC(=O)CCNC(=O)[C@@](Cc1ccccc1)(NC(=O)c2ccccc2)C(=O)OCc3ccccc3,ODH,35.2,1.0,35.2,train,34.500843,35.93309,36.909294
2066,ODH_charity_0616:row:2066,11466,O[C@H]([C@H](C=C)c1ccccc1)C(=O)c2ccccc2,ODH,17.8,0.5,8.9,train,7.9402733,8.472016,8.898652
4942,ODH_charity_0616:row:4942,25687,C[C@](C\C=C\C=C\c1cscc1)(C=O)c2ccccc2,ODH,9.823,1.0,9.823,train,10.446863,10.908071,11.382612
3353,ODH_charity_0616:row:3353,18640,O[C@@H]([C@H](C=C)c1ccc(Br)cc1)C(=O)c2ccccc2,ODH,17.2,0.5,8.6,train,7.9753423,8.491584,8.927802
252,ODH_charity_0616:row:252,1447,CC(C)(NC(=O)C[C@@H]1CCOc2ccccc12)c3ccccn3,ODH,10.9,0.8,8.72,train,8.497553,8.885431,9.308832
3117,ODH_charity_0616:row:3117,17377,CC(=C)[C@H]1CN(C(=C1)c2ccc(cc2)C(C)=O)[S](=O)(=O)c3ccc(C)cc3,ODH,25.71,0.8,20.568,train,19.651772,20.151705,20.709826
392,ODH_charity_0616:row:392,2145,O=CC[C@H](Cc1ccccc1)C(=O)N2CCOCC2,ODH,14.9,1.0,14.9,train,14.006485,14.460836,14.764965
2463,ODH_charity_0616:row:2463,13607,COC(=O)[C@@H](F)CC#Cc1ccccc1,ODH,17.8,1.0,17.8,train,18.04646,18.595121,19.098259
4433,ODH_charity_0616:row:4433,23726,CC[C@@H](N[S](=O)(=O)C(C)(C)C)c1ccccc1,ODH,6.6,1.0,6.6,train,6.6313972,6.8426995,7.0818453
3812,ODH_charity_0616:row:3812,21100,COc1ccc(cc1)[C@H]2CC3=C([C@@H]4[C@H]2C(=O)c5ccccc5C4=O)c6ccccc6[Si](C)(C)O3,ODH,6.43,1.0,6.43,train,6.4605103,6.950409,7.2278633
3996,ODH_charity_0616:row:3996,21855,CC(C)OC(=O)[C@H](Oc1ccccc1)c2ccccc2,ODH,7.1,1.0,7.1,train,6.2749825,6.5975413,6.915852
1529,ODH_charity_0616:row:1529,8669,Cc1ccc(cc1)[C@@H](O)C(O)=O,ODH,11.86,0.8,9.488,train,10.855759,11.356175,11.846882
4402,ODH_charity_0616:row:4402,23634,C[C@H](COC=O)c1ccc(cc1)C(F)(F)F,ODH,75.4,0.5,37.7,train,36.294838,37.383038,38.263622
2995,ODH_charity_0616:row:2995,16542,CCOC(=O)/C=C/[C@@H](CC)N1C[C@H](OC1=O)c2ccccc2,ODH,20.5,0.8,16.4,train,15.086107,15.615223,16.162731
3287,ODH_charity_0616:row:3287,18329,COC(=O)c1ccc(cc1)[C@](C)(CO)c2cccc(OC)c2,ODH,35.22,0.6,21.132,train,20.546606,21.04909,21.7235
1673,ODH_charity_0616:row:1673,9441,NC1=C(C#N)[C@@H](\C=C\c2ccccc2)c3cc4OCOc4cc3O1,ODH,13.8,0.7,9.66,train,10.058652,10.522963,10.819519
3526,ODH_charity_0616:row:3526,19614,O=C([C@@](C1=CC=CC(F)=C12)(C#CC3=CC=CC=C3)NS2(=O)=O)OCC,ODH,36.1,0.5,18.05,train,18.611225,19.224398,19.75976
1613,ODH_charity_0616:row:1613,9157,COc1cccc(c1)[C@@H]([C@H](C)O)N2CCCC2,ODH,12.31,1.0,12.31,train,11.817341,12.387047,12.945914
4588,ODH_charity_0616:row:4588,24314,COc1ccc(O[C@@H](C(=O)OCc2ccccc2)c3ccccc3)cc1,ODH,8.6,1.0,8.6,train,8.230538,8.81329,9.313404
3455,ODH_charity_0616:row:3455,19178,C[C@]1(COc2ccccc12)CC#Cc3ccc(C=O)cc3,ODH,32.9,0.5,16.45,train,16.376003,16.98628,17.570734
2637,ODH_charity_0616:row:2637,14486,COc1ccc2N(C(=O)C(c3ccccc3)c4ccccc4)C(=O)[C@](C)(C(=O)OCC=C)c2c1,ODH,25.9,0.8,20.72,train,19.63316,20.409592,21.120394
1981,ODH_charity_0616:row:1981,11032,Fc1ccc(cc1)[C@H]2CCc3ccccc3N2,ODH,14.38,1.0,14.38,train,13.413543,13.95737,14.475477
1786,ODH_charity_0616:row:1786,9999,CC(C)(C)OC(=O)[C@](C)(N)C\C=C\c1cccc(Cl)c1,ODH,13.2,0.5,6.6,train,6.6818533,7.068819,7.5065827
3078,ODH_charity_0616:row:3078,17126,COc1ccc(cc1)C(=O)N[C@](C)(C(=O)NCCO)C(=O)OCc2ccccc2,ODH,19.0,0.7,13.3,train,15.153426,15.883654,16.550327
1759,ODH_charity_0616:row:1759,9857,Cc1ccc(cc1)[C@H]2CNc3ccccc3N2,ODH,13.0,0.6,7.8,train,7.650725,8.0584755,8.508327
1889,ODH_charity_0616:row:1889,10533,FC(F)(F)[C@@]1(OC(=O)c2cccc3ccn1c23)c4ccc5ccccc5c4,ODH,13.8,0.5,6.9,train,7.7324767,8.480061,9.185987
4145,ODH_charity_0616:row:4145,22423,CCC[C@H](NCCc1ccccc1)C(=C)CC,ODH,6.88,1.0,6.88,train,6.3655405,6.8024235,7.1881
1704,ODH_charity_0616:row:1704,9612,Clc1ccc(cc1)[C@]2(CCCCC2=C)c3ccccc3,ODH,11.5,0.5,5.75,train,5.745144,6.250812,6.782269
4385,ODH_charity_0616:row:4385,23540,CCOC(=O)[C@@H](c1ccccc1)c2cc(C)n(Cc3ccccc3)c2C,ODH,7.9,0.7,5.53,train,5.83301,6.271155,6.606121
1090,ODH_charity_0616:row:1090,6431,CC(C)OC(=O)[C@@]1(CC(=NN1)C(=O)N2CCOC2=O)c3ccc(Br)cc3,ODH,51.737,0.5,25.8685,train,26.232616,27.063065,27.642807
3672,ODH_charity_0616:row:3672,20403,C[C@@]1(COc2ccccc12)CC#Cc3cccc(Cl)c3,ODH,43.9,0.5,21.95,train,21.971521,22.732878,23.456196
1756,ODH_charity_0616:row:1756,9851,Oc1ccccc1[C@H](OCCC#C)c2ccccc2,ODH,16.8,1.0,16.8,train,16.51486,17.036968,17.444113
1190,ODH_charity_0616:row:1190,7061,O[C@]1([C@H](C=C)c2ccccc2)C(=O)N(Cc3ccccc3F)c4ccccc14,ODH,8.25,1.0,8.25,train,8.517407,9.12427,9.667493
1597,ODH_charity_0616:row:1597,9070,CC(=C)[C@@H](CN[S](=O)(=O)c1ccc(C)cc1)CC(=O)c2ccc(C)cc2,ODH,26.41,0.5,13.205,train,11.995892,12.373267,12.712109
1559,ODH_charity_0616:row:1559,8876,O[C@@]1([C@H](C=C)c2ccccc2)C(=O)N(Cc3ccccc3)c4ccccc14,ODH,12.02,1.0,12.02,train,10.707278,11.3494005,11.91575
2019,ODH_charity_0616:row:2019,11277,CC[C@@H]1NCCc2cc(OC)c(OC)cc12,ODH,10.29,1.0,10.29,train,11.334305,11.783894,12.171466
28,ODH_charity_0616:row:28,211,CCCCC[C@@H](CC=O)C(=O)OCC,ODH,6.0,1.0,6.0,train,5.9316797,6.328859,6.7517514
2820,ODH_charity_0616:row:2820,15609,Cc1ccc(cc1)[S](=O)(=O)N2C[C@H]3C=CCN(C(=C3C2)c4ccc(Cl)cc4)[S](=O)(=O)c5ccc(C)cc5,ODH,21.27,0.8,17.016,train,16.200142,16.751572,17.220398
1233,ODH_charity_0616:row:1233,7233,O[C@@H]1[C@@H]2O[C@@H]2C(=O)c3cc(Cc4ccccc4)c(Cc5ccccc5)cc13,ODH,16.7,0.8,13.36,train,13.430878,14.132962,14.676832
1735,ODH_charity_0616:row:1735,9742,COc1ccc(N2[C@H](COC2=O)C=C)c(OC)c1,ODH,19.7,1.0,19.7,train,18.648773,19.049501,19.57517
4431,ODH_charity_0616:row:4431,23722,C1CCC(CC1)[C@H]2Cc3ccccc3N2,ODH,11.9,0.8,9.52,train,8.689572,9.30671,9.893438
4627,ODH_charity_0616:row:4627,24429,CC(C)(C)[C@@]1(COc2ccccc12)CC3=CCCC3,ODH,7.4,0.75,5.55,train,5.1422057,5.3516417,5.629641
4891,ODH_charity_0616:row:4891,25486,Cc1cc([C@H](C(=O)OCc2ccccc2)c3ccccc3)c(C)n1Cc4ccccc4,ODH,10.9,0.7,7.63,train,7.730773,8.247866,8.733832
2094,ODH_charity_0616:row:2094,11574,O=COC[C@H](C1=C2C=CC=CC2=CC=C1)C,ODH,13.9,0.5,6.95,train,6.8213882,7.368311,7.848297
2289,ODH_charity_0616:row:2289,12643,C[C@@H](O)[C@H](N1CCN(C)CC1)c2ccccc2,ODH,16.33,1.0,16.33,train,15.922205,16.359282,16.753765
3500,ODH_charity_0616:row:3500,19423,O=C1[C@@H](Cc2ccc3ccccc3c2)Oc4ccccc4N1Cc5ccccc5,ODH,34.7,0.5,17.35,train,15.187123,15.841846,16.52632
4511,ODH_charity_0616:row:4511,24009,CCc1ccc(C[C@@H](B2OC(C)(C)C(C)(C)O2)N3CCOC3=O)cc1,ODH,8.3,1.0,8.3,train,7.873662,8.292249,8.759602
482,ODH_charity_0616:row:482,2715,C[C@H](C#Cc1ccccc1)c2ccccc2,ODH,13.6,1.0,13.6,train,13.849329,14.459525,15.029607
1416,ODH_charity_0616:row:1416,8147,Cc1ccc2OC[C@](C)(CC#Cc3ccccc3)c2c1,ODH,12.1,0.5,6.05,train,5.2763634,5.5946264,6.004845
1417,ODH_charity_0616:row:1417,8148,Cc1ccc2OC[C@@](C)(CC#Cc3ccccc3)c2c1,ODH,11.4,0.5,5.7,train,5.451031,5.810076,6.220091
999,ODH_charity_0616:row:999,5797,CCOC(=O)C[C@@H](Sc1cccc(C)c1)c2ccccc2,ODH,17.0,1.0,17.0,train,17.176207,17.762573,18.386446
4260,ODH_charity_0616:row:4260,22980,CCCC[C@H]1NCc2ccccc2[C@H]1F,ODH,8.9,0.8,7.12,train,7.1211495,7.43814,7.713258
3101,ODH_charity_0616:row:3101,17247,C[C@H](COC=O)c1ccccc1C,ODH,26.5,0.5,13.25,train,13.53252,14.001945,14.466849
3082,ODH_charity_0616:row:3082,17170,O=C1[C@H](Cc2cscc2)Oc3ccccc3N1Cc4ccccc4,ODH,21.2,0.5,10.6,train,10.264824,10.641416,11.105505
215,ODH_charity_0616:row:215,1232,Cc1ccc(cc1)C(=O)[C@@]2(OCCC[C@@H]2Cl)c3ccc(C)cc3,ODH,8.1,1.0,8.1,train,7.4703665,7.8606844,8.402859
2154,ODH_charity_0616:row:2154,11857,COC(=O)[C@H](O)c1ccc(Cl)cc1,ODH,13.28,1.0,13.28,train,12.76932,13.245078,13.719616
1371,ODH_charity_0616:row:1371,7889,CC(=O)SC[C@H]1COC2(CCC2)c3ccccc3O1,ODH,11.2,1.0,11.2,train,11.397623,11.919258,12.502023
21,ODH_charity_0616:row:21,188,C[C@@H]1CCc2cc(F)ccc2N1,ODH,5.2,1.0,5.2,train,4.587971,5.026456,5.3746576
3543,ODH_charity_0616:row:3543,19732,CC(=O)C1=C(C)OC(=O)C[C@H]1c2ccc(Br)cc2,ODH,37.1,0.7,25.97,train,23.9607,24.715815,25.479912
3628,ODH_charity_0616:row:3628,20190,CC(C)C[C@](N)([C@@H](C)\C=C\c1ccccc1)C(=O)OC(C)(C)C,ODH,4.2,1.0,4.2,train,3.4998405,3.9635508,4.3665633
1635,ODH_charity_0616:row:1635,9287,CC(C)[C@H]1[C@@H](N1[S](=O)(=O)c2ccc(C)cc2)C(C)=O,ODH,13.51,0.8,10.808,train,10.036116,10.35605,10.694045
1978,ODH_charity_0616:row:1978,11023,O[C@@H]/1CCC1=C/c2occc2,ODH,12.42,0.8,9.936,train,10.005424,10.314331,10.642767
4204,ODH_charity_0616:row:4204,22744,CCOC(=O)N[C@@H](C[C@](C)(NC(C)=O)c1ccccc1)c2ccccc2,ODH,7.05,1.0,7.05,train,7.681293,8.146174,8.644809
2435,ODH_charity_0616:row:2435,13405,COC(=O)[C@H]1Cc2ccc(Br)cc2CO1,ODH,13.38,1.0,13.38,train,13.683439,14.09065,14.502187
1715,ODH_charity_0616:row:1715,9655,CCCC[C@H]1Nc2ccc(OC)cc2C[C@H]1N3C(=O)c4ccccc4C3=O,ODH,24.2,0.7,16.94,train,15.291565,15.873745,16.466982
4597,ODH_charity_0616:row:4597,24332,C[C@@H](N[S](=O)(=O)C(C)(C)C)c1ccccc1F,ODH,7.4,1.0,7.4,train,6.593635,6.9354205,7.2651052
1692,ODH_charity_0616:row:1692,9580,CC[C@@H](C#Cc1cccc(Br)c1)c2ccccc2,ODH,13.61,0.7,9.527,train,10.871122,11.55308,12.18174
4285,ODH_charity_0616:row:4285,23074,CCOC(=O)[C@@H](C)Oc1ccc2ccccc2c1,ODH,6.69,1.0,6.69,train,6.5027823,6.8131843,7.1651936
4794,ODH_charity_0616:row:4794,25094,CC1(C)OB(OC1(C)C)[C@H](Cc2ccc(Cl)cc2)N3CCOC3=O,ODH,9.3,1.0,9.3,train,7.498432,7.850812,8.312645
4021,ODH_charity_0616:row:4021,21999,CC(C)OC(=O)[C@H](c1ccccc1)c2cc(C)n(Cc3ccccc3)c2C,ODH,7.0,0.7,4.9,train,4.826301,5.1784925,5.481676
73,ODH_charity_0616:row:73,443,C1Cc2ccccc2N[C@@H]1Cc3ccccc3,ODH,6.4,0.8,5.12,train,5.297968,5.6203446,5.960721
3556,ODH_charity_0616:row:3556,19800,O=C1[C@H](Cc2ccccc2)Oc3ccccc3N1c4ccccc4,ODH,28.2,0.5,14.1,train,12.885794,13.373638,13.84449
297,ODH_charity_0616:row:297,1673,CC[C@H](C#Cc1cccc(Cl)c1)c2ccccc2,ODH,10.43,1.0,10.43,train,9.230341,9.95146,10.574789
3135,ODH_charity_0616:row:3135,17545,Cc1ccc(cc1)N2N=C(C)[C@@](C\C=C\C=N\N3C(=O)c4ccccc4C3=O)(Cc5ccc(Cl)cc5)C2=O,ODH,29.386,1.0,29.386,train,27.586878,28.256632,28.800177
3142,ODH_charity_0616:row:3142,17591,Oc1ccc(F)cc1C2=N[C@@H](Cc3ccccc3C2=O)c4ccccc4,ODH,29.0,0.7,20.3,train,19.478764,20.279804,20.962976
4674,ODH_charity_0616:row:4674,24576,Cc1cccc(c1)[C@H]2CCc3ccccc3N2,ODH,8.86,1.0,8.86,train,8.901129,9.353328,9.851992
512,ODH_charity_0616:row:512,2989,C[C@H]1Cc2cc(Cl)ccc2N1,ODH,8.1,0.8,6.48,train,7.5633073,7.9766235,8.372555
617,ODH_charity_0616:row:617,3599,CCCCCC(=O)C[C@@H]1CCCCN1C(=O)OCc2ccccc2,ODH,16.7,0.5,8.35,train,7.7855363,8.325546,8.906223
3648,ODH_charity_0616:row:3648,20271,COCN1C(=O)[C@@](COC(=O)OC(C)(C)C)(CC=C)c2ccccc12,ODH,7.0,0.8,5.6,train,6.09715,6.6543164,7.18195
4941,ODH_charity_0616:row:4941,25686,C[C@@](C\C=C\C=C\c1cscc1)(C=O)c2ccccc2,ODH,11.714,1.0,11.714,train,11.846748,12.28691,12.771654
1219,ODH_charity_0616:row:1219,7159,COC(=O)[C@H](Nc1ccc(Cl)cc1)c2ccccc2,ODH,9.299,0.8,7.4392,train,7.322495,7.7446218,8.152656
3496,ODH_charity_0616:row:3496,19390,C1Cc2ccccc2N[C@H]1c3ccc4ccccc4c3,ODH,34.5,0.6,20.7,train,21.918444,22.654354,23.38534
3433,ODH_charity_0616:row:3433,19087,O[C@@H](C(=O)c1ccc2OCOc2c1)c3ccc4OCOc4c3,ODH,35.04,1.0,35.04,train,34.317974,35.447598,36.34966
1493,ODH_charity_0616:row:1493,8460,C=C[C@@H](NC(=O)c1ccccc1)c2ccccc2,ODH,11.653,1.0,11.653,train,12.020926,12.498981,12.982407
3567,ODH_charity_0616:row:3567,19880,FC(F)(F)[C@@]1(CC(=CC(=O)O1)c2ccc(Br)cc2)c3ccccc3,ODH,29.1,0.75,21.825,train,18.796186,19.51356,20.093977
3114,ODH_charity_0616:row:3114,17340,Fc1ccc(C[C@H]2Oc3ccccc3N(Cc4ccccc4)C2=O)cc1,ODH,25.6,0.5,12.8,train,11.307527,11.755924,12.161697
3409,ODH_charity_0616:row:3409,18908,O[C@H]1CCCC[C@H]1Nc2ccccn2,ODH,24.83,1.0,24.83,train,27.298004,28.047491,28.708536
143,ODH_charity_0616:row:143,838,CCCC[C@H](F)C(=O)c1nccn1c2ccccc2,ODH,9.4,1.0,9.4,train,10.148982,10.688063,11.227497
2599,ODH_charity_0616:row:2599,14190,C=C[C@H](C1CCCCC1)c2n3ccccc3cc2c4ccccc4,ODH,18.7,1.0,18.7,train,17.99062,18.95732,19.780375
2757,ODH_charity_0616:row:2757,15251,O[C@@H]([C@H](C=C)c1ccc(F)cc1)C(=O)c2ccccc2,ODH,16.2,0.5,8.1,train,8.416752,8.965308,9.437372
1761,ODH_charity_0616:row:1761,9880,CC(C)(C)c1ccc(cc1)C(=O)N[C@H](C(=O)OCC(c2ccccc2)c3ccccc3)c4ccccc4,ODH,13.01,1.0,13.01,train,12.760315,13.287873,13.972767
3234,ODH_charity_0616:row:3234,18107,O[C@@H]([C@H](C=C)c1ccc(cc1)C(F)(F)F)C(=O)c2ccccc2,ODH,15.5,0.5,7.75,train,6.7958207,7.2732053,7.710575
3369,ODH_charity_0616:row:3369,18740,CCCCC[C@H](C=C)c1c[nH]c2cc(OC)ccc12,ODH,28.6,1.0,28.6,train,29.134323,30.089134,30.965645
2451,ODH_charity_0616:row:2451,13518,CC[C@H](C#Cc1cscc1)c2ccccc2,ODH,17.63,0.7,12.341,train,11.541746,12.269823,12.901673
1818,ODH_charity_0616:row:1818,10191,Clc1cc(Cl)cc(\C=C\[C@H]2COC(=O)[C@]23CCC(=N3)c4ccccc4)c1,ODH,16.6,1.0,16.6,train,19.646412,20.547909,21.2409
3980,ODH_charity_0616:row:3980,21780,CN1CCc2ccccc2[C@@H]1c3ccc(Br)cc3,ODH,6.0,0.7,4.2,train,4.530359,4.859765,5.239419
3106,ODH_charity_0616:row:3106,17307,Cc1oc(c2ccc(cc2)[N+]([O-])=O)c3[C@@H]4COCCN4c5ccccc5Cc13,ODH,21.2,0.8,16.96,train,16.872147,17.778605,18.424452
4902,ODH_charity_0616:row:4902,25518,O[C@H]/1CCCCC1=C/c2ccccc2,ODH,9.7,0.8,7.76,train,7.0302553,7.440771,7.812614
4748,ODH_charity_0616:row:4748,24939,CN(CC[C@H](O)c1cccc(Cl)c1)Cc2ccccc2,ODH,9.18,1.0,9.18,train,9.570642,10.076353,10.498511
2642,ODH_charity_0616:row:2642,14543,Brc1ccc(cc1)[C@@H]2CNc3ccccc3N2,ODH,30.2,0.6,18.12,train,17.946903,18.613277,19.345097
300,ODH_charity_0616:row:300,1683,FC(F)(F)CCCc1ccccc1[C@@H](NC(=O)c2ccccc2)c3cn(Cc4ccccc4)c5ccccc35,ODH,10.47,1.0,10.47,train,11.458824,12.398146,13.136089
1147,ODH_charity_0616:row:1147,6804,CN1C(=O)[C@@H](Nc2ccccc12)c3ccc(Cl)cc3,ODH,10.2,1.0,10.2,train,11.44575,11.924324,12.3692665
4277,ODH_charity_0616:row:4277,23055,COc1ccc(cc1)c2oc(C)c3Cc4ccccc4N5CCCC[C@H]5c23,ODH,9.2,0.6,5.52,train,5.0507603,5.4827075,5.8011417
3143,ODH_charity_0616:row:3143,17592,Oc1ccc(F)cc1C2=N[C@H](Cc3ccccc3C2=O)c4ccccc4,ODH,26.4,0.7,18.48,train,16.628149,17.414553,18.040226
2311,ODH_charity_0616:row:2311,12823,COc1cccc2N(C(=O)C(c3ccccc3)c4ccccc4)C(=O)[C@@](C)(C(=O)OCC=C)c12,ODH,16.6,0.8,13.28,train,13.909049,14.559183,15.22138
691,ODH_charity_0616:row:691,3910,COC(=O)[C@H](CC=O)Cc1ccccc1,ODH,20.3,1.0,20.3,train,19.12138,19.6571,20.144194
4011,ODH_charity_0616:row:4011,21942,CCCC(=O)O\C(c1ccccc1)=C\2[C@H]([C@H](C)C=C2c3ccccc3)c4ccncc4,ODH,7.7,0.75,5.775,train,5.725522,6.390667,7.014801
162,ODH_charity_0616:row:162,958,Clc1ccc(cc1)C(=O)[C@@]2(OCCC[C@H]2Br)c3ccc(Cl)cc3,ODH,8.3,1.0,8.3,train,7.874794,8.357776,8.82846
4856,ODH_charity_0616:row:4856,25308,O[C@H](CC(=C)c1ccccc1)c2ccc(cc2)[N+]([O-])=O,ODH,8.5,1.0,8.5,train,7.861783,8.4092655,8.837888
3634,ODH_charity_0616:row:3634,20207,C[C@@H](\C=C\c1ccccc1)[C@](N)(COC(C)(C)C)C(=O)OC(C)(C)C,ODH,4.1,1.0,4.1,train,3.0551047,3.7372398,4.4228272
2345,ODH_charity_0616:row:2345,12987,OCC[C@@H](Oc1ccc(Br)cc1)c2ccccc2,ODH,13.1,0.8,10.48,train,10.024373,10.542451,10.980938
3929,ODH_charity_0616:row:3929,21531,O[C@@H]([C@@H](C=C)c1ccc(cc1)[N+]([O-])=O)C(=O)c2ccccc2,ODH,37.4,0.5,18.7,train,18.546173,19.28048,19.86121
3624,ODH_charity_0616:row:3624,20186,CCOC(=O)[C@H]1[C@@H](O)CC[C@H]1C(C)C,ODH,5.13,1.0,5.13,train,5.5088835,5.7828765,6.0317492
3145,ODH_charity_0616:row:3145,17611,CC[C@@H](C#Cc1cccc(OC)c1)c2ccccc2,ODH,33.84,0.7,23.688,train,23.563393,24.382092,25.128138
4380,ODH_charity_0616:row:4380,23520,COC(=O)[C@@H](Oc1ccccc1)c2ccccc2,ODH,20.0,1.0,20.0,train,18.986492,19.7494,20.380556
3501,ODH_charity_0616:row:3501,19446,Brc1ccc(\C=C\[C@H]2N[S](=O)(=O)Oc3ccccc23)cc1,ODH,24.5,1.0,24.5,train,33.262318,34.066456,34.762543
2130,ODH_charity_0616:row:2130,11755,CCCCC[C@]1(COc2ccccc12)CC3=CCCC3,ODH,15.2,0.75,11.4,train,12.072733,12.604214,13.162318
4274,ODH_charity_0616:row:4274,23045,CC(C)OC(=O)[C@]1(CCC(=O)O1)c2ccccc2,ODH,7.4,0.75,5.55,train,6.0107684,6.4263377,6.782711
518,ODH_charity_0616:row:518,3050,CCOC(=O)C[C@H](Sc1ccccc1)c2ccc3ccccc3c2,ODH,14.7,1.0,14.7,train,16.04728,16.827047,17.518673
3015,ODH_charity_0616:row:3015,16670,COc1ccccc1/C=C/C(=O)[C@@H](C(C(=O)c2ccc(Br)cc2)C(=O)c3ccc(Br)cc3)c4ccccc4,ODH,23.7,0.75,17.775,train,19.574404,20.675611,21.612522
3616,ODH_charity_0616:row:3616,20105,COc1ccc(cc1)[C@@H]2N(C)CCc3ccccc23,ODH,4.2,1.0,4.2,train,4.1464777,4.461456,4.774144
4256,ODH_charity_0616:row:4256,22968,C[C@H]1Cc2cc(C)cc(C)c2N1,ODH,7.3,1.0,7.3,train,7.3699527,7.604607,7.987625
1254,ODH_charity_0616:row:1254,7299,N[C@H](C(=[N+]=[N-])C(=O)c1ccc(OC(F)(F)F)cc1)C(F)(F)F,ODH,9.348,1.0,9.348,train,9.436451,10.093216,10.607114
424,ODH_charity_0616:row:424,2311,COc1ccc(C[C@@H](CC=O)C(=O)OC(C)C)cc1,ODH,14.8,1.0,14.8,train,14.689677,15.160116,15.588387
1247,ODH_charity_0616:row:1247,7265,CC(C)c1ccccc1[C@H](C#Cc2ccccc2)c3ccc(C)cc3,ODH,10.61,0.8,8.488,train,8.634502,9.032198,9.459439
2135,ODH_charity_0616:row:2135,11776,COC(=O)[C@H](O)c1ccc(Br)cc1,ODH,13.48,1.0,13.48,train,12.412472,12.894054,13.369468
2236,ODH_charity_0616:row:2236,12301,CCOC(=O)C1=C(C)OC(=O)C[C@H]1c2ccc(Br)cc2,ODH,8.0,0.7,5.6,train,5.7360325,6.0204206,6.2950425
1133,ODH_charity_0616:row:1133,6694,CC1(C)OC[C@H](CO)Oc2ccc(F)cc12,ODH,10.1,1.0,10.1,train,9.483576,9.887442,10.17761
2039,ODH_charity_0616:row:2039,11374,C[C@@H](N[S](=O)(=O)C(C)(C)C)c1ccc2OCOc2c1,ODH,11.4,1.0,11.4,train,11.226751,11.43905,11.691951
704,ODH_charity_0616:row:704,4039,CC(C)(NC(=O)C[C@H](CCc1ccccc1)c2ccc(Cl)cc2)c3ccccn3,ODH,21.4,0.5,10.7,train,11.072672,11.526238,11.958453
3424,ODH_charity_0616:row:3424,19025,O[C@@]1([C@H](C=C)c2cccc(Cl)c2)C(=O)N(Cc3cccc4ccccc34)c5ccccc15,ODH,14.617,1.0,14.617,train,13.552406,14.229161,14.863703
3910,ODH_charity_0616:row:3910,21463,COC(=O)C[C@H](O)c1ccc(F)cc1,ODH,52.0,0.5,26.0,train,25.096731,25.905024,26.451103
3206,ODH_charity_0616:row:3206,17995,CCO[P](=O)(OCC)[C@@]12CC(=CC(=O)N1[S](=O)(=O)Oc3ccc(C)cc23)c4ccccc4,ODH,14.8,0.8,11.84,train,10.310546,10.840544,11.348467
4121,ODH_charity_0616:row:4121,22333,Cc1ccc(cc1)N2N=C(C)[C@@](C\C=C\c3ccccc3)(Cc4cccc(Cl)c4)C2=O,ODH,12.519,1.0,12.519,train,12.86238,13.684129,14.420786
2190,ODH_charity_0616:row:2190,12102,CC(C)(C)OC(=O)CC[C@@](N)(C\C=C\c1ccccc1)C(=O)OC(C)(C)C,ODH,15.7,0.5,7.85,train,6.4881206,7.1791887,7.759889
2187,ODH_charity_0616:row:2187,12099,CC(C)(C)OC(=O)CC[C@](N)(C\C=C\c1ccccc1)C(=O)OC(C)(C)C,ODH,13.4,0.5,6.7,train,5.79919,6.415433,6.96338
863,ODH_charity_0616:row:863,4930,COc1ccc(cc1)[C@H](O)CBr,ODH,17.2,1.0,17.2,train,18.376875,18.72587,19.030516
3727,ODH_charity_0616:row:3727,20701,Fc1cccc(c1)[C@@H](Nc2ccccc2)C(=O)c3cccc(F)c3,ODH,12.68,1.0,12.68,train,12.484568,13.250227,13.768723
393,ODH_charity_0616:row:393,2146,O=CC[C@@H](Cc1ccccc1)C(=O)N2CCOCC2,ODH,11.7,1.0,11.7,train,11.737478,12.145122,12.442378
3938,ODH_charity_0616:row:3938,21579,COc1ccc2O[S](=O)(=O)N[C@H](\C=C\c3ccccc3)c2c1,ODH,40.2,0.8,32.16,train,31.865007,32.682213,33.46685
80,ODH_charity_0616:row:80,470,C(O[C@@H](\C=C\c1ccccc1)c2ccccc2)c3ccccc3,ODH,6.028,1.0,6.028,train,5.915661,6.2310476,6.580095
229,ODH_charity_0616:row:229,1330,Cc1ccc2n(Cc3ccccc3)cc([C@@H](NC(=O)c4ccccc4)c5ccccc5CCCC(F)(F)F)c2c1,ODH,7.34,1.0,7.34,train,9.346465,10.297864,11.073446
4242,ODH_charity_0616:row:4242,22914,COC(=O)[C@@H](SCc1ccccc1)c2ccc(C)cc2,ODH,7.81,1.0,7.81,train,7.6818476,8.056626,8.440341
4065,ODH_charity_0616:row:4065,22145,CCCC(=O)O\C(c1ccccc1)=C\2[C@@H]([C@H](C)C=C2c3ccccc3)c4occc4,ODH,6.5,0.7,4.55,train,4.3959,4.999542,5.59007
4346,ODH_charity_0616:row:4346,23415,CC[C@@H](C#Cc1ccccc1)c2ccc(Cl)cc2,ODH,11.23,0.7,7.861,train,7.584319,8.24825,8.849443
2031,ODH_charity_0616:row:2031,11315,C[C@@]1(COC(=O)c2ccc(cc2)[N+]([O-])=O)COC3(CO1)CC=CC3,ODH,14.7,1.0,14.7,train,15.804306,16.551365,17.09883
1828,ODH_charity_0616:row:1828,10220,Fc1ccc2N[C@@H](CCc2c1)c3ccccc3,ODH,9.35,1.0,9.35,train,9.114176,9.647009,10.125939
2850,ODH_charity_0616:row:2850,15801,COc1ccccc1C(=O)NN[C@@H](C)c2ccccc2,ODH,28.023,1.0,28.023,train,28.877201,29.692793,30.354397
2455,ODH_charity_0616:row:2455,13572,Cc1cccc(c1)[C@@H](O)C(O)=O,ODH,17.7,0.8,14.16,train,14.377843,14.905095,15.413163
3931,ODH_charity_0616:row:3931,21552,CCO[P](=O)(OCC)[C@@]12CC(=CC(=O)N1[S](=O)(=O)Oc3ccccc23)c4ccc(Br)cc4,ODH,24.9,0.8,19.92,train,18.46148,19.169943,19.828537
3158,ODH_charity_0616:row:3158,17686,Cc1ccc(cc1)[S](=O)(=O)N2CC[C@@H](C2)c3cccc(F)c3,ODH,26.7,1.0,26.7,train,25.657345,26.33871,26.956945
938,ODH_charity_0616:row:938,5263,Fc1ccc2N[C@@H](CCc2c1)CNc3ccccc3,ODH,22.7,1.0,22.7,train,23.190819,23.939783,24.607838
165,ODH_charity_0616:row:165,972,Cc1cc(C)cc(c1)C2=NO[C@@](C2)(CC(F)(F)F)c3ccccc3,ODH,7.59,0.8,6.072,train,6.315173,6.737455,7.039641
4117,ODH_charity_0616:row:4117,22327,C=CCN[C@H](CCc1ccccc1)C=C,ODH,7.407,0.8,5.9256,train,5.5966578,5.973298,6.289815
1687,ODH_charity_0616:row:1687,9528,C=C[C@@H](C1=CNC2=C1C=CC=C2)CCCO[Si](C)(C(C)(C)C)C,ODH,12.7,1.0,12.7,train,11.479304,12.3052435,13.167918
1929,ODH_charity_0616:row:1929,10720,COc1cccc(c1)[C@H](C)O,ODH,14.02,1.0,14.02,train,13.428906,13.857419,14.225343
4894,ODH_charity_0616:row:4894,25491,F[C@@H]1[C@H](NCc2ccccc12)C3CC3,ODH,9.7,0.8,7.76,train,7.129656,7.4347425,7.73539
2571,ODH_charity_0616:row:2571,14077,Cc1n(Cc2ccccc2)c3ccccc3c1[C@@H](C(=O)OCc4ccccc4)c5ccc(Cl)cc5,ODH,18.5,0.7,12.95,train,14.084366,14.842412,15.549649
2406,ODH_charity_0616:row:2406,13249,COc1ccc2nc(S[C@@H](CN[S](=O)(=O)c3ccc(C)cc3)c4ccccc4)sc2c1,ODH,17.2,1.0,17.2,train,15.872446,16.428564,16.94607
3208,ODH_charity_0616:row:3208,17999,CCCC[C@]1(CI)COc2ccccc12,ODH,23.5,0.5,11.75,train,12.419878,12.83164,13.277887
2391,ODH_charity_0616:row:2391,13178,CCCCCCCCC[C@@H]1C=CCN(N1C(=O)OC(C)(C)C)C(=O)Nc2ccc(OC)cc2,ODH,17.1,0.5,8.55,train,7.648218,8.305184,8.9103985
3769,ODH_charity_0616:row:3769,20903,CCC(COC(=O)[C@H](NC(=O)c1ccc(cc1)C(C)(C)C)c2ccc(C)c(C)c2)(c3ccccc3)c4ccccc4,ODH,6.03,1.0,6.03,train,5.77563,6.336941,6.8109183
547,ODH_charity_0616:row:547,3248,CC(C)OC(=O)[C@H](O)c1cccc2ccccc12,ODH,15.3,1.0,15.3,train,14.524658,15.004029,15.45389
3112,ODH_charity_0616:row:3112,17324,CCOC(=O)[C@]1(N[S](=O)(=O)c2ccc(F)cc12)C#Cc3ccccc3,ODH,25.5,0.5,12.75,train,11.795957,12.368148,12.868974
2103,ODH_charity_0616:row:2103,11585,O=C1O[C@]2(n3ccc4cccc1c34)C(=O)N(Cc5ccccc5)c6ccccc26,ODH,15.0,0.8,12.0,train,11.592649,12.222779,12.7809725
3800,ODH_charity_0616:row:3800,21039,CCCCC[C@@H](C=C)n1ccc2cc(C=C)ccc12,ODH,5.3,1.0,5.3,train,5.289451,5.781086,6.306126
1424,ODH_charity_0616:row:1424,8197,C[C@H](O)c1cc(cc(c1)C(F)(F)F)C(F)(F)F,ODH,9.8,1.0,9.8,train,12.071527,12.686603,13.354776
4538,ODH_charity_0616:row:4538,24093,COC(=O)[C@@H]1Cc2cc(Cl)ccc2O1,ODH,8.38,1.0,8.38,train,7.5510564,8.045385,8.402487
4713,ODH_charity_0616:row:4713,24769,O=C(OCc1ccccc1)[C@@H](Oc2ccccc2)c3ccc4ccccc4c3,ODH,18.5,1.0,18.5,train,14.26484,15.122681,15.903178
1165,ODH_charity_0616:row:1165,6928,CC[C@]1(N(c2ccccc2C1=C)[S](=O)(=O)C(F)(F)F)c3ccccc3,ODH,10.3,0.5,5.15,train,4.221033,4.760631,5.1393657
4056,ODH_charity_0616:row:4056,22120,C=C[C@@H](NCc1ccccc1)c2ccccc2,ODH,6.474,0.8,5.1792,train,4.4454055,4.730259,5.0352054
1106,ODH_charity_0616:row:1106,6591,CC(C)(C)OC(=O)[C@@H]1NC(=O)C[C@@H]1c2ccc(cc2)c3ccccc3,ODH,18.6,1.0,18.6,train,17.133678,17.528751,17.977465
559,ODH_charity_0616:row:559,3276,C[C@H]1CCC2=C(CCCC2=O)N1,ODH,12.6,1.0,12.6,train,13.455664,14.25406,15.0413885
1302,ODH_charity_0616:row:1302,7526,C[C@H]1Nc2ccccc2Oc3ccc(F)cc13,ODH,10.9,0.7,7.63,train,6.6264157,7.178068,7.6330976
3192,ODH_charity_0616:row:3192,17913,Cc1ccc(cc1)/C=C/[C@@]2(CO)C(=O)N(COCc3ccccc3)c4cccc(Cl)c24,ODH,24.3,0.8,19.44,train,18.707102,19.432755,20.058329
31,ODH_charity_0616:row:31,222,CC(C)c1cccc(C(C)C)c1NC[C@H]2CCc3cccc(Br)c3N2,ODH,5.4,1.0,5.4,train,7.0434976,7.2890186,7.6605663
725,ODH_charity_0616:row:725,4159,CCOC(=O)C[C@H](Sc1ccc(C)cc1)c2ccccc2,ODH,19.4,1.0,19.4,train,18.609018,19.288912,19.89552
2798,ODH_charity_0616:row:2798,15518,Cc1cccc(c1)[C@@H]2[C@H](Nc3cc(cc(c3)C(F)(F)F)C(F)(F)F)C=CC2=O,ODH,21.1,1.0,21.1,train,20.318148,21.30597,22.241825
4267,ODH_charity_0616:row:4267,23008,Cc1ccc(/C=C/C=C/C[C@@](C)(C=O)c2ccccc2)cc1,ODH,7.365,1.0,7.365,train,7.563618,7.8992376,8.2604685
1334,ODH_charity_0616:row:1334,7686,CCCCC[C@@H](C=C)n1cc(C)c2ccccc12,ODH,11.0,1.0,11.0,train,9.44719,10.034062,10.635789
1333,ODH_charity_0616:row:1333,7685,CCCCC[C@H](C=C)n1cc(C)c2ccccc12,ODH,17.1,1.0,17.1,train,14.225324,14.951732,15.681614
2,ODH_charity_0616:row:2,104,CO[C@H](NC(=O)C(C)(C)C)c1ccccc1CCCC(F)(F)F,ODH,4.93,1.0,4.93,train,4.23897,4.5535293,4.8702965
2628,ODH_charity_0616:row:2628,14412,O[C@@]1([C@H](C=C)c2ccc(F)cc2)C(=O)N(Cc3cccc4ccccc34)c5ccccc15,ODH,8.596,1.0,8.596,train,9.523406,10.277471,10.876769
4298,ODH_charity_0616:row:4298,23143,S=C1N[C@@H](c2ccccc2)c3ccccc3N1,ODH,9.6,1.0,9.6,train,9.089085,9.467077,9.849193
1401,ODH_charity_0616:row:1401,8077,CC[C@H](C#CC)c1ccc(OC)cc1,ODH,11.31,0.7,7.917,train,9.072849,9.434774,9.851215
4884,ODH_charity_0616:row:4884,25437,CCC[C@H](NCc1ccccc1)C(=C)CC,ODH,9.618,0.5,4.809,train,4.957837,5.2692766,5.566061
3901,ODH_charity_0616:row:3901,21410,C1C[C@@H](CN1)Cc2ccccc2,ODH,46.8,0.5,23.4,train,22.710346,23.20877,23.694065
510,ODH_charity_0616:row:510,2979,OC(C[C@@H]1CCc2ccccc2N1)(c3ccccc3)c4ccccc4,ODH,12.1,1.0,12.1,train,11.994221,12.534838,13.013111
4652,ODH_charity_0616:row:4652,24512,O=S1(N[C@H](P(OC(C)C)(OC(C)C)=O)C2=CC=CC=C21)=O,ODH,8.8,0.8,7.04,train,7.1140423,7.4134517,7.7059684
2853,ODH_charity_0616:row:2853,15804,Fc1ccc(cc1)[C@H]2CCc3ccccc3N2,ODH,21.69,0.6,13.014,train,12.2762,12.849868,13.388313
682,ODH_charity_0616:row:682,3871,OC[C@@H]1COc2ccccc2O1,ODH,17.9,1.0,17.9,train,17.572239,18.071697,18.471556
3660,ODH_charity_0616:row:3660,20332,COc1ccc(cc1)[C@H]2CC(=O)OC(=C2C(C)=O)C,ODH,48.4,0.7,33.88,train,30.889484,31.804941,32.753265
3137,ODH_charity_0616:row:3137,17576,Cc1ccc(cc1)[S](=O)(=O)N2C(=O)[C@@H]([C@H](C=C2c3ccc4ccccc4c3)c5ccccc5)c6ccccc6,ODH,13.1,0.75,9.825,train,11.019416,11.844301,12.479544
2359,ODH_charity_0616:row:2359,13032,C[C@@H](O)c1ccc(Cl)cc1,ODH,15.08,1.0,15.08,train,15.716868,16.06534,16.389708
121,ODH_charity_0616:row:121,701,COC(=O)C[C@H](B1OC(C)(C)C(C)(C)O1)c2ccccc2F,ODH,9.9,0.5,4.95,train,4.1891985,4.524805,4.930795
4593,ODH_charity_0616:row:4593,24325,Cc1ccccc1/C=C/C[C@](C)(N)C(=O)OC(C)(C)C,ODH,4.9,1.0,4.9,train,4.7211156,5.166456,5.6129575
941,ODH_charity_0616:row:941,5266,COC(=O)C[C@H](C#N)c1ccc(OC)cc1,ODH,27.0,1.0,27.0,train,25.5249,26.17201,26.752651
2163,ODH_charity_0616:row:2163,11966,CC1(C)CC(=O)N(CCCC[C@]2(CI)COc3ccccc23)C(=O)C1,ODH,13.3,0.8,10.64,train,10.332871,10.939587,11.515399
1919,ODH_charity_0616:row:1919,10666,Cc1ccc(/C=C/C[C@@](C)(N)C(=O)OC(C)(C)C)c(C)c1,ODH,14.0,0.5,7.0,train,7.9940524,8.583185,9.195683
2821,ODH_charity_0616:row:2821,15639,C[C@H]1Nc2ccccc2C[C@H]1N3C(=O)c4ccccc4C3=O,ODH,28.0,0.7,19.6,train,17.829714,18.49113,19.108425
4596,ODH_charity_0616:row:4596,24328,Cc1ccccc1/C=C/C[C@@](C)(N)C(=O)OC(C)(C)C,ODH,8.6,1.0,8.6,train,8.775767,9.311154,9.896788
1671,ODH_charity_0616:row:1671,9439,CON1C(=O)c2ccccc2[C@@]1(C=C)C3CCCC3,ODH,13.4,0.5,6.7,train,6.973869,7.382174,7.728307
2618,ODH_charity_0616:row:2618,14304,CC(C)C[C@H](C=C)n1ccc2ccccc12,ODH,17.8,1.0,17.8,train,18.099794,18.664244,19.301004
1124,ODH_charity_0616:row:1124,6647,Cc1ccc(cc1)N2N=C(C)[C@](C\C=C\c3ccccc3)(Cc4ccc5ccccc5c4)C2=O,ODH,10.041,1.0,10.041,train,8.644113,9.752561,10.555919
248,ODH_charity_0616:row:248,1426,CCOC(=O)C[C@H](Sc1ccc(F)cc1)c2ccccc2,ODH,19.1,1.0,19.1,train,17.534233,18.330772,18.975285
2265,ODH_charity_0616:row:2265,12515,COc1cccc(c1)[C@](C)(C\C=C\C=C\c2ccccc2)C=O,ODH,17.318,1.0,17.318,train,17.294313,18.032412,18.625635
4919,ODH_charity_0616:row:4919,25589,C[C@H](O)c1ccc(Cl)cc1,ODH,9.77,1.0,9.77,train,10.18098,10.498413,10.822099
3332,ODH_charity_0616:row:3332,18536,CC(O)C1=C(Cc2ccc(Br)cc2)ON(Cc3c(C)cc(C)cc3C)[C@H]1c4ccccc4,ODH,13.843,0.6,8.3058,train,9.201064,9.602768,10.1634245
1308,ODH_charity_0616:row:1308,7538,O=C1Oc2ccccc2N[C@H]1c3ccccc3,ODH,10.9,0.7,7.63,train,9.719575,10.1685915,10.556808
2127,ODH_charity_0616:row:2127,11750,CC[C@@]1(N(c2ccc(C)cc2C1=C)[S](=O)(=O)C(F)(F)F)c3cccc(c3)C(=O)OC,ODH,7.05,0.8,5.64,train,5.353884,5.9322124,6.3585196
2447,ODH_charity_0616:row:2447,13508,Cc1ccc2N[C@@H]([C@@H]3CCO[C@@H]3c2c1)c4ccc(Cl)cc4,ODH,7.83,1.0,7.83,train,7.750295,8.204832,8.574108
4536,ODH_charity_0616:row:4536,24091,O[C@H]/1CCCC1=C/c2cccc(Cl)c2,ODH,8.38,1.0,8.38,train,7.3785877,7.754158,8.111202
245,ODH_charity_0616:row:245,1423,C[C@@H]1Nc2ccccc2[C@@H]1CC3CCCCC3,ODH,8.4,0.8,6.72,train,6.4515557,6.9662595,7.4995456
1732,ODH_charity_0616:row:1732,9708,Fc1ccccc1C2=C(C[C@H](O2)C=C)C#N,ODH,12.899,1.0,12.899,train,11.528519,12.102779,12.545376
4793,ODH_charity_0616:row:4793,25093,CC1(C)OB(OC1(C)C)[C@@H](Cc2ccc(Cl)cc2)N3CCOC3=O,ODH,8.0,1.0,8.0,train,7.693515,8.024098,8.487806
4532,ODH_charity_0616:row:4532,24076,CC(C)(C)OC(=O)N1OCC[C@H]1Cc2ccccc2F,ODH,8.369,0.8,6.6952,train,5.702582,6.0654473,6.4357686
3593,ODH_charity_0616:row:3593,20022,O=Cc1cccc(c1)[S@@](=O)Cc2ccccc2,ODH,39.6,0.5,19.8,train,19.193378,19.749113,20.236565
4259,ODH_charity_0616:row:4259,22973,COc1cccc(c1)[C@H]2[C@H](C)C=C([C@H]2C(=O)c3ccc(Br)cc3)c4ccc(Br)cc4,ODH,8.3,0.75,6.225,train,6.4607983,6.994621,7.4169226
3780,ODH_charity_0616:row:3780,20968,C[C@@H](\C=C\c1cccc(F)c1)[C@@](C)(N)C(=O)OC(C)(C)C,ODH,6.9,1.0,6.9,train,5.386324,5.8771524,6.419634
476,ODH_charity_0616:row:476,2642,CC(C)(NC(=O)C[C@H]1CCOc2c1ccc3ccccc23)c4ccccn4,ODH,13.4,1.0,13.4,train,13.519248,14.088492,14.659688
3185,ODH_charity_0616:row:3185,17846,C1[C@H]([C@@H](C=C1c2ccccc2)c3cccc4ccccc34)c5ccccc5,ODH,28.7,0.3,8.61,train,10.597551,11.016504,11.541269
1214,ODH_charity_0616:row:1214,7147,CC[C@]1(N(c2ccc(C)cc2C1=C)[S](=O)(=O)C(F)(F)F)c3ccc(OC)cc3,ODH,10.5,0.6,6.3,train,5.5180283,6.0677023,6.5547366
1020,ODH_charity_0616:row:1020,5932,OC[C@@H]1[C@H](C[C@H]1c2cccn2CC=C)c3ccc(Br)cc3,ODH,24.6,1.0,24.6,train,22.993864,23.61163,24.21462
4284,ODH_charity_0616:row:4284,23069,C=C[C@H](CCc1ccccc1)NCc2ccccc2,ODH,7.43,1.0,7.43,train,7.8655725,8.271332,8.707472
2648,ODH_charity_0616:row:2648,14567,CC[C@H]1C[C@@H](O)c2cc(Cl)ccc2O1,ODH,21.029,0.5,10.5145,train,10.241071,10.669777,11.0957775
3696,ODH_charity_0616:row:3696,20546,[O-][N+](=O)C[C@@H](c1ccccc1)c2ccc(Cl)cc2,ODH,43.4,1.0,43.4,train,38.90741,39.91306,40.671974
736,ODH_charity_0616:row:736,4189,COc1ccc2CC[C@@H](O)c2c1,ODH,22.1,1.0,22.1,train,22.56602,23.192919,23.80273
868,ODH_charity_0616:row:868,4937,Brc1ccc(cc1)[C@@H]2CCc3ccccc3N2,ODH,24.0,0.5,12.0,train,11.080451,11.45771,11.8545885
1938,ODH_charity_0616:row:1938,10745,CC1(C)[C@@H](CCC1=O)c2sccc2,ODH,14.08,1.0,14.08,train,13.815458,14.193481,14.649457
3506,ODH_charity_0616:row:3506,19500,Cc1ccc(cc1)[S](=O)(=O)N2C(=O)C[C@H](C=C2c3ccccc3)c4ccc(Br)cc4,ODH,35.1,0.7,24.57,train,24.094395,24.885098,25.527523
833,ODH_charity_0616:row:833,4772,F[C@H](c1ccccc1)C(=O)c2nccn2c3ccccc3,ODH,22.9,1.0,22.9,train,23.973421,24.812588,25.447145
2948,ODH_charity_0616:row:2948,16247,OC(=O)[C@@H](Oc1ccc2ccccc2c1)c3ccccc3,ODH,22.64,1.0,22.64,train,22.913315,23.842339,24.640764
3968,ODH_charity_0616:row:3968,21733,C[C@@H](COC=O)c1ccc(cc1)c2ccccc2,ODH,59.0,0.5,29.5,train,29.554644,30.432257,31.189564
3352,ODH_charity_0616:row:3352,18634,CC(C)[C@@H]1C=C[C@H]2CN(CC2=C(C)N1[S](=O)(=O)c3ccc(C)cc3)[S](=O)(=O)c4ccc(C)cc4,ODH,30.33,0.8,24.264,train,23.405285,23.954327,24.535301
4063,ODH_charity_0616:row:4063,22138,C[C@@H](\C=C\c1ccccc1)[C@](N)(CC=C)C(=O)OC(C)(C)C,ODH,5.9,1.0,5.9,train,4.052527,4.444347,4.8313713
3713,ODH_charity_0616:row:3713,20649,C[C@@H](COC=O)c1ccc(F)cc1,ODH,45.1,0.5,22.55,train,21.648098,22.529083,23.177517
2570,ODH_charity_0616:row:2570,14076,Cc1n(Cc2ccccc2)c3ccccc3c1[C@H](C(=O)OCc4ccccc4)c5ccc(Cl)cc5,ODH,22.1,0.7,15.47,train,17.453747,18.22553,18.967209
4482,ODH_charity_0616:row:4482,23917,COC(=O)[C@H](F)\C=C(/C)c1ccccc1,ODH,7.6,1.0,7.6,train,8.309101,8.736823,9.173447
4197,ODH_charity_0616:row:4197,22715,CCCCC[C@H]1NCc2ccccc2[C@H]1F,ODH,8.2,0.8,6.56,train,6.6050944,6.913655,7.2027636
2361,ODH_charity_0616:row:2361,13042,O[C@@H]/1CCC1=C/c2ccccc2,ODH,12.142,1.0,12.142,train,12.7366,13.139818,13.513359
1877,ODH_charity_0616:row:1877,10486,FC(F)(F)[C@@]1(CC(=CC(=O)O1)c2occc2)c3ccccc3,ODH,10.4,0.75,7.8,train,7.6425705,8.241724,8.769342
3613,ODH_charity_0616:row:3613,20102,COC(=O)[C@H](O)c1cccc(Cl)c1,ODH,3.93,2.0,7.86,train,6.8015866,7.1730213,7.516984
1128,ODH_charity_0616:row:1128,6674,CCOC(=O)[C@@H](C)Oc1ccccc1,ODH,5.62,1.0,5.62,train,5.471327,5.748202,6.046368
372,ODH_charity_0616:row:372,2010,C[C@@H](CC(=O)c1ccccc1)[S](=O)(=O)c2ccc(C)cc2,ODH,11.3,1.0,11.3,train,11.1202135,11.532704,11.897547
4009,ODH_charity_0616:row:4009,21938,CCCCC[C@@H]1Cc2ccccc2N1,ODH,7.6,1.0,7.6,train,8.350196,8.920312,9.448547
4897,ODH_charity_0616:row:4897,25498,Cc1ccc2OC(=O)[C@H](Nc2c1)c3ccccc3,ODH,12.7,0.7,8.89,train,7.89565,8.496199,9.090011
3632,ODH_charity_0616:row:3632,20196,CCCCC[C@@H](C=C)n1ccc2ccccc12,ODH,4.7,1.0,4.7,train,4.608422,4.9911785,5.3310413
149,ODH_charity_0616:row:149,875,Cc1ccc(cc1)C(=O)[C@@]2(OCCC[C@H]2Cl)c3ccc(C)cc3,ODH,8.04,1.0,8.04,train,7.1679716,7.5725775,8.102574
3354,ODH_charity_0616:row:3354,18641,O[C@@H]([C@H](C=C)c1ccc(Br)cc1)C(=O)c2ccccc2,ODH,17.2,0.5,8.6,train,7.394876,7.889222,8.321439
1879,ODH_charity_0616:row:1879,10493,CCOC(=O)C1=C(C)OC(=O)C[C@H]1c2ccccc2C,ODH,11.4,0.7,7.98,train,8.031164,8.561072,9.119809
2464,ODH_charity_0616:row:2464,13628,CC[C@H](O)c1ccc(OC)cc1,ODH,20.5,1.0,20.5,train,20.453037,20.931503,21.360558
2933,ODH_charity_0616:row:2933,16170,COC(=O)c1ccc(cc1)[C@](C)(C=O)c2ccc(cc2)c3ccccc3,ODH,23.97,0.6,14.382,train,14.220294,14.639386,15.24525
4023,ODH_charity_0616:row:4023,22001,O=C(CN1CCCCC1)N2[C@@H]3CCCC[C@@H]3c4ccccc24,ODH,7.1,1.0,7.1,train,6.4269657,7.09209,7.709613
3535,ODH_charity_0616:row:3535,19708,CCO[P](=O)(OCC)[C@]12CC(=CC(=O)N1[S](=O)(=O)Oc3ccccc23)c4ccc(C)cc4,ODH,36.9,0.8,29.52,train,27.344143,28.346289,29.2312
3784,ODH_charity_0616:row:3784,20989,CC(C)C[C@H](C=C)C(Cc1ccccc1)(C#N)C#N,ODH,6.28,1.0,6.28,train,6.584676,6.94436,7.2737055
3422,ODH_charity_0616:row:3422,19021,CCOC(=O)[C@@]1(N[S](=O)(=O)c2ccccc12)C#Cc3ccc(Br)cc3,ODH,42.3,0.5,21.15,train,21.097559,21.870827,22.533403
1630,ODH_charity_0616:row:1630,9260,CN(CC[C@H](O)c1ccc(Br)cc1)Cc2ccccc2,ODH,12.41,0.6,7.446,train,7.1347213,7.655134,8.059104
1987,ODH_charity_0616:row:1987,11048,CCOC(=O)C[C@@H](O)c1cccc(OC)c1,ODH,14.4,1.0,14.4,train,14.7610035,15.257296,15.704767
1891,ODH_charity_0616:row:1891,10545,Cc1cccc(c1)[C@H]2Cc3ccccc3C(=O)C(=N2)c4ccccc4O,ODH,13.8,0.7,9.66,train,9.768559,10.257294,10.760354
1038,ODH_charity_0616:row:1038,6105,OC[C@H]1[C@@H](C[C@@H]1c2ccccc2Cl)c3cccn3CC=C,ODH,23.1,1.0,23.1,train,23.311338,23.910149,24.555214
1954,ODH_charity_0616:row:1954,10907,CCC[C@H]1C[C@H](c2ccccc2)C(C)(C)C1=O,ODH,11.78,1.0,11.78,train,12.223328,12.598536,13.026764
614,ODH_charity_0616:row:614,3545,O[C@@H]1CCCc2cccnc12,ODH,12.1,1.0,12.1,train,13.554683,14.014413,14.409426
294,ODH_charity_0616:row:294,1670,CC[C@@H](C#Cc1cccc(Br)c1)c2ccccc2,ODH,11.49,1.0,11.49,train,11.745156,12.461762,13.117689
4503,ODH_charity_0616:row:4503,23986,CCC[C@@H]1NCc2ccccc2[C@H]1F,ODH,8.3,0.8,6.64,train,6.6623826,6.905312,7.1325192
4495,ODH_charity_0616:row:4495,23958,COC(=O)[C@H](NC(=O)OC(C)(C)C)c1ccccc1Cl,ODH,6.92,1.0,6.92,train,6.631738,7.0184274,7.3784823
3333,ODH_charity_0616:row:3333,18537,CC(O)C1=C(Cc2ccc(Br)cc2)ON(Cc3c(C)cc(C)cc3C)[C@@H]1c4ccccc4,ODH,30.0,0.6,18.0,train,17.219687,17.759527,18.408783
877,ODH_charity_0616:row:877,5007,OC[C@@H]1[C@H](C[C@H]1c2cc(Br)cn2CC=C)c3ccc(cc3)C(F)(F)F,ODH,28.4,1.0,28.4,train,27.34789,28.160704,28.952354
1598,ODH_charity_0616:row:1598,9071,CC(=C)[C@H](CN[S](=O)(=O)c1ccc(C)cc1)CC(=O)c2ccc(C)cc2,ODH,12.22,0.5,6.11,train,5.7904115,6.2023015,6.6015906
762,ODH_charity_0616:row:762,4257,O[C@@H](CCl)c1ccccc1,ODH,19.9,1.0,19.9,train,19.600603,19.987165,20.335028
1336,ODH_charity_0616:row:1336,7708,CCOc1ccc2nc(SC[C@@H](CN(C)C(c3ccccc3)c4ccccc4)C=C)sc2c1,ODH,11.0,1.0,11.0,train,10.702729,11.363388,11.997464
1469,ODH_charity_0616:row:1469,8397,CCC(=O)[C@](CC)(c1ccc(O)cc1)c2ccccc2F,ODH,11.6,1.0,11.6,train,11.758669,12.434817,13.059395
3922,ODH_charity_0616:row:3922,21514,C[C@H](O)C1=CC=C2C=CC=CC2=C1,ODH,52.98,1.0,52.98,train,51.529507,52.64492,53.65103
4957,ODH_charity_0616:row:4957,25796,COc1cccc(C[C@@H]2CCON2C(=O)OC(C)(C)C)c1,ODH,9.932,0.8,7.9456,train,8.355189,8.712398,9.026288
781,ODH_charity_0616:row:781,4443,COc1ccc(cc1)C(=O)N[C@@H](c2ccccc2CCCC(F)(F)F)c3cn(Cc4ccccc4)c5ccccc35,ODH,10.64,1.0,10.64,train,11.68054,12.825996,13.761987
2826,ODH_charity_0616:row:2826,15667,IC[C@]1(CCC(=O)O1)c2ccccc2,ODH,21.4,1.0,21.4,train,21.542974,22.114508,22.640825
1034,ODH_charity_0616:row:1034,6083,CC(C)[C@@H](O)C[N+]([O-])=O,ODH,45.238,0.5,22.619,train,22.27291,22.843739,23.312004
598,ODH_charity_0616:row:598,3471,C[C@H](CCCCOc1ccccc1)CCN(Cc2ccccc2)Cc3ccccc3,ODH,7.2,1.0,7.2,train,9.552136,10.413406,11.170834
3232,ODH_charity_0616:row:3232,18101,[O-][N+](=O)c1ccc(cc1)[S@](=O)Cc2ccccc2,ODH,25.19,1.0,25.19,train,24.418924,25.083935,25.600672
1790,ODH_charity_0616:row:1790,10009,CC[C@@H](COC=O)c1ccccc1,ODH,13.2,0.5,6.6,train,7.118542,7.5914607,7.9728456
3647,ODH_charity_0616:row:3647,20269,CC(C)[C@H]1CC(=O)N=C(S1)c2ccccc2,ODH,40.1,0.6,24.06,train,23.381344,23.987642,24.584513
1439,ODH_charity_0616:row:1439,8299,CC1(C)OB(OC1(C)C)[C@H](Cc2ccccc2)N3CCOC3=O,ODH,11.5,1.0,11.5,train,10.186075,10.706977,11.297794
3580,ODH_charity_0616:row:3580,19979,Cc1cccc(c1)[C@](C)(C\C=C\c2ccccc2)C=O,ODH,42.848,1.0,42.848,train,41.55622,42.666298,43.685818
2640,ODH_charity_0616:row:2640,14515,CCOC(=O)[C@@]1(CC=C)N[S](=O)(=O)c2ccc(Cl)cc12,ODH,14.2,0.8,11.36,train,11.595318,12.094205,12.522059
4823,ODH_charity_0616:row:4823,25187,Cc1ccc2N[C@@H]([C@@H]3CCO[C@@H]3c2c1)c4ccc(Cl)cc4Cl,ODH,6.84,1.0,6.84,train,6.721217,7.134791,7.511948
411,ODH_charity_0616:row:411,2261,O=C1CCCC2=C1CC[C@H](CCc3ccccc3)N2,ODH,10.1,1.0,10.1,train,10.422258,11.243953,11.845651
4212,ODH_charity_0616:row:4212,22776,Fc1cccc(c1)C2(SCCCS2)[C@@H](C=Cc3ccccc3)c4ccccc4,ODH,5.9,1.0,5.9,train,6.2073555,6.7463236,7.362555
2216,ODH_charity_0616:row:2216,12218,CC[C@H]1NCCc2cc(OC)ccc12,ODH,15.81,1.0,15.81,train,16.279266,16.869274,17.45374
4133,ODH_charity_0616:row:4133,22396,COc1ccccc1\C=C\[C@@H]2COc3ccccc3O2,ODH,6.83,1.0,6.83,train,6.8175406,7.22728,7.664076
4829,ODH_charity_0616:row:4829,25208,COC(=O)[C@@H](F)\C=C\c1ccccc1,ODH,9.4,1.0,9.4,train,9.312046,9.731254,10.1077385
4698,ODH_charity_0616:row:4698,24664,CCOC(=O)[C@H]1CC[C@]2([C@@H]1N(C(=O)OC(C)(C)C)c3ccccc23)[N+]([O-])=O,ODH,6.424,1.0,6.424,train,6.600653,7.082071,7.442367
531,ODH_charity_0616:row:531,3121,OCC[C@H]1CCCn2ccc(c3ccc(Cl)cc3)c12,ODH,16.92,1.0,16.92,train,16.446447,16.968037,17.47356
415,ODH_charity_0616:row:415,2286,Brc1ccccc1[C@@H]2[C@@H](C=O)[C@]23CCC3(c4ccccc4)c5ccccc5,ODH,8.88,1.0,8.88,train,8.113412,8.738472,9.275722
2133,ODH_charity_0616:row:2133,11772,Cc1ccc(cc1)[S](=O)(=O)N2C[C@@H](C=C)C=C2c3ccccc3,ODH,15.97,0.8,12.776,train,12.036972,12.47262,12.864195
2036,ODH_charity_0616:row:2036,11351,C[C@H](O)c1cc(cc(c1)C(F)(F)F)C(F)(F)F,ODH,14.74,1.0,14.74,train,12.076945,12.691965,13.359946
666,ODH_charity_0616:row:666,3813,COc1ccc(cc1)C(=O)C[C@H](C)[S](=O)(=O)c2ccc(C)cc2,ODH,17.6,1.0,17.6,train,18.584003,19.111603,19.629585
3997,ODH_charity_0616:row:3997,21856,CC(C)OC(=O)[C@@H](Oc1ccccc1)c2ccccc2,ODH,6.1,1.0,6.1,train,6.065311,6.372417,6.609726
1574,ODH_charity_0616:row:1574,8943,CC1=CC=C(C=C1)C[C@@H]2NC3=C(C=CC=C3)C2,ODH,13.3,1.0,13.3,train,10.8131075,11.28038,11.914979
2234,ODH_charity_0616:row:2234,12293,COc1ccc(cc1)c2oc(C)c3Cc4ccccc4N5CCOC[C@H]5c23,ODH,22.7,0.6,13.62,train,13.01616,13.5363245,13.997025
2028,ODH_charity_0616:row:2028,11304,O[C@]1(Cc2ccccc2C1=O)[C@H](C=C)c3cc(Cl)cc(Cl)c3,ODH,15.5,0.5,7.75,train,7.8275824,8.528636,9.107563
2969,ODH_charity_0616:row:2969,16421,COc1cccc(c1)[C@@H](O)COC(=O)C(C)(C)C,ODH,16.2,0.6,9.72,train,10.222163,10.72013,11.1823845
2231,ODH_charity_0616:row:2231,12277,Clc1cccc2[C@@H](CC(=O)Oc12)c3ccccc3,ODH,15.9,1.0,15.9,train,14.063821,14.59474,15.083612
2144,ODH_charity_0616:row:2144,11802,C[C@@H](C(=O)OC(c1ccccc1)c2ccccc2)c3ccc(c(F)c3)c4ccccc4,ODH,14.1,0.5,7.05,train,6.8901873,7.652595,8.219226
4247,ODH_charity_0616:row:4247,22929,CC[C@@H](c1ccccc1)c2cc(cc(c2)c3ccccc3)c4ccccc4,ODH,7.27,1.0,7.27,train,7.1680613,7.63786,8.085287
1718,ODH_charity_0616:row:1718,9669,COc1cccc(c1)[C@H](C)N[S](=O)(=O)C(C)(C)C,ODH,12.8,1.0,12.8,train,12.345025,12.65298,12.92376
4175,ODH_charity_0616:row:4175,22612,O[C@@]1([C@H](C=C)c2ccc3OCOc3c2)C(=O)N(Cc4cccc5ccccc45)c6ccccc16,ODH,21.549,1.0,21.549,train,26.202494,27.367207,28.114874
861,ODH_charity_0616:row:861,4907,O[C@H](CBr)c1ccccc1,ODH,21.0,1.0,21.0,train,21.178198,21.657183,22.06283
1831,ODH_charity_0616:row:1831,10237,CCCCC[C@H](C=C)c1c(C)[nH]c2ccccc12,ODH,15.3,1.0,15.3,train,15.859487,16.596819,17.289946
1349,ODH_charity_0616:row:1349,7793,Cc1n(c2ccccc2)c3ccccc3c1[C@H](C(=O)OCc4ccccc4)c5ccccc5,ODH,12.4,0.7,8.68,train,8.58937,9.349003,9.989915
3387,ODH_charity_0616:row:3387,18802,Cc1ccc(cc1)[S](=O)(=O)N2CC[C@H](C2)c3cccc(C)c3,ODH,33.3,1.0,33.3,train,32.527073,33.314407,33.97863
1642,ODH_charity_0616:row:1642,9319,CC[C@@]1(N(c2ccc(C)cc2C1=C)[S](=O)(=O)C(F)(F)F)c3ccc(cc3)c4ccccc4,ODH,10.7,0.5,5.35,train,4.9259925,5.4336624,5.895088
845,ODH_charity_0616:row:845,4838,C1Cc2ccccc2N[C@@H]1c3ccc4ccccc4c3,ODH,23.4,0.6,14.04,train,12.239677,12.730953,13.207556
1391,ODH_charity_0616:row:1391,8019,OC[C@@](O)(CCl)C#Cc1ccccc1,ODH,11.3,1.0,11.3,train,11.652922,12.139168,12.587237
128,ODH_charity_0616:row:128,728,CC(C)(C)OC(=O)N1CC[C@H](C1)C#N,ODH,7.5,1.0,7.5,train,8.166318,8.515475,8.864649
2084,ODH_charity_0616:row:2084,11521,O=[S@](Cc1occc1)c2ccccc2,ODH,12.89,0.5,6.445,train,6.5973053,6.8659444,7.2144704
3698,ODH_charity_0616:row:3698,20548,O=[S]1(=O)N2[C@@H]3C=CCC[C@H]3C(=C2c4ccccc14)Cc5ccccc5,ODH,43.49,0.7,30.443,train,28.94346,29.761292,30.45579
1009,ODH_charity_0616:row:1009,5864,O[C@H](CCCC(=O)Nc1ccccc1)c2sccc2,ODH,37.7,1.0,37.7,train,36.85905,37.771313,38.634884
1077,ODH_charity_0616:row:1077,6295,CC(=O)C[C@H](c1ccccc1)c2cn(c3ccccc23)[S](=O)(=O)C(F)(F)F,ODH,49.2,0.5,24.6,train,23.32527,24.000368,24.54682
1904,ODH_charity_0616:row:1904,10608,Cc1cc([C@H](C(=O)OCc2ccccc2)c3cscc3)c(C)n1Cc4ccccc4,ODH,15.5,0.7,10.85,train,12.1947155,12.769005,13.272412
3509,ODH_charity_0616:row:3509,19525,Cc1ccc(cc1)[S](=O)(=O)N2C[C@H]3C=CCN(C(=C3C2)c4oc5ccccc5c4)[S](=O)(=O)c6ccc(C)cc6,ODH,35.29,0.8,28.232,train,26.554049,27.380161,27.99399
1906,ODH_charity_0616:row:1906,10615,COc1cccc2C[C@@H](C)Nc12,ODH,16.6,1.0,16.6,train,15.921557,16.385588,16.866499
2220,ODH_charity_0616:row:2220,12229,COc1ccc(cc1)C(=O)C(=[N+]=[N-])[C@@H](N)C(F)(F)F,ODH,13.458,1.0,13.458,train,15.498506,16.027544,16.573004
4268,ODH_charity_0616:row:4268,23029,COC(=O)[C@@H]1Nc2ccccc2C[C@@H]1C,ODH,11.6,0.7,8.12,train,8.820475,9.183834,9.592074
1561,ODH_charity_0616:row:1561,8889,C1Cc2ccccc2N[C@H]1c3ccccc3,ODH,12.03,1.0,12.03,train,14.1322975,14.6472025,15.176749
495,ODH_charity_0616:row:495,2855,O=C[C@@H]1[C@@H](c2ccc(cc2)C#N)[C@@]13CCC3(c4ccccc4)c5ccccc5,ODH,26.11,1.0,26.11,train,26.361177,27.37112,28.268858
58,ODH_charity_0616:row:58,406,C[C@@H]1CCc2cc(F)ccc2N1,ODH,5.3,1.0,5.3,train,4.5463905,4.9760475,5.3230076
3666,ODH_charity_0616:row:3666,20369,Cc1ccc(cc1)[S](=O)(=O)N2CC[C@H](C2)c3ccc4OCOc4c3,ODH,45.1,1.0,45.1,train,43.4102,44.68329,45.426136
4258,ODH_charity_0616:row:4258,22972,CCCC(=O)O\C(c1ccccc1)=C\2[C@@H]([C@H](C)C=C2c3ccccc3)c4cccc(OC)c4,ODH,7.3,0.7,5.11,train,5.6227956,6.243621,6.821436
1901,ODH_charity_0616:row:1901,10588,Cc1cccc(c1)[C@H](O)[C@@H](C=C)c2ccccc2,ODH,12.6,1.0,12.6,train,12.947875,13.439652,13.862316
3081,ODH_charity_0616:row:3081,17166,CCOC(=O)[C@]1(CC=C)N[S](=O)(=O)c2ccccc12,ODH,25.1,0.8,20.08,train,18.661274,19.26873,19.743444
840,ODH_charity_0616:row:840,4819,CC[C@H]1Cc2ccccc2N[C@H]1c3ccccc3,ODH,35.9,0.5,17.95,train,16.556656,17.243288,17.888153
177,ODH_charity_0616:row:177,1003,Fc1ccc(cc1)[C@H]2CCc3ccccc3N2,ODH,12.2,0.8,9.76,train,9.282503,9.814376,10.267263
789,ODH_charity_0616:row:789,4544,O[C@@H](C[N+]([O-])=O)c1ccc(Cl)cc1,ODH,27.463,0.8,21.9704,train,19.966661,20.625566,21.164207
4747,ODH_charity_0616:row:4747,24938,CN(CC[C@@H](O)c1cccc(Cl)c1)Cc2ccccc2,ODH,12.08,1.0,12.08,train,11.535887,12.057741,12.528814
1126,ODH_charity_0616:row:1126,6656,CCOC(=O)C[C@H](O)c1cccc(C)c1,ODH,7.58,1.0,7.58,train,7.5178595,7.8497934,8.163821
3426,ODH_charity_0616:row:3426,19031,O=C1C[C@@H](c2ccccc2)C(=C(O1)c3ccccc3)C(=O)c4ccccc4,ODH,32.2,0.7,22.54,train,21.436453,22.226063,22.937136
338,ODH_charity_0616:row:338,1863,C[C@@H](CC(=O)c1ccc(C)cc1)[S](=O)(=O)c2ccc(C)cc2,ODH,10.9,1.0,10.9,train,10.458386,10.820879,11.23301
3014,ODH_charity_0616:row:3014,16669,COc1ccccc1/C=C/C(=O)[C@H](C(C(=O)c2ccc(Br)cc2)C(=O)c3ccc(Br)cc3)c4ccccc4,ODH,32.1,0.75,24.075,train,22.257849,23.538668,24.463655
1423,ODH_charity_0616:row:1423,8196,C=CC[C@]1(COC(=O)N1)c2ccccc2,ODH,11.4,1.0,11.4,train,10.792562,11.206493,11.572504
3023,ODH_charity_0616:row:3023,16774,FC(F)(F)c1ccc2O[C@H](Cc3ccccc3)C(=O)N(Cc4ccccc4)c2c1,ODH,24.0,0.5,12.0,train,10.81038,11.406976,12.016838
803,ODH_charity_0616:row:803,4629,Cc1ccc2N[C@@H](CCc2c1)CNc3ccccc3,ODH,18.8,1.0,18.8,train,19.3723,19.946115,20.505108
4849,ODH_charity_0616:row:4849,25289,CCCC[C@H]1Cc2ccccc2N1,ODH,9.5,1.0,9.5,train,9.74737,10.264943,10.7745285
93,ODH_charity_0616:row:93,519,CC(C)OC(=O)[C@H](O)c1ccc(Br)cc1,ODH,6.7,1.0,6.7,train,6.8539667,7.165981,7.459156
2780,ODH_charity_0616:row:2780,15399,O[C@@H]([C@@H](C=C)c1ccc(Cl)cc1)C(=O)c2ccccc2,ODH,16.5,0.5,8.25,train,7.4090543,7.841435,8.255694
3216,ODH_charity_0616:row:3216,18051,CCC[C@H](COC=O)c1ccccc1,ODH,29.7,0.5,14.85,train,14.577116,15.129718,15.552391
1985,ODH_charity_0616:row:1985,11046,CC(C)(C)OC(=O)[C@](C)(N)C\C=C\c1ccc(cc1)C(F)(F)F,ODH,14.4,0.5,7.2,train,6.751081,7.089061,7.5815396
1251,ODH_charity_0616:row:1251,7282,C[C@](C\C=C\C=C\c1ccccc1)(C=O)c2ccc(cc2)C(F)(F)F,ODH,10.64,1.0,10.64,train,10.854211,11.435281,11.928177
3457,ODH_charity_0616:row:3457,19182,O=C1Nc2ccccc2[C@]13CCN(C3)C(=O)c4ccccc4,ODH,25.1,1.0,25.1,train,24.22325,25.099754,25.855894
3574,ODH_charity_0616:row:3574,19937,Cc1ccc(cc1)[S](=O)(=O)N2CC[C@@H](C2)c3ccc(Br)cc3,ODH,38.8,1.0,38.8,train,37.257236,38.11019,38.863487
4469,ODH_charity_0616:row:4469,23866,CCC[C@H]1[C@H](\C=C\C(=O)OCC)N1[S](=O)(=O)c2ccc(C)cc2,ODH,10.01,0.8,8.008,train,7.5665445,7.9704633,8.453215
746,ODH_charity_0616:row:746,4223,COc1cccc(c1)[C@H]2COc3ccccc3N2,ODH,19.8,1.0,19.8,train,18.472502,19.164173,19.81037
1382,ODH_charity_0616:row:1382,7971,CC(=C)C[C@H]1CC(=NO1)c2cc(Cl)cc(Cl)c2,ODH,9.17,0.6,5.502,train,5.423807,5.7428455,6.092002
3539,ODH_charity_0616:row:3539,19714,COC(=O)[C@](C)(NC(=O)c1ccc(OC)cc1)C(=O)OCc2ccccc2,ODH,36.9,0.3,11.07,train,11.614297,12.249643,12.989651
1258,ODH_charity_0616:row:1258,7322,NC1=C(C#N)[C@@H](c2ccccc2)c3cc4OCOc4cc3O1,ODH,11.9,0.7,8.33,train,9.340427,9.824914,10.133077
3971,ODH_charity_0616:row:3971,21740,ClCCCC[C@@]1(CI)COc2ccccc12,ODH,51.5,0.75,38.625,train,39.38933,40.30873,41.04244
4395,ODH_charity_0616:row:4395,23592,O[C@@H]/1CCCCC1=C/c2ccccc2,ODH,7.96,1.0,7.96,train,6.7256026,7.12118,7.479339
3130,ODH_charity_0616:row:3130,17511,IC[C@]1(CCCCN2C(=O)c3cccc4cccc2c34)COc5ccccc15,ODH,27.5,0.8,22.0,train,21.644903,22.27974,22.810648
237,ODH_charity_0616:row:237,1387,CC(C)(NC(=O)C[C@@H](CCc1ccccc1)c2ccc(Cl)cc2)c3ccccn3,ODH,9.5,1.0,9.5,train,9.792106,10.217491,10.561957
3356,ODH_charity_0616:row:3356,18645,Cc1ccc(cc1)[S](=O)(=O)N2C(=O)C[C@@](C)(\C=C\c3ccccc3)C=C2c4ccccc4,ODH,30.4,0.7,21.28,train,21.058153,21.768162,22.310673
2223,ODH_charity_0616:row:2223,12245,O[C@@H]([C@H](C=C)\C=C\c1ccccc1)C(=O)c2ccccc2,ODH,10.9,1.0,10.9,train,10.487153,11.090541,11.582402
772,ODH_charity_0616:row:772,4361,C[C@H](CC(=O)NC(C)(C)c1ccc(F)cn1)c2ccc(cc2)C(C)=O,ODH,20.5,0.6,12.3,train,12.075297,12.412455,12.859504
139,ODH_charity_0616:row:139,781,CCc1ccc(cc1)[C@H](O)C(=O)OC(C)C,ODH,5.7,1.0,5.7,train,5.712564,5.957389,6.271851
3394,ODH_charity_0616:row:3394,18827,CCC(=O)OC[C@H](O)c1ccccc1,ODH,27.8,0.5,13.9,train,13.564508,14.003275,14.321254
921,ODH_charity_0616:row:921,5171,O=C1Nc2ccccc2N[C@H]1c3ccccc3,ODH,16.0,1.0,16.0,train,14.533542,15.074883,15.527594
4203,ODH_charity_0616:row:4203,22743,CCOC(=O)N[C@H](C[C@](C)(NC(C)=O)c1ccccc1)c2ccccc2,ODH,8.98,1.0,8.98,train,9.475005,9.847444,10.273368
1763,ODH_charity_0616:row:1763,9896,O[C@H]/1CCC1=C/c2ccccc2Cl,ODH,13.066,0.8,10.4528,train,9.521566,9.87013,10.254398
2477,ODH_charity_0616:row:2477,13719,C1Cc2cc3OCOc3cc2N[C@@H]1c4ccccc4,ODH,15.66,1.0,15.66,train,15.681599,16.43195,17.016647
104,ODH_charity_0616:row:104,589,CCOC(=O)C[C@@H](B1OC(C)(C)C(C)(C)O1)c2cccc(C)c2,ODH,7.0,0.5,3.5,train,3.056761,3.4482656,3.8185196
3604,ODH_charity_0616:row:3604,20048,CC[C@@]1(CC(=CC(=O)O1)c2ccccc2)C(F)(F)F,ODH,39.8,0.75,29.85,train,27.698803,28.540886,29.231876
3577,ODH_charity_0616:row:3577,19961,Cc1ccc(cc1)[S](=O)(=O)N2C(=O)[C@@H]([C@H](C=C2c3ccc(Br)cc3)c4ccc(Br)cc4)c5ccccc5,ODH,16.1,0.75,12.075,train,11.084627,11.780373,12.336774
4780,ODH_charity_0616:row:4780,25046,CC(C)(C)OC(=O)N1[C@H](CCO[Si](C)(C)C(C)(C)C)C=CCN1C(=O)Nc2ccc(Cl)cc2,ODH,9.3,0.5,4.65,train,2.026859,3.857954,5.667327
3013,ODH_charity_0616:row:3013,16665,Nc1ccc(cc1)[C@H](n2c3ccccc3c(c4ccccc4)c2c5ccccc5)c6ccccc6,ODH,23.7,1.0,23.7,train,23.838737,24.87464,25.561386
2424,ODH_charity_0616:row:2424,13337,N[C@@H](C(=[N+]=[N-])C(=O)c1ccc(Cl)cc1)C(F)(F)F,ODH,17.304,1.0,17.304,train,17.3191,17.903294,18.47221
280,ODH_charity_0616:row:280,1605,Cc1ccc2OC(=O)[C@@H](Nc2c1)c3ccccc3,ODH,14.5,1.0,14.5,train,10.853494,11.485429,12.092858
4427,ODH_charity_0616:row:4427,23716,C[C@H](Nc1ccccc1)C(=C)c2ccccc2,ODH,10.6,1.0,10.6,train,10.329068,10.709366,11.114944
4106,ODH_charity_0616:row:4106,22305,CCCCCC(=O)O\C(c1ccccc1)=C\2[C@H]([C@H](CCC)C=C2c3ccccc3)c4cccc(OC)c4,ODH,7.7,0.7,5.39,train,5.461929,6.341683,7.105538
4377,ODH_charity_0616:row:4377,23509,CC(=C)C[C@@H]1CC(=NO1)c2ccc(C)c(C)c2,ODH,7.89,0.8,6.312,train,5.7538037,6.0134087,6.3324
329,ODH_charity_0616:row:329,1810,CCCCCCCCCC[C@H]1CCC2=C(CCCC2=O)N1,ODH,8.2,1.0,8.2,train,9.105138,10.157265,11.0806675
2676,ODH_charity_0616:row:2676,14814,CC[C@@H](\C=C\c1ccc2ccccc2c1)C#Cc3ccc(cc3)C#N,ODH,21.2,0.5,10.6,train,9.461867,10.024702,10.628242
777,ODH_charity_0616:row:777,4412,C1Cc2ccccc2N[C@@H]1c3ccccc3,ODH,15.4,0.6,9.24,train,8.376836,8.77962,9.162504
1659,ODH_charity_0616:row:1659,9400,CC(=C)[C@@H]1CNc2ccccc2O1,ODH,12.551,0.5,6.2755,train,6.198012,6.56849,6.9422083
2484,ODH_charity_0616:row:2484,13761,COc1ccc(cc1)\C=C\2CCC[C@@H]2O,ODH,18.0,0.8,14.4,train,13.852475,14.328882,14.8414755
4915,ODH_charity_0616:row:4915,25545,C=C[C@@H](CCc1ccccc1)NCC#C,ODH,10.36,0.8,8.288,train,8.416439,8.851601,9.230359
2828,ODH_charity_0616:row:2828,15682,COc1cccc(c1)[C@H](O)C(O)=O,ODH,10.97,0.8,8.776,train,9.461806,9.932604,10.328686
3025,ODH_charity_0616:row:3025,16788,OC[C@@]1(O)CCCOC1,ODH,24.0,1.0,24.0,train,23.22457,23.57425,23.879778
1498,ODH_charity_0616:row:1498,8491,C[C@@H]1Cc2ccccc2N1,ODH,11.7,0.8,9.36,train,10.266462,10.730137,11.19698
2109,ODH_charity_0616:row:2109,11649,CC(C)(C)OC(=O)C[C@](N)(C\C=C\c1ccccc1)C(=O)OC(C)(C)C,ODH,10.2,0.5,5.1,train,4.7987046,5.381364,5.8727984
4226,ODH_charity_0616:row:4226,22849,C=C[C@H](CCc1ccccc1)NCc2ccccc2,ODH,7.195,1.0,7.195,train,8.284586,8.674981,9.092395
3098,ODH_charity_0616:row:3098,17244,C[C@@H](COC=O)c1cccc(C)c1,ODH,25.3,0.5,12.65,train,12.493525,13.04627,13.534827
2586,ODH_charity_0616:row:2586,14155,CC1(C)[C@H](CCC1=O)c2ccc3ccccc3c2,ODH,14.66,1.0,14.66,train,15.9459305,16.432728,16.95739
2300,ODH_charity_0616:row:2300,12764,N[C@H](C(=[N+]=[N-])C(=O)c1ccc(cc1)c2ccccc2)C(F)(F)F,ODH,14.063,1.0,14.063,train,14.11002,14.812161,15.455524
3880,ODH_charity_0616:row:3880,21328,Cc1cccc(\C=C\[C@@H]2COc3cc4CCCc4cc3O2)c1,ODH,5.91,1.0,5.91,train,6.222157,6.569638,6.935925
2725,ODH_charity_0616:row:2725,15039,CCC[C@@H](C1=CNC2=C1C=C(Br)C=C2)CC=O,ODH,20.12,0.5,10.06,train,11.649589,12.223932,12.789485
1026,ODH_charity_0616:row:1026,6008,COC(=O)C[C@@H](C#N)c1ccc(OC)c(Br)c1,ODH,33.8,1.0,33.8,train,34.119095,34.98442,35.7097
1107,ODH_charity_0616:row:1107,6594,CC(C)(C)OC(=O)[C@H]1NC(=O)C[C@@H]1c2ccc(cc2)c3ccccc3,ODH,20.7,1.0,20.7,train,20.585865,21.000978,21.46245
3779,ODH_charity_0616:row:3779,20955,Cc1ccc2c(OC(=O)[C@@]2(C)C(=O)OCC=C)c1,ODH,5.2,1.0,5.2,train,4.6468983,4.978316,5.3942165
4139,ODH_charity_0616:row:4139,22409,C[C@H](C#Cc1ccccc1)c2ccc(c(F)c2)c3ccccc3,ODH,6.85,0.7,4.795,train,4.533441,4.954495,5.3761034
217,ODH_charity_0616:row:217,1250,CC(C)OC(=O)[C@H](O)c1ccccc1Cl,ODH,9.1,1.0,9.1,train,9.719453,10.017281,10.321541
1971,ODH_charity_0616:row:1971,10988,COc1cc2OC(=C(C#N)[C@@H](c3ccc4OCOc4c3)c2cc1OC)N,ODH,19.2,0.7,13.44,train,12.927542,13.475757,13.805584
1585,ODH_charity_0616:row:1585,8986,CC(O)C[C@H](C)\C=C\c1ccccc1,ODH,12.13,0.9,10.917,train,11.562678,11.882101,12.208137
2783,ODH_charity_0616:row:2783,15406,COC(=O)C[C@@](C)(O)c1ccc(Br)cc1,ODH,18.2,0.5,9.1,train,9.550078,9.943084,10.328918
365,ODH_charity_0616:row:365,1977,CCOC(=O)C[C@H](Sc1ccccc1C)c2ccccc2,ODH,19.3,1.0,19.3,train,18.845602,19.623543,20.331495
1007,ODH_charity_0616:row:1007,5862,COc1cc2[nH]cc([C@@H](\C=C\c3ccccc3)c4ccccc4)c2cc1OC,ODH,45.927,1.0,45.927,train,45.95961,47.15224,48.166573
2071,ODH_charity_0616:row:2071,11481,[C@H]1(CC2=C3C=CC=CC3=CC=C2)NC4=C(C=CC=C4)C1,ODH,14.9,0.8,11.92,train,12.1333475,12.735845,13.346985
2314,ODH_charity_0616:row:2314,12837,BrC(=C)[C@@H]1CC(CN1[S](=O)(=O)c2ccccc2)(c3ccccc3)c4ccccc4,ODH,13.44,1.0,13.44,train,13.138307,13.834188,14.522943
1663,ODH_charity_0616:row:1663,9407,CCC[C@H](CC=O)c1c[nH]c2ccccc12,ODH,12.56,1.0,12.56,train,13.375085,13.9100685,14.382106
2119,ODH_charity_0616:row:2119,11692,Fc1ccccc1[C@@H]2CCc3ccccc3N2,ODH,13.12,0.6,7.872,train,7.3952355,7.7376504,8.039849
606,ODH_charity_0616:row:606,3495,CC(C)(C)OC(=O)N1CCC[C@H](CC1=O)c2ccccc2,ODH,19.6,1.0,19.6,train,19.960018,20.6181,21.25844
19,ODH_charity_0616:row:19,181,Oc1ccc(cc1)[S@@](=O)c2ccccn2,ODH,5.1,1.0,5.1,train,5.012201,5.273522,5.5008435
172,ODH_charity_0616:row:172,998,CC(C)OC(=O)[C@H](O)c1ccccc1C,ODH,8.4,1.0,8.4,train,8.68198,9.009192,9.325157
4297,ODH_charity_0616:row:4297,23140,O[C@@H]1CC[C@@H](N(C1)Cc2ccccc2)c3ccccc3,ODH,9.0,0.6,5.4,train,4.9438534,5.3749585,5.710563
677,ODH_charity_0616:row:677,3864,C(Cc1ccccc1)[C@H]2COc3ccccc3N2,ODH,14.4,1.0,14.4,train,12.203865,12.607144,13.021017
3508,ODH_charity_0616:row:3508,19524,Cc1ccc(cc1)[S](=O)(=O)N2C[C@@H]3C=CCN(C(=C3C2)c4oc5ccccc5c4)[S](=O)(=O)c6ccc(C)cc6,ODH,27.37,0.8,21.896,train,21.87835,22.729166,23.334942
2617,ODH_charity_0616:row:2617,14303,Cc1ccc2N(Cc3ccccc3)C(=O)[C@@H](Cc4ccccc4)Oc2c1,ODH,18.9,0.5,9.45,train,7.6455197,8.044969,8.544996
1206,ODH_charity_0616:row:1206,7106,CCCC[C@@]1(COc2ccccc12)CC3CC3,ODH,10.0,0.5,5.0,train,4.7368164,5.2546573,5.7374244
3195,ODH_charity_0616:row:3195,17933,COc1ccc(/C=C/C[C@@](C)(N)C(=O)OC(C)(C)C)cc1,ODH,27.8,0.5,13.9,train,12.508484,12.902784,13.4501295
3464,ODH_charity_0616:row:3464,19225,C[C@H]1C=C[C@H]2CN(CC2=CN1[S](=O)(=O)c3ccc(C)cc3)[S](=O)(=O)c4ccc(C)cc4,ODH,27.38,0.8,21.904,train,22.048307,22.534304,22.976711
1322,ODH_charity_0616:row:1322,7660,Cc1ccc(cc1)[S](=O)(=O)N2[C@H](COC2=O)C=C,ODH,11.0,1.0,11.0,train,10.379036,10.840993,11.169451
4786,ODH_charity_0616:row:4786,25082,Cc1ccc(C[C@H](B2OC(C)(C)C(C)(C)O2)N3CCOC3=O)cc1,ODH,7.5,1.0,7.5,train,8.019567,8.4311,8.931878
3085,ODH_charity_0616:row:3085,17177,O[C@H]([C@@H](C=C)c1ccccc1)C(=O)c2ccccc2,ODH,26.0,0.5,13.0,train,12.388793,12.994905,13.504837
470,ODH_charity_0616:row:470,2581,CC(C)(O)C[C@H]1CCc2ccccc2N1,ODH,13.2,0.8,10.56,train,11.463452,12.071177,12.610842
2128,ODH_charity_0616:row:2128,11751,CC[C@]1(N(c2ccc(C)cc2C1=C)[S](=O)(=O)C(F)(F)F)c3cccc(c3)C(=O)OC,ODH,15.2,0.8,12.16,train,10.912774,11.598949,12.0794325
194,ODH_charity_0616:row:194,1071,CC(C)(C)OC(=O)N1[C@@H](CO[S]1(=O)=O)c2ccccc2,ODH,8.6,1.0,8.6,train,8.089762,8.317886,8.660361
2849,ODH_charity_0616:row:2849,15773,Cc1ccc(cc1)c2oc3N(C(=O)[C@@H](Cc4ccccc4)[C@@H](c5ccccc5)c3c2)[S](=O)(=O)c6ccc(C)cc6,ODH,23.4,0.5,11.7,train,12.560263,13.303932,13.99252
1102,ODH_charity_0616:row:1102,6563,CC(C)Cc1ccc(cc1)[C@@H](C)C(=O)OC(c2ccccc2)c3ccccc3,ODH,10.5,0.5,5.25,train,6.561265,6.878385,7.161534
1216,ODH_charity_0616:row:1216,7151,C[C@@H](CC(C)=O)\C=C\c1sccc1,ODH,10.51,0.8,8.408,train,8.991835,9.309844,9.64545
886,ODH_charity_0616:row:886,5037,O=C1CCCC2=C1CC[C@H](Cc3ccccc3)N2,ODH,22.2,1.0,22.2,train,22.20648,23.137566,23.946285
295,ODH_charity_0616:row:295,1671,CC[C@H](C#Cc1cccc(Br)c1)c2ccccc2,ODH,10.43,1.0,10.43,train,9.6105385,10.298875,10.904321
4020,ODH_charity_0616:row:4020,21985,Cc1ccc(C[C@@]2(C\C=C\c3ccccc3)C(=NN(c4ccc(C)cc4)C2=O)C)cc1,ODH,6.3,1.0,6.3,train,7.70998,8.479133,9.227614
1167,ODH_charity_0616:row:1167,6930,O[C@@H](C1CCCCC1)c2ccccc2,ODH,10.3,0.8,8.24,train,8.364272,8.738902,9.12003
3483,ODH_charity_0616:row:3483,19284,CCO[P](=O)(OCC)[C@]12CC(=CC(=O)N1[S](=O)(=O)c3ccccc23)c4ccccc4C,ODH,33.7,0.8,26.96,train,25.199654,25.968317,26.60229
1646,ODH_charity_0616:row:1646,9347,C=C[C@@H](CCc1ccccc1)n2ccc3ccccc23,ODH,13.5,1.0,13.5,train,13.549245,14.145934,14.663223
1524,ODH_charity_0616:row:1524,8618,COc1ccc(cc1)[C@H]2Nc3ccccc3OC2=O,ODH,25.8,0.7,18.06,train,18.002588,18.58056,19.165098
2200,ODH_charity_0616:row:2200,12147,O=C(OC1=C(Cl)C=CC=C1Cl)[C@H](BP(C)C)C2=CC=CC=C2,ODH,14.82,2.0,29.64,train,29.256132,30.170885,31.091852
4048,ODH_charity_0616:row:4048,22081,O[C@H]/1CCCC1=C/Cc2ccccc2,ODH,6.4,0.8,5.12,train,5.219551,5.4870496,5.7597375
4491,ODH_charity_0616:row:4491,23945,Cc1ccc(cc1)[S](=O)(=O)N2C[C@@H](C=C)N(c3ccc(C)cc3C2=O)[S](C)(=O)=O,ODH,21.09,1.0,21.09,train,17.52884,18.082094,18.740208
3080,ODH_charity_0616:row:3080,17165,CCOC(=O)[C@@]1(CC=C)N[S](=O)(=O)c2ccccc12,ODH,18.3,0.8,14.64,train,14.410619,14.896434,15.307358
3814,ODH_charity_0616:row:3814,21112,Cc1ccc2c(OC(=O)[C@@]2(C)C(=O)OCC=C)c1,ODH,5.5,1.0,5.5,train,4.8356514,5.1765523,5.599376
151,ODH_charity_0616:row:151,897,CCOC(=O)C[C@@H](Sc1ccccc1)c2ccc(cc2)C(C)(C)C,ODH,8.1,1.0,8.1,train,7.568215,7.7936172,8.119066
1138,ODH_charity_0616:row:1138,6729,CC[C@H](O)[C@H](N1CCCC1)c2ccccc2,ODH,8.82,0.7,6.174,train,5.8849697,6.435709,6.848559
1409,ODH_charity_0616:row:1409,8118,CCOC(=O)N1[C@H]2C/C(=C/N(c3ccc(Br)cc3)[S](=O)(=O)c4ccc(C)cc4)[C@H](C=C2c5ccccc15)c6ccccc6,ODH,15.33,0.8,12.264,train,14.153428,15.073378,15.773159
314,ODH_charity_0616:row:314,1751,CC(C)OC(=O)C[C@H](C#N)c1ccccc1,ODH,10.6,1.0,10.6,train,11.392535,11.787158,12.119642
4249,ODH_charity_0616:row:4249,22939,CC1(C)OC[C@H](CO)Oc2ccc(OCC=C)cc12,ODH,7.3,1.0,7.3,train,7.067205,7.5851893,8.0983925
2489,ODH_charity_0616:row:2489,13780,C[C@@H]1O[C@@]1(Cn2cncn2)c3cc(F)ccc3F,ODH,15.22,1.0,15.22,train,15.232307,15.842227,16.3991
3650,ODH_charity_0616:row:3650,20276,Cc1ccc(cc1)[C@]2(CC(=CC(=O)O2)c3ccccc3)C(F)(F)F,ODH,18.5,0.75,13.875,train,14.770721,15.429596,16.016981
4877,ODH_charity_0616:row:4877,25414,Clc1cccc(c1)[C@@]2(CCC(=O)O2)C(=O)OC(c3ccccc3)c4ccccc4,ODH,9.6,0.75,7.2,train,7.4703054,8.211513,8.773873
1500,ODH_charity_0616:row:1500,8517,CC(C)(C)[S](=O)(=O)N[C@H]1CCc2ccccc12,ODH,11.7,1.0,11.7,train,11.090757,11.406478,11.772757
799,ODH_charity_0616:row:799,4606,COc1cccc(c1)[C@@H]2CCCNC(=O)C2,ODH,28.7,1.0,28.7,train,27.453918,28.153973,28.732393
3127,ODH_charity_0616:row:3127,17430,O=C([C@@](C1=CC(Cl)=CC=C12)(C#CC3=CC=CC=C3)NS2(=O)=O)OCC,ODH,25.9,0.5,12.95,train,15.139837,15.77971,16.302635
4622,ODH_charity_0616:row:4622,24423,CC(C)(C)OC[C@@](N)(C\C=C\c1ccccc1)C(=O)OC(C)(C)C,ODH,8.7,1.0,8.7,train,7.5174794,8.067117,8.508173
4034,ODH_charity_0616:row:4034,22024,CCC(COC(=O)[C@H](NC(=O)c1ccc(cc1)C(C)(C)C)c2ccccc2Cl)(c3ccccc3)c4ccccc4,ODH,7.63,1.0,7.63,train,7.5688047,8.261058,8.9592705
1287,ODH_charity_0616:row:1287,7444,CC(C)(C)OC(=O)/C=C/[C@H](NCc1ccccc1)c2ccccc2,ODH,10.8,0.6,6.48,train,6.1593914,6.4577017,6.853128
405,ODH_charity_0616:row:405,2230,CCCCCC[C@@H]1CCC2=C(CCCC2=O)N1,ODH,9.2,1.0,9.2,train,9.7406225,10.738523,11.601079
857,ODH_charity_0616:row:857,4895,Clc1ccc(/C=C/[C@@H](c2ccc(Cl)cc2)c3c[nH]c4ccccc34)cc1,ODH,16.589,1.0,16.589,train,17.135286,17.816141,18.493996
2138,ODH_charity_0616:row:2138,11779,COC(=O)[C@@H](O)c1ccc(Br)cc1,ODH,15.28,1.0,15.28,train,14.63144,15.177669,15.708373
4662,ODH_charity_0616:row:4662,24539,CCCCC[C@@H](C=C)n1ccc2cc(ccc12)c3ccccc3,ODH,8.8,1.0,8.8,train,8.327532,8.881186,9.400284
1911,ODH_charity_0616:row:1911,10634,C[C@@](O)(CC(=O)Cc1ccccc1)C(F)(F)F,ODH,13.9,0.8,11.12,train,10.780844,11.2161665,11.6214905
3237,ODH_charity_0616:row:3237,18118,Clc1ccc(C[C@H]2Oc3ccccc3N(Cc4ccccc4)C2=O)cc1,ODH,28.4,0.5,14.2,train,11.129492,11.57941,12.0650425
932,ODH_charity_0616:row:932,5247,O=C(C[C@@H]1CCCCN1C(=O)OCc2ccccc2)c3ccccc3,ODH,26.8,0.5,13.4,train,12.178038,12.751977,13.25421
298,ODH_charity_0616:row:298,1681,OC[C@@H]1[C@@H](c2ccccc2)[C@@]13CCC3(c4ccccc4)c5ccccc5,ODH,7.75,1.0,7.75,train,7.9308925,8.597116,9.153279
3035,ODH_charity_0616:row:3035,16845,COc1ccc(cc1OC)[C@@H](C)N[S](=O)(=O)C(C)(C)C,ODH,17.0,1.0,17.0,train,17.339596,17.850584,18.296268
2692,ODH_charity_0616:row:2692,14890,COC(=O)c1ccc(cc1)c2oc(C)c3Cc4ccccc4N5CCOC[C@H]5c23,ODH,30.0,0.6,18.0,train,17.293941,17.98598,18.653248
3619,ODH_charity_0616:row:3619,20130,COc1ccc([C@H](C)c2ccccc2)c(c1)c3ccccc3,ODH,6.3,1.0,6.3,train,6.0225325,6.4009204,6.703736
1420,ODH_charity_0616:row:1420,8176,CC1(C)OC[C@@H](CO)Oc2ccc(OCC#C)cc12,ODH,17.8,1.0,17.8,train,17.136406,17.733126,18.303303
2504,ODH_charity_0616:row:2504,13820,COc1ccc(OC[C@@]2(C)COc3cc(C)c(C)cc23)cc1,ODH,15.8,0.5,7.9,train,8.245306,8.637293,9.051807
4351,ODH_charity_0616:row:4351,23422,CCCC[C@](NC(=O)c1ccccc1)(C(=O)NCCC(=O)OC)C(=O)OCc2ccccc2,ODH,7.8,1.0,7.8,train,8.9611845,9.629666,10.244965
584,ODH_charity_0616:row:584,3401,C[C@@H](CC(=O)c1occc1)[S](=O)(=O)c2ccc(C)cc2,ODH,15.8,1.0,15.8,train,15.455787,15.970052,16.420956
4357,ODH_charity_0616:row:4357,23433,C[C@H](N[S](=O)(=O)C(C)(C)C)c1ccc(C)cc1,ODH,7.8,1.0,7.8,train,7.929868,8.089103,8.325785
4181,ODH_charity_0616:row:4181,22654,COC(=O)C[C@H](O)c1ccc(OC)cc1,ODH,68.2,0.5,34.1,train,32.411324,33.244427,33.972706
2891,ODH_charity_0616:row:2891,15925,Cn1cccc1CC(C#N)(C#N)[C@@H](CCc2ccccc2)C=C,ODH,21.9,1.0,21.9,train,19.84658,20.672798,21.423265
3661,ODH_charity_0616:row:3661,20333,COc1ccc(cc1)[C@@H]2CC(=O)OC(=C2C(C)=O)C,ODH,40.8,0.7,28.56,train,28.240402,29.100403,30.014051
2929,ODH_charity_0616:row:2929,16152,COc1ccc(cc1)[C@@H]2Cc3ccccc3C(=O)C(=N2)c4ccccc4O,ODH,27.2,0.7,19.04,train,17.976734,18.524796,19.053888
2078,ODH_charity_0616:row:2078,11506,C[C@@](C/C=C/C=C/c1ccc(cc1)c2ccccc2)(C=O)c3ccccc3,ODH,16.318,1.0,16.318,train,14.953143,15.443596,16.031397
1876,ODH_charity_0616:row:1876,10480,C[C@](C\C=C\C=C\CCc1ccccc1)(C=O)c2ccccc2,ODH,13.798,1.0,13.798,train,14.026461,14.623426,15.095861
1916,ODH_charity_0616:row:1916,10649,Cc1ccc(cc1)[S](=O)(=O)NC[C@@H](CC(=O)c2ccccc2)C=C,ODH,15.33,0.5,7.665,train,7.433442,7.8118057,8.121579
3120,ODH_charity_0616:row:3120,17393,CCCCOC(=O)[C@@]1(N[S](=O)(=O)c2ccccc12)C#Cc3ccccc3,ODH,29.9,0.5,14.95,train,15.269747,15.917434,16.458925
2073,ODH_charity_0616:row:2073,11493,C[C@@H](O)c1ccccc1Cl,ODH,14.9,1.0,14.9,train,16.105234,16.471977,16.890848
1236,ODH_charity_0616:row:1236,7238,COc1cccc(c1)[C@]2(CCC(=O)O2)C(=O)OC(c3ccccc3)c4ccccc4,ODH,26.4,0.75,19.8,train,18.151535,19.050201,19.78498
4773,ODH_charity_0616:row:4773,25014,CC(=C)[C@@H]1CN(C(=C1)c2ccc(F)cc2)[S](=O)(=O)c3ccc(C)cc3,ODH,8.53,0.8,6.824,train,6.6766915,6.971303,7.2457423
930,ODH_charity_0616:row:930,5245,[O-][N+](=O)c1cccc(c1)[C@@]2(CC(=NO2)c3ccccc3)CC(F)(F)F,ODH,26.8,0.8,21.44,train,17.895864,18.65815,19.30878
2645,ODH_charity_0616:row:2645,14556,Cc1ccc(cc1)[S](=O)(=O)N2C[C@H]3C=CCN(C(=C3C2)c4ccccc4)[S](=O)(=O)c5ccc(C)cc5,ODH,19.22,0.8,15.376,train,15.456837,16.038145,16.457659
3163,ODH_charity_0616:row:3163,17709,Cc1cccc2[C@@H](N[S](=O)(=O)Oc12)\C=C\c3ccccc3,ODH,26.8,0.8,21.44,train,23.703285,24.370588,25.027876
3994,ODH_charity_0616:row:3994,21853,CCC(COC(=O)[C@H](NC(=O)c1ccc(cc1)C(C)(C)C)c2ccccc2)(c3ccccc3)c4ccccc4,ODH,6.99,1.0,6.99,train,6.777415,7.4880013,8.191696
4912,ODH_charity_0616:row:4912,25540,Cc1cccc(c1)C2=CC[C@]3(C)COc4cccc2c34,ODH,9.7,0.5,4.85,train,5.051644,5.40725,5.8363132
2610,ODH_charity_0616:row:2610,14278,C[C@@](C\C=C\c1ccccc1)(C=O)c2ccccc2F,ODH,20.5,1.0,20.5,train,19.72695,20.402325,21.033575
125,ODH_charity_0616:row:125,711,Cc1cc(C)c(NC[C@@H]2CCc3cccc(C)c3N2)c(C)c1,ODH,9.1,1.0,9.1,train,8.868831,9.195455,9.579139
1945,ODH_charity_0616:row:1945,10807,COc1cc(CO[P@](=O)(c2ccccc2)c3ccc(cc3)C(C)(C)C)cc(OC)c1,ODH,14.11,0.8,11.288,train,10.189353,10.668255,11.1599045
2332,ODH_charity_0616:row:2332,12920,COC(=O)[C@@H](F)\C=C\c1cccc(OC)c1,ODH,16.8,1.0,16.8,train,15.991363,16.583776,17.113497
2194,ODH_charity_0616:row:2194,12115,CCCCC[C@@H](C=C)c1c[nH]c2cccc(Cl)c12,ODH,15.7,1.0,15.7,train,16.032341,16.765322,17.417582
3676,ODH_charity_0616:row:3676,20447,COC(=O)[C@@]1(N[S](=O)(=O)c2ccccc12)C#Cc3ccccc3,ODH,50.7,0.5,25.35,train,24.308025,25.018007,25.626635
3499,ODH_charity_0616:row:3499,19422,O=C1[C@H](Cc2ccc3ccccc3c2)Oc4ccccc4N1Cc5ccccc5,ODH,25.9,0.5,12.95,train,13.778327,14.354121,15.002132
4725,ODH_charity_0616:row:4725,24792,CC[C@]1(OC(=O)c2cc(C)ccc2O1)C(F)(F)F,ODH,9.6,0.5,4.8,train,4.5224314,4.9280033,5.3745856
4745,ODH_charity_0616:row:4745,24911,O[C@@H]/1CCCC1=C/c2ccccc2,ODH,8.47,1.0,8.47,train,8.148193,8.481678,8.82647
4559,ODH_charity_0616:row:4559,24175,COc1ccc(C[C@]2(C\C=C\c3ccccc3)C(=NN(C2=O)c4ccc(C)cc4)C)cc1,ODH,17.419,1.0,17.419,train,14.328377,15.223156,15.969049
317,ODH_charity_0616:row:317,1754,CCOC(=O)C[C@H](Sc1ccccc1)c2ccccc2,ODH,19.0,1.0,19.0,train,17.770538,18.418158,18.999775
881,ODH_charity_0616:row:881,5019,COc1cccc(c1)[C@H](CCO)C[N+]([O-])=O,ODH,24.68,1.0,24.68,train,23.669554,24.530537,25.13328
629,ODH_charity_0616:row:629,3662,C[C@H](F)C(=O)c1nccn1c2ccccc2,ODH,19.2,1.0,19.2,train,17.502083,18.101807,18.620466
2855,ODH_charity_0616:row:2855,15809,CCOC(=O)[C@]1(CC=C)N[S](=O)(=O)c2ccc(F)cc12,ODH,21.7,0.8,17.36,train,16.896996,17.40475,17.896412
1438,ODH_charity_0616:row:1438,8298,CC1(C)OB(OC1(C)C)[C@@H](Cc2ccccc2)N3CCOC3=O,ODH,8.9,1.0,8.9,train,8.568407,8.996692,9.529024
690,ODH_charity_0616:row:690,3909,CCOC(=O)C[C@H](Sc1ccc(OC)cc1)c2ccccc2,ODH,18.1,1.0,18.1,train,18.517157,19.250965,19.90355
2442,ODH_charity_0616:row:2442,13469,COc1ccccc1\C=C\2CCC[C@@H]2O,ODH,17.5,0.8,14.0,train,11.994927,12.533203,13.054557
3954,ODH_charity_0616:row:3954,21683,FC(F)(F)c1ccc(CC(C#N)(C#N)[C@H](CCc2ccccc2)C=C)cc1,ODH,61.26,0.5,30.63,train,29.251215,30.289795,31.233011
2316,ODH_charity_0616:row:2316,12844,CC(=C\c1ccccc1)/[C@@H]2Cc3cc(C)c(C)cc3N2[S](=O)(=O)C(F)(F)F,ODH,10.9,0.5,5.45,train,5.0392623,5.4368725,5.825538
4876,ODH_charity_0616:row:4876,25413,Clc1cccc(c1)[C@]2(CCC(=O)O2)C(=O)OC(c3ccccc3)c4ccccc4,ODH,28.6,0.75,21.45,train,21.168467,22.118626,22.867975
3398,ODH_charity_0616:row:3398,18882,C[C@H]1[C@H](C=C(OC1=O)c2ccccc2)c3ccccc3,ODH,43.2,0.75,32.4,train,30.2081,31.07726,31.949389
3008,ODH_charity_0616:row:3008,16632,C1Cc2ccccc2N[C@@H]1c3ccc4ccccc4c3,ODH,13.07,1.0,13.07,train,12.715162,13.160123,13.643993
123,ODH_charity_0616:row:123,705,[nH]1c2ccccc2c([C@@H](\C=C\c3ccccc3)c4ccccc4)c1c5ccccc5,ODH,6.86,1.0,6.86,train,8.098277,8.814642,9.268986
3513,ODH_charity_0616:row:3513,19553,O=C(N1CC[C@H](C1)c2ccccc2)c3ccccc3,ODH,29.8,1.0,29.8,train,28.881634,29.661963,30.305374
209,ODH_charity_0616:row:209,1182,CCOC(=O)C[C@@H](B1OC(C)(C)C(C)(C)O1)c2ccccc2,ODH,7.1,0.5,3.55,train,3.0535235,3.4407341,3.8779948
741,ODH_charity_0616:row:741,4212,CCCCC[C@H](C=C(C)C)[S](=O)(=O)c1ccc(C)cc1,ODH,23.8,0.5,11.9,train,11.204006,11.51838,11.843089
331,ODH_charity_0616:row:331,1824,Cc1ccc2CCCC[C@@H](O)c2c1,ODH,9.6,1.0,9.6,train,10.264912,10.66648,11.055148
1757,ODH_charity_0616:row:1757,9852,Oc1ccccc1[C@@H](OCCC#C)c2ccccc2,ODH,13.0,1.0,13.0,train,13.437986,13.860026,14.234215
2895,ODH_charity_0616:row:2895,15950,C[C@H]1C[C@@H](O)c2ccccc2O1,ODH,26.669,0.5,13.3345,train,13.692144,14.084238,14.456829
4728,ODH_charity_0616:row:4728,24797,Clc1ccc(O[C@H](C(=O)OCc2ccccc2)c3ccccc3)cc1,ODH,9.0,1.0,9.0,train,8.598333,9.125678,9.571604
1054,ODH_charity_0616:row:1054,6172,OC1(CCCCC1)C[C@H]2CCc3ccccc3N2,ODH,42.9,0.8,34.32,train,34.382587,35.32114,36.16742
3404,ODH_charity_0616:row:3404,18899,CC(=O)C1=C(C)OC(=O)C[C@@H]1c2cccc(F)c2,ODH,48.2,0.7,33.74,train,32.070484,33.063885,33.88463
2294,ODH_charity_0616:row:2294,12695,C1Cc2cc3ccccc3cc2N[C@@H]1c4ccccc4,ODH,13.76,1.0,13.76,train,13.764184,14.369494,14.87004
156,ODH_charity_0616:row:156,927,CCCCCCCCCC[C@@H]1Cc2ccccc2N1,ODH,8.2,0.8,6.56,train,5.52438,6.1615086,6.815131
532,ODH_charity_0616:row:532,3122,OCC[C@@H]1CCCn2ccc(c3ccc(Cl)cc3)c12,ODH,14.9,1.0,14.9,train,14.569541,15.044143,15.530486
3565,ODH_charity_0616:row:3565,19870,COc1ccc(cc1OC)[C@H](C)O,ODH,38.13,1.0,38.13,train,37.908405,38.76411,39.513348
852,ODH_charity_0616:row:852,4854,Cc1ccc(NC[C@@H]2CCc3ccccc3N2)cc1,ODH,21.3,1.0,21.3,train,19.80789,20.418695,21.05314
4706,ODH_charity_0616:row:4706,24714,Cc1ccc(cc1)[S](=O)(=O)N2C(=O)C[C@@H](C=C2c3ccccc3)c4sccc4,ODH,76.4,0.6,45.84,train,44.174084,45.244263,46.159885
4408,ODH_charity_0616:row:4408,23656,CC(C)(C)OC(=O)[C@](N)(CCCCNC(=O)OCc1ccccc1)CC=Cc2ccccc2,ODH,18.4,1.0,18.4,train,17.03508,17.570396,18.219437
3636,ODH_charity_0616:row:3636,20222,CC(=O)N[C@@H](C(=[N+]=[N-])C(=O)c1ccc(cc1)c2ccccc2)C(F)(F)F,ODH,4.807,1.0,4.807,train,5.192648,5.86845,6.427642
4704,ODH_charity_0616:row:4704,24704,Cc1ccc2N(Cc3ccccc3)C(=O)[C@@]4(OC(=O)c5cc6ccccc6n45)c2c1Br,ODH,80.6,0.3,24.18,train,22.070812,22.883375,23.570942
1866,ODH_charity_0616:row:1866,10406,COC(=O)[C@](C)(N)C\C=C\c1ccccc1,ODH,13.7,1.0,13.7,train,13.197675,13.574051,13.961487
4834,ODH_charity_0616:row:4834,25227,COc1ccccc1C#C[C@@H](CC(C)(C)C(=O)OC(C)(C)C)c2ccccc2,ODH,9.42,0.5,4.71,train,3.7555223,4.19377,4.5611
2897,ODH_charity_0616:row:2897,15970,Cc1cccc(c1)[C@@H](O)CO,ODH,22.0,0.8,17.6,train,17.60409,18.017712,18.328009
4672,ODH_charity_0616:row:4672,24571,C[C@](C/C=C/C=C/c1ccccc1F)(C=O)c2ccccc2,ODH,8.851,1.0,8.851,train,9.426744,9.966425,10.354958
3034,ODH_charity_0616:row:3034,16823,COc1ccc(\C=C\C=C\C[C@@](C)(C=O)c2ccccc2)cc1OC,ODH,24.125,1.0,24.125,train,27.145857,27.998482,28.722008
2734,ODH_charity_0616:row:2734,15099,CCCCC(=O)[C@H](NC(=O)OC(C)(C)C)c1cccc(C)c1,ODH,16.9,0.5,8.45,train,7.0948215,7.5682197,8.023231
776,ODH_charity_0616:row:776,4401,OC(=O)[C@@H]1COc2ccccc2O1,ODH,20.7,1.0,20.7,train,19.560944,19.965096,20.310133
3463,ODH_charity_0616:row:3463,19220,O[C@@H]1CCCC2(OCCO2)[C@@H]1c3ccc4OCOc4c3,ODH,17.15,1.0,17.15,train,16.349306,17.181976,17.674986
18,ODH_charity_0616:row:18,180,Oc1ccc(cc1)[S@](=O)c2ccccn2,ODH,8.1,1.0,8.1,train,7.617683,7.931462,8.271366
3480,ODH_charity_0616:row:3480,19271,COc1ccc(cc1)C(=O)[C@@H](O)[C@H](C=C)c2ccccc2,ODH,39.5,0.5,19.75,train,19.315475,20.010263,20.629889
4797,ODH_charity_0616:row:4797,25115,CCCCC[S@@](=O)c1ccccc1,ODH,7.63,1.0,7.63,train,7.4675345,7.7230415,8.0045805
1967,ODH_charity_0616:row:1967,10984,C1Nc2ccccc2N[C@@H]1c3ccccc3,ODH,18.2,0.6,10.92,train,11.286954,11.741054,12.202434
3438,ODH_charity_0616:row:3438,19127,C[C@@](CC(=C)c1ccc(F)cc1)(C=O)c2ccccc2,ODH,37.678,1.0,37.678,train,37.59159,38.68445,39.54342
2655,ODH_charity_0616:row:2655,14616,C[C@@H]1C[C@H](c2ccc3ccccc3c2)C(C)(C)C1=O,ODH,10.12,1.0,10.12,train,11.279592,11.663811,12.154264
1108,ODH_charity_0616:row:1108,6598,Brc1ccc(cc1)[C@]2(CCC(=O)O2)C(=O)OC(c3ccccc3)c4ccccc4,ODH,30.1,0.75,22.575,train,21.643288,22.603598,23.322094
1411,ODH_charity_0616:row:1411,8120,O=S(C1=CC=C(C)C=C1)(N(C2=CC=CC=C2)/C=C3C[C@]4([H])N(S(=O)(C5=CC=C(C)C=C5)=O)C6=C(C=CC=C6)C4=C[C@@H]/3C7=CC=CC=C7)=O,ODH,15.33,0.8,12.264,train,11.442777,12.504626,13.33757
726,ODH_charity_0616:row:726,4160,CCOC(=O)C[C@@H](Sc1ccccc1)c2ccccc2,ODH,10.9,1.0,10.9,train,10.905356,11.455946,11.965585
97,ODH_charity_0616:row:97,532,Clc1ccc(cc1)[C@@H]2[C@@H](C=O)[C@]23CCC3(c4ccccc4)c5ccccc5,ODH,9.33,1.0,9.33,train,8.424542,9.025303,9.513941
3296,ODH_charity_0616:row:3296,18384,CC[C@@H](NCc1ccccc1)[C@H](C)O,ODH,27.5,1.0,27.5,train,27.25013,27.725689,28.172106
2538,ODH_charity_0616:row:2538,13952,CCCC[C@@H]1Nc2ccccc2OC1=O,ODH,18.3,0.7,12.81,train,13.81423,14.3931265,14.915666
2342,ODH_charity_0616:row:2342,12972,N[C@@H](C(=[N+]=[N-])C(=O)c1ccc2ccccc2c1)C(F)(F)F,ODH,16.861,1.0,16.861,train,17.636911,18.381437,19.063076
591,ODH_charity_0616:row:591,3426,OC[C@@H]1[C@H](C[C@H]1c2cccn2CC=C)c3cccc(Cl)c3,ODH,10.1,1.0,10.1,train,10.481112,10.994703,11.452442
2246,ODH_charity_0616:row:2246,12374,CC(C)[C@@H](CC(C)=O)c1ccccc1,ODH,18.7,0.5,9.35,train,9.759417,10.071073,10.405158
1104,ODH_charity_0616:row:1104,6565,CCC[C@H]1NCc2ccc(C)cc2[C@H]1F,ODH,10.8,0.8,8.64,train,8.889697,9.218024,9.543217
551,ODH_charity_0616:row:551,3252,C[C@@H](CC(=O)c1sccc1)[S](=O)(=O)c2ccc(C)cc2,ODH,15.3,1.0,15.3,train,14.767251,15.236451,15.652517
2755,ODH_charity_0616:row:2755,15232,C=C[C@@H]1CC(=C(O1)\C=C\c2ccccc2)C#N,ODH,20.552,1.0,20.552,train,17.509851,18.29718,18.91776
401,ODH_charity_0616:row:401,2177,COc1ccccc1[C@@H](O)C[N+]([O-])=O,ODH,9.8,1.2,11.76,train,11.846239,12.352247,12.727361
787,ODH_charity_0616:row:787,4538,N[C@H](c1ccccc1)c2ccccc2O,ODH,21.39,0.7,14.973,train,13.684415,14.161717,14.599086
2048,ODH_charity_0616:row:2048,11424,C=C[C@H](CCc1ccccc1)C(Cc2ccc3ccccc3c2)(C#N)C#N,ODH,14.82,1.0,14.82,train,15.964472,16.750172,17.482435
937,ODH_charity_0616:row:937,5262,CCCCCC[C@H](CC=O)CC(CCc1ccccc1)([S](=O)(=O)c2ccccc2)[S](=O)(=O)c3ccccc3,ODH,26.9,1.0,26.9,train,24.0847,25.13434,26.118414
2399,ODH_charity_0616:row:2399,13214,Clc1ccc2N[C@@H](CCc2c1)c3ccccc3,ODH,10.48,1.0,10.48,train,12.736891,13.220801,13.781244
3301,ODH_charity_0616:row:3301,18412,C[C@H](O)[C@H](Oc1ccc(Br)cc1)c2ccccc2,ODH,25.44,1.0,25.44,train,23.548363,24.400106,25.195087
522,ODH_charity_0616:row:522,3096,COc1ccc(cc1)[C@@H](O)C(=O)OC(C)C,ODH,14.8,1.0,14.8,train,12.809317,13.167818,13.521735
2122,ODH_charity_0616:row:2122,11702,CCC[C@H](Nc1ccc(Br)cc1)C=C,ODH,15.14,1.0,15.14,train,13.792478,14.331813,14.966164
1862,ODH_charity_0616:row:1862,10398,CC[C@H](\C=C\c1ccc2cc(OC)ccc2c1)C#CCc3ccccc3,ODH,13.7,0.5,6.85,train,6.080457,6.5030203,6.8690577
1537,ODH_charity_0616:row:1537,8715,C1Oc2ccccc2N[C@H]1c3ccccc3,ODH,15.7,0.7,10.99,train,10.698536,11.051913,11.439177
3286,ODH_charity_0616:row:3286,18315,Clc1ccc(\C=C\[C@@H]2COc3ccccc3O2)cc1,ODH,29.27,1.0,29.27,train,30.241056,30.998703,31.655373
2875,ODH_charity_0616:row:2875,15892,CCCCC(C1=CC=CC=C1)=[C@@]=CC2=CC=CC=C2,ODH,24.2,0.5,12.1,train,10.939268,11.530745,12.084569
1980,ODH_charity_0616:row:1980,11031,Fc1ccc(cc1)[C@@H]2CCc3ccccc3N2,ODH,8.94,1.0,8.94,train,9.816068,10.165191,10.50159
572,ODH_charity_0616:row:572,3330,COc1ccc2[C@@H](O)CCCc2c1,ODH,15.6,1.0,15.6,train,16.97599,17.535402,18.028736
826,ODH_charity_0616:row:826,4750,CC(C)(C)OC(=O)N1CCN(CC1)C(=O)[C@@H]2COc3ccccc3O2,ODH,22.7,1.0,22.7,train,22.10052,22.907423,23.663712
288,ODH_charity_0616:row:288,1640,O=C1N[C@@H](CCc2ccccc2)CO1,ODH,11.9,1.0,11.9,train,11.48555,11.836649,12.099311
3170,ODH_charity_0616:row:3170,17753,COC(=O)/C=C/[C@@H](NCc1ccccc1)c2occc2,ODH,19.9,0.6,11.94,train,10.80646,11.320665,11.727796
2638,ODH_charity_0616:row:2638,14487,COc1ccc2N(C(=O)C(c3ccccc3)c4ccccc4)C(=O)[C@@](C)(C(=O)OCC=C)c2c1,ODH,19.1,0.8,15.28,train,14.909317,15.518399,16.24694
357,ODH_charity_0616:row:357,1949,CO[P](=O)(OC)C(=[N+]=[N-])[C@@]1(NC(=O)OC(C)(C)C)C(=O)N(Cc2ccccc2)c3ccccc13,ODH,13.292,0.5,6.646,train,6.442735,6.9665594,7.5348983
3227,ODH_charity_0616:row:3227,18091,OC[C@@H](O)c1sccc1,ODH,33.9,0.8,27.12,train,27.323898,27.809326,28.220873
260,ODH_charity_0616:row:260,1474,CCOC(=O)C[C@@H](Sc1ccccc1)c2cccc(F)c2,ODH,11.2,1.0,11.2,train,10.657903,11.409119,12.071656
2702,ODH_charity_0616:row:2702,14939,[O-][N+](=O)C[C@H](c1ccccc1)c2ccc(cc2)c3ccccc3,ODH,33.4,1.0,33.4,train,28.986929,29.83246,30.469671
1218,ODH_charity_0616:row:1218,7158,COC(=O)[C@@H]1Cc2c(O1)ccc3ccccc23,ODH,10.52,1.0,10.52,train,10.3737,10.950257,11.429658
1653,ODH_charity_0616:row:1653,9364,C[C@@](CO)(CSc1sc2ccccc2n1)c3ccccc3,ODH,12.5,1.0,12.5,train,13.129618,13.651206,14.22663
839,ODH_charity_0616:row:839,4816,OCC[C@@H]1CCCCn2ccc(c3ccccc3F)c12,ODH,23.19,1.0,23.19,train,23.408567,24.183279,24.845524
114,ODH_charity_0616:row:114,644,Fc1ccc(cc1)[C@H]2CCc3cc(Br)ccc3N2,ODH,13.6,0.8,10.88,train,9.237203,9.794229,10.333323
4376,ODH_charity_0616:row:4376,23508,CC(=C)C[C@H]1CC(=NO1)c2ccc(C)c(C)c2,ODH,8.53,0.8,6.824,train,6.5022264,6.7670627,7.1008797
4655,ODH_charity_0616:row:4655,24519,Fc1ccccc1[C@]2(CCC(=O)O2)C(=O)OC(c3ccccc3)c4ccccc4,ODH,11.9,0.75,8.925,train,10.083712,10.82335,11.413354
4813,ODH_charity_0616:row:4813,25156,Cc1cc([C@H](C(=O)OCc2ccccc2)c3cccc(F)c3)c(C)n1Cc4ccccc4,ODH,10.7,0.7,7.49,train,7.716176,8.155332,8.504606
2172,ODH_charity_0616:row:2172,12008,Fc1cccc(c1)[S@@](=O)Cc2ccccc2,ODH,15.53,1.0,15.53,train,13.951593,14.415055,14.796885
1565,ODH_charity_0616:row:1565,8906,O[C@@H]1CCCC[C@H]1NCc2ccccc2,ODH,12.08,1.0,12.08,train,12.086824,12.52352,12.9394245
251,ODH_charity_0616:row:251,1439,Cc1ccc(cc1)C(=O)[C@@]2(OCCC[C@@H]2Br)c3ccc(C)cc3,ODH,8.57,1.0,8.57,train,7.9072785,8.277802,8.811448
4459,ODH_charity_0616:row:4459,23838,FC(F)(F)c1ccc(cc1)[C@@H]2NCCc3ccccc23,ODH,8.1,0.8,6.48,train,7.1927843,7.5358872,7.8012123
4664,ODH_charity_0616:row:4664,24541,CCCCC[C@@H](C=C)n1ccc2cc(ccc12)C#Cc3ccccc3,ODH,8.8,1.0,8.8,train,8.306228,9.019629,9.644053
3552,ODH_charity_0616:row:3552,19778,O[C@@H](C(=O)NCCc1ccc(cc1)[N+]([O-])=O)c2ccccc2,ODH,35.25,0.8,28.2,train,27.12441,27.993866,28.611464
1278,ODH_charity_0616:row:1278,7402,BrC[C@H]1CC(CN1[S](=O)(=O)c2ccccc2)(c3ccccc3)c4ccccc4,ODH,14.94,1.0,14.94,train,14.656878,15.303042,15.92004
2175,ODH_charity_0616:row:2175,12027,O[C@@H]1c2ccccc2N(Cc3ccccc3)C(=O)[C@]1(CBr)c4ccccc4,ODH,13.58,1.0,13.58,train,14.191176,14.86317,15.41627
2800,ODH_charity_0616:row:2800,15521,Fc1ccc(OC(=O)/C=C/[C@@H](C2CCCCC2)N3C(=O)C4CC=CCC4C3=O)cc1,ODH,21.1,0.8,16.88,train,15.945974,17.106209,17.837257
2716,ODH_charity_0616:row:2716,14987,C=C[C@@H](C1CC1)c2c[nH]c3ccccc23,ODH,22.0,1.0,22.0,train,22.38246,23.11483,23.754883
831,ODH_charity_0616:row:831,4759,O=CC[C@@H](Cc1ccccc1)C(=O)OCc2ccccc2,ODH,22.8,1.0,22.8,train,21.594341,22.344307,22.94446
3427,ODH_charity_0616:row:3427,19054,CCCCCCCC[C@H]1[C@H](C=C(OC1=O)c2ccccc2)c3ccccc3,ODH,22.6,0.75,16.95,train,17.24475,18.036242,18.873335
2141,ODH_charity_0616:row:2141,11784,COc1ccc(OC)c2[C@@H](O)[C@@H](C=Cc12)C(C)C,ODH,37.52,1.0,37.52,train,35.257988,36.052814,36.77095
1509,ODH_charity_0616:row:1509,8541,COc1ccc(cc1)[C@H](C)c2ccc(cc2)c3ccccc3,ODH,10.69,0.5,5.345,train,4.997126,5.25775,5.580632
1668,ODH_charity_0616:row:1668,9430,Fc1ccc(\C=C\[C@@H]2COc3cc4CCCc4cc3O2)cc1,ODH,12.6,1.0,12.6,train,15.131475,15.918076,16.65861
144,ODH_charity_0616:row:144,839,CCCC[C@@H](F)C(=O)c1nccn1c2ccccc2,ODH,7.9,1.0,7.9,train,8.447578,8.976527,9.548248
2363,ODH_charity_0616:row:2363,13049,C1Cc2cc(ccc2N[C@@H]1c3ccccc3)c4ccccc4,ODH,12.79,1.0,12.79,train,13.254896,13.743811,14.216813
509,ODH_charity_0616:row:509,2978,OC(C[C@H]1CCc2ccccc2N1)(c3ccccc3)c4ccccc4,ODH,14.5,1.0,14.5,train,14.115855,14.754063,15.312002
3153,ODH_charity_0616:row:3153,17660,C[S](=O)(=O)N1[C@H](C=Cc2ccccc12)c3ccc4ccccc4c3,ODH,31.0,0.5,15.5,train,14.663294,15.424947,16.130026
1933,ODH_charity_0616:row:1933,10734,CC(=C)C[C@@H]1CC(=NO1)c2ccccc2,ODH,14.05,0.6,8.43,train,8.068228,8.413599,8.753533
2210,ODH_charity_0616:row:2210,12186,Brc1ccc2N(Cc3ccccc3)C(=O)[C@@H](CC4CC4)Oc2c1,ODH,15.8,0.5,7.9,train,7.388262,7.801182,8.305653
3459,ODH_charity_0616:row:3459,19213,CCOC(=O)[C@@]1(N[S](=O)(=O)c2c3ccccc3ccc12)C#Cc4ccccc4,ODH,42.4,0.5,21.2,train,19.821815,20.599611,21.250525
2587,ODH_charity_0616:row:2587,14156,CC1(C)[C@@H](CCC1=O)c2ccc3ccccc3c2,ODH,18.63,1.0,18.63,train,19.175474,19.741583,20.362202
649,ODH_charity_0616:row:649,3746,Cc1cc2CCCC[C@H](O)c2cc1C,ODH,17.3,1.0,17.3,train,17.138296,17.848513,18.396894
296,ODH_charity_0616:row:296,1672,CC[C@@H](C#Cc1cccc(Cl)c1)c2ccccc2,ODH,11.49,1.0,11.49,train,11.589283,12.338818,13.017184
4914,ODH_charity_0616:row:4914,25544,C[C@](C\C=C\C=C\c1ccccc1)(C=O)c2ccc(cc2)C(F)(F)F,ODH,9.708,1.0,9.708,train,9.4896145,10.0446,10.579382
3205,ODH_charity_0616:row:3205,17977,CCC[C@]1(CI)COc2ccccc12,ODH,27.9,0.5,13.95,train,14.162342,14.590037,15.049192
108,ODH_charity_0616:row:108,615,CC(C)OC(=O)[C@H](O)c1cccc(Cl)c1,ODH,7.1,1.0,7.1,train,7.7397823,8.141969,8.526389
2631,ODH_charity_0616:row:2631,14420,O[C@H](C(O)=O)c1ccc(Cl)cc1,ODH,15.48,0.8,12.384,train,12.234422,12.605399,12.942373
4086,ODH_charity_0616:row:4086,22222,CN1CCc2ccccc2[C@H]1CCc3ccccc3,ODH,7.2,0.7,5.04,train,4.9793077,5.3303504,5.6206408
1179,ODH_charity_0616:row:1179,7018,COC(=O)[C@]1(CCC(=O)O1)c2ccccc2,ODH,10.4,0.75,7.8,train,7.6230044,8.111597,8.555747
2321,ODH_charity_0616:row:2321,12855,CC[C@H](C#Cc1ccccc1Cl)c2ccccc2,ODH,16.7,0.7,11.69,train,10.849876,11.527752,12.128873
2239,ODH_charity_0616:row:2239,12308,CC[P@](=O)(c1ccccc1)c2ccc(cc2)c3ccccc3,ODH,15.91,1.0,15.91,train,14.738545,15.305113,15.837234
3691,ODH_charity_0616:row:3691,20526,Brc1ccc(\C=C\[C@H]2COc3ccccc3O2)cc1,ODH,39.54,1.0,39.54,train,38.247604,39.120766,39.897266
334,ODH_charity_0616:row:334,1827,CCOC(=O)C[C@@H](B1OC(C)(C)C(C)(C)O1)c2ccc(cc2)c3ccccc3,ODH,10.8,0.5,5.4,train,4.089952,4.481896,4.9614615
3600,ODH_charity_0616:row:3600,20037,CC(C)(C)OC(=O)[C@](C)(N)C\C=C\c1cc(Cl)cc(Cl)c1,ODH,39.8,0.5,19.9,train,18.628813,19.233215,19.83296
426,ODH_charity_0616:row:426,2313,Cc1ccc2N[C@H](C(=O)Oc2c1)c3ccccc3,ODH,21.0,1.0,21.0,train,17.678328,18.490736,19.223162
168,ODH_charity_0616:row:168,979,F[C@@H]1CCCO[C@]1(C(=O)c2ccc(F)cc2)c3ccc(F)cc3,ODH,8.37,1.0,8.37,train,7.451237,7.9842615,8.360994
760,ODH_charity_0616:row:760,4255,COC(=O)[C@@H]1COc2cc(Cl)c(Cl)cc2O1,ODH,19.9,1.0,19.9,train,17.96485,18.582033,19.043087
3548,ODH_charity_0616:row:3548,19762,Fc1ccccc1[C@@H]2CC(=O)N=C(S2)c3ccccc3,ODH,42.9,0.5,21.45,train,20.63335,21.2027,21.690231
548,ODH_charity_0616:row:548,3249,C[C@H](CC(=O)c1ccccc1)[S](=O)(=O)c2ccccc2,ODH,17.2,1.0,17.2,train,16.536905,17.086554,17.501501
49,ODH_charity_0616:row:49,366,COc1cccc2[C@H](CCOc12)CC(=O)NC(C)(C)c3ccccn3,ODH,6.1,1.0,6.1,train,7.2424664,7.7412233,8.253307
2677,ODH_charity_0616:row:2677,14815,CC[C@H](\C=C\c1ccc2ccccc2c1)C#Cc3ccc(cc3)C#N,ODH,19.7,0.5,9.85,train,9.486817,10.064511,10.676946
4968,ODH_charity_0616:row:4968,25839,COc1ccc(cc1)C(=O)N[C@@](C)(C(=O)NC(C)C)C(=O)OCc2ccccc2,ODH,92.7,0.1,9.27,train,8.876441,9.475901,10.060136
2151,ODH_charity_0616:row:2151,11852,Cc1ccccc1\C=C\2CC[C@@H]2O,ODH,15.318,0.8,12.2544,train,10.463971,10.973843,11.39693
3488,ODH_charity_0616:row:3488,19330,FC(F)(F)c1ccc(cc1)[C@H]2COc3ccccc3C2,ODH,31.9,0.5,15.95,train,14.224157,14.692089,15.190354
3211,ODH_charity_0616:row:3211,18008,CC(C)C[C@@H]1CC(=O)N(Cc2ccccc2)C1=O,ODH,28.0,0.5,14.0,train,12.500839,12.859709,13.169878
2497,ODH_charity_0616:row:2497,13807,COc1cc2CCC[C@@H](C#C[Si](c3ccccc3)(c4ccccc4)c5ccccc5)c2cc1OC,ODH,18.1,0.8,14.48,train,14.948867,15.872047,16.66033
347,ODH_charity_0616:row:347,1912,CC(O)[C@@H](C)C1CCc2ccccc2N1,ODH,9.0,1.0,9.0,train,9.608745,10.035844,10.474891
3907,ODH_charity_0616:row:3907,21424,O=C([C@](C1=CC=CC(OC(F)(F)F)=C12)(C#CC3=CC=CC=C3)NS2(=O)=O)OCC,ODH,57.9,0.5,28.95,train,27.129398,28.10029,29.013803
2315,ODH_charity_0616:row:2315,12838,BrC(=C)[C@H]1CC(CN1[S](=O)(=O)c2ccccc2)(c3ccccc3)c4ccccc4,ODH,16.67,1.0,16.67,train,15.340157,16.038158,16.731943
3328,ODH_charity_0616:row:3328,18520,COC(=O)[C@@H](O)c1ccc(C)cc1,ODH,3.89,2.0,7.78,train,8.243912,8.559902,8.87791
4631,ODH_charity_0616:row:4631,24451,Cc1ccc(cc1)[C@@H]2[C@H](O)CCCC23OCCO3,ODH,9.361,1.0,9.361,train,8.31661,8.8587,9.444752
2063,ODH_charity_0616:row:2063,11456,COC(=O)[C@H]1Cc2ccccc2CO1,ODH,12.1,1.0,12.1,train,11.880726,12.344323,12.746364
3393,ODH_charity_0616:row:3393,18826,O=[S]1(=O)N[C@H](c2ccccc2)c3ccccc13,ODH,31.1,0.8,24.88,train,24.973186,25.569832,26.085356
2512,ODH_charity_0616:row:2512,13844,COc1ccc(N[C@H](CCc2ccccc2)C(F)(F)F)cc1,ODH,23.4,0.8,18.72,train,18.199495,18.928324,19.584837
4615,ODH_charity_0616:row:4615,24412,CCCCC[C@H](C=C)n1ccc2c(OC)cccc12,ODH,12.2,1.0,12.2,train,9.843166,10.422131,10.92452
193,ODH_charity_0616:row:193,1070,CC(C)(C)OC(=O)N1[C@H](CO[S]1(=O)=O)c2ccccc2,ODH,11.3,1.0,11.3,train,9.624074,9.984918,10.407008
1353,ODH_charity_0616:row:1353,7811,C[C@H]1Cc2ccccc2N[C@H]1c3ccccc3,ODH,13.1,0.8,10.48,train,12.50453,13.050113,13.6373205
1341,ODH_charity_0616:row:1341,7746,CN(CC[C@@H](O)c1ccc(C)cc1)Cc2ccccc2,ODH,14.19,0.8,11.352,train,10.966079,11.453067,11.858572
3906,ODH_charity_0616:row:3906,21423,CCOC(=O)[C@@]1(CC(=CC(=O)O1)c2ccccc2)C(F)(F)F,ODH,51.2,0.75,38.4,train,35.00982,36.14909,37.000183
2189,ODH_charity_0616:row:2189,12101,CC(C)(C)OC(=O)CC[C@](N)(C\C=C\c1ccccc1)C(=O)OC(C)(C)C,ODH,13.4,0.5,6.7,train,5.7084966,6.3292375,6.877973
994,ODH_charity_0616:row:994,5772,CC(=O)C[C@@H]1CCCN1C(=O)OCc2ccccc2,ODH,33.2,0.5,16.6,train,15.203843,15.823661,16.352825
3747,ODH_charity_0616:row:3747,20838,CCO[P](=O)(OCC)[C@@]12CC(=CC(=O)N1[S](=O)(=O)c3ccccc23)c4cccc(C)c4,ODH,40.5,0.8,32.4,train,28.870878,29.707561,30.400436
4461,ODH_charity_0616:row:4461,23844,CC(C)(O)C[C@@H]1CCc2ccccc2N1,ODH,8.1,0.8,6.48,train,6.7380104,7.2292156,7.6855793
4394,ODH_charity_0616:row:4394,23591,O[C@H]/1CCCCC1=C/c2ccccc2,ODH,6.58,1.0,6.58,train,6.723786,7.128146,7.496354
511,ODH_charity_0616:row:511,2980,OC(C[C@H]1CCc2ccccc2N1)(c3ccccc3)c4ccccc4,ODH,14.5,1.0,14.5,train,14.572197,15.237019,15.805714
3665,ODH_charity_0616:row:3665,20356,COc1ccc(cc1)[C@@H](O)CO,ODH,41.0,0.8,32.8,train,33.136154,33.81831,34.375168
3991,ODH_charity_0616:row:3991,21830,C[C@@H](\C=C\c1ccc(C)c(C)c1)[C@](C)(N)C(=O)OC(C)(C)C,ODH,5.3,1.0,5.3,train,3.329361,3.823437,4.2677608
1563,ODH_charity_0616:row:1563,8897,CN(CC[C@H](O)c1cccc(C)c1)Cc2ccccc2,ODH,12.05,0.8,9.64,train,9.841349,10.42824,10.841012
166,ODH_charity_0616:row:166,973,Cc1cc(C)cc(c1)C2=NO[C@](C2)(CC(F)(F)F)c3ccccc3,ODH,8.34,0.8,6.672,train,6.3996534,6.8263636,7.1711507
4137,ODH_charity_0616:row:4137,22407,COC(=O)[C@H](SCc1ccccc1)c2ccccc2,ODH,6.85,1.0,6.85,train,5.8574305,6.2941856,6.6885977
2893,ODH_charity_0616:row:2893,15927,COc1ccccc1[C@H](C)O,ODH,21.9,1.0,21.9,train,22.103241,22.705551,23.228067
4690,ODH_charity_0616:row:4690,24643,CCCCC[C@H](C=C)n1ccc2cc(OC)ccc12,ODH,7.8,1.0,7.8,train,8.03687,8.505338,8.988904
1017,ODH_charity_0616:row:1017,5914,C[C@@H]1Nc2ccccc2[C@@H]1C,ODH,31.1,0.8,24.88,train,22.798122,23.41823,24.126389
4649,ODH_charity_0616:row:4649,24507,CCOC(=O)[C@@]1(CCC(=O)O1)c2ccccc2,ODH,10.0,0.75,7.5,train,7.277888,7.765378,8.186627
4486,ODH_charity_0616:row:4486,23938,CN(C[C@@H](CSc1scnn1)C#N)C(c2ccccc2)c3ccccc3,ODH,9.9,1.0,9.9,train,10.273695,10.993559,11.525834
2273,ODH_charity_0616:row:2273,12546,CCOC(=O)C1=C(C)OC(=O)C[C@H]1c2ccccc2,ODH,9.1,0.7,6.37,train,6.671131,7.1501107,7.640296
3967,ODH_charity_0616:row:3967,21732,C[C@H](COC=O)c1ccc(cc1)c2ccccc2,ODH,54.3,0.5,27.15,train,26.136868,26.940115,27.615768
3104,ODH_charity_0616:row:3104,17252,COc1ccccc1C#CC[C@]2(C)COc3ccccc23,ODH,25.3,0.5,12.65,train,12.150535,12.692192,13.241251
565,ODH_charity_0616:row:565,3304,CC(C)(NC(=O)C[C@H](CCc1ccccc1)c2ccc(cc2)c3ccccc3)c4ccccn4,ODH,18.5,0.5,9.25,train,8.849732,9.504104,10.071899
2113,ODH_charity_0616:row:2113,11661,Cc1cccc(c1)\C=C\2CCC[C@H]2O,ODH,12.8,0.8,10.24,train,9.255512,9.68285,10.073594
1028,ODH_charity_0616:row:1028,6041,COc1ccc(cc1OC)[C@H](O)CCl,ODH,46.6,1.0,46.6,train,45.156025,46.103893,46.85751
4113,ODH_charity_0616:row:4113,22321,C1Oc2ccccc2O[C@H]1\C=C\c3ccccc3,ODH,8.34,1.0,8.34,train,7.7491794,8.20401,8.613884
4047,ODH_charity_0616:row:4047,22080,O[C@@H]/1CCCC1=C/Cc2ccccc2,ODH,7.2,0.8,5.76,train,5.571642,5.842239,6.1146846
2670,ODH_charity_0616:row:2670,14748,Cc1ccc(cc1)[S](=O)(=O)N2CCC[C@H](C2)c3ccccc3,ODH,23.1,1.0,23.1,train,23.150373,23.740116,24.254604
1408,ODH_charity_0616:row:1408,8110,COc1ccccc1[C@@H]([C@H](C)O)N2CCCC2,ODH,11.35,1.0,11.35,train,10.836921,11.357287,11.784556
3236,ODH_charity_0616:row:3236,18117,Clc1ccc(C[C@@H]2Oc3ccccc3N(Cc4ccccc4)C2=O)cc1,ODH,21.8,0.5,10.9,train,10.923804,11.291312,11.785233
2733,ODH_charity_0616:row:2733,15091,COC(=O)c1ccc(cc1)C(=O)C(=[N+]=[N-])[C@H](N)C(F)(F)F,ODH,20.266,1.0,20.266,train,19.806288,20.55754,21.092863
4192,ODH_charity_0616:row:4192,22703,CC(C)OC(=O)[C@H](F)\C=C\c1ccccc1,ODH,6.7,1.0,6.7,train,6.895607,7.1432056,7.413494
2846,ODH_charity_0616:row:2846,15745,O=C([C@@H](Nc1ccccc1)c2ccccc2)c3ccccc3,ODH,21.58,1.0,21.58,train,20.962568,21.719442,22.488207
1462,ODH_charity_0616:row:1462,8379,Cc1ccc(C[C@@H]2Cc3ccccc3N2)cc1,ODH,12.9,1.0,12.9,train,11.172009,11.622255,12.209854
3088,ODH_charity_0616:row:3088,17189,Brc1cccc(c1)[C@@H]2CCc3ccccc3N2,ODH,17.81,0.6,10.686,train,9.770968,10.178955,10.556019
3737,ODH_charity_0616:row:3737,20774,O=C([C@H](Nc1ccccc1)c2ccc3ccccc3c2)c4ccc5ccccc5c4,ODH,34.25,1.0,34.25,train,33.675087,34.8221,35.950184
2567,ODH_charity_0616:row:2567,14070,CCC(CC)(CC[C@@]1(C)COc2ccc(Br)cc12)CC(=O)c3ccccc3,ODH,19.2,0.5,9.6,train,8.563201,9.142976,9.738199
1248,ODH_charity_0616:row:1248,7277,CC(=C)C[C@H]1CC(=NO1)c2ccc(cc2)C(C)(C)C,ODH,9.7,0.6,5.82,train,6.3637915,6.560837,6.7375064
2583,ODH_charity_0616:row:2583,14136,CCOC(=O)[C@@H]1[C@H](c2ccccc2)c3ccccc3N(C)C1=O,ODH,18.6,1.0,18.6,train,18.395184,19.069216,19.617691
3518,ODH_charity_0616:row:3518,19562,C1Cc2ccccc2N[C@H]1c3ccc(cc3)c4ccccc4,ODH,35.64,0.6,21.384,train,21.392178,22.15076,22.899271
308,ODH_charity_0616:row:308,1733,C1Cc2ccccc2N[C@H]1CNC(c3ccccc3)c4ccccc4,ODH,10.6,1.0,10.6,train,10.611959,11.222823,11.683213
4782,ODH_charity_0616:row:4782,25052,Oc1ccccc1[C@H](OCCOC(=O)c2ccccc2)c3ccccc3,ODH,11.0,1.0,11.0,train,10.399832,11.067449,11.540555
2919,ODH_charity_0616:row:2919,16103,CCCCC(=O)[C@@H](NC(=O)OC(C)(C)C)c1ccc2ccccc2c1,ODH,22.3,0.5,11.15,train,10.708507,11.161773,11.673888
24,ODH_charity_0616:row:24,201,CO[C@H](NC(=O)c1ccccc1)c2cc(C)ccc2CCCC(F)(F)F,ODH,6.78,1.0,6.78,train,7.8479404,8.349557,8.856867
3572,ODH_charity_0616:row:3572,19935,O[C@@]1([C@H](C=C)c2cccnc2)C(=O)N(Cc3cccc4ccccc34)c5ccccc15,ODH,38.781,1.0,38.781,train,42.670837,43.91136,45.040134
714,ODH_charity_0616:row:714,4108,Cc1ccccc1[C@H]2CCc3ccccc3N2,ODH,22.2,0.5,11.1,train,10.18509,10.567338,11.039038
316,ODH_charity_0616:row:316,1753,O=C1Oc2ccccc2N[C@@H]1c3cscc3,ODH,10.6,1.0,10.6,train,10.181269,10.641308,11.100452
882,ODH_charity_0616:row:882,5020,CC(C)(C)c1ccc(C[C@H]2CCCOC2=O)cc1,ODH,16.8,1.0,16.8,train,17.239668,17.685936,18.259815
1062,ODH_charity_0616:row:1062,6226,O[C@H](C[N+]([O-])=O)c1ccccc1[N+]([O-])=O,ODH,45.211,0.8,36.1688,train,34.913895,35.743164,36.423767
2963,ODH_charity_0616:row:2963,16363,O[C@@]1([C@H](C=C)c2ccccc2)C(=O)N(Cc3cccc4ccccc34)c5c(F)cccc15,ODH,11.899,1.0,11.899,train,14.739084,15.578983,16.426054
60,ODH_charity_0616:row:60,414,COc1cccc2CC[C@@H](Nc12)c3ccc(F)cc3,ODH,8.5,0.8,6.8,train,5.7027583,6.2548804,6.7373004
3722,ODH_charity_0616:row:3722,20679,Cc1ccc(cc1)[S](=O)(=O)N2CC[C@@H](C2)c3ccc(Cl)cc3,ODH,45.6,1.0,45.6,train,44.274647,45.252476,46.11265
1745,ODH_charity_0616:row:1745,9784,CCOC(=O)C[C@H](C#Cc1ccccc1)c2ccccc2,ODH,12.96,0.7,9.072,train,7.7881155,8.19594,8.566775
4327,ODH_charity_0616:row:4327,23287,CCC[C@H](Oc1ccccc1)C=C,ODH,7.632,0.5,3.816,train,3.5127912,3.8530097,4.193483
3561,ODH_charity_0616:row:3561,19849,CCC[C@@H](C=C)c1n2ccccc2cc1C,ODH,38.074,0.3,11.4222,train,11.286679,11.825719,12.4264345
3786,ODH_charity_0616:row:3786,20995,O=C([C@@H]1[C@@H]2CCC=C[C@@H]2OC1(c3ccccc3)c4ccccc4)c5ccccc5,ODH,4.759,1.0,4.759,train,3.9663167,4.687483,5.370275
1582,ODH_charity_0616:row:1582,8969,OC[C@@H]1COC2(CCCCC2)c3ccccc3O1,ODH,19.7,1.0,19.7,train,16.174646,16.935339,17.553892
330,ODH_charity_0616:row:330,1811,CCCCCCCCCC[C@@H]1CCC2=C(CCCC2=O)N1,ODH,10.8,1.0,10.8,train,9.960639,11.109024,12.16242
4307,ODH_charity_0616:row:4307,23182,Cc1ccc(cc1)[C@](C)(C\C=C\C=C\c2ccccc2)C=O,ODH,8.902,1.0,8.902,train,9.518769,10.033436,10.463532
4115,ODH_charity_0616:row:4115,22323,C[C@@](C\C=C\C=C\c1ccccc1)(C=O)c2ccc(F)cc2,ODH,7.371,1.0,7.371,train,7.356249,7.846318,8.243024
1781,ODH_charity_0616:row:1781,9984,Cc1ccccc1/C=C/C=C/C[C@@](C)(C=O)c2ccccc2,ODH,13.178,1.0,13.178,train,13.77542,14.289045,14.791494
830,ODH_charity_0616:row:830,4758,O=CC[C@H](Cc1ccccc1)C(=O)OCc2ccccc2,ODH,24.9,1.0,24.9,train,22.04316,22.776598,23.344181
791,ODH_charity_0616:row:791,4576,O[C@@H](C[N+]([O-])=O)c1ccccc1,ODH,27.35,0.8,21.88,train,24.312344,24.936956,25.462635
2448,ODH_charity_0616:row:2448,13511,C[C@H](O)c1ccccc1,ODH,14.67,0.6,8.802,train,9.816969,10.1729,10.5056925
4118,ODH_charity_0616:row:4118,22328,C=CCN[C@@H](CCc1ccccc1)C=C,ODH,6.737,0.8,5.3896,train,5.3886523,5.778046,6.121134
3437,ODH_charity_0616:row:3437,19103,Cc1cccc2c1N(Cc3cccc4ccccc34)C(=O)[C@@]2(O)[C@H](C=C)c5ccccc5,ODH,15.456,1.0,15.456,train,13.388927,14.089862,14.74444
1827,ODH_charity_0616:row:1827,10219,CC(C)(C)[C@@H]1C=Cc2ccccc2[C@H]1O,ODH,21.16,1.0,21.16,train,21.419664,21.977882,22.581125
519,ODH_charity_0616:row:519,3075,CCC[C@H]1Nc2ccccc2NC1=O,ODH,19.2,1.0,19.2,train,17.581785,18.150694,18.72486
4300,ODH_charity_0616:row:4300,23151,CCC(=C)[C@@H](C)Nc1ccc(OC)cc1,ODH,6.738,1.0,6.738,train,7.5610394,7.842805,8.165843
4805,ODH_charity_0616:row:4805,25133,CCC[C@@H](Nc1ccc2[nH]ccc2c1)C=C,ODH,11.71,2.0,23.42,train,21.459167,22.04832,22.645235
3743,ODH_charity_0616:row:3743,20821,CCOC(=O)[C@@]1(N[S](=O)(=O)c2ccccc12)C#Cc3ccc4ccccc4c3,ODH,59.4,0.5,29.7,train,28.49166,29.47115,30.336903
1068,ODH_charity_0616:row:1068,6248,O[C@H](c1c([nH]c2ccccc12)c3ccccc3)C(F)(F)F,ODH,46.2,1.0,46.2,train,44.607025,45.922733,46.918465
1129,ODH_charity_0616:row:1129,6675,CCOC(=O)[C@H](C)Oc1ccccc1,ODH,10.09,1.0,10.09,train,9.839996,10.258996,10.720252
3166,ODH_charity_0616:row:3166,17739,O=C1C[C@H](c2ccccc2)C(=C(O1)c3ccccc3)C(=O)c4ccccc4,ODH,26.9,0.7,18.83,train,18.48572,19.184027,19.753754
1657,ODH_charity_0616:row:1657,9389,CC[C@H](C#Cc1sccc1)c2ccccc2,ODH,12.52,0.7,8.764,train,10.1759205,10.810122,11.358126
466,ODH_charity_0616:row:466,2546,Cc1ccc(cc1)[C@H]2CCCNC(=O)C2,ODH,13.0,1.0,13.0,train,12.054319,12.467201,12.951483
814,ODH_charity_0616:row:814,4670,CC(C)(NC(=O)C[C@@H](CCc1ccccc1)c2ccc(F)c(F)c2)c3ccccn3,ODH,22.2,0.5,11.1,train,10.44943,11.014216,11.506608
3739,ODH_charity_0616:row:3739,20783,COc1ccc(C[C@H]2[C@H](C=C(OC2=O)c3ccc(OC)cc3)c4ccccc4)cc1,ODH,36.5,0.75,27.375,train,26.828358,27.581642,28.282476
1471,ODH_charity_0616:row:1471,8408,Brc1ccc(cc1)C(=O)N2[C@H](Cc3ccccc3c4oc5ccccc5c24)c6ccccc6,ODH,11.6,0.7,8.12,train,8.963775,9.675602,10.273605
516,ODH_charity_0616:row:516,3044,CC1(C)Nc2ccccc2[C@@H]3CC(=O)C=C[C@@H]13,ODH,18.23,1.0,18.23,train,18.90846,19.298512,19.686663
2818,ODH_charity_0616:row:2818,15592,C[C@H](Nc1ccccc1)[C@@H](O)c2ccccc2,ODH,25.7,1.0,25.7,train,24.727285,25.428967,26.041754
3885,ODH_charity_0616:row:3885,21343,CCCCOC[C@H](C(=O)c1ccccc1)c2ccccc2,ODH,5.97,1.0,5.97,train,5.961362,6.466851,6.8472934
2060,ODH_charity_0616:row:2060,11453,CC(C)(C)OC(=O)[C@](C)(N)C\C=C\c1ccc(F)cc1,ODH,14.9,0.5,7.45,train,6.9133334,7.243445,7.5966773
4838,ODH_charity_0616:row:4838,25233,CC(C)(C)c1ccc(cc1)[P@](=O)(OCc2ccccc2Cl)c3ccccc3,ODH,9.43,0.8,7.544,train,8.175213,8.444485,8.77281
1487,ODH_charity_0616:row:1487,8440,COC(=O)[C@@H](Nc1ccc(Br)cc1)c2ccccc2,ODH,11.602,0.8,9.2816,train,9.262767,9.733273,10.137286
2097,ODH_charity_0616:row:2097,11577,COC(=O)[C@@H](CNC(=O)OC(C)(C)C)Cc1ccccc1,ODH,15.0,0.5,7.5,train,7.653804,8.176624,8.65538
903,ODH_charity_0616:row:903,5102,C1Oc2ccccc2N[C@H]1c3ccc(cc3)c4ccccc4,ODH,25.5,1.0,25.5,train,24.58592,25.378458,26.140188
1473,ODH_charity_0616:row:1473,8410,COc1ccc(cc1)[C@@H]2c3cc4OCOc4cc3OC(=C2C#N)N,ODH,11.6,0.7,8.12,train,8.179142,8.715658,9.108512
908,ODH_charity_0616:row:908,5129,CC(C)(C)OC(=O)N1O[C@@H](O)C[C@@H]1c2ccc(Br)cc2,ODH,22.7,0.5,11.35,train,10.451911,10.935817,11.371743
4767,ODH_charity_0616:row:4767,25006,O[C@@H]/1CCC1=C/c2ccccc2F,ODH,7.731,0.8,6.1848,train,5.6216626,6.009608,6.299179
858,ODH_charity_0616:row:858,4896,Clc1ccc(/C=C/[C@H](c2ccc(Cl)cc2)c3c[nH]c4ccccc34)cc1,ODH,23.7,1.0,23.7,train,23.262798,23.992025,24.741653
4514,ODH_charity_0616:row:4514,24036,CC(C)(C)OC(=O)N1OCC[C@@H]1Cc2ccccc2,ODH,9.2,0.8,7.36,train,6.1635604,6.4887505,6.82711
394,ODH_charity_0616:row:394,2149,CC1(C)CN(C(=S)Nc2ccc(cc2)C#N)[C@@](C)(C1)c3ccccc3,ODH,17.6,1.0,17.6,train,14.929693,15.579042,16.172388
1231,ODH_charity_0616:row:1231,7231,Clc1ccc2OC(=O)[C@H](Nc2c1)c3ccccc3,ODH,15.7,0.7,10.99,train,8.600045,9.225601,9.793341
675,ODH_charity_0616:row:675,3854,CCOC(=O)C[C@H]1Nc2ccccc2OC1=O,ODH,16.5,1.0,16.5,train,14.729548,15.449867,16.062834
2588,ODH_charity_0616:row:2588,14157,C[C@@](C\C=C\C=C\c1ccccc1)(C=O)c2ccc(cc2)c3ccccc3,ODH,20.937,1.0,20.937,train,18.11757,18.760477,19.380915
13,ODH_charity_0616:row:13,126,C[C@@]1(CC2(CCCCC2)CN1C(=S)Nc3cc(cc(c3)C(F)(F)F)C(F)(F)F)c4ccccc4,ODH,4.61,1.0,4.61,train,4.6410284,5.4164267,5.9824715
4580,ODH_charity_0616:row:4580,24281,Cc1ccc(cc1)\C=C\2CCC[C@@H]2O,ODH,8.58,1.022,8.76876,train,7.127288,7.536277,7.9437165
952,ODH_charity_0616:row:952,5318,COc1ccc(cc1)[C@H](O)CCl,ODH,21.2,1.0,21.2,train,21.458672,21.84838,22.194283
4736,ODH_charity_0616:row:4736,24831,CC[C@]1(N(c2ccc(C)cc2C1=C)[S](=O)(=O)C(F)(F)F)c3ccccc3,ODH,9.08,0.5,4.54,train,4.3577175,4.7957273,5.187329
46,ODH_charity_0616:row:46,338,CC(C)(O)C[C@@H]1CCc2ccccc2N1,ODH,5.6,0.8,4.48,train,7.5591536,8.081199,8.558019
2705,ODH_charity_0616:row:2705,14954,O[C@@H](C(=O)Nc1ccc(O)cc1)c2ccccc2,ODH,19.99,0.8,15.992,train,16.447319,16.91342,17.40972
269,ODH_charity_0616:row:269,1533,Cc1cccc(c1)[C@H]2Nc3ccccc3OC2=O,ODH,10.0,1.0,10.0,train,7.3205934,7.9409165,8.508607
928,ODH_charity_0616:row:928,5235,C1Cc2ccccc2N[C@@H]1CC=Cc3ccccc3,ODH,26.7,0.5,13.35,train,14.117873,14.658634,15.132299
243,ODH_charity_0616:row:243,1395,COC(=O)[C@@H]1COc2ccc(cc2O1)C(C)(C)C,ODH,9.5,1.0,9.5,train,8.831001,9.222564,9.6210575
3126,ODH_charity_0616:row:3126,17429,O=C([C@](C1=CC(Cl)=CC=C12)(C#CC3=CC=CC=C3)NS2(=O)=O)OCC,ODH,35.5,0.5,17.75,train,16.923166,17.573084,18.092052
3324,ODH_charity_0616:row:3324,18511,CN1CCc2ccccc2[C@@H]1c3ccc(F)cc3,ODH,3.8,1.0,3.8,train,3.7393732,4.1735125,4.524068
3005,ODH_charity_0616:row:3005,16587,COC(=O)C1(CC1)NC(=O)[C@](C)(NC(=O)c2ccc(OC)cc2)C(=O)OCc3ccccc3,ODH,23.5,0.5,11.75,train,12.1129055,12.948779,13.704858
2867,ODH_charity_0616:row:2867,15840,Cc1ccccc1[C@@H](O)CO,ODH,21.7,0.8,17.36,train,17.262918,17.730974,18.111145
2199,ODH_charity_0616:row:2199,12146,COc1ccc(cc1)[C@H]2[C@H](c3ccccc3)c4c(C)oc(c5ccccc5)c4[C@@H]2c6cn(C)c7ccccc67,ODH,13.47,0.6,8.082,train,8.114977,9.0216,9.787429
4801,ODH_charity_0616:row:4801,25121,CCOC(=O)C(=C)C[C@]1(C=C(c2ccccc2)c3ccccc13)C(F)(F)F,ODH,8.57,0.5,4.285,train,4.2439675,4.8653455,5.376567
3733,ODH_charity_0616:row:3733,20762,Fc1ccc(cc1)[C@@H]2NCCNC2=O,ODH,41.4,1.0,41.4,train,38.893456,39.928318,40.68454
4223,ODH_charity_0616:row:4223,22846,C[C@@](C\C=C\C=C\c1ccc(cc1)C(F)(F)F)(C=O)c2ccccc2,ODH,7.776,1.0,7.776,train,8.526524,8.947811,9.437317
3175,ODH_charity_0616:row:3175,17766,CC(=O)c1ccc(cc1)[S@@](=O)Cc2ccccc2,ODH,27.07,1.0,27.07,train,28.187622,28.984352,29.639828
3201,ODH_charity_0616:row:3201,17942,COc1ccccc1C(=O)OC[C@@H](O)c2ccccc2,ODH,27.8,1.0,27.8,train,25.520994,26.417757,27.091398
26,ODH_charity_0616:row:26,207,CC(C)(C)c1ccc(cc1)[S@](=O)c2ccccn2,ODH,5.9,1.0,5.9,train,5.9130216,6.1616774,6.4057827
1744,ODH_charity_0616:row:1744,9783,CCOC(=O)C[C@@H](C#Cc1ccccc1)c2ccccc2,ODH,8.01,0.7,5.607,train,5.4999905,5.888593,6.230736
976,ODH_charity_0616:row:976,5607,O=C(C[C@@H](\C=C\c1ccccc1)c2ccccc2)c3ccccc3,ODH,30.732,0.5,15.366,train,13.658505,14.224544,14.682664
1859,ODH_charity_0616:row:1859,10386,[O-][N+](=O)c1ccc(cc1)[C@@]2(CC#C)CC(=C)OC2=O,ODH,13.68,2.0,27.36,train,27.990004,28.863008,29.485394
2566,ODH_charity_0616:row:2566,14069,OC[C@@H](CCl)n1nc2ccccc2n1,ODH,18.5,1.0,18.5,train,17.438345,17.958765,18.449202
3657,ODH_charity_0616:row:3657,20307,C[C@](CC(=C)c1ccccc1)(C=O)c2cccc(F)c2,ODH,40.578,1.0,40.578,train,38.68569,39.8017,40.730923
3020,ODH_charity_0616:row:3020,16769,O[C@]1([C@H](C=C)c2ccccc2)C(=O)N(Cc3cccc4ccccc34)c5cccc(F)c15,ODH,14.872,1.0,14.872,train,15.051503,15.789317,16.615242
1607,ODH_charity_0616:row:1607,9117,CC1(C)OC[C@@H](CO)Oc2ccccc12,ODH,13.6,1.0,13.6,train,14.53594,14.851406,15.146924
3621,ODH_charity_0616:row:3621,20162,CC[Si](CC)(CC)[C@@H](C(=O)OC)c1ccccc1,ODH,3.55,1.0,3.55,train,3.1251068,3.419538,3.7004426
1039,ODH_charity_0616:row:1039,6116,COc1ccc(cc1)[C@@H]2CCCNC(=O)C2,ODH,43.6,0.5,21.8,train,21.137842,21.702482,22.190468
2885,ODH_charity_0616:row:2885,15912,CCOC(=O)/C=C/[C@@H]1[C@@H](C)N1[S](=O)(=O)c2ccc(C)cc2,ODH,11.97,0.8,9.576,train,11.19863,11.71206,12.249783
3916,ODH_charity_0616:row:3916,21486,O=C1C[C@@H](C=C(O1)c2ccccc2)c3ccc4ccccc4c3,ODH,52.4,0.5,26.2,train,23.299566,24.068216,24.73426
4092,ODH_charity_0616:row:4092,22254,CC(C)(C)c1ccc(cc1)[P@@](=O)(OCc2ccccc2Br)c3ccccc3,ODH,6.05,0.8,4.84,train,4.485762,4.881545,5.3011775
3549,ODH_charity_0616:row:3549,19763,Fc1ccccc1[C@H]2CC(=O)N=C(S2)c3ccccc3,ODH,37.3,0.5,18.65,train,17.529058,18.079025,18.54697
1782,ODH_charity_0616:row:1782,9991,CCOC(=O)/C=C/[C@@H]1[C@@H](C(C)C)N1[S](=O)(=O)c2ccc(C)cc2,ODH,8.86,0.8,7.088,train,7.0152564,7.489193,8.024719
1063,ODH_charity_0616:row:1063,6239,COc1cccc(C[C@@H](CC=O)C(=O)OC(C)C)c1,ODH,41.0,1.0,41.0,train,37.844368,38.72896,39.48269
4074,ODH_charity_0616:row:4074,22179,COc1ccccc1[C@](C)(CC(=C)c2ccccc2)C=O,ODH,7.085,1.0,7.085,train,6.7062297,7.133056,7.526726
1957,ODH_charity_0616:row:1957,10910,CC1(C)[C@@H](CCC1=O)c2cccc(F)c2,ODH,14.23,1.0,14.23,train,12.854815,13.246055,13.741118
4896,ODH_charity_0616:row:4896,25493,Cn1c2ccccc2c([C@@H](C(=O)OCc3ccccc3)c4ccccc4)c1c5ccc(Cl)cc5,ODH,9.7,0.7,6.79,train,7.732087,8.487583,9.120425
2942,ODH_charity_0616:row:2942,16215,C[C@@]1(CN(Cc2ccccc2)C(=O)c3ccccc13)Cc4ccc5n(c6ccccc6)c7ccccc7c5c4,ODH,19.2,1.0,19.2,train,18.95125,19.706161,20.3856
460,ODH_charity_0616:row:460,2500,Cc1ccc(cc1)[S](=O)(=O)N2CC=C[C@H]2c3ccccc3,ODH,12.895,1.0,12.895,train,11.72856,12.154834,12.536978
2182,ODH_charity_0616:row:2182,12062,OC[C@@H]1COC2(CCCC2)c3ccccc3O1,ODH,23.1,1.0,23.1,train,21.678911,22.374506,22.979002
4547,ODH_charity_0616:row:4547,24126,C[C@@H](N[S](=O)(=O)C(C)(C)C)c1ccc(C)c(C)c1,ODH,7.0,1.0,7.0,train,5.632232,5.997538,6.410064
1821,ODH_charity_0616:row:1821,10205,C[C@]1(C(=O)OCC=C)C(=O)N(C(=O)C(c2ccccc2)c3ccccc3)c4ccc(Br)cc14,ODH,24.3,0.8,19.44,train,18.518826,19.300537,19.931269
2960,ODH_charity_0616:row:2960,16352,COc1ccc(cc1)[S](=O)(=O)N\C(c2ccccc2)=C3\[C@H]([C@@H](CC3=O)c4ccccc4)c5ccccc5,ODH,26.2,0.75,19.65,train,20.226877,21.107634,21.838634
542,ODH_charity_0616:row:542,3240,Cc1ccc(cc1)[S](=O)(=O)N2CC[C@@H](CC(=O)NC(C)(C)c3ccccn3)c4cc(F)ccc24,ODH,17.8,0.8,14.24,train,12.777049,13.241885,13.740049
2124,ODH_charity_0616:row:2124,11716,CC(C)(C)OC(=O)[C@](C)(N)C\C=C\c1cccc2ccccc12,ODH,15.2,0.5,7.6,train,6.7387137,7.182317,7.6627817
1171,ODH_charity_0616:row:1171,6961,Cc1ccc(cc1)[S](=O)(=O)N2C[C@H](C=C)N(c3cc4ccccc4cc3C2=O)[S](C)(=O)=O,ODH,10.32,1.0,10.32,train,11.448596,12.084817,12.681839
3139,ODH_charity_0616:row:3139,17584,O[C@@H]([C@H](C=C)c1ccccc1)C(=O)c2ccccc2,ODH,25.0,0.5,12.5,train,11.21903,11.817283,12.300731
486,ODH_charity_0616:row:486,2744,C1Oc2ccccc2N[C@H]1c3ccccc3,ODH,13.7,1.0,13.7,train,13.571552,14.016692,14.491528
1008,ODH_charity_0616:row:1008,5863,COc1cc2[nH]cc([C@H](\C=C\c3ccccc3)c4ccccc4)c2cc1OC,ODH,34.794,1.0,34.794,train,33.672405,34.77563,35.711723
1650,ODH_charity_0616:row:1650,9358,Clc1ccc2N[C@@H](CNc2c1)c3ccccc3,ODH,15.0,0.6,9.0,train,8.732672,9.0755415,9.393995
1355,ODH_charity_0616:row:1355,7814,[C@@H]1(CC2=CC=C3C=CC=CC3=C2)NC4=C(C=CC=C4)C1,ODH,13.9,1.0,13.9,train,13.917365,14.427131,14.977066
2474,ODH_charity_0616:row:2474,13678,CCCCC(=O)[C@@H](NC(=O)OC(C)(C)C)c1ccc(Br)cc1,ODH,17.9,0.5,8.95,train,8.236525,8.648154,9.088797
3502,ODH_charity_0616:row:3502,19447,Brc1ccc(\C=C\[C@@H]2N[S](=O)(=O)Oc3ccccc23)cc1,ODH,34.8,1.0,34.8,train,31.22253,32.045563,32.73003
1291,ODH_charity_0616:row:1291,7457,Cc1ccc2OC(=O)C[C@H](c3ccccc3)c2c1,ODH,12.87,1.0,12.87,train,11.646759,12.134686,12.532338
4280,ODH_charity_0616:row:4280,23058,CCCC(=O)O\C(c1ccccc1)=C\2[C@@H]([C@H](C)C=C2c3ccccc3)c4ccc5ccccc5c4,ODH,7.4,0.7,5.18,train,4.9093447,5.6273837,6.3192973
1397,ODH_charity_0616:row:1397,8045,CCOc1ccc2nc(SC[C@@H](CN(C)C(c3ccccc3)c4ccccc4)c5sccc5)sc2c1,ODH,11.3,1.0,11.3,train,11.469276,12.186852,12.834657
2213,ODH_charity_0616:row:2213,12211,Clc1cccc(c1)[C@@H]2CNc3ccccc3N2,ODH,24.4,0.7,17.08,train,16.449472,17.010878,17.616882
385,ODH_charity_0616:row:385,2088,O=C[C@@H]1[C@@H](c2ccccc2)[C@@]13CCC3(c4ccccc4)c5ccccc5,ODH,12.48,1.0,12.48,train,10.252147,10.90077,11.459648
2862,ODH_charity_0616:row:2862,15835,COC(=O)C(C)(C)NC(=O)[C@@](C)(NC(=O)c1ccc(OC)cc1)C(=O)OCc2ccccc2,ODH,25.2,0.5,12.6,train,11.467135,12.016428,12.60676
3260,ODH_charity_0616:row:3260,18223,Cc1cccc(/C=C/C[C@](C)(N)C(=O)OC(C)(C)C)c1,ODH,14.3,0.5,7.15,train,7.161095,7.624016,8.077252
2453,ODH_charity_0616:row:2453,13557,C1[C@@H](Cc2ccccc2)Oc3ccccc3N1Cc4ccccc4,ODH,17.7,0.5,8.85,train,8.914777,9.334939,9.728315
3217,ODH_charity_0616:row:3217,18052,CCC[C@@H](COC=O)c1ccccc1,ODH,28.2,0.5,14.1,train,13.254917,13.830573,14.30888
1955,ODH_charity_0616:row:1955,10908,CCC[C@@H]1C[C@H](c2ccccc2)C(C)(C)C1=O,ODH,14.23,1.0,14.23,train,14.007138,14.392964,14.790819
2623,ODH_charity_0616:row:2623,14334,Clc1ccccc1[C@H]2CCN3C(=C2)c4ccccc4[S]3(=O)=O,ODH,18.91,0.8,15.128,train,14.572257,15.0533,15.474088
2193,ODH_charity_0616:row:2193,12114,CCCCC[C@H](C=C)c1c[nH]c2cccc(Cl)c12,ODH,17.9,1.0,17.9,train,17.696436,18.474947,19.226694
68,ODH_charity_0616:row:68,428,C[C@@H]1CCc2cc(F)ccc2N1,ODH,5.2,1.0,5.2,train,4.8591022,5.300842,5.6632833
2558,ODH_charity_0616:row:2558,14053,CC(C)(C)OC(=O)[C@](N)(C\C=C\c1ccccc1)Cc2ccccc2,ODH,18.5,0.5,9.25,train,7.5333605,7.8967185,8.344985
1743,ODH_charity_0616:row:1743,9778,COC(=O)c1ccc(cc1)[C@](C)(C=O)c2ccc(cc2)C(C)C,ODH,12.95,0.5,6.475,train,6.1979613,6.5019965,6.844898
3233,ODH_charity_0616:row:3233,18102,[O-][N+](=O)c1ccc(cc1)[S@@](=O)Cc2ccccc2,ODH,28.33,1.0,28.33,train,26.61322,27.285505,27.83684
3150,ODH_charity_0616:row:3150,17633,O[C@@]1([C@H](C=C)c2ccccc2)C(=O)N(Cc3cccc4ccccc34)c5ccccc15,ODH,14.585,1.0,14.585,train,14.39951,15.135606,15.777919
4278,ODH_charity_0616:row:4278,23056,COc1ccc(cc1)c2oc(C)c3Cc4ccccc4N5CCCC[C@@H]5c23,ODH,7.4,0.6,4.44,train,4.327405,4.8078403,5.1748486
2773,ODH_charity_0616:row:2773,15381,C[C@](C/C=C/C=C/c1ccc(Cl)cc1)(C=O)c2ccccc2,ODH,20.852,0.5,10.426,train,10.330504,10.802729,11.248267
2070,ODH_charity_0616:row:2070,11480,[C@@H]1(CC2=C3C=CC=CC3=CC=C2)NC4=C(C=CC=C4)C1,ODH,19.5,0.8,15.6,train,15.452187,15.996584,16.499115
1315,ODH_charity_0616:row:1315,7566,COC(=O)[C@H](F)CCOCc1ccccc1,ODH,9.4,1.0,9.4,train,8.912605,9.429237,9.842028
4574,ODH_charity_0616:row:4574,24258,CCOC(=O)[C@@H](C)Oc1cccc2ccccc12,ODH,5.78,1.0,5.78,train,5.780928,6.1348286,6.50752
4146,ODH_charity_0616:row:4146,22427,CC(C)Cc1ccc(cc1)\C=C\2CC[C@H]2O,ODH,6.32,0.8,5.056,train,4.9206553,5.2155056,5.494244
1193,ODH_charity_0616:row:1193,7071,O[C@@]1(C(=C)c2ccccc2)C(=O)N(Cc3ccccc3)c4ccccc14,ODH,10.43,1.0,10.43,train,10.159981,10.724477,11.237047
3149,ODH_charity_0616:row:3149,17629,Clc1cccc(\C=C\[C@@H]2N[S](=O)(=O)Oc3ccccc23)c1,ODH,26.5,1.0,26.5,train,26.217855,26.938482,27.581722
3425,ODH_charity_0616:row:3425,19030,O=C1C[C@H](c2ccccc2)C(=C(O1)c3ccccc3)C(=O)c4ccccc4,ODH,25.6,0.7,17.92,train,17.943653,18.602036,19.130646
3105,ODH_charity_0616:row:3105,17283,Fc1ccc(cc1F)C2=C3N([C@H]4C=CCC[C@@H]24)[S](=O)(=O)c5ccccc35,ODH,27.08,0.5,13.54,train,13.43154,14.132109,14.550064
3309,ODH_charity_0616:row:3309,18431,C[C@@H](COC=O)c1ccc(Cl)cc1,ODH,29.8,0.5,14.9,train,14.858193,15.491998,16.009192
4787,ODH_charity_0616:row:4787,25083,Cc1ccc(C[C@@H](B2OC(C)(C)C(C)(C)O2)N3CCOC3=O)cc1,ODH,9.3,1.0,9.3,train,7.9772177,8.339952,8.814295
4030,ODH_charity_0616:row:4030,22010,O=C(OCc1ccccc1)[C@H](Oc2ccccc2)c3ccccc3,ODH,9.1,1.0,9.1,train,8.201247,8.83145,9.383847
407,ODH_charity_0616:row:407,2232,CCCCCC[C@H]1CCC2=C(CCCC2=O)N1,ODH,9.2,1.0,9.2,train,9.572997,10.46936,11.199537
2762,ODH_charity_0616:row:2762,15277,C[C@H](c1ccc(C)cc1)c2cccc(c2)C#N,ODH,20.65,0.3,6.195,train,6.220197,6.5851474,6.88343
985,ODH_charity_0616:row:985,5725,O[C@H]1C[C@@H](N(O1)C(=O)OCc2ccccc2)c3ccc(cc3)[N+]([O-])=O,ODH,26.5,1.0,26.5,train,26.743187,27.59665,28.014204
3364,ODH_charity_0616:row:3364,18726,C=C[C@H](CCCOCc1ccccc1)c2n3ccccc3cc2c4ccccc4,ODH,30.775,1.0,30.775,train,29.282707,30.29328,31.147345
4909,ODH_charity_0616:row:4909,25535,COC(=O)[C@H](F)\C=C\c1ccccc1C=C,ODH,9.1,1.0,9.1,train,9.528991,9.962516,10.432333
570,ODH_charity_0616:row:570,3326,C1Cc2ccccc2N[C@H]1c3ccccc3,ODH,15.6,0.6,9.36,train,9.967551,10.468715,10.983493
2350,ODH_charity_0616:row:2350,12999,CCC/C=C/C[C@]1(C)CCOc2cc(C)c(C)cc12,ODH,16.9,0.5,8.45,train,7.876288,8.252907,8.690898
3827,ODH_charity_0616:row:3827,21151,Clc1ccc2sc(SC[C@@H](CN(CC=C)C(c3ccccc3)c4ccccc4)OCc5ccccc5)nc2c1,ODH,6.9,1.0,6.9,train,7.0426607,7.855196,8.4691725
684,ODH_charity_0616:row:684,3873,CC[S](=O)(=O)[C@@H](C)CC(=O)c1ccccc1,ODH,17.9,1.0,17.9,train,17.140987,17.664948,18.022352
124,ODH_charity_0616:row:124,706,[nH]1c2ccccc2c([C@H](\C=C\c3ccccc3)c4ccccc4)c1c5ccccc5,ODH,7.438,1.0,7.438,train,7.2007995,7.9451466,8.429746
4821,ODH_charity_0616:row:4821,25182,Cc1ccc(cc1)[C@H]2Nc3ccccc3OC2=O,ODH,26.2,0.7,18.34,train,16.713621,17.249962,17.799038
4755,ODH_charity_0616:row:4755,24969,COc1ccc2N[C@H](C)Cc2c1,ODH,18.4,1.0,18.4,train,18.771198,19.313566,19.846775
1335,ODH_charity_0616:row:1335,7707,CCOc1ccc2nc(SC[C@H](CN(C)C(c3ccccc3)c4ccccc4)C=C)sc2c1,ODH,8.1,1.0,8.1,train,8.640265,9.291109,9.921275
2722,ODH_charity_0616:row:2722,15033,Cc1cc(C)cc(c1)[C@H](C[N+]([O-])=O)c2ccccc2,ODH,34.1,1.0,34.1,train,33.637238,34.586594,35.384045
4122,ODH_charity_0616:row:4122,22334,Cc1ccc(cc1)N2N=C(C)[C@](C\C=C\c3ccccc3)(Cc4cccc(Cl)c4)C2=O,ODH,6.759,1.0,6.759,train,6.8039885,7.6983905,8.43518
2896,ODH_charity_0616:row:2896,15969,Cc1cccc(c1)[C@H](O)CO,ODH,24.9,0.8,19.92,train,19.594765,20.029932,20.393673
718,ODH_charity_0616:row:718,4116,COc1ccc(O)c(c1)[C@@H](N)c2ccc(C)cc2,ODH,15.3,0.7,10.71,train,10.093731,10.604755,11.086118
4523,ODH_charity_0616:row:4523,24065,CC[C@@]1(CC(C)=C)CC(=NO1)c2ccccc2,ODH,8.35,0.6,5.01,train,4.6474123,4.9144516,5.168619
1984,ODH_charity_0616:row:1984,11045,CC(C)(C)OC(=O)[C@@](C)(N)C\C=C\c1ccc(cc1)C(F)(F)F,ODH,11.8,0.5,5.9,train,5.4506946,5.809773,6.3310494
1070,ODH_charity_0616:row:1070,6256,O[C@@H](CCCC(=O)Nc1ccccc1)C2CCCCC2,ODH,47.1,0.7,32.97,train,32.22902,33.230118,34.109337
2789,ODH_charity_0616:row:2789,15456,C=C[C@@H]1COC(=O)N1C(=O)c2ccccc2,ODH,12.5,1.0,12.5,train,11.754393,12.242809,12.683644
1342,ODH_charity_0616:row:1342,7747,CN(CC[C@H](O)c1ccc(C)cc1)Cc2ccccc2,ODH,11.07,0.8,8.856,train,8.74125,9.179463,9.567426
4464,ODH_charity_0616:row:4464,23847,CC[C@@H](C#Cc1ccccc1)c2cccc(Cl)c2,ODH,9.62,0.7,6.734,train,6.2708144,6.8872194,7.4463987
1049,ODH_charity_0616:row:1049,6150,C1Cc2ccccc2N[C@@H]1CNc3ccc4ccccc4c3,ODH,29.9,1.0,29.9,train,30.41283,31.305286,32.09219
2601,ODH_charity_0616:row:2601,14212,O=C1N([C@@H]2Cc3ccccc3N[C@@H]2c4ccccc4)C(=O)c5ccccc15,ODH,33.0,0.7,23.1,train,20.995152,21.89587,22.70442
2832,ODH_charity_0616:row:2832,15702,COc1ccc(cc1)N2[C@@H](COC2=O)C=C,ODH,17.6,1.0,17.6,train,16.530855,17.056454,17.567667
687,ODH_charity_0616:row:687,3886,CC(C)(N1[C@H](CC1=O)c2ccc(Oc3ccccc3)cc2)c4ccccn4,ODH,20.4,0.8,16.32,train,16.04119,16.628569,17.269176
2553,ODH_charity_0616:row:2553,14026,CC(C)(C)OC(=O)C(C)(C)C[C@@H](CCCn1c2ccccc2c3ccccc13)c4ccccc4,ODH,20.46,0.5,10.23,train,8.348666,9.100681,9.746362
2224,ODH_charity_0616:row:2224,12254,CC1(C)OC[C@H](CO)Oc2ccccc12,ODH,13.8,1.0,13.8,train,12.69443,13.063889,13.384556
4814,ODH_charity_0616:row:4814,25157,Cc1cc([C@@H](C(=O)OCc2ccccc2)c3cccc(F)c3)c(C)n1Cc4ccccc4,ODH,9.4,0.7,6.58,train,6.3643866,6.8281364,7.233888
4101,ODH_charity_0616:row:4101,22285,Cc1ccc(cc1)C2(SCCCS2)[C@H](C=Cc3ccccc3)c4ccccc4,ODH,6.7,1.0,6.7,train,6.490457,7.0165067,7.5313735
4822,ODH_charity_0616:row:4822,25183,Cc1ccc(cc1)[C@@H]2Nc3ccccc3OC2=O,ODH,9.4,0.7,6.58,train,6.121868,6.646494,7.14021
2023,ODH_charity_0616:row:2023,11284,CC(C)(C)OC(=O)[C@@](C)(N)C\C=C\c1ccccc1,ODH,11.1,0.5,5.55,train,5.950095,6.411055,6.9106736
150,ODH_charity_0616:row:150,896,CCOC(=O)C[C@H](Sc1ccccc1)c2ccc(cc2)C(C)(C)C,ODH,5.5,1.0,5.5,train,5.3235636,5.565073,5.851258
57,ODH_charity_0616:row:57,405,C1O[C@@H](C=C1)c2ccccc2,ODH,6.288,1.0,6.288,train,6.5661407,6.832778,7.1388493
3690,ODH_charity_0616:row:3690,20523,OC[C@H]1COCCCO1,ODH,43.1,1.0,43.1,train,41.00585,41.72189,42.290436
3512,ODH_charity_0616:row:3512,19547,Cc1ccc(cc1)[C@@H](C[N+]([O-])=O)c2cccc(Cl)c2,ODH,35.5,1.5,53.25,train,51.187836,52.372345,53.297184
2208,ODH_charity_0616:row:2208,12172,CC[C@H](\C=C\c1cscc1)C#Cc2ccc(cc2)C#N,ODH,15.8,0.5,7.9,train,7.4144907,7.9629087,8.502699
4950,ODH_charity_0616:row:4950,25746,NC1=C(C#N)[C@H](c2ccc(F)cc2)c3cc4OCOc4cc3O1,ODH,9.9,0.7,6.93,train,6.805609,7.3470635,7.7647634
3923,ODH_charity_0616:row:3923,21523,Cc1ccc(cc1)[C@H](C[N+]([O-])=O)c2cccc3ccccc23,ODH,37.5,1.5,56.25,train,54.251984,55.611958,56.664543
4053,ODH_charity_0616:row:4053,22101,CC(C)[C@H](c1ccccc1)c2cc(cc(c2)c3ccccc3)c4ccccc4,ODH,5.79,1.0,5.79,train,5.7608795,6.212063,6.4822216
4397,ODH_charity_0616:row:4397,23600,C[C@](C\C=C\C=C\c1ccccc1)(C=O)c2cccc(Cl)c2,ODH,7.971,1.0,7.971,train,7.6308703,8.111832,8.5685625
4760,ODH_charity_0616:row:4760,24974,Cc1ccccc1O[C@H](C(=O)OCc2ccccc2)c3ccccc3,ODH,9.2,1.0,9.2,train,8.453193,9.088923,9.670258
2709,ODH_charity_0616:row:2709,14964,CCC[C@H](NCc1ccccc1)C(=C)CCCCCCCCCOCc2ccccc2,ODH,2.958,1.0,2.958,train,2.5317774,3.3163154,4.033387
673,ODH_charity_0616:row:673,3846,CC(C)(NC(=O)C[C@@H]1CCOc2ccc(Cl)cc12)c3ccccn3,ODH,15.2,0.6,9.12,train,8.3118725,8.6639595,9.068468
4360,ODH_charity_0616:row:4360,23448,Cc1ccc(cc1)[S](=O)(=O)n2c3C[C@]4(CO[Si](C)(C)C(C)(C)C)C[C@@H](C=C4)c3c5ccccc25,ODH,8.4,0.6,5.04,train,3.4109783,4.2338734,5.055133
2358,ODH_charity_0616:row:2358,13031,COC(=O)[C@@H](Oc1ccccc1)c2ccccc2,ODH,16.9,1.0,16.9,train,15.678556,16.354694,16.935577
701,ODH_charity_0616:row:701,4035,C1CC[C@@H]2Nc3ccccc3C[C@@H]2C1,ODH,20.8,0.8,16.64,train,11.86253,12.594309,13.248859
2257,ODH_charity_0616:row:2257,12412,CC(C)C[C@](N)(C\C=C\c1ccccc1)C(=O)OC(C)(C)C,ODH,10.1,0.5,5.05,train,3.9874752,4.3612723,4.7879205
3797,ODH_charity_0616:row:3797,21028,C[C@H](\C=C\c1ccccc1)[C@@](C)(N)C(=O)OC(C)(C)C,ODH,6.0,1.0,6.0,train,5.524532,6.0612273,6.571813
3849,ODH_charity_0616:row:3849,21214,CC[C@H](C#C[Si](C(C)C)(C(C)C)C(C)C)c1ccc2OCOc2c1,ODH,6.1,1.0,6.1,train,3.7387474,4.8076735,5.97894
2957,ODH_charity_0616:row:2957,16311,CCCC[C@H]1C[C@@H](O)c2ccccc2O1,ODH,24.162,0.5,12.081,train,12.655218,13.153935,13.670456
1844,ODH_charity_0616:row:1844,10336,NC1=C(C#N)[C@@H](c2ccc3OCOc3c2)c4cc5OCOc5cc4O1,ODH,18.2,0.7,12.74,train,13.434916,13.818779,14.3082285
1043,ODH_charity_0616:row:1043,6131,O[C@@H](C[N+]([O-])=O)c1cccc(c1)[N+]([O-])=O,ODH,48.262,0.8,38.6096,train,37.202385,38.124535,38.818268
3124,ODH_charity_0616:row:3124,17423,CC[C@H](CO)c1ccccc1,ODH,26.7,0.5,13.35,train,12.809785,13.1863,13.485892
3566,ODH_charity_0616:row:3566,19873,CC(C)[C@@H]1C=Cc2cc(Br)c(Br)cc2[C@H]1O,ODH,49.41,1.0,49.41,train,47.350357,48.43814,49.46609
117,ODH_charity_0616:row:117,668,C[C@H](CC(=O)C1CCCCC1)[S](=O)(=O)c2ccc(C)cc2,ODH,7.8,1.0,7.8,train,7.8316236,8.41871,9.034907
707,ODH_charity_0616:row:707,4082,FC(F)(F)C[C@]1(CCCN1C(=O)Nc2cccc(c2)C(F)(F)F)c3ccccc3,ODH,15.04,0.5,7.52,train,7.4877954,8.229774,8.860312
3314,ODH_charity_0616:row:3314,18466,IC[C@@]1(CCc2ccccc2)COc3ccccc13,ODH,37.4,0.5,18.7,train,17.151154,17.709227,18.171574
2889,ODH_charity_0616:row:2889,15923,C[C@]1(CC=C)N[S](=O)(=O)c2ccccc12,ODH,21.9,0.8,17.52,train,17.00769,17.390522,17.742596
3270,ODH_charity_0616:row:3270,18255,COc1ccc(/C=C/C(=O)[C@H](C(C(=O)c2ccccc2)C(=O)c3ccccc3)c4ccccc4)cc1,ODH,24.0,0.75,18.0,train,18.323818,19.094795,19.73944
2562,ODH_charity_0616:row:2562,14059,COC(=O)[C@H](Cc1ccccc1C)NC(=O)c2ccccc2OC,ODH,18.5,0.8,14.8,train,14.82174,15.391636,15.996161
2120,ODH_charity_0616:row:2120,11693,Fc1ccccc1[C@H]2CCc3ccccc3N2,ODH,15.12,0.6,9.072,train,8.916894,9.367168,9.77794
1207,ODH_charity_0616:row:1207,7107,CCCC[C@]1(COc2ccccc12)CC3CC3,ODH,10.5,0.5,5.25,train,6.1115103,6.5614524,7.0299826
3883,ODH_charity_0616:row:3883,21341,FC(F)(F)c1cccc(\C=C\[C@@H]2COc3ccccc3O2)c1,ODH,5.94,1.0,5.94,train,5.9811873,6.379204,6.876518
3830,ODH_charity_0616:row:3830,21156,Cc1ccc(cc1)N2N=C(C)[C@](C\C=C\c3ccccc3)(Cc4ccccc4F)C2=O,ODH,5.603,1.0,5.603,train,6.132896,6.874839,7.5538597
2423,ODH_charity_0616:row:2423,13336,N[C@H](C(=[N+]=[N-])C(=O)c1ccc(Cl)cc1)C(F)(F)F,ODH,15.231,1.0,15.231,train,14.538507,15.153604,15.692964
1139,ODH_charity_0616:row:1139,6730,CC[C@@H](O)[C@H](N1CCCC1)c2ccccc2,ODH,10.1,0.7,7.07,train,6.8552756,7.3679,7.773449
2661,ODH_charity_0616:row:2661,14654,C[C@@H](C#Cc1ccccc1)c2ccc3Sc4ccccc4C(=O)Cc3c2,ODH,16.74,0.7,11.718,train,12.847633,13.441077,14.078983
3271,ODH_charity_0616:row:3271,18256,COc1ccc(/C=C/C(=O)[C@@H](C(C(=O)c2ccccc2)C(=O)c3ccccc3)c4ccccc4)cc1,ODH,29.0,0.75,21.75,train,21.391846,22.237831,23.007189
2059,ODH_charity_0616:row:2059,11452,CC(C)(C)OC(=O)[C@@](C)(N)C\C=C\c1ccc(F)cc1,ODH,11.8,0.5,5.9,train,5.9033227,6.276326,6.6772647
894,ODH_charity_0616:row:894,5062,COc1ccc2N[C@@H](C)Cc2c1,ODH,12.1,0.8,9.68,train,9.805279,10.175884,10.540913
78,ODH_charity_0616:row:78,458,C[C@@H](CC(=O)NC(C)(C)c1ccccn1)c2ccc(Cl)cc2,ODH,6.8,1.0,6.8,train,6.862019,7.092512,7.319928
2255,ODH_charity_0616:row:2255,12410,CC(C)C[C@](N)(C\C=C\c1ccccc1)C(=O)OC(C)(C)C,ODH,10.1,0.5,5.05,train,3.910365,4.2967353,4.732798
3298,ODH_charity_0616:row:3298,18397,OC[C@@]1(COCCCS1)CC(=O)NCc2ccccc2,ODH,29.6,1.0,29.6,train,28.02279,28.81754,29.431604
1669,ODH_charity_0616:row:1669,9433,C[C@@]1(COc2ccccc12)CC#Cc3ccccc3Cl,ODH,13.1,0.5,6.55,train,6.8117986,7.3070536,7.7875896
2858,ODH_charity_0616:row:2858,15829,FC(F)(F)c1ccc(cc1)[C@@H]2CCCC(=O)C2,ODH,23.1,0.5,11.55,train,12.026053,12.402731,12.820655
2636,ODH_charity_0616:row:2636,14476,COc1ccc(cc1)[C@@H]2c3cc4OCOc4cc3OC(=C2[S](=O)(=O)c5ccc(C)cc5)N,ODH,19.1,0.7,13.37,train,13.77587,14.296695,14.755302
1939,ODH_charity_0616:row:1939,10757,O[C@@H]/1CCCC1=C/c2ccccc2Br,ODH,10.1,0.8,8.08,train,8.5470705,8.903521,9.289759
696,ODH_charity_0616:row:696,3959,O[C@H]1CCSc2ccccc12,ODH,18.4,1.0,18.4,train,18.106329,18.590843,18.992598
2012,ODH_charity_0616:row:2012,11227,C1Oc2ccccc2[C@@]1(CC#Cc3ccccc3)Cc4ccccc4,ODH,14.6,0.5,7.3,train,7.5916014,8.121308,8.681284
3564,ODH_charity_0616:row:3564,19869,COc1ccc(cc1OC)[C@@H](C)O,ODH,36.55,1.0,36.55,train,34.468967,35.252556,35.951317
2688,ODH_charity_0616:row:2688,14870,Cc1ccc(cc1)[C@@H]2Cc3ccccc3C(=O)C(=N2)c4cc(F)ccc4O,ODH,21.1,0.7,14.77,train,14.786444,15.467783,16.072113
1019,ODH_charity_0616:row:1019,5921,COC(=O)C[C@H](C#N)c1ccc(cc1)c2ccccc2,ODH,36.1,1.0,36.1,train,34.737465,35.50329,36.28814
541,ODH_charity_0616:row:541,3233,Clc1cccc(c1)[C@H]2COc3ccccc3N2,ODH,15.3,1.0,15.3,train,14.893959,15.420899,15.911827
3774,ODH_charity_0616:row:3774,20948,CC[C@@H]1CCC(=N1)c2ccccc2,ODH,11.2,1.0,11.2,train,10.546207,10.823385,11.243095
1963,ODH_charity_0616:row:1963,10972,OC[C@@]1(COCCO1)\C=C\c2ccccc2,ODH,14.3,1.0,14.3,train,14.121287,14.616465,14.9876175
59,ODH_charity_0616:row:59,407,C[C@H]1CCc2cc(F)ccc2N1,ODH,6.3,1.0,6.3,train,5.6906667,6.0884967,6.4087973
4468,ODH_charity_0616:row:4468,23861,CCC(=C)C[C@]1(C)CC(=NO1)c2ccccc2,ODH,8.12,0.8,6.496,train,6.3162465,6.621364,6.8732314
41,ODH_charity_0616:row:41,285,CC(C)(NC(=O)C[C@H]1CCOc2cc(Cl)ccc12)c3ccccn3,ODH,5.7,1.0,5.7,train,5.777371,6.1830254,6.6396747
710,ODH_charity_0616:row:710,4098,COc1ccc2[C@H](O)CCc2c1,ODH,21.8,1.0,21.8,train,21.79557,22.448486,23.048426
3590,ODH_charity_0616:row:3590,20019,COc1ccc(cc1)[C@H](C)COC=O,ODH,41.3,0.5,20.65,train,20.798847,21.488842,22.1333
4350,ODH_charity_0616:row:4350,23421,CCCC[C@@](NC(=O)c1ccccc1)(C(=O)NCCC(=O)OC)C(=O)OCc2ccccc2,ODH,11.1,1.0,11.1,train,10.5124035,11.10123,11.6244955
1571,ODH_charity_0616:row:1571,8931,COC(=O)[C@@H](F)/C=C/c1ccc(COC(C)=O)cc1,ODH,12.1,1.0,12.1,train,12.148788,12.6112,13.012273
4060,ODH_charity_0616:row:4060,22133,Cc1ccc(cc1)[C@@H](Oc2ccccc2)C(=O)OCc3ccccc3,ODH,6.5,1.0,6.5,train,5.459566,6.0568485,6.6079154
3589,ODH_charity_0616:row:3589,20018,COc1ccc(cc1)[C@@H](C)COC=O,ODH,39.6,0.5,19.8,train,20.351618,20.999987,21.651237
851,ODH_charity_0616:row:851,4853,CC(C)=CCC[C@@H]1CCc2ccccc2N1,ODH,23.5,0.5,11.75,train,10.561843,11.096954,11.655928
3207,ODH_charity_0616:row:3207,17996,CCO[P](=O)(OCC)[C@]12CC(=CC(=O)N1[S](=O)(=O)Oc3ccc(C)cc23)c4ccccc4,ODH,28.0,0.8,22.4,train,21.662945,22.474648,23.205332
2767,ODH_charity_0616:row:2767,15348,COc1ccc(cc1)[S](=O)(=O)N/C(c2ccccc2)=C/3[C@@H](O)C[C@H]([C@@H]3c4ccccc4)c5ccc(Br)cc5,ODH,19.2,0.6,11.52,train,11.520665,12.273055,12.91977
2718,ODH_charity_0616:row:2718,15011,Cc1cc2C[C@@H](\C=C\c3ccccc3)N(c2cc1C)[S](=O)(=O)C(F)(F)F,ODH,13.3,0.5,6.65,train,6.209243,6.572578,6.9383726
3983,ODH_charity_0616:row:3983,21799,CCOC(=O)N1N(C(C)=O)[C@@](C)(C=C1c2ccccc2)c3ccccc3,ODH,10.04,1.0,10.04,train,9.492034,10.009806,10.585586
1385,ODH_charity_0616:row:1385,8007,CCCOC(=O)[C@H]1[C@H](c2ccccc2)c3ccccc3OC1=O,ODH,12.5,0.7,8.75,train,7.8813176,8.364009,8.758056
3626,ODH_charity_0616:row:3626,20188,CCCCC[C@H]1CCC(=N1)c2ccccc2,ODH,4.7,1.0,4.7,train,4.346056,4.704344,5.0346947
2829,ODH_charity_0616:row:2829,15683,COc1cccc(c1)[C@@H](O)C(O)=O,ODH,21.48,0.8,17.184,train,16.451849,17.125956,17.71629
4796,ODH_charity_0616:row:4796,25112,CCC/C=C/C[C@]1(C)CCc2ccccc12,ODH,9.3,0.5,4.65,train,4.520417,4.826997,5.1617537
1660,ODH_charity_0616:row:1660,9401,Cc1ccc(cc1)[C@](C)(CC(=C)c2ccccc2)C=O,ODH,10.551,1.0,10.551,train,10.480254,10.896648,11.39887
4701,ODH_charity_0616:row:4701,24691,CCc1ccc(cc1)C2=NO[C@@](C)(CC(C)=C)C2,ODH,8.0,0.6,4.8,train,4.5003915,4.7512236,5.0563545
2746,ODH_charity_0616:row:2746,15183,CC(C)(C)OC(=O)[C@@](C)(N)C\C=C\c1ccc(cc1)[N+]([O-])=O,ODH,11.0,0.5,5.5,train,5.2572584,5.53442,5.8849673
3108,ODH_charity_0616:row:3108,17314,C\C(=C/C(=O)[C@@H](CCc1ccccc1)C(C(=O)c2ccccc2)C(=O)c3ccccc3)c4ccccc4,ODH,23.8,0.6,14.28,train,14.858456,15.727024,16.47105
3311,ODH_charity_0616:row:3311,18444,O[C@@H](C(O)=O)c1ccccc1,ODH,29.84,0.8,23.872,train,23.202368,23.683474,24.12549
4675,ODH_charity_0616:row:4675,24585,FC(F)(F)c1ccc(cc1)C2=C(C[C@@H](O2)C=C)C#N,ODH,10.72,1.0,10.72,train,10.250294,10.758719,11.253718
619,ODH_charity_0616:row:619,3607,COC(=O)[C@H]1COc2ccc(Br)cc2O1,ODH,12.1,1.0,12.1,train,11.573579,12.237726,12.823949
4033,ODH_charity_0616:row:4033,22013,O=C(OCc1ccccc1)[C@H](Oc2ccccc2)c3ccccc3,ODH,6.3,1.0,6.3,train,6.691199,7.283845,7.8243713
3856,ODH_charity_0616:row:3856,21246,CC(C)(C)C(=O)OC[C@]1(CCSC1)Cc2ccccc2,ODH,5.2,1.0,5.2,train,4.201885,4.514539,4.754665
2563,ODH_charity_0616:row:2563,14060,Cc1cc(C)cc(c1)[P@@](=O)(CC(=C)C(=O)OCc2ccccc2)c3c(C)cc(C)cc3C,ODH,13.9,0.6,8.34,train,7.7921634,8.286843,8.712509
1871,ODH_charity_0616:row:1871,10432,COc1ccccc1N2[C@H](COC2=O)C=C,ODH,16.1,0.8,12.88,train,12.59552,13.006034,13.412725
4776,ODH_charity_0616:row:4776,25031,CC[C@]1(N(c2cc(C)ccc2C1=C)[S](=O)(=O)C(F)(F)F)c3ccccc3,ODH,9.27,0.5,4.635,train,4.218084,4.660602,5.043284
906,ODH_charity_0616:row:906,5123,O[C@@H](C[N+]([O-])=O)c1ccc(Br)cc1,ODH,33.99,0.8,27.192,train,25.290014,26.062462,26.696976
4904,ODH_charity_0616:row:4904,25522,CCCCC[C@@H](C=C)n1ccc2ccc(OC)cc12,ODH,9.7,1.0,9.7,train,8.885699,9.364571,9.844269
3699,ODH_charity_0616:row:3699,20551,O[C@@H]1CC[C@]12O[C@H]2c3ccccc3,ODH,35.793,0.8,28.6344,train,28.01371,28.812315,29.457739
4366,ODH_charity_0616:row:4366,23476,Cc1cccc(c1)[C@]2(CC#C)CC(=C)OC2=O,ODH,9.2,1.0,9.2,train,9.371462,9.832926,10.279613
3442,ODH_charity_0616:row:3442,19137,COc1cc(ccc1Oc2cccc(F)n2)[C@@H](C)C#Cc3ccc(cc3)C#N,ODH,38.2,0.8,30.56,train,28.393135,29.208998,30.012339
3129,ODH_charity_0616:row:3129,17489,O[C@@H](c1ccc2ccccc2c1)C(=O)c3ccc4ccccc4c3,ODH,26.12,1.0,26.12,train,25.449587,26.522774,27.39962
1523,ODH_charity_0616:row:1523,8615,C[C@]1(O)C[C@H](C[C@@H](O)C1(C)C)c2ccccc2,ODH,17.1,0.8,13.68,train,13.209642,13.422067,13.710429
3363,ODH_charity_0616:row:3363,18725,C=C[C@@H](CCCOCc1ccccc1)c2n3ccccc3cc2c4ccccc4,ODH,47.152,1.0,47.152,train,43.676933,45.0028,46.142952
3777,ODH_charity_0616:row:3777,20951,CCC[C@H]1CCC(=N1)c2ccccc2,ODH,5.2,1.0,5.2,train,5.492201,5.8321137,6.1498117
3985,ODH_charity_0616:row:3985,21809,C=CCOC(=O)[C@@H]1C[C@@H]2CCCC[C@@H]2N1,ODH,5.145,1.0,5.145,train,5.038747,5.6079173,6.122092
2984,ODH_charity_0616:row:2984,16488,COC(=O)[C@@](C)(N)[C@H](C=C)c1cc(Cl)cc(Cl)c1,ODH,19.9,0.3,5.97,train,6.0509915,6.54099,7.030823
1429,ODH_charity_0616:row:1429,8250,CCOC(=O)[C@@H](CC(=O)c1ccc(C)cc1)C(=C)C(C)=O,ODH,11.5,1.0,11.5,train,11.2088175,11.654511,12.1019
1403,ODH_charity_0616:row:1403,8085,CCC[C@@H](C=C)c1n2ccccc2c(c3ccccc3)c1c4ccccc4,ODH,11.326,1.0,11.326,train,11.199273,11.885517,12.550846
3248,ODH_charity_0616:row:3248,18154,CCC[C@H](C=C)N(C)c1ccccc1,ODH,30.749,0.3,9.2247,train,9.086078,9.366192,9.729448
1991,ODH_charity_0616:row:1991,11065,CC(C)C[C@@H](C=C)c1c[nH]c2ccccc12,ODH,14.4,1.0,14.4,train,13.992469,14.491615,14.911251
4228,ODH_charity_0616:row:4228,22855,CC1(C)CCC[C@H]1NC(=O)c2ccccc2,ODH,7.2,0.8,5.76,train,6.1141763,6.3942833,6.6898427
4127,ODH_charity_0616:row:4127,22357,CCOc1ccc2nc(SC[C@H](CN(Cc3ccccc3)Cc4ccccc4)c5ccccc5)sc2c1,ODH,6.3,1.0,6.3,train,6.15726,6.8903937,7.586832
4550,ODH_charity_0616:row:4550,24129,C[C@H](N[S](=O)(=O)C(C)(C)C)c1ccccc1C,ODH,8.4,1.0,8.4,train,7.746266,8.034965,8.322379
2507,ODH_charity_0616:row:2507,13829,COc1cccc(c1)C#CC[C@]2(C)COc3ccccc23,ODH,18.1,0.5,9.05,train,9.198793,9.686098,10.214156
3478,ODH_charity_0616:row:3478,19261,COc1cccc(c1)C(=O)NN[C@H](C)c2ccccc2,ODH,33.531,1.0,33.531,train,31.086704,31.89384,32.59373
3633,ODH_charity_0616:row:3633,20197,C[C@@H](\C=C\c1ccccc1F)[C@@](C)(N)C(=O)OC(C)(C)C,ODH,5.8,1.0,5.8,train,4.711792,5.2568054,5.84616
4029,ODH_charity_0616:row:4029,22007,CCCC(=O)O\C(c1ccccc1)=C\2[C@@H]([C@H](C)C=C2c3ccccc3)c4ccccc4Cl,ODH,6.3,0.7,4.41,train,4.3490295,5.002017,5.642602
1773,ODH_charity_0616:row:1773,9968,CCCC[C@H]1CCc2ccccc2N1,ODH,13.15,0.6,7.89,train,8.1784315,8.621478,9.081197
995,ODH_charity_0616:row:995,5775,C1OC(=N[C@H]1c2ccccc2)c3ccccn3,ODH,41.9,1.0,41.9,train,38.905434,39.819405,40.726288
1339,ODH_charity_0616:row:1339,7732,CC(C)(C)OC(=O)N1OCC[C@@H]1Cc2cccc3ccccc23,ODH,9.715,0.8,7.772,train,7.1918693,7.5839424,8.051575
387,ODH_charity_0616:row:387,2126,Cc1ccccc1[S@@](=O)c2ccccn2,ODH,11.7,0.8,9.36,train,9.884287,10.281086,10.705777
2017,ODH_charity_0616:row:2017,11267,CCC[C@@H](Nc1ccc(Cl)cc1)C(=C)CC,ODH,13.079,1.0,13.079,train,13.972272,14.515425,15.079949
2165,ODH_charity_0616:row:2165,11975,COC(=O)[C@@H]1CCCc2ccccc12,ODH,16.6,0.4,6.64,train,6.8086514,7.100832,7.3860235
2998,ODH_charity_0616:row:2998,16545,CCc1ccc(cc1)[C@H](C)COC=O,ODH,25.6,0.5,12.8,train,12.473512,13.041304,13.545734
901,ODH_charity_0616:row:901,5096,O=C1OCC[C@@H]1Cc2ccccc2,ODH,25.4,0.5,12.7,train,12.640221,13.058121,13.414596
1703,ODH_charity_0616:row:1703,9609,O[C@H]/1CCCC1=C/c2ccccc2F,ODH,12.8,0.8,10.24,train,9.692455,10.166638,10.546842
1596,ODH_charity_0616:row:1596,9067,CCOC(=O)[C@@]1(O[C@H](OC(=C[C@H]1c2ccccc2)C(=O)OCc3ccccc3)c4ccccc4)c5ccccc5,ODH,14.06,1.0,14.06,train,13.807384,14.812178,15.594432
2787,ODH_charity_0616:row:2787,15412,OC[C@@H]1COC(CC=C)(CC=C)c2ccccc2O1,ODH,19.5,1.0,19.5,train,19.006021,19.636658,20.150633
1825,ODH_charity_0616:row:1825,10211,CCOC(=O)C1=C(C)OC(=O)C[C@H]1c2ccc(F)cc2,ODH,7.4,0.7,5.18,train,5.8010106,6.186194,6.439013
4921,ODH_charity_0616:row:4921,25601,COc1ccc2C(=O)N(C[C@H](C=C)N(c2c1)[S](C)(=O)=O)[S](=O)(=O)c3ccc(C)cc3,ODH,9.79,1.0,9.79,train,9.916,10.624675,11.342339
536,ODH_charity_0616:row:536,3159,COc1ccc(cc1OC)[C@@H]2CC(=O)N2C(C)(C)c3ccccn3,ODH,15.0,1.0,15.0,train,15.106302,15.654694,16.189735
4557,ODH_charity_0616:row:4557,24153,O=C(O[C@H](C(=O)c1ccccc1)c2ccccc2)c3ccccc3,ODH,9.8,0.8,7.84,train,7.389189,7.9517574,8.337333
2606,ODH_charity_0616:row:2606,14241,Fc1cccc2c1N(Cc3ccccc3)C(=O)[C@@]24OC(=O)c5cccc6ccn4c56,ODH,18.8,0.8,15.04,train,14.476692,15.119841,15.6321125
1733,ODH_charity_0616:row:1733,9731,CC1(C)CO[C@@](C)(CO)CO1,ODH,15.0,1.0,15.0,train,14.384,14.670879,14.932918
3494,ODH_charity_0616:row:3494,19379,C[C@@H]1CN([C@@H]2Cc3ccccc3[C@H]12)C(C)=O,ODH,29.15,0.5,14.575,train,13.603602,14.0166645,14.53223
2376,ODH_charity_0616:row:2376,13121,C[C@@H](O)[C@H](N1CCCC1)c2cccc3ccccc23,ODH,17.01,1.0,17.01,train,16.64837,17.332458,18.030012
2686,ODH_charity_0616:row:2686,14868,Oc1ccccc1C2=N[C@@H](Cc3ccccc3C2=O)c4ccc(Cl)cc4,ODH,21.0,0.7,14.7,train,15.149669,15.683906,16.254654
2022,ODH_charity_0616:row:2022,11281,CCC[C@H](Nc1ccccc1OC)C(=C)CC,ODH,14.694,1.0,14.694,train,13.411844,14.025131,14.617236
2053,ODH_charity_0616:row:2053,11436,CC(C)(C)OC(=O)C(C)(C)C[C@@H](\C=C/Cn1c2ccccc2c3ccccc13)c4ccccc4,ODH,25.26,0.5,12.63,train,9.265742,10.016682,10.662564
2057,ODH_charity_0616:row:2057,11445,O[C@@H]/1CCC1=C/c2cccc3ccccc23,ODH,12.732,0.8,10.1856,train,9.579287,10.086853,10.5343275
2082,ODH_charity_0616:row:2082,11513,C[C@@H](O)c1ccccc1Br,ODH,13.51,1.0,13.51,train,12.990514,13.375785,13.792721
4962,ODH_charity_0616:row:4962,25825,CCOC(=O)[C@@]1(N[S](=O)(=O)c2ccccc12)C#Cc3ccc(cc3)C#N,ODH,96.5,0.5,48.25,train,46.69686,47.91999,48.940475
381,ODH_charity_0616:row:381,2058,CC(C)[C@H]1Nc2ccccc2NC1=O,ODH,16.0,1.0,16.0,train,15.044506,15.456128,15.833114
968,ODH_charity_0616:row:968,5570,Cn1ccnc1C(=O)[C@H](F)c2ccccc2,ODH,30.3,1.0,30.3,train,30.455256,31.295662,31.995594
3941,ODH_charity_0616:row:3941,21592,OC[C@H](O)c1ccc(Cl)cc1,ODH,55.0,1.0,55.0,train,53.71804,54.74278,55.537937
2668,ODH_charity_0616:row:2668,14705,COc1ccc(N[C@H](C)C=C)cc1,ODH,20.686,0.5,10.343,train,9.823436,10.09347,10.401454
4561,ODH_charity_0616:row:4561,24199,CC[C@@]1(N(c2cc(C)c(C)cc2C1=C)[S](=O)(=O)C(F)(F)F)c3ccccc3,ODH,7.85,0.5,3.925,train,3.4257846,3.8732314,4.3014197
1506,ODH_charity_0616:row:1506,8531,CCC[C@H](Nc1ccc(Br)cc1)C(=C)CC,ODH,11.725,1.0,11.725,train,11.075505,11.662612,12.241737
3018,ODH_charity_0616:row:3018,16704,Cc1ccc(cc1)\C=C\C2=CC(=O)O[C@](C2)(c3ccccc3)C(F)(F)F,ODH,33.1,0.75,24.825,train,22.845785,23.567888,24.251272
2390,ODH_charity_0616:row:2390,13177,CCCCCCCCC[C@H]1C=CCN(N1C(=O)OC(C)(C)C)C(=O)Nc2ccc(OC)cc2,ODH,15.6,0.5,7.8,train,7.0789185,7.731897,8.322491
872,ODH_charity_0616:row:872,4957,OC[C@@H]1[C@H](C[C@H]1c2cc3CC=CCc3n2CC=C)c4ccccc4,ODH,14.7,1.0,14.7,train,14.352862,14.971491,15.582467
4494,ODH_charity_0616:row:4494,23956,CN1C[C@@H](CO)Oc2ccccc12,ODH,8.234,1.0,8.234,train,7.8977814,8.226826,8.499349
4371,ODH_charity_0616:row:4371,23486,COc1ccc(cc1)[C@](C)(C\C=C\C=C\c2ccccc2)C=O,ODH,8.654,1.0,8.654,train,8.903567,9.333241,9.762276
4488,ODH_charity_0616:row:4488,23940,CCC(=C)[C@@H](C)NCc1ccccc1,ODH,7.293,0.8,5.8344,train,6.265925,6.495864,6.7335644
4676,ODH_charity_0616:row:4676,24586,FC(F)(F)c1ccc(cc1)C2=C(C[C@H](O2)C=C)C#N,ODH,8.878,1.0,8.878,train,8.954866,9.429994,9.879216
2764,ODH_charity_0616:row:2764,15297,CC(C)(C)OC(=O)[C@](C)(N)C\C=C\c1ccc2OCOc2c1,ODH,20.7,0.5,10.35,train,10.381811,10.620885,10.939306
608,ODH_charity_0616:row:608,3499,O=C1Nc2ccccc2N[C@@H]1c3sccc3,ODH,23.2,1.0,23.2,train,21.803541,22.44361,23.118238
1942,ODH_charity_0616:row:1942,10785,Cc1ccccc1[C@@]2(CC#C)CC(=C)OC2=O,ODH,14.1,1.0,14.1,train,14.088354,14.687066,15.248436
112,ODH_charity_0616:row:112,621,CC(C)(C)c1cccc(c1)C2=NO[C@](C2)(CC(F)(F)F)c3ccccc3,ODH,7.16,0.8,5.728,train,5.678126,5.959473,6.2530675
54,ODH_charity_0616:row:54,402,Cc1ccc(CO[C@H](NC(=O)c2ccccc2)c3ccccc3CCCC(F)(F)F)cc1,ODH,7.59,1.0,7.59,train,7.059749,7.702135,8.302254
1226,ODH_charity_0616:row:1226,7194,COc1ccc(cc1)[C@@H]2C[C@@H](Oc3ccccc23)Sc4ccccc4,ODH,10.1,1.0,10.1,train,10.108776,10.553142,11.081955
446,ODH_charity_0616:row:446,2434,C=CCO[C@@H](\C=C\c1ccccc1)c2ccccc2,ODH,12.63,0.5,6.315,train,5.974615,6.3203998,6.6475663
2785,ODH_charity_0616:row:2785,15410,O=C1[C@H](Cc2occc2)Oc3ccccc3N1Cc4ccccc4,ODH,19.1,0.5,9.55,train,9.080261,9.474445,9.936858
3826,ODH_charity_0616:row:3826,21146,CC[C@@](N)([C@@H](C)\C=C\c1ccccc1)C(=O)OC(C)(C)C,ODH,5.1,1.0,5.1,train,3.7934568,4.3443327,4.893056
3749,ODH_charity_0616:row:3749,20850,OC[C@@H](O)c1ccc(F)cc1,ODH,55.9,1.0,55.9,train,54.729866,55.922802,56.68512
3993,ODH_charity_0616:row:3993,21838,CN1CCc2ccccc2[C@@H]1c3ccccc3,ODH,6.1,0.7,4.27,train,4.2820415,4.617097,4.939613
4928,ODH_charity_0616:row:4928,25627,Clc1ccc2sc(SC[C@@H](CN(Cc3ccccc3)C(c4ccccc4)c5ccccc5)OCc6ccccc6)nc2c1,ODH,12.3,1.0,12.3,train,11.420231,12.264167,13.0720005
256,ODH_charity_0616:row:256,1451,CC1(C)CC[C@@H](O)c2ccccc12,ODH,10.8,1.0,10.8,train,10.700812,11.013954,11.3818245
1072,ODH_charity_0616:row:1072,6268,Cc1ccc(cc1)[S](=O)(=O)N[C@@H](\C=C\c2ccccc2)c3ccccc3,ODH,47.897,0.5,23.9485,train,23.336718,24.062086,24.64392
1983,ODH_charity_0616:row:1983,11044,CC(C)(C)OC(=O)[C@](C)(N)C\C=C\c1ccc(cc1)C(F)(F)F,ODH,14.4,0.5,7.2,train,6.7644796,7.099943,7.5806847
2450,ODH_charity_0616:row:2450,13517,CC[C@@H](C#Cc1cscc1)c2ccccc2,ODH,19.77,0.7,13.839,train,13.164567,13.915737,14.58577
2796,ODH_charity_0616:row:2796,15499,Fc1ccc(CC[C@@H]2Nc3ccccc3C[C@@H]2N4C(=O)c5ccccc5C4=O)cc1,ODH,41.2,0.7,28.84,train,27.456049,28.564608,29.42838
4852,ODH_charity_0616:row:4852,25297,CC1(C)OB(OC1(C)C)[C@@H](Cc2cccc(F)c2)N3CCOC3=O,ODH,8.1,1.0,8.1,train,7.5521603,7.9779577,8.418417
2880,ODH_charity_0616:row:2880,15898,CCOC(=O)[C@]1(N[S](=O)(=O)c2ccc(cc12)C(C)C)C#Cc3ccccc3,ODH,21.8,0.5,10.9,train,11.266832,11.835128,12.317017
40,ODH_charity_0616:row:40,284,CC(C)(NC(=O)C[C@@H]1CCOc2cc(Cl)ccc12)c3ccccn3,ODH,6.8,1.0,6.8,train,6.999723,7.3190794,7.7360697
3689,ODH_charity_0616:row:3689,20522,OC[C@@H]1COCCCO1,ODH,45.2,1.0,45.2,train,44.154205,44.95498,45.58773
1268,ODH_charity_0616:row:1268,7360,O=C1CC[C@](O1)(C(=O)OC(c2ccccc2)c3ccccc3)c4ccccc4,ODH,30.9,0.75,23.175,train,20.780817,21.737143,22.465944
1036,ODH_charity_0616:row:1036,6091,C[C@@H](CC(=O)NC(C)(C)c1ccc(C)cn1)c2ccc(cc2)C(C)=O,ODH,36.4,0.6,21.84,train,21.29618,21.902384,22.603834
4309,ODH_charity_0616:row:4309,23184,COC(=O)[C@H]1[C@H]([C@@H]([C@H]2N1CCc3ccccc23)C(=O)n4nc(C)cc4C)c5sccc5,ODH,6.256,1.0,6.256,train,5.7142406,6.1999426,6.6901317
3414,ODH_charity_0616:row:3414,18967,CCO[P](=O)(OCC)[C@@]12CC(=CC(=O)N1[S](=O)(=O)c3ccccc23)c4ccc(C)cc4,ODH,22.6,0.8,18.08,train,18.123308,18.851461,19.459696
4076,ODH_charity_0616:row:4076,22189,CC[Si](CC)(CC)C[C@](C)(c1ccccc1)c2ccc(cc2)c3ccccc3,ODH,8.46,0.6,5.076,train,4.883053,5.4223647,5.906606
1951,ODH_charity_0616:row:1951,10877,COc1ccc(cc1)[C@@H]2Cc3ccccc3[C@H](N2)c4ccc(OC)cc4,ODH,14.2,1.0,14.2,train,14.558345,15.127826,15.717554
3360,ODH_charity_0616:row:3360,18691,Cc1ccc(cc1)[C@H](C[N+]([O-])=O)c2ccc(Cl)cc2,ODH,20.5,1.5,30.75,train,29.484005,30.2975,30.847605
4783,ODH_charity_0616:row:4783,25053,Oc1ccccc1[C@@H](OCCOC(=O)c2ccccc2)c3ccccc3,ODH,9.3,1.0,9.3,train,9.258868,9.931344,10.386088
1497,ODH_charity_0616:row:1497,8490,C[C@H]1Cc2ccccc2N1,ODH,12.8,0.8,10.24,train,8.710837,9.187761,9.622232
3077,ODH_charity_0616:row:3077,17117,C[C@](CO)(c1ccccc1)c2ccc3occc3c2,ODH,24.98,0.6,14.988,train,14.440286,15.068793,15.649492
4854,ODH_charity_0616:row:4854,25302,CC1(C)OB(OC1(C)C)[C@@H](Cc2ccc(Br)cc2)N3CCOC3=O,ODH,8.3,1.0,8.3,train,7.424326,7.7877145,8.24239
233,ODH_charity_0616:row:233,1342,C[C@H]1Nc2cc(C)c(C)cc2NC1=O,ODH,11.9,1.0,11.9,train,11.163643,11.54584,12.005524
403,ODH_charity_0616:row:403,2200,CC[C@@H](C#Cc1sccc1)c2ccccc2,ODH,12.84,1.0,12.84,train,10.0932865,10.701364,11.232251
3921,ODH_charity_0616:row:3921,21513,C[C@@H](O)C1=CC=C2C=CC=CC2=C1,ODH,50.52,1.0,50.52,train,48.99975,50.011707,50.937572
1882,ODH_charity_0616:row:1882,10518,C[C@H]1Nc2ccccc2Oc3c(Br)cccc13,ODH,13.8,0.8,11.04,train,10.554858,11.069381,11.55533
3884,ODH_charity_0616:row:3884,21342,CCCCOC[C@@H](C(=O)c1ccccc1)c2ccccc2,ODH,5.43,1.0,5.43,train,6.0201793,6.5420117,6.886788
2357,ODH_charity_0616:row:2357,13030,COC(=O)[C@H](Oc1ccccc1)c2ccccc2,ODH,7.1,1.0,7.1,train,8.406875,8.945561,9.42305
3042,ODH_charity_0616:row:3042,16892,O=C1OC[C@@]2(CC=CCN12)c3ccccc3,ODH,24.3,0.8,19.44,train,19.122301,19.597311,19.989054
1433,ODH_charity_0616:row:1433,8277,C(Cc1ccccc1)[C@H]2Cc3ccccc3N2,ODH,11.5,0.8,9.2,train,8.666023,9.051066,9.452238
884,ODH_charity_0616:row:884,5035,O=C1CCCC2=C1CC[C@@H](Cc3ccccc3)N2,ODH,22.2,1.0,22.2,train,22.263924,23.168182,23.938019
895,ODH_charity_0616:row:895,5063,COc1ccc2N[C@H](C)Cc2c1,ODH,25.1,0.8,20.08,train,20.319078,20.912582,21.476152
3093,ODH_charity_0616:row:3093,17205,COc1ccccc1[C@@H](C)O,ODH,25.2,1.0,25.2,train,23.695173,24.20461,24.589289
3031,ODH_charity_0616:row:3031,16808,Fc1cccc2N(Cc3ccccc3)C(=O)[C@H](Cc4ccccc4)Oc12,ODH,21.0,0.5,10.5,train,10.128477,10.522357,10.962092
271,ODH_charity_0616:row:271,1535,Cc1ccc(cc1)[C@H]2Nc3ccccc3OC2=O,ODH,10.0,1.0,10.0,train,9.673759,10.364297,10.99161
1899,ODH_charity_0616:row:1899,10584,FC(F)(F)[C@@]1(Cc2oc3ccccc3c2C(=O)O1)c4ccccc4,ODH,11.6,0.6,6.96,train,6.5105095,7.0741343,7.6075954
4790,ODH_charity_0616:row:4790,25086,CC1(C)OB(OC1(C)C)[C@H](Cc2ccc(F)cc2)N3CCOC3=O,ODH,9.3,1.0,9.3,train,8.239153,8.564878,8.974172
3160,ODH_charity_0616:row:3160,17697,CC[C@H]1C[C@@H](O)c2cc(OC)ccc2O1,ODH,31.238,0.5,15.619,train,15.474269,15.957112,16.385536
2603,ODH_charity_0616:row:2603,14234,O[C@@H]([C@@H](C=C)c1ccccc1)C(=O)c2ccccc2,ODH,15.7,0.5,7.85,train,7.9579396,8.4121065,8.829774
1273,ODH_charity_0616:row:1273,7379,C[C@H](O)c1ccc(Br)cc1,ODH,10.71,1.0,10.71,train,10.144076,10.46719,10.791087
3562,ODH_charity_0616:row:3562,19864,CCCCC[C@H](C=C)c1c[nH]c2ccc(cc12)c3ccccc3,ODH,40.4,1.0,40.4,train,38.50058,39.71485,40.83221
163,ODH_charity_0616:row:163,963,CC(C)OC(=O)[C@@H](O)c1sccc1,ODH,5.9,1.0,5.9,train,5.407293,5.6266055,5.8533955
3313,ODH_charity_0616:row:3313,18454,OC[C@H](O)c1ccccc1Cl,ODH,29.9,1.0,29.9,train,29.84663,30.50161,31.01606
3584,ODH_charity_0616:row:3584,20008,Clc1ccc2O[S](=O)(=O)N[C@H](\C=C\c3ccccc3)c2c1,ODH,32.1,0.8,25.68,train,23.885841,24.621506,25.307692
4688,ODH_charity_0616:row:4688,24638,C[C@@H](N[S](=O)(=O)C(C)(C)C)c1cccc(F)c1,ODH,6.9,1.0,6.9,train,6.5449786,6.852746,7.147603
1593,ODH_charity_0616:row:1593,9060,COc1ccc(C[C@@H](B2OC(C)(C)C(C)(C)O2)N3CCOC3=O)cc1,ODH,12.2,1.0,12.2,train,11.280516,11.595883,12.01035
1762,ODH_charity_0616:row:1762,9895,O[C@@H]/1CCC1=C/c2ccccc2Cl,ODH,8.937,0.8,7.1496,train,7.4313545,7.7716994,8.128059
11,ODH_charity_0616:row:11,124,CCC(CC)(O[Si](C)(C)C(C)(C)C)C#Cc1cc(C)ccc1[S@](=O)c2ccccn2,ODH,4.6,1.0,4.6,train,0.7612739,3.1550856,5.5824213
3550,ODH_charity_0616:row:3550,19772,COC(=O)[C@@]1(OC(=O)c2cc3ccccc3n12)c4ccc(C)cc4,ODH,29.9,0.3,8.97,train,9.022015,9.423012,9.853366
4153,ODH_charity_0616:row:4153,22452,CC(C)(C)[Si](C)(C)O[C@@H]1C[C@@H](CC(=O)C1(C)C)c2ccccc2,ODH,7.5,0.6,4.5,train,1.808114,3.6062531,5.456233
4565,ODH_charity_0616:row:4565,24221,Cc1ccccc1S[C@H]2C[C@@H](c3ccccc3)c4ccccc4O2,ODH,5.9,1.0,5.9,train,6.438822,6.824227,7.182295
3064,ODH_charity_0616:row:3064,17026,CC[C@@H](C=O)[C@H](C[N+]([O-])=O)c1ccccc1,ODH,32.96,0.9,29.664,train,28.342718,29.20066,29.778763
4158,ODH_charity_0616:row:4158,22490,Cc1ccc(cc1)N2N=C(C)[C@@](C\C=C\c3ccccc3)(Cc4ccc(F)cc4)C2=O,ODH,13.877,1.0,13.877,train,13.347665,13.892635,14.42581
2715,ODH_charity_0616:row:2715,14974,Fc1cccc2O[C@H](Cc3ccccc3)C(=O)N(Cc4ccccc4)c12,ODH,20.0,0.5,10.0,train,9.321009,9.778486,10.2634325
220,ODH_charity_0616:row:220,1255,CC(C)[C@@H](C#Cc1ccccc1)c2ccccc2,ODH,10.67,1.0,10.67,train,8.752139,9.135086,9.548349
3905,ODH_charity_0616:row:3905,21422,CCOC(=O)[C@]1(CC(=CC(=O)O1)c2ccccc2)C(F)(F)F,ODH,54.1,0.75,40.575,train,39.303883,40.464973,41.388275
240,ODH_charity_0616:row:240,1392,CC(C)OC(=O)[C@H](CC=O)Cc1ccc(Cl)cc1,ODH,11.8,1.0,11.8,train,12.014141,12.291662,12.640378
920,ODH_charity_0616:row:920,5166,Fc1ccc(NC[C@H]2CCc3ccccc3N2)cc1,ODH,26.1,1.0,26.1,train,25.77201,26.521526,27.200552
4722,ODH_charity_0616:row:4722,24787,COC(=O)[C@@H](F)\C=C\c1ccccc1,ODH,9.0,1.0,9.0,train,9.259393,9.675014,10.0492935
4169,ODH_charity_0616:row:4169,22542,Cc1ccc(cc1)[S](=O)(=O)N2C(=O)[C@@H]([C@H](C=C2c3ccccc3)c4ccccc4)c5cccc6ccccc56,ODH,16.7,0.75,12.525,train,12.02857,12.803674,13.422855
1837,ODH_charity_0616:row:1837,10291,CC(=C)[C@H](CN[S](=O)(=O)c1ccc(C)cc1)CC(=O)c2ccccc2,ODH,10.91,0.8,8.728,train,8.929476,9.346112,9.765102
1758,ODH_charity_0616:row:1758,9856,Cc1ccc(cc1)[C@@H]2CNc3ccccc3N2,ODH,17.7,0.6,10.62,train,9.733161,10.300813,10.871547
2090,ODH_charity_0616:row:2090,11559,C[C@@H](Nc1ccccc1)c2ccccc2,ODH,11.3,0.8,9.04,train,8.734964,9.191285,9.657846
75,ODH_charity_0616:row:75,455,Cc1ccc(c(c1)C#CC2(CCOCC2)O[Si](C)(C)C(C)(C)C)[S@](=O)c3ccccn3,ODH,6.5,1.0,6.5,train,4.0342045,4.99368,5.850664
874,ODH_charity_0616:row:874,4962,CCOC(=O)C[C@H](Sc1ccccc1)c2cccc(OC)c2,ODH,24.2,1.0,24.2,train,24.754208,25.582998,26.31457
624,ODH_charity_0616:row:624,3633,CCOC(OCC)[C@H](N)c1ccc2ccccc2c1,ODH,16.8,0.8,13.44,train,14.580408,15.125871,15.6411705
2810,ODH_charity_0616:row:2810,15563,CO[C@@H](C(=O)OC)c1ccccc1,ODH,10.21,1.0,10.21,train,9.531083,9.93835,10.287215
4879,ODH_charity_0616:row:4879,25425,Fc1ccc2O[C@H]3OCC[C@H]3c2c1,ODH,8.5,1.0,8.5,train,8.224611,8.667325,9.007689
3345,ODH_charity_0616:row:3345,18612,COc1ccc(C[C@@H]2Oc3ccccc3N(Cc4ccccc4)C2=O)cc1,ODH,23.3,0.5,11.65,train,11.014562,11.452026,11.963312
2967,ODH_charity_0616:row:2967,16402,C[C@H](\C=C\c1ccc2ccccc2c1)C#Cc3ccc(cc3)C#N,ODH,23.0,0.5,11.5,train,10.885179,11.425962,12.033025
4470,ODH_charity_0616:row:4470,23867,CCC[C@@H]1[C@H](\C=C\C(=O)OCC)N1[S](=O)(=O)c2ccc(C)cc2,ODH,8.14,0.8,6.512,train,6.148598,6.6839337,7.1820755
1842,ODH_charity_0616:row:1842,10328,CCCCC[C@H](C=C)n1ccc2cccc(OC)c12,ODH,16.1,0.5,8.05,train,7.865758,8.388371,8.917024
3731,ODH_charity_0616:row:3731,20739,FC(F)(F)c1ccc(cc1)[C@@H]2NCCNC2=O,ODH,33.2,1.0,33.2,train,32.33711,33.191895,33.902767
4612,ODH_charity_0616:row:4612,24399,Cc1cc([C@@H](C(=O)OCc2ccccc2)c3ccc(F)cc3)c(C)n1Cc4ccccc4,ODH,8.7,0.7,6.09,train,5.7327003,6.1025224,6.437865
2488,ODH_charity_0616:row:2488,13777,Clc1ccc(cc1)[C@H]2CNc3ccccc3N2,ODH,18.0,0.6,10.8,train,10.695783,11.149907,11.6468315
1538,ODH_charity_0616:row:1538,8716,C1Oc2ccccc2N[C@@H]1c3ccccc3,ODH,11.9,0.7,8.33,train,8.52547,8.899081,9.235918
1359,ODH_charity_0616:row:1359,7837,CC(C)(C)C(=O)OC[C@@]1(CCO[Si](c2ccccc2)(c3ccccc3)C(C)(C)C)CCSC1,ODH,9.6,1.0,9.6,train,8.209712,8.527583,8.896626
3319,ODH_charity_0616:row:3319,18503,CN1CCc2ccccc2[C@H]1c3ccc(Cl)cc3,ODH,4.1,1.0,4.1,train,4.3942037,4.6734757,4.9193363
4245,ODH_charity_0616:row:4245,22921,CC(C)(C)c1ccc(cc1)[P@](=O)(OCc2ccc(I)cc2)c3ccccc3,ODH,7.26,0.8,5.808,train,5.312091,5.7578096,6.2850833
2634,ODH_charity_0616:row:2634,14430,CCOC(=O)[C@]1(CC=C)N[S](=O)(=O)c2ccc(C)cc12,ODH,19.1,0.8,15.28,train,15.068191,15.562072,16.006111
4691,ODH_charity_0616:row:4691,24644,CCCCC[C@@H](C=C)n1ccc2cc(OC)ccc12,ODH,8.9,1.0,8.9,train,8.274584,8.744564,9.219396
4182,ODH_charity_0616:row:4182,22655,O[C@@H]([C@H](C=C)c1ccccc1)C(=O)c2ccc3OCOc3c2,ODH,57.0,0.5,28.5,train,27.602257,28.611212,29.251934
4100,ODH_charity_0616:row:4100,22284,Cc1ccc(cc1)C2(SCCCS2)[C@@H](C=Cc3ccccc3)c4ccccc4,ODH,5.3,1.0,5.3,train,5.2588587,5.728714,6.2130632
2319,ODH_charity_0616:row:2319,12850,CCCCOC(=O)[C@]1(CC=C)N[S](=O)(=O)c2ccccc12,ODH,16.7,0.8,13.36,train,14.002195,14.600128,15.109716
3832,ODH_charity_0616:row:3832,21162,Cc1cccc(c1)[C@@](C)(C\C=C\C=C\c2ccccc2)C=O,ODH,5.623,1.0,5.623,train,5.695993,6.132405,6.5466266
2372,ODH_charity_0616:row:2372,13103,CCOC(=O)N1[C@@H]2C/C(=C/N(c3ccc(OC)cc3)[S](=O)(=O)c4ccc(C)cc4)[C@H](C=C2c5ccccc15)c6ccccc6,ODH,17.0,0.8,13.6,train,14.407556,15.173943,15.842655
4756,ODH_charity_0616:row:4756,24970,COc1ccc2N[C@@H](C)Cc2c1,ODH,9.2,1.0,9.2,train,9.409849,9.7713995,10.138702
2619,ODH_charity_0616:row:2619,14305,CC(C)C[C@@H](C=C)n1ccc2ccccc12,ODH,18.9,1.0,18.9,train,17.907541,18.45299,19.075476
2349,ODH_charity_0616:row:2349,12998,CCC/C=C/C[C@@]1(C)CCOc2cc(C)c(C)cc12,ODH,16.0,0.5,8.0,train,7.681528,8.048361,8.458138
514,ODH_charity_0616:row:514,2997,N[C@@H](c1ccc(Cl)cc1)c2ccccc2O,ODH,11.86,0.7,8.302,train,7.893276,8.266293,8.589594
2188,ODH_charity_0616:row:2188,12100,CC(C)(C)OC(=O)CC[C@@](N)(C\C=C\c1ccccc1)C(=O)OC(C)(C)C,ODH,15.7,0.5,7.85,train,6.378466,7.0632176,7.6432667
1845,ODH_charity_0616:row:1845,10337,NC1=C(C#N)[C@H](c2ccc3OCOc3c2)c4cc5OCOc5cc4O1,ODH,13.6,0.7,9.52,train,9.816151,10.220142,10.680475
3888,ODH_charity_0616:row:3888,21346,COC(=O)[C@@]1(CCCC1=O)[C@@H](CC(C)C)C[N+]([O-])=O,ODH,8.05,1.0,8.05,train,8.127888,8.800083,9.261472
2749,ODH_charity_0616:row:2749,15186,CC(C)(C)OC(=O)[C@](C)(N)C\C=C\c1ccc(cc1)[N+]([O-])=O,ODH,20.5,0.5,10.25,train,9.031055,9.300607,9.620501
321,ODH_charity_0616:row:321,1774,COC(=O)\C=C\C[C@@H]1N(CCc2c3ccccc3n(c12)[S](=O)(=O)c4ccc(C)cc4)C(C)=O,ODH,10.7,1.0,10.7,train,11.121901,11.7460985,12.399311
4804,ODH_charity_0616:row:4804,25132,Fc1cccc2OC(=O)C[C@@H](c3ccccc3)c12,ODH,9.37,1.0,9.37,train,9.211444,9.682991,10.122926
2272,ODH_charity_0616:row:2272,12545,CCOC(=O)C1=COC(=O)C[C@@H]1c2sccc2,ODH,16.2,0.8,12.96,train,11.75781,12.291042,12.717938
1441,ODH_charity_0616:row:1441,8324,CCOc1ccc(cc1)C2=C[C@H](CN2[S](=O)(=O)c3ccc(C)cc3)C(C)=C,ODH,11.53,0.8,9.224,train,9.31794,9.71632,10.080214
1092,ODH_charity_0616:row:1092,6467,COC(=O)c1ccc(cc1)[C@H]2COC(=O)N2,ODH,53.3,1.0,53.3,train,50.607197,51.88024,52.88132
2085,ODH_charity_0616:row:2085,11522,O=[S@@](Cc1occc1)c2ccccc2,ODH,14.95,0.5,7.475,train,7.874656,8.207619,8.558335
848,ODH_charity_0616:row:848,4850,CC(O)(C[C@@H]1CCc2ccccc2N1)c3ccccc3,ODH,16.9,0.6,10.14,train,10.7103405,11.118707,11.554717
1158,ODH_charity_0616:row:1158,6889,OC[C@@H](O)c1ccc2ccccc2c1,ODH,11.3,0.5,5.65,train,5.5297585,5.8607793,6.1718535
4934,ODH_charity_0616:row:4934,25643,C[C@H]1C=C[C@@H](CO)N(N1C(=O)OC(C)(C)C)C(=O)Nc2ccc(Cl)cc2,ODH,6.8,0.6,4.08,train,3.4189708,3.8021588,4.2641354
3337,ODH_charity_0616:row:3337,18558,COC(=O)[C@@H]([C@H](C[N+]([O-])=O)c1ccccc1)C(=O)CCCOCc2ccccc2,ODH,56.57,1.0,56.57,train,54.374687,56.33324,57.53144
667,ODH_charity_0616:row:667,3816,O[C@@H](C[N+]([O-])=O)c1ccc(F)c(F)c1,ODH,21.361,0.8,17.0888,train,16.726717,17.316319,17.805054
3617,ODH_charity_0616:row:3617,20128,C1CCC(CC1)C[C@H]2CCC(=N2)c3ccccc3,ODH,6.1,1.0,6.1,train,6.5106945,7.0223165,7.4797645
1702,ODH_charity_0616:row:1702,9608,O[C@@H]/1CCCC1=C/c2ccccc2F,ODH,10.7,0.8,8.56,train,8.769637,9.223891,9.618626
2430,ODH_charity_0616:row:2430,13361,O[C@@H](C(O)=O)c1ccccc1F,ODH,17.39,0.8,13.912,train,14.390302,14.87309,15.331928
2402,ODH_charity_0616:row:2402,13219,CCCC[C@H](O)c1ccccc1,ODH,17.18,1.0,17.18,train,16.566135,17.090738,17.550245
206,ODH_charity_0616:row:206,1154,CCOC(=O)C[C@H](Sc1ccc(Cl)cc1)c2ccccc2,ODH,8.8,1.0,8.8,train,10.581855,11.140452,11.649084
3744,ODH_charity_0616:row:3744,20822,CCOC(=O)[C@]1(N[S](=O)(=O)c2ccccc12)C#Cc3ccc4ccccc4c3,ODH,48.5,0.5,24.25,train,24.712183,25.642342,26.436516
1414,ODH_charity_0616:row:1414,8125,Cc1ccc(cc1)[C@H]2CC(=O)Oc3ccccc23,ODH,12.27,1.0,12.27,train,11.425255,11.859068,12.363544
4857,ODH_charity_0616:row:4857,25309,O[C@@H](CC(=C)c1ccccc1)c2ccc(cc2)[N+]([O-])=O,ODH,9.5,1.0,9.5,train,9.989068,10.471886,10.862596
1918,ODH_charity_0616:row:1918,10665,Cc1ccc(/C=C/C[C@](C)(N)C(=O)OC(C)(C)C)c(C)c1,ODH,10.4,0.5,5.2,train,4.327301,4.8576097,5.3636174
3775,ODH_charity_0616:row:3775,20949,CC[C@H]1CCC(=N1)c2ccccc2,ODH,5.2,1.0,5.2,train,5.235269,5.4610467,5.7115617
1329,ODH_charity_0616:row:1329,7679,C[C@]1(C(=O)OCC=C)C(=O)N(C(=O)C(c2ccccc2)c3ccccc3)c4cc(Cl)ccc14,ODH,15.7,0.8,12.56,train,10.783127,11.494339,12.045609
2427,ODH_charity_0616:row:2427,13346,Cn1cc([C@H]2N(C(=O)N(C2=O)C(C)(C)C)C(C)(C)C)c3ccccc13,ODH,8.64,1.0,8.64,train,5.9203978,7.274809,8.623649
1742,ODH_charity_0616:row:1742,9777,COC(=O)c1ccc(cc1)[C@@](C)(C=O)c2ccc(cc2)C(C)C,ODH,12.23,0.5,6.115,train,5.6164207,5.928586,6.2639666
2740,ODH_charity_0616:row:2740,15141,O[C@@H]([C@@H](C=C)c1ccc(Br)cc1)C(=O)c2ccccc2,ODH,15.0,0.5,7.5,train,7.148576,7.6222215,8.044579
592,ODH_charity_0616:row:592,3433,FC(F)(F)CCCc1ccccc1[C@H](NC(=O)c2ccc(Cl)cc2)c3cn(Cc4ccccc4)c5ccccc35,ODH,7.72,1.0,7.72,train,8.148345,8.967411,9.672308
1736,ODH_charity_0616:row:1736,9743,COc1ccc(N2[C@@H](COC2=O)C=C)c(OC)c1,ODH,12.9,1.0,12.9,train,13.428214,13.821647,14.324619
1599,ODH_charity_0616:row:1599,9072,CCOC(=O)/C=C/[C@H]1[C@H](C)N1[S](=O)(=O)c2ccc(C)cc2,ODH,21.16,0.8,16.928,train,14.561589,15.120487,15.733831
2992,ODH_charity_0616:row:2992,16527,O[C@@]1([C@H](C=C)c2ccccc2)C(=O)N(Cc3cccc4ccccc34)c5c(Br)cccc15,ODH,12.85,1.0,12.85,train,12.240352,12.981667,13.6364
318,ODH_charity_0616:row:318,1755,CCOC(=O)C[C@@H](Sc1ccccc1)c2ccccc2,ODH,10.6,1.0,10.6,train,10.625979,11.162577,11.659865
4525,ODH_charity_0616:row:4525,24067,C[C@@H](CC(C)=O)\C=C\c1occc1,ODH,8.35,0.8,6.68,train,6.692111,7.046493,7.386935
1191,ODH_charity_0616:row:1191,7062,O[C@@]1([C@H](C=C)c2ccccc2)C(=O)N(Cc3ccccc3F)c4ccccc14,ODH,10.417,1.0,10.417,train,10.555598,11.223721,11.783078
2775,ODH_charity_0616:row:2775,15383,O[C@@H]1CCCC[C@H]1Nc2ccc(Cl)cc2,ODH,20.86,1.0,20.86,train,20.948837,21.552153,22.103714
1809,ODH_charity_0616:row:1809,10113,Cc1ccc(/C=C/C[C@@](C)(N)C(=O)OC(C)(C)C)cc1C,ODH,13.3,1.0,13.3,train,10.276748,10.869576,11.492087
4148,ODH_charity_0616:row:4148,22443,CC(C)(C)[Si](C)(C)OC[C@@H](\C=C\c1ccccc1)c2ccccc2,ODH,6.2,1.0,6.2,train,4.886685,5.566545,6.3154907
2803,ODH_charity_0616:row:2803,15533,Oc1ccccc1[C@H](OCCSCc2ccccc2)c3ccccc3,ODH,23.0,1.0,23.0,train,22.857128,23.555235,24.10767
4766,ODH_charity_0616:row:4766,24987,CC(C)(Cc1ccccc1)[C@H](O)c2ccccc2,ODH,9.2,0.8,7.36,train,6.830118,7.1962724,7.5392456
808,ODH_charity_0616:row:808,4652,CSc1ccc(cc1)[C@@H]2CC(=O)N2C(C)(C)c3ccccn3,ODH,22.1,0.8,17.68,train,16.751143,17.292439,17.895926
2731,ODH_charity_0616:row:2731,15087,C1Cc2ccccc2[C@H]1C#Cc3ccccc3,ODH,20.24,0.7,14.168,train,12.861684,13.494977,14.077645
1804,ODH_charity_0616:row:1804,10108,Cc1ccc(cc1C)[C@H]2Nc3ccccc3OC2=O,ODH,30.0,0.7,21.0,train,19.876274,20.344862,20.967188
2684,ODH_charity_0616:row:2684,14866,COc1ccc(cc1OC)[C@@H](C[N+]([O-])=O)c2ccc(C)cc2,ODH,18.6,1.5,27.9,train,28.400364,29.140448,29.874195
2337,ODH_charity_0616:row:2337,12955,CCCCC[C@@]1(COc2ccccc12)CC3=CCCCC3,ODH,9.2,0.75,6.9,train,6.9759564,7.6223216,8.149717
823,ODH_charity_0616:row:823,4716,COc1ccccc1[C@@H](CCO)C[N+]([O-])=O,ODH,19.03,1.0,19.03,train,19.223745,19.782024,20.222353
1205,ODH_charity_0616:row:1205,7103,Brc1ccc(cc1)C2=C(C[C@H](O2)C=C)C#N,ODH,10.496,1.0,10.496,train,10.523907,10.957766,11.438627
1354,ODH_charity_0616:row:1354,7812,C[C@@H]1Cc2ccccc2N[C@H]1c3ccccc3,ODH,11.1,0.8,8.88,train,10.102337,10.647063,11.165971
2765,ODH_charity_0616:row:2765,15336,COc1cccc(c1)[C@@H](C(C(=O)c2ccccc2)C(=O)c3ccccc3)C(=O)\C=C\c4ccccc4,ODH,16.9,0.75,12.675,train,12.8165045,13.5867,14.287492
4692,ODH_charity_0616:row:4692,24651,CCCC[C@H]1NCc2ccc(C)cc2[C@H]1F,ODH,9.5,0.8,7.6,train,7.850871,8.215149,8.567433
1482,ODH_charity_0616:row:1482,8426,COC(=O)[C@H](OCC[Si](C)(C)C)c1ccccc1,ODH,7.73,1.0,7.73,train,7.8289223,8.113867,8.46844
3989,ODH_charity_0616:row:3989,21826,CC(C)(C)OC(=O)[C@@](C)(N)C\C=C\c1occc1,ODH,4.8,1.0,4.8,train,6.320284,6.637312,7.0521474
272,ODH_charity_0616:row:272,1581,F[C@H]1CCCO[C@]1(C(=O)c2ccc(Br)cc2)c3ccc(Br)cc3,ODH,11.16,1.0,11.16,train,11.170827,11.867469,12.578794
2467,ODH_charity_0616:row:2467,13641,FC(F)(F)[C@@]1(CC(=CC(=O)O1)\C=C\c2ccccc2)c3ccccc3,ODH,26.8,0.75,20.1,train,18.361849,19.141373,19.757706
1833,ODH_charity_0616:row:1833,10241,COc1ccccc1[C@@H]2Nc3ccccc3N(C)C2=O,ODH,16.4,1.0,16.4,train,14.187316,14.7361145,15.258961
1917,ODH_charity_0616:row:1917,10650,Cc1ccc(cc1)[S](=O)(=O)NC[C@H](CC(=O)c2ccccc2)C=C,ODH,13.94,0.5,6.97,train,6.9009767,7.3121758,7.6845417
1946,ODH_charity_0616:row:1946,10834,Cc1cc2OC[C@](C)(CN=[N+]=[N-])c2cc1C,ODH,10.2,0.5,5.1,train,5.207257,5.473991,5.7267504
1707,ODH_charity_0616:row:1707,9621,CCC(CC)(CC[C@]1(C)COc2cc(C)c(C)cc12)CC(=O)c3ccccc3,ODH,12.8,0.5,6.4,train,6.7888227,7.2129607,7.7205863
2266,ODH_charity_0616:row:2266,12516,COc1cccc(c1)[C@@](C)(C\C=C\C=C\c2ccccc2)C=O,ODH,16.2,1.0,16.2,train,16.215914,16.837757,17.336903
664,ODH_charity_0616:row:664,3811,Cc1cccc(c1)[C@@H](O)CCl,ODH,17.6,1.0,17.6,train,16.802876,17.171968,17.507423
3165,ODH_charity_0616:row:3165,17738,O=C1C[C@@H](c2ccccc2)C(=C(O1)c3ccccc3)C(=O)c4ccccc4,ODH,30.9,0.7,21.63,train,21.448626,22.239592,22.952322
3718,ODH_charity_0616:row:3718,20671,CCOC(=O)[C@@](N)(CCc1ccccc1)C\C=C\c2ccccc2,ODH,45.6,1.0,45.6,train,41.556244,42.744255,43.47831
3327,ODH_charity_0616:row:3327,18519,COC(=O)[C@H](O)c1ccc(C)cc1,ODH,3.41,2.0,6.82,train,7.0873637,7.5276136,7.887035
1388,ODH_charity_0616:row:1388,8010,CCCCCC[C@H]1Nc2ccccc2C[C@H]1N3C(=O)c4ccccc4C3=O,ODH,12.8,0.7,8.96,train,8.776653,9.525608,10.238048
521,ODH_charity_0616:row:521,3095,COc1ccc(cc1)[C@H](O)C(=O)OC(C)C,ODH,8.6,1.0,8.6,train,9.52887,9.943222,10.330604
577,ODH_charity_0616:row:577,3366,CCOC(=O)[C@@H]1N[S](=O)(=O)Oc2ccc(C)cc12,ODH,9.2,1.0,9.2,train,8.564236,8.987308,9.362787
3533,ODH_charity_0616:row:3533,19686,Cn1cc([C@@H]2[C@H]([C@H](c3ccccc3)c4c(C)oc(c5ccccc5)c24)c6ccc(cc6)[N+]([O-])=O)c7ccccc17,ODH,25.17,0.6,15.102,train,14.920594,16.035297,16.953869
2614,ODH_charity_0616:row:2614,14284,Cc1cc2[C@H]3CCC(=C[C@H]3N(c2cc1C)[S](=O)(=O)C(F)(F)F)c4cccc5ccccc45,ODH,13.5,0.5,6.75,train,6.884446,7.3894167,7.8156323
1865,ODH_charity_0616:row:1865,10405,COC(=O)[C@@](C)(N)C\C=C\c1ccccc1,ODH,12.0,1.0,12.0,train,11.168075,11.498327,11.84152
887,ODH_charity_0616:row:887,5038,O=C1CCCC2=C1CC[C@@H](Cc3ccccc3)N2,ODH,24.9,1.0,24.9,train,22.223629,23.1261,23.892647
4530,ODH_charity_0616:row:4530,24074,CC(C)(C)OC(=O)N1OCC[C@H]1Cc2ccc(F)cc2,ODH,8.363,0.8,6.6904,train,6.3618813,6.664273,6.993847
378,ODH_charity_0616:row:378,2031,CCCCCCCC[C@@H]1CCC2=C(CCCC2=O)N1,ODH,11.4,1.0,11.4,train,10.432151,11.535929,12.512902
2861,ODH_charity_0616:row:2861,15834,OC[C@H](O)c1ccccc1,ODH,21.7,0.9,19.53,train,19.648075,20.104849,20.471289
2267,ODH_charity_0616:row:2267,12523,CC(C)[C@H](C=C)c1c[nH]c2ccccc12,ODH,18.5,1.0,18.5,train,17.19872,17.698385,18.213129
1337,ODH_charity_0616:row:1337,7709,C[C@@H](N[S](=O)(=O)C(C)(C)C)c1ccc(F)cc1,ODH,8.1,1.0,8.1,train,7.564704,7.892546,8.2025175
4870,ODH_charity_0616:row:4870,25390,CCCCC[C@H]1Cc2ccccc2N1,ODH,9.6,1.0,9.6,train,9.054919,9.580498,10.102805
1155,ODH_charity_0616:row:1155,6876,C=C[C@H](CCc1ccccc1)NCC#C,ODH,10.297,0.8,8.2376,train,7.579597,7.970777,8.296657
2061,ODH_charity_0616:row:2061,11454,CC(C)(C)OC(=O)[C@@](C)(N)C\C=C\c1ccc(F)cc1,ODH,11.8,0.5,5.9,train,5.4698343,5.8349547,6.2205114
1052,ODH_charity_0616:row:1052,6170,COC(=O)[C@H](Cc1ccc(cc1)\C=C\c2ccc3ccccc3c2c4ccccc4SC)NC(=O)OC(C)(C)C,ODH,42.8,0.8,34.24,train,33.282654,34.309177,35.415314
3525,ODH_charity_0616:row:3525,19613,O=C([C@](C1=CC=CC(F)=C12)(C#CC3=CC=CC=C3)NS2(=O)=O)OCC,ODH,43.7,0.5,21.85,train,21.518436,22.197777,22.796087
3986,ODH_charity_0616:row:3986,21810,CC(C)[C@H](C=C)C(Cc1ccccc1)(C#N)C#N,ODH,7.83,1.0,7.83,train,7.831659,8.183379,8.546996
4316,ODH_charity_0616:row:4316,23245,C[C@H]1Nc2ccccc2OC1=O,ODH,8.6,0.7,6.02,train,5.859845,6.168739,6.4695544
1717,ODH_charity_0616:row:1717,9668,COc1cccc(c1)[C@@H](C)N[S](=O)(=O)C(C)(C)C,ODH,9.6,1.0,9.6,train,9.201441,9.484052,9.763213
1697,ODH_charity_0616:row:1697,9587,CC(C)(C)c1ccc(cc1)[P@](=O)(OCc2ccc3ccccc3c2)c4ccccc4,ODH,12.77,0.8,10.216,train,9.006687,9.332386,9.663454
1847,ODH_charity_0616:row:1847,10347,CC(C)OC(=O)[C@](C)(N)C\C=C\c1ccccc1,ODH,13.6,1.0,13.6,train,13.304908,13.71898,14.110712
2911,ODH_charity_0616:row:2911,16043,COc1ccc2OC(=O)C[C@@H](c3ccccc3)c2c1,ODH,22.13,1.0,22.13,train,20.78958,21.51365,22.169764
4051,ODH_charity_0616:row:4051,22086,Cc1oc(c2ccccc2)c3[C@@H]4CCCCN4c5ccccc5Cc13,ODH,7.8,0.6,4.68,train,5.6410036,6.1349735,6.5824327
1370,ODH_charity_0616:row:1370,7888,CC(=O)SC[C@@H]1COC2(CCC2)c3ccccc3O1,ODH,10.4,1.0,10.4,train,10.615229,11.150745,11.721138
461,ODH_charity_0616:row:461,2507,CCCC(CCC)(NC(=O)C[C@H](C)c1ccc(cc1)C(C)=O)c2ccccn2,ODH,11.7,0.8,9.36,train,9.286001,9.66707,10.157981
242,ODH_charity_0616:row:242,1394,COC(=O)[C@H]1COc2ccc(cc2O1)C(C)(C)C,ODH,12.7,1.0,12.7,train,11.698173,12.086068,12.496241
4537,ODH_charity_0616:row:4537,24092,COC(=O)[C@H]1Cc2cc(Cl)ccc2O1,ODH,9.04,1.0,9.04,train,8.627549,9.101888,9.536148
4270,ODH_charity_0616:row:4270,23031,CCOC(=O)[C@@H](Oc1ccccc1)c2ccccc2,ODH,7.4,1.0,7.4,train,7.573949,8.082618,8.541024
196,ODH_charity_0616:row:196,1073,Fc1ccc(cc1)[C@H]2Nc3ccccc3OC2=O,ODH,8.6,1.0,8.6,train,8.844499,9.404539,9.862126
569,ODH_charity_0616:row:569,3325,C1Cc2ccccc2N[C@@H]1c3ccccc3,ODH,12.9,0.6,7.74,train,8.248117,8.659116,9.054845
4632,ODH_charity_0616:row:4632,24453,CC[C@@H](C#Cc1ccccc1)c2ccc(Br)cc2,ODH,13.7,0.7,9.59,train,8.768976,9.417184,10.035945
4243,ODH_charity_0616:row:4243,22915,COC(=O)[C@H](SCc1ccccc1)c2ccc(C)cc2,ODH,7.23,1.0,7.23,train,6.890918,7.2771087,7.6531515
2771,ODH_charity_0616:row:2771,15377,O[C@@]1([C@H](C=C)c2ccccc2)C(=O)N(Cc3cccc4ccccc34)c5ccccc15,ODH,20.847,1.0,20.847,train,18.442474,19.219458,19.916145
10,ODH_charity_0616:row:10,123,CCC(CC)(O[Si](C)(C)C(C)(C)C)C#Cc1cc(C)ccc1[S@@](=O)c2ccccn2,ODH,4.2,1.0,4.2,train,0.56301147,2.9528604,5.4342594
4643,ODH_charity_0616:row:4643,24499,CC(C)(C)OC(=O)N1OCC[C@]1(C)Cc2ccc(cc2)c3ccccc3,ODH,9.565,0.8,7.652,train,6.7212377,7.1691246,7.6364923
2953,ODH_charity_0616:row:2953,16267,CCCCC[C@H](C=C)c1c[nH]c2ccc(cc12)C(=O)OC,ODH,25.8,1.0,25.8,train,24.632938,25.515339,26.353788
3818,ODH_charity_0616:row:3818,21131,COC(=O)[C@@H](O)c1ccc(C)cc1,ODH,5.55,2.0,11.1,train,10.631192,10.956386,11.295417
929,ODH_charity_0616:row:929,5244,[O-][N+](=O)c1cccc(c1)[C@]2(CC(=NO2)c3ccccc3)CC(F)(F)F,ODH,23.4,0.8,18.72,train,18.142311,18.8363,19.33684
3637,ODH_charity_0616:row:3637,20227,COC(=O)[C@H](O)c1ccccc1OC,ODH,4.48,2.0,8.96,train,9.362863,9.735517,10.0898075
4740,ODH_charity_0616:row:4740,24878,Fc1cccc(c1)[C@@]2(CCC(=O)O2)C(=O)OC(c3ccccc3)c4ccccc4,ODH,9.1,0.75,6.825,train,7.4210935,7.9710875,8.379923
2962,ODH_charity_0616:row:2962,16354,O[C@@H]([C@H](C=C)c1cccc(Cl)c1)C(=O)c2ccccc2,ODH,26.4,0.5,13.2,train,13.720584,14.28138,14.797186
4213,ODH_charity_0616:row:4213,22777,Fc1cccc(c1)C2(SCCCS2)[C@H](C=Cc3ccccc3)c4ccccc4,ODH,7.1,1.0,7.1,train,7.0354333,7.589323,8.200218
1890,ODH_charity_0616:row:1890,10544,Cc1cccc(c1)[C@@H]2Cc3ccccc3C(=O)C(=N2)c4ccccc4O,ODH,18.0,0.7,12.6,train,12.65148,13.077777,13.551328
100,ODH_charity_0616:row:100,565,COC(=O)[C@@]1(N[C@@H]([C@H]([C@@H]1[N+]([O-])=O)c2ccccc2Cl)c3ccccc3)c4ccccc4,ODH,7.507,1.0,7.507,train,7.5860534,8.404132,8.997288
4848,ODH_charity_0616:row:4848,25288,CCCC[C@@H]1Cc2ccccc2N1,ODH,13.1,1.0,13.1,train,11.48989,12.098563,12.6472025
900,ODH_charity_0616:row:900,5095,O=C1OCC[C@H]1Cc2ccccc2,ODH,22.8,0.5,11.4,train,11.339578,11.6849375,12.013821
3347,ODH_charity_0616:row:3347,18614,Clc1ccc(C[C@@H]2Oc3ccccc3N(Cc4ccccc4)C2=O)cc1Cl,ODH,26.4,0.5,13.2,train,12.262388,12.782682,13.32101
1960,ODH_charity_0616:row:1960,10965,COC(=O)[C@@H](CN(Cc1ccccc1)Cc2ccccc2)Cc3cn(C(=O)OC(C)(C)C)c4ccccc34,ODH,13.3,0.5,6.65,train,5.3173165,6.158465,6.9615283
1857,ODH_charity_0616:row:1857,10375,Cc1ccccc1/C=C/C=C/C[C@@](C)(C=O)c2ccccc2,ODH,13.638,1.0,13.638,train,13.113684,13.610428,14.093561
1046,ODH_charity_0616:row:1046,6142,OCC[C@H](C[N+]([O-])=O)c1occc1,ODH,41.84,1.0,41.84,train,40.786213,41.80656,42.643364
234,ODH_charity_0616:row:234,1343,C[C@@H]1Nc2cc(C)c(C)cc2NC1=O,ODH,9.4,1.0,9.4,train,9.453752,9.831849,10.313711
4200,ODH_charity_0616:row:4200,22725,CCc1cc([C@@H](C(=O)OCc2ccccc2)c3ccccc3)c(CC)n1Cc4ccccc4,ODH,7.0,0.7,4.9,train,4.8017015,5.5596213,6.165983
931,ODH_charity_0616:row:931,5246,O=C(C[C@H]1CCCCN1C(=O)OCc2ccccc2)c3ccccc3,ODH,28.3,0.5,14.15,train,13.7671175,14.39468,14.953723
628,ODH_charity_0616:row:628,3659,Cc1ccc(cc1)[S@@](=O)c2cc(C)ccn2,ODH,16.9,0.8,13.52,train,13.623433,14.094152,14.644013
3977,ODH_charity_0616:row:3977,21775,CCCC(=O)O\C(c1ccccc1)=C\2[C@H]([C@H](C)C=C2c3ccccc3)c4ccc(C)cc4,ODH,7.0,0.7,4.9,train,4.880523,5.459801,6.0734344
2890,ODH_charity_0616:row:2890,15924,Cn1cccc1CC(C#N)(C#N)[C@H](CCc2ccccc2)C=C,ODH,18.29,1.0,18.29,train,17.849594,18.640884,19.35499
436,ODH_charity_0616:row:436,2392,CCC(CC)(NC(=O)C[C@H](C)c1ccc(cc1)C(C)=O)c2ccccn2,ODH,11.3,0.8,9.04,train,9.308296,9.722271,10.153962
3889,ODH_charity_0616:row:3889,21348,COc1ccc(C[C@H]2[C@H](C=C(OC2=O)c3ccccc3)c4ccc(C)cc4)cc1,ODH,40.7,0.75,30.525,train,31.00216,31.702879,32.515118
1380,ODH_charity_0616:row:1380,7939,CCOC(=O)C1=C(C)OC(=O)C[C@H]1c2cscc2,ODH,7.2,0.7,5.04,train,4.8078074,5.1114492,5.3918905
1861,ODH_charity_0616:row:1861,10397,CC[C@@H](\C=C\c1ccc2cc(OC)ccc2c1)C#CCc3ccccc3,ODH,11.9,0.5,5.95,train,5.756698,6.179358,6.554081
1902,ODH_charity_0616:row:1902,10602,C[C@]1(COc2ccc(cc12)C(C)(C)c3ccccc3)Cc4ccccc4,ODH,15.0,0.5,7.5,train,7.153235,7.5510025,7.9477158
2608,ODH_charity_0616:row:2608,14257,COc1ccccc1C(=O)N[C@@H](C)c2ccc3ccccc3c2,ODH,42.286,1.0,42.286,train,39.15807,40.22636,41.131065
2602,ODH_charity_0616:row:2602,14233,O[C@@H]([C@@H](C=C)c1ccccc1)C(=O)c2ccccc2,ODH,15.7,0.5,7.85,train,8.278412,8.760568,9.184867
3538,ODH_charity_0616:row:3538,19713,COC(=O)[C@@](C)(NC(=O)c1ccc(OC)cc1)C(=O)OCc2ccccc2,ODH,31.9,0.3,9.57,train,9.538216,10.126526,10.79969
3388,ODH_charity_0616:row:3388,18803,Cc1ccc(cc1)[S](=O)(=O)N2CC[C@@H](C2)c3cccc(C)c3,ODH,31.0,1.0,31.0,train,31.079548,31.776299,32.427826
4255,ODH_charity_0616:row:4255,22967,C[C@@H]1Cc2cc(C)cc(C)c2N1,ODH,8.1,1.0,8.1,train,7.3667803,7.7351084,8.167439
790,ODH_charity_0616:row:790,4545,O[C@H](C[N+]([O-])=O)c1ccc(Cl)cc1,ODH,21.448,0.8,17.1584,train,17.302145,17.91975,18.395517
1997,ODH_charity_0616:row:1997,11120,COc1ccccc1N2C(=O)OC[C@@]2(CCOCc3ccccc3)C=C,ODH,14.5,1.0,14.5,train,13.982153,14.509235,15.011041
1848,ODH_charity_0616:row:1848,10348,CC(C)OC(=O)[C@@](C)(N)C\C=C\c1ccccc1,ODH,8.1,1.0,8.1,train,7.728159,8.021903,8.304761
2438,ODH_charity_0616:row:2438,13434,COc1ccccc1[C@@H](O)C(O)=O,ODH,17.5,0.8,14.0,train,14.093724,14.616603,15.106688
3318,ODH_charity_0616:row:3318,18490,CC[Si](CC)(CC)[C@@H](C(=O)OC)c1ccccc1,ODH,3.35,1.0,3.35,train,3.1049066,3.3988078,3.6783056
3682,ODH_charity_0616:row:3682,20489,Fc1ccc(OC(=O)/C=C/[C@H](CCCCCCCC=C)N2C(=O)C3CC=CCC3C2=O)cc1,ODH,36.6,0.8,29.28,train,29.247173,30.561201,31.483747
846,ODH_charity_0616:row:846,4840,CC1(C)CN(C(=O)Nc2cc(cc(c2)C(F)(F)F)C(F)(F)F)[C@@](CN=[N+]=[N-])(C1)c3ccc(Cl)cc3,ODH,24.89,0.4,9.956,train,10.113745,10.809148,11.297724
2792,ODH_charity_0616:row:2792,15473,Fc1cc2ccn3c2c(c1)C(=O)O[C@]34C(=O)N(Cc5ccccc5)c6ccccc46,ODH,22.7,0.8,18.16,train,16.963398,17.696442,18.320862
720,ODH_charity_0616:row:720,4120,Cc1ccc(cc1)[C@H](N)c2ccccc2O,ODH,12.82,0.7,8.974,train,8.393243,8.850365,9.207303
3955,ODH_charity_0616:row:3955,21684,FC(F)(F)c1ccc(CC(C#N)(C#N)[C@@H](CCc2ccccc2)C=C)cc1,ODH,57.5,0.5,28.75,train,26.909594,27.929657,28.861364
1625,ODH_charity_0616:row:1625,9227,C=C[C@H](C1CC1)n2ccc3ccccc23,ODH,12.4,0.5,6.2,train,5.614252,6.1548324,6.697712
1197,ODH_charity_0616:row:1197,7075,C=C[C@@H]1CC(=C(O1)c2cscc2)C#N,ODH,10.444,1.0,10.444,train,10.031172,10.609649,11.158431
3316,ODH_charity_0616:row:3316,18484,Cc1ccc(cc1)[C@@H]2[C@@H]3[C@@H](N3[S](=O)(=O)c4ccc(C)cc4)c5ccccc5[C@H]2C(=O)c6ccc(C)cc6,ODH,9.3,1.0,9.3,train,8.669197,9.475117,10.087058
4489,ODH_charity_0616:row:4489,23941,CCC(=C)[C@H](C)NCc1ccccc1,ODH,8.203,0.8,6.5624,train,6.473896,6.6922226,6.937867
3664,ODH_charity_0616:row:3664,20355,COc1ccc(cc1)[C@H](O)CO,ODH,36.5,0.8,29.2,train,30.027163,30.634392,31.128374
3540,ODH_charity_0616:row:3540,19723,CCOC(=O)[C@@]1(N[S](=O)(=O)c2c(Cl)cccc12)C#Cc3ccccc3,ODH,41.3,0.5,20.65,train,21.012596,21.807549,22.42265
3395,ODH_charity_0616:row:3395,18828,CCC(=O)OC[C@@H](O)c1ccccc1,ODH,31.1,0.5,15.55,train,14.824661,15.291063,15.641804
3620,ODH_charity_0616:row:3620,20131,COc1ccc([C@@H](C)c2ccccc2)c(c1)c3ccccc3,ODH,4.3,1.0,4.3,train,4.7963295,5.207311,5.565316
398,ODH_charity_0616:row:398,2174,CCCCCCC[C@H]1CCC2=C(CCCC2=O)N1,ODH,11.8,1.0,11.8,train,9.908843,10.847747,11.640271
2205,ODH_charity_0616:row:2205,12159,CCOC(=O)[C@@]1(CC=C)N[S](=O)(=O)c2ccc(OC(F)(F)F)cc12,ODH,11.4,0.8,9.12,train,9.228327,9.820005,10.319722
755,ODH_charity_0616:row:755,4248,COc1ccc2[C@@H](CCN(c2c1)[S](=O)(=O)c3ccc(C)cc3)CC(=O)NC(C)(C)c4ccccn4,ODH,23.9,0.8,19.12,train,19.530548,20.113941,20.710665
4355,ODH_charity_0616:row:4355,23431,O[C@H]/1CCCC1=C/c2ccccc2Cl,ODH,7.8,0.8,6.24,train,5.828089,6.112843,6.417809
52,ODH_charity_0616:row:52,390,CC(C)OC(=O)[C@@H](O)c1ccc(cc1)C(C)C,ODH,5.4,1.0,5.4,train,4.869622,5.0684342,5.295428
169,ODH_charity_0616:row:169,995,CC(C)OC(=O)[C@@H](O)c1cc(C)cc(C)c1,ODH,6.2,1.0,6.2,train,6.177727,6.4491024,6.6989202
4271,ODH_charity_0616:row:4271,23040,CCOC(=O)[C@H](F)\C=C\c1ccccc1,ODH,7.0,1.0,7.0,train,7.125122,7.406762,7.6808667
2845,ODH_charity_0616:row:2845,15744,O=C([C@H](Nc1ccccc1)c2ccccc2)c3ccccc3,ODH,13.12,1.0,13.12,train,12.891293,13.45474,13.990058
2869,ODH_charity_0616:row:2869,15867,CN1C(=O)[C@](CC=O)(C2CNc3ccc(Br)cc23)c4ccccc14,ODH,21.78,0.8,17.424,train,15.503814,16.277983,16.95456
4917,ODH_charity_0616:row:4917,25554,C[C@@H](N1CCN(CCOc2ccc(F)cc2)CC1)[C@](O)(Cn3cncn3)c4ccc(F)cc4F,ODH,10.86,1.0,10.86,train,11.095242,11.9401,12.590167
3000,ODH_charity_0616:row:3000,16547,CC(=O)[C@@H](C(C(=O)\C=C(/C)c1ccccc1)c2ccccc2)C(=O)c3ccccc3,ODH,25.7,0.6,15.42,train,15.910371,16.5529,17.13539
1316,ODH_charity_0616:row:1316,7567,COC(=O)[C@@H](F)CCOCc1ccccc1,ODH,10.9,1.0,10.9,train,10.443947,10.949639,11.3453045
4952,ODH_charity_0616:row:4952,25749,Cc1ccc2OC(=O)[C@@H](Nc2c1)c3ccccc3,ODH,9.9,0.7,6.93,train,6.605458,7.0524015,7.5879354
4442,ODH_charity_0616:row:4442,23767,CC[C@@]1(N(c2cc(C)c(C)cc2C1=C)[S](=O)(=O)C(F)(F)F)c3ccc4ccccc4c3,ODH,8.47,0.5,4.235,train,3.8623285,4.4162755,4.986965
3154,ODH_charity_0616:row:3154,17661,C[S](=O)(=O)N1[C@@H](C=Cc2ccccc12)c3ccc4ccccc4c3,ODH,26.6,0.5,13.3,train,13.83632,14.548557,15.242368
4605,ODH_charity_0616:row:4605,24363,CCC[C@@H](O)c1ccccc1,ODH,7.86,1.0,7.86,train,8.285905,8.617262,8.884677
740,ODH_charity_0616:row:740,4209,CC(=O)C[C@@H]1CCC(C)(C)CN1C(=O)OCc2ccccc2,ODH,19.7,0.5,9.85,train,9.322446,9.771964,10.19759
4128,ODH_charity_0616:row:4128,22358,CCOc1ccc2nc(SC[C@@H](CN(Cc3ccccc3)Cc4ccccc4)c5ccccc5)sc2c1,ODH,6.8,1.0,6.8,train,6.419881,7.1785975,7.8418365
3365,ODH_charity_0616:row:3365,18729,CC1(C)[C@H](CCC1=O)c2cccc3ccccc23,ODH,26.08,1.0,26.08,train,24.868773,25.521214,26.191786
3272,ODH_charity_0616:row:3272,18263,CCOC(=O)[C@@]1(N[S](=O)(=O)c2ccccc12)C#Cc3ccc(F)cc3,ODH,36.7,0.5,18.35,train,19.291416,19.945549,20.448956
292,ODH_charity_0616:row:292,1666,CC[C@@H]1N[S](=O)(=O)Oc2ccccc12,ODH,8.1,0.8,6.48,train,5.7373524,5.956237,6.2438326
350,ODH_charity_0616:row:350,1939,CCOC(=O)C[C@@H](Sc1ccccc1)c2cccc(F)c2,ODH,11.1,1.0,11.1,train,10.816623,11.562802,12.222572
1149,ODH_charity_0616:row:1149,6806,CC(C)C[C@@H]1Nc2ccccc2C[C@H]1N3C(=O)c4ccccc4C3=O,ODH,10.2,0.7,7.14,train,6.8410826,7.33152,7.858446
2833,ODH_charity_0616:row:2833,15703,COc1ccc(cc1)N2[C@H](COC2=O)C=C,ODH,21.5,1.0,21.5,train,20.049412,20.603474,21.105177
2417,ODH_charity_0616:row:2417,13307,COc1cccc(c1)C(=O)OC[C@H](O)c2ccccc2,ODH,15.8,1.0,15.8,train,15.847594,16.496418,16.990648
431,ODH_charity_0616:row:431,2368,COc1ccccc1[C@H]2CO[S](=O)(=O)N2,ODH,26.2,1.0,26.2,train,24.54878,25.077312,25.624163
3407,ODH_charity_0616:row:3407,18904,COc1cccc(c1)[C@H]2CCc3ccccc3N2,ODH,31.51,0.6,18.906,train,18.32002,18.865683,19.450098
4304,ODH_charity_0616:row:4304,23176,COC(=O)[C@H]1[C@H]([C@@H]([C@H]2N1CCc3ccccc23)C(=O)n4nc(C)cc4C)c5cccc(Br)c5,ODH,5.769,1.0,5.769,train,5.3653946,5.8498654,6.3264256
358,ODH_charity_0616:row:358,1950,CO[P](=O)(OC)C(=[N+]=[N-])[C@]1(NC(=O)OC(C)(C)C)C(=O)N(Cc2ccccc2)c3ccccc13,ODH,11.119,0.5,5.5595,train,4.5374203,5.121583,5.6897273
4590,ODH_charity_0616:row:4590,24320,Cc1ccccc1O[C@@H](C(=O)OCc2ccccc2)c3ccccc3,ODH,8.6,1.0,8.6,train,7.75196,8.318121,8.844557
1394,ODH_charity_0616:row:1394,8042,CN(C[C@H](CSc1sc2ccc(Cl)cc2n1)OCC=C)C(c3ccccc3)c4ccccc4,ODH,5.8,1.0,5.8,train,6.1571198,6.8178163,7.3896956
3033,ODH_charity_0616:row:3033,16822,COc1ccc(\C=C\C=C\C[C@](C)(C=O)c2ccccc2)cc1OC,ODH,28.938,1.0,28.938,train,28.962296,29.843199,30.591232
878,ODH_charity_0616:row:878,5010,COC(=O)C[C@@H](C#N)c1ccccc1,ODH,16.7,0.8,13.36,train,12.692586,13.192924,13.562547
1086,ODH_charity_0616:row:1086,6368,CC(C)OC(=O)[C@@]1(CC(=NN1)C(=O)N2CCOC2=O)c3ccccc3,ODH,48.463,0.5,24.2315,train,24.229345,25.042883,25.709929
4195,ODH_charity_0616:row:4195,22708,COc1ccc(N[C@@H](C#CC2=CCCCC2)C(F)(F)F)cc1,ODH,7.0,0.8,5.6,train,5.1101866,5.6805487,6.257425
526,ODH_charity_0616:row:526,3112,CCC[C@H]1CCC2=C(CCCC2=O)N1,ODH,14.9,1.0,14.9,train,12.29553,13.11762,13.838416
2641,ODH_charity_0616:row:2641,14516,CCOC(=O)[C@]1(CC=C)N[S](=O)(=O)c2ccc(Cl)cc12,ODH,19.2,0.8,15.36,train,15.419514,16.001383,16.48607
1280,ODH_charity_0616:row:1280,7424,COc1cc2OC(=C(C#N)[C@@H](c3ccccc3)c2cc1OC)N,ODH,13.1,0.7,9.17,train,9.31369,9.835931,10.221033
1363,ODH_charity_0616:row:1363,7847,CC[C@H](C#Cc1ccccc1)c2ccc3ccccc3c2,ODH,11.11,0.5,5.555,train,4.911522,5.497527,6.0586395
4960,ODH_charity_0616:row:4960,25821,Cc1ccc(cc1)C2=C(C[C@@H](O2)C=C)C#N,ODH,12.665,1.0,12.665,train,11.964154,12.471546,12.9556265
4566,ODH_charity_0616:row:4566,24236,Cc1ccc(C[C@@H]2Cc3ccccc3N2)cc1,ODH,9.3,1.0,9.3,train,10.030545,10.5056305,11.147595
595,ODH_charity_0616:row:595,3440,COC(=O)[C@@H]1COc2ccc(Cl)cc2O1,ODH,16.0,1.0,16.0,train,14.530987,15.134261,15.674111
192,ODH_charity_0616:row:192,1063,C[C@@H](F)C(=O)c1ccc2ccccc2n1,ODH,8.6,1.0,8.6,train,8.323664,8.753326,9.170702
1969,ODH_charity_0616:row:1969,10986,C1CCC(CC1)[C@H]2N[C@H](Cc3ccccc23)c4ccccc4,ODH,18.7,0.8,14.96,train,15.252708,16.064945,16.70386
4393,ODH_charity_0616:row:4393,23580,COc1ccc(\C=C\C=C\C[C@@](C)(C=O)c2ccccc2)cc1,ODH,7.935,1.0,7.935,train,8.00935,8.452884,8.959117
550,ODH_charity_0616:row:550,3251,C[C@H](CC(=O)c1sccc1)[S](=O)(=O)c2ccc(C)cc2,ODH,18.5,1.0,18.5,train,17.472155,18.023851,18.506968
2868,ODH_charity_0616:row:2868,15866,CN1C(=O)[C@@](CC=O)(C2CNc3ccc(Br)cc23)c4ccccc14,ODH,16.21,0.8,12.968,train,11.62183,12.255641,12.829579
1486,ODH_charity_0616:row:1486,8439,COC(=O)[C@H](Nc1ccc(Br)cc1)c2ccccc2,ODH,9.874,0.8,7.8992,train,7.6234903,8.071137,8.4783745
3039,ODH_charity_0616:row:3039,16874,Clc1cccc(C[C@@H]2Oc3ccccc3N(Cc4ccccc4)C2=O)c1,ODH,20.6,0.5,10.3,train,9.251322,9.621969,10.106751
1257,ODH_charity_0616:row:1257,7311,CC(C)(C)OC(=O)N1OCC[C@H]1Cc2ccc(cc2)C#N,ODH,10.698,0.8,8.5584,train,8.1469145,8.52509,8.932635
4141,ODH_charity_0616:row:4141,22414,Cc1ccc(cc1)[S](=O)(=O)N2CC(C[C@H]2CBr)(c3ccccc3)c4ccccc4,ODH,6.86,1.0,6.86,train,6.951675,7.4289737,7.8608446
4758,ODH_charity_0616:row:4758,24972,Cc1cccc(O[C@H](C(=O)OCc2ccccc2)c3ccccc3)c1,ODH,9.2,0.7,6.44,train,6.5853806,7.1517305,7.664869
1061,ODH_charity_0616:row:1061,6225,O[C@@H](C[N+]([O-])=O)c1ccccc1[N+]([O-])=O,ODH,51.895,0.8,41.516,train,39.977463,40.86003,41.536457
2955,ODH_charity_0616:row:2955,16286,C[C@]1(CC(=C)C(=O)N1)C(F)(F)F,ODH,16.363,0.8,13.0904,train,12.849157,13.195894,13.648603
748,ODH_charity_0616:row:748,4225,Cc1ccc(cc1)[C@@H]2Nc3ccccc3NC2=O,ODH,19.8,1.0,19.8,train,19.997538,20.729301,21.395695
806,ODH_charity_0616:row:806,4632,Cc1ccc2CC[C@H](CNc3ccccc3)Nc2c1,ODH,22.0,1.0,22.0,train,20.380678,21.000801,21.61085
4152,ODH_charity_0616:row:4152,22449,C1CC[C@@H]2Nc3ccccc3C[C@@H]2C1,ODH,7.3,0.8,5.84,train,10.704782,11.411052,12.034161
4571,ODH_charity_0616:row:4571,24251,CCC[C@H](Nc1ccc(cc1)C(C)(C)C)C(=C)CC,ODH,8.512,1.0,8.512,train,7.9065557,8.275089,8.669061
4540,ODH_charity_0616:row:4540,24095,C[C@]1(N(c2ccccc2C1=C)[S](=O)(=O)C(F)(F)F)c3ccccc3,ODH,8.38,0.5,4.19,train,4.1783752,4.635985,4.994368
1771,ODH_charity_0616:row:1771,9936,CC1(C)CCC(=O)O[C@@H]1c2ccc(cc2)[N+]([O-])=O,ODH,13.1,1.0,13.1,train,13.050935,13.468604,13.891159
127,ODH_charity_0616:row:127,727,CC(C)(C)OC(=O)N1CC[C@@H](C1)C#N,ODH,7.9,1.0,7.9,train,7.124636,7.3647165,7.6714606
3428,ODH_charity_0616:row:3428,19055,CCCCCCCC[C@@H]1[C@H](C=C(OC1=O)c2ccccc2)c3ccccc3,ODH,32.3,0.75,24.225,train,27.14701,28.12045,29.17912
2306,ODH_charity_0616:row:2306,12802,COC(=O)[C@H](F)/C=C/c1ccc(cc1)C#N,ODH,15.5,1.0,15.5,train,15.685329,16.220043,16.761917
897,ODH_charity_0616:row:897,5065,COC(OC)[C@H](NC(C)=O)c1ccccc1,ODH,25.1,0.8,20.08,train,18.834543,19.368511,19.821243
3479,ODH_charity_0616:row:3479,19270,COc1ccc(cc1)C(=O)[C@@H](O)[C@H](C=C)c2ccccc2,ODH,39.5,0.5,19.75,train,20.09086,20.828869,21.508106
4775,ODH_charity_0616:row:4775,25030,CC[C@@]1(N(c2cc(C)ccc2C1=C)[S](=O)(=O)C(F)(F)F)c3ccccc3,ODH,7.86,0.5,3.93,train,3.6347346,4.0411177,4.4025207
4217,ODH_charity_0616:row:4217,22810,Cc1ccccc1\C=C\[C@H]2COc3ccccc3O2,ODH,7.84,1.0,7.84,train,8.165934,8.566329,8.991389
3246,ODH_charity_0616:row:3246,18144,CC(C)[C@H](COC=O)c1ccccc1,ODH,33.8,0.5,16.9,train,16.811832,17.321829,17.747652
2307,ODH_charity_0616:row:2307,12803,COC(=O)[C@@H](F)/C=C/c1ccc(cc1)C#N,ODH,16.6,1.0,16.6,train,16.75271,17.281513,17.812546
4599,ODH_charity_0616:row:4599,24338,O[C@@H]/1CCCC1=C/c2ccccc2C(F)(F)F,ODH,7.9,0.8,6.32,train,6.712808,7.181817,7.662543
1856,ODH_charity_0616:row:1856,10374,Cc1ccccc1/C=C/C=C/C[C@](C)(C=O)c2ccccc2,ODH,17.458,1.0,17.458,train,17.600609,18.253117,18.861858
4500,ODH_charity_0616:row:4500,23977,CCOC[C@H](C(=O)c1ccccc1)c2ccccc2,ODH,8.28,1.0,8.28,train,9.419942,9.874874,10.213083
1881,ODH_charity_0616:row:1881,10517,C[C@@H]1Nc2ccccc2Oc3c(Br)cccc13,ODH,14.7,0.8,11.76,train,12.058871,12.639866,13.219048
3331,ODH_charity_0616:row:3331,18535,COC(=O)[C@@H](c1ccccc1)[Si](C)(C)c2ccccc2,ODH,3.94,1.0,3.94,train,3.6262958,3.856763,4.139783
1616,ODH_charity_0616:row:1616,9183,CCCCC[C@@H]1CCc2ccccc2N1,ODH,10.64,0.6,6.384,train,6.2735963,6.7228503,7.139697
2348,ODH_charity_0616:row:2348,12990,CC(C)OC(=O)[C@]1(CC=C)N[S](=O)(=O)c2ccccc12,ODH,16.9,0.8,13.52,train,13.480494,13.878841,14.213696
3839,ODH_charity_0616:row:3839,21185,C=C[C@@H](C1CCCCC1)C(Cc2ccccc2)(C#N)C#N,ODH,6.77,1.0,6.77,train,6.996139,7.6085215,8.107449
2259,ODH_charity_0616:row:2259,12414,CCOC(=O)[C@@H]1[C@@H](CC)c2ccccc2N(C1=O)c3ccccc3,ODH,10.1,1.0,10.1,train,10.052909,10.455165,10.775016
4239,ODH_charity_0616:row:4239,22907,C[C@@H](NC(=O)OC(C)(C)C)[C@H](O)c1ccccc1,ODH,7.21,0.8,5.768,train,5.3046246,5.649195,5.9313507
4840,ODH_charity_0616:row:4840,25237,CCC[C@H](/C=C/c1ccccc1)c2ccccc2,ODH,9.46,1.0,9.46,train,8.378571,8.914396,9.368247
4102,ODH_charity_0616:row:4102,22286,Cc1ccc(C=C[C@@H](c2ccc(C)cc2)C3(SCCCS3)c4ccccc4)cc1,ODH,5.4,1.0,5.4,train,5.654145,6.129359,6.7075553
1512,ODH_charity_0616:row:1512,8557,COC(=O)[C@@H](O)c1ccccc1,ODH,11.78,1.0,11.78,train,10.782197,11.119579,11.436306
2633,ODH_charity_0616:row:2633,14429,CCOC(=O)[C@@]1(CC=C)N[S](=O)(=O)c2ccc(C)cc12,ODH,14.1,0.8,11.28,train,11.136192,11.527417,11.947976
2237,ODH_charity_0616:row:2237,12302,CCOC(=O)C1=C(C)OC(=O)C[C@@H]1c2ccc(Br)cc2,ODH,15.9,0.7,11.13,train,10.278261,10.680297,11.117369
4043,ODH_charity_0616:row:4043,22074,C1C[C@@H](c2ccccc2)c3ccccc3O1,ODH,7.0,1.0,7.0,train,7.050311,7.341931,7.6808515
1189,ODH_charity_0616:row:1189,7052,CC(C)(C)[S](=O)(=O)N[C@H]1CCCc2ccccc12,ODH,10.4,1.0,10.4,train,10.460038,10.733727,11.100387
429,ODH_charity_0616:row:429,2333,CCCCC[C@@H]1CCC2=C(CCCC2=O)N1,ODH,12.3,1.0,12.3,train,10.601568,11.584461,12.431265
2309,ODH_charity_0616:row:2309,12812,OC[C@@H](CCl)OCC#C,ODH,16.6,1.0,16.6,train,15.849753,16.267498,16.59344
3215,ODH_charity_0616:row:3215,18032,O=C1NCCN[C@@H]1c2ccccc2,ODH,28.1,1.0,28.1,train,27.386948,28.055344,28.54397
2134,ODH_charity_0616:row:2134,11773,Cc1ccc(cc1)[S](=O)(=O)N2C[C@H](C=C)C=C2c3ccccc3,ODH,15.27,0.8,12.216,train,11.990327,12.368449,12.769257
939,ODH_charity_0616:row:939,5264,Fc1ccc2N[C@H](CCc2c1)CNc3ccccc3,ODH,27.0,1.0,27.0,train,25.249765,26.028704,26.711544
4830,ODH_charity_0616:row:4830,25215,N#CC1=C(O[C@H]2C=CCC[C@@H]12)c3cscc3,ODH,10.727,1.0,10.727,train,9.720365,10.325808,10.9808445
1402,ODH_charity_0616:row:1402,8084,CCC[C@H](C=C)c1n2ccccc2c(c3ccccc3)c1c4ccccc4,ODH,9.799,1.0,9.799,train,9.71541,10.33139,10.932703
4951,ODH_charity_0616:row:4951,25748,Cc1ccc2OC(=O)[C@H](Nc2c1)c3ccccc3,ODH,13.0,0.7,9.1,train,8.282799,8.886815,9.497979
4094,ODH_charity_0616:row:4094,22272,Clc1cccc(\C=C\[C@H]2COc3ccccc3O2)c1,ODH,8.5,1.0,8.5,train,7.5086603,7.986177,8.457593
3338,ODH_charity_0616:row:3338,18575,CCOC(=O)[C@@]1(N[S](=O)(=O)c2ccccc12)\C=C/c3ccccc3,ODH,35.5,0.5,17.75,train,18.211111,18.915009,19.430626
4240,ODH_charity_0616:row:4240,22908,C[C@@](C/C=C/C=C/c1ccc(F)cc1)(C=O)c2ccccc2,ODH,7.866,1.0,7.866,train,7.6393237,7.9912267,8.284525
70,ODH_charity_0616:row:70,440,CC(C)OC(=O)[C@@H](O)c1ccc(Cl)cc1,ODH,5.9,1.0,5.9,train,5.775327,5.9260488,6.1621456
3963,ODH_charity_0616:row:3963,21719,CCOC(=O)[C@]1(N[S](=O)(=O)c2ccccc12)C(C)C=C,ODH,36.5,0.5,18.25,train,17.653566,18.20658,18.713404
1803,ODH_charity_0616:row:1803,10098,C1[C@H](Cc2cccc3ccccc23)Nc4ccccc14,ODH,13.3,0.8,10.64,train,11.656481,12.143816,12.560308
2508,ODH_charity_0616:row:2508,13834,CC1(C)OB(C[C@H](O)c2ccc3ccccc3c2)OC1(C)C,ODH,19.6,0.5,9.8,train,8.910297,9.308381,9.797819
3663,ODH_charity_0616:row:3663,20352,O[C@H](c1ccccc1)c2ccccc2Cl,ODH,41.0,1.0,41.0,train,38.192596,39.037407,39.876583
3019,ODH_charity_0616:row:3019,16705,Cc1ccc(cc1)\C=C\C2=CC(=O)O[C@@](C2)(c3ccccc3)C(F)(F)F,ODH,23.8,0.75,17.85,train,16.579485,17.27,17.846899
4025,ODH_charity_0616:row:4025,22003,CC(C)OC(=O)[C@H](Oc1ccccc1)c2ccccc2,ODH,6.3,1.0,6.3,train,6.1296577,6.436597,6.7393174
1374,ODH_charity_0616:row:1374,7898,COc1ccccc1[C@@](c2[nH]c(cc2)c3ccccc3)(c4ccccc4)c5ccc(O)cc5,ODH,12.2,1.0,12.2,train,12.379036,13.472226,14.435677
2713,ODH_charity_0616:row:2713,14971,CC1=C([C@H](CC(=O)O1)c2ccccc2)C(=O)c3ccccc3,ODH,20.0,0.7,14.0,train,15.5495,16.235933,16.793596
1600,ODH_charity_0616:row:1600,9073,CCOC(=O)/C=C/[C@@H]1[C@H](C)N1[S](=O)(=O)c2ccc(C)cc2,ODH,12.23,0.8,9.784,train,9.0267,9.663159,10.249889
4749,ODH_charity_0616:row:4749,24952,IC[C@]1(CCCCN2c3ccccc3C=Cc4ccccc24)COc5ccccc15,ODH,10.0,0.8,8.0,train,7.7169976,8.376205,8.862431
2894,ODH_charity_0616:row:2894,15934,CCOC(=O)C[C@@]12CC(=O)O[C@@H]1C[C@@H](CC2=O)c3ccccc3,ODH,38.7,0.5,19.35,train,17.56833,18.469038,19.269152
4665,ODH_charity_0616:row:4665,24542,CC(C)[C@@H](N[S](=O)(=O)C(C)(C)C)c1ccccc1,ODH,7.9,1.0,7.9,train,7.2480135,7.5386744,7.8211074
1395,ODH_charity_0616:row:1395,8043,CN(C[C@@H](CSc1sc2ccc(Cl)cc2n1)OCC=C)C(c3ccccc3)c4ccccc4,ODH,11.3,1.0,11.3,train,10.615067,11.314871,11.932691
2258,ODH_charity_0616:row:2258,12413,CC(C)C[C@@](N)(C\C=C\c1ccccc1)C(=O)OC(C)(C)C,ODH,16.1,0.5,8.05,train,5.6987185,6.1763277,6.701478
2941,ODH_charity_0616:row:2941,16214,CCOC(=O)C1=C(OC(=O)C[C@@H]1c2ccccc2)c3ccccc3,ODH,22.6,0.7,15.82,train,15.080924,15.745184,16.234707
1277,ODH_charity_0616:row:1277,7401,C[S@@](=O)c1ccc2ccccc2c1,ODH,10.784,1.0,10.784,train,10.739282,11.077849,11.38519
3157,ODH_charity_0616:row:3157,17685,Cc1ccc(cc1)[S](=O)(=O)N2CC[C@H](C2)c3cccc(F)c3,ODH,28.3,1.0,28.3,train,28.207235,29.031212,29.672472
3716,ODH_charity_0616:row:3716,20662,CC[C@@H]1C=Cc2cc(Br)c(Br)cc2[C@H]1O,ODH,50.95,1.0,50.95,train,51.39209,52.625835,53.7668
2123,ODH_charity_0616:row:2123,11715,CC(C)(C)OC(=O)[C@@](C)(N)C\C=C\c1cccc2ccccc12,ODH,12.8,0.5,6.4,train,6.8036036,7.311875,7.871246
3188,ODH_charity_0616:row:3188,17886,IC[C@@]1(CCCCN2C(=O)c3cccc4cccc2c34)COc5ccccc15,ODH,26.2,0.8,20.96,train,20.277012,20.930792,21.563034
2613,ODH_charity_0616:row:2613,14281,Cc1ccc(cc1)[S](=O)(=O)N2C[C@H]3C=CCN(C(=C3C2)CCCO)[S](=O)(=O)c4ccc(C)cc4,ODH,18.89,0.8,15.112,train,14.70703,15.278783,15.71851
2947,ODH_charity_0616:row:2947,16246,OC(=O)[C@H](Oc1ccc2ccccc2c1)c3ccccc3,ODH,20.15,1.0,20.15,train,19.828646,20.697365,21.428545
2226,ODH_charity_0616:row:2226,12258,C1[C@@H](N[C@H](c2ccccc2)c3ccccc13)c4ccccc4,ODH,16.8,0.5,8.4,train,8.482079,8.848485,9.250166
879,ODH_charity_0616:row:879,5011,COC(=O)C[C@H](C#N)c1ccccc1,ODH,24.6,0.8,19.68,train,18.336246,18.90165,19.337683
4730,ODH_charity_0616:row:4730,24801,C=C[C@@H]1CC(=C(O1)c2cocc2)C#N,ODH,9.006,1.0,9.006,train,8.9239435,9.427709,9.825138
1082,ODH_charity_0616:row:1082,6347,O=[S]1(=O)[C@H](Cc2ccccc12)c3ccc4ccccc4c3,ODH,35.4,1.0,35.4,train,33.869923,34.820446,35.66764
1526,ODH_charity_0616:row:1526,8657,CCC[C@@H](NCc1ccccc1)C(=C)Cc2ccccc2,ODH,15.154,1.0,15.154,train,14.661037,15.246385,15.7644005
3973,ODH_charity_0616:row:3973,21764,C[C@@H](\C=C\c1ccccc1)[C@@](C)(N)C(=O)OC(C)(C)C,ODH,14.4,1.0,14.4,train,10.127379,10.824827,11.528578
1081,ODH_charity_0616:row:1081,6314,Cc1ccc(C[C@@H]2CCCOC2=O)cc1,ODH,50.1,0.5,25.05,train,24.123714,24.681614,25.293388
2473,ODH_charity_0616:row:2473,13677,CCCCC(=O)[C@H](NC(=O)OC(C)(C)C)c1ccc(Br)cc1,ODH,14.3,0.5,7.15,train,6.9775343,7.3962283,7.785356
4693,ODH_charity_0616:row:4693,24652,CCCC[C@@H]1NCc2ccc(C)cc2[C@H]1F,ODH,8.9,0.8,7.12,train,7.2522016,7.5675225,7.9128804
2452,ODH_charity_0616:row:2452,13556,C1[C@H](Cc2ccccc2)Oc3ccccc3N1Cc4ccccc4,ODH,21.1,0.5,10.55,train,10.384245,10.818785,11.220504
1789,ODH_charity_0616:row:1789,10008,CC[C@H](COC=O)c1ccccc1,ODH,13.7,0.5,6.85,train,6.4387665,6.789811,7.088563
1873,ODH_charity_0616:row:1873,10434,COc1ccccc1[C@H](CO)CCl,ODH,17.4,1.0,17.4,train,16.927298,17.358273,17.724483
377,ODH_charity_0616:row:377,2030,CCCCCCCC[C@H]1CCC2=C(CCCC2=O)N1,ODH,8.7,1.0,8.7,train,8.931245,9.900616,10.713252
832,ODH_charity_0616:row:832,4771,F[C@@H](c1ccccc1)C(=O)c2nccn2c3ccccc3,ODH,36.8,1.0,36.8,train,35.90593,37.017647,37.894512
154,ODH_charity_0616:row:154,910,Cc1ccc(cc1)[S@](=O)[C@@H]([C@@H](N=Cc2ccccc2O)c3ccccc3)c4ccccc4,ODH,9.918,0.8,7.9344,train,7.877891,8.7514925,9.328919
4186,ODH_charity_0616:row:4186,22672,COc1ccc(cc1)C2=CC(=O)O[C@](C2)(c3ccccc3)C(F)(F)F,ODH,60.1,0.75,45.075,train,42.375256,43.580563,44.6697
2256,ODH_charity_0616:row:2256,12411,CC(C)C[C@@](N)(C\C=C\c1ccccc1)C(=O)OC(C)(C)C,ODH,16.1,0.5,8.05,train,5.576488,6.062533,6.596539
3489,ODH_charity_0616:row:3489,19331,FC(F)(F)c1ccc(cc1)[C@@H]2COc3ccccc3C2,ODH,34.1,0.5,17.05,train,15.950561,16.459774,17.010551
4591,ODH_charity_0616:row:4591,24321,Cc1ccc(cc1)[C@]2(CCC(=O)O2)C(=O)OC(c3ccccc3)c4ccccc4,ODH,21.3,0.75,15.975,train,14.837237,15.643686,16.3399
2045,ODH_charity_0616:row:2045,11406,COc1cccc(c1)[C@@H]2Cc3ccccc3C(=O)C(=N2)c4ccccc4O,ODH,19.9,0.8,15.92,train,15.453875,16.055332,16.591215
4087,ODH_charity_0616:row:4087,22223,CN1CCc2ccccc2[C@@H]1CCc3ccccc3,ODH,6.6,0.7,4.62,train,4.822279,5.2309217,5.570152
4205,ODH_charity_0616:row:4205,22747,CC(C)c1ccc(C[C@](C)(C\C=C\C=C\c2ccccc2)C=O)cc1,ODH,7.55,1.0,7.55,train,7.28604,7.7602696,8.108625
3358,ODH_charity_0616:row:3358,18664,COC(=O)[C@@]1(CC=C)N[S](=O)(=O)c2ccccc12,ODH,19.6,0.8,15.68,train,15.646121,16.10196,16.512617
1974,ODH_charity_0616:row:1974,10991,CC(=O)c1ccc(cc1)c2oc(C)c3Cc4ccccc4N5CCOC[C@@H]5c23,ODH,14.3,0.8,11.44,train,11.436381,12.045614,12.584195
2806,ODH_charity_0616:row:2806,15548,CCOC(=O)CN1C(=O)OC[C@@]1(CC=C)c2ccccc2,ODH,21.1,0.8,16.88,train,16.81351,17.371157,17.935211
1656,ODH_charity_0616:row:1656,9388,CC[C@@H](C#Cc1sccc1)c2ccccc2,ODH,13.82,0.7,9.674,train,9.872619,10.474633,10.996517
423,ODH_charity_0616:row:423,2310,O[C@H]1CCc2cc(F)ccc12,ODH,12.2,1.0,12.2,train,11.908209,12.378865,12.762688
1307,ODH_charity_0616:row:1307,7537,O=C1Oc2ccccc2N[C@@H]1c3ccccc3,ODH,15.0,0.7,10.5,train,9.64126,10.149488,10.569059
3851,ODH_charity_0616:row:3851,21232,O=C(O[C@H]1C[C@@H](C2=CC=C(Br)C=C2)N3C4=C1C=C(Cl)C=C4CC[C@H]3C5=CC=CC=C5)NCC6=CC=CC=C6,ODH,13.45,1.0,13.45,train,12.726891,13.583855,14.41344
3627,ODH_charity_0616:row:3627,20189,C[C@@H](\C=C\c1ccccc1)[C@@](N)(COC(C)(C)C)C(=O)OC(C)(C)C,ODH,4.1,1.0,4.1,train,2.5633285,3.2974524,4.0616846
3191,ODH_charity_0616:row:3191,17912,O=C1N(Cc2ccccc2)C[C@](CC#Cc3ccccc3)(Cc4ccccc4)c5ccccc15,ODH,27.7,0.8,22.16,train,21.29732,22.123732,22.85727
988,ODH_charity_0616:row:988,5752,OC[C@@H]1[C@H](C[C@H]1c2cccn2CC=C)c3ccc(Cl)cc3,ODH,22.6,1.0,22.6,train,22.313158,22.943996,23.561275
1584,ODH_charity_0616:row:1584,8985,CC(O)C[C@@H](C)\C=C\c1ccccc1,ODH,13.56,0.9,12.204,train,11.555361,11.889684,12.23005
3057,ODH_charity_0616:row:3057,16988,Cc1ccc(cc1)[S](=O)(=O)N2C(=O)[C@@H]([C@H](C=C2c3occc3)c4ccccc4)c5ccccc5,ODH,21.0,0.75,15.75,train,15.292488,15.985032,16.517923
99,ODH_charity_0616:row:99,564,CC(C)(C)OC(=O)N[C@@H](c1ccccc1)c2ccc(Cl)cc2,ODH,6.9,0.7,4.83,train,4.5709286,4.797994,5.1349926
971,ODH_charity_0616:row:971,5587,Cc1ccc(cc1)[S](=O)(=O)N2CC[C@@H](C2)C#N,ODH,28.2,1.0,28.2,train,27.795933,28.44863,28.994415
576,ODH_charity_0616:row:576,3345,CC(C)(O)C[C@H]1CCc2ccccc2N1,ODH,15.7,0.8,12.56,train,10.786884,11.376201,11.9158945
2943,ODH_charity_0616:row:2943,16216,C[C@]1(CN(Cc2ccccc2)C(=O)c3ccccc13)Cc4ccc5n(c6ccccc6)c7ccccc7c5c4,ODH,22.6,1.0,22.6,train,21.92844,22.675734,23.391144
1279,ODH_charity_0616:row:1279,7403,BrC[C@@H]1CC(CN1[S](=O)(=O)c2ccccc2)(c3ccccc3)c4ccccc4,ODH,10.79,1.0,10.79,train,10.303125,10.919098,11.483591
3281,ODH_charity_0616:row:3281,18296,Cc1ccc(cc1)[S](=O)(=O)N2C(=O)C[C@@H](C=C2c3ccccc3)c4ccccc4F,ODH,25.6,0.7,17.92,train,17.359234,17.986166,18.545345
2985,ODH_charity_0616:row:2985,16489,COC(=O)[C@@](C)(N)[C@H](C=C)c1cc(Cl)cc(Cl)c1,ODH,19.9,0.3,5.97,train,6.3785434,6.8647776,7.350518
95,ODH_charity_0616:row:95,521,CC(C)OC(=O)[C@H](O)c1ccc(F)cc1,ODH,6.7,1.0,6.7,train,6.4785967,6.810819,7.09174
277,ODH_charity_0616:row:277,1586,CC1(C)CN(C(=O)Nc2cc(cc(c2)C(F)(F)F)C(F)(F)F)[C@](CN=[N+]=[N-])(C1)c3ccccc3,ODH,10.18,0.8,8.144,train,8.334166,9.062771,9.60502
1199,ODH_charity_0616:row:1199,7087,CCC[C@H](NCc1sccc1)C=C,ODH,10.471,0.5,5.2355,train,5.089969,5.4537563,5.8000317
609,ODH_charity_0616:row:609,3500,O=C1Nc2ccccc2N[C@H]1c3sccc3,ODH,16.3,1.0,16.3,train,15.60428,16.093184,16.52757
4455,ODH_charity_0616:row:4455,23822,ClC[C@H]1CO[C@H]([C@@H]1I)c2ccccc2,ODH,6.5,1.0,6.5,train,6.5139894,6.8189077,7.0672665
2221,ODH_charity_0616:row:2221,12230,COc1ccc(cc1)C(=O)C(=[N+]=[N-])[C@H](N)C(F)(F)F,ODH,15.861,1.0,15.861,train,15.494202,16.129053,16.75532
1176,ODH_charity_0616:row:1176,7006,COc1ccc2[C@@H](C[S](=O)(=O)Oc2c1)c3ccccc3,ODH,11.1,1.0,11.1,train,10.693221,11.056146,11.4354105
303,ODH_charity_0616:row:303,1712,C[C@H](CC(=O)c1ccccc1C)[S](=O)(=O)c2ccc(C)cc2,ODH,12.2,1.0,12.2,train,11.796611,12.205065,12.6157255
2865,ODH_charity_0616:row:2865,15838,CCOC(=O)[C@]1(N[S](=O)(=O)c2ccc(cc12)C(F)(F)F)C#Cc3ccccc3,ODH,21.7,0.5,10.85,train,11.701035,12.366056,12.8974695
3670,ODH_charity_0616:row:3670,20381,O=C1C[C@H](C=C(O1)c2ccc3ccccc3c2)c4ccccc4,ODH,49.3,0.5,24.65,train,23.002922,23.83392,24.46616
4955,ODH_charity_0616:row:4955,25790,O[C@@H]1CCCC2(OCCO2)[C@@H]1c3ccccc3,ODH,10.953,1.0,10.953,train,11.595659,12.213252,12.730337
4369,ODH_charity_0616:row:4369,23479,CC(=C)C[C@@H]1CC(=NO1)c2ccc(Cl)cc2,ODH,7.83,0.8,6.264,train,6.1620636,6.501008,6.8840013
4707,ODH_charity_0616:row:4707,24715,Cc1ccc(cc1)[S](=O)(=O)N2C(=O)C[C@H](C=C2c3ccccc3)c4sccc4,ODH,83.5,0.6,50.1,train,48.540535,49.769463,50.7694
2736,ODH_charity_0616:row:2736,15110,Cc1cn2c3c(cccc13)C(=O)O[C@]24C(=O)N(Cc5ccccc5)c6ccccc46,ODH,22.8,0.8,18.24,train,16.80706,17.41915,17.975477
43,ODH_charity_0616:row:43,306,CCOC(=O)[C@@H](CC=O)C(C)C,ODH,5.8,1.0,5.8,train,5.99234,6.2869735,6.570176
3952,ODH_charity_0616:row:3952,21670,CCOC(=O)[C@@]1(N[S](=O)(=O)c2ccccc12)C#Cc3ccc(cc3)c4ccccc4,ODH,65.1,0.5,32.55,train,32.436886,33.469994,34.3846
2056,ODH_charity_0616:row:2056,11443,C[C@@]1(CC=Cc2ccccc2)CC(=NO1)c3ccccc3,ODH,14.88,0.8,11.904,train,11.513697,11.937951,12.33622
3178,ODH_charity_0616:row:3178,17777,Cc1ccc(cc1)[S](=O)(=O)N2CC[C@@H](C[C@@H]2c3ccccc3)c4ccccc4,ODH,24.2,0.5,12.1,train,12.049226,12.515693,13.013441
1314,ODH_charity_0616:row:1314,7557,CC[C@]1(N(c2ccc(C)cc2C1=C)[S](=O)(=O)C(F)(F)F)c3ccc(C)cc3,ODH,10.9,1.0,10.9,train,9.562945,10.0092,10.5254965
3551,ODH_charity_0616:row:3551,19773,COC(=O)[C@]1(OC(=O)c2cc3ccccc3n12)c4ccc(C)cc4,ODH,37.4,0.3,11.22,train,10.799226,11.117541,11.53739
1347,ODH_charity_0616:row:1347,7780,C[C@H]1C(\C=C\c2ccccc2)N(c3cc(C)c(C)cc13)[S](=O)(=O)C(F)(F)F,ODH,10.8,0.5,5.4,train,4.787663,5.197401,5.6053023
2627,ODH_charity_0616:row:2627,14371,CCc1cc2[C@H](O)[C@@H]3O[C@@H]3C(=O)c2cc1CC,ODH,16.9,0.6,10.14,train,9.990243,10.59884,11.122308
2293,ODH_charity_0616:row:2293,12671,Oc1ccccc1C2=N[C@H](Cc3ccccc3C2=O)c4cscc4,ODH,16.4,0.7,11.48,train,11.566507,12.098044,12.601297
3846,ODH_charity_0616:row:3846,21206,CCOC(=O)[C@@H](O)c1ccccc1,ODH,5.71,2.0,11.42,train,10.580725,10.992421,11.374723
4193,ODH_charity_0616:row:4193,22704,CC(C)OC(=O)[C@@H](F)\C=C\c1ccccc1,ODH,7.0,1.0,7.0,train,6.8360624,7.033997,7.274035
1480,ODH_charity_0616:row:1480,8424,CC(C)(C)OC(=O)[C@H](CC=C)NC(=O)c1ccccc1,ODH,5.3,1.0,5.3,train,4.6635957,4.9779787,5.3509226
2014,ODH_charity_0616:row:2014,11235,COc1ccccc1[C@@H]2Nc3ccccc3N(C)C2=O,ODH,14.6,1.0,14.6,train,13.116531,13.636721,14.146396
1270,ODH_charity_0616:row:1270,7364,C1CSC(SC1)([C@@H](C=Cc2ccccc2)c3ccccc3)c4sccc4,ODH,8.2,1.0,8.2,train,7.623527,8.158497,8.615828
4354,ODH_charity_0616:row:4354,23430,O[C@@H]/1CCCC1=C/c2ccccc2Cl,ODH,6.5,0.8,5.2,train,4.969664,5.2403655,5.5292954
3445,ODH_charity_0616:row:3445,19147,C[C@](C=O)(c1ccccc1)c2ccc(cc2)[N+]([O-])=O,ODH,32.78,0.6,19.668,train,19.713488,20.42911,20.961063
2280,ODH_charity_0616:row:2280,12590,Cc1ccc(cc1)[C@@H](C=C)[C@H](O)C(=O)c2ccccc2,ODH,16.3,0.5,8.15,train,7.496601,7.8666434,8.222759
1914,ODH_charity_0616:row:1914,10643,CCOc1ccc2C(=O)N(C[C@H](Oc2c1)C=C)[S](=O)(=O)c3ccc(C)cc3,ODH,15.28,1.0,15.28,train,15.178862,15.795281,16.425663
3250,ODH_charity_0616:row:3250,18160,C[C@H](O)[C@H](Nc1ccccc1)c2ccccc2,ODH,17.77,1.0,17.77,train,18.120895,18.784678,19.369022
4067,ODH_charity_0616:row:4067,22150,CCCC(=O)O\C(c1ccccc1)=C\2[C@@H]([C@H](C)C=C2c3ccccc3)c4cccc(F)c4,ODH,6.5,0.7,4.55,train,4.3107257,4.982958,5.6234713
2710,ODH_charity_0616:row:2710,14967,CCC[C@]1(C(=O)OCC=C)C(=O)N(C(=O)C(c2ccccc2)c3ccccc3)c4ccccc14,ODH,14.0,0.5,7.0,train,6.7156963,7.444924,8.0213175
2341,ODH_charity_0616:row:2341,12971,N[C@H](C(=[N+]=[N-])C(=O)c1ccc2ccccc2c1)C(F)(F)F,ODH,15.858,1.0,15.858,train,15.709363,16.50019,17.165854
4678,ODH_charity_0616:row:4678,24592,C=C1C[C@@](CC#C)(C(=O)O1)c2ccc(cc2)c3ccccc3,ODH,8.89,2.0,17.78,train,17.555494,18.328745,18.991545
133,ODH_charity_0616:row:133,759,COC(=O)C[C@H](B1OC(C)(C)C(C)(C)O1)c2ccccc2,ODH,11.6,0.5,5.8,train,4.918569,5.2876387,5.739689
2411,ODH_charity_0616:row:2411,13289,CCCCC[C@H](C=C)n1ccc2cc(ccc12)C(=O)OC,ODH,14.2,1.0,14.2,train,14.266393,14.9112425,15.552756
4927,ODH_charity_0616:row:4927,25622,Cc1cc([C@@H](C(=O)OCc2ccccc2)c3cccc(Br)c3)c(C)n1Cc4ccccc4,ODH,9.8,0.7,6.86,train,6.5598106,7.111305,7.572522
3322,ODH_charity_0616:row:3322,18509,CN1CCc2ccccc2[C@@H]1c3ccc(Cl)cc3,ODH,3.8,1.0,3.8,train,4.001287,4.328797,4.6127634
2313,ODH_charity_0616:row:2313,12836,C=C[C@H](C1CC1)c2n3ccccc3cc2c4ccccc4,ODH,16.669,0.7,11.6683,train,11.9625635,12.635146,13.211103
2095,ODH_charity_0616:row:2095,11575,O=COC[C@@H](C1=C2C=CC=CC2=CC=C1)C,ODH,15.0,0.5,7.5,train,7.4172397,7.950791,8.390242
3659,ODH_charity_0616:row:3659,20325,COc1ccc(C[C@H]2NCCc3cc(OC)c(OC)cc23)cc1OC,ODH,40.78,1.0,40.78,train,39.13595,39.931606,40.69655
575,ODH_charity_0616:row:575,3344,CC(C)(O)C[C@@H]1CCc2ccccc2N1,ODH,13.0,0.8,10.4,train,9.222888,9.753705,10.234086
711,ODH_charity_0616:row:711,4099,COc1ccc2[C@@H](O)CCc2c1,ODH,19.1,1.0,19.1,train,19.05143,19.62432,20.174362
1738,ODH_charity_0616:row:1738,9745,COc1ccc(cc1OC)[C@H](C[N+]([O-])=O)c2ccccc2,ODH,12.9,1.5,19.35,train,19.183876,19.901419,20.397213
249,ODH_charity_0616:row:249,1427,CCOC(=O)C[C@@H](Sc1ccc(F)cc1)c2ccccc2,ODH,9.6,1.0,9.6,train,9.933418,10.695712,11.373725
1812,ODH_charity_0616:row:1812,10168,OC[C@@H]1COC2(CCC2)c3ccccc3O1,ODH,12.4,1.0,12.4,train,12.07148,12.512703,12.909112
2356,ODH_charity_0616:row:2356,13025,Brc1cccc(c1)[C@H]2CNc3ccccc3N2,ODH,16.9,0.6,10.14,train,10.288408,10.744011,11.241433
2152,ODH_charity_0616:row:2152,11855,COC(=O)[C@H](O)c1ccc(Cl)cc1,ODH,13.28,1.0,13.28,train,12.794,13.267816,13.737576
1897,ODH_charity_0616:row:1897,10578,COC(=O)[C@H](O)c1ccc2ccccc2c1,ODH,12.02,1.0,12.02,train,13.983582,14.628208,15.202142
647,ODH_charity_0616:row:647,3742,OC[C@@H]1[C@H](C[C@H]1c2cccn2CC=C)c3ccccc3,ODH,12.6,1.0,12.6,train,12.460191,12.997466,13.486428
1734,ODH_charity_0616:row:1734,9732,CC1(C)CO[C@](C)(CO)CO1,ODH,12.9,1.0,12.9,train,12.642291,12.962214,13.176551
1885,ODH_charity_0616:row:1885,10527,C[C@@H]1CCC(=O)O[C@H]1c2ccc(cc2)[N+]([O-])=O,ODH,15.2,1.0,15.2,train,15.418379,16.039928,16.582796
892,ODH_charity_0616:row:892,5046,C[C@@H](CC=O)CC(CC=C(C)C)([S](=O)(=O)c1ccccc1)[S](=O)(=O)c2ccccc2,ODH,22.4,1.0,22.4,train,21.964146,22.528826,23.04086
453,ODH_charity_0616:row:453,2461,C[C@H](CC(=O)c1ccc(Cl)cc1)[S](=O)(=O)c2ccc(C)cc2,ODH,16.3,1.0,16.3,train,15.193903,15.784154,16.37473
4845,ODH_charity_0616:row:4845,25277,Clc1ccc(cc1)C2=C(C[C@@H](O2)C=C)C#N,ODH,11.572,1.0,11.572,train,10.605755,11.146512,11.687477
87,ODH_charity_0616:row:87,486,CCCCCC[C@H](C)c1cc2cc(ccc2n1c3ccc(cn3)c4cc(cc(c4)C(F)(F)F)C(F)(F)F)c5ccc(cc5)C(F)(F)F,ODH,6.6,0.6,3.96,train,4.397515,5.220689,5.885944
3943,ODH_charity_0616:row:3943,21594,CC(C)(C)OC(=O)OC[C@]1(CC=C)C(=O)N(COCc2ccccc2)c3ccccc13,ODH,55.0,0.8,44.0,train,38.73829,39.898872,40.879097
1611,ODH_charity_0616:row:1611,9144,CCOC(=O)C1=C(C)OC(=O)C[C@H]1c2ccccc2,ODH,12.3,0.75,9.225,train,8.452477,8.972411,9.462342
3357,ODH_charity_0616:row:3357,18661,COc1cccc(c1)[C@@H]2[C@H](O)CCCC23OCCO3,ODH,24.507,1.0,24.507,train,23.109299,23.928223,24.663588
416,ODH_charity_0616:row:416,2289,FC(F)(F)C[C@@]1(CC(=NO1)c2ccccc2)\C=C\c3ccccc3,ODH,10.38,0.8,8.304,train,8.081028,8.611584,9.027756
4703,ODH_charity_0616:row:4703,24703,Cc1ccc2N(Cc3ccccc3)C(=O)[C@]4(OC(=O)c5cc6ccccc6n45)c2c1Br,ODH,72.7,0.3,21.81,train,20.654785,21.406378,22.095192
713,ODH_charity_0616:row:713,4103,Cc1cccc2c1[nH]cc2[C@H](\C=C\c3ccccc3)c4ccccc4,ODH,19.152,1.0,19.152,train,18.128145,18.8965,19.57808
2215,ODH_charity_0616:row:2215,12217,CC[C@@H]1NCCc2cc(OC)ccc12,ODH,13.57,1.0,13.57,train,13.568987,14.028841,14.532634
798,ODH_charity_0616:row:798,4605,O=CC[C@@H](Cc1ccccc1)C(=O)Oc2ccccc2,ODH,21.8,1.0,21.8,train,20.956469,21.770144,22.41812
2598,ODH_charity_0616:row:2598,14189,C=C[C@@H](C1CCCCC1)c2n3ccccc3cc2c4ccccc4,ODH,17.307,1.0,17.307,train,16.745352,17.697895,18.516592
1545,ODH_charity_0616:row:1545,8756,N[C@@H](C(=[N+]=[N-])C(=O)c1ccc(F)cc1)C(F)(F)F,ODH,11.938,1.0,11.938,train,11.563771,12.050668,12.3844795
258,ODH_charity_0616:row:258,1459,CC1(C)CN(C(=O)Nc2cc(Cl)cc(Cl)c2)[C@@](CN=[N+]=[N-])(C1)c3ccccc3,ODH,12.72,1.0,12.72,train,11.674363,12.178197,12.533329
3396,ODH_charity_0616:row:3396,18845,COC(=O)/C=C/[C@@H](NCc1ccccc1)c2ccc3ccccc3c2,ODH,14.4,0.6,8.64,train,8.023405,8.701714,9.305352
4636,ODH_charity_0616:row:4636,24469,CC(C)Oc1ccc(cc1)\C=C\2CC[C@H]2O,ODH,7.782,0.8,6.2256,train,6.5970287,6.859811,7.1084247
452,ODH_charity_0616:row:452,2460,C[C@@H](CC(=O)c1ccc(F)cc1)[S](=O)(=O)c2ccc(C)cc2,ODH,12.7,1.0,12.7,train,12.70111,13.130467,13.496669
1768,ODH_charity_0616:row:1768,9931,CCOc1ccc2sc(S[C@H](CN[S](=O)(=O)c3ccc(C)cc3)c4ccccc4)nc2c1,ODH,15.5,1.0,15.5,train,15.412961,16.042982,16.569805
439,ODH_charity_0616:row:439,2399,COc1ccc2[C@H](C)N[S](=O)(=O)Oc2c1,ODH,10.3,0.8,8.24,train,8.15418,8.396494,8.720553
862,ODH_charity_0616:row:862,4908,O[C@@H](CBr)c1ccccc1,ODH,23.8,1.0,23.8,train,22.844633,23.294718,23.703888
942,ODH_charity_0616:row:942,5273,O=CC[C@H](Cc1ccccc1)C(=O)OC(c2ccccc2)c3ccccc3,ODH,23.6,1.0,23.6,train,23.382309,24.099754,24.615925
1557,ODH_charity_0616:row:1557,8832,[N-]=[N+]=N[C@@H]1CCCC[C@H]1c2cccc3ccccc23,ODH,12.0,0.7,8.4,train,8.467565,8.987269,9.491755
842,ODH_charity_0616:row:842,4833,O[C@@H]1CCCc2occc12,ODH,28.9,1.0,28.9,train,28.134357,28.894642,29.599432
963,ODH_charity_0616:row:963,5451,CCCCC[C@@H]1Nc2ccccc2C[C@@H]1CCCC,ODH,32.9,0.3,9.87,train,9.480252,10.066749,10.674863
4218,ODH_charity_0616:row:4218,22811,Cc1ccccc1\C=C\[C@@H]2COc3ccccc3O2,ODH,7.12,1.0,7.12,train,6.9170723,7.2826095,7.6896615
4578,ODH_charity_0616:row:4578,24279,Cc1ccc2N[C@@H]([C@@H]3CCO[C@@H]3c2c1)c4ccc(cc4)[N+]([O-])=O,ODH,21.42,1.0,21.42,train,20.26342,21.247192,22.206892
1373,ODH_charity_0616:row:1373,7897,COc1ccccc1/C=C/[C@@H](C)[C@](C)(N)C(=O)OC(C)(C)C,ODH,11.2,1.0,11.2,train,9.450024,10.102089,10.729223
2791,ODH_charity_0616:row:2791,15464,Cc1ccc(C)c2C(=O)[C@H]3O[C@H]3[C@@H](O)c12,ODH,18.1,0.6,10.86,train,10.701576,11.167074,11.574649
1229,ODH_charity_0616:row:1229,7219,CCOC(=O)CC[C@@H]1Cc2ccccc2N1,ODH,13.6,1.0,13.6,train,12.88253,13.421915,13.896561
3086,ODH_charity_0616:row:3086,17182,CC(=O)[C@@](O)(Cn1cncn1)c2cc(F)ccc2F,ODH,17.53,1.0,17.53,train,17.488838,17.98029,18.42068
3476,ODH_charity_0616:row:3476,19258,Cc1ccc(cc1)[S](=O)(=O)N2CC[C@@H](C2)c3ccccc3Cl,ODH,33.5,1.0,33.5,train,33.335896,34.16644,34.916206
4016,ODH_charity_0616:row:4016,21974,CCC[C@H](C=C)C(Cc1ccccc1)(C#N)C#N,ODH,7.15,1.0,7.15,train,7.3630557,7.8671026,8.280984
2110,ODH_charity_0616:row:2110,11650,CC(C)(C)OC(=O)C[C@@](N)(C\C=C\c1ccccc1)C(=O)OC(C)(C)C,ODH,15.1,0.5,7.55,train,6.511515,7.117531,7.642523
3449,ODH_charity_0616:row:3449,19154,CCC[C@@]1(CI)COc2ccccc12,ODH,32.8,0.5,16.4,train,15.494083,16.030453,16.525087
3372,ODH_charity_0616:row:3372,18755,O[C@@]1([C@H](C=C)c2ccc3OCOc3c2)C(=O)N(Cc4cccc5ccccc45)c6ccccc16,ODH,30.86,1.0,30.86,train,27.87448,29.019573,29.733997
2279,ODH_charity_0616:row:2279,12589,Cc1ccc(cc1)[C@H](C=C)[C@H](O)C(=O)c2ccccc2,ODH,12.3,0.5,6.15,train,6.1326585,6.4691477,6.8018374
4498,ODH_charity_0616:row:4498,23971,COc1cccc(C[C@@]2(C\C=C\c3ccccc3)C(=NN(C2=O)c4ccc(C)cc4)C)c1,ODH,8.278,1.0,8.278,train,7.197735,7.798784,8.3895035
4639,ODH_charity_0616:row:4639,24476,CC[C@H](C#Cc1ccccc1)c2ccccc2C,ODH,8.74,0.7,6.118,train,6.208738,6.5798125,6.9808955
870,ODH_charity_0616:row:870,4939,Cc1ccc(cc1)C(=O)C[C@@H]2CCCCN2C(=O)OCc3ccccc3,ODH,24.0,0.5,12.0,train,12.010061,12.601881,13.216718
2398,ODH_charity_0616:row:2398,13213,Fc1ccc2OC(=O)C[C@@H](c3ccccc3)c2c1,ODH,17.15,1.0,17.15,train,16.164873,16.686068,17.101072
599,ODH_charity_0616:row:599,3472,C[C@@H](CCCCOc1ccccc1)CCN(Cc2ccccc2)Cc3ccccc3,ODH,16.1,1.0,16.1,train,14.475672,15.340929,16.071148
9,ODH_charity_0616:row:9,120,CC1(C)COC(OC1)c2ccc(cc2)[C@@]3(C)CC(C)(C)CN3C(=S)Nc4cc(cc(c4)C(F)(F)F)C(F)(F)F,ODH,4.52,1.0,4.52,train,3.8076575,4.184976,4.6435413
1369,ODH_charity_0616:row:1369,7885,COc1ccc(OC)c(c1)[C@H](C)N[S](=O)(=O)C(C)(C)C,ODH,11.2,1.0,11.2,train,10.909295,11.3048,11.631878
3848,ODH_charity_0616:row:3848,21211,Cc1cccc(c1)[C@@](C)(C\C=C\C=C\c2ccccc2)C=O,ODH,5.743,1.0,5.743,train,5.822596,6.282253,6.691622
1476,ODH_charity_0616:row:1476,8418,O=C1CC[C@](O1)(C(=O)OCc2ccccc2)c3ccccc3,ODH,22.9,0.75,17.175,train,15.098644,15.872519,16.418497
340,ODH_charity_0616:row:340,1865,CCOC(=O)[C@@H](CC=O)Cc1occc1,ODH,10.9,1.0,10.9,train,10.137,10.7251215,11.254921
4843,ODH_charity_0616:row:4843,25272,CC1(C)OC[C@@H](CO)Oc2cc(Cl)ccc12,ODH,11.1,1.0,11.1,train,10.683001,11.036869,11.375068
369,ODH_charity_0616:row:369,2007,CCOC(=O)C[C@H](B1OC(C)(C)C(C)(C)O1)c2ccc3ccccc3c2,ODH,10.3,0.5,5.15,train,4.363933,4.6706305,5.044192
1212,ODH_charity_0616:row:1212,7133,FC(F)(F)c1cc(N[C@@H]2C=CC(=O)[C@]2(Cc3ccccc3)c4ccccc4)cc(c1)C(F)(F)F,ODH,14.8,1.0,14.8,train,13.976577,14.980375,15.878308
3168,ODH_charity_0616:row:3168,17741,CCOC(=O)[C@@]1(N[S](=O)(=O)c2ccc(C)cc12)C#Cc3ccccc3,ODH,33.6,0.5,16.8,train,16.345284,16.974865,17.428316
2374,ODH_charity_0616:row:2374,13111,CCCCC[C@@H](C=C)c1c[nH]c2c(OC)cccc12,ODH,17.0,1.0,17.0,train,16.309156,16.98444,17.567884
1041,ODH_charity_0616:row:1041,6123,COC(=O)[C@H]1COc2ccc(OC)cc2O1,ODH,38.2,1.0,38.2,train,34.441715,35.526905,36.382008
4502,ODH_charity_0616:row:4502,23985,CCC[C@H]1NCc2ccccc2[C@H]1F,ODH,10.3,0.8,8.24,train,7.9624324,8.239075,8.480203
3255,ODH_charity_0616:row:3255,18205,CC[C@@]1(C(=O)OCC=C)C(=O)N(C(=O)C(c2ccccc2)c3ccccc3)c4ccccc14,ODH,28.8,0.5,14.4,train,14.012734,14.7777195,15.390923
3608,ODH_charity_0616:row:3608,20073,COc1ccc([C@@H](C)c2ccccc2)c(CC=C)c1,ODH,4.0,1.0,4.0,train,4.107187,4.423182,4.6805305
3583,ODH_charity_0616:row:3583,19983,[O-][N+](=O)C[C@H](c1ccccc1)c2ccccc2Cl,ODH,39.3,1.0,39.3,train,37.260555,38.10965,38.751102
3933,ODH_charity_0616:row:3933,21555,CCOC(=O)[C@H]1[C@@H]2N(C(=O)c3ccccc13)[S](=O)(=O)c4ccccc24,ODH,45.9,0.5,22.95,train,22.944862,23.68277,24.359371
3273,ODH_charity_0616:row:3273,18264,CCOC(=O)[C@]1(N[S](=O)(=O)c2ccccc12)C#Cc3ccc(F)cc3,ODH,29.0,0.5,14.5,train,15.092445,15.646885,16.146177
4075,ODH_charity_0616:row:4075,22180,COc1ccccc1[C@@](C)(CC(=C)c2ccccc2)C=O,ODH,6.553,1.0,6.553,train,6.569523,6.9907856,7.384692
3453,ODH_charity_0616:row:3453,19171,CCO[P](=O)(OCC)[C@]12CC(=CC(=O)N1[S](=O)(=O)Oc3ccccc23)c4ccc(OC)cc4,ODH,32.9,0.8,26.32,train,24.677523,25.580238,26.325632
4509,ODH_charity_0616:row:4509,24007,CC(C)(C)[S](=O)(=O)N[C@@H](C1CCCC1)c2ccccc2,ODH,8.3,1.0,8.3,train,7.649741,7.883715,8.174238
3268,ODH_charity_0616:row:3268,18253,CCC[C@@H](Nc1ccc(C)cc1)C(=C)CC,ODH,30.535,1.0,30.535,train,29.968634,30.809177,31.602709
3612,ODH_charity_0616:row:3612,20097,CCCCO[C@@H](c1ccc(cc1)c2ccccc2)c3ccccc3c4ccccc4,ODH,4.1,1.0,4.1,train,4.4882665,4.962999,5.436921
1513,ODH_charity_0616:row:1513,8558,COC(=O)[C@H](O)c1ccccc1,ODH,7.74,1.0,7.74,train,7.7142196,8.024352,8.318247
756,ODH_charity_0616:row:756,4249,COc1ccc2[C@H](CCN(c2c1)[S](=O)(=O)c3ccc(C)cc3)CC(=O)NC(C)(C)c4ccccn4,ODH,19.9,0.8,15.92,train,16.386168,16.877848,17.45959
2395,ODH_charity_0616:row:2395,13198,FC(F)(F)c1ccc(cc1)[C@H]2CNc3ccccc3N2,ODH,17.1,0.6,10.26,train,10.446166,10.885296,11.371276
600,ODH_charity_0616:row:600,3473,COc1ccccc1C[C@@H](CC=O)C(=O)OC(C)C,ODH,18.5,1.0,18.5,train,17.437042,18.028412,18.465845
1440,ODH_charity_0616:row:1440,8323,CCOc1ccc(cc1)C2=C[C@@H](CN2[S](=O)(=O)c3ccc(C)cc3)C(C)=C,ODH,10.44,0.8,8.352,train,8.694525,9.019869,9.345637
2074,ODH_charity_0616:row:2074,11496,CC(C)(C)OC(=O)[C@](N)(CC=C)C\C=C\c1ccccc1,ODH,5.7,1.0,5.7,train,5.091184,5.448191,5.855246
4248,ODH_charity_0616:row:4248,22938,CC1(C)OC[C@@H](CO)Oc2ccc(OCC=C)cc12,ODH,10.4,1.0,10.4,train,10.748083,11.24293,11.754882
1137,ODH_charity_0616:row:1137,6722,C[C@H](N[S](=O)(=O)C(C)(C)C)c1ccccc1,ODH,10.1,1.0,10.1,train,9.153924,9.364568,9.639109
3692,ODH_charity_0616:row:3692,20527,Brc1ccc(\C=C\[C@@H]2COc3ccccc3O2)cc1,ODH,43.14,1.0,43.14,train,41.290207,42.179157,42.974525
734,ODH_charity_0616:row:734,4187,CCOC(=O)C[C@H]1Nc2cc(ccc2OC1=O)C(C)(C)C,ODH,17.1,1.0,17.1,train,15.942677,16.485176,16.967688
3864,ODH_charity_0616:row:3864,21263,Cc1ccc(O[C@H](C(=O)OCc2ccccc2)c3ccccc3)cc1,ODH,5.8,1.0,5.8,train,5.600305,6.2289004,6.822002
3998,ODH_charity_0616:row:3998,21867,C1O[C@H](C[C@@H]1c2ccccc2)c3ccccc3,ODH,6.8,1.0,6.8,train,7.182743,7.460056,7.77812
62,ODH_charity_0616:row:62,416,FC(F)(F)c1ccc(CN[C@H](\C=C\c2ccccc2)c3ccccc3)cc1,ODH,7.577,1.0,7.577,train,7.2925014,7.7696605,8.210995
14,ODH_charity_0616:row:14,158,C[C@]1(CC2(CCCCC2)CN1C(=S)Nc3cc(cc(c3)C(F)(F)F)C(F)(F)F)c4ccc(cc4)c5ccccc5,ODH,6.64,1.0,6.64,train,6.0374994,6.8281655,7.5433125
3134,ODH_charity_0616:row:3134,17538,Cc1ccc2c(c1)N(Cc3cccc4ccccc34)C(=O)[C@@]2(O)[C@H](C=C)c5ccccc5,ODH,11.976,1.0,11.976,train,11.754468,12.382724,13.02348
2271,ODH_charity_0616:row:2271,12544,CCOC(=O)C1=COC(=O)C[C@H]1c2sccc2,ODH,9.0,0.8,7.2,train,7.3908033,7.73419,8.007961
188,ODH_charity_0616:row:188,1047,CC[C@H](C#Cc1cccc(F)c1)c2ccccc2,ODH,8.53,0.5,4.265,train,4.1666055,4.6105227,5.0566754
3585,ODH_charity_0616:row:3585,20009,Clc1ccc2O[S](=O)(=O)N[C@@H](\C=C\c3ccccc3)c2c1,ODH,39.5,0.8,31.6,train,28.264473,29.010563,29.743134
3447,ODH_charity_0616:row:3447,19149,Cc1cc2C=C[C@@H]([C@H](O)c2cc1C)C(C)(C)C,ODH,32.78,1.0,32.78,train,29.727402,30.530128,31.342781
2155,ODH_charity_0616:row:2155,11858,COC(=O)[C@@H](O)c1ccc(Cl)cc1,ODH,15.33,1.0,15.33,train,15.10386,15.667043,16.189024
302,ODH_charity_0616:row:302,1685,CC[C@H](C#Cc1ccccc1F)c2ccccc2,ODH,10.49,0.5,5.245,train,5.9382257,6.309939,6.7120924
1303,ODH_charity_0616:row:1303,7529,C[C@]1(C(=O)OCC=C)C(=O)Oc2c3ccccc3ccc12,ODH,13.3,0.6,7.98,train,7.6965857,8.219288,8.752347
744,ODH_charity_0616:row:744,4215,COC(=O)[C@@H]1COc2ccccc2O1,ODH,19.7,1.0,19.7,train,18.164469,18.760616,19.281256
4246,ODH_charity_0616:row:4246,22928,CC[C@H](c1ccccc1)c2cc(cc(c2)c3ccccc3)c4ccccc4,ODH,6.54,1.0,6.54,train,6.566178,7.0535407,7.5211377
2509,ODH_charity_0616:row:2509,13835,CC1(C)OB(C[C@@H](O)c2ccc3ccccc3c2)OC1(C)C,ODH,18.1,0.5,9.05,train,8.943217,9.392285,9.923644
2112,ODH_charity_0616:row:2112,11654,C[C@H](N[S](=O)(=O)C(C)(C)C)c1ccc2ccccc2c1,ODH,15.1,1.0,15.1,train,13.975185,14.35268,14.695568
2198,ODH_charity_0616:row:2198,12125,COc1ccccc1[C@H](C[N+]([O-])=O)c2ccc(C)cc2,ODH,15.7,1.5,23.55,train,23.202662,23.982677,24.56608
1186,ODH_charity_0616:row:1186,7043,C[C@@H](N[S](=O)(=O)C(C)(C)C)c1ccc(Cl)cc1,ODH,8.0,1.0,8.0,train,7.4207664,7.606427,7.859262
1021,ODH_charity_0616:row:1021,5983,CCOC(=O)C[C@H]1Nc2ccc(Cl)cc2OC1=O,ODH,27.4,1.0,27.4,train,25.230206,26.114578,26.848768
1013,ODH_charity_0616:row:1013,5890,CCOC(=O)[C@@H]1N[S](=O)(=O)Oc2ccc3OCOc3c12,ODH,14.7,1.0,14.7,train,13.470716,14.303409,14.840275
27,ODH_charity_0616:row:27,208,CC(C)(C)c1ccc(cc1)[S@@](=O)c2ccccn2,ODH,5.3,1.0,5.3,train,5.0966077,5.2615533,5.4816084
454,ODH_charity_0616:row:454,2462,C[C@@H](CC(=O)c1ccc(Cl)cc1)[S](=O)(=O)c2ccc(C)cc2,ODH,12.7,1.0,12.7,train,11.750071,12.206517,12.681551
1282,ODH_charity_0616:row:1282,7437,O=C1Oc2ccccc2N[C@H]1c3ccccc3,ODH,14.6,0.7,10.22,train,9.720245,10.176232,10.57899
3738,ODH_charity_0616:row:3738,20775,O=C([C@@H](Nc1ccccc1)c2ccc3ccccc3c2)c4ccc5ccccc5c4,ODH,47.36,1.0,47.36,train,46.563942,47.958668,49.32736
90,ODH_charity_0616:row:90,503,C[C@H](CCCO)c1ccc(C)cc1,ODH,5.42,1.0,5.42,train,5.383932,5.620001,5.84816
3879,ODH_charity_0616:row:3879,21327,Cc1cccc(\C=C\[C@H]2COc3cc4CCCc4cc3O2)c1,ODH,6.85,1.0,6.85,train,6.8418307,7.176575,7.5400248
3886,ODH_charity_0616:row:3886,21344,CCC[C@H]1N(CCCC1=C)c2ccc(OC)cc2,ODH,4.475,1.0,4.475,train,4.842921,5.1671195,5.5393915
1958,ODH_charity_0616:row:1958,10953,COC(=O)c1ccc(C[C@H](B2OC(C)(C)C(C)(C)O2)N3CCOC3=O)cc1,ODH,12.0,1.0,12.0,train,10.574654,10.845696,11.230706
221,ODH_charity_0616:row:221,1256,CC(C)[C@H](C#Cc1ccccc1)c2ccccc2,ODH,9.14,1.0,9.14,train,8.036326,8.380049,8.728827
538,ODH_charity_0616:row:538,3202,CC(C)=CCC[C@H]1CCc2ccccc2N1,ODH,15.2,0.5,7.6,train,7.424178,7.87788,8.358535
3862,ODH_charity_0616:row:3862,21261,Cc1ccc(O[C@@H](C(=O)OCc2ccccc2)c3ccccc3)cc1,ODH,5.8,1.0,5.8,train,6.2152896,6.7888927,7.2943864
981,ODH_charity_0616:row:981,5654,CC(C)(NC(=O)C[C@@H]1CCOc2ccc(F)cc12)c3ccccn3,ODH,21.8,0.65,14.17,train,13.59096,14.189375,14.730869
1074,ODH_charity_0616:row:1074,6282,Brc1ccc(cc1)[C@@H]2Nc3ccccc3NC2=O,ODH,48.7,1.0,48.7,train,46.05235,47.249775,48.31167
3100,ODH_charity_0616:row:3100,17246,C[C@@H](COC=O)c1ccccc1C,ODH,25.3,0.5,12.65,train,12.495556,12.939973,13.361234
1144,ODH_charity_0616:row:1144,6787,CO[C@H](c1ccccc1)c2ccccc2O,ODH,11.9,1.0,11.9,train,12.906684,13.28971,13.64632
3641,ODH_charity_0616:row:3641,20247,C=C[C@@H](CCc1ccccc1)N2CCOCC2,ODH,5.394,1.0,5.394,train,4.9232993,5.4141135,5.8268123
3497,ODH_charity_0616:row:3497,19400,C[C@@](CC(=C)c1ccccc1)(C=O)c2ccc(F)cc2,ODH,39.591,1.0,39.591,train,39.34067,40.42463,41.31992
3957,ODH_charity_0616:row:3957,21687,CCO[P](=O)(OCC)[C@]12CC(=CC(=O)N1[S](=O)(=O)Oc3ccccc23)c4cccc(OC)c4,ODH,57.6,0.8,46.08,train,42.770016,43.97374,45.06897
1993,ODH_charity_0616:row:1993,11089,O[C@H](C(O)=O)c1ccc(Br)cc1,ODH,12.4,0.8,9.92,train,9.719484,10.067453,10.357365
2505,ODH_charity_0616:row:2505,13821,COc1ccc(OC[C@]2(C)COc3cc(C)c(C)cc23)cc1,ODH,18.1,0.5,9.05,train,9.042865,9.438821,9.876629
3315,ODH_charity_0616:row:3315,18467,IC[C@]1(CCc2ccccc2)COc3ccccc13,ODH,29.9,0.5,14.95,train,14.913201,15.384027,15.791687
2456,ODH_charity_0616:row:2456,13586,CCC[C@H](C=C)C(Cc1ccccc1)(C#N)C#N,ODH,21.171,0.5,10.5855,train,10.624426,11.225389,11.772808
1091,ODH_charity_0616:row:1091,6432,CC(C)OC(=O)[C@]1(CC(=NN1)C(=O)N2CCOC2=O)c3ccc(Br)cc3,ODH,61.617,0.5,30.8085,train,30.325203,31.234974,31.887115
2298,ODH_charity_0616:row:2298,12758,Cc1ccc([C@H](O)C(O)=O)c(C)c1,ODH,11.56,0.8,9.248,train,9.007066,9.411017,9.802706
4443,ODH_charity_0616:row:4443,23768,CC[C@]1(N(c2cc(C)c(C)cc2C1=C)[S](=O)(=O)C(F)(F)F)c3ccc4ccccc4c3,ODH,8.05,0.5,4.025,train,3.6246195,4.176981,4.7104826
838,ODH_charity_0616:row:838,4815,OCC[C@H]1CCCCn2ccc(c3ccccc3F)c12,ODH,20.37,1.0,20.37,train,20.489042,21.271624,21.953459
4410,ODH_charity_0616:row:4410,23668,FC(F)(F)[C@@]1(CC(=CC(=O)O1)c2cccnc2)c3ccccc3,ODH,35.1,0.75,26.325,train,24.911884,25.895893,26.717453
2834,ODH_charity_0616:row:2834,15712,Cc1ccc(cc1)[S](=O)(=O)N2CC[C@H](C2)c3ccc(C)c(C)c3,ODH,23.8,1.0,23.8,train,22.279701,22.838253,23.370075
2285,ODH_charity_0616:row:2285,12630,C=C[C@H]1CC(=C(O1)c2cccc3ccccc23)C#N,ODH,19.529,1.0,19.529,train,18.720854,19.436708,20.082773
3850,ODH_charity_0616:row:3850,21215,CC[C@@H](C#C[Si](C(C)C)(C(C)C)C(C)C)c1ccc2OCOc2c1,ODH,5.75,1.0,5.75,train,3.7921138,4.8411417,6.009145
2758,ODH_charity_0616:row:2758,15252,O[C@@H]([C@H](C=C)c1ccc(F)cc1)C(=O)c2ccccc2,ODH,16.2,0.5,8.1,train,8.206707,8.81447,9.327635
2625,ODH_charity_0616:row:2625,14367,O[C@@H](COC(=O)c1cccc2ccccc12)c3ccccc3,ODH,16.1,0.8,12.88,train,12.611541,13.355884,13.926243
1443,ODH_charity_0616:row:1443,8330,C[C@](C\C=C\C=C\c1ccccc1)(C=O)c2ccc3ccccc3c2,ODH,11.534,1.0,11.534,train,11.199209,11.837924,12.403468
3294,ODH_charity_0616:row:3294,18365,OC[C@](O)(Cn1cncn1)c2ccc(F)cc2F,ODH,22.2,1.0,22.2,train,22.44749,23.039421,23.556595
462,ODH_charity_0616:row:462,2508,CCCC(CCC)(NC(=O)C[C@@H](C)c1ccc(cc1)C(C)=O)c2ccccn2,ODH,12.9,0.8,10.32,train,10.753897,11.196624,11.694306
2238,ODH_charity_0616:row:2238,12307,CC[P@@](=O)(c1ccccc1)c2ccc(cc2)c3ccccc3,ODH,14.19,1.0,14.19,train,14.51064,15.103788,15.686772
2058,ODH_charity_0616:row:2058,11446,O[C@H]/1CCC1=C/c2cccc3ccccc23,ODH,14.895,0.8,11.916,train,11.122667,11.6345825,12.093015
4040,ODH_charity_0616:row:4040,22069,C[C@@H](\C=C\c1ccccc1)[C@](C)(N)C(=O)OC(C)(C)C,ODH,5.5,1.0,5.5,train,5.909042,6.495775,7.0295315
138,ODH_charity_0616:row:138,778,CCCCC[C@@H](F)C(=O)c1nccn1c2ccccc2,ODH,7.7,1.0,7.7,train,7.762829,8.302133,8.919073
1746,ODH_charity_0616:row:1746,9792,CC(C)(C)OC(=O)N1OCC[C@@H]1Cc2ccc3ccccc3c2,ODH,12.12,0.8,9.696,train,9.110279,9.518681,9.968567
4841,ODH_charity_0616:row:4841,25240,C[C@@H](c1cc(cc(c1)c2ccccc2)c3ccccc3)c4ccccc4F,ODH,8.98,0.6,5.388,train,5.27902,5.992572,6.5983167
4847,ODH_charity_0616:row:4847,25285,ClCC(=O)N1[C@@H]2CCCC[C@@H]2c3ccccc13,ODH,12.7,1.0,12.7,train,11.598634,12.166907,12.752495
2531,ODH_charity_0616:row:2531,13909,COC(=O)C1=C(C)OC(=O)C[C@H]1c2ccccc2,ODH,9.3,0.8,7.44,train,7.8710585,8.269045,8.699643
227,ODH_charity_0616:row:227,1321,CCOC(=O)C[C@@H](Sc1ccc(C)cc1)c2cccc(C)c2,ODH,9.3,1.0,9.3,train,9.0692215,9.414469,9.8955345
936,ODH_charity_0616:row:936,5261,CCCCCC[C@@H](CC=O)CC(CCc1ccccc1)([S](=O)(=O)c2ccccc2)[S](=O)(=O)c3ccccc3,ODH,21.6,1.0,21.6,train,21.171669,22.181034,23.148973
2018,ODH_charity_0616:row:2018,11268,CCC[C@H](Nc1ccc(Cl)cc1)C(=C)CC,ODH,14.662,1.0,14.662,train,14.06237,14.692709,15.327332
4842,ODH_charity_0616:row:4842,25241,C[C@H](c1cc(cc(c1)c2ccccc2)c3ccccc3)c4ccccc4F,ODH,9.46,0.6,5.676,train,5.947153,6.6430106,7.2468157
2016,ODH_charity_0616:row:2016,11253,COc1cccc(c1)C(=O)C[C@@H](CN[S](=O)(=O)c2ccc(C)cc2)C(C)=C,ODH,14.61,0.5,7.305,train,9.393587,9.885881,10.324323
4017,ODH_charity_0616:row:4017,21975,CCC[C@@H](C=C)C(Cc1ccccc1)(C#N)C#N,ODH,6.27,1.0,6.27,train,7.023183,7.518477,7.924798
1320,ODH_charity_0616:row:1320,7647,CCOC(=O)[C@]1(N[S](=O)(=O)c2ccccc12)C#Cc3ccc(cc3)[N+]([O-])=O,ODH,107.9,0.5,53.95,train,52.80677,54.181614,55.178944
1810,ODH_charity_0616:row:1810,10160,O[C@@H]/1CCCC1=C/c2ccc(Br)cc2,ODH,11.8,0.8,9.44,train,9.675232,10.007345,10.392169
1352,ODH_charity_0616:row:1352,7796,C[C@H]1Cc2cccc(C)c2N1,ODH,11.1,1.0,11.1,train,10.74931,11.11871,11.536868
4224,ODH_charity_0616:row:4224,22847,C[C@](C\C=C\C=C\c1ccc(cc1)C(F)(F)F)(C=O)c2ccccc2,ODH,7.191,1.0,7.191,train,7.3491197,7.8055563,8.273768
1895,ODH_charity_0616:row:1895,10576,COC(=O)[C@H](O)c1ccc2ccccc2c1,ODH,12.02,1.0,12.02,train,13.989651,14.634373,15.208321
2706,ODH_charity_0616:row:2706,14961,COC(=O)[C@H](O)c1ccccc1,ODH,2.35,2.0,4.7,train,4.855617,5.153942,5.3965836
72,ODH_charity_0616:row:72,442,C1Cc2ccccc2N[C@H]1Cc3ccccc3,ODH,7.1,0.8,5.68,train,5.980984,6.3193226,6.644308
1491,ODH_charity_0616:row:1491,8453,CCCCCCC1=NO[C@@](C)(C1)Cc2ccccc2,ODH,11.63,0.5,5.815,train,5.5686226,6.0112176,6.4006786
2067,ODH_charity_0616:row:2067,11467,O[C@@H]([C@H](C=C)c1ccccc1)C(=O)c2ccccc2,ODH,14.9,0.5,7.45,train,8.883326,9.403165,9.836997
2624,ODH_charity_0616:row:2624,14364,O[C@H]([C@@H](C=C)c1ccccc1)c2ccc(cc2)[N+]([O-])=O,ODH,14.6,1.0,14.6,train,13.888417,14.447923,14.82516
4328,ODH_charity_0616:row:4328,23290,CC[C@@H](C#Cc1ccccc1)c2ccc(cc2)C(=O)OC,ODH,9.22,0.7,6.454,train,6.558022,6.925352,7.3623266
3472,ODH_charity_0616:row:3472,19249,CCOC(=O)[C@]1(N[S](=O)(=O)c2ccccc12)C#Cc3ccccc3Cl,ODH,33.4,0.5,16.7,train,17.063705,17.809834,18.343796
3054,ODH_charity_0616:row:3054,16974,CCC[C@H]1[C@H](/C=C/CN(CC#CC)[S](=O)(=O)c2ccc(C)cc2)N1[S](=O)(=O)c3ccc(C)cc3,ODH,17.49,0.8,13.992,train,14.303824,14.937275,15.529857
986,ODH_charity_0616:row:986,5726,O[C@@H]1CCc2ccccc12,ODH,38.7,1.0,38.7,train,38.021927,38.77166,39.48384
2527,ODH_charity_0616:row:2527,13897,OC[C@H](CCl)Oc1ccccc1Br,ODH,20.7,1.0,20.7,train,19.99207,20.561857,21.105114
1044,ODH_charity_0616:row:1044,6132,O[C@H](C[N+]([O-])=O)c1cccc(c1)[N+]([O-])=O,ODH,41.363,0.8,33.0904,train,31.897856,32.7198,33.372326
4759,ODH_charity_0616:row:4759,24973,Cc1ccccc1O[C@@H](C(=O)OCc2ccccc2)c3ccccc3,ODH,20.4,1.0,20.4,train,18.077814,18.78287,19.416805
4066,ODH_charity_0616:row:4066,22149,CCCC(=O)O\C(c1ccccc1)=C\2[C@H]([C@H](C)C=C2c3ccccc3)c4cccc(F)c4,ODH,7.4,0.7,5.18,train,4.9553046,5.643867,6.303027
2539,ODH_charity_0616:row:2539,13961,Cc1cccc(c1)[C@@H](C=C)[C@@]2(O)C(=O)N(Cc3cccc4ccccc34)c5ccccc25,ODH,15.837,1.0,15.837,train,15.865993,16.592829,17.222963
1097,ODH_charity_0616:row:1097,6528,O[C@H](CC(=O)Nc1ccccc1)c2ccccc2,ODH,85.9,0.5,42.95,train,41.462154,42.43932,43.204304
2900,ODH_charity_0616:row:2900,15982,C[C@H](Nc1ccccc1)C(=O)c2ccc(Br)cc2,ODH,32.4,1.0,32.4,train,31.423143,32.25433,33.047935
4345,ODH_charity_0616:row:4345,23366,COC(=O)[C@H]1[C@H]([C@@H]([C@H]2N1CCc3ccccc23)C(=O)n4nc(C)cc4C)c5ccc(C)cc5,ODH,6.633,1.0,6.633,train,6.2026896,6.8572564,7.474669
4534,ODH_charity_0616:row:4534,24085,CCC[C@H](Nc1ccccc1)C(=C)CC,ODH,8.372,1.0,8.372,train,8.187587,8.65964,9.136295
4116,ODH_charity_0616:row:4116,22324,C[C@](C\C=C\C=C\c1ccccc1)(C=O)c2ccc(F)cc2,ODH,6.711,1.0,6.711,train,6.598764,7.0572333,7.3975263
865,ODH_charity_0616:row:865,4934,O[C@@H](C[N+]([O-])=O)c1sccc1,ODH,26.444,0.8,21.1552,train,20.383293,20.892237,21.331251
2470,ODH_charity_0616:row:2470,13656,CN(CC[C@@H](O)c1ccc2ccccc2c1)Cc3ccccc3,ODH,24.65,1.0,24.65,train,24.08855,24.894882,25.619818
1632,ODH_charity_0616:row:1632,9262,N[C@@H](C(=[N+]=[N-])C(=O)c1ccccc1)C(F)(F)F,ODH,12.419,1.0,12.419,train,12.191321,12.558592,12.937875
3861,ODH_charity_0616:row:3861,21260,Cc1ccc(O[C@H](C(=O)OCc2ccccc2)c3ccccc3)cc1,ODH,6.6,1.0,6.6,train,6.372309,7.010314,7.609464
2196,ODH_charity_0616:row:2196,12119,COc1ccc(cc1OC)[C@H](CCCl)C#Cc2ccc(cc2)C#N,ODH,15.7,1.0,15.7,train,14.321766,14.885705,15.37961
362,ODH_charity_0616:row:362,1970,CC(C)[Si](C#Cc1cc2ccccc2cc1[S@](=O)c3ccccn3)(C(C)C)C(C)C,ODH,11.2,0.8,8.96,train,5.5732045,6.807795,8.045658
1084,ODH_charity_0616:row:1084,6360,CCOC(=O)C[C@H]1Nc2cc(F)ccc2OC1=O,ODH,54.9,0.5,27.45,train,26.41082,27.311737,27.949371
1033,ODH_charity_0616:row:1033,6048,COc1ccc(cc1OC)[C@@H]2COC(=O)C2,ODH,39.0,1.0,39.0,train,37.06504,37.973038,38.735123
4575,ODH_charity_0616:row:4575,24259,CCOC(=O)[C@H](C)Oc1cccc2ccccc12,ODH,8.52,1.0,8.52,train,7.9419675,8.424691,8.939212
4449,ODH_charity_0616:row:4449,23797,COc1ccc(cc1)[C@@](C)(C\C=C\C=C\c2ccccc2)C=O,ODH,8.092,1.0,8.092,train,8.174901,8.646751,9.110181
764,ODH_charity_0616:row:764,4259,CC1(C)CN(C(=O)Nc2cc(cc(c2)C(F)(F)F)C(F)(F)F)[C@@](C1)(CC(F)(F)CO)c3ccccc3,ODH,19.92,0.4,7.968,train,8.085349,8.798256,9.386684
4290,ODH_charity_0616:row:4290,23101,C1Cc2ccccc2[C@@H](N1)c3ccccc3,ODH,7.5,1.0,7.5,train,7.583147,7.9770045,8.3078575
4715,ODH_charity_0616:row:4715,24773,Cc1oc(c2ccccc2)c3[C@@H]4COCCN4c5cc(ccc5Cc13)C#Cc6ccccc6,ODH,6.2,0.8,4.96,train,5.3719645,5.941039,6.4479365
1309,ODH_charity_0616:row:1309,7546,CC(C)(C)OC(=O)[C@@](C)(N)C\C=C\c1ccccc1,ODH,5.3,1.0,5.3,train,6.0494294,6.5270886,7.0306582
694,ODH_charity_0616:row:694,3928,CC(C)(C)[Si](C)(C)Oc1ccc(cc1)[C@@H](O)CCl,ODH,18.3,0.5,9.15,train,6.9635587,7.3957,7.944837
4105,ODH_charity_0616:row:4105,22292,CC(C)(C)c1ccc(C[C@@H](B2OC(C)(C)C(C)(C)O2)N3CCOC3=O)cc1,ODH,6.7,1.0,6.7,train,4.744679,5.2410097,5.769171
4399,ODH_charity_0616:row:4399,23623,FC(F)(F)[C@]1(CC(=CC(=O)O1)c2ccccc2)c3ccc(Cl)cc3,ODH,71.9,0.75,53.925,train,48.836246,50.1763,51.357727
1532,ODH_charity_0616:row:1532,8695,CC(=O)[C@@]1(CO1)c2ccc(cc2)C#N,ODH,13.39,1.0,13.39,train,13.026563,13.468809,13.912718
2412,ODH_charity_0616:row:2412,13290,CCCCC[C@@H](C=C)n1ccc2cc(ccc12)C(=O)OC,ODH,17.3,1.0,17.3,train,17.24366,17.971422,18.674685
778,ODH_charity_0616:row:778,4413,C1Cc2ccccc2N[C@H]1c3ccccc3,ODH,20.8,0.6,12.48,train,11.1835,11.723101,12.272143
3823,ODH_charity_0616:row:3823,21142,C[C@@H](\C=C\c1cccc(C)c1)[C@@](C)(N)C(=O)OC(C)(C)C,ODH,10.9,1.0,10.9,train,6.6528087,7.293389,7.9183517
3350,ODH_charity_0616:row:3350,18627,CCOC(=O)[C@]1(N[S](=O)(=O)c2ccccc12)C#Cc3ccccc3,ODH,30.3,0.5,15.15,train,15.536037,16.158249,16.580994
3575,ODH_charity_0616:row:3575,19957,C=C[C@@H](c1ccccc1)c2c[nH]c3ccccc23,ODH,41.6,1.0,41.6,train,39.50232,40.5039,41.490143
3451,ODH_charity_0616:row:3451,19156,CCC[C@@H]1CC(=O)N(Cc2ccccc2)C1=O,ODH,32.8,0.5,16.4,train,16.114151,16.546186,16.969675
3755,ODH_charity_0616:row:3755,20870,COC(=O)[C@@H](CN(Cc1ccccc1)Cc2ccccc2)CC(=O)OCc3ccccc3,ODH,43.5,0.5,21.75,train,20.913967,21.798992,22.529608
4640,ODH_charity_0616:row:4640,24489,Cc1cccc(c1)[C@@H](O)C(=O)c2cccc(C)c2,ODH,13.8,1.0,13.8,train,12.526278,13.074959,13.545788
4946,ODH_charity_0616:row:4946,25725,CCC[C@H](Nc1ccccc1)C=C,ODH,9.898,0.5,4.949,train,5.524893,5.947447,6.376315
4097,ODH_charity_0616:row:4097,22275,CC[C@H](C#Cc1ccccc1)c2ccc(C)cc2,ODH,6.69,0.7,4.683,train,4.712957,5.1774087,5.652464
3269,ODH_charity_0616:row:3269,18254,CCC[C@H](Nc1ccc(C)cc1)C(=C)CC,ODH,28.976,1.0,28.976,train,28.264648,29.09234,29.893135
1243,ODH_charity_0616:row:1243,7261,Fc1ccccc1C2=C(C#N)[C@@H]3CCC=C[C@@H]3O2,ODH,11.731,1.0,11.731,train,11.9846,12.599818,13.146089
4225,ODH_charity_0616:row:4225,22848,C=C[C@@H](CCc1ccccc1)NCc2ccccc2,ODH,7.961,1.0,7.961,train,7.163873,7.546061,7.966062
16,ODH_charity_0616:row:16,176,C[C@]1(CC2(CCCC2)CN1C(=S)Nc3cc(cc(c3)C(F)(F)F)C(F)(F)F)c4ccccc4,ODH,13.5,1.0,13.5,train,11.166602,11.98426,12.716757
2836,ODH_charity_0616:row:2836,15714,CC(C)c1ccc(cc1)[C@H](C)COC=O,ODH,24.7,0.5,12.35,train,12.244156,12.731291,13.210255
717,ODH_charity_0616:row:717,4115,CCOC(=O)C[C@H](Sc1ccc(F)cc1)c2ccccc2,ODH,19.2,1.0,19.2,train,19.388678,20.241123,20.890778
3873,ODH_charity_0616:row:3873,21295,CC(C)(C)OC[C@@H](C(=O)c1ccccc1)c2ccccc2,ODH,5.24,1.0,5.24,train,4.9462423,5.1044,5.4016347
769,ODH_charity_0616:row:769,4340,Clc1ccc(cc1)[C@@H]2COc3ccccc3N2,ODH,11.6,1.0,11.6,train,11.215921,11.627038,11.969403
1915,ODH_charity_0616:row:1915,10644,CCOc1ccc2C(=O)N(C[C@@H](Oc2c1)C=C)[S](=O)(=O)c3ccc(C)cc3,ODH,13.93,1.0,13.93,train,14.538462,15.093759,15.698133
2770,ODH_charity_0616:row:2770,15376,O[C@]1([C@H](C=C)c2ccccc2)C(=O)N(Cc3cccc4ccccc34)c5ccccc15,ODH,17.861,1.0,17.861,train,16.307146,17.095484,17.817543
4762,ODH_charity_0616:row:4762,24976,O=C(OCc1ccccc1)[C@@H](Oc2ccc(cc2)c3ccccc3)c4ccccc4,ODH,9.2,1.0,9.2,train,11.622949,12.358083,13.022764
2202,ODH_charity_0616:row:2202,12149,Cc1ccc(cc1)[P@@](=O)(Cc2ccccc2)C(C)(C)C,ODH,17.63,1.0,17.63,train,15.557176,15.938153,16.489317
422,ODH_charity_0616:row:422,2309,O[C@@H]1CCc2cc(F)ccc12,ODH,14.0,1.0,14.0,train,13.989619,14.512577,14.937605
2324,ODH_charity_0616:row:2324,12882,CCC[C@H](C=C)c1n2ccccc2cc1c3ccccc3,ODH,15.365,1.0,15.365,train,13.566423,14.232514,14.867662
4907,ODH_charity_0616:row:4907,25531,COC(=O)[C@H](F)\C=C\c1ccc(F)cc1,ODH,9.0,1.0,9.0,train,9.126779,9.429156,9.678702
3131,ODH_charity_0616:row:3131,17512,IC[C@@]1(CCCCN2C(=O)c3cccc4cccc2c34)COc5ccccc15,ODH,26.2,0.8,20.96,train,20.319233,20.983568,21.621635
4555,ODH_charity_0616:row:4555,24151,Clc1ccc(cc1)[C@H](OC(=O)c2ccccc2)C(=O)c3ccccc3,ODH,9.8,0.8,7.84,train,7.44332,7.966709,8.34924
4832,ODH_charity_0616:row:4832,25218,O[C@@H](c1cccc(F)c1)C(=O)c2cccc(F)c2,ODH,9.41,1.0,9.41,train,9.667744,10.283026,10.686142
4820,ODH_charity_0616:row:4820,25181,Cc1oc(c2ccccc2)c3[C@H]4COCCN4c5cc(Br)ccc5Cc13,ODH,9.4,0.6,5.64,train,5.475026,5.9048114,6.2947226
3418,ODH_charity_0616:row:3418,18983,C[C@@H](C=O)[C@H](C[N+]([O-])=O)c1ccccc1,ODH,48.66,0.8,38.928,train,37.460564,38.43186,39.103107
4785,ODH_charity_0616:row:4785,25073,O=C(OCc1ccccc1)[C@H](Oc2ccc(cc2)c3ccccc3)c4ccccc4,ODH,9.3,1.0,9.3,train,9.694688,10.444019,11.123518
3359,ODH_charity_0616:row:3359,18665,COC(=O)[C@]1(CC=C)N[S](=O)(=O)c2ccccc12,ODH,30.5,0.8,24.4,train,23.684086,24.332544,24.851816
1621,ODH_charity_0616:row:1621,9217,OC[C@@H](CCl)OCCOC(=O)c1ccccc1,ODH,12.4,1.0,12.4,train,12.288458,12.870891,13.263923
2481,ODH_charity_0616:row:2481,13734,O[C@H](C(O)=O)c1cccc(F)c1,ODH,13.21,0.8,10.568,train,10.582044,10.999593,11.356706
678,ODH_charity_0616:row:678,3865,C(Cc1ccccc1)[C@@H]2COc3ccccc3N2,ODH,17.9,1.0,17.9,train,17.477766,18.060719,18.611126
3911,ODH_charity_0616:row:3911,21468,O[C@]1(Cc2ccccc2C1=O)[C@H](C=C)c3ccc4ccccc4c3,ODH,46.8,0.5,23.4,train,23.899345,24.797314,25.585249
4362,ODH_charity_0616:row:4362,23452,C[C@@H](CC(C)=O)\C=C\c1sc(C)cc1,ODH,7.8,0.8,6.24,train,6.4919252,6.674136,6.908349
637,ODH_charity_0616:row:637,3701,CCOC(=O)C[C@H]1Nc2c(C)cccc2OC1=O,ODH,15.6,1.0,15.6,train,14.623872,15.261466,15.891489
1027,ODH_charity_0616:row:1027,6009,COC(=O)C[C@H](C#N)c1ccc(OC)c(Br)c1,ODH,38.1,1.0,38.1,train,37.96756,38.85409,39.609673
4403,ODH_charity_0616:row:4403,23635,C[C@@H](COC=O)c1ccc(cc1)C(F)(F)F,ODH,73.0,0.5,36.5,train,36.658436,37.748394,38.634052
962,ODH_charity_0616:row:962,5422,C1Cc2ccccc2N[C@H]1CNc3ccccc3,ODH,28.8,1.0,28.8,train,26.691553,27.426004,28.107782
2111,ODH_charity_0616:row:2111,11653,C[C@@H](N[S](=O)(=O)C(C)(C)C)c1ccc2ccccc2c1,ODH,10.3,1.0,10.3,train,9.805283,10.1688795,10.500847
947,ODH_charity_0616:row:947,5289,CC(C)[Si](C#C[C@@H](CC(=O)NC(C)(C)c1ccccn1)Cc2cn(C)c3ccccc23)(C(C)C)C(C)C,ODH,27.3,0.7,19.11,train,15.130107,18.395098,21.428425
4878,ODH_charity_0616:row:4878,25422,O[C@H]([C@@H](C=C)c1ccccc1)c2ccc(Cl)cc2,ODH,8.4,1.0,8.4,train,8.176041,8.57511,8.967289
3717,ODH_charity_0616:row:3717,20670,CCOC(=O)[C@](N)(CCc1ccccc1)C\C=C\c2ccccc2,ODH,14.0,1.0,14.0,train,13.499695,14.048697,14.506027
4107,ODH_charity_0616:row:4107,22306,CCCCCC(=O)O\C(c1ccccc1)=C\2[C@@H]([C@H](CCC)C=C2c3ccccc3)c4cccc(OC)c4,ODH,6.7,0.7,4.69,train,4.5624475,5.3587313,6.0589776
2284,ODH_charity_0616:row:2284,12607,C[C@H](O)c1ccccc1Cl,ODH,16.3,1.0,16.3,train,24.255657,24.890877,25.522604
1680,ODH_charity_0616:row:1680,9478,CC(=C)C[C@H]1CC(=NO1)c2ccc(F)cc2,ODH,11.16,0.6,6.696,train,6.8502145,7.106992,7.4257216
4567,ODH_charity_0616:row:4567,24237,Cc1ccc(C[C@H]2Cc3ccccc3N2)cc1,ODH,8.5,1.0,8.5,train,10.417167,10.964869,11.609877
1652,ODH_charity_0616:row:1652,9363,C[C@](CO)(CSc1sc2ccccc2n1)c3ccccc3,ODH,16.0,1.0,16.0,train,15.528698,16.172813,16.726984
1227,ODH_charity_0616:row:1227,7201,CC(C)OC(=O)[C@H](c1ccccc1)c2c(C)n(Cc3ccccc3)c4ccccc24,ODH,11.7,0.7,8.19,train,8.30928,8.758906,9.110696
4387,ODH_charity_0616:row:4387,23550,COc1ccc(cc1)[C@@](c2[nH]ccc2)(c3[nH]c4ccccc4c3c5ccccc5)c6ccccc6OC,ODH,7.9,1.0,7.9,train,8.389861,9.467653,10.4106865
3947,ODH_charity_0616:row:3947,21635,C=CC[C@@]12COC(=O)N1CC(=O)c3ccccc23,ODH,56.4,0.8,45.12,train,42.945732,44.013844,44.95359
1345,ODH_charity_0616:row:1345,7774,O[C@@H]/1CCCC1=C/c2ccc3ccccc3c2,ODH,10.3,1.0,10.3,train,9.365756,9.9081955,10.397848
1467,ODH_charity_0616:row:1467,8395,CC(=O)C[C@@H](c1ccccc1)c2ccc(C)cc2,ODH,11.6,1.0,11.6,train,11.679161,12.081464,12.471046
1964,ODH_charity_0616:row:1964,10973,COC(=O)/C=C/[C@@H](NCc1ccc(OC)cc1)c2ccc(Br)cc2,ODH,15.6,0.6,9.36,train,9.36671,9.765477,10.211315
648,ODH_charity_0616:row:648,3745,Cc1cc2CCCC[C@@H](O)c2cc1C,ODH,9.9,1.0,9.9,train,10.591409,11.099529,11.495782
353,ODH_charity_0616:row:353,1942,CCOC(=O)C[C@H](Sc1ccc(OC)cc1)c2ccccc2,ODH,18.8,1.0,18.8,train,18.751211,19.520405,20.214758
2142,ODH_charity_0616:row:2142,11796,CCC[C@@H](NCc1cccnc1)C(=C)CC,ODH,13.015,1.0,13.015,train,12.417102,12.978131,13.39887
4261,ODH_charity_0616:row:4261,22981,CCCC[C@@H]1NCc2ccccc2[C@H]1F,ODH,7.3,0.8,5.84,train,5.8376503,6.091253,6.328128
1729,ODH_charity_0616:row:1729,9699,Cc1ccc(cc1)[S](=O)(=O)N2C[C@H](CO)Oc3ccccc23,ODH,10.708,1.0,10.708,train,10.8615885,11.3262415,11.652852
3245,ODH_charity_0616:row:3245,18143,CC(C)[C@@H](COC=O)c1ccccc1,ODH,28.5,0.5,14.25,train,14.02156,14.575833,15.025036
1514,ODH_charity_0616:row:1514,8559,COC(=O)[C@@H](O)c1ccccc1,ODH,11.78,1.0,11.78,train,10.8321495,11.173781,11.492753
3413,ODH_charity_0616:row:3413,18942,Cn1cc([C@@H]2[C@H]([C@H](c3ccccc3)c4c(C)oc(c5ccccc5)c24)c6ccc(cc6)C#N)c7ccccc17,ODH,25.03,0.6,15.018,train,14.329517,15.383273,16.253853
1146,ODH_charity_0616:row:1146,6803,CN1C(=O)[C@H](Nc2ccccc12)c3ccc(Cl)cc3,ODH,16.4,1.0,16.4,train,13.5944605,14.086621,14.531006
3799,ODH_charity_0616:row:3799,21038,CCCCC[C@H](C=C)n1ccc2cc(C=C)ccc12,ODH,6.8,1.0,6.8,train,6.675995,7.231367,7.8070383
4412,ODH_charity_0616:row:4412,23677,FC(F)(F)[C@@]1(CC(=CC(=O)O1)c2ccccc2)c3ccc(Br)cc3,ODH,30.8,0.75,23.1,train,22.039648,22.826063,23.490898
47,ODH_charity_0616:row:47,339,CC(C)(O)C[C@H]1CCc2ccccc2N1,ODH,6.0,0.8,4.8,train,7.7690883,8.283988,8.777841
1014,ODH_charity_0616:row:1014,5891,CCOC(=O)[C@H]1N[S](=O)(=O)Oc2ccc3OCOc3c12,ODH,35.3,1.0,35.3,train,31.43222,32.366703,32.968147
2923,ODH_charity_0616:row:2923,16109,OC[C@@H](CCl)\C=C\c1ccccc1,ODH,22.3,1.0,22.3,train,21.61998,22.111814,22.4753
4720,ODH_charity_0616:row:4720,24785,COc1ccc(Br)cc1C(C)(C)C[C@@]2(Cc3n(C(=O)OC(C)(C)C)c4ccccc4c3C(=O)O2)C(F)(F)F,ODH,9.0,0.6,5.4,train,3.1012275,3.8460455,4.682442
3913,ODH_charity_0616:row:3913,21479,CCOc1cccc2[C@H](N[S](=O)(=O)Oc12)\C=C\c3ccccc3,ODH,61.2,0.8,48.96,train,43.95768,45.092827,46.101437
3895,ODH_charity_0616:row:3895,21372,FC(F)(F)[C@@]1(CC(=CC(=O)O1)c2ccccc2)c3ccccc3,ODH,22.1,0.75,16.575,train,16.950752,17.702162,18.351145
2251,ODH_charity_0616:row:2251,12402,O[C@@H](C(O)=O)c1ccc2ccccc2c1,ODH,16.07,0.8,12.856,train,12.78555,13.409906,13.911253
3095,ODH_charity_0616:row:3095,17239,CC(C)(C)c1ccc(OCCCC[C@@]2(CI)COc3ccccc23)cc1,ODH,21.6,0.5,10.8,train,10.641488,10.949756,11.2653265
3869,ODH_charity_0616:row:3869,21290,O[C@@H]1CCCC2(OCCO2)[C@@H]1c3ccc(F)cc3,ODH,5.273,1.0,5.273,train,4.6355553,5.220177,5.6739073
715,ODH_charity_0616:row:715,4109,Cc1ccccc1[C@@H]2CCc3ccccc3N2,ODH,19.2,0.5,9.6,train,9.135363,9.574493,10.007936
485,ODH_charity_0616:row:485,2743,C1Oc2ccccc2N[C@@H]1c3ccccc3,ODH,9.9,1.0,9.9,train,10.051766,10.399814,10.701505
4600,ODH_charity_0616:row:4600,24339,O[C@H]/1CCCC1=C/c2ccccc2C(F)(F)F,ODH,8.6,0.8,6.88,train,7.283019,7.7621007,8.207309
4140,ODH_charity_0616:row:4140,22413,Cc1ccc(cc1)[S](=O)(=O)N2CC(C[C@@H]2CBr)(c3ccccc3)c4ccccc4,ODH,8.78,1.0,8.78,train,7.527857,8.071531,8.567899
1944,ODH_charity_0616:row:1944,10806,COc1cc(CO[P@@](=O)(c2ccccc2)c3ccc(cc3)C(C)(C)C)cc(OC)c1,ODH,11.16,0.8,8.928,train,8.563574,8.988422,9.413356
25,ODH_charity_0616:row:25,202,CO[C@@H](NC(=O)c1ccccc1)c2cc(C)ccc2CCCC(F)(F)F,ODH,5.3,1.0,5.3,train,5.088728,5.485049,5.878713
3167,ODH_charity_0616:row:3167,17740,Cc1ccc(cc1)[S](=O)(=O)N/C(c2ccccc2)=C3/[C@H]([C@@H](CC3=O)c4ccc(Br)cc4)c5cccc(Br)c5,ODH,32.4,0.75,24.3,train,22.610994,23.560225,24.362885
2232,ODH_charity_0616:row:2232,12289,C[C@@H]1Nc2ccccc2Oc3c1cccc3c4ccccc4,ODH,21.5,0.8,17.2,train,17.102571,17.83084,18.499039
3349,ODH_charity_0616:row:3349,18626,CCOC(=O)[C@@]1(N[S](=O)(=O)c2ccccc12)C#Cc3ccccc3,ODH,37.7,0.5,18.85,train,18.5739,19.204739,19.711603
4095,ODH_charity_0616:row:4095,22273,Clc1cccc(\C=C\[C@@H]2COc3ccccc3O2)c1,ODH,6.69,1.0,6.69,train,6.6475277,7.067872,7.5365477
612,ODH_charity_0616:row:612,3533,FC(F)(F)c1ccc(cc1)[C@@H]2COc3ccccc3N2,ODH,11.3,1.0,11.3,train,11.338576,11.713255,12.062919
3183,ODH_charity_0616:row:3183,17799,Cc1ccc(cc1)[S](=O)(=O)N2CC[C@@H](C2)c3ccc(cc3)C(F)(F)F,ODH,27.2,1.0,27.2,train,26.548431,27.218063,27.873259
1693,ODH_charity_0616:row:1693,9581,CC[C@H](C#Cc1cccc(Br)c1)c2ccccc2,ODH,12.76,0.7,8.932,train,8.547302,9.186018,9.753644
4,ODH_charity_0616:row:4,108,O[C@@H](c1ccccc1)C(F)(F)C(F)(F)C(F)(F)F,ODH,7.6,1.0,7.6,train,6.630967,7.047227,7.5199304
3817,ODH_charity_0616:row:3817,21130,COC(=O)[C@H](O)c1ccc(C)cc1,ODH,4.73,2.0,9.46,train,9.241869,9.619129,9.978831
1502,ODH_charity_0616:row:1502,8521,Cc1ccccc1\C=C\2CCC[C@@H]2O,ODH,11.7,0.8,9.36,train,8.916041,9.444403,9.906497
4757,ODH_charity_0616:row:4757,24971,Cc1cccc(O[C@@H](C(=O)OCc2ccccc2)c3ccccc3)c1,ODH,19.6,0.7,13.72,train,12.851098,13.434725,13.999874
4147,ODH_charity_0616:row:4147,22428,CC(C)Cc1ccc(cc1)\C=C\2CC[C@@H]2O,ODH,6.891,0.8,5.5128,train,5.552424,5.7942023,6.0331
2072,ODH_charity_0616:row:2072,11492,C[C@H](O)c1ccccc1Cl,ODH,35.0,1.0,35.0,train,24.28991,24.925514,25.557348
157,ODH_charity_0616:row:157,941,Fc1ccc(cc1)C(=O)[C@]2(OCCC[C@H]2Br)c3ccc(F)cc3,ODH,9.42,1.0,9.42,train,9.241333,9.95329,10.61522
419,ODH_charity_0616:row:419,2294,O=C1Nc2ccccc2N[C@H]1Cc3ccccc3,ODH,12.2,1.0,12.2,train,12.132852,12.6715145,13.089209
527,ODH_charity_0616:row:527,3113,CCC[C@H]1CCC2=C(CCCC2=O)N1,ODH,11.0,1.0,11.0,train,12.291113,13.113153,13.83369
3712,ODH_charity_0616:row:3712,20648,C[C@H](COC=O)c1ccc(F)cc1,ODH,42.8,0.5,21.4,train,21.20481,21.99811,22.549051
1256,ODH_charity_0616:row:1256,7310,CC(C)(C)OC(=O)N1OCC[C@@H]1Cc2ccc(cc2)C#N,ODH,9.295,0.8,7.436,train,6.940854,7.2852397,7.6817427
2857,ODH_charity_0616:row:2857,15815,Cc1ccc2O[C@H](Cc3ccccc3)C(=O)N(Cc4ccccc4)c2c1,ODH,21.7,0.5,10.85,train,10.01167,10.4980955,11.021428
750,ODH_charity_0616:row:750,4229,CCOC(=O)C[C@H](Sc1ccccc1C)c2ccccc2,ODH,19.8,1.0,19.8,train,19.086233,19.830395,20.517271
1331,ODH_charity_0616:row:1331,7681,F[C@H]1[C@@H](Cc2ccccc2)NCc3ccccc13,ODH,15.8,0.8,12.64,train,12.351466,12.668755,12.978113
3569,ODH_charity_0616:row:3569,19899,O[C@@H]/1CCC1=C/c2ccc(OC(F)F)cc2,ODH,33.601,0.8,26.8808,train,26.40452,27.119373,27.765064
2301,ODH_charity_0616:row:2301,12765,N[C@@H](C(=[N+]=[N-])C(=O)c1ccc(cc1)c2ccccc2)C(F)(F)F,ODH,16.539,1.0,16.539,train,16.976028,17.567474,18.180311
4208,ODH_charity_0616:row:4208,22754,CCCCCCCCCCCC[S@](=O)c1ccccc1,ODH,7.07,1.0,7.07,train,6.500619,6.9726443,7.5775642
4374,ODH_charity_0616:row:4374,23493,CCOC(=O)[C@@H](CC(=O)c1ccccc1)C(=C)\C=C\C(=O)c2ccccc2,ODH,6.93,1.0,6.93,train,7.6322985,8.162008,8.553147
1823,ODH_charity_0616:row:1823,10207,Cc1ccc(cc1C)[C@H]2Nc3ccccc3OC2=O,ODH,29.8,0.7,20.86,train,19.903366,20.373611,20.994448
1643,ODH_charity_0616:row:1643,9320,CC[C@]1(N(c2ccc(C)cc2C1=C)[S](=O)(=O)C(F)(F)F)c3ccc(cc3)c4ccccc4,ODH,12.5,0.5,6.25,train,5.568659,6.096691,6.530326
2772,ODH_charity_0616:row:2772,15380,C[C@@](C/C=C/C=C/c1ccc(Cl)cc1)(C=O)c2ccccc2,ODH,22.438,0.5,11.219,train,11.047508,11.479159,11.936659
1000,ODH_charity_0616:row:1000,5798,CCOC(=O)C[C@H](Sc1cccc(C)c1)c2ccccc2,ODH,33.6,1.0,33.6,train,31.573965,32.538628,33.35332
4543,ODH_charity_0616:row:4543,24100,Cc1ccc(cc1)\C=C\2CCC[C@H]2O,ODH,10.2,0.8,8.16,train,7.6049027,7.94505,8.308715
1765,ODH_charity_0616:row:1765,9922,COC(=O)[C@@H](F)CCc1cccc2ccccc12,ODH,13.1,1.0,13.1,train,12.97827,13.635125,14.193224
4947,ODH_charity_0616:row:4947,25737,CC1(C)OC[C@@H](CO)Oc2ccc(Cl)cc12,ODH,11.5,1.0,11.5,train,10.972969,11.339327,11.694818
2839,ODH_charity_0616:row:2839,15717,Cc1ccc(O)c(c1)C2=N[C@H](Cc3ccccc3C2=O)c4ccccc4,ODH,21.5,0.7,15.05,train,15.44011,16.023355,16.61449
4568,ODH_charity_0616:row:4568,24238,Cc1cccc(C[C@@H]2Cc3ccccc3N2)c1,ODH,9.3,1.0,9.3,train,10.806864,11.266895,11.793555
82,ODH_charity_0616:row:82,481,C=Cc1ccccc1[S@@](=O)c2ccccn2,ODH,6.1,1.0,6.1,train,6.054561,6.3202763,6.6872826
1615,ODH_charity_0616:row:1615,9175,C[C@](C\C=C\C=C\c1ccccc1)(C=O)c2ccc3ccccc3c2,ODH,12.331,1.0,12.331,train,12.001456,12.640828,13.20915
3805,ODH_charity_0616:row:3805,21072,CC[C@](N)([C@@H](C)\C=C\c1ccccc1)C(=O)OC(C)(C)C,ODH,4.6,1.0,4.6,train,3.3355484,3.771815,4.2452497
1811,ODH_charity_0616:row:1811,10161,O[C@H]/1CCCC1=C/c2ccc(Br)cc2,ODH,13.4,0.8,10.72,train,10.605858,10.979172,11.361866
2308,ODH_charity_0616:row:2308,12811,OC[C@H](CCl)OCC#C,ODH,18.6,1.0,18.6,train,18.109335,18.528269,18.874763
1649,ODH_charity_0616:row:1649,9352,Cc1n(c2ccccc2)c3ccccc3c1[C@@H](C(=O)OCc4ccccc4)c5ccccc5,ODH,12.5,0.7,8.75,train,8.509561,9.24155,9.876929
2724,ODH_charity_0616:row:2724,15038,CCC[C@H](C1=CNC2=C1C=C(Br)C=C2)CC=O,ODH,23.74,0.5,11.87,train,11.009907,11.5215025,12.010958
1855,ODH_charity_0616:row:1855,10373,CCC[C@H](CC=O)c1c[nH]c2ccc(OC)cc12,ODH,13.63,1.0,13.63,train,13.052528,13.608603,14.083189
4018,ODH_charity_0616:row:4018,21976,O[C@H](CCC1)[C@@H](C2=C(C)C=CC=C2)C31OCCO3,ODH,5.796,1.0,5.796,train,6.0829577,6.4949713,6.8884244
3822,ODH_charity_0616:row:3822,21137,Fc1ccccc1\C=C\[C@@H]2COc3ccccc3O2,ODH,5.55,1.0,5.55,train,4.9807606,5.479934,5.8705173
1449,ODH_charity_0616:row:1449,8341,BrC(=C)[C@@H]1CC(CN1[S](=O)(=O)c2ccccc2)(c3ccccc3)c4ccccc4,ODH,11.55,1.0,11.55,train,11.456962,12.156732,12.84144
4199,ODH_charity_0616:row:4199,22724,CCc1cc([C@H](C(=O)OCc2ccccc2)c3ccccc3)c(CC)n1Cc4ccccc4,ODH,9.2,0.7,6.44,train,6.478622,7.1032195,7.6416683
2330,ODH_charity_0616:row:2330,12917,CC[C@H](C(=O)OC(c1cccc2ccccc12)c3cccc4ccccc34)c5ccccc5,ODH,16.8,0.5,8.4,train,9.336337,10.063159,10.749591
382,ODH_charity_0616:row:382,2059,CC(C)[C@@H]1Nc2ccccc2NC1=O,ODH,11.5,1.0,11.5,train,11.328501,11.752214,12.170405
3384,ODH_charity_0616:row:3384,18797,C[C@@H](COC=O)c1ccccc1,ODH,31.0,0.5,15.5,train,15.355988,15.859025,16.28359
1435,ODH_charity_0616:row:1435,8281,C[C@@]1(C(=O)OCC=C)C(=O)N(C(=O)C(c2ccccc2)c3ccccc3)c4cccc(Cl)c14,ODH,11.5,0.8,9.2,train,8.926006,9.626235,10.231394
3184,ODH_charity_0616:row:3184,17837,COc1ccc(cc1)C2=C[C@@H]([C@H](C(=O)N2[S](=O)(=O)c3ccc(C)cc3)c4ccccc4)c5ccccc5,ODH,13.5,0.75,10.125,train,9.984116,10.64079,11.18716
4457,ODH_charity_0616:row:4457,23829,CC1(C)OB(OC1(C)C)[C@H](Cc2ccc(cc2)C(F)(F)F)N3CCOC3=O,ODH,8.1,1.0,8.1,train,7.4254117,7.9088507,8.474387
2091,ODH_charity_0616:row:2091,11560,C[C@H](Nc1ccccc1)c2ccccc2,ODH,15.0,0.8,12.0,train,10.914002,11.447961,11.988191
885,ODH_charity_0616:row:885,5036,O=C1CCCC2=C1CC[C@H](Cc3ccccc3)N2,ODH,24.9,1.0,24.9,train,22.913342,23.85905,24.677317
4322,ODH_charity_0616:row:4322,23276,CC(C)(C)c1ccc(\C=C\C=C\C[C@](C)(C=O)c2ccccc2)cc1,ODH,8.362,1.0,8.362,train,8.432355,8.813987,9.169957
2343,ODH_charity_0616:row:2343,12982,CO[C@H](CO)c1ccccc1,ODH,18.75,0.7,13.125,train,12.907138,13.278464,13.586697
1807,ODH_charity_0616:row:1807,10111,Cc1ccc(/C=C/C[C@@](C)(N)C(=O)OC(C)(C)C)cc1C,ODH,13.3,1.0,13.3,train,10.411306,11.008913,11.636124
469,ODH_charity_0616:row:469,2580,CC(C)(O)C[C@@H]1CCc2ccccc2N1,ODH,10.5,0.8,8.4,train,7.0994105,7.633472,8.121385
3302,ODH_charity_0616:row:3302,18413,C[C@@H](O)[C@H](Oc1ccc(Br)cc1)c2ccccc2,ODH,29.68,1.0,29.68,train,26.913965,27.750217,28.51929
3723,ODH_charity_0616:row:3723,20691,C=CC1=C[C@@H](CCc2ccccc2)C(C1)(C#N)C#N,ODH,47.24,0.5,23.62,train,21.978863,22.83451,23.495935
195,ODH_charity_0616:row:195,1072,Fc1ccc(cc1)[C@@H]2Nc3ccccc3OC2=O,ODH,15.3,1.0,15.3,train,13.961079,14.613124,15.137094
767,ODH_charity_0616:row:767,4318,OC[C@H]1[C@@H](C[C@@H]1c2ccccc2Br)c3cccn3CC=C,ODH,12.3,1.0,12.3,train,11.968067,12.416264,12.924625
2720,ODH_charity_0616:row:2720,15019,Oc1ccccc1C2=N[C@@H](Cc3ccccc3C2=O)c4ccccc4,ODH,22.4,0.7,15.68,train,16.335415,16.930252,17.527712
325,ODH_charity_0616:row:325,1806,COC(=O)/C=C/C[C@H]1N(CCc2ccccc12)C(=O)\C=C\C,ODH,8.53,1.0,8.53,train,8.625364,9.052637,9.489656
4648,ODH_charity_0616:row:4648,24504,Fc1ccc(cc1)C2=C(C[C@H](O2)C=C)C#N,ODH,8.795,1.0,8.795,train,8.942665,9.503615,9.901156
1787,ODH_charity_0616:row:1787,10000,CC(C)(C)OC(=O)[C@@](C)(N)C\C=C\c1cccc(Cl)c1,ODH,11.1,0.5,5.55,train,6.078732,6.5398636,7.062644
2490,ODH_charity_0616:row:2490,13788,O=[S]1(=O)N2[C@H]3CCCC[C@H]3C(=C2c4ccccc14)c5ccccc5,ODH,14.28,0.5,7.14,train,7.561598,8.004222,8.440617
1305,ODH_charity_0616:row:1305,7535,O=C1Oc2ccccc2N[C@@H]1c3ccccc3,ODH,15.0,0.7,10.5,train,9.718109,10.227866,10.650612
2177,ODH_charity_0616:row:2177,12041,COc1ccc(SC[C@H](CO)c2ccccc2)cc1,ODH,15.6,1.0,15.6,train,16.11942,16.578688,16.901716
4358,ODH_charity_0616:row:4358,23434,CC(C)(C)[S](=O)(=O)N[C@H](C1CC1)c2ccccc2,ODH,6.6,1.0,6.6,train,6.3045263,6.52966,6.8172393
1961,ODH_charity_0616:row:1961,10966,COC(=O)[C@H](CN(Cc1ccccc1)Cc2ccccc2)Cc3cn(C(=O)OC(C)(C)C)c4ccccc34,ODH,14.3,0.5,7.15,train,5.434832,6.3291283,7.2111034
1057,ODH_charity_0616:row:1057,6187,O[C@@H](C[N+]([O-])=O)c1ccc2ccccc2c1,ODH,60.632,0.8,48.5056,train,46.48016,47.551056,48.34276
4134,ODH_charity_0616:row:4134,22401,CC(C)(C)c1ccc(cc1)C2=C(C[C@@H](O2)C=C)C#N,ODH,8.112,1.0,8.112,train,7.68812,7.939778,8.209295
2936,ODH_charity_0616:row:2936,16186,O=C1[C@@H](Cc2ccccc2)Oc3ccccc3N1Cc4ccccc4,ODH,22.5,0.5,11.25,train,10.440636,10.963826,11.460854
847,ODH_charity_0616:row:847,4841,CC1(C)CN(C(=O)Nc2cc(cc(c2)C(F)(F)F)C(F)(F)F)[C@](CN=[N+]=[N-])(C1)c3ccc(Cl)cc3,ODH,23.42,0.4,9.368,train,9.268498,9.955218,10.479249
4819,ODH_charity_0616:row:4819,25180,Cc1oc(c2ccccc2)c3[C@@H]4COCCN4c5cc(Br)ccc5Cc13,ODH,16.3,0.6,9.78,train,9.976728,10.491628,11.012674
3465,ODH_charity_0616:row:3465,19226,C[C@@H]1C=C[C@H]2CN(CC2=CN1[S](=O)(=O)c3ccc(C)cc3)[S](=O)(=O)c4ccc(C)cc4,ODH,33.25,0.8,26.6,train,25.783146,26.377005,26.930489
2394,ODH_charity_0616:row:2394,13197,FC(F)(F)c1ccc(cc1)[C@@H]2CNc3ccccc3N2,ODH,26.8,0.6,16.08,train,15.235572,15.895556,16.584572
2952,ODH_charity_0616:row:2952,16262,COc1cc2CCC[C@H](C#Cc3cccc4ncccc34)c2cc1OC,ODH,22.7,1.0,22.7,train,21.810335,22.616043,23.313816
3581,ODH_charity_0616:row:3581,19980,Cc1cccc(c1)[C@@](C)(C\C=C\c2ccccc2)C=O,ODH,39.278,1.0,39.278,train,36.777405,37.699085,38.54471
284,ODH_charity_0616:row:284,1636,CC(C)OC(=O)[C@@H](O)c1cccc(C)c1,ODH,5.9,1.0,5.9,train,5.5370083,5.773546,6.048448
4610,ODH_charity_0616:row:4610,24397,CC(C)Cc1ccc(cc1)C(=O)C(=[N+]=[N-])[C@H](N)C(F)(F)F,ODH,8.694,1.0,8.694,train,8.343687,8.671932,9.030121
4699,ODH_charity_0616:row:4699,24684,C[C@H](O)[C@H](N1CCCC1)c2cccc(C)c2,ODH,7.14,1.0,7.14,train,6.914107,7.3790154,7.7966976
4556,ODH_charity_0616:row:4556,24152,Clc1ccc(cc1)[C@@H](OC(=O)c2ccccc2)C(=O)c3ccccc3,ODH,8.4,0.8,6.72,train,6.6169515,7.22858,7.7288136
4038,ODH_charity_0616:row:4038,22064,Cc1ccc(cc1)N2N=C(C)[C@@](C\C=C\c3ccccc3)(Cc4cccc(C)c4)C2=O,ODH,11.464,1.0,11.464,train,8.896641,9.648028,10.416691
4750,ODH_charity_0616:row:4750,24953,IC[C@@]1(CCCCN2c3ccccc3C=Cc4ccccc24)COc5ccccc15,ODH,9.2,0.8,7.36,train,6.565101,7.1772394,7.6820855
1752,ODH_charity_0616:row:1752,9822,CC(C)(C)OC(=O)[C@@](C)(N)C\C=C\c1ccc2ccccc2c1,ODH,10.4,0.5,5.2,train,5.4848366,5.923873,6.4495454
2121,ODH_charity_0616:row:2121,11701,CCC[C@@H](Nc1ccc(Br)cc1)C=C,ODH,16.44,1.0,16.44,train,15.585643,16.145319,16.78419
3177,ODH_charity_0616:row:3177,17773,C1Nc2ccccc2N[C@H]1Cc3ccccc3,ODH,27.1,1.0,27.1,train,26.1193,26.832085,27.421005
807,ODH_charity_0616:row:807,4651,CSc1ccc(cc1)[C@H]2CC(=O)N2C(C)(C)c3ccccn3,ODH,20.1,0.8,16.08,train,16.030394,16.465567,16.987328
4889,ODH_charity_0616:row:4889,25472,COc1ccc(cc1)[C@](C)(C/C=C/c2ccc(Cl)cc2)C=O,ODH,8.957,1.0,8.957,train,8.9659815,9.204336,9.613231
2687,ODH_charity_0616:row:2687,14869,Oc1ccccc1C2=N[C@H](Cc3ccccc3C2=O)c4ccc(Cl)cc4,ODH,19.8,0.7,13.86,train,14.149119,14.686509,15.246164
4329,ODH_charity_0616:row:4329,23291,CC[C@H](C#Cc1ccccc1)c2ccc(cc2)C(=O)OC,ODH,7.64,0.7,5.348,train,5.3884587,5.729225,6.177664
3209,ODH_charity_0616:row:3209,18000,CCCC[C@@]1(CI)COc2ccccc12,ODH,28.0,0.5,14.0,train,13.268799,13.796871,14.282336
1608,ODH_charity_0616:row:1608,9118,CC1(C)OC[C@H](CO)Oc2ccccc12,ODH,12.3,1.0,12.3,train,12.438365,12.79544,13.108904
3964,ODH_charity_0616:row:3964,21720,CCOC(=O)[C@@]1(N[S](=O)(=O)c2ccccc12)C(C)C=C,ODH,58.55,0.5,29.275,train,28.136784,28.892681,29.63054
802,ODH_charity_0616:row:802,4624,CCOC(=O)C[C@H](Sc1ccccc1)c2ccccc2OC,ODH,21.9,1.0,21.9,train,21.861979,22.729425,23.470201
84,ODH_charity_0616:row:84,483,CC(C)(NC(=O)C[C@@H]1CCOc2ccc(F)cc12)c3ccccn3,ODH,8.2,1.0,8.2,train,8.506576,8.911265,9.304092
1419,ODH_charity_0616:row:1419,8170,C1Oc2ccccc2N[C@H]1c3ccccc3,ODH,11.4,0.6,6.84,train,7.1735964,7.5123863,7.8091116
873,ODH_charity_0616:row:873,4961,CCOC(=O)C[C@@H](Sc1ccccc1)c2cccc(OC)c2,ODH,15.4,1.0,15.4,train,16.220028,16.805025,17.35959
2622,ODH_charity_0616:row:2622,14333,Clc1ccccc1[C@@H]2CCN3C(=C2)c4ccccc4[S]3(=O)=O,ODH,24.76,0.8,19.808,train,19.35272,19.976002,20.455494
1590,ODH_charity_0616:row:1590,9047,C[C@]1(C(=O)OCC=C)C(=O)N(C(=O)C(c2ccccc2)c3ccccc3)c4cccc(Br)c14,ODH,16.6,0.8,13.28,train,13.487215,14.13856,14.659944
2517,ODH_charity_0616:row:2517,13853,CC(C)O[P](=O)(OC(C)C)[C@]12CC(=CC(=O)N1[S](=O)(=O)Oc3ccc(C)cc23)c4ccccc4,ODH,18.1,0.8,14.48,train,13.127157,13.585564,14.125844
4425,ODH_charity_0616:row:4425,23714,COc1cc2[C@H](c3ccccc3)C(=C(N)Oc2c4ccccc14)C#N,ODH,10.6,0.7,7.42,train,7.518379,8.1196995,8.764595
4971,ODH_charity_0616:row:4971,25858,Brc1ccc(cc1)[C@@H]2C=C(C[C@H]2c3ccccc3)c4ccccc4,ODH,65.2,0.3,19.56,train,17.734095,18.296646,18.88852
355,ODH_charity_0616:row:355,1946,COCCO[C@H](NC(=O)c1ccccc1)c2ccccc2CCCC(F)(F)F,ODH,13.46,1.0,13.46,train,13.095631,13.728505,14.216333
2302,ODH_charity_0616:row:2302,12788,COc1ccc2cc(ccc2c1)[C@@H](C)N[S](=O)(=O)C(C)(C)C,ODH,13.2,1.0,13.2,train,12.860824,13.289191,13.716365
438,ODH_charity_0616:row:438,2398,OC[C@@H]1[C@H](C[C@H]1c2cccn2[CH]=[C]=[CH2])c3ccccc3,ODH,9.5,1.0,9.5,train,9.839514,10.337108,10.827204
2159,ODH_charity_0616:row:2159,11914,Fc1cccc(c1)[C@H]2CNc3ccccc3N2,ODH,15.4,0.6,9.24,train,8.948365,9.4186535,9.820511
810,ODH_charity_0616:row:810,4660,COc1ccc(cc1)[C@H](C)CC=O,ODH,22.1,1.0,22.1,train,21.853521,22.371607,22.839558
3975,ODH_charity_0616:row:3975,21770,CN1CCc2ccccc2[C@H]1c3ccccc3,ODH,6.3,0.7,4.41,train,4.5199594,4.8019104,5.0673313
635,ODH_charity_0616:row:635,3699,COC(=O)C[C@@H](C#N)c1ccc(C)cc1,ODH,14.7,1.0,14.7,train,13.831644,14.28911,14.720148
311,ODH_charity_0616:row:311,1748,CCOC(=O)C[C@H](Sc1ccccc1)c2ccc(F)cc2,ODH,7.5,1.0,7.5,train,7.5869126,8.204497,8.723394
2536,ODH_charity_0616:row:2536,13923,Clc1ccccc1[C@H]2CC(=O)N3C(=C2)c4ccccc4[S]3(=O)=O,ODH,18.24,1.0,18.24,train,17.157469,17.660505,18.117401
1015,ODH_charity_0616:row:1015,5910,FC(F)(F)C[C@@]1(CC(=NO1)c2ccccc2)c3cncnc3,ODH,25.67,0.8,20.536,train,20.141302,20.915615,21.639345
1959,ODH_charity_0616:row:1959,10954,COC(=O)c1ccc(C[C@@H](B2OC(C)(C)C(C)(C)O2)N3CCOC3=O)cc1,ODH,14.3,1.0,14.3,train,12.519408,12.874179,13.352766
4592,ODH_charity_0616:row:4592,24322,Cc1ccc(cc1)[C@@]2(CCC(=O)O2)C(=O)OC(c3ccccc3)c4ccccc4,ODH,8.6,0.75,6.45,train,5.927895,6.582003,7.1664405
1591,ODH_charity_0616:row:1591,9048,C[C@@]1(C(=O)OCC=C)C(=O)N(C(=O)C(c2ccccc2)c3ccccc3)c4cccc(Br)c14,ODH,12.2,0.8,9.76,train,9.279684,9.970039,10.573906
348,ODH_charity_0616:row:348,1913,CC(O)[C@H](C)C1CCc2ccccc2N1,ODH,11.1,1.0,11.1,train,10.646452,11.1705675,11.709628
2949,ODH_charity_0616:row:2949,16255,CCOC(=O)N1[C@H]2C\C(=C/N(c3ccccc3)[S](=O)(=O)c4ccc(C)cc4)[C@H](C=C2c5ccccc15)c6ccccc6,ODH,37.89,0.8,30.312,train,28.386148,29.50908,30.315222
354,ODH_charity_0616:row:354,1943,CCOC(=O)C[C@@H](Sc1ccc(OC)cc1)c2ccccc2,ODH,11.1,1.0,11.1,train,11.09687,11.580533,12.102957
557,ODH_charity_0616:row:557,3274,C[C@@H]1CCC2=C(CCCC2=O)N1,ODH,12.6,1.0,12.6,train,12.985124,13.779101,14.583697
4476,ODH_charity_0616:row:4476,23903,C1CSC(SC1)([C@@H](C=Cc2ccccc2)c3ccccc3)c4ccccc4,ODH,6.6,1.0,6.6,train,6.155584,6.6729107,7.1375384
4012,ODH_charity_0616:row:4012,21943,CCCC(=O)O\C(c1ccccc1)=C\2[C@@H]([C@H](C)C=C2c3ccccc3)c4ccncc4,ODH,6.2,0.75,4.65,train,4.9794683,5.638401,6.287085
912,ODH_charity_0616:row:912,5137,Cc1cccc(NC[C@H]2CCc3ccccc3N2)c1,ODH,25.9,1.0,25.9,train,24.819016,25.472805,26.110668
3877,ODH_charity_0616:row:3877,21317,CCN(C[C@H](CSc1sc2ccc(Cl)cc2n1)OCc3ccccc3)C(c4ccccc4)c5ccccc5,ODH,7.3,1.0,7.3,train,6.889947,7.618796,8.281341
679,ODH_charity_0616:row:679,3866,C[C@H]1Nc2ccccc2NC1=O,ODH,19.1,1.0,19.1,train,17.769743,18.36327,18.946777
1477,ODH_charity_0616:row:1477,8419,O=C1CC[C@@](O1)(C(=O)OCc2ccccc2)c3ccccc3,ODH,11.6,0.75,8.7,train,7.706779,8.343833,8.83723
4154,ODH_charity_0616:row:4154,22459,CCCC[C@H]1NCc2ccc(C)cc2[C@H]1F,ODH,7.7,0.8,6.16,train,6.0180373,6.2809486,6.490765
2927,ODH_charity_0616:row:2927,16150,CC(C)OC(=O)[C@@]1(N[S](=O)(=O)c2ccccc12)C#Cc3ccccc3,ODH,27.2,0.5,13.6,train,12.941882,13.32223,13.681105
727,ODH_charity_0616:row:727,4161,CCOC(=O)C[C@H](Sc1ccccc1)c2ccccc2,ODH,19.4,1.0,19.4,train,18.699898,19.378653,19.980055
2615,ODH_charity_0616:row:2615,14285,Cc1cc2[C@@H]3CCC(=C[C@H]3N(c2cc1C)[S](=O)(=O)C(F)(F)F)c4cccc5ccccc45,ODH,18.9,0.5,9.45,train,9.000846,9.597413,10.057839
1461,ODH_charity_0616:row:1461,8376,Oc1ccccc1[C@@H](OC2CCCC2)c3ccccc3,ODH,11.6,0.5,5.8,train,6.3214936,6.751195,7.112072
703,ODH_charity_0616:row:703,4037,Cc1cccc2CC[C@H](CNc3ccccc3)Nc12,ODH,18.8,1.0,18.8,train,17.641792,18.203644,18.797174
2581,ODH_charity_0616:row:2581,14119,Cc1cc2OCC[C@@](C)(CC3=CCCCC3)c2cc1C,ODH,18.6,0.5,9.3,train,8.581922,9.021793,9.369019
4349,ODH_charity_0616:row:4349,23418,Cc1ccc(cc1)[S](=O)(=O)N2C[C@H](C=C)N(c3cc(C)ccc3C2=O)[S](C)(=O)=O,ODH,7.79,1.0,7.79,train,8.248066,8.786572,9.3939
4227,ODH_charity_0616:row:4227,22854,CC1(C)CCC[C@@H]1NC(=O)c2ccccc2,ODH,11.6,0.8,9.28,train,9.108273,9.492819,9.83615
996,ODH_charity_0616:row:996,5776,C1OC(=N[C@@H]1c2ccccc2)c3ccccn3,ODH,33.2,1.0,33.2,train,31.139753,32.044945,32.883114
189,ODH_charity_0616:row:189,1048,F[C@H]1CCCO[C@]1(C(=O)c2ccc(Cl)cc2)c3ccc(Cl)cc3,ODH,9.51,1.0,9.51,train,9.293741,9.961304,10.638503
2533,ODH_charity_0616:row:2533,13916,CC(C)(C)OC(=O)C(=C)C[C@](C)(N)C(F)(F)F,ODH,13.93,0.8,11.144,train,9.916481,10.377806,10.875679
61,ODH_charity_0616:row:61,415,COc1cccc2CC[C@H](Nc12)c3ccc(F)cc3,ODH,6.3,0.8,5.04,train,4.422797,4.823134,5.23641
2698,ODH_charity_0616:row:2698,14904,C[C@H](NN1C(=O)CCC1=O)c2ccccc2,ODH,19.841,0.8,15.8728,train,15.27688,15.744074,16.248274
3514,ODH_charity_0616:row:3514,19554,O=C(N1CC[C@@H](C1)c2ccccc2)c3ccccc3,ODH,35.6,1.0,35.6,train,33.32492,34.193905,34.929726
797,ODH_charity_0616:row:797,4604,O=CC[C@H](Cc1ccccc1)C(=O)Oc2ccccc2,ODH,19.7,1.0,19.7,train,19.028624,19.733894,20.299345
732,ODH_charity_0616:row:732,4185,Cc1ccc(cc1)[C@H](O)CBr,ODH,17.0,1.0,17.0,train,17.262781,17.665243,18.091627
2331,ODH_charity_0616:row:2331,12919,COC(=O)[C@H](F)\C=C\c1cccc(OC)c1,ODH,15.9,1.0,15.9,train,16.179974,16.721506,17.222214
1415,ODH_charity_0616:row:1415,8126,Cc1ccc(cc1)[C@@H]2CC(=O)Oc3ccccc23,ODH,11.38,1.0,11.38,train,10.53887,10.974089,11.417801
333,ODH_charity_0616:row:333,1826,CCOC(=O)C[C@H](B1OC(C)(C)C(C)(C)O1)c2ccc(cc2)c3ccccc3,ODH,11.2,0.5,5.6,train,4.456691,4.7876935,5.1790032
3863,ODH_charity_0616:row:3863,21262,Cc1ccc(O[C@@H](C(=O)OCc2ccccc2)c3ccccc3)cc1,ODH,6.7,1.0,6.7,train,6.502853,7.0600305,7.5694766
4287,ODH_charity_0616:row:4287,23087,FC(F)(F)Oc1ccc(cc1)C2=C(C[C@@H](O2)C=C)C#N,ODH,8.713,1.0,8.713,train,8.480788,9.165867,9.732848
67,ODH_charity_0616:row:67,427,C[C@H]1CCc2cc(F)ccc2N1,ODH,6.4,1.0,6.4,train,5.8888206,6.283735,6.6159925
2605,ODH_charity_0616:row:2605,14240,Fc1cccc2c1N(Cc3ccccc3)C(=O)[C@]24OC(=O)c5cccc6ccn4c56,ODH,19.8,0.8,15.84,train,15.213793,15.827507,16.349314
2982,ODH_charity_0616:row:2982,16484,CCOC(=O)[C@H](C(C(=O)\C=C(/C)c1ccccc1)c2ccccc2)C(=O)c3ccccc3,ODH,17.1,0.6,10.26,train,10.571101,11.269148,11.911841
2679,ODH_charity_0616:row:2679,14821,CCOC(=O)[C@]1(N[S](=O)(=O)c2ccc(OC(F)(F)F)cc12)C#Cc3ccccc3,ODH,19.7,0.5,9.85,train,10.4494915,11.207727,11.835847
505,ODH_charity_0616:row:505,2965,COc1cc(C[C@H](C)c2cc3c(F)cccc3n2c4ccc(cn4)c5cc(cc(c5)C(F)(F)F)C(F)(F)F)cc(OC)c1OC,ODH,14.43,0.6,8.658,train,8.011139,8.995362,9.817788
3667,ODH_charity_0616:row:3667,20370,Cc1ccc(cc1)[S](=O)(=O)N2CC[C@@H](C2)c3ccc4OCOc4c3,ODH,41.2,1.0,41.2,train,39.66228,40.79408,41.526043
2863,ODH_charity_0616:row:2863,15836,COC(=O)C(C)(C)NC(=O)[C@](C)(NC(=O)c1ccc(OC)cc1)C(=O)OCc2ccccc2,ODH,21.7,0.5,10.85,train,10.089619,10.629777,11.162121
1327,ODH_charity_0616:row:1327,7676,C[C@H](n1c(C)c(C)c2ccccc12)c3ccc(NC(=O)c4ccc(cc4)C(C)(C)C)cc3,ODH,14.0,1.0,14.0,train,13.934709,14.5325365,14.961141
2999,ODH_charity_0616:row:2999,16546,CCc1ccc(cc1)[C@@H](C)COC=O,ODH,23.4,0.5,11.7,train,11.634337,12.153545,12.617846
1994,ODH_charity_0616:row:1994,11090,O[C@@H](C(O)=O)c1ccc(Br)cc1,ODH,14.42,0.8,11.536,train,11.574293,11.966985,12.336023
3009,ODH_charity_0616:row:3009,16633,C1Cc2ccccc2N[C@H]1c3ccc4ccccc4c3,ODH,23.65,1.0,23.65,train,22.4572,23.171963,23.887503
2611,ODH_charity_0616:row:2611,14279,C[C@](C\C=C\c1ccccc1)(C=O)c2ccccc2F,ODH,18.88,1.0,18.88,train,18.217678,18.887968,19.446053
3757,ODH_charity_0616:row:3757,20872,Cc1ccc(cc1)[S](=O)(=O)N2CC[C@H](C2)c3ccc(F)cc3,ODH,51.7,1.0,51.7,train,50.96997,52.216328,53.176888
946,ODH_charity_0616:row:946,5288,CC(C)[Si](C#C[C@H](CC(=O)NC(C)(C)c1ccccn1)Cc2cn(C)c3ccccc23)(C(C)C)C(C)C,ODH,21.6,0.7,15.12,train,11.780107,14.899664,17.823317
3,ODH_charity_0616:row:3,105,CO[C@@H](NC(=O)C(C)(C)C)c1ccccc1CCCC(F)(F)F,ODH,4.32,1.0,4.32,train,4.3356485,4.657881,4.972103
1463,ODH_charity_0616:row:1463,8380,Cc1ccc(C[C@H]2Cc3ccccc3N2)cc1,ODH,11.6,1.0,11.6,train,10.746112,11.30927,11.965637
1689,ODH_charity_0616:row:1689,9551,C1[C@@H](Nc2ccccc12)c3ccccc3,ODH,12.7,1.0,12.7,train,12.238629,12.748911,13.27034
1121,ODH_charity_0616:row:1121,6640,FC(F)(F)[C@@H]1NC1C(=O)c2ccc(cc2)c3ccccc3,ODH,6.922,1.0,6.922,train,7.241071,7.8751225,8.485609
785,ODH_charity_0616:row:785,4528,C[C@@H]1Nc2ccccc2[C@@H]1Cc3ccccc3,ODH,14.6,0.8,11.68,train,11.902512,12.373531,12.8825865
3899,ODH_charity_0616:row:3899,21408,FC(F)(F)[C@@]1(CC(=CC(=O)O1)c2ccccc2)c3sccc3,ODH,24.2,0.75,18.15,train,17.755293,18.449776,19.105371
4429,ODH_charity_0616:row:4429,23720,CCOC(=O)C[C@H]1C=CCN(N1C(=O)OC(C)(C)C)C(=O)Nc2ccc(Cl)cc2,ODH,11.2,0.7,7.84,train,6.7392716,7.1891785,7.6711855
3557,ODH_charity_0616:row:3557,19801,O=C1[C@@H](Cc2ccccc2)Oc3ccccc3N1c4ccccc4,ODH,37.6,0.5,18.8,train,17.280397,17.963343,18.53204
2543,ODH_charity_0616:row:2543,13993,FC(F)(F)c1ccccc1N2[C@H](COC2=O)C=C,ODH,19.2,0.8,15.36,train,14.161702,14.722754,15.241375
2101,ODH_charity_0616:row:2101,11583,C[C@H](C(=O)OCc1ccccc1)c2c(C)n(C)c3ccccc23,ODH,15.0,0.7,10.5,train,10.689593,11.096159,11.543429
641,ODH_charity_0616:row:641,3706,C[C@@H]([C@H](CCO)c1ccccc1)[N+]([O-])=O,ODH,15.37,1.0,15.37,train,14.611149,15.0363655,15.332142
320,ODH_charity_0616:row:320,1773,COC(=O)\C=C\C[C@H]1N(CCc2c3ccccc3n(c12)[S](=O)(=O)c4ccc(C)cc4)C(C)=O,ODH,12.12,1.0,12.12,train,12.828015,13.350557,13.869172
506,ODH_charity_0616:row:506,2975,C[C@H]1Nc2ccc(Br)cc2N(C)C1=O,ODH,7.7,1.0,7.7,train,7.327007,7.5670023,7.8840055
3956,ODH_charity_0616:row:3956,21686,CCO[P](=O)(OCC)[C@@]12CC(=CC(=O)N1[S](=O)(=O)Oc3ccccc23)c4cccc(OC)c4,ODH,34.0,0.8,27.2,train,25.962833,26.815062,27.551308
1666,ODH_charity_0616:row:1666,9424,COc1ccccc1/C=C/[C@@H](C)C#CCOC(C)=O,ODH,12.6,0.6,7.56,train,8.170204,8.671719,9.140048
1592,ODH_charity_0616:row:1592,9059,COc1ccc(C[C@H](B2OC(C)(C)C(C)(C)O2)N3CCOC3=O)cc1,ODH,9.5,1.0,9.5,train,8.722368,9.075924,9.551738
3546,ODH_charity_0616:row:3546,19758,O[C@@H]/1CCCC1=C/c2cccc(c2)C(F)(F)F,ODH,35.2,0.5,17.6,train,18.117657,18.645994,19.232243
3368,ODH_charity_0616:row:3368,18736,[O-][N+](=O)c1ccc(OC[C@H]2COC3(CCC3)c4ccccc4O2)cc1,ODH,30.8,1.0,30.8,train,28.219408,29.29379,30.043459
4162,ODH_charity_0616:row:4162,22497,COC(=O)c1ccc(cc1)[C@@H]2C[C@H](NC(=O)OCc3ccccc3)c4cccc5CC[C@H](N2c45)c6ccccc6,ODH,9.07,1.0,9.07,train,8.816897,9.639925,10.3622
3890,ODH_charity_0616:row:3890,21349,COc1ccc(C[C@@H]2[C@H](C=C(OC2=O)c3ccccc3)c4ccc(C)cc4)cc1,ODH,50.0,0.75,37.5,train,39.037117,39.90146,40.873417
1510,ODH_charity_0616:row:1510,8542,COc1ccc(cc1)[C@@H](C)c2ccc(cc2)c3ccccc3,ODH,11.75,0.5,5.875,train,5.302933,5.638122,6.100303
1083,ODH_charity_0616:row:1083,6348,O=[S]1(=O)[C@@H](Cc2ccccc12)c3ccc4ccccc4c3,ODH,52.5,1.0,52.5,train,50.545498,51.70583,52.792656
450,ODH_charity_0616:row:450,2458,C[C@H](CC=O)c1ccccc1F,ODH,12.7,1.0,12.7,train,12.3931265,12.834568,13.231078
3344,ODH_charity_0616:row:3344,18602,CCOC(=O)[C@]1(N[S](=O)(=O)c2ccccc12)C#Cc3ccc(Cl)cc3,ODH,30.2,0.5,15.1,train,15.001669,15.7319355,16.305294
1725,ODH_charity_0616:row:1725,9691,COC(=O)c1ccc(cc1)[C@](C)(C=O)C2CCCCC2,ODH,11.79,0.6,7.074,train,6.807292,7.4794617,7.999884
3470,ODH_charity_0616:row:3470,19243,COC(=O)[C@@]12n3ccc4cccc(C(=O)N1[S](=O)(=O)c5ccccc25)c34,ODH,33.4,0.8,26.72,train,26.135355,26.88006,27.525665
3274,ODH_charity_0616:row:3274,18267,CCC[C@@H](C=C)[C@]1(O)C(=O)N(Cc2cccc3ccccc23)c4ccccc14,ODH,11.511,1.0,11.511,train,11.107455,11.655835,12.217017
2303,ODH_charity_0616:row:2303,12789,COc1ccc2cc(ccc2c1)[C@H](C)N[S](=O)(=O)C(C)(C)C,ODH,16.6,1.0,16.6,train,16.460835,16.869165,17.306461
2462,ODH_charity_0616:row:2462,13606,COC(=O)[C@H](F)CC#Cc1ccccc1,ODH,14.0,1.0,14.0,train,14.4153385,14.931317,15.399621
4926,ODH_charity_0616:row:4926,25621,Cc1cc([C@H](C(=O)OCc2ccccc2)c3cccc(Br)c3)c(C)n1Cc4ccccc4,ODH,11.9,0.7,8.33,train,7.9843335,8.593039,9.134821
1604,ODH_charity_0616:row:1604,9087,Cc1cccc(/C=C/C=C/C[C@](C)(C=O)c2ccccc2)c1,ODH,15.047,1.0,15.047,train,15.344397,15.9538145,16.477942
1766,ODH_charity_0616:row:1766,9923,C[C@H](COC=O)c1ccc(C)cc1,ODH,14.2,0.5,7.1,train,6.9794416,7.4211545,7.843811
3764,ODH_charity_0616:row:3764,20888,COC(=O)[C@H](Oc1cccc(c1)C(F)(F)F)c2ccc(Cl)cc2,ODH,5.47,1.0,5.47,train,4.1351323,4.6497784,5.1447697
4330,ODH_charity_0616:row:4330,23296,COC(=O)[C@H](O)c1ccc(Br)cc1,ODH,7.07,2.0,14.14,train,13.22335,13.730496,14.199197
1779,ODH_charity_0616:row:1779,9982,Clc1ccc2CC[C@@H](Nc2c1)c3ccccc3,ODH,13.17,1.0,13.17,train,11.950704,12.40241,12.940301
74,ODH_charity_0616:row:74,454,Cc1ccc(c(c1)C#CC2(CCOCC2)O[Si](C)(C)C(C)(C)C)[S@@](=O)c3ccccn3,ODH,5.5,1.0,5.5,train,2.964648,3.900011,4.748756
2075,ODH_charity_0616:row:2075,11497,CC(C)(C)OC(=O)[C@@](N)(CC=C)C\C=C\c1ccccc1,ODH,14.9,1.0,14.9,train,13.636856,14.202441,14.745143
4570,ODH_charity_0616:row:4570,24250,CCC[C@@H](Nc1ccc(cc1)C(C)(C)C)C(=C)CC,ODH,6.534,1.0,6.534,train,6.341821,6.706031,7.0261483
1495,ODH_charity_0616:row:1495,8462,C=CCC(C#N)(C#N)[C@@H](CCc1ccccc1)C=C,ODH,11.66,1.0,11.66,train,11.763281,12.394512,12.903048
997,ODH_charity_0616:row:997,5785,Cc1[nH]c2ccccc2c1[C@@H](\C=C\c3ccccc3)c4ccccc4,ODH,35.932,1.0,35.932,train,33.870064,34.903202,35.846912
2526,ODH_charity_0616:row:2526,13892,Cc1ccc(cc1)[C@@H]2C=Cc3ccccc3N2[S](C)(=O)=O,ODH,18.2,0.5,9.1,train,8.838294,9.242687,9.616309
2069,ODH_charity_0616:row:2069,11469,O[C@@H]([C@H](C=C)c1ccccc1)C(=O)c2ccccc2,ODH,14.9,0.5,7.45,train,9.3942,9.906319,10.344411
3290,ODH_charity_0616:row:3290,18345,C=C[C@@H](CCc1ccccc1)c2c[nH]c3ccccc23,ODH,34.7,1.0,34.7,train,32.75944,33.71791,34.59991
1187,ODH_charity_0616:row:1187,7044,C[C@H](N[S](=O)(=O)C(C)(C)C)c1ccc(Cl)cc1,ODH,10.4,1.0,10.4,train,9.973638,10.143699,10.395882
2389,ODH_charity_0616:row:2389,13168,Cc1cc2[C@H](O)[C@@H]3O[C@@H]3C(=O)c2cc1C,ODH,13.4,0.8,10.72,train,10.328781,10.766839,11.114711
3804,ODH_charity_0616:row:3804,21064,Cc1ccc(cc1)N2N=C(C)[C@](C\C=C\c3ccccc3)(Cc4ccc(cc4)C(C)(C)C)C2=O,ODH,5.389,1.0,5.389,train,5.140787,5.8911114,6.444414
2729,ODH_charity_0616:row:2729,15079,O=C1N([C@@H]2Cc3ccccc3N[C@@H]2CCc4ccccc4)C(=O)c5ccccc15,ODH,57.8,0.7,40.46,train,36.351147,37.71428,38.930058
4872,ODH_charity_0616:row:4872,25403,Cc1cccc(O[C@@H](C(=O)OCc2ccccc2)c3ccccc3)c1,ODH,9.6,1.0,9.6,train,9.193786,9.709105,10.224589
3072,ODH_charity_0616:row:3072,17112,COc1ccc(cc1)[C@@H](O)C(=O)c2ccc(OC)cc2,ODH,27.28,1.0,27.28,train,27.16922,27.86113,28.54517
2126,ODH_charity_0616:row:2126,11718,CC(C)(C)OC(=O)[C@](C)(N)C\C=C\c1cccc2ccccc12,ODH,15.2,0.5,7.6,train,6.3887253,6.8066077,7.270667
4560,ODH_charity_0616:row:4560,24176,COc1ccc(C[C@@]2(C\C=C\c3ccccc3)C(=NN(C2=O)c4ccc(C)cc4)C)cc1,ODH,8.458,1.0,8.458,train,7.6935134,8.379845,9.003399
3806,ODH_charity_0616:row:3806,21073,C[C@@H](\C=C\c1cccc(C)c1)[C@](C)(N)C(=O)OC(C)(C)C,ODH,4.9,1.0,4.9,train,4.522459,5.131758,5.6354504
2503,ODH_charity_0616:row:2503,13819,COC(=O)[C@@](C)(N)[C@@H](C=C)c1cc(Cl)cc(Cl)c1,ODH,15.8,0.3,4.74,train,4.51168,4.9702063,5.4535832
4024,ODH_charity_0616:row:4024,22002,CC(C)OC(=O)[C@@H](Oc1ccccc1)c2ccccc2,ODH,7.3,1.0,7.3,train,6.536906,6.8717694,7.126326
958,ODH_charity_0616:row:958,5378,CC(=O)C[C@@H]1CCCCN1C(=O)OCc2ccccc2,ODH,28.4,0.5,14.2,train,13.826942,14.437346,15.016988
1711,ODH_charity_0616:row:1711,9635,COc1ccc(cc1OC)[C@@H](C)C#Cc2ccc(cc2)C#N,ODH,15.1,1.0,15.1,train,13.857951,14.377805,14.807579
1,ODH_charity_0616:row:1,38,CCCOC(=O)C[C@@H](B1OC(C)(C)C(C)(C)O1)c2ccccc2,ODH,3.5,1.0,3.5,train,2.7059364,3.1029482,3.5459876
1298,ODH_charity_0616:row:1298,7513,O=C1CC[C@@](O1)(C(=O)Oc2ccccc2)c3ccccc3,ODH,10.9,0.75,8.175,train,7.336844,7.9650216,8.499593
4911,ODH_charity_0616:row:4911,25539,Cc1cccc(c1)C2=CC[C@@]3(C)COc4cccc2c34,ODH,9.3,0.5,4.65,train,4.093097,4.453449,4.8754888
3791,ODH_charity_0616:row:3791,21012,CC(C)(C)OC(=O)[C@@](C)(N)C\C=C\c1cccc(F)c1,ODH,4.4,0.5,2.2,train,2.0838013,2.4189415,2.8119478
1393,ODH_charity_0616:row:1393,8032,CC1(C)OC[C@H](CO)Oc2ccc(OCc3ccccc3)cc12,ODH,11.3,1.0,11.3,train,12.011115,12.626711,13.207372
1777,ODH_charity_0616:row:1777,9980,CN(CC[C@H](O)c1ccccc1)Cc2ccccc2,ODH,13.17,0.8,10.536,train,10.303378,10.882732,11.309906
1460,ODH_charity_0616:row:1460,8375,Oc1ccccc1[C@H](OC2CCCC2)c3ccccc3,ODH,12.6,0.5,6.3,train,6.645091,7.220354,7.6704383
3243,ODH_charity_0616:row:3243,18141,C[C@@]1(CC#Cc2ccc(cc2)C#N)CN(Cc3ccccc3)C(=O)c4ccccc14,ODH,28.5,1.0,28.5,train,26.8718,27.751226,28.490196
1542,ODH_charity_0616:row:1542,8749,FC(F)(F)[C@]1(CC(=C)C(=O)OCc2ccccc2)C=C(c3ccccc3)c4ccccc14,ODH,11.25,0.5,5.625,train,6.116745,6.8980846,7.545973
2183,ODH_charity_0616:row:2183,12063,OC[C@H]1COC2(CCCC2)c3ccccc3O1,ODH,15.6,1.0,15.6,train,15.462521,16.063923,16.60584
1100,ODH_charity_0616:row:1100,6561,CCCC[C@]1(COc2ccccc12)CC3CC3,ODH,10.5,0.5,5.25,train,6.4090986,6.8686957,7.3433304
2241,ODH_charity_0616:row:2241,12318,OC[C@@H]1COc2ccccc2O1,ODH,15.93,1.0,15.93,train,15.335663,15.793706,16.150076
265,ODH_charity_0616:row:265,1505,CCC[C@H]1N[S](=O)(=O)Oc2ccccc12,ODH,9.9,0.8,7.92,train,7.4307966,7.644831,7.9094667
1547,ODH_charity_0616:row:1547,8758,Cc1ccccc1[C@H]2CCc3ccccc3N2,ODH,11.94,1.0,11.94,train,11.402819,11.862989,12.392907
4180,ODH_charity_0616:row:4180,22653,COC(=O)C[C@@H](O)c1ccc(OC)cc1,ODH,62.3,0.5,31.15,train,30.399158,31.20723,31.931662
4272,ODH_charity_0616:row:4272,23041,CCOC(=O)[C@@H](F)\C=C\c1ccccc1,ODH,7.4,1.0,7.4,train,7.2001348,7.5907435,7.927537
1030,ODH_charity_0616:row:1030,6045,COc1ccc(NC[C@@H]2CCc3ccccc3N2)cc1,ODH,33.5,1.0,33.5,train,32.652275,33.39778,34.15335
115,ODH_charity_0616:row:115,645,Fc1ccc(cc1)[C@@H]2CCc3cc(Br)ccc3N2,ODH,7.2,0.8,5.76,train,5.3696017,5.7507052,6.1343393
463,ODH_charity_0616:row:463,2543,CC(C)OC(=O)[C@H](CC=O)Cc1ccccc1,ODH,11.7,1.0,11.7,train,11.474271,11.865474,12.235251
4887,ODH_charity_0616:row:4887,25457,COC(=O)C(=C)C[C@]1(C=C(c2ccccc2)c3ccccc13)C(F)(F)F,ODH,8.88,0.5,4.44,train,4.170207,4.8365526,5.384751
402,ODH_charity_0616:row:402,2178,COc1ccccc1[C@H](O)C[N+]([O-])=O,ODH,11.8,1.2,14.16,train,14.501877,15.033003,15.428184
2750,ODH_charity_0616:row:2750,15200,O[C@@H]/1CCCC1=C/c2ccccc2,ODH,19.0,0.8,15.2,train,14.553207,15.005713,15.447442
64,ODH_charity_0616:row:64,422,CC1(C)CN(C(=S)Nc2ccc(Cl)cc2)[C@@](C)(C1)c3ccccc3,ODH,8.23,1.0,8.23,train,8.626929,9.055779,9.477111
4792,ODH_charity_0616:row:4792,25091,C[C@H](N[S](=O)(=O)C(C)(C)C)c1ccccc1Cl,ODH,9.3,1.0,9.3,train,9.00176,9.247269,9.51241
1620,ODH_charity_0616:row:1620,9216,OC[C@H](CCl)OCCOC(=O)c1ccccc1,ODH,11.3,1.0,11.3,train,11.521267,12.040835,12.435843
940,ODH_charity_0616:row:940,5265,COC(=O)C[C@@H](C#N)c1ccc(OC)cc1,ODH,22.5,1.0,22.5,train,21.859194,22.470148,22.990343
2164,ODH_charity_0616:row:2164,11967,CC1(C)CC(=O)N(CCCC[C@@]2(CI)COc3ccccc23)C(=O)C1,ODH,15.5,0.8,12.4,train,12.569599,13.240157,13.902426
3614,ODH_charity_0616:row:3614,20103,COC(=O)[C@@H](O)c1cccc(Cl)c1,ODH,4.2,2.0,8.4,train,7.630641,7.9734125,8.3244095
1947,ODH_charity_0616:row:1947,10835,Cc1cc2OC[C@@](C)(CN=[N+]=[N-])c2cc1C,ODH,14.2,0.5,7.1,train,6.7279997,6.983927,7.2337794
12,ODH_charity_0616:row:12,125,C[C@]1(CC2(CCCCC2)CN1C(=S)Nc3cc(cc(c3)C(F)(F)F)C(F)(F)F)c4ccccc4,ODH,9.87,1.0,9.87,train,8.759403,9.46799,10.070224
4264,ODH_charity_0616:row:4264,22999,O[C@@H]/1CCCC1=C/c2ccc(Cl)cc2,ODH,6.6,1.0,6.6,train,5.8041987,6.1151195,6.4777284
3793,ODH_charity_0616:row:3793,21014,CC(C)(C)OC(=O)[C@@](C)(N)C\C=C\c1cccc(F)c1,ODH,4.4,0.5,2.2,train,2.1622322,2.503881,2.9023716
2959,ODH_charity_0616:row:2959,16340,CC(C)[C@H](\C=C\C(=O)Oc1ccc(F)cc1)N2C(=O)C3CC=CCC3C2=O,ODH,22.9,0.8,18.32,train,17.503344,18.16682,18.619991
3454,ODH_charity_0616:row:3454,19177,C[C@@]1(COc2ccccc12)CC#Cc3ccc(C=O)cc3,ODH,35.5,0.5,17.75,train,17.656277,18.309896,18.954025
4589,ODH_charity_0616:row:4589,24319,Cc1ccccc1O[C@H](C(=O)OCc2ccccc2)c3ccccc3,ODH,18.2,1.0,18.2,train,17.179955,17.930862,18.596745
955,ODH_charity_0616:row:955,5375,Cc1ccccc1[C@H](N)c2ccccc2O,ODH,14.19,0.7,9.933,train,9.191294,9.701892,10.121601
2415,ODH_charity_0616:row:2415,13301,O[C@@H](COC(=O)c1ccccc1)c2ccccc2,ODH,15.4,0.8,12.32,train,12.541405,13.08548,13.463492
2904,ODH_charity_0616:row:2904,16017,O[C@@H]/1CCCC1=C/c2cccc(F)c2,ODH,20.1,0.5,10.05,train,10.038629,10.449108,10.807978
4858,ODH_charity_0616:row:4858,25316,C[C@@](C/C=C/C=C/c1cccc(Cl)c1)(C=O)c2ccccc2,ODH,10.923,1.0,10.923,train,11.137221,11.579844,12.07224
3662,ODH_charity_0616:row:3662,20351,O[C@@H](c1ccccc1)c2ccccc2Cl,ODH,32.22,1.0,32.22,train,29.70478,30.394241,31.146091
4302,ODH_charity_0616:row:4302,23161,C[C@@](C\C=C\C=C\c1ccccc1)(C=O)c2ccccc2,ODH,8.531,1.0,8.531,train,8.233502,8.7717495,9.290425
1941,ODH_charity_0616:row:1941,10784,Cc1ccccc1[C@]2(CC#C)CC(=C)OC2=O,ODH,15.04,1.0,15.04,train,15.002893,15.571087,16.10623
991,ODH_charity_0616:row:991,5769,O=C(C[C@@H]1CCOc2ccccc12)Nc3ccccc3,ODH,38.6,1.0,38.6,train,36.1215,37.011967,37.737926
706,ODH_charity_0616:row:706,4067,O=C1CCC[C@@]12[C@H](COc3ccccc23)Sc4ccccc4,ODH,14.14,1.0,14.14,train,13.756126,14.483168,15.119218
3379,ODH_charity_0616:row:3379,18786,[O-][N+](=O)C[C@H](c1ccccc1)c2ccc(F)cc2,ODH,17.8,1.5,26.7,train,26.149897,27.02156,27.541897
3945,ODH_charity_0616:row:3945,21624,FCCCCC[C@@]1(CI)COc2ccccc12,ODH,56.2,0.75,42.15,train,41.188908,42.243084,43.214535
42,ODH_charity_0616:row:42,305,CCOC(=O)[C@H](CC=O)C(C)C,ODH,11.4,1.0,11.4,train,10.828333,11.176615,11.539577
4296,ODH_charity_0616:row:4296,23136,CCCCc1oc(C)c2Cc3ccccc3N4CCOC[C@@H]4c12,ODH,7.5,0.6,4.5,train,4.618035,5.0310335,5.3453493
4831,ODH_charity_0616:row:4831,25217,O[C@H](c1cccc(F)c1)C(=O)c2cccc(F)c2,ODH,11.69,1.0,11.69,train,11.521206,12.114442,12.518796
1658,ODH_charity_0616:row:1658,9399,CC(=C)[C@H]1CNc2ccccc2O1,ODH,11.949,0.5,5.9745,train,5.498742,5.839956,6.13875
4551,ODH_charity_0616:row:4551,24137,Cc1ccc2O[C@H]3OCC[C@H]3c2c1,ODH,8.0,1.0,8.0,train,6.704384,7.1284757,7.587991
3041,ODH_charity_0616:row:3041,16891,O=C1OC[C@]2(CC=CCN12)c3ccccc3,ODH,25.7,0.8,20.56,train,19.868233,20.429382,20.977297
1242,ODH_charity_0616:row:1242,7258,COC(=O)[C@@H](O)c1ccc2ccccc2c1,ODH,10.6,2.0,21.2,train,19.255667,19.980234,20.622831
2146,ODH_charity_0616:row:2146,11804,OC[C@H](CCl)c1ccccc1,ODH,14.3,1.0,14.3,train,14.399624,14.752334,15.042767
729,ODH_charity_0616:row:729,4163,CCC[C@@H]1Cc2ccccc2N[C@H]1c3ccccc3,ODH,19.4,0.5,9.7,train,9.6056795,10.091624,10.571699
4229,ODH_charity_0616:row:4229,22858,CCOC(=O)[C@@H](Oc1ccccc1)c2ccccc2,ODH,15.4,1.0,15.4,train,13.481954,14.137382,14.722141
4356,ODH_charity_0616:row:4356,23432,C[C@@H](N[S](=O)(=O)C(C)(C)C)c1ccc(C)cc1,ODH,6.6,1.0,6.6,train,6.0242696,6.1752677,6.396735
1115,ODH_charity_0616:row:1115,6611,CCCCC[C@@]1(CI)COc2cc(ccc12)C(=O)N3CCCCC3,ODH,8.9,0.8,7.12,train,6.1668296,6.8524323,7.5353074
2559,ODH_charity_0616:row:2559,14054,CC(C)(C)OC(=O)[C@@](N)(C\C=C\c1ccccc1)Cc2ccccc2,ODH,11.9,0.5,5.95,train,5.0703087,5.466413,5.8941183
2454,ODH_charity_0616:row:2454,13571,Cc1cccc(c1)[C@H](O)C(O)=O,ODH,9.34,0.8,7.472,train,7.7305865,8.080294,8.415276
4028,ODH_charity_0616:row:4028,22006,CCCC(=O)O\C(c1ccccc1)=C\2[C@H]([C@H](C)C=C2c3ccccc3)c4ccccc4Cl,ODH,7.4,0.7,5.18,train,4.973008,5.6091905,6.2194867
1880,ODH_charity_0616:row:1880,10494,CCOC(=O)C1=C(C)OC(=O)C[C@@H]1c2ccccc2C,ODH,13.8,0.7,9.66,train,9.420707,9.907602,10.430368
850,ODH_charity_0616:row:850,4852,CC(C)=CCC[C@H]1CCc2ccccc2N1,ODH,18.0,0.5,9.0,train,8.16039,8.618169,9.121526
3074,ODH_charity_0616:row:3074,17114,O[C@@H]1CCOc2ccccc12,ODH,29.406,0.5,14.703,train,14.733041,15.116626,15.475079
3420,ODH_charity_0616:row:3420,19019,CCOC(=O)[C@@]1(OC(=O)c2cc3ccccc3n12)c4ccccc4,ODH,38.3,0.3,11.49,train,10.826604,11.38082,11.891242
4049,ODH_charity_0616:row:4049,22084,Cc1ccc(cc1)c2oc(C)c3Cc4ccccc4N5CCOC[C@H]5c23,ODH,7.7,0.8,6.16,train,6.916112,7.470151,7.9177094
2878,ODH_charity_0616:row:2878,15896,CCOC(=O)[C@]1(N[S](=O)(=O)c2ccc(cc12)C(C)(C)C)C#Cc3ccccc3,ODH,21.8,0.5,10.9,train,10.755656,11.1661625,11.557982
86,ODH_charity_0616:row:86,485,CCCCCC[C@@H](C)c1cc2cc(ccc2n1c3ccc(cn3)c4cc(cc(c4)C(F)(F)F)C(F)(F)F)c5ccc(cc5)C(F)(F)F,ODH,13.6,0.6,8.16,train,8.124513,9.074768,9.812066
1774,ODH_charity_0616:row:1774,9975,N[C@H](C(=[N+]=[N-])C(=O)c1ccc(Cl)c(Cl)c1)C(F)(F)F,ODH,11.735,1.0,11.735,train,12.141806,12.758927,13.23125
437,ODH_charity_0616:row:437,2393,CCC(CC)(NC(=O)C[C@@H](C)c1ccc(cc1)C(C)=O)c2ccccn2,ODH,12.5,0.8,10.0,train,10.205156,10.636297,11.039396
4800,ODH_charity_0616:row:4800,25118,C[C@H](C#Cc1ccccc1)c2ccccc2Br,ODH,9.32,0.7,6.524,train,6.205767,6.681216,7.17847
4045,ODH_charity_0616:row:4045,22078,CCCC(=O)O\C(c1ccccc1)=C\2[C@H]([C@H](C)C=C2c3ccccc3)c4ccc(F)cc4,ODH,7.2,0.7,5.04,train,4.8816137,5.5060744,6.16939
4337,ODH_charity_0616:row:4337,23318,O[C@@H](CCC(=O)Nc1ccccc1)c2ccccc2,ODH,7.69,0.8,6.152,train,5.8124013,6.325976,6.672659
1255,ODH_charity_0616:row:1255,7300,N[C@@H](C(=[N+]=[N-])C(=O)c1ccc(OC(F)(F)F)cc1)C(F)(F)F,ODH,10.668,1.0,10.668,train,11.17492,11.756982,12.264791
2437,ODH_charity_0616:row:2437,13433,COc1ccccc1[C@H](O)C(O)=O,ODH,14.26,0.8,11.408,train,11.811489,12.159465,12.557101
182,ODH_charity_0616:row:182,1029,O=[S@](c1ccccn1)c2ccccc2C#Cc3ccccc3,ODH,8.5,1.0,8.5,train,8.068858,8.520707,8.895204
1389,ODH_charity_0616:row:1389,8011,CCCCCC[C@@H]1Nc2ccccc2C[C@H]1N3C(=O)c4ccccc4C3=O,ODH,11.3,0.7,7.91,train,7.253819,7.9465995,8.610574
1683,ODH_charity_0616:row:1683,9497,CC[C@H](C#CCCO)c1ccccc1,ODH,12.69,0.7,8.883,train,8.914613,9.243266,9.465063
1730,ODH_charity_0616:row:1730,9700,Cc1ccc(cc1)[S](=O)(=O)N2C[C@@H](CO)Oc3ccccc23,ODH,12.873,1.0,12.873,train,13.009187,13.445954,13.779552
1949,ODH_charity_0616:row:1949,10839,CCOC(=O)[C@]1(CC=C)N[S](=O)(=O)c2ccc(cc12)C(C)(C)C,ODH,14.2,0.8,11.36,train,10.222961,10.600399,10.942136
4608,ODH_charity_0616:row:4608,24395,COC(=O)[C@@]1(CCCC1=O)[C@H](C[N+]([O-])=O)c2ccccc2Br,ODH,10.49,1.0,10.49,train,10.669658,11.51818,12.126296
2584,ODH_charity_0616:row:2584,14150,O=C1N(C[C@@H]2COC3(CCC3)c4ccccc4O2)C(=O)c5ccccc15,ODH,25.3,1.0,25.3,train,23.829193,24.777582,25.48833
4619,ODH_charity_0616:row:4619,24418,C=CCN1C(=O)OC[C@]1(CC=C)c2ccccc2,ODH,17.5,1.0,17.5,train,16.920622,17.483091,18.087217
4418,ODH_charity_0616:row:4418,23694,C[C@@H](CNC(C)=O)c1ccccc1,ODH,58.2,0.8,46.56,train,43.569992,44.48078,45.281174
2856,ODH_charity_0616:row:2856,15814,Cc1ccc2O[C@@H](Cc3ccccc3)C(=O)N(Cc4ccccc4)c2c1,ODH,16.1,0.5,8.05,train,7.815315,8.223168,8.713196
1069,ODH_charity_0616:row:1069,6255,O[C@H](CCCC(=O)Nc1ccccc1)C2CCCCC2,ODH,42.4,0.7,29.68,train,29.489626,30.482668,31.406286
3481,ODH_charity_0616:row:3481,19282,CCCCC1=C[C@H]([C@@H]2[C@@H](C(=O)OC2=O)/C1=C/c3ccccc3)c4ccccc4,ODH,13.4,1.0,13.4,train,11.3780775,12.191785,12.879339
4001,ODH_charity_0616:row:4001,21908,CC(=C)[C@@H]1CN(C(=C1)C2=CCCCC2)[S](=O)(=O)c3ccc(C)cc3,ODH,5.69,0.8,4.552,train,4.5077176,4.9006343,5.230768
3875,ODH_charity_0616:row:3875,21302,C[C@@H](\C=C\c1ccccc1Cl)[C@](C)(N)C(=O)OC(C)(C)C,ODH,4.9,1.0,4.9,train,4.5735946,5.084544,5.5841746
1943,ODH_charity_0616:row:1943,10797,COc1ccc(cc1)[C@H](C=C)[C@@H](O)c2ccc(cc2)[N+]([O-])=O,ODH,17.0,1.0,17.0,train,16.554937,17.090607,17.561586
4138,ODH_charity_0616:row:4138,22408,C[C@@H](C#Cc1ccccc1)c2ccc(c(F)c2)c3ccccc3,ODH,7.42,0.7,5.194,train,5.408711,5.8408923,6.252353
4531,ODH_charity_0616:row:4531,24075,CC(C)(C)OC(=O)N1OCC[C@@H]1Cc2ccccc2F,ODH,7.007,0.8,5.6056,train,5.0580277,5.4054275,5.731696
3408,ODH_charity_0616:row:3408,18905,C[C@@H]1O[C@@]1(Cn2cncn2)c3ccc(F)cc3F,ODH,24.68,1.0,24.68,train,23.27253,23.993416,24.665583
3643,ODH_charity_0616:row:3643,20249,C[Si]1(C)OC2=C([C@@H]3[C@H]([C@H](C2)c4ccccc4)C(=O)c5ccccc5C3=O)c6ccccc16,ODH,6.13,1.0,6.13,train,6.1304655,6.648853,7.060143
3049,ODH_charity_0616:row:3049,16957,CCOC(=O)C[C@H]1[C@@H](c2ccc(OC)cc2)c3cc(oc3N(C1=O)[S](=O)(=O)c4ccc(C)cc4)c5ccccc5,ODH,27.0,0.5,13.5,train,14.837211,15.476189,16.036089
3504,ODH_charity_0616:row:3504,19463,O=C1O[C@@](n2c1cc3ccccc23)(C(=O)OCc4ccccc4)c5ccccc5,ODH,34.8,0.3,10.44,train,10.271967,10.841251,11.286507
4344,ODH_charity_0616:row:4344,23361,CCC[C@H]1Cc2ccccc2N1,ODH,7.7,1.0,7.7,train,7.1184654,7.565599,7.9655337
2443,ODH_charity_0616:row:2443,13504,CC[C@](N)(C\C=C\c1ccccc1)C(=O)OC(C)(C)C,ODH,7.6,1.0,7.6,train,6.318529,6.6807075,7.0953407
2700,ODH_charity_0616:row:2700,14917,C[C@H]1C[C@@H](O)c2cc(C)ccc2O1,ODH,23.689,0.5,11.8445,train,11.60309,11.941263,12.297598
2899,ODH_charity_0616:row:2899,15972,CC(C)(C)[Si](C)(C)Oc1ccc(c(O)c1)[C@](C)(c2ccccc2)c3c[nH]c4ccccc34,ODH,22.0,1.0,22.0,train,18.560034,19.827705,20.934837
4806,ODH_charity_0616:row:4806,25134,CCC[C@H](Nc1ccc2[nH]ccc2c1)C=C,ODH,9.37,2.0,18.74,train,17.620857,18.202286,18.814833
1956,ODH_charity_0616:row:1956,10909,CC1(C)[C@H](CCC1=O)c2cccc(F)c2,ODH,12.95,1.0,12.95,train,13.828918,14.231768,14.684418
293,ODH_charity_0616:row:293,1667,CC[C@H]1N[S](=O)(=O)Oc2ccccc12,ODH,10.4,0.8,8.32,train,7.857363,8.081563,8.342191
2525,ODH_charity_0616:row:2525,13891,Cc1ccc(cc1)[C@H]2C=Cc3ccccc3N2[S](C)(=O)=O,ODH,19.9,0.5,9.95,train,10.183264,10.560265,10.957942
739,ODH_charity_0616:row:739,4208,CC(=O)C[C@H]1CCC(C)(C)CN1C(=O)OCc2ccccc2,ODH,21.1,0.5,10.55,train,10.238681,10.660391,11.05746
3450,ODH_charity_0616:row:3450,19155,CCC[C@H]1CC(=O)N(Cc2ccccc2)C1=O,ODH,31.2,0.5,15.6,train,15.14357,15.549528,15.941081
3370,ODH_charity_0616:row:3370,18741,CCCCC[C@@H](C=C)c1c[nH]c2cc(OC)ccc12,ODH,30.8,1.0,30.8,train,29.121605,30.04759,30.875824
2556,ODH_charity_0616:row:2556,14045,O[C@@H]1CCCC[C@H]1Nc2ccc(Br)cc2,ODH,18.47,1.0,18.47,train,19.380674,19.956684,20.466246
4642,ODH_charity_0616:row:4642,24492,N#CC1=C(O[C@H]2C=CCC[C@@H]12)c3ccccc3,ODH,9.493,0.8,7.5944,train,8.332778,8.814255,9.306507
2064,ODH_charity_0616:row:2064,11457,COC(=O)[C@@H]1Cc2ccccc2CO1,ODH,14.9,1.0,14.9,train,13.931831,14.532793,15.024475
1213,ODH_charity_0616:row:1213,7146,CC[C@@]1(N(c2ccc(C)cc2C1=C)[S](=O)(=O)C(F)(F)F)c3ccc(OC)cc3,ODH,9.78,0.6,5.868,train,5.5687375,5.9955387,6.4179482
610,ODH_charity_0616:row:610,3515,CCCC[C@@H](/C=C/c1cccnc1)C#N,ODH,25.52,1.0,25.52,train,22.868433,23.609974,24.213774
3920,ODH_charity_0616:row:3920,21502,FCCCCC[C@]1(CI)COc2ccccc12,ODH,52.7,0.75,39.525,train,39.031967,39.953644,40.83994
2871,ODH_charity_0616:row:2871,15869,CC#CCN(C\C=C\[C@@H]1[C@H](C(C)C)N1[S](=O)(=O)c2ccc(C)cc2)[S](=O)(=O)c3ccc(C)cc3,ODH,21.78,0.8,17.424,train,17.047285,17.822271,18.531141
3845,ODH_charity_0616:row:3845,21205,CCOC(=O)[C@H](O)c1ccccc1,ODH,4.15,2.0,8.3,train,8.466531,8.882705,9.281089
2621,ODH_charity_0616:row:2621,14307,COc1ccc(cc1)C#CC[C@]2(C)COc3ccccc23,ODH,18.9,0.5,9.45,train,9.297926,9.759323,10.3164425
535,ODH_charity_0616:row:535,3158,COc1ccc(cc1OC)[C@H]2CC(=O)N2C(C)(C)c3ccccn3,ODH,23.8,1.0,23.8,train,22.760553,23.43468,24.086376
723,ODH_charity_0616:row:723,4147,CC(C)CC(=O)C[C@@H]1CCCCN1C(=O)OCc2ccccc2,ODH,19.4,0.5,9.7,train,9.100368,9.67062,10.174588
4513,ODH_charity_0616:row:4513,24014,Cc1[nH]c(cc1)[C@@](C)(c2ccc(O)cc2)c3cc(C)cc(C)c3,ODH,8.3,1.0,8.3,train,8.374418,8.784099,9.154966
914,ODH_charity_0616:row:914,5141,CC(C)(NC(=O)C[C@H]1CCOc2ccccc12)c3ccccn3,ODH,25.9,0.55,14.245,train,13.276275,13.833782,14.319169
966,ODH_charity_0616:row:966,5548,COc1cccc(c1)[C@H](O)CC[N+]([O-])=O,ODH,30.0,1.0,30.0,train,29.301193,30.257463,30.928701
2469,ODH_charity_0616:row:2469,13655,O[C@@]1([C@H](C=C)c2ccccc2)C(=O)N(Cc3cccc4ccccc34)c5cc(Cl)ccc15,ODH,12.462,1.0,12.462,train,11.568236,12.257421,12.953257
4604,ODH_charity_0616:row:4604,24362,COC(=O)[C@@]1(CCCC1=O)[C@H](C[N+]([O-])=O)c2ccccc2,ODH,12.77,1.0,12.77,train,12.803639,13.478582,13.987692
1992,ODH_charity_0616:row:1992,11076,O[C@@H]([C@H](C=C)c1ccccc1)[C@@](O)(CC=C)c2ccccc2,ODH,22.8,0.5,11.4,train,11.090409,11.6461315,12.178752
4241,ODH_charity_0616:row:4241,22909,C[C@](C/C=C/C=C/c1ccc(F)cc1)(C=O)c2ccccc2,ODH,7.212,1.0,7.212,train,7.278202,7.622335,7.8726687
373,ODH_charity_0616:row:373,2011,O[C@@H]1CCCCc2cc(Cl)ccc12,ODH,13.3,1.0,13.3,train,14.008894,14.537015,15.055544
654,ODH_charity_0616:row:654,3764,O[C@H]1C[C@@H](N(O1)C(=O)OCc2ccccc2)c3ccccc3,ODH,19.3,1.0,19.3,train,18.767153,19.420483,19.895628
4932,ODH_charity_0616:row:4932,25639,OC[C@@H](O)c1cccc2ccccc12,ODH,13.6,0.5,6.8,train,6.6501303,6.9213405,7.195682
36,ODH_charity_0616:row:36,252,CC1(C)CN(C(=S)Nc2ccc(cc2)C(F)(F)F)[C@@](C)(C1)c3ccccc3,ODH,7.83,1.0,7.83,train,7.6532907,8.096117,8.497467
3140,ODH_charity_0616:row:3140,17585,C[C@@]1(COc2ccccc12)CC#Cc3ccccc3[N+]([O-])=O,ODH,27.3,0.5,13.65,train,13.44026,14.135931,14.644671
2052,ODH_charity_0616:row:2052,11433,COc1ccc(cc1)[C@@H](O)CCN(C)Cc2ccccc2,ODH,14.84,1.0,14.84,train,14.93066,15.474093,15.9491005
3756,ODH_charity_0616:row:3756,20871,COC(=O)[C@H](CN(Cc1ccccc1)Cc2ccccc2)CC(=O)OCc3ccccc3,ODH,49.8,0.5,24.9,train,23.56613,24.544405,25.368603
130,ODH_charity_0616:row:130,730,CC(C)OC(=O)C[C@@H](B1OC(C)(C)C(C)(C)O1)c2ccccc2,ODH,7.5,0.5,3.75,train,2.7460885,3.1268597,3.6147244
1116,ODH_charity_0616:row:1116,6612,CCCCC[C@]1(CI)COc2cc(ccc12)C(=O)N3CCCCC3,ODH,10.0,0.8,8.0,train,7.2857976,7.947509,8.547478
1708,ODH_charity_0616:row:1708,9628,C[C@@H]1[C@H](F)c2ccccc2CN1C(=O)c3ccc(Br)cc3,ODH,14.3,0.8,11.44,train,10.67925,11.194419,11.6413765
812,ODH_charity_0616:row:812,4662,C[C@@H]1Cc2ccccc2N[C@H]1c3ccccc3,ODH,22.1,0.5,11.05,train,10.607605,11.174998,11.718302
2409,ODH_charity_0616:row:2409,13275,CC[C@@](C\C=C\C=C\c1ccccc1)(C=O)c2ccccc2,ODH,15.719,0.8,12.5752,train,12.540494,13.13311,13.648781
122,ODH_charity_0616:row:122,702,COC(=O)C[C@@H](B1OC(C)(C)C(C)(C)O1)c2ccccc2F,ODH,7.4,0.5,3.7,train,2.727416,3.1120918,3.5421858
4507,ODH_charity_0616:row:4507,23994,COc1ccc(cc1)[C@@H]2N[C@H](Cc3ccccc23)c4ccccc4,ODH,8.3,0.8,6.64,train,7.393908,7.8600035,8.270379
1726,ODH_charity_0616:row:1726,9692,COC(=O)c1ccc(cc1)[C@@](C)(C=O)C2CCCCC2,ODH,12.86,0.6,7.716,train,7.676701,8.316429,8.839799
4435,ODH_charity_0616:row:4435,23728,COC(=O)N1C(=O)[C@@](Cc2ccccc2)([C@H](C=C)c3ccccc3)c4ccccc14,ODH,6.7,1.0,6.7,train,6.553494,7.2701907,7.825602
4963,ODH_charity_0616:row:4963,25826,CCOC(=O)[C@]1(N[S](=O)(=O)c2ccccc12)C#Cc3ccc(cc3)C#N,ODH,90.0,0.5,45.0,train,43.759186,44.9861,45.951817
2626,ODH_charity_0616:row:2626,14368,O[C@H](COC(=O)c1cccc2ccccc12)c3ccccc3,ODH,19.0,0.8,15.2,train,15.31391,16.015812,16.589243
1798,ODH_charity_0616:row:1798,10039,COC(=O)C1=C(C)OC(=O)C[C@H]1c2ccccc2,ODH,13.2,0.7,9.24,train,9.270703,9.781151,10.307409
3606,ODH_charity_0616:row:3606,20057,CCc1cccc(\C=C\[C@@H](C)C#Cc2ccc(cc2)C#N)c1,ODH,39.9,0.2,7.98,train,7.996339,8.553637,9.044476
3530,ODH_charity_0616:row:3530,19663,Cc1cc2OC[C@@](C)(Cn3cc(C)c4ccccc34)c2cc1C,ODH,36.6,0.5,18.3,train,15.683643,16.282866,16.923363
1870,ODH_charity_0616:row:1870,10430,COC(=O)[C@H](Cc1ccc(cc1)C(C)(C)C)NC(=O)c2ccccc2OC,ODH,13.7,0.8,10.96,train,11.015376,11.361119,11.844977
3277,ODH_charity_0616:row:3277,18279,OC[C@@H](O)c1ccc(Br)cc1,ODH,31.6,0.9,28.44,train,27.532936,28.14539,28.68632
4484,ODH_charity_0616:row:4484,23919,CC(C)[C@@]1(COc2ccccc12)CC3=CCCC3,ODH,7.7,0.5,3.85,train,3.8839808,4.2418222,4.5751686
801,ODH_charity_0616:row:801,4623,CCOC(=O)C[C@@H](Sc1ccccc1)c2ccccc2OC,ODH,17.2,1.0,17.2,train,17.318413,17.937729,18.479801
4014,ODH_charity_0616:row:4014,21966,COC(=O)[C@H](O)c1ccc(Cl)cc1,ODH,5.8,2.0,11.6,train,11.606801,12.079481,12.522095
3087,ODH_charity_0616:row:3087,17183,CC(=O)[C@](O)(Cn1cncn1)c2cc(F)ccc2F,ODH,25.11,1.0,25.11,train,25.268269,25.836273,26.383
3541,ODH_charity_0616:row:3541,19724,CCOC(=O)[C@]1(N[S](=O)(=O)c2c(Cl)cccc12)C#Cc3ccccc3,ODH,37.0,0.5,18.5,train,18.817348,19.569248,20.175444
2368,ODH_charity_0616:row:2368,13099,C[C@@H](C=C)n1ccc2ccccc12,ODH,17.0,0.5,8.5,train,8.093474,8.382205,8.77398
4853,ODH_charity_0616:row:4853,25298,CC1(C)OB(OC1(C)C)[C@H](Cc2cccc(F)c2)N3CCOC3=O,ODH,9.5,1.0,9.5,train,8.33198,8.702164,9.133715
232,ODH_charity_0616:row:232,1333,FC(F)(F)c1cc(NC(=O)N2CC3(CCCC3)C[C@]2(CN=[N+]=[N-])c4ccccc4)cc(c1)C(F)(F)F,ODH,9.35,0.8,7.48,train,7.317154,8.320707,9.2737875
2747,ODH_charity_0616:row:2747,15184,CC(C)(C)OC(=O)[C@](C)(N)C\C=C\c1ccc(cc1)[N+]([O-])=O,ODH,20.5,0.5,10.25,train,9.052492,9.320973,9.639377
3021,ODH_charity_0616:row:3021,16770,O[C@@]1([C@H](C=C)c2ccccc2)C(=O)N(Cc3cccc4ccccc34)c5cccc(F)c15,ODH,23.997,1.0,23.997,train,23.682701,24.59257,25.48478
4220,ODH_charity_0616:row:4220,22819,C[C@H](C#Cc1ccccc1)c2ccc3Oc4ncccc4Cc3c2,ODH,7.13,1.0,7.13,train,6.8480225,7.2701054,7.7201786
1923,ODH_charity_0616:row:1923,10675,O[C@H]/1CCCC1=C/c2cccc(Br)c2,ODH,14.0,1.0,14.0,train,13.020178,13.509468,13.972035
3828,ODH_charity_0616:row:3828,21152,Clc1ccc2sc(SC[C@H](CN(CC=C)C(c3ccccc3)c4ccccc4)OCc5ccccc5)nc2c1,ODH,5.6,1.0,5.6,train,6.0999503,6.8637843,7.433762
3431,ODH_charity_0616:row:3431,19082,CCCC[C@@H]1CC(=O)N=C(S1)c2ccccc2,ODH,38.4,0.5,19.2,train,19.763727,20.31992,20.856985
1849,ODH_charity_0616:row:1849,10349,CC(C)OC(=O)[C@](C)(N)C\C=C\c1ccccc1,ODH,13.6,1.0,13.6,train,13.357765,13.769066,14.166453
1162,ODH_charity_0616:row:1162,6916,Brc1cccc(c1)[C@]2(CCC(=O)O2)C(=O)OC(c3ccccc3)c4ccccc4,ODH,27.7,0.75,20.775,train,19.252775,20.207245,20.974243
784,ODH_charity_0616:row:784,4463,CC(C)(NC(=O)C[C@@H](CCc1ccccc1)c2ccc(F)cc2)c3ccccn3,ODH,21.0,0.5,10.5,train,10.3038645,10.7932825,11.245987
539,ODH_charity_0616:row:539,3209,C[C@@H]1CCc2ccccc2[C@@H]1O,ODH,16.0,1.0,16.0,train,15.89604,16.373962,16.902538
3761,ODH_charity_0616:row:3761,20879,C1CC(=N[C@H]1Cc2ccccc2)c3ccccc3,ODH,11.8,1.0,11.8,train,10.8879175,11.310586,11.743236
1196,ODH_charity_0616:row:1196,7074,C=C[C@H]1CC(=C(O1)c2cscc2)C#N,ODH,12.018,1.0,12.018,train,11.430089,12.048946,12.650751
3102,ODH_charity_0616:row:3102,17248,C[C@@H](COC=O)c1ccccc1C,ODH,25.3,0.5,12.65,train,12.553818,13.003574,13.427311
588,ODH_charity_0616:row:588,3411,Cc1cccc(c1)[C@@H](N)c2ccccc2O,ODH,15.82,0.7,11.074,train,10.356325,10.92924,11.502338
896,ODH_charity_0616:row:896,5064,COC(OC)[C@@H](NC(C)=O)c1ccccc1,ODH,20.0,0.8,16.0,train,15.147553,15.629043,16.044214
2928,ODH_charity_0616:row:2928,16151,CC(C)OC(=O)[C@]1(N[S](=O)(=O)c2ccccc12)C#Cc3ccccc3,ODH,22.4,0.5,11.2,train,11.036127,11.428531,11.863375
442,ODH_charity_0616:row:442,2402,CCOC(=O)[C@@H]1COc2ccccc2O1,ODH,12.5,1.0,12.5,train,10.566228,11.084213,11.560041
3700,ODH_charity_0616:row:3700,20563,Cc1ccc(cc1)[C@H](C[N+]([O-])=O)c2ccccc2Cl,ODH,14.7,1.5,22.05,train,20.912338,21.555902,22.017149
3610,ODH_charity_0616:row:3610,20093,COc1ccc(cc1)[C@@H]2N(C)CCc3ccccc23,ODH,4.1,1.0,4.1,train,4.1761317,4.4939156,4.800775
3547,ODH_charity_0616:row:3547,19759,O[C@H]/1CCCC1=C/c2cccc(c2)C(F)(F)F,ODH,37.3,0.5,18.65,train,18.720585,19.268787,19.848246
4400,ODH_charity_0616:row:4400,23626,O[C@@H]/1CCC1=C/c2ccc3ccccc3c2,ODH,67.507,0.8,54.0056,train,52.974625,54.05153,55.0297
2217,ODH_charity_0616:row:2217,12219,Cc1ccc([C@@H](C=C)[C@@]2(O)C(=O)N(Cc3cccc4ccccc34)c5ccccc25)c(C)c1,ODH,13.708,1.0,13.708,train,13.660731,14.227702,14.817005
1361,ODH_charity_0616:row:1361,7843,COc1ccc(cc1)[C@@H]2C[C@@H](Oc3ccc(Br)cc23)Sc4ccccc4,ODH,9.9,1.0,9.9,train,9.38071,9.79793,10.270926
4582,ODH_charity_0616:row:4582,24283,COC(=O)[C@@H](OCC=C)c1ccccc1,ODH,8.58,1.0,8.58,train,8.509245,8.984573,9.391772
1466,ODH_charity_0616:row:1466,8394,CC(=O)C[C@H](c1ccccc1)c2ccc(C)cc2,ODH,13.6,1.0,13.6,train,12.896115,13.258327,13.585961
3563,ODH_charity_0616:row:3563,19865,CCCCC[C@@H](C=C)c1c[nH]c2ccc(cc12)c3ccccc3,ODH,38.1,1.0,38.1,train,35.764164,36.904373,37.931606
3419,ODH_charity_0616:row:3419,19003,COc1ccc2O[C@@H](C)C[C@@H](O)c2c1,ODH,40.849,0.5,20.4245,train,20.295622,20.837687,21.339523
1202,ODH_charity_0616:row:1202,7100,Cc1ccc(cc1)C(=O)C(=[N+]=[N-])[C@@H](N)C(F)(F)F,ODH,9.022,1.0,9.022,train,9.639794,10.043826,10.493783
515,ODH_charity_0616:row:515,2998,N[C@H](c1ccc(Cl)cc1)c2ccccc2O,ODH,14.52,0.7,10.164,train,10.441283,10.916257,11.35168
4616,ODH_charity_0616:row:4616,24413,CCCCC[C@@H](C=C)n1ccc2c(OC)cccc12,ODH,8.7,1.0,8.7,train,8.462124,8.9969845,9.462498
2292,ODH_charity_0616:row:2292,12670,Oc1ccccc1C2=N[C@@H](Cc3ccccc3C2=O)c4cscc4,ODH,17.8,0.7,12.46,train,12.43859,12.979425,13.549594
3107,ODH_charity_0616:row:3107,17308,Cc1oc(c2ccc(cc2)[N+]([O-])=O)c3[C@H]4COCCN4c5ccccc5Cc13,ODH,25.5,0.8,20.4,train,19.758255,20.720495,21.409248
1527,ODH_charity_0616:row:1527,8658,CCC[C@H](NCc1ccccc1)C(=C)Cc2ccccc2,ODH,11.841,1.0,11.841,train,11.815423,12.365788,12.905625
998,ODH_charity_0616:row:998,5786,Cc1[nH]c2ccccc2c1[C@H](\C=C\c3ccccc3)c4ccccc4,ODH,33.353,1.0,33.353,train,30.653763,31.693817,32.585213
4440,ODH_charity_0616:row:4440,23761,CC(C)Cc1ccc(cc1)[C@@H](C)C#Cc2ccccc2,ODH,10.63,0.7,7.441,train,6.497456,6.797523,7.177322
743,ODH_charity_0616:row:743,4214,COC(=O)[C@H]1COc2ccccc2O1,ODH,31.7,1.0,31.7,train,28.74475,29.579924,30.28888
2222,ODH_charity_0616:row:2222,12244,O[C@@H]([C@H](C=C)\C=C\c1ccccc1)C(=O)c2ccccc2,ODH,10.9,1.0,10.9,train,10.592256,11.196108,11.706686
3340,ODH_charity_0616:row:3340,18590,O=[S@](Cc1ccccc1)c2ccc3ccccc3c2,ODH,20.11,1.0,20.11,train,20.639565,21.223946,21.833189
4677,ODH_charity_0616:row:4677,24591,C=C1C[C@](CC#C)(C(=O)O1)c2ccc(cc2)c3ccccc3,ODH,9.72,2.0,19.44,train,18.840193,19.507578,20.108458
2026,ODH_charity_0616:row:2026,11287,CC(C)(C)OC(=O)[C@](C)(N)C\C=C\c1ccccc1,ODH,14.7,0.5,7.35,train,5.808782,6.195443,6.6056976
2840,ODH_charity_0616:row:2840,15722,FC(F)(F)c1cccc(c1)[C@@H]2CC(=O)N=C(S2)c3ccccc3,ODH,27.0,0.5,13.5,train,13.3503895,13.963245,14.538123
374,ODH_charity_0616:row:374,2012,O[C@H]1CCCCc2cc(Cl)ccc12,ODH,11.3,1.0,11.3,train,11.90143,12.43218,12.882267
4283,ODH_charity_0616:row:4283,23068,C=C[C@@H](CCc1ccccc1)NCc2ccccc2,ODH,8.12,1.0,8.12,train,7.6443567,8.041345,8.465591
4295,ODH_charity_0616:row:4295,23135,CCCCc1oc(C)c2Cc3ccccc3N4CCOC[C@H]4c12,ODH,8.7,0.6,5.22,train,5.3139133,5.6895666,6.0342093
3516,ODH_charity_0616:row:3516,19560,OCCC[C@H](O)c1ccccc1,ODH,35.63,0.8,28.504,train,28.794432,29.366522,29.838337
1362,ODH_charity_0616:row:1362,7846,CC[C@@H](C#Cc1ccccc1)c2ccc3ccccc3c2,ODH,12.4,0.5,6.2,train,5.9706244,6.596617,7.188743
3625,ODH_charity_0616:row:3625,20187,CCCCC[C@@H]1CCC(=N1)c2ccccc2,ODH,12.4,1.0,12.4,train,11.739042,12.227339,12.716842
3729,ODH_charity_0616:row:3729,20721,COC(=O)C[C@@H](O)c1ccc(F)cc1,ODH,36.6,0.5,18.3,train,19.150528,19.861813,20.40174
3061,ODH_charity_0616:row:3061,17021,OC[C@@]1(\C=C\c2ccccc2)C(=O)Nc3ccccc13,ODH,24.7,0.8,19.76,train,18.426247,19.042013,19.47487
89,ODH_charity_0616:row:89,502,CC1(C)CN(C(=S)Nc2ccc(Br)cc2)[C@](C)(C1)c3ccccc3,ODH,6.67,1.0,6.67,train,6.1762624,6.6201787,7.019359
3402,ODH_charity_0616:row:3402,18893,COC(=O)CCNC(=O)[C@@](NC(=O)c1ccccc1)(C(=O)OCc2ccccc2)c3ccccc3,ODH,10.7,1.0,10.7,train,10.982834,11.833286,12.409566
2852,ODH_charity_0616:row:2852,15803,Fc1ccc(cc1)[C@@H]2CCc3ccccc3N2,ODH,15.03,0.6,9.018,train,7.7702804,8.133543,8.460098
1910,ODH_charity_0616:row:1910,10633,C[C@](O)(CC(=O)Cc1ccccc1)C(F)(F)F,ODH,9.8,0.8,7.84,train,7.5816855,8.017085,8.388155
2763,ODH_charity_0616:row:2763,15296,CC(C)(C)OC(=O)[C@@](C)(N)C\C=C\c1ccc2OCOc2c1,ODH,15.0,0.5,7.5,train,6.8690906,7.117116,7.4714556
2629,ODH_charity_0616:row:2629,14413,O[C@]1([C@H](C=C)c2ccc(F)cc2)C(=O)N(Cc3cccc4ccccc34)c5ccccc15,ODH,16.66,1.0,16.66,train,15.923473,16.758581,17.547419
1829,ODH_charity_0616:row:1829,10221,Fc1ccc2N[C@H](CCc2c1)c3ccccc3,ODH,13.46,1.0,13.46,train,11.306136,11.8185835,12.217502
2051,ODH_charity_0616:row:2051,11432,COc1ccc(cc1)[C@H](O)CCN(C)Cc2ccccc2,ODH,19.38,1.0,19.38,train,18.873693,19.434565,19.920454
3266,ODH_charity_0616:row:3266,18246,CCOC(=O)[C@@]1(N[S](=O)(=O)c2ccccc12)C#Cc3cccc(Cl)c3,ODH,39.0,0.5,19.5,train,19.095003,19.774614,20.338446
1428,ODH_charity_0616:row:1428,8249,CCOC(=O)[C@H](CC(=O)c1ccc(C)cc1)C(=C)C(C)=O,ODH,10.4,1.0,10.4,train,10.307642,10.731017,11.195211
3198,ODH_charity_0616:row:3198,17936,Cc1ccc(cc1)C2=CC(=O)O[C@](C2)(c3ccccc3)C(F)(F)F,ODH,18.3,0.75,13.725,train,12.484054,13.139905,13.699722
2573,ODH_charity_0616:row:2573,14085,C[C@]1(COc2ccccc12)CC#Cc3ccc(cc3)c4ccccc4,ODH,18.5,0.5,9.25,train,9.1463375,9.626179,10.252428
4828,ODH_charity_0616:row:4828,25207,COC(=O)[C@H](F)\C=C\c1ccccc1,ODH,8.6,1.0,8.6,train,8.6853895,9.030489,9.372113
604,ODH_charity_0616:row:604,3493,CCOC(=O)[C@@H](CCOCc1ccccc1)CC=O,ODH,18.0,1.0,18.0,train,17.11508,17.767834,18.341143
3842,ODH_charity_0616:row:3842,21198,Cc1ccc(cc1)[C@@]2(Cc3ccccc3[C@H](N2)c4ccccc4)c5ccccc5,ODH,6.2,0.8,4.96,train,5.6980734,6.1944795,6.721473
3218,ODH_charity_0616:row:3218,18053,CCC[C@H](COC=O)c1ccccc1,ODH,29.7,0.5,14.85,train,14.209518,14.751025,15.161297
2795,ODH_charity_0616:row:2795,15482,C[C@H]1CC(=O)N=C(S1)c2ccccc2,ODH,21.0,0.5,10.5,train,10.696863,11.050909,11.401765
2035,ODH_charity_0616:row:2035,11350,C[C@@H](O)c1cc(cc(c1)C(F)(F)F)C(F)(F)F,ODH,12.43,1.0,12.43,train,11.92724,12.484737,13.093591
1801,ODH_charity_0616:row:1801,10092,COC(=O)[C@@H]1[C@H](c2ccc(C)cc2)c3ccccc3OC1=O,ODH,13.3,0.7,9.31,train,9.30188,9.736083,10.199793
3868,ODH_charity_0616:row:3868,21280,Cc1cccc(\C=C\[C@@H]2COc3ccccc3O2)c1,ODH,5.83,1.0,5.83,train,5.6185713,5.962741,6.317906
3932,ODH_charity_0616:row:3932,21553,CCO[P](=O)(OCC)[C@]12CC(=CC(=O)N1[S](=O)(=O)Oc3ccccc23)c4ccc(Br)cc4,ODH,54.0,0.8,43.2,train,38.929672,40.35082,41.606873
853,ODH_charity_0616:row:853,4855,Cc1ccc(NC[C@H]2CCc3ccccc3N2)cc1,ODH,23.5,1.0,23.5,train,21.902708,22.522913,23.141142
4481,ODH_charity_0616:row:4481,23914,C[C@H](N[S](=O)(=O)C(C)(C)C)c1occc1,ODH,8.2,1.0,8.2,train,8.011234,8.175238,8.337631
2494,ODH_charity_0616:row:2494,13804,CC(C)(C)OC(=O)[C@@](C)(N)C\C=C\c1ccc(Cl)cc1,ODH,12.8,0.5,6.4,train,7.0017114,7.4188457,7.9786067
1570,ODH_charity_0616:row:1570,8930,COC(=O)[C@H](F)/C=C/c1ccc(COC(C)=O)cc1,ODH,10.9,1.0,10.9,train,10.935889,11.373151,11.771729
448,ODH_charity_0616:row:448,2444,Cc1ccccc1[C@H](O)C[N+]([O-])=O,ODH,12.673,0.8,10.1384,train,10.467435,10.914087,11.254276
943,ODH_charity_0616:row:943,5274,O=CC[C@@H](Cc1ccccc1)C(=O)OC(c2ccccc2)c3ccccc3,ODH,27.1,1.0,27.1,train,25.572996,26.480247,27.15973
4739,ODH_charity_0616:row:4739,24877,Fc1cccc(c1)[C@]2(CCC(=O)O2)C(=O)OC(c3ccccc3)c4ccccc4,ODH,31.2,0.75,23.4,train,21.440622,22.313574,23.045692
287,ODH_charity_0616:row:287,1639,CCOC(=O)C[C@H](B1OC(C)(C)C(C)(C)O1)c2cccc(C)c2,ODH,10.3,0.5,5.15,train,3.9349098,4.323987,4.7534347
1948,ODH_charity_0616:row:1948,10838,CCOC(=O)[C@@]1(CC=C)N[S](=O)(=O)c2ccc(cc12)C(C)(C)C,ODH,10.7,0.8,8.56,train,7.749541,8.076264,8.442028
1504,ODH_charity_0616:row:1504,8527,CCOC(=O)C[C@@H](O)c1ccccc1C,ODH,11.72,1.0,11.72,train,11.000204,11.462667,11.799776
1990,ODH_charity_0616:row:1990,11064,CC(C)C[C@H](C=C)c1c[nH]c2ccccc12,ODH,15.7,1.0,15.7,train,14.46714,14.93704,15.346233
2657,ODH_charity_0616:row:2657,14618,CN(C[C@H](CSc1oc2ccccc2n1)C#N)C(c3ccccc3)c4ccccc4,ODH,19.4,1.0,19.4,train,18.077944,19.063633,19.790949
2742,ODH_charity_0616:row:2742,15167,IC[C@]1(CCCc2ccccc2)COc3ccccc13,ODH,29.0,0.5,14.5,train,14.6175,15.117653,15.546201
3247,ODH_charity_0616:row:3247,18145,CC(C)[C@@H](COC=O)c1ccccc1,ODH,28.5,0.5,14.25,train,13.917205,14.46777,14.912807
1937,ODH_charity_0616:row:1937,10744,CC1(C)[C@H](CCC1=O)c2sccc2,ODH,12.53,1.0,12.53,train,12.660709,12.998613,13.416171
259,ODH_charity_0616:row:259,1460,CC1(C)CN(C(=O)Nc2cc(Cl)cc(Cl)c2)[C@](CN=[N+]=[N-])(C1)c3ccccc3,ODH,9.77,1.0,9.77,train,9.530733,10.107415,10.545781
3456,ODH_charity_0616:row:3456,19179,C[C@H]1CC(=C[C@](N[S](=O)(=O)c2ccc(C)cc2)([C@@H]1C=O)c3ccccc3)c4ccccc4,ODH,38.4,0.6,23.04,train,20.66244,21.38602,22.088396
3517,ODH_charity_0616:row:3517,19561,C1Cc2ccccc2N[C@@H]1c3ccc(cc3)c4ccccc4,ODH,24.02,0.6,14.412,train,12.935403,13.448013,13.944997
2814,ODH_charity_0616:row:2814,15578,CCCNC(=O)[C@@](C)(NC(=O)c1ccc(OC)cc1)C(=O)OCc2ccccc2,ODH,19.0,0.3,5.7,train,5.629349,6.1712,6.6199985
3770,ODH_charity_0616:row:3770,20904,CCC(COC(=O)[C@@H](NC(=O)c1ccc(cc1)C(C)(C)C)c2ccc(C)c(C)c2)(c3ccccc3)c4ccccc4,ODH,5.05,1.0,5.05,train,4.7291827,5.2971935,5.714008
2759,ODH_charity_0616:row:2759,15263,Cc1ccc(cc1)[C@@H]2CCN(C2)[S](=O)(=O)c3ccc(C)cc3,ODH,23.0,1.0,23.0,train,22.867289,23.449055,24.02899
2887,ODH_charity_0616:row:2887,15921,Cc1ccc(C[C@H]2Oc3ccccc3N(Cc4ccccc4)C2=O)cc1,ODH,21.9,0.5,10.95,train,10.675023,11.123616,11.690794
1396,ODH_charity_0616:row:1396,8044,CCOc1ccc2nc(SC[C@H](CN(C)C(c3ccccc3)c4ccccc4)c5sccc5)sc2c1,ODH,7.0,1.0,7.0,train,7.2440095,7.962323,8.604761
893,ODH_charity_0616:row:893,5047,C[C@H](CC=O)CC(CC=C(C)C)([S](=O)(=O)c1ccccc1)[S](=O)(=O)c2ccccc2,ODH,25.0,1.0,25.0,train,24.60209,25.310358,25.91068
2925,ODH_charity_0616:row:2925,16138,COC(=O)[C@H](F)\C=C\c1ccc(CO)cc1,ODH,19.5,1.0,19.5,train,19.32807,19.86065,20.358688
1157,ODH_charity_0616:row:1157,6882,COc1ccc(cc1)[C@@](c2[nH]c3ccccc3c2)(c4ccccc4)c5ccccc5OC,ODH,10.3,1.0,10.3,train,10.627412,11.532181,12.34246
1843,ODH_charity_0616:row:1843,10329,CCCCC[C@@H](C=C)n1ccc2cccc(OC)c12,ODH,13.6,0.5,6.8,train,6.2603507,6.7943854,7.3506603
4520,ODH_charity_0616:row:4520,24049,CCOC(=O)CC/C=C/C=C/C[C@](C)(C=O)c1ccccc1,ODH,9.361,1.0,9.361,train,9.110909,9.63241,10.023711
809,ODH_charity_0616:row:809,4659,COc1ccc(cc1)[C@@H](C)CC=O,ODH,23.2,1.0,23.2,train,22.746632,23.227081,23.66267
4818,ODH_charity_0616:row:4818,25165,COc1ccc(cc1)[C@](C)(c2[nH]c3ccccc3c2)c4ccccc4,ODH,9.4,1.0,9.4,train,9.041713,9.644181,10.169482
85,ODH_charity_0616:row:85,484,CC(C)(NC(=O)C[C@H]1CCOc2ccc(F)cc12)c3ccccn3,ODH,6.6,1.0,6.6,train,6.7497625,7.1687346,7.5352736
153,ODH_charity_0616:row:153,899,CC(C)OC(=O)C[C@H](B1OC(C)(C)C(C)(C)O1)c2ccccc2,ODH,8.1,0.5,4.05,train,2.6985538,3.0148134,3.4103851
1432,ODH_charity_0616:row:1432,8276,C(Cc1ccccc1)[C@@H]2Cc3ccccc3N2,ODH,14.0,0.8,11.2,train,11.414445,11.865043,12.26925
2310,ODH_charity_0616:row:2310,12822,COc1cccc2N(C(=O)C(c3ccccc3)c4ccccc4)C(=O)[C@](C)(C(=O)OCC=C)c12,ODH,25.0,0.8,20.0,train,19.317205,20.031628,20.708134
3036,ODH_charity_0616:row:3036,16846,COc1ccc(cc1OC)[C@H](C)N[S](=O)(=O)C(C)(C)C,ODH,24.2,1.0,24.2,train,21.778698,22.370789,22.844412
2530,ODH_charity_0616:row:2530,13900,COc1ccc(cc1OC)[C@H](CCN=[N+]=[N-])C#Cc2ccc(cc2)C#N,ODH,18.2,1.0,18.2,train,16.823553,17.512337,18.125559
4826,ODH_charity_0616:row:4826,25201,CC(C)O[P](=O)(OC(C)C)[C@]1(CC(=CC(=O)O1)c2ccccc2)c3ccccc3,ODH,8.0,0.6,4.8,train,4.3020935,4.6588717,5.1473575
3559,ODH_charity_0616:row:3559,19813,CCOC(=O)[C@]1(N[S](=O)(=O)c2ccccc12)C#Cc3cccc(OC)c3,ODH,37.7,0.5,18.85,train,19.122923,19.963482,20.679657
4338,ODH_charity_0616:row:4338,23319,COc1cc2[C@H](c3ccc(C)cc3)C(=C(N)Oc2c4ccccc14)C#N,ODH,10.2,0.7,7.14,train,6.8806,7.549933,8.200233
3674,ODH_charity_0616:row:3674,20405,CCOC(=O)[C@@]1(N[S](=O)(=O)c2ccc(OC)cc12)C#Cc3ccccc3,ODH,48.7,0.5,24.35,train,24.58347,25.31974,25.90202
4232,ODH_charity_0616:row:4232,22874,COc1ccc(\C=C\[C@H]2COc3cc4CCCc4cc3O2)cc1,ODH,7.81,1.0,7.81,train,7.7135572,8.10796,8.500009
4549,ODH_charity_0616:row:4549,24128,C[C@@H](N[S](=O)(=O)C(C)(C)C)c1ccccc1C,ODH,7.1,1.0,7.1,train,6.3443513,6.5811715,6.8534346
4335,ODH_charity_0616:row:4335,23313,O[C@H]/1CCC1=C/c2cccc(Br)c2,ODH,7.684,0.8,6.1472,train,5.6223335,5.932025,6.258804
222,ODH_charity_0616:row:222,1283,CC(C)[Si](C#C[C@H](CC(=O)NC(C)(C)c1ccccn1)c2ccccc2)(C(C)C)C(C)C,ODH,10.5,0.7,7.35,train,4.636586,6.5872903,8.419278
3002,ODH_charity_0616:row:3002,16570,Cc1ccc(cc1)[S](=O)(=O)OC[C@@H]2COC3(CCC3)c4ccccc4O2,ODH,19.3,1.0,19.3,train,18.15709,18.711329,19.195564
4003,ODH_charity_0616:row:4003,21912,C[C@@H]1CCC(=N1)c2ccccc2,ODH,14.5,1.0,14.5,train,13.483978,13.808722,14.267939
3462,ODH_charity_0616:row:3462,19218,COc1ccc(\C=C\[C@@H]2COc3ccccc3O2)cc1,ODH,33.16,1.0,33.16,train,31.115671,31.948193,32.67312
3857,ODH_charity_0616:row:3857,21247,CC(C)(C)C(=O)OC[C@@]1(CCSC1)Cc2ccccc2,ODH,5.8,1.0,5.8,train,4.9065456,5.103985,5.279371
2548,ODH_charity_0616:row:2548,14007,COc1ccc(cc1)[C@@H]2c3cc4OCOc4cc3OC(=C2[S](=O)(=O)c5ccccc5)N,ODH,18.4,0.7,12.88,train,13.154508,13.793926,14.34065
2445,ODH_charity_0616:row:2445,13506,CC[C@](N)(C\C=C\c1ccccc1)C(=O)OC(C)(C)C,ODH,7.6,1.0,7.6,train,6.0526156,6.4208226,6.83837
1619,ODH_charity_0616:row:1619,9188,COCC1=C(N(C[C@@H]1C(C)=C)[S](=O)(=O)c2ccc(C)cc2)c3ccc(OC)cc3,ODH,12.39,0.8,9.912,train,9.597377,10.0341835,10.49277
3224,ODH_charity_0616:row:3224,18078,CC[C@@H](\C=C\C(=O)Oc1ccc(F)cc1)N2C(=O)[C@H]3C4CC(C=C4)[C@H]3C2=O,ODH,21.7,0.8,17.36,train,16.859587,17.831951,18.490711
3017,ODH_charity_0616:row:3017,16687,Clc1cccc(c1)[C@H]2CCc3ccccc3N2,ODH,23.78,0.6,14.268,train,13.291844,13.79491,14.366543
343,ODH_charity_0616:row:343,1900,CO[P](=O)(OC)C(=[N+]=[N-])[C@@]1(NC(=O)OC(C)(C)C)C(=O)N(C)c2c(C)cc(Br)cc12,ODH,9.696,0.5,4.848,train,3.7879896,4.505864,5.309491
2674,ODH_charity_0616:row:2674,14764,O[C@@H]/1CCC1=C/c2oc3ccccc3c2,ODH,15.319,0.8,12.2552,train,12.137911,12.69284,13.186205
2650,ODH_charity_0616:row:2650,14577,Cc1ccc(cc1)[C@@H](C=C)[C@H](O)C(=O)c2ccccc2,ODH,14.5,0.5,7.25,train,7.432911,7.818173,8.198788
23,ODH_charity_0616:row:23,198,C=CCN[C@@H](\C=C\c1ccccc1)c2ccccc2,ODH,5.296,1.0,5.296,train,4.81138,5.2352853,5.550902
2169,ODH_charity_0616:row:2169,11991,COc1ccccc1[P@@](=O)(OC)c2ccccc2OCc3ccccc3[P](=O)(c4ccccc4)c5ccccc5,ODH,22.2,0.7,15.54,train,14.598048,15.399099,16.082981
1310,ODH_charity_0616:row:1310,7547,CC(C)(C)OC(=O)[C@](C)(N)C\C=C\c1ccccc1,ODH,10.9,1.0,10.9,train,7.734239,8.165887,8.630939
1499,ODH_charity_0616:row:1499,8516,CC(C)(C)[S](=O)(=O)N[C@@H]1CCc2ccccc12,ODH,9.1,1.0,9.1,train,8.708591,8.951942,9.251395
1747,ODH_charity_0616:row:1747,9793,CC(C)(C)OC(=O)N1OCC[C@H]1Cc2ccc3ccccc3c2,ODH,12.996,0.8,10.3968,train,9.462302,9.870907,10.30798
4961,ODH_charity_0616:row:4961,25822,Cc1ccc(cc1)C2=C(C[C@H](O2)C=C)C#N,ODH,9.99,1.0,9.99,train,9.47774,9.972643,10.438849
1926,ODH_charity_0616:row:1926,10714,CC[C@H]1Nc2ccccc2C[C@H]1N3C(=O)c4ccccc4C3=O,ODH,21.2,0.7,14.84,train,14.632357,15.256998,15.829742
2728,ODH_charity_0616:row:2728,15074,CCOC(=O)C[C@H]1[C@@H](c2ccccc2)c3cc(oc3N(C1=O)[S](=O)(=O)c4ccc(C)cc4)c5ccc(Cl)cc5,ODH,31.6,0.5,15.8,train,16.305458,16.908747,17.443316
2707,ODH_charity_0616:row:2707,14962,COC(=O)[C@@H](O)c1ccccc1,ODH,2.87,2.0,5.74,train,5.498089,5.7740893,6.0321155
1662,ODH_charity_0616:row:1662,9406,CCC[C@@H](CC=O)c1c[nH]c2ccccc12,ODH,15.69,1.0,15.69,train,14.570227,15.1061125,15.589083
794,ODH_charity_0616:row:794,4595,OCC[C@@H](C[N+]([O-])=O)c1cccc(F)c1,ODH,19.39,1.0,19.39,train,19.22685,19.83583,20.304695
4388,ODH_charity_0616:row:4388,23562,COc1ccc(\C=C\C=C\C[C@](C)(C=O)c2ccccc2)cc1,ODH,8.799,1.0,8.799,train,8.769003,9.18168,9.639997
3815,ODH_charity_0616:row:3815,21113,COc1ccccc1[C@@](c2[nH]c(C)cc2)(c3[nH]c4ccccc4c3c5ccccc5)c6ccccc6,ODH,6.3,1.0,6.3,train,6.6257396,7.746851,8.656471
1175,ODH_charity_0616:row:1175,6998,CN(CC[C@H](O)c1ccc(Cl)c(Cl)c1)Cc2ccccc2,ODH,10.39,1.0,10.39,train,10.05035,10.700709,11.21644
2434,ODH_charity_0616:row:2434,13404,CCC[C@]1(COc2ccccc12)CC3=CCCC3,ODH,17.4,0.75,13.05,train,12.930572,13.441688,13.961796
3325,ODH_charity_0616:row:3325,18514,C[C@@](C\C=C\c1ccccc1)(C=O)c2cc(cc(c2)C(F)(F)F)C(F)(F)F,ODH,4.326,1.0,4.326,train,3.4796486,4.200453,4.9528055
3588,ODH_charity_0616:row:3588,20017,COc1ccc(cc1)[C@H](C)COC=O,ODH,41.3,0.5,20.65,train,20.721954,21.411898,22.055592
1986,ODH_charity_0616:row:1986,11047,CCOC(=O)C[C@H](O)c1cccc(OC)c1,ODH,12.19,1.0,12.19,train,12.380744,12.820614,13.236066
1101,ODH_charity_0616:row:1101,6562,CCCC[C@@]1(COc2ccccc12)CC3CC3,ODH,10.0,0.5,5.0,train,4.81678,5.3403897,5.8234806
4637,ODH_charity_0616:row:4637,24470,CC(C)Oc1ccc(cc1)\C=C\2CC[C@@H]2O,ODH,8.737,0.8,6.9896,train,7.165804,7.376382,7.63887
3904,ODH_charity_0616:row:3904,21413,CC(C)(C)c1ccc(cc1)[C@H]2NCCNC2=O,ODH,51.1,1.0,51.1,train,48.532658,49.383392,50.297413
4644,ODH_charity_0616:row:4644,24500,CC(C)(C)OC(=O)N1OCC[C@@]1(C)Cc2ccc(cc2)c3ccccc3,ODH,8.787,0.8,7.0296,train,6.3611465,6.822164,7.269454
4089,ODH_charity_0616:row:4089,22238,CCCC(=O)O\C(c1ccccc1)=C\2[C@H]([C@H](C)C=C2c3ccccc3)c4cccc(Br)c4,ODH,8.4,0.7,5.88,train,5.6447845,6.314774,6.9827957
261,ODH_charity_0616:row:261,1475,CCOC(=O)C[C@H](Sc1ccccc1)c2cccc(F)c2,ODH,9.8,1.0,9.8,train,9.760641,10.410745,10.960506
1451,ODH_charity_0616:row:1451,8349,CC[C@H](C#Cc1ccccc1)c2ccccc2,ODH,11.58,1.0,11.58,train,10.322662,10.94984,11.477207
3866,ODH_charity_0616:row:3866,21272,C[C@@H](\C=C\c1ccccc1C)[C@@](C)(N)C(=O)OC(C)(C)C,ODH,9.4,1.0,9.4,train,6.3461847,6.9812307,7.6057773
484,ODH_charity_0616:row:484,2725,C[C@H]1Nc2ccccc2OC1=O,ODH,13.6,1.0,13.6,train,12.394693,12.9125185,13.398075
2918,ODH_charity_0616:row:2918,16102,CCCCC(=O)[C@H](NC(=O)OC(C)(C)C)c1ccc2ccccc2c1,ODH,19.2,0.5,9.6,train,9.224323,9.624869,10.044489
2761,ODH_charity_0616:row:2761,15276,C[C@@H](c1ccc(C)cc1)c2cccc(c2)C#N,ODH,21.72,0.3,6.516,train,6.522278,6.915522,7.276343
2830,ODH_charity_0616:row:2830,15684,O[C@@H]/1CCC1=C/c2sccc2,ODH,17.812,0.8,14.2496,train,13.495219,13.816532,14.186818
4438,ODH_charity_0616:row:4438,23758,O[C@@H]/1CCCCC1=C/c2ccccc2,ODH,6.55,1.0,6.55,train,6.351776,6.7379827,7.091765
574,ODH_charity_0616:row:574,3338,C1C(Cc2ccccc12)O[C@@H](\C=C\c3ccccc3)c4ccccc4,ODH,15.63,0.5,7.815,train,7.6064024,8.008362,8.42619
1841,ODH_charity_0616:row:1841,10321,CCCc1oc2N(C(=O)[C@@H](CC(=O)OCC)[C@@H](c3ccccc3)c2c1)[S](=O)(=O)c4ccc(C)cc4,ODH,15.2,0.5,7.6,train,8.2094,8.744317,9.270709
1105,ODH_charity_0616:row:1105,6566,CCC[C@@H]1NCc2ccc(C)cc2[C@H]1F,ODH,10.0,0.8,8.0,train,8.121202,8.406818,8.70421
1399,ODH_charity_0616:row:1399,8061,C[C@H](N[S](=O)(=O)C(C)(C)C)c1cccc2ccccc12,ODH,11.3,1.0,11.3,train,10.716984,11.047593,11.343886
3441,ODH_charity_0616:row:3441,19131,FC(F)(F)[C@]1(CC(=CC(=O)O1)c2ccc(Cl)cc2)c3ccccc3,ODH,32.7,0.75,24.525,train,22.819221,23.679615,24.389744
3240,ODH_charity_0616:row:3240,18123,O=COC[C@@H](Cc1ccccc1)c2ccccc2,ODH,33.3,0.5,16.65,train,16.344082,17.0058,17.587639
44,ODH_charity_0616:row:44,332,FC(F)(F)CCCc1ccccc1[C@@H](NC(=O)c2ccccc2)OCCCBr,ODH,6.95,1.0,6.95,train,6.5106735,7.1446466,7.6347036
1340,ODH_charity_0616:row:1340,7733,CC(C)(C)OC(=O)N1OCC[C@H]1Cc2cccc3ccccc23,ODH,11.033,0.8,8.8264,train,7.6142817,8.104745,8.586864
2914,ODH_charity_0616:row:2914,16082,C[C@@]1(COc2ccccc12)CC#Cc3ccc4ccccc4c3,ODH,27.6,0.5,13.8,train,13.609135,14.254517,14.910502
3944,ODH_charity_0616:row:3944,21623,FCCCCC[C@]1(CI)COc2ccccc12,ODH,52.2,0.75,39.15,train,38.562035,39.463173,40.341763
927,ODH_charity_0616:row:927,5234,C1Cc2ccccc2N[C@H]1CC=Cc3ccccc3,ODH,30.7,0.5,15.35,train,14.230582,14.875859,15.424762
4348,ODH_charity_0616:row:4348,23417,Cc1ccc(cc1)[S](=O)(=O)N2C[C@@H](C=C)N(c3cc(C)ccc3C2=O)[S](C)(=O)=O,ODH,15.34,1.0,15.34,train,16.578184,17.121206,17.781925
2147,ODH_charity_0616:row:2147,11805,OC[C@@H](CCl)c1ccccc1,ODH,15.3,1.0,15.3,train,15.129295,15.433301,15.7044
3391,ODH_charity_0616:row:3391,18822,O[C@@H]1CCC[C@@H]1Cc2ccccc2,ODH,16.7,0.8,13.36,train,14.344187,14.805581,15.144149
111,ODH_charity_0616:row:111,620,CC(C)(C)c1cccc(c1)C2=NO[C@@](C2)(CC(F)(F)F)c3ccccc3,ODH,6.61,0.8,5.288,train,4.729266,4.9766498,5.234874
1609,ODH_charity_0616:row:1609,9139,C[C@@H](\C=C\c1ccccc1)[C@@](C)(N)C(=O)OCc2ccccc2,ODH,21.3,1.0,21.3,train,18.877172,19.45685,20.00106
523,ODH_charity_0616:row:523,3097,CCOC(=O)[C@H](CC=O)Cc1ccccc1,ODH,17.0,1.0,17.0,train,16.680275,17.223776,17.697388
902,ODH_charity_0616:row:902,5101,C1Oc2ccccc2N[C@@H]1c3ccc(cc3)c4ccccc4,ODH,17.7,1.0,17.7,train,17.145054,17.725464,18.24817
487,ODH_charity_0616:row:487,2761,COc1ccc(cc1)[C@@H]2Nc3ccccc3OC2=O,ODH,36.6,1.0,36.6,train,34.379154,35.38421,36.3815
371,ODH_charity_0616:row:371,2009,C[C@H](CC(=O)c1ccccc1)[S](=O)(=O)c2ccc(C)cc2,ODH,12.8,1.0,12.8,train,12.996785,13.478404,13.854304
1755,ODH_charity_0616:row:1755,9825,CC(C)(C)OC(=O)[C@](C)(N)C\C=C\c1ccc2ccccc2c1,ODH,13.0,0.5,6.5,train,5.604611,5.9481006,6.371272
640,ODH_charity_0616:row:640,3704,COc1ccc2CCC[C@H](O)c2c1,ODH,17.1,1.0,17.1,train,17.711544,18.297367,18.838001
4164,ODH_charity_0616:row:4164,22502,CC(=O)[C@]1(CO1)c2ccccc2Cl,ODH,6.97,1.0,6.97,train,6.844454,7.1533704,7.4413247
766,ODH_charity_0616:row:766,4269,OCC[C@@H]1CCCCn2ccc(c3ccc(Cl)cc3)c12,ODH,19.98,1.0,19.98,train,20.235622,20.815079,21.429092
1494,ODH_charity_0616:row:1494,8461,C=CCC(C#N)(C#N)[C@H](CCc1ccccc1)C=C,ODH,12.65,1.0,12.65,train,11.869224,12.469883,13.005366
4808,ODH_charity_0616:row:4808,25149,Brc1ccc(O[C@H](C(=O)OCc2ccccc2)c3ccccc3)cc1,ODH,9.4,1.0,9.4,train,8.881893,9.439041,9.922454
2643,ODH_charity_0616:row:2643,14544,Brc1ccc(cc1)[C@H]2CNc3ccccc3N2,ODH,19.2,0.6,11.52,train,11.41982,11.889882,12.410637
4833,ODH_charity_0616:row:4833,25226,COc1ccccc1C#C[C@H](CC(C)(C)C(=O)OC(C)(C)C)c2ccccc2,ODH,8.6,0.5,4.3,train,3.6595588,4.0331016,4.3406744
2794,ODH_charity_0616:row:2794,15481,C[C@@H]1CC(=O)N=C(S1)c2ccccc2,ODH,24.2,0.5,12.1,train,12.125665,12.477523,12.863884
578,ODH_charity_0616:row:578,3367,CCOC(=O)[C@H]1N[S](=O)(=O)Oc2ccc(C)cc12,ODH,15.7,1.0,15.7,train,13.961589,14.373332,14.78501
3299,ODH_charity_0616:row:3299,18402,COc1ccc2N(C)C(=O)[C@](NC(=O)OC(C)(C)C)(C(=O)\C=C\c3ccccc3)c2c1,ODH,34.5,0.5,17.25,train,16.28968,16.847391,17.502594
917,ODH_charity_0616:row:917,5155,C[C@H](CC(=O)c1ccccc1)[S](C)(=O)=O,ODH,21.8,1.0,21.8,train,20.95535,21.441633,21.862164
2492,ODH_charity_0616:row:2492,13790,COC(=O)[C@H](Nc1ccc(OC)cc1)c2cccnc2,ODH,12.962,0.8,10.3696,train,10.320741,10.91754,11.464646
3847,ODH_charity_0616:row:3847,21210,Cc1cccc(c1)[C@](C)(C\C=C\C=C\c2ccccc2)C=O,ODH,6.236,1.0,6.236,train,6.358119,6.7453613,7.088807
1344,ODH_charity_0616:row:1344,7765,C[C@@H](O)[C@H](N1CCCC1)c2ccc(Cl)cc2,ODH,11.09,1.0,11.09,train,10.423352,10.911752,11.313307
587,ODH_charity_0616:row:587,3410,Cc1cccc(c1)[C@H](N)c2ccccc2O,ODH,11.1,0.7,7.77,train,7.261804,7.769088,8.133272
4603,ODH_charity_0616:row:4603,24361,CC(C)(C)OC(=O)N1OCC[C@H]1Cc2cccc(Cl)c2,ODH,8.608,0.8,6.8864,train,6.197867,6.479109,6.785359
4072,ODH_charity_0616:row:4072,22170,O=C(O[C@H]1C[C@@H](C2=CC=C(Br)C=C2)N3C4=C1C=CC=C4CC[C@H]3C5=CC=C6C=CC=CC6=C5)NCC7=CC=CC=C7,ODH,11.83,1.0,11.83,train,11.213746,12.151196,12.943823
2730,ODH_charity_0616:row:2730,15086,C1Cc2ccccc2[C@@H]1C#Cc3ccccc3,ODH,30.71,0.7,21.497,train,19.546495,20.281235,20.928846
3542,ODH_charity_0616:row:3542,19731,CC(=O)C1=C(C)OC(=O)C[C@@H]1c2ccc(Br)cc2,ODH,52.3,0.7,36.61,train,34.627758,35.622185,36.5977
2909,ODH_charity_0616:row:2909,16038,CC(=O)C1=C(C)OC(=O)C[C@H]1c2ccc(C)cc2,ODH,22.1,0.7,15.47,train,16.402811,17.020761,17.707666
2162,ODH_charity_0616:row:2162,11936,COc1cccc(c1)[C@@H](O)CCN(C)Cc2ccccc2,ODH,15.44,1.0,15.44,train,15.529991,16.120651,16.625723
4070,ODH_charity_0616:row:4070,22157,C[C@@H]1Cc2cc(F)ccc2N1,ODH,9.1,1.0,9.1,train,8.527228,9.061322,9.529442
953,ODH_charity_0616:row:953,5319,COc1ccc(cc1)[C@@H](O)CCl,ODH,27.6,1.0,27.6,train,27.449734,27.961176,28.410976
3748,ODH_charity_0616:row:3748,20839,CCO[P](=O)(OCC)[C@]12CC(=CC(=O)N1[S](=O)(=O)c3ccccc23)c4cccc(C)c4,ODH,48.9,0.8,39.12,train,36.582996,37.57974,38.39352
3876,ODH_charity_0616:row:3876,21312,O[C@H]([C@@H](C=C)c1ccccc1)c2cccc3ccccc23,ODH,7.0,1.0,7.0,train,6.874689,7.349335,7.751926
2519,ODH_charity_0616:row:2519,13855,CC(C)C[C@@H](C=C)c1n2ccccc2cc1c3ccccc3,ODH,18.106,1.0,18.106,train,16.257915,16.96619,17.657745
4601,ODH_charity_0616:row:4601,24357,O[C@H]1CC[C@@H](N(C1)Cc2ccccc2)c3ccccc3,ODH,9.7,0.6,5.82,train,5.848725,6.2417088,6.5477953
3392,ODH_charity_0616:row:3392,18825,O=[S]1(=O)N[C@@H](c2ccccc2)c3ccccc13,ODH,27.0,0.8,21.6,train,21.003098,21.557638,21.966959
4673,ODH_charity_0616:row:4673,24575,Cc1cccc(c1)[C@@H]2CCc3ccccc3N2,ODH,7.15,1.0,7.15,train,7.0280833,7.339853,7.6764913
4096,ODH_charity_0616:row:4096,22274,CC[C@@H](C#Cc1ccccc1)c2ccc(C)cc2,ODH,8.58,0.7,6.006,train,6.124054,6.672966,7.2119613
702,ODH_charity_0616:row:702,4036,Cc1cccc2CC[C@@H](CNc3ccccc3)Nc12,ODH,21.9,1.0,21.9,train,20.548422,21.085377,21.687183
3939,ODH_charity_0616:row:3939,21580,COc1ccc2O[S](=O)(=O)N[C@@H](\C=C\c3ccccc3)c2c1,ODH,54.9,0.8,43.92,train,41.90163,42.87638,43.80051
4825,ODH_charity_0616:row:4825,25198,CC(C)[C@H](O)c1ccccc1,ODH,9.4,0.8,7.52,train,7.4718833,7.7282424,7.9968553
829,ODH_charity_0616:row:829,4757,Cc1ccc(cc1)[S](=O)(=O)N[C@H]2CCc3ccccc23,ODH,22.8,1.0,22.8,train,22.110521,22.698885,23.222298
4353,ODH_charity_0616:row:4353,23424,C[C@@]1(C(=O)OCC=C)C(=O)N(C(=O)C(c2ccccc2)c3ccccc3)c4ccc(Cl)cc14,ODH,7.8,0.8,6.24,train,5.9778676,6.6658373,7.233472
1118,ODH_charity_0616:row:1118,6628,O[C@@H](c1cccc(Cl)c1)C(=O)c2cccc(Cl)c2,ODH,10.02,1.0,10.02,train,9.970307,10.450575,10.862826
625,ODH_charity_0616:row:625,3646,O[C@@H](C[N+]([O-])=O)c1ccc(cc1)C(F)(F)F,ODH,21.68,0.8,17.344,train,17.009014,17.580967,18.038052
2174,ODH_charity_0616:row:2174,12015,Clc1ccc2[C@@H](CC(=O)Oc2c1)c3ccccc3,ODH,15.54,1.0,15.54,train,14.921293,15.451264,15.964329
341,ODH_charity_0616:row:341,1866,CCOC(=O)C[C@H](Sc1ccc(C)cc1)c2ccccc2,ODH,20.1,1.0,20.1,train,19.17493,19.889162,20.533995
4170,ODH_charity_0616:row:4170,22545,CCO[P](=O)(OCC)[C@@]12CC(=CC(=O)N1[S](=O)(=O)c3ccccc23)c4ccc(Br)cc4,ODH,49.6,0.8,39.68,train,37.753883,38.80653,39.691586
891,ODH_charity_0616:row:891,5042,Cc1cc(C)cc(c1)[C@H]2CCCNC(=O)C2,ODH,24.9,0.5,12.45,train,12.037748,12.456188,12.879332
179,ODH_charity_0616:row:179,1016,Cc1ccc(cc1)C(=O)[C@]2(OCCC[C@H]2Br)c3ccc(C)cc3,ODH,9.33,1.0,9.33,train,9.237773,9.636418,10.173886
4614,ODH_charity_0616:row:4614,24401,Fc1ccc(O[C@H](C(=O)OCc2ccccc2)c3ccccc3)cc1,ODH,8.7,1.0,8.7,train,8.844305,9.496468,10.016783
3334,ODH_charity_0616:row:3334,18538,COc1cccc2[C@@H]3CCO[C@@H]3Oc12,ODH,20.8,1.0,20.8,train,19.68481,20.287209,20.835484
1422,ODH_charity_0616:row:1422,8195,C=CC[C@@]1(COC(=O)N1)c2ccccc2,ODH,9.7,1.0,9.7,train,9.288739,9.751411,10.141645
659,ODH_charity_0616:row:659,3784,CC(=O)Nc1ccc(cc1)[C@H]2CCc3ccccc3N2,ODH,32.8,0.6,19.68,train,19.102657,19.78629,20.505901
2639,ODH_charity_0616:row:2639,14499,Cc1ccc(cc1)[C@@H](C=C)[C@@]2(O)C(=O)N(Cc3cccc4ccccc34)c5ccccc25,ODH,16.741,1.0,16.741,train,16.097996,16.776064,17.385874
2371,ODH_charity_0616:row:2371,13102,CCOC(=O)N1[C@H]2C/C(=C/N(c3ccc(OC)cc3)[S](=O)(=O)c4ccc(C)cc4)[C@H](C=C2c5ccccc15)c6ccccc6,ODH,19.83,0.8,15.864,train,15.909722,16.702602,17.420603
3970,ODH_charity_0616:row:3970,21735,C[C@@H](COC=O)c1ccc(cc1)c2ccccc2,ODH,59.0,0.5,29.5,train,29.53938,30.417698,31.176111
4266,ODH_charity_0616:row:4266,23007,Cc1ccc(/C=C/C=C/C[C@](C)(C=O)c2ccccc2)cc1,ODH,8.433,1.0,8.433,train,8.573684,8.96716,9.340397
3251,ODH_charity_0616:row:3251,18161,C[C@@H](O)[C@H](Nc1ccccc1)c2ccccc2,ODH,28.59,1.0,28.59,train,27.796844,28.50484,29.147562
3366,ODH_charity_0616:row:3366,18730,CC1(C)[C@@H](CCC1=O)c2cccc3ccccc23,ODH,30.79,1.0,30.79,train,29.271616,29.99517,30.734999
360,ODH_charity_0616:row:360,1952,C[C@]1(Cc2ccccc2)CC3(CCCCC3)CN1C(=S)Nc4cc(cc(c4)C(F)(F)F)C(F)(F)F,ODH,11.12,0.8,8.896,train,8.000803,8.749936,9.391774
238,ODH_charity_0616:row:238,1390,COC(=O)C[C@@H](B1OC(C)(C)C(C)(C)O1)c2ccccc2F,ODH,7.4,0.5,3.7,train,3.149407,3.5631337,4.0071187
1799,ODH_charity_0616:row:1799,10057,COC(=O)[C@@]1(CCCC1=O)[C@H](C[N+]([O-])=O)c2ccc3ccccc3c2,ODH,37.64,1.0,37.64,train,35.89531,37.236668,38.313347
1930,ODH_charity_0616:row:1930,10731,O=[S@](C1CCCCC1)c2ccccc2,ODH,10.81,1.0,10.81,train,10.753316,11.129523,11.544562
978,ODH_charity_0616:row:978,5617,COc1ccc(cc1)[C@H](CCO)C[N+]([O-])=O,ODH,30.82,1.0,30.82,train,30.144138,31.04805,31.68712
4450,ODH_charity_0616:row:4450,23798,CCC[C@@H]1[C@H](F)c2ccccc2CN1C(=O)c3ccc(Br)cc3,ODH,10.1,0.8,8.08,train,7.6509085,8.188079,8.632709
444,ODH_charity_0616:row:444,2424,O=[S@](c1ccc(OCc2ccccc2)cc1)c3ccccn3,ODH,12.6,1.0,12.6,train,12.267553,12.830654,13.3851
3685,ODH_charity_0616:row:3685,20492,COC(=O)[C@H](Cc1ccc(F)cc1)NC(=O)c2ccccc2OC,ODH,42.8,0.8,34.24,train,33.781765,34.869614,35.84481
231,ODH_charity_0616:row:231,1332,FC(F)(F)c1cc(NC(=O)N2CC3(CCCC3)C[C@@]2(CN=[N+]=[N-])c4ccccc4)cc(c1)C(F)(F)F,ODH,11.68,0.8,9.344,train,9.544264,10.485602,11.324623
4207,ODH_charity_0616:row:4207,22753,CCCCCCCCCCCC[S@@](=O)c1ccccc1,ODH,5.97,1.0,5.97,train,6.00192,6.5220575,7.161206
2926,ODH_charity_0616:row:2926,16139,COC(=O)[C@@H](F)\C=C\c1ccc(CO)cc1,ODH,22.4,1.0,22.4,train,21.987068,22.587893,23.111332
1459,ODH_charity_0616:row:1459,8374,O[C@H]/1CCCC1=C/c2ccc3ccccc3c2,ODH,11.6,0.8,9.28,train,9.476005,9.996217,10.442943
4862,ODH_charity_0616:row:4862,25347,CCN(C)C(=O)Oc1cccc(c1)[C@@H](C)N(C)C,ODH,9.56,1.0,9.56,train,8.375847,8.775298,9.190003
361,ODH_charity_0616:row:361,1969,CC(C)[Si](C#Cc1cc2ccccc2cc1[S@@](=O)c3ccccn3)(C(C)C)C(C)C,ODH,8.9,0.8,7.12,train,5.006749,6.2534976,7.526493
3987,ODH_charity_0616:row:3987,21811,CC(C)[C@@H](C=C)C(Cc1ccccc1)(C#N)C#N,ODH,6.07,1.0,6.07,train,5.5609517,5.9260287,6.3143134
4416,ODH_charity_0616:row:4416,23689,CCO[P](=O)(OCC)[C@@]12CC(=CC(=O)N1[S](=O)(=O)c3ccccc23)c4cccc(OC)c4,ODH,58.0,0.8,46.4,train,44.969105,46.124058,47.10124
3484,ODH_charity_0616:row:3484,19291,C[C@H]1[C@H](/C=C/CN(CC#C)[S](=O)(=O)c2ccc(C)cc2)N1[S](=O)(=O)c3ccc(C)cc3,ODH,24.61,0.8,19.688,train,19.379286,20.02069,20.610136
3257,ODH_charity_0616:row:3257,18210,COc1ccc(cc1)C(=O)N[C@@](C)(C(=O)NCc2ccccc2)C(=O)OCc3ccccc3,ODH,28.8,0.5,14.4,train,14.59006,15.305206,15.971681
4111,ODH_charity_0616:row:4111,22318,COc1ccc(N[C@@H](C#CC(F)(F)C(F)(F)C(F)(F)F)c2ccccc2)cc1,ODH,9.0,0.8,7.2,train,6.114944,6.7623124,7.395468
1141,ODH_charity_0616:row:1141,6740,C[C@@]1(CC2=CCCCC2)CC(=NO1)c3ccccc3,ODH,10.11,0.6,6.066,train,6.1160436,6.5608892,6.8815346
3068,ODH_charity_0616:row:3068,17082,CC(C)OCN1C(=O)[C@](CO)(\C=C\c2ccccc2)c3ccccc13,ODH,20.6,0.8,16.48,train,15.772845,16.199638,16.562567
4953,ODH_charity_0616:row:4953,25762,COc1ccccc1[C@@H]2C[C@@H](Oc3ccccc23)Sc4ccccc4,ODH,7.4,1.0,7.4,train,7.6337376,8.120917,8.622436
4518,ODH_charity_0616:row:4518,24040,C=C[C@@H](CCc1ccccc1)C(CC#C)(C#N)C#N,ODH,10.6,1.0,10.6,train,10.5065775,11.155639,11.654152
2184,ODH_charity_0616:row:2184,12092,CC[C@@]1(Cc2ccccc2)C(=O)C[C@]3([C@@H](O[p]4oc5ccccc5c6ccccc6o4)c7ccccc7C3=O)C1=O,ODH,10.9,0.75,8.175,train,8.079755,9.092097,9.912057
655,ODH_charity_0616:row:655,3769,C[C@H]1Cc2ccccc2N[C@H]1c3ccc(C)cc3,ODH,25.3,0.5,12.65,train,11.28495,11.798247,12.309601
2243,ODH_charity_0616:row:2243,12334,Cc1ccccc1\C=C\[C@@H]2COc3cc4CCCc4cc3O2,ODH,15.96,1.0,15.96,train,15.782144,16.415306,17.03882
141,ODH_charity_0616:row:141,790,Fc1ccc(cc1)C(=O)[C@]2(OCCC[C@H]2Cl)c3ccc(F)cc3,ODH,8.68,1.0,8.68,train,8.760489,9.475551,10.098934
4892,ODH_charity_0616:row:4892,25487,Cc1cc([C@@H](C(=O)OCc2ccccc2)c3ccccc3)c(C)n1Cc4ccccc4,ODH,9.7,0.7,6.79,train,6.573217,7.0999613,7.51964
1076,ODH_charity_0616:row:1076,6294,CC(=O)C[C@@H](c1ccccc1)c2cn(c3ccccc23)[S](=O)(=O)C(F)(F)F,ODH,29.1,0.5,14.55,train,13.841014,14.346344,14.841488
1465,ODH_charity_0616:row:1465,8382,Cc1cccc(C[C@H]2Cc3ccccc3N2)c1,ODH,11.6,1.0,11.6,train,9.858606,10.428552,11.03263
3029,ODH_charity_0616:row:3029,16800,COC(=O)c1ccc(cc1)[C@](C)(C=O)c2ccc(cc2)c3ccccc3,ODH,24.02,0.6,14.412,train,14.272187,14.6895075,15.295183
2021,ODH_charity_0616:row:2021,11280,CCC[C@@H](Nc1ccccc1OC)C(=C)CC,ODH,18.358,1.0,18.358,train,16.92846,17.576643,18.200518
4585,ODH_charity_0616:row:4585,24311,C1CCC(C1)[C@H]2Cc3ccccc3N2,ODH,12.2,0.8,9.76,train,9.505734,10.100747,10.656915
359,ODH_charity_0616:row:359,1951,C[C@@]1(Cc2ccccc2)CC3(CCCCC3)CN1C(=S)Nc4cc(cc(c4)C(F)(F)F)C(F)(F)F,ODH,13.82,0.8,11.056,train,10.128688,10.89408,11.533867
949,ODH_charity_0616:row:949,5293,COC(=O)C[C@H](C#N)c1ccc(F)c(F)c1,ODH,27.3,0.8,21.84,train,20.79753,21.533981,22.120104
1445,ODH_charity_0616:row:1445,8332,CC(C)(C)OC(=O)N1OCC[C@H]1Cc2cccc(C=O)c2,ODH,11.535,0.8,9.228,train,8.830263,9.09195,9.450219
3220,ODH_charity_0616:row:3220,18055,CCOC(=O)[C@@]1(N[S](=O)(=O)c2cc(C)cc(C)c12)C#Cc3ccccc3,ODH,31.2,0.5,15.6,train,14.622577,15.151629,15.65838
3603,ODH_charity_0616:row:3603,20047,CC[C@]1(CC(=CC(=O)O1)c2ccccc2)C(F)(F)F,ODH,44.3,0.75,33.225,train,31.983984,32.915104,33.67145
2047,ODH_charity_0616:row:2047,11423,C=C[C@@H](CCc1ccccc1)C(Cc2ccc3ccccc3c2)(C#N)C#N,ODH,24.01,1.0,24.01,train,21.502993,22.363565,23.188509
2653,ODH_charity_0616:row:2653,14604,COc1ccc(cc1)\C=C\2CC[C@H]2O,ODH,18.36,0.8,14.688,train,14.565061,14.909939,15.29205
4493,ODH_charity_0616:row:4493,23955,CN1C[C@H](CO)Oc2ccccc12,ODH,7.033,1.0,7.033,train,6.604551,6.9334955,7.2100554
2268,ODH_charity_0616:row:2268,12524,CC(C)[C@@H](C=C)c1c[nH]c2ccccc12,ODH,16.2,1.0,16.2,train,15.432438,15.928109,16.416084
4276,ODH_charity_0616:row:4276,23054,Cc1ccccc1N2[C@@H](COC2=O)C=C,ODH,7.4,1.0,7.4,train,7.195538,7.5229874,7.8863306
4379,ODH_charity_0616:row:4379,23519,CCOC(=O)C1=C(C)OC(=O)C[C@@H]1c2cccc(Br)c2,ODH,7.9,0.7,5.53,train,5.9523625,6.3812046,6.8528776
1748,ODH_charity_0616:row:1748,9799,C[C@H](COC=O)c1ccc(Br)cc1,ODH,115.7,0.5,57.85,train,56.502693,57.69972,58.650486
3052,ODH_charity_0616:row:3052,16972,COc1cccc(c1)[C@@H](C(C(=O)c2ccccc2)C(=O)c3ccccc3)C(=O)C=C(c4ccc(C)cc4)c5ccc(C)cc5,ODH,44.9,0.6,26.94,train,26.349588,27.273457,28.128195
4680,ODH_charity_0616:row:4680,24594,C[C@@H](CC(C)=O)\C=C\c1ccccc1C,ODH,8.89,0.8,7.112,train,6.9661965,7.225919,7.4872975
1037,ODH_charity_0616:row:1037,6092,C[C@H](CC(=O)NC(C)(C)c1ccc(C)cn1)c2ccc(cc2)C(C)=O,ODH,40.2,0.6,24.12,train,23.160692,23.751682,24.480545
1575,ODH_charity_0616:row:1575,8944,CC1=CC=C(C=C1)C[C@H]2NC3=C(C=CC=C3)C2,ODH,12.1,1.0,12.1,train,10.382943,10.9336815,11.578834
1400,ODH_charity_0616:row:1400,8076,CC[C@@H](C#CC)c1ccc(OC)cc1,ODH,17.02,0.7,11.914,train,11.539905,12.024817,12.544902
2680,ODH_charity_0616:row:2680,14845,O[C@H](C(O)=O)c1ccc(F)cc1,ODH,14.86,0.8,11.888,train,11.89252,12.386952,12.83074
4436,ODH_charity_0616:row:4436,23735,CC[C@@H]1Cc2ccccc2N1,ODH,9.0,1.0,9.0,train,8.37552,8.754577,9.157755
1410,ODH_charity_0616:row:1410,8119,CCOC(=O)N1[C@@H]2C/C(=C/N(c3ccc(Br)cc3)[S](=O)(=O)c4ccc(C)cc4)[C@H](C=C2c5ccccc15)c6ccccc6,ODH,11.37,0.8,9.096,train,9.276998,10.135389,10.816405
1530,ODH_charity_0616:row:1530,8676,CC(C)(C)N1C(=O)N[C@@H](C1=O)c2ccccc2,ODH,7.69,1.0,7.69,train,7.379257,7.6488357,8.00148
2807,ODH_charity_0616:row:2807,15556,CCCC[C@@H](C=O)[C@H](C[N+]([O-])=O)c1ccccc1,ODH,28.48,0.8,22.784,train,21.472055,22.358618,22.929583
3482,ODH_charity_0616:row:3482,19283,CCO[P](=O)(OCC)[C@@]12CC(=CC(=O)N1[S](=O)(=O)c3ccccc23)c4ccccc4C,ODH,26.9,0.8,21.52,train,20.70598,21.408348,22.020042
916,ODH_charity_0616:row:916,5153,C1CCC(CC1)[C@H]2CCc3ccccc3N2,ODH,26.0,0.5,13.0,train,13.078538,13.742306,14.35077
3902,ODH_charity_0616:row:3902,21411,C1C[C@H](CN1)Cc2ccccc2,ODH,51.0,0.5,25.5,train,24.72056,25.331285,25.878761
2062,ODH_charity_0616:row:2062,11455,CC(C)(C)OC(=O)[C@](C)(N)C\C=C\c1ccc(F)cc1,ODH,14.9,0.5,7.45,train,6.588565,6.9213986,7.285575
2776,ODH_charity_0616:row:2776,15386,O[C@H]1CCCC[C@H]1Nc2cccc(Cl)c2,ODH,16.78,1.0,16.78,train,17.862219,18.370167,18.943783
3594,ODH_charity_0616:row:3594,20031,COC(=O)[C@@H](Cc1sccc1)NC(=O)c2ccccc2OC,ODH,43.4,0.8,34.72,train,33.418446,34.48369,35.366352
3781,ODH_charity_0616:row:3781,20969,C[C@@H](\C=C\c1ccc(C)cc1)[C@@](C)(N)C(=O)OC(C)(C)C,ODH,7.3,1.0,7.3,train,4.6679783,5.2435694,5.828339
3475,ODH_charity_0616:row:3475,19257,Cc1ccc(cc1)[S](=O)(=O)N2CC[C@H](C2)c3ccccc3Cl,ODH,38.9,1.0,38.9,train,38.38556,39.331783,40.160572
116,ODH_charity_0616:row:116,651,C=C[C@@H]1[C@@H](c2ccccc2)[C@@]13CCC3(c4ccccc4)c5ccccc5,ODH,3.38,1.0,3.38,train,3.820313,4.3792686,4.857083
3596,ODH_charity_0616:row:3596,20033,COc1ccc(cc1)[S](=O)(=O)N/C(c2ccccc2)=C3/[C@H]([C@@H](CC3=O)c4ccc(Br)cc4)c5ccc(Br)cc5,ODH,68.9,0.75,51.675,train,49.325787,50.835037,52.024822
1546,ODH_charity_0616:row:1546,8757,Cc1ccccc1[C@@H]2CCc3ccccc3N2,ODH,10.25,1.0,10.25,train,9.90367,10.280907,10.716212
2157,ODH_charity_0616:row:2157,11901,CC(C)[C@@]1(CO)COCCO1,ODH,15.4,1.0,15.4,train,14.714952,15.092867,15.463466
3292,ODH_charity_0616:row:3292,18350,OCN1C(=O)[C@](CO)(CCc2ccccc2)c3c(Cl)cccc13,ODH,39.0,0.8,31.2,train,30.998795,31.77946,32.4793
1053,ODH_charity_0616:row:1053,6171,OC1(CCCCC1)C[C@@H]2CCc3ccccc3N2,ODH,38.9,0.8,31.12,train,31.20313,32.050175,32.836617
2594,ODH_charity_0616:row:2594,14174,CC(C)(C)OC(=O)N[C@@H](C(=O)CCCCCCC=C)c1ccccc1,ODH,14.0,0.5,7.0,train,6.2203474,6.786227,7.2882605
4890,ODH_charity_0616:row:4890,25473,COc1ccc(cc1)[C@@](C)(C/C=C/c2ccc(Cl)cc2)C=O,ODH,9.69,1.0,9.69,train,9.676938,9.917314,10.347751
4426,ODH_charity_0616:row:4426,23715,COc1cc2[C@@H](c3ccccc3)C(=C(N)Oc2c4ccccc14)C#N,ODH,8.0,0.7,5.6,train,5.901012,6.618092,7.2062125
4839,ODH_charity_0616:row:4839,25236,CCC[C@@H](/C=C/c1ccccc1)c2ccccc2,ODH,8.52,1.0,8.52,train,8.163175,8.668779,9.080362
1864,ODH_charity_0616:row:1864,10404,COC(=O)[C@](C)(N)C\C=C\c1ccccc1,ODH,13.7,1.0,13.7,train,13.253542,13.634943,14.026662
668,ODH_charity_0616:row:668,3817,O[C@H](C[N+]([O-])=O)c1ccc(F)c(F)c1,ODH,17.619,0.8,14.0952,train,13.611607,14.106205,14.56205
622,ODH_charity_0616:row:622,3623,CO[C@@H](NC(=O)c1ccc(Br)cc1)c2ccccc2CCCC(F)(F)F,ODH,16.79,1.0,16.79,train,15.6566925,16.30462,16.832516
4005,ODH_charity_0616:row:4005,21916,Cc1cccc(c1)C2(SCCCS2)[C@@H](C=Cc3ccccc3)c4ccccc4,ODH,5.0,1.0,5.0,train,5.2553735,5.723946,6.1883526
4851,ODH_charity_0616:row:4851,25294,Clc1ccc(cc1)[C@@]2(CCC(=O)O2)C(=O)OC(c3ccccc3)c4ccccc4,ODH,9.5,0.75,7.125,train,7.294417,7.9503093,8.498317
71,ODH_charity_0616:row:71,441,CC(C)OC(=O)[C@H](O)c1ccc(Cl)cc1,ODH,6.4,1.0,6.4,train,6.485168,6.7324214,7.0299416
4149,ODH_charity_0616:row:4149,22444,CC(C)(C)[Si](C)(C)OC[C@H](\C=C\c1ccccc1)c2ccccc2,ODH,6.9,1.0,6.9,train,5.648501,6.300537,7.0222383
973,ODH_charity_0616:row:973,5604,CCOC(=O)C1(CC=C[C@@H]1c2ccccc2)C(=O)OCC,ODH,24.377,0.5,12.1885,train,12.137642,12.6657295,13.118058
1312,ODH_charity_0616:row:1312,7549,CC(C)(C)OC(=O)[C@](C)(N)C\C=C\c1ccccc1,ODH,10.9,1.0,10.9,train,7.879721,8.310471,8.775894
4172,ODH_charity_0616:row:4172,22576,O=C([C@H](Nc1ccccc1)c2ccc3OCOc3c2)c4ccc5OCOc5c4,ODH,25.46,1.0,25.46,train,24.9621,25.74396,26.139797
404,ODH_charity_0616:row:404,2201,CC[C@H](C#Cc1sccc1)c2ccccc2,ODH,11.86,1.0,11.86,train,10.17595,10.810232,11.358305
3122,ODH_charity_0616:row:3122,17398,CCOC(=O)[C@@]1(N[S](=O)(=O)c2ccccc12)C#Cc3ccc(cc3)C(F)(F)F,ODH,35.3,0.5,17.65,train,17.04878,17.777187,18.443268
3141,ODH_charity_0616:row:3141,17586,C[C@]1(COc2ccccc12)CC#Cc3ccccc3[N+]([O-])=O,ODH,26.4,0.5,13.2,train,13.06815,13.717454,14.095185
3415,ODH_charity_0616:row:3415,18968,CCO[P](=O)(OCC)[C@]12CC(=CC(=O)N1[S](=O)(=O)c3ccccc23)c4ccc(C)cc4,ODH,31.9,0.8,25.52,train,24.084929,24.966982,25.686724
3249,ODH_charity_0616:row:3249,18155,CCC[C@@H](C=C)N(C)c1ccccc1,ODH,28.55,0.3,8.565,train,8.609907,8.873505,9.248363
202,ODH_charity_0616:row:202,1146,CC[C@@H](F)C(=O)c1nccn1c2ccccc2,ODH,8.8,1.0,8.8,train,9.066211,9.5175,9.970558
1696,ODH_charity_0616:row:1696,9586,CC(C)(C)c1ccc(cc1)[P@@](=O)(OCc2ccc3ccccc3c2)c4ccccc4,ODH,10.35,0.8,8.28,train,7.6432734,7.8078423,8.105644
990,ODH_charity_0616:row:990,5760,O=C1N([C@@H](\C=C\c2ccccc2)c3ccccc3)C(=O)c4ccccc14,ODH,32.969,0.5,16.4845,train,15.709702,16.436464,17.018915
0,ODH_charity_0616:row:0,37,CCCOC(=O)C[C@H](B1OC(C)(C)C(C)(C)O1)c2ccccc2,ODH,4.2,1.0,4.2,train,3.773184,4.1737294,4.6499505
964,ODH_charity_0616:row:964,5468,OC[C@@H]1[C@H](C[C@H]1c2cccn2CC=C)c3ccc(F)cc3,ODH,20.7,1.0,20.7,train,20.850418,21.485281,22.084574
286,ODH_charity_0616:row:286,1638,CCOC(=O)C[C@@H](B1OC(C)(C)C(C)(C)O1)c2cccc(C)c2,ODH,7.6,0.5,3.8,train,2.7338355,3.1340454,3.594327
800,ODH_charity_0616:row:800,4607,COc1cccc(c1)[C@H]2CCCNC(=O)C2,ODH,21.8,1.0,21.8,train,21.376438,21.976038,22.53792
1626,ODH_charity_0616:row:1626,9230,C[C@@H](\C=C\c1ccccc1)[C@](C)(N)C(=O)OCc2ccccc2,ODH,13.2,1.0,13.2,train,12.593266,13.108452,13.610956
1127,ODH_charity_0616:row:1127,6657,CCOC(=O)C[C@@H](O)c1cccc(C)c1,ODH,10.06,1.0,10.06,train,9.877529,10.265808,10.589779
3503,ODH_charity_0616:row:3503,19462,O=C1O[C@](n2c1cc3ccccc23)(C(=O)OCc4ccccc4)c5ccccc5,ODH,43.3,0.3,12.99,train,12.613144,13.186777,13.660808
1853,ODH_charity_0616:row:1853,10355,CCCCC(=O)[C@@H](NC(=O)OC(C)(C)C)c1ccccc1C,ODH,13.6,0.5,6.8,train,6.151182,6.573065,6.9850554
4827,ODH_charity_0616:row:4827,25202,CC(C)O[P](=O)(OC(C)C)[C@@]1(CC(=CC(=O)O1)c2ccccc2)c3ccccc3,ODH,9.4,0.6,5.64,train,5.1814065,5.50972,5.971361
3304,ODH_charity_0616:row:3304,18426,C\C(=C/C(=O)[C@H](C(C(=O)c1ccccc1)C(=O)c2ccccc2)c3ccccc3)c4ccccc4,ODH,27.6,0.6,16.56,train,17.04141,17.985123,18.706182
4650,ODH_charity_0616:row:4650,24508,CCOC(=O)[C@]1(CCC(=O)O1)c2ccccc2,ODH,8.8,0.75,6.6,train,6.580843,7.0940175,7.5365105
32,ODH_charity_0616:row:32,231,C[C@H](C#N)c1ccc(cc1)C(C)(C)C,ODH,4.9,1.0,4.9,train,4.8758783,5.0376306,5.275485
4900,ODH_charity_0616:row:4900,25504,Cc1ccc2c(O[C@@H](CO)COC2(C)C)c1,ODH,9.7,1.0,9.7,train,9.672055,9.938527,10.263412
4036,ODH_charity_0616:row:4036,22039,COc1ccccc1C[C@]2(C\C=C\c3ccccc3)C(=NN(C2=O)c4ccc(C)cc4)C,ODH,10.784,1.0,10.784,train,10.11726,11.018436,11.796335
1850,ODH_charity_0616:row:1850,10350,CCOC(=O)C1=C(C)OC(=O)C[C@H]1c2ccc(OC)cc2,ODH,8.8,0.7,6.16,train,6.7725916,7.2025704,7.6521544
821,ODH_charity_0616:row:821,4714,Brc1ccc(cc1)[C@@H]2COc3ccccc3N2,ODH,12.6,1.0,12.6,train,12.641106,13.098412,13.506474
4453,ODH_charity_0616:row:4453,23814,OC[C@@H]1COC2(CCCCCC2)c3ccccc3O1,ODH,14.8,1.0,14.8,train,14.276091,15.020646,15.635822
1854,ODH_charity_0616:row:1854,10372,CCC[C@@H](CC=O)c1c[nH]c2ccc(OC)cc12,ODH,15.32,1.0,15.32,train,14.942658,15.577534,16.134802
4855,ODH_charity_0616:row:4855,25303,CC1(C)OB(OC1(C)C)[C@H](Cc2ccc(Br)cc2)N3CCOC3=O,ODH,9.5,1.0,9.5,train,8.402499,8.828873,9.320074
530,ODH_charity_0616:row:530,3116,O[C@H](C[N+]([O-])=O)c1cccc(Cl)c1,ODH,14.9,1.2,17.88,train,17.556248,18.09771,18.501177
4282,ODH_charity_0616:row:4282,23067,CC#CC[C@H](C#Cc1ccccc1)c2ccccc2,ODH,7.43,0.7,5.201,train,4.598469,5.08979,5.5331764
2439,ODH_charity_0616:row:2439,13451,FC1=CC=C(C=C1)C[C@@H]2NC3=C(C=CC=C3C)C2,ODH,19.7,1.0,19.7,train,18.988787,19.541,20.19933
4332,ODH_charity_0616:row:4332,23300,C=C[C@@H](CCc1ccccc1)C(CC2CCCCC2)(C#N)C#N,ODH,6.88,1.0,6.88,train,7.1201954,7.888057,8.517531
4888,ODH_charity_0616:row:4888,25458,COC(=O)C(=C)C[C@@]1(C=C(c2ccccc2)c3ccccc13)C(F)(F)F,ODH,9.64,0.5,4.82,train,4.571563,5.1022224,5.532171
4554,ODH_charity_0616:row:4554,24150,Cc1ccc(cc1)[C@H](C(=O)OCc2ccccc2)c3cc(C)n(Cc4ccccc4)c3C,ODH,8.4,0.7,5.88,train,6.068196,6.6698403,7.166576
1259,ODH_charity_0616:row:1259,7323,NC1=C(C#N)[C@H](c2ccccc2)c3cc4OCOc4cc3O1,ODH,10.7,0.7,7.49,train,7.297664,7.776638,8.179248
1577,ODH_charity_0616:row:1577,8948,CCCCC[C@@H](C=C)n1c(C)cc2ccccc12,ODH,12.1,0.4,4.84,train,4.561583,4.9875484,5.430256
4558,ODH_charity_0616:row:4558,24154,O=C(O[C@@H](C(=O)c1ccccc1)c2ccccc2)c3ccccc3,ODH,8.4,0.8,6.72,train,6.5417247,7.152541,7.6214123
2461,ODH_charity_0616:row:2461,13596,COc1cccc(c1)[C@@](C)(C\C=C\C=C\c2ccccc2)C=O,ODH,17.787,1.0,17.787,train,18.025114,18.700829,19.285946
658,ODH_charity_0616:row:658,3783,C[C@@H]1Nc2cc(Br)ccc2N(C)C1=O,ODH,17.5,1.0,17.5,train,16.199312,16.6705,17.22382
309,ODH_charity_0616:row:309,1736,O=[S@@](c1ccc2ccccc2c1)c3ccccn3,ODH,8.7,1.0,8.7,train,8.703288,9.125149,9.571524
1562,ODH_charity_0616:row:1562,8896,CN(CC[C@@H](O)c1cccc(C)c1)Cc2ccccc2,ODH,13.51,0.8,10.808,train,10.598133,11.128849,11.514576
4791,ODH_charity_0616:row:4791,25090,C[C@@H](N[S](=O)(=O)C(C)(C)C)c1ccccc1Cl,ODH,8.0,1.0,8.0,train,7.7184963,7.92125,8.175916
975,ODH_charity_0616:row:975,5606,O=C(C[C@H](\C=C\c1ccccc1)c2ccccc2)c3ccccc3,ODH,24.377,0.5,12.1885,train,11.99102,12.533366,12.960817
2714,ODH_charity_0616:row:2714,14973,Fc1cccc2O[C@@H](Cc3ccccc3)C(=O)N(Cc4ccccc4)c12,ODH,17.5,0.5,8.75,train,8.242621,8.649464,9.093173
1266,ODH_charity_0616:row:1266,7358,CC(C)[C@@H]1Cc2ccccc2N1,ODH,17.5,1.0,17.5,train,16.586433,17.081848,17.600529
590,ODH_charity_0616:row:590,3421,COc1ccc(cc1)[C@H]2COc3ccccc3N2,ODH,15.9,1.0,15.9,train,14.893268,15.540296,16.157774
132,ODH_charity_0616:row:132,732,CCOC(=O)C[C@H](Sc1ccccc1)c2ccc(F)cc2,ODH,7.5,1.0,7.5,train,7.676533,8.26453,8.758302
2347,ODH_charity_0616:row:2347,12989,CC(C)OC(=O)[C@@]1(CC=C)N[S](=O)(=O)c2ccccc12,ODH,14.0,0.8,11.2,train,11.014855,11.354254,11.670577
2635,ODH_charity_0616:row:2635,14475,COc1ccc(cc1)[C@H]2c3cc4OCOc4cc3OC(=C2[S](=O)(=O)c5ccc(C)cc5)N,ODH,22.0,0.7,15.4,train,16.30211,16.727821,17.151907
1973,ODH_charity_0616:row:1973,10990,CC(=O)c1ccc(cc1)c2oc(C)c3Cc4ccccc4N5CCOC[C@H]5c23,ODH,19.4,0.8,15.52,train,14.878748,15.610241,16.223408
1035,ODH_charity_0616:row:1035,6084,CC(C)[C@H](O)C[N+]([O-])=O,ODH,39.99,0.5,19.995,train,19.599054,20.092947,20.46482
1569,ODH_charity_0616:row:1569,8929,COc1ccc(N[C@@H](C)c2ccccc2)cc1,ODH,12.1,0.8,9.68,train,9.30129,9.625955,9.990237
1721,ODH_charity_0616:row:1721,9681,CC(C)c1ccc(cc1)[C@H](O)C(O)=O,ODH,10.4,0.8,8.32,train,8.479526,8.857291,9.230255
155,ODH_charity_0616:row:155,926,CCCCCCCCCC[C@H]1Cc2ccccc2N1,ODH,6.0,0.8,4.8,train,3.981639,4.700631,5.3605
4548,ODH_charity_0616:row:4548,24127,C[C@H](N[S](=O)(=O)C(C)(C)C)c1ccc(C)c(C)c1,ODH,8.4,1.0,8.4,train,7.8976936,8.238761,8.623377
3346,ODH_charity_0616:row:3346,18613,COc1ccc(C[C@H]2Oc3ccccc3N(Cc4ccccc4)C2=O)cc1,ODH,30.3,0.5,15.15,train,14.2724905,14.731218,15.223313
4406,ODH_charity_0616:row:4406,23654,CC(C)(C)OC(=O)[C@](N)(CCCCNC(=O)OCc1ccccc1)CC=Cc2ccccc2,ODH,18.4,1.0,18.4,train,17.416624,18.264208,19.090696
2029,ODH_charity_0616:row:2029,11305,O[C@@]1(Cc2ccccc2C1=O)[C@H](C=C)c3cc(Cl)cc(Cl)c3,ODH,14.7,0.5,7.35,train,6.1951227,6.9254317,7.517401
4263,ODH_charity_0616:row:4263,22985,COc1ccc(N[C@@H](C#Cc2ccccc2)C(F)(F)C(F)(F)F)cc1,ODH,7.3,0.8,5.84,train,5.4758306,5.996561,6.5256033
2115,ODH_charity_0616:row:2115,11675,Oc1ccccc1[C@H](OCc2ccccc2)c3ccccc3,ODH,17.7,1.0,17.7,train,18.013117,18.553043,19.003113
1965,ODH_charity_0616:row:1965,10974,COC(=O)/C=C/[C@H](NCc1ccc(OC)cc1)c2ccc(Br)cc2,ODH,14.3,0.6,8.58,train,8.907477,9.350703,9.897525
638,ODH_charity_0616:row:638,3702,CCOC(=O)C[C@@H]1Nc2c(C)cccc2OC1=O,ODH,17.1,1.0,17.1,train,16.11095,16.76467,17.353003
267,ODH_charity_0616:row:267,1521,C[C@@]1(CCO)CCCn2ccc(c3ccc(F)cc3)c12,ODH,9.98,1.0,9.98,train,9.701894,10.226024,10.787356
783,ODH_charity_0616:row:783,4462,CC(C)(NC(=O)C[C@H](CCc1ccccc1)c2ccc(F)cc2)c3ccccn3,ODH,23.3,0.5,11.65,train,11.295081,11.807065,12.291586
1194,ODH_charity_0616:row:1194,7072,Cc1cccc(c1)[C@H]2CC(=O)Oc3ccccc23,ODH,12.27,1.0,12.27,train,11.286093,11.82119,12.31291
1272,ODH_charity_0616:row:1272,7378,C[C@@H](O)c1ccc(Br)cc1,ODH,9.73,1.0,9.73,train,9.202479,9.43148,9.700311
3300,ODH_charity_0616:row:3300,18403,COc1ccc2N(C)C(=O)[C@@](NC(=O)OC(C)(C)C)(C(=O)\C=C\c3ccccc3)c2c1,ODH,29.6,0.5,14.8,train,13.441376,13.97837,14.630155
349,ODH_charity_0616:row:349,1938,CCOC(=O)C[C@H](Sc1ccccc1)c2cccc(F)c2,ODH,9.6,1.0,9.6,train,9.163926,9.762209,10.288515
3935,ODH_charity_0616:row:3935,21570,C[C@H](C#Cc1ccc(cc1)C#N)c2ccc(COC(C)=O)cc2,ODH,54.6,0.8,43.68,train,41.452785,42.552853,43.74149
3307,ODH_charity_0616:row:3307,18429,C[C@@H](COC=O)c1ccc(Cl)cc1,ODH,29.8,0.5,14.9,train,14.516131,15.172989,15.690914
2044,ODH_charity_0616:row:2044,11395,Cc1ccc(cc1)[C@H]2Cc3ccccc3C(=O)C(=N2)c4ccccc4O,ODH,14.8,0.7,10.36,train,10.723843,11.172489,11.6645155
4458,ODH_charity_0616:row:4458,23837,FC(F)(F)c1ccc(cc1)[C@H]2NCCc3ccccc23,ODH,8.9,0.8,7.12,train,6.7654524,7.110555,7.4566007
2667,ODH_charity_0616:row:2667,14683,CC(=O)C1=C(C)OC(=O)C[C@H]1c2ccccc2F,ODH,19.5,0.7,13.65,train,13.967657,14.541922,15.082079
2355,ODH_charity_0616:row:2355,13024,Brc1cccc(c1)[C@@H]2CNc3ccccc3N2,ODH,25.7,0.6,15.42,train,14.55088,15.141518,15.775742
4702,ODH_charity_0616:row:4702,24692,CCc1ccc(cc1)C2=NO[C@](C)(CC(C)=C)C2,ODH,8.97,0.6,5.382,train,5.4039526,5.652033,5.919386
1851,ODH_charity_0616:row:1851,10351,CCOC(=O)C1=C(C)OC(=O)C[C@@H]1c2ccc(OC)cc2,ODH,13.6,0.7,9.52,train,9.606202,10.018866,10.467199
876,ODH_charity_0616:row:876,4978,COC(=O)C[C@H](C#N)c1sccc1,ODH,24.4,1.0,24.4,train,24.162268,24.812376,25.383018
2496,ODH_charity_0616:row:2496,13806,COc1cc2CCC[C@H](C#C[Si](c3ccccc3)(c4ccccc4)c5ccccc5)c2cc1OC,ODH,13.7,0.8,10.96,train,10.451387,11.241963,11.958267
3926,ODH_charity_0616:row:3926,21528,ClCCCC[C@@]1(CI)COc2ccccc12,ODH,53.2,0.75,39.9,train,39.384026,40.29938,41.02343
3069,ODH_charity_0616:row:3069,17083,CC(C)OCN1C(=O)[C@@](CO)(\C=C\c2ccccc2)c3ccccc13,ODH,24.9,0.8,19.92,train,19.164135,19.658302,20.051891
4770,ODH_charity_0616:row:4770,25009,Fc1ccc(cc1F)C2=C(C[C@H](O2)C=C)C#N,ODH,9.221,1.0,9.221,train,8.941772,9.563062,9.959668
1056,ODH_charity_0616:row:1056,6186,CCOC(=O)C[C@H](Sc1ccccc1)c2cccnc2,ODH,43.6,1.0,43.6,train,43.295166,44.48365,45.436253
2876,ODH_charity_0616:row:2876,15893,CCCCC(C1=CC=CC=C1)=[C@]=CC2=CC=CC=C2,ODH,21.8,0.5,10.9,train,11.1978445,11.799423,12.353394
3007,ODH_charity_0616:row:3007,16592,COC(=O)CCNC(=O)[C@](Cc1ccccc1)(NC(=O)c2ccccc2)C(=O)OCc3ccccc3,ODH,23.5,1.0,23.5,train,23.076237,24.148462,25.076315
2568,ODH_charity_0616:row:2568,14071,CCC(CC)(CC[C@]1(C)COc2ccc(Br)cc12)CC(=O)c3ccccc3,ODH,18.5,0.5,9.25,train,9.511901,10.065344,10.646748
1684,ODH_charity_0616:row:1684,9504,COc1ccc(cc1)[C@@H](C)N[S](=O)(=O)C(C)(C)C,ODH,10.4,1.0,10.4,train,9.870193,10.139252,10.434727
3959,ODH_charity_0616:row:3959,21691,O=COC[C@@H](C1=CC=C2C=CC=CC2=C1)C,ODH,57.6,0.5,28.8,train,29.885395,30.938995,31.786654
50,ODH_charity_0616:row:50,371,CCOC(=O)[C@H](CC=O)Cc1ccc(cc1)C(C)(C)C,ODH,9.2,1.0,9.2,train,8.646746,9.041194,9.498755
4126,ODH_charity_0616:row:4126,22344,C[C@H](O)C1CCCCC1,ODH,6.79,1.0,6.79,train,7.0187964,7.3385553,7.766553
3012,ODH_charity_0616:row:3012,16664,Nc1ccc(cc1)[C@@H](n2c3ccccc3c(c4ccccc4)c2c5ccccc5)c6ccccc6,ODH,27.0,1.0,27.0,train,26.78208,27.843359,28.524506
146,ODH_charity_0616:row:146,857,CC[C@H]1Nc2ccccc2NC1=O,ODH,9.4,1.0,9.4,train,8.829281,9.122565,9.479173
1269,ODH_charity_0616:row:1269,7361,O=C1CC[C@@](O1)(C(=O)OC(c2ccccc2)c3ccccc3)c4ccccc4,ODH,10.7,0.75,8.025,train,8.386594,9.098628,9.636682
3773,ODH_charity_0616:row:3773,20931,COC(=O)[C@@H](O)c1cccc(OC)c1,ODH,5.11,2.0,10.22,train,10.192566,10.619671,11.074974
680,ODH_charity_0616:row:680,3867,C[C@@H]1Nc2ccccc2NC1=O,ODH,17.9,1.0,17.9,train,16.833637,17.47269,18.078442
397,ODH_charity_0616:row:397,2173,CCCCCCC[C@@H]1CCC2=C(CCCC2=O)N1,ODH,9.1,1.0,9.1,train,10.000358,11.042887,11.957781
1972,ODH_charity_0616:row:1972,10989,COc1cc2OC(=C(C#N)[C@H](c3ccc4OCOc4c3)c2cc1OC)N,ODH,14.3,0.7,10.01,train,10.195807,10.782056,11.1228285
1728,ODH_charity_0616:row:1728,9694,Fc1cccc(c1)[C@@H]2CC(=O)Oc3ccccc23,ODH,12.87,1.0,12.87,train,11.758757,12.326896,12.738403
3430,ODH_charity_0616:row:3430,19070,COc1ccc(cc1)C2=C3CN(C[C@H]3C=CCN2[S](=O)(=O)c4ccc(C)cc4)[S](=O)(=O)c5ccc(C)cc5,ODH,32.37,0.8,25.896,train,26.410471,27.173737,27.860971
4032,ODH_charity_0616:row:4032,22012,O=C(OCc1ccccc1)[C@@H](Oc2ccccc2)c3ccccc3,ODH,9.5,1.0,9.5,train,7.3471093,7.8778367,8.449653
788,ODH_charity_0616:row:788,4539,CCCC[C@@H]1Nc2ccccc2C[C@@H]1C,ODH,23.7,0.3,7.11,train,7.548713,7.9473743,8.395684
2574,ODH_charity_0616:row:2574,14100,O[C@@]1([C@H](C=C)c2ccccc2)C(=O)N(Cc3cccc4ccccc34)c5cc(Br)ccc15,ODH,12.815,1.0,12.815,train,11.838474,12.574328,13.217377
2305,ODH_charity_0616:row:2305,12797,OC[C@@H](CCl)c1cccc(Br)c1,ODH,16.6,1.0,16.6,train,16.04209,16.384241,16.698511
2721,ODH_charity_0616:row:2721,15020,Oc1ccccc1C2=N[C@H](Cc3ccccc3C2=O)c4ccccc4,ODH,20.1,0.7,14.07,train,15.04548,15.663506,16.233538
3587,ODH_charity_0616:row:3587,20013,CCCC1=C(N(C(=O)C[C@H]1c2ccccc2)[S](=O)(=O)c3ccc(C)cc3)c4ccccc4,ODH,39.5,0.5,19.75,train,18.969383,19.667404,20.248564
4275,ODH_charity_0616:row:4275,23053,Cc1ccccc1N2[C@H](COC2=O)C=C,ODH,8.8,1.0,8.8,train,8.398878,8.758433,9.140211
1568,ODH_charity_0616:row:1568,8928,COc1ccc(N[C@H](C)c2ccccc2)cc1,ODH,10.9,0.8,8.72,train,8.126597,8.54085,8.9386635
3203,ODH_charity_0616:row:3203,17973,Brc1ccc(cc1)[C@H]2CC(=O)OC(=C2)c3ccccc3,ODH,27.9,0.5,13.95,train,12.658932,13.182788,13.645249
2261,ODH_charity_0616:row:2261,12465,COc1ccc(cc1)C(=O)N[C@H](C(=O)OCC(c2ccccc2)c3ccccc3)c4ccccc4,ODH,16.13,1.0,16.13,train,16.180834,17.02345,17.636402
305,ODH_charity_0616:row:305,1728,CC[C@@H](C#Cc1ccccc1)c2ccccc2,ODH,15.33,1.0,15.33,train,13.231906,13.903399,14.500877
2277,ODH_charity_0616:row:2277,12587,Cc1ccc(cc1)[C@H](C=C)[C@H](O)C(=O)c2ccccc2,ODH,12.3,0.5,6.15,train,6.1260247,6.462417,6.7960725
1521,ODH_charity_0616:row:1521,8598,Cc1cc([C@H](C(=O)OCc2ccccc2)c3ccc4ccccc4c3)c(C)n1Cc5ccccc5,ODH,13.7,0.7,9.59,train,9.30929,9.977778,10.600681
3213,ODH_charity_0616:row:3213,18020,CCOC(=O)[C@]1(CC=C)N[S](=O)(=O)c2ccc(OC)cc12,ODH,28.1,0.8,22.48,train,22.190298,22.824589,23.385246
2529,ODH_charity_0616:row:2529,13899,COc1ccc(cc1OC)[C@@H](CCN=[N+]=[N-])C#Cc2ccc(cc2)C#N,ODH,21.2,1.0,21.2,train,19.96698,20.72986,21.376823
2541,ODH_charity_0616:row:2541,13978,CC[C@](O)(N(C)Cc1ccccc1)c2occc2,ODH,20.74,0.5,10.37,train,9.712831,10.115677,10.549283
2997,ODH_charity_0616:row:2997,16544,CCc1ccc(cc1)[C@@H](C)COC=O,ODH,23.4,0.5,11.7,train,11.711388,12.232668,12.69971
3776,ODH_charity_0616:row:3776,20950,CCC[C@@H]1CCC(=N1)c2ccccc2,ODH,14.4,1.0,14.4,train,13.52543,13.993242,14.491475
731,ODH_charity_0616:row:731,4171,CC1(C)CN(C(=O)Nc2cc(cc(c2)C(F)(F)F)C(F)(F)F)[C@@](Cc3cccc(c3)[N+]([O-])=O)(C1)c4ccccc4,ODH,19.5,0.7,13.65,train,13.608485,14.38124,14.977806
4413,ODH_charity_0616:row:4413,23678,FC(F)(F)[C@]1(CC(=CC(=O)O1)c2ccccc2)c3ccc(Br)cc3,ODH,76.9,0.75,57.675,train,52.161655,53.58739,54.81852
2444,ODH_charity_0616:row:2444,13505,CC[C@@](N)(C\C=C\c1ccccc1)C(=O)OC(C)(C)C,ODH,17.6,1.0,17.6,train,15.5298605,16.127363,16.690191
4206,ODH_charity_0616:row:4206,22748,CC(C)c1ccc(C[C@@](C)(C\C=C\C=C\c2ccccc2)C=O)cc1,ODH,7.053,1.0,7.053,train,6.7687435,7.2766848,7.604934
4552,ODH_charity_0616:row:4552,24138,Cc1ccc2O[C@@H]3OCC[C@H]3c2c1,ODH,8.4,1.0,8.4,train,7.583736,7.9928017,8.378043
3132,ODH_charity_0616:row:3132,17513,COc1ccc(cc1)[C@@H](C[N+]([O-])=O)c2ccc(C)cc2,ODH,28.3,1.5,42.45,train,41.48358,42.402035,43.15173
1325,ODH_charity_0616:row:1325,7665,CCC1(CC)OC[C@@H](CO)Oc2ccccc12,ODH,12.5,1.0,12.5,train,12.46312,12.8620615,13.255329
4724,ODH_charity_0616:row:4724,24789,COc1ccc(N[C@@H](CC(C)C)C(=O)Oc2ccccc2)cc1,ODH,9.0,1.0,9.0,train,8.473276,8.880721,9.277032
4098,ODH_charity_0616:row:4098,22280,N[C@H](C#Cc1ccccc1)C(F)(F)F,ODH,12.3,1.0,12.3,train,10.645575,11.114065,11.566937
2249,ODH_charity_0616:row:2249,12392,C=C[C@H](CCc1ccccc1)C(C#N)C#N,ODH,16.04,1.0,16.04,train,15.3741865,15.952544,16.546036
2252,ODH_charity_0616:row:2252,12405,CC(=O)N1[C@H]2C=CCC[C@H]2[C@@H]([C@H]1c3ccccc3)c4ccccc4,ODH,18.42,0.4,7.368,train,6.53707,7.1447415,7.6768236
2786,ODH_charity_0616:row:2786,15411,O=C1[C@@H](Cc2occc2)Oc3ccccc3N1Cc4ccccc4,ODH,20.9,0.5,10.45,train,9.750423,10.145629,10.599911
464,ODH_charity_0616:row:464,2544,CC(C)OC(=O)[C@@H](CC=O)Cc1ccccc1,ODH,13.0,1.0,13.0,train,12.160973,12.58286,12.933503
2597,ODH_charity_0616:row:2597,14188,Clc1ccccc1C[C@H]2Oc3ccccc3N(Cc4ccccc4)C2=O,ODH,18.7,0.5,9.35,train,8.991219,9.504119,9.985986
4398,ODH_charity_0616:row:4398,23622,FC(F)(F)[C@@]1(CC(=CC(=O)O1)c2ccccc2)c3ccc(Cl)cc3,ODH,28.7,0.75,21.525,train,20.246267,20.99882,21.663448
2580,ODH_charity_0616:row:2580,14118,Cc1cc2OCC[C@](C)(CC3=CCCCC3)c2cc1C,ODH,16.9,0.5,8.45,train,8.233907,8.620553,8.9420395
3330,ODH_charity_0616:row:3330,18534,COC(=O)[C@H](c1ccccc1)[Si](C)(C)c2ccccc2,ODH,8.06,1.0,8.06,train,7.0210514,7.43292,7.8488545
1366,ODH_charity_0616:row:1366,7861,O[C@@H]/1CCC1=C/c2cccc(Cl)c2,ODH,9.091,0.8,7.2728,train,6.805453,7.178017,7.526545
83,ODH_charity_0616:row:83,482,C=Cc1ccccc1[S@](=O)c2ccccn2,ODH,6.6,1.0,6.6,train,6.6555076,6.9404917,7.2840614
603,ODH_charity_0616:row:603,3478,C[C@@H]([C@H](CCO)c1ccccc1)[N+]([O-])=O,ODH,16.16,1.0,16.16,train,15.593716,16.034355,16.362959
956,ODH_charity_0616:row:956,5376,Cc1ccccc1[C@@H](N)c2ccccc2O,ODH,28.36,0.7,19.852,train,18.136114,18.744825,19.385712
4301,ODH_charity_0616:row:4301,23152,CCC(=C)[C@H](C)Nc1ccc(OC)cc1,ODH,7.525,1.0,7.525,train,6.954237,7.1779757,7.457946
3467,ODH_charity_0616:row:3467,19228,COc1ccc(cc1)[C@H](O)C(O)=O,ODH,19.62,0.8,15.696,train,15.779112,16.344114,16.816036
4446,ODH_charity_0616:row:4446,23788,C[C@H](CC(C)=O)\C=C\c1ccc(C)cc1,ODH,9.15,0.8,7.32,train,7.2522035,7.439623,7.6694694
4572,ODH_charity_0616:row:4572,24254,C[C@H](CC(C)=O)\C=C\c1cccc(C)c1,ODH,10.24,0.8,8.192,train,7.7989383,8.038137,8.264761
2387,ODH_charity_0616:row:2387,13166,CCOC(=O)C1=C(C)OC(=O)C[C@H]1c2ccc(C)cc2,ODH,12.5,0.7,8.75,train,8.396194,8.848903,9.353724
3399,ODH_charity_0616:row:3399,18883,C[C@@H]1[C@H](C=C(OC1=O)c2ccccc2)c3ccccc3,ODH,31.4,0.75,23.55,train,24.567852,25.242414,25.97398
1125,ODH_charity_0616:row:1125,6652,CCC[C@@H]1[C@@H](\C=C\C(=O)OCC)N1[S](=O)(=O)c2ccc(C)cc2,ODH,8.09,0.8,6.472,train,6.5007963,6.9141736,7.391423
3306,ODH_charity_0616:row:3306,18428,C[C@H](COC=O)c1ccc(Cl)cc1,ODH,30.6,0.5,15.3,train,14.980082,15.604417,16.096914
3443,ODH_charity_0616:row:3443,19138,COc1cc(ccc1Oc2cccc(F)n2)[C@H](C)C#Cc3ccc(cc3)C#N,ODH,32.7,0.8,26.16,train,24.347858,25.139921,25.946234
2854,ODH_charity_0616:row:2854,15808,CCOC(=O)[C@@]1(CC=C)N[S](=O)(=O)c2ccc(F)cc12,ODH,14.5,0.8,11.6,train,11.854413,12.318217,12.689027
2132,ODH_charity_0616:row:2132,11769,C[C@@H](CC(C)=O)\C=C\c1ccc2ccccc2c1,ODH,15.26,0.8,12.208,train,11.822512,12.219411,12.639004
4466,ODH_charity_0616:row:4466,23849,C[C@@H]1CCC[C@@H](N1)c2cccc3ccccc23,ODH,9.8,1.0,9.8,train,9.724923,10.176863,10.660687
3400,ODH_charity_0616:row:3400,18891,CC(C)[C@@H]1C=Cc2cc(C)c(C)cc2[C@H]1O,ODH,37.88,1.0,37.88,train,35.791973,36.595608,37.47097
4129,ODH_charity_0616:row:4129,22363,CCCC(=O)O\C(c1ccccc1)=C\2[C@H]([C@H](C)C=C2c3ccccc3)c4sccc4,ODH,7.5,0.7,5.25,train,5.08968,5.7409267,6.3604517
2421,ODH_charity_0616:row:2421,13315,OC[C@H](CCl)c1cccc(c1)C(F)(F)F,ODH,16.2,1.0,16.2,train,15.94319,16.315018,16.69354
2848,ODH_charity_0616:row:2848,15752,FC(F)(F)[C@]1(CC(=CC(=O)O1)c2sccc2)c3ccccc3,ODH,21.6,0.75,16.2,train,13.6719885,14.502586,15.184977
2225,ODH_charity_0616:row:2225,12255,CC1(C)OC[C@@H](CO)Oc2ccccc12,ODH,15.9,1.0,15.9,train,14.991316,15.336931,15.653559
1940,ODH_charity_0616:row:1940,10758,O[C@H]/1CCCC1=C/c2ccccc2Br,ODH,14.1,0.8,11.28,train,10.428837,10.787763,11.17358
4719,ODH_charity_0616:row:4719,24784,COc1ccc(Br)cc1C(C)(C)C[C@]2(Cc3n(C(=O)OC(C)(C)C)c4ccccc4c3C(=O)O2)C(F)(F)F,ODH,8.0,0.6,4.8,train,2.6930532,3.4877698,4.2833767
219,ODH_charity_0616:row:219,1254,CCO[C@@H](\C=C\c1ccccc1)c2ccccc2,ODH,9.135,0.5,4.5675,train,4.5283656,4.8484316,5.096389
1793,ODH_charity_0616:row:1793,10012,C[C@@]1(COc2ccc(Cl)cc12)CC#Cc3ccccc3,ODH,13.7,0.5,6.85,train,6.7924953,7.260804,7.7372556
2173,ODH_charity_0616:row:2173,12014,Clc1ccc2[C@H](CC(=O)Oc2c1)c3ccccc3,ODH,22.41,1.0,22.41,train,20.353088,21.022423,21.553864
1113,ODH_charity_0616:row:1113,6609,CC1(C)OB(OC1(C)C)[C@H](Cc2ccc(cc2)[N+]([O-])=O)N3CCOC3=O,ODH,10.0,1.0,10.0,train,9.222051,9.555778,9.958148
389,ODH_charity_0616:row:389,2142,CC(C)OC(=O)[C@H](O)c1ccc2OCOc2c1,ODH,11.7,1.0,11.7,train,11.243012,11.747377,12.145927
2092,ODH_charity_0616:row:2092,11572,CCCCC[C@H](C=C)n1ccc2cc(C=O)ccc12,ODH,13.8,1.0,13.8,train,13.571128,14.186175,14.787001
1682,ODH_charity_0616:row:1682,9496,CC[C@@H](C#CCCO)c1ccccc1,ODH,11.42,0.7,7.994,train,7.897736,8.245636,8.432071
1065,ODH_charity_0616:row:1065,6241,CCOC(=O)C[C@H]1Nc2cc(OC)ccc2OC1=O,ODH,58.5,1.0,58.5,train,54.950893,56.506897,57.636726
22,ODH_charity_0616:row:22,197,C=CCN[C@H](\C=C\c1ccccc1)c2ccccc2,ODH,5.581,1.0,5.581,train,5.191254,5.6281652,5.960666
2968,ODH_charity_0616:row:2968,16408,Clc1cc(Cl)cc(\C=C\[C@@H]2COC(=O)[C@]23CCC(=N3)c4ccccc4)c1,ODH,29.6,1.0,29.6,train,25.823854,26.99648,27.896267
2009,ODH_charity_0616:row:2009,11199,C[C@]1(CC#Cc2ccccc2)CN(Cc3ccccc3)Cc4ccccc14,ODH,11.1,0.5,5.55,train,5.660588,6.1366405,6.5659156
4155,ODH_charity_0616:row:4155,22460,CCCC[C@@H]1NCc2ccc(C)cc2[C@H]1F,ODH,6.9,0.8,5.52,train,5.1946692,5.4594927,5.6810355
782,ODH_charity_0616:row:782,4444,COc1ccc(cc1)C(=O)N[C@H](c2ccccc2CCCC(F)(F)F)c3cn(Cc4ccccc4)c5ccccc35,ODH,20.92,1.0,20.92,train,19.537872,20.65905,21.60845
665,ODH_charity_0616:row:665,3812,COc1ccc(cc1)C(=O)C[C@@H](C)[S](=O)(=O)c2ccc(C)cc2,ODH,23.5,1.0,23.5,train,23.08034,23.736439,24.401506
4091,ODH_charity_0616:row:4091,22240,C1CC[C@@H]2Nc3ccccc3C[C@H]2C1,ODH,9.5,0.8,7.6,train,7.5884285,8.078511,8.537087
3789,ODH_charity_0616:row:3789,21010,CC(C)(C)OC(=O)[C@@](C)(N)C\C=C\c1ccccc1F,ODH,4.3,1.0,4.3,train,4.1566978,4.5494423,4.961896
935,ODH_charity_0616:row:935,5258,Cc1ccc(cc1)[C@H]2C[C@H]([C@@H]2CO)c3cccn3CC=C,ODH,20.1,1.0,20.1,train,19.96877,20.536972,21.108913
1136,ODH_charity_0616:row:1136,6721,C[C@@H](N[S](=O)(=O)C(C)(C)C)c1ccccc1,ODH,7.5,1.0,7.5,train,6.738952,6.918361,7.134268
4682,ODH_charity_0616:row:4682,24598,Cc1cccc(c1)[C@H](C(=O)OCc2ccccc2)c3cc(C)n(Cc4ccccc4)c3C,ODH,8.9,0.7,6.23,train,6.2895403,6.839205,7.326466
3412,ODH_charity_0616:row:3412,18929,O=C1[C@@H](Cc2cccc3ccccc23)Oc4ccccc4N1Cc5ccccc5,ODH,31.7,0.5,15.85,train,15.280656,15.936333,16.569887
543,ODH_charity_0616:row:543,3241,Cc1ccc(cc1)[S](=O)(=O)N2CC[C@H](CC(=O)NC(C)(C)c3ccccn3)c4cc(F)ccc24,ODH,15.3,0.8,12.24,train,12.869733,13.34205,13.851054
184,ODH_charity_0616:row:184,1039,COc1ccc(C)cc1[C@@H](O)C(=O)OC(C)C,ODH,8.5,1.0,8.5,train,8.043291,8.381189,8.694445
2898,ODH_charity_0616:row:2898,15971,CC(C)(C)[Si](C)(C)Oc1ccc(c(O)c1)[C@@](C)(c2ccccc2)c3c[nH]c4ccccc34,ODH,25.1,1.0,25.1,train,20.598782,21.904737,23.184252
593,ODH_charity_0616:row:593,3434,FC(F)(F)CCCc1ccccc1[C@@H](NC(=O)c2ccc(Cl)cc2)c3cn(Cc4ccccc4)c5ccccc35,ODH,15.98,1.0,15.98,train,14.210565,15.22229,16.007765
2784,ODH_charity_0616:row:2784,15407,COC(=O)C[C@](C)(O)c1ccc(Br)cc1,ODH,20.9,0.5,10.45,train,10.399448,10.813691,11.196926
3937,ODH_charity_0616:row:3937,21572,Fc1ccc(cc1)[C@H]2CC(=O)N=C(S2)c3ccccc3,ODH,54.6,0.5,27.3,train,26.37432,27.055355,27.614004
1601,ODH_charity_0616:row:1601,9081,CC(C)(C)[P@](=O)(Cc1ccc(cc1)C#N)c2ccccc2,ODH,10.53,1.0,10.53,train,9.447786,9.887342,10.364814
3076,ODH_charity_0616:row:3076,17116,C[C@@](CO)(c1ccccc1)c2ccc3occc3c2,ODH,21.04,0.6,12.624,train,12.554821,13.07846,13.628848
198,ODH_charity_0616:row:198,1112,CC(C)OC(=O)[C@H](CC=O)Cc1ccc(F)cc1,ODH,10.7,1.0,10.7,train,10.809972,11.20827,11.5665245
4317,ODH_charity_0616:row:4317,23246,C[C@@H]1Nc2ccccc2OC1=O,ODH,7.6,0.7,5.32,train,5.1190233,5.4288282,5.750208
3803,ODH_charity_0616:row:3803,21063,Cc1ccc(cc1)N2N=C(C)[C@@](C\C=C\c3ccccc3)(Cc4ccc(cc4)C(C)(C)C)C2=O,ODH,9.597,1.0,9.597,train,8.834877,9.522598,10.1601
3383,ODH_charity_0616:row:3383,18796,C[C@H](COC=O)c1ccccc1,ODH,32.1,0.5,16.05,train,15.446415,15.924866,16.325056
4313,ODH_charity_0616:row:4313,23214,COc1ccc(cc1)[C@@H]2Cc3ccccc3[C@H](N2)c4ccccc4,ODH,7.6,0.8,6.08,train,6.644445,7.0739408,7.4977894
2905,ODH_charity_0616:row:2905,16018,O[C@H]/1CCCC1=C/c2cccc(F)c2,ODH,22.1,0.5,11.05,train,10.341273,10.757066,11.097563
1641,ODH_charity_0616:row:1641,9306,O[C@@H](C1=CC=CC=C1)CCN(C)C,ODH,12.49,1.0,12.49,train,11.676079,11.979555,12.289059
4882,ODH_charity_0616:row:4882,25435,COc1ccc(cc1)[C@@H]2[C@H](O)CCCC23OCCO3,ODH,11.073,1.0,11.073,train,11.5816765,12.18595,12.787618
508,ODH_charity_0616:row:508,2977,OC(C[C@@H]1CCc2ccccc2N1)(c3ccccc3)c4ccccc4,ODH,12.1,1.0,12.1,train,12.194662,12.72467,13.179675
4836,ODH_charity_0616:row:4836,25229,C[C@H](C#Cc1ccccc1)c2ccc(OC(C)=O)cc2,ODH,9.43,0.7,6.601,train,6.5567293,6.9169526,7.409242
306,ODH_charity_0616:row:306,1729,CC[C@H](C#Cc1ccccc1)c2ccccc2,ODH,10.57,1.0,10.57,train,10.33666,10.966247,11.494922
1905,ODH_charity_0616:row:1905,10609,Cc1cc([C@@H](C(=O)OCc2ccccc2)c3cscc3)c(C)n1Cc4ccccc4,ODH,13.9,0.7,9.73,train,10.057029,10.56353,11.051952
1181,ODH_charity_0616:row:1181,7030,Clc1ccc2OC(=O)[C@H](Nc2c1)c3ccccc3,ODH,10.4,0.7,7.28,train,8.572717,9.19829,9.765916
4262,ODH_charity_0616:row:4262,22984,COc1ccc(N[C@H](C#Cc2ccccc2)C(F)(F)C(F)(F)F)cc1,ODH,9.8,0.8,7.84,train,7.316609,7.886484,8.440621
1475,ODH_charity_0616:row:1475,8417,Cc1oc(c2cccc3ccccc23)c4[C@H]5COCCN5c6ccccc6Cc14,ODH,11.6,0.6,6.96,train,7.36325,7.906767,8.416757
2260,ODH_charity_0616:row:2260,12464,COc1ccc(cc1)C(=O)N[C@@H](C(=O)OCC(c2ccccc2)c3ccccc3)c4ccccc4,ODH,10.35,1.0,10.35,train,10.315127,11.161241,11.760322
4893,ODH_charity_0616:row:4893,25490,F[C@H]1[C@H](NCc2ccccc12)C3CC3,ODH,11.8,0.8,9.44,train,9.644868,9.946619,10.265613
1264,ODH_charity_0616:row:1264,7356,Cc1ccc2N(C(=O)C(c3ccccc3)c4ccccc4)C(=O)[C@](C)(C(=O)OCC=C)c2c1,ODH,16.8,0.8,13.44,train,12.8795395,13.52302,14.09681
3161,ODH_charity_0616:row:3161,17698,Cc1ccc([C@@H](C=C)[C@]2(O)C(=O)N(Cc3cccc4ccccc34)c5ccccc25)c(C)c1,ODH,11.833,1.0,11.833,train,11.914393,12.472177,13.009286
201,ODH_charity_0616:row:201,1145,CC[C@H](F)C(=O)c1nccn1c2ccccc2,ODH,10.7,1.0,10.7,train,11.202243,11.658495,12.093041
2351,ODH_charity_0616:row:2351,13000,CCCCCc1ccc(cc1)C#CC[C@@]2(C)COc3ccccc23,ODH,17.8,0.5,8.9,train,8.372414,8.728279,9.255766
948,ODH_charity_0616:row:948,5292,COC(=O)C[C@@H](C#N)c1ccc(F)c(F)c1,ODH,21.4,0.8,17.12,train,16.54972,17.223627,17.774586
4492,ODH_charity_0616:row:4492,23946,Cc1ccc(cc1)[S](=O)(=O)N2C[C@H](C=C)N(c3ccc(C)cc3C2=O)[S](C)(=O)=O,ODH,8.22,1.0,8.22,train,8.741454,9.275203,9.86729
119,ODH_charity_0616:row:119,670,CC(C)(C)c1ccc(cc1)[C@@H]2Nc3ccccc3OC2=O,ODH,8.8,1.0,8.8,train,9.236068,9.416496,9.670725
1515,ODH_charity_0616:row:1515,8568,COc1ccccc1N2C(=O)OC[C@]2(COCc3ccccc3)C=C,ODH,10.4,1.0,10.4,train,10.198077,10.745485,11.243122
4384,ODH_charity_0616:row:4384,23539,CCOC(=O)[C@H](c1ccccc1)c2cc(C)n(Cc3ccccc3)c2C,ODH,8.5,0.7,5.95,train,5.6961617,6.2070084,6.613526
2609,ODH_charity_0616:row:2609,14258,COc1ccccc1C(=O)N[C@H](C)c2ccc3ccccc3c2,ODH,18.8,1.0,18.8,train,17.796417,18.512575,19.19658
630,ODH_charity_0616:row:630,3663,C[C@@H](F)C(=O)c1nccn1c2ccccc2,ODH,16.9,1.0,16.9,train,16.935204,17.498869,18.041416
502,ODH_charity_0616:row:502,2962,FC(F)(F)C[C@@]1(CC(=NO1)c2ccccc2)c3occc3,ODH,9.92,0.8,7.936,train,7.3702903,7.8216853,8.2237425
2991,ODH_charity_0616:row:2991,16513,CCCC[C@]1(CI)COc2ccccc12,ODH,23.3,0.5,11.65,train,12.487277,12.906864,13.356905
2201,ODH_charity_0616:row:2201,12148,O=C(OC1=C(Cl)C=CC=C1Cl)[C@@H](BP(C)C)C2=CC=CC=C2,ODH,15.77,2.0,31.54,train,29.543943,30.389807,31.243744
3708,ODH_charity_0616:row:3708,20636,COc1ccc(cc1)C(=O)N[C@](C)(C(=O)Nc2ccccc2)C(=O)OCc3ccccc3,ODH,49.4,0.5,24.7,train,24.649803,25.46973,26.182467
4519,ODH_charity_0616:row:4519,24041,C=C[C@H](CCc1ccccc1)C(CC#C)(C#N)C#N,ODH,8.32,1.0,8.32,train,8.581689,9.144496,9.608209
2150,ODH_charity_0616:row:2150,11851,Cc1ccccc1\C=C\2CC[C@H]2O,ODH,9.561,0.8,7.6488,train,7.833745,8.2365265,8.5759735
3303,ODH_charity_0616:row:3303,18414,COc1ccc(cc1)[C@@H]2[C@H](C=C(N(C2=O)[S](=O)(=O)c3ccc(C)cc3)c4ccccc4)c5ccccc5,ODH,19.1,0.75,14.325,train,14.207642,14.886105,15.444577
2907,ODH_charity_0616:row:2907,16032,CC(C)(C)c1ccc(OCCCC[C@@]2(CI)COc3ccccc23)cc1,ODH,22.1,0.5,11.05,train,10.761429,11.072391,11.402857
2946,ODH_charity_0616:row:2946,16244,COC(=O)[C@@]1(CCCC1=O)[C@H](C[N+]([O-])=O)c2ccccc2Cl,ODH,23.68,0.5,11.84,train,11.961803,12.777929,13.4025135
332,ODH_charity_0616:row:332,1825,Cc1ccc2CCCC[C@H](O)c2c1,ODH,10.8,1.0,10.8,train,10.849008,11.272054,11.710313
735,ODH_charity_0616:row:735,4188,CCOC(=O)C[C@@H]1Nc2cc(ccc2OC1=O)C(C)(C)C,ODH,19.6,1.0,19.6,train,18.112156,18.642721,19.164045
3597,ODH_charity_0616:row:3597,20034,CC(C)(C)OC(=O)[C@@](C)(N)C\C=C\c1cc(Cl)cc(Cl)c1,ODH,15.9,0.5,7.95,train,9.56371,10.137074,10.731001
1392,ODH_charity_0616:row:1392,8031,CC1(C)OC[C@@H](CO)Oc2ccc(OCc3ccccc3)cc12,ODH,16.4,1.0,16.4,train,16.461071,17.08041,17.68067
1999,ODH_charity_0616:row:1999,11134,CCCCCC/C=C/[C@@H]1Cc2cc(C)c(C)cc2N1[S](=O)(=O)C(F)(F)F,ODH,16.5,0.5,8.25,train,7.5226846,8.080887,8.592619
2486,ODH_charity_0616:row:2486,13775,COc1ccc(cc1)C(=O)[C@@H]2CCc3ccccc3N2,ODH,18.0,1.0,18.0,train,16.902027,17.514015,18.087889
3615,ODH_charity_0616:row:3615,20104,COc1ccc(cc1)[C@H]2N(C)CCc3ccccc23,ODH,4.4,1.0,4.4,train,4.1271935,4.475698,4.7744713
458,ODH_charity_0616:row:458,2474,CC(C)c1cccc(C(C)C)c1NC[C@H]2CCc3ccccc3N2,ODH,12.8,0.8,10.24,train,9.396935,9.688113,10.003119
171,ODH_charity_0616:row:171,997,CC(C)OC(=O)[C@@H](O)c1ccccc1C,ODH,6.9,1.0,6.9,train,6.574924,6.8141055,7.064693
2675,ODH_charity_0616:row:2675,14765,O[C@H]/1CCC1=C/c2oc3ccccc3c2,ODH,19.619,0.8,15.6952,train,15.312775,15.909076,16.40493
8,ODH_charity_0616:row:8,119,CC1(C)COC(OC1)c2ccc(cc2)[C@]3(C)CC(C)(C)CN3C(=S)Nc4cc(cc(c4)C(F)(F)F)C(F)(F)F,ODH,6.1,1.0,6.1,train,5.0319004,5.337827,5.693507
2327,ODH_charity_0616:row:2327,12908,O[C@@H]([C@@H](C=C)c1cc(Cl)cc(Cl)c1)C(=O)c2ccccc2,ODH,13.9,0.5,6.95,train,6.4584703,7.0113306,7.4904227
4564,ODH_charity_0616:row:4564,24215,CCc1oc(c2ccccc2)c3[C@H]4COCCN4c5ccccc5Cc13,ODH,8.5,0.6,5.1,train,5.50474,5.9224987,6.223171
3121,ODH_charity_0616:row:3121,17394,CCCCOC(=O)[C@]1(N[S](=O)(=O)c2ccccc12)C#Cc3ccccc3,ODH,25.8,0.5,12.9,train,13.4425,14.067569,14.618683
1163,ODH_charity_0616:row:1163,6917,Brc1cccc(c1)[C@@]2(CCC(=O)O2)C(=O)OC(c3ccccc3)c4ccccc4,ODH,10.3,0.75,7.725,train,6.9936285,7.726287,8.271908
4372,ODH_charity_0616:row:4372,23487,COc1ccc(cc1)[C@@](C)(C\C=C\C=C\c2ccccc2)C=O,ODH,7.854,1.0,7.854,train,7.9921985,8.465796,8.921841
3421,ODH_charity_0616:row:3421,19020,CCOC(=O)[C@]1(OC(=O)c2cc3ccccc3n12)c4ccccc4,ODH,32.1,0.3,9.63,train,9.325429,9.710149,10.1404705
3200,ODH_charity_0616:row:3200,17941,COc1ccccc1C(=O)OC[C@H](O)c2ccccc2,ODH,23.4,1.0,23.4,train,23.266663,24.119549,24.759825
497,ODH_charity_0616:row:497,2859,C1Cc2ccccc2N[C@@H]1c3ccccc3,ODH,14.1,0.6,8.46,train,8.373212,8.777644,9.161041
3119,ODH_charity_0616:row:3119,17385,COC(=O)c1ccc(cc1)[C@@](C)(CO)c2ccc(OC)cc2,ODH,25.78,0.6,15.468,train,16.204752,16.697042,17.229937
4586,ODH_charity_0616:row:4586,24312,C1CCC(C1)[C@@H]2Cc3ccccc3N2,ODH,8.6,0.8,6.88,train,6.8597674,7.310794,7.7410307
3568,ODH_charity_0616:row:3568,19881,FC(F)(F)[C@]1(CC(=CC(=O)O1)c2ccc(Br)cc2)c3ccccc3,ODH,38.2,0.75,28.65,train,26.571243,27.470184,28.224934
1686,ODH_charity_0616:row:1686,9527,C=C[C@H](C1=CNC2=C1C=CC=C2)CCCO[Si](C)(C(C)(C)C)C,ODH,14.3,1.0,14.3,train,11.383099,12.211706,13.045631
2551,ODH_charity_0616:row:2551,14010,Brc1ccc2OC(=O)C[C@H](c3ccccc3)c2c1,ODH,24.48,1.0,24.48,train,21.92697,22.610579,23.142176
2365,ODH_charity_0616:row:2365,13057,Clc1ccc2OC(=O)C[C@H](c3ccccc3)c2c1,ODH,19.99,1.0,19.99,train,18.55348,19.22368,19.746748
1051,ODH_charity_0616:row:1051,6169,COC(=O)[C@@H](Cc1ccc(cc1)\C=C\c2ccc3ccccc3c2c4ccccc4SC)NC(=O)OC(C)(C)C,ODH,36.5,0.8,29.2,train,29.0447,29.992947,30.986917
4670,ODH_charity_0616:row:4670,24560,CC[C@]1(N(c2cc(C)c(C)cc2C1=C)[S](=O)(=O)C(F)(F)F)c3ccc(Cl)cc3,ODH,8.82,0.6,5.292,train,4.729564,5.158384,5.564602
1183,ODH_charity_0616:row:1183,7034,CCCC(=O)O\C(c1ccccc1)=C\2[C@@H]([C@H](C)C=C2c3ccccc3)c4ccc(cc4)[N+]([O-])=O,ODH,10.4,0.7,7.28,train,7.534837,8.394767,9.040263
925,ODH_charity_0616:row:925,5204,COc1cccc(c1)[C@@H](O)C[N+]([O-])=O,ODH,20.1,1.2,24.12,train,24.19452,24.92961,25.501623
4144,ODH_charity_0616:row:4144,22422,CCC[C@@H](NCCc1ccccc1)C(=C)CC,ODH,3.609,1.0,3.609,train,5.0843735,5.4913206,5.869587
2811,ODH_charity_0616:row:2811,15564,CO[C@H](C(=O)OC)c1ccccc1,ODH,21.19,1.0,21.19,train,19.583784,20.140476,20.63946
4314,ODH_charity_0616:row:4314,23232,F[C@H](\C=C\c1ccccc1)C(=O)OCC=C,ODH,7.3,1.0,7.3,train,7.1966043,7.5912275,7.962122
388,ODH_charity_0616:row:388,2141,CC(C)OC(=O)[C@@H](O)c1ccc2OCOc2c1,ODH,9.1,1.0,9.1,train,9.183549,9.675167,10.0656395
855,ODH_charity_0616:row:855,4883,CCOC(=O)[C@H]1N[S](=O)(=O)Oc2cc(OC)ccc12,ODH,23.6,1.0,23.6,train,21.294235,21.888168,22.384838
4174,ODH_charity_0616:row:4174,22603,O=C([C@@H]1CCC=C[C@@H]1N2C(=O)c3ccccc3[S]2(=O)=O)c4ccccc4,ODH,44.62,0.5,22.31,train,22.326574,23.00078,23.501303
326,ODH_charity_0616:row:326,1807,COC(=O)/C=C/C[C@@H]1N(CCc2ccccc12)C(=O)\C=C\C,ODH,10.79,1.0,10.79,train,10.767766,11.259038,11.705985
186,ODH_charity_0616:row:186,1041,C[C@@H](C#N)c1ccc(Br)cc1,ODH,8.5,1.0,8.5,train,7.925342,8.31819,8.786568
2334,ODH_charity_0616:row:2334,12922,O[C@@H]([C@H](C=C)c1ccccc1)C(=O)c2ccccc2F,ODH,17.8,0.5,8.9,train,9.0125885,9.70011,10.240061
368,ODH_charity_0616:row:368,2006,CC[C@@H]1Cc2ccccc2N1,ODH,11.3,0.8,9.04,train,8.786107,9.200356,9.64084
4764,ODH_charity_0616:row:4764,24985,O[C@H]/1CCCCCC1=C/c2ccccc2,ODH,9.2,0.8,7.36,train,6.658434,7.127627,7.553286
910,ODH_charity_0616:row:910,5131,O=C1Oc2cc3ccccc3cc2N[C@@H]1c4ccccc4,ODH,25.8,1.0,25.8,train,24.371346,25.350285,26.066471
4865,ODH_charity_0616:row:4865,25359,CC(=C)[C@@H]1CN(C(=C1)c2ccc(Br)cc2)[S](=O)(=O)c3ccc(C)cc3,ODH,8.67,0.8,6.936,train,6.9917283,7.255561,7.4825215
1178,ODH_charity_0616:row:1178,7017,COC(=O)[C@@]1(CCC(=O)O1)c2ccccc2,ODH,11.9,0.75,8.925,train,8.366731,8.812616,9.224946
3071,ODH_charity_0616:row:3071,17085,Cc1cccc(c1)[C@@H](C=C)[C@H](O)C(=O)c2ccccc2,ODH,20.9,1.0,20.9,train,20.579037,21.244759,21.820715
4007,ODH_charity_0616:row:4007,21926,COc1ccccc1[C@@](c2[nH]ccc2)(c3[nH]c4ccccc4c3c5ccc6ccccc6c5)c7ccccc7,ODH,5.8,1.0,5.8,train,5.682905,7.0344834,7.942182
4081,ODH_charity_0616:row:4081,22196,C1Cc2cc3OC[C@H](Oc3cc2C1)\C=C\c4ccccc4,ODH,6.58,1.0,6.58,train,6.5332246,6.942968,7.294652
1180,ODH_charity_0616:row:1180,7029,Clc1ccc2OC(=O)[C@@H](Nc2c1)c3ccccc3,ODH,14.9,0.7,10.43,train,9.45429,10.048205,10.538819
4318,ODH_charity_0616:row:4318,23247,CCC[C@H]1NCc2ccc(C)cc2[C@H]1F,ODH,8.6,0.8,6.88,train,6.8301034,7.090187,7.2975907
2378,ODH_charity_0616:row:2378,13143,CCc1ccc2O[C@@H](C)C[C@@H](O)c2c1,ODH,20.204,0.5,10.102,train,9.863739,10.225244,10.611698
2137,ODH_charity_0616:row:2137,11778,COC(=O)[C@H](O)c1ccc(Br)cc1,ODH,13.48,1.0,13.48,train,12.521943,13.006304,13.483671
3595,ODH_charity_0616:row:3595,20032,COC(=O)[C@H](Cc1sccc1)NC(=O)c2ccccc2OC,ODH,39.7,0.8,31.76,train,30.607765,31.63067,32.46733
3976,ODH_charity_0616:row:3976,21771,CN1CCc2ccccc2[C@@H]1c3ccccc3,ODH,6.0,0.7,4.2,train,4.463643,4.799149,5.1201596
1297,ODH_charity_0616:row:1297,7512,O=C1CC[C@](O1)(C(=O)Oc2ccccc2)c3ccccc3,ODH,11.8,0.75,8.85,train,8.112608,8.755283,9.22554
2290,ODH_charity_0616:row:2290,12649,C[C@@](C\C=C\C=C\c1ccccc1)(C=O)c2ccc(cc2)c3ccccc3,ODH,17.152,1.0,17.152,train,17.814878,18.44291,19.049553
4480,ODH_charity_0616:row:4480,23913,C[C@@H](N[S](=O)(=O)C(C)(C)C)c1occc1,ODH,7.4,1.0,7.4,train,6.9623027,7.132533,7.3301864
1060,ODH_charity_0616:row:1060,6222,C(Cc1cc(OCc2ccccc2)cc(OCc3ccccc3)c1)[C@H]4CCc5ccccc5N4,ODH,44.7,0.5,22.35,train,20.882574,21.59933,22.25385
883,ODH_charity_0616:row:883,5021,CC(C)(C)c1ccc(C[C@@H]2CCCOC2=O)cc1,ODH,24.7,1.0,24.7,train,22.65555,23.22988,23.906668
2400,ODH_charity_0616:row:2400,13215,Clc1ccc2N[C@H](CCc2c1)c3ccccc3,ODH,17.16,1.0,17.16,train,14.93055,15.413002,15.901052
3092,ODH_charity_0616:row:3092,17204,COc1ccccc1[C@H](C)O,ODH,23.2,1.0,23.2,train,22.104904,22.708527,23.232944
410,ODH_charity_0616:row:410,2260,O=C1CCCC2=C1CC[C@H](CCc3ccccc3)N2,ODH,12.1,1.0,12.1,train,10.373944,11.198494,11.801854
175,ODH_charity_0616:row:175,1001,COC(=O)[C@@H](C)CC=O,ODH,11.5,1.0,11.5,train,11.231701,11.547123,11.854846
91,ODH_charity_0616:row:91,504,C[C@@H](CCCO)c1ccc(C)cc1,ODH,6.68,1.0,6.68,train,6.6465745,6.867224,7.074233
1478,ODH_charity_0616:row:1478,8420,COc1ccc(cc1)[C@H]2Nc3ccccc3OC2=O,ODH,25.9,0.7,18.13,train,17.450104,18.019289,18.597769
1617,ODH_charity_0616:row:1617,9184,CCCCC[C@H]1CCc2ccccc2N1,ODH,12.37,0.6,7.422,train,7.61806,8.061072,8.512975
2195,ODH_charity_0616:row:2195,12118,COc1ccc(cc1OC)[C@@H](CCCl)C#Cc2ccc(cc2)C#N,ODH,18.9,1.0,18.9,train,17.68672,18.300327,18.81963
1418,ODH_charity_0616:row:1418,8169,C1Oc2ccccc2N[C@@H]1c3ccccc3,ODH,14.6,0.6,8.76,train,8.233368,8.678868,9.078681
4795,ODH_charity_0616:row:4795,25111,CCC/C=C/C[C@@]1(C)CCc2ccccc12,ODH,9.6,0.5,4.8,train,4.370687,4.653764,4.969412
1628,ODH_charity_0616:row:1628,9236,Cc1cc(C)c2N(Cc3ccccc3)C(=O)[C@@]4(OC(=O)c5cccc6ccn4c56)c2c1,ODH,12.4,0.8,9.92,train,9.483886,9.862449,10.326272
1555,ODH_charity_0616:row:1555,8821,C[C@H]1Nc2ccccc2Oc3c(Cl)cccc13,ODH,12.0,0.7,8.4,train,8.701733,9.056633,9.425448
3795,ODH_charity_0616:row:3795,21018,O1C=C[C@@H](c2ccccc2)c3ccccc13,ODH,4.9,1.0,4.9,train,5.0489244,5.3730226,5.6607594
2699,ODH_charity_0616:row:2699,14915,O[C@@]1([C@H](C=C)c2ccccc2F)C(=O)N(Cc3cccc4ccccc34)c5ccccc15,ODH,16.291,1.0,16.291,train,15.97873,16.818024,17.605291
3673,ODH_charity_0616:row:3673,20404,C[C@]1(COc2ccccc12)CC#Cc3cccc(Cl)c3,ODH,41.6,0.5,20.8,train,19.89727,20.62446,21.328693
3091,ODH_charity_0616:row:3091,17195,CCCCN1C(=O)[C@@](CO)(\C=C\c2ccccc2)c3ccccc13,ODH,25.2,0.8,20.16,train,19.998909,20.68178,21.175194
4386,ODH_charity_0616:row:4386,23549,COc1ccc(cc1)[C@](c2[nH]ccc2)(c3[nH]c4ccccc4c3c5ccccc5)c6ccccc6OC,ODH,9.3,1.0,9.3,train,9.578152,10.87912,11.975654
2550,ODH_charity_0616:row:2550,14009,C[C@]12Cc3ccccc3N=C1c4c(O)cc(cc4C2=O)c5ccccc5,ODH,18.4,0.75,13.8,train,13.327141,13.970974,14.620504
4544,ODH_charity_0616:row:4544,24101,Cc1ccc(cc1)\C=C\2CCC[C@@H]2O,ODH,8.4,0.8,6.72,train,6.956087,7.3624344,7.765332
4221,ODH_charity_0616:row:4221,22837,C[C@@](C\C=C\C=C\c1ccccc1)(C=O)c2ccc(F)cc2,ODH,7.971,1.0,7.971,train,7.6094074,8.111355,8.514247
1835,ODH_charity_0616:row:1835,10289,COc1cc2CCN3CCC[C@@H]3c2cc1OC,ODH,8.92,1.0,8.92,train,9.305746,9.720878,10.209375
1025,ODH_charity_0616:row:1025,5991,C1Cc2ccccc2N[C@H]1CNc3cccc4ccccc34,ODH,37.7,1.0,37.7,train,36.807117,37.789192,38.733257
488,ODH_charity_0616:row:488,2762,COc1ccc(cc1)[C@H]2Nc3ccccc3OC2=O,ODH,13.7,1.0,13.7,train,13.385942,14.008537,14.647799
159,ODH_charity_0616:row:159,951,CC1(C)CN(C(=S)Nc2ccc(F)cc2)[C@@](C)(C1)c3ccccc3,ODH,10.67,1.0,10.67,train,9.87274,10.234553,10.595168
29,ODH_charity_0616:row:29,212,CCCCC[C@H](CC=O)C(=O)OCC,ODH,5.3,1.0,5.3,train,5.211502,5.630237,6.049115
3495,ODH_charity_0616:row:3495,19389,C1Cc2ccccc2N[C@@H]1c3ccc4ccccc4c3,ODH,20.72,0.6,12.432,train,12.25453,12.7571745,13.262399
3261,ODH_charity_0616:row:3261,18224,Cc1cccc(/C=C/C[C@@](C)(N)C(=O)OC(C)(C)C)c1,ODH,28.9,0.5,14.45,train,10.949605,11.532231,12.120915
1595,ODH_charity_0616:row:1595,9066,CC[C@H](C#Cc1cccc(Cl)c1)c2ccccc2,ODH,12.21,0.7,8.547,train,8.126213,8.799876,9.383828
4422,ODH_charity_0616:row:4422,23706,Nc1ncnc2n(cnc12)[C@H]/3CCC3=C/c4ccccc4,ODH,75.397,0.5,37.6985,train,35.574482,36.457966,37.25164
105,ODH_charity_0616:row:105,608,C[C@@H](CC(=O)NC(C)(C)c1ccccn1)c2ccc3[nH]ccc3c2,ODH,5.2,1.0,5.2,train,5.2823277,5.773093,6.1839395
4581,ODH_charity_0616:row:4581,24282,COC(=O)[C@H](OCC=C)c1ccccc1,ODH,7.69,1.0,7.69,train,7.818256,8.266586,8.641621
3802,ODH_charity_0616:row:3802,21047,C[C@](C\C=C\c1ccccc1)(C=O)C2CCCCC2,ODH,5.332,1.0,5.332,train,5.2856784,5.7926984,6.245252
3537,ODH_charity_0616:row:3537,19712,C=CC[C@@]12COC(=O)N1[S](=O)(=O)c3ccccc23,ODH,36.9,1.0,36.9,train,35.342308,35.99674,36.61877
4746,ODH_charity_0616:row:4746,24912,O[C@H]/1CCCC1=C/c2ccccc2,ODH,9.12,1.0,9.12,train,8.843256,9.191743,9.536924
1173,ODH_charity_0616:row:1173,6967,CC(=O)[C@]1(CO1)c2ccc(Cl)cc2,ODH,10.34,1.0,10.34,train,9.372079,9.711417,10.0764675
597,ODH_charity_0616:row:597,3448,CCOC(=O)[C@@](C[N+]([O-])=O)(O\N=C\c1ccc(OC)cc1)c2ccc(cc2)c3ccccc3,ODH,16.05,1.0,16.05,train,15.601951,16.248362,16.696758
618,ODH_charity_0616:row:618,3602,Cc1ccccc1[C@H]2C[C@H]([C@@H]2CO)c3cccn3CC=C,ODH,10.6,1.0,10.6,train,11.078418,11.513361,11.936551
2129,ODH_charity_0616:row:2129,11754,CCCCC[C@@]1(COc2ccccc12)CC3=CCCC3,ODH,9.3,0.75,6.975,train,6.4045773,6.960876,7.43497
1285,ODH_charity_0616:row:1285,7442,C[C@H](N[S](=O)(=O)C(C)(C)C)c1cccc(Br)c1,ODH,10.8,1.0,10.8,train,9.814638,10.050821,10.311373
4378,ODH_charity_0616:row:4378,23518,CCOC(=O)C1=C(C)OC(=O)C[C@H]1c2cccc(Br)c2,ODH,17.7,0.7,12.39,train,11.050221,11.550296,12.005933
1739,ODH_charity_0616:row:1739,9765,COC(=O)[C@@]1(CCCC1=O)[C@H](C[N+]([O-])=O)c2ccc(Br)cc2,ODH,20.15,1.0,20.15,train,19.649231,20.685427,21.375906
4439,ODH_charity_0616:row:4439,23759,O[C@H]/1CCCCC1=C/c2ccccc2,ODH,8.04,1.0,8.04,train,7.2921686,7.708733,8.0815935
4198,ODH_charity_0616:row:4198,22716,CCCCC[C@@H]1NCc2ccccc2[C@H]1F,ODH,7.0,0.8,5.6,train,5.4454184,5.710033,5.9760165
2209,ODH_charity_0616:row:2209,12185,Brc1ccc2N(Cc3ccccc3)C(=O)[C@H](CC4CC4)Oc2c1,ODH,17.0,0.5,8.5,train,7.973424,8.419443,8.892692
501,ODH_charity_0616:row:501,2945,O[C@H](C[N+]([O-])=O)c1ccc(F)cc1,ODH,14.4,1.0,14.4,train,13.811474,14.341656,14.7881365
1694,ODH_charity_0616:row:1694,9582,CC(C)(C)[P@](=O)(Cc1ccc(cc1)C#N)c2ccccc2,ODH,14.77,1.0,14.77,train,13.584808,14.087431,14.63412
1413,ODH_charity_0616:row:1413,8124,COc1ccc(C[C@@H]2CC(C)(C)CN2C(=O)OC(C)(C)C)cc1OC,ODH,11.374,0.5,5.687,train,3.7054367,4.2075915,4.6570897
207,ODH_charity_0616:row:207,1164,Cc1cccc(c1)C2=NO[C@@](C2)(CC(F)(F)F)c3ccccc3,ODH,8.02,0.8,6.416,train,6.110297,6.4810677,6.8122916
1375,ODH_charity_0616:row:1375,7899,COc1ccccc1[C@](c2[nH]c(cc2)c3ccccc3)(c4ccccc4)c5ccc(O)cc5,ODH,11.2,1.0,11.2,train,11.743971,12.968416,14.046984
1201,ODH_charity_0616:row:1201,7099,C[C@H](NC(=O)OC(C)(C)C)C(=O)OCc1ccccc1,ODH,10.49,1.0,10.49,train,8.821513,9.289509,9.756827
3028,ODH_charity_0616:row:3028,16799,COC(=O)c1ccc(cc1)[C@@](C)(C=O)c2ccc(cc2)c3ccccc3,ODH,22.06,0.6,13.236,train,12.915241,13.344269,13.906098
3024,ODH_charity_0616:row:3024,16787,OC[C@]1(O)CCCOC1,ODH,26.4,1.0,26.4,train,26.2784,26.811222,27.186426
2167,ODH_charity_0616:row:2167,11979,OC[C@H](CCl)c1oc2ccccc2c1,ODH,16.8,1.0,16.8,train,16.30733,16.854797,17.311403
456,ODH_charity_0616:row:456,2464,Fc1ccc2OC(=O)[C@H](Nc2c1)c3ccccc3,ODH,12.7,1.0,12.7,train,11.5643635,12.152964,12.593221
3592,ODH_charity_0616:row:3592,20021,O=Cc1cccc(c1)[S@](=O)Cc2ccccc2,ODH,46.8,0.5,23.4,train,23.544523,24.124632,24.611065
2945,ODH_charity_0616:row:2945,16222,COc1ccccc1\C=C\[C@@H](C)C#Cc2ccc(cc2)C#N,ODH,22.6,0.5,11.3,train,10.694135,11.1703415,11.623833
1852,ODH_charity_0616:row:1852,10354,CCCCC(=O)[C@H](NC(=O)OC(C)(C)C)c1ccccc1C,ODH,9.6,0.5,4.8,train,4.4120474,4.8500743,5.2807746
118,ODH_charity_0616:row:118,669,C[C@@H](CC(=O)C1CCCCC1)[S](=O)(=O)c2ccc(C)cc2,ODH,7.3,1.0,7.3,train,7.0135374,7.7293334,8.46224
2244,ODH_charity_0616:row:2244,12368,C[C@@]1(CO)CCCOC1,ODH,14.8,1.0,14.8,train,14.70124,15.039086,15.343467
4068,ODH_charity_0616:row:4068,22153,CCCC[C@@H]1Cc2ccccc2N1,ODH,7.9,1.0,7.9,train,7.91904,8.474028,8.988583
728,ODH_charity_0616:row:728,4162,CCC[C@H]1Cc2ccccc2N[C@H]1c3ccccc3,ODH,30.9,0.5,15.45,train,13.948788,14.607247,15.1973915
2990,ODH_charity_0616:row:2990,16512,CCCC[C@@]1(CI)COc2ccccc12,ODH,27.8,0.5,13.9,train,13.56194,14.092179,14.573973
945,ODH_charity_0616:row:945,5284,CC(C)C[C@H]1CCc2ccccc2N1,ODH,27.2,0.5,13.6,train,13.711764,14.150808,14.615379
3004,ODH_charity_0616:row:3004,16586,COC(=O)C1(CC1)NC(=O)[C@@](C)(NC(=O)c2ccc(OC)cc2)C(=O)OCc3ccccc3,ODH,28.6,0.5,14.3,train,14.977841,15.608152,16.22885
681,ODH_charity_0616:row:681,3870,OC[C@H]1COc2ccccc2O1,ODH,16.3,1.0,16.3,train,14.51333,15.009896,15.409489
3893,ODH_charity_0616:row:3893,21361,Cc1ccc(cc1C)[C@@H]2NCCNC2=O,ODH,36.1,1.0,36.1,train,34.359135,35.149597,35.835476
4751,ODH_charity_0616:row:4751,24958,Cc1cc([C@H](C(=O)OCc2ccccc2)c3ccc(Br)cc3)c(C)n1Cc4ccccc4,ODH,10.6,0.7,7.42,train,7.730478,8.33186,8.862058
733,ODH_charity_0616:row:733,4186,Cc1ccc(cc1)[C@@H](O)CBr,ODH,19.6,1.0,19.6,train,18.79282,19.178616,19.570433
2263,ODH_charity_0616:row:2263,12493,CCOC(=O)[C@]1(CC=C)N[S](=O)(=O)c2ccc(cc12)C(C)C,ODH,16.2,0.8,12.96,train,12.728611,13.157828,13.618998
3417,ODH_charity_0616:row:3417,18972,Fc1ccc(cc1)C(=O)C([C@H](C(=O)\C=C\c2ccc3ccccc3c2)c4ccccc4)C(=O)c5ccc(F)cc5,ODH,31.9,0.75,23.925,train,23.344301,24.063019,24.92908
352,ODH_charity_0616:row:352,1941,C([C@@H]1Cc2ccccc2N1)c3ccccc3,ODH,11.1,0.8,8.88,train,9.097297,9.424797,9.814012
185,ODH_charity_0616:row:185,1040,C[C@H](C#N)c1ccc(Br)cc1,ODH,8.1,1.0,8.1,train,7.54901,7.90838,8.333758
3821,ODH_charity_0616:row:3821,21136,Fc1ccccc1\C=C\[C@H]2COc3ccccc3O2,ODH,5.9,1.0,5.9,train,5.1184936,5.5700135,5.940377
1894,ODH_charity_0616:row:1894,10562,CC(C)[C@@H]1[C@H](N1[S](=O)(=O)c2ccc(C)cc2)C(C)=O,ODH,12.3,0.8,9.84,train,9.445576,9.839736,10.227325
481,ODH_charity_0616:row:481,2714,C[C@@H](C#Cc1ccccc1)c2ccccc2,ODH,19.33,1.0,19.33,train,18.045784,18.721104,19.371727
4462,ODH_charity_0616:row:4462,23845,C[C@@H](C(=O)OCc1ccccc1)c2cc(C)n(Cc3ccccc3)c2C,ODH,9.5,0.7,6.65,train,6.929478,7.253892,7.643676
3881,ODH_charity_0616:row:3881,21333,O=C(O[C@H]1C[C@@H](C2=CC=CC(Cl)=C2)N3C4=C1C=CC=C4CC[C@H]3C5=CC=CC=C5)NCC6=CC=CC=C6,ODH,8.07,1.0,8.07,train,8.055883,8.754239,9.376645
2323,ODH_charity_0616:row:2323,12871,N#C[C@@]1(CCc2cc(cnc12)c3ccccc3)Cc4ccccc4,ODH,16.705,1.0,16.705,train,15.350198,16.045065,16.644163
793,ODH_charity_0616:row:793,4590,O[C@H]1C[C@@H](N(O1)C(=O)OCc2ccccc2)c3ccc(Cl)cc3,ODH,18.8,1.0,18.8,train,18.52954,19.159306,19.619667
528,ODH_charity_0616:row:528,3114,CCC[C@@H]1CCC2=C(CCCC2=O)N1,ODH,14.9,1.0,14.9,train,12.980664,13.947316,14.788706
3067,ODH_charity_0616:row:3067,17077,Cc1ccc(cc1)[S](=O)(=O)N2C(=O)[C@@H]([C@H](C=C2c3ccccc3)c4cccc(Br)c4)c5ccccc5,ODH,14.6,0.75,10.95,train,10.4681635,11.14957,11.69605
3173,ODH_charity_0616:row:3173,17757,Brc1ccc(cc1)/C=C/C(=O)[C@@H](C(C(=O)c2ccccc2)C(=O)c3ccccc3)c4ccccc4,ODH,27.0,0.75,20.25,train,18.791986,19.680582,20.471544
3681,ODH_charity_0616:row:3681,20460,COc1ccc2C[C@@](O)([C@H](C=C)c3ccccc3)C(=O)c2c1,ODH,39.2,0.5,19.6,train,19.812168,20.53571,21.195608
2843,ODH_charity_0616:row:2843,15734,CC(C)Oc1ccccc1[C@@H](CCCc2ccccc2)C(F)(F)F,ODH,21.53,0.5,10.765,train,10.402601,10.914215,11.431402
4638,ODH_charity_0616:row:4638,24475,CC[C@@H](C#Cc1ccccc1)c2ccccc2C,ODH,8.12,0.7,5.684,train,5.8932085,6.283953,6.6859894
4522,ODH_charity_0616:row:4522,24064,CC[C@]1(CC(C)=C)CC(=NO1)c2ccccc2,ODH,8.85,0.6,5.31,train,4.9872723,5.2937365,5.568306
2276,ODH_charity_0616:row:2276,12572,Cc1ccc(cc1)[S](=O)(=O)NC[C@H](CC(=O)c2ccccc2)C(=C)c3ccccc3,ODH,16.26,0.5,8.13,train,8.022898,8.580756,9.053111
2214,ODH_charity_0616:row:2214,12212,Clc1cccc(c1)[C@H]2CNc3ccccc3N2,ODH,15.8,0.7,11.06,train,11.322694,11.795557,12.289535
4305,ODH_charity_0616:row:4305,23177,Cc1ccc(cc1)[S](=O)(=O)N2C[C@@H](C=C)N(c3cc(C)c(C)cc3C2=O)[S](C)(=O)=O,ODH,23.58,1.0,23.58,train,21.084837,21.700571,22.439228
758,ODH_charity_0616:row:758,4253,CCOC(=O)C[C@@H]1Nc2ccc(C)cc2OC1=O,ODH,19.9,1.0,19.9,train,18.649288,19.422031,20.06915
3136,ODH_charity_0616:row:3136,17546,Cc1ccc(cc1)N2N=C(C)[C@](C\C=C\C=N\N3C(=O)c4ccccc4C3=O)(Cc5ccc(Cl)cc5)C2=O,ODH,26.246,1.0,26.246,train,26.035988,26.763304,27.36845
4230,ODH_charity_0616:row:4230,22859,CCOC(=O)[C@H](Oc1ccccc1)c2ccccc2,ODH,7.2,1.0,7.2,train,9.881271,10.44042,10.970434
4057,ODH_charity_0616:row:4057,22130,C[C@]1(C(=O)OCC=C)C(=O)Oc2c3ccccc3ccc12,ODH,13.0,0.6,7.8,train,7.6122055,8.133997,8.666368
513,ODH_charity_0616:row:513,2990,C[C@@H]1Cc2cc(Cl)ccc2N1,ODH,14.5,0.8,11.6,train,11.301044,11.750132,12.220785
3573,ODH_charity_0616:row:3573,19936,Cc1ccc(cc1)[S](=O)(=O)N2CC[C@H](C2)c3ccc(Br)cc3,ODH,40.5,1.0,40.5,train,39.01752,39.939934,40.706806
3834,ODH_charity_0616:row:3834,21171,C[C@H](O)c1cc(cc(c1)C(F)(F)F)C(F)(F)F,ODH,5.66,1.0,5.66,train,5.749506,6.2578497,6.840438
4250,ODH_charity_0616:row:4250,22945,O=C(OCc1ccccc1)[C@H](Oc2ccccc2)c3ccc(cc3)c4ccccc4,ODH,12.9,1.0,12.9,train,12.032607,12.788571,13.492459
2797,ODH_charity_0616:row:2797,15517,Cc1cccc(c1)[C@H]2[C@H](Nc3cc(cc(c3)C(F)(F)F)C(F)(F)F)C=CC2=O,ODH,13.8,1.0,13.8,train,13.176058,13.946025,14.659796
1360,ODH_charity_0616:row:1360,7838,CC(C)(C)C(=O)OC[C@]1(CCO[Si](c2ccccc2)(c3ccccc3)C(C)(C)C)CCSC1,ODH,11.1,1.0,11.1,train,9.617862,9.9367895,10.273411
1290,ODH_charity_0616:row:1290,7456,CSc1ccc(cc1)[C@@H]2C[C@@H](Oc3ccccc23)Sc4ccccc4,ODH,9.8,1.0,9.8,train,9.626982,10.138961,10.716162
4626,ODH_charity_0616:row:4626,24427,Brc1ccc(cc1)C2(SCCCS2)[C@H](C=Cc3ccccc3)c4ccccc4,ODH,8.7,1.0,8.7,train,7.8344865,8.392153,8.921807
2181,ODH_charity_0616:row:2181,12061,Fc1ccc(cc1)[C@H]2CNc3ccccc3N2,ODH,15.6,0.6,9.36,train,9.0724325,9.487466,9.817948
4315,ODH_charity_0616:row:4315,23233,F[C@@H](\C=C\c1ccccc1)C(=O)OCC=C,ODH,7.6,1.0,7.6,train,7.337364,7.823538,8.215529
1130,ODH_charity_0616:row:1130,6688,CC1(C)OC[C@@H](CO)Oc2ccc(Br)cc12,ODH,11.4,1.0,11.4,train,11.328607,11.692338,12.036901
2410,ODH_charity_0616:row:2410,13276,CC[C@](C\C=C\C=C\c1ccccc1)(C=O)c2ccccc2,ODH,17.253,0.8,13.8024,train,13.957141,14.558504,15.072937
2005,ODH_charity_0616:row:2005,11148,CCOC(=O)[C@@H](CC=O)c1c[nH]c2ccccc12,ODH,18.83,1.0,18.83,train,18.884474,19.692253,20.400818
752,ODH_charity_0616:row:752,4231,CCN(CC)C(=O)[C@@H](CC=O)Cc1ccccc1,ODH,19.8,1.0,19.8,train,17.855875,18.551188,19.037003
4504,ODH_charity_0616:row:4504,23989,FC(F)(F)[C@H]1Cc2ccccc2N[C@H]1C#Cc3ccccc3,ODH,10.8,0.7,7.56,train,7.1076183,7.539639,7.951573
459,ODH_charity_0616:row:459,2499,Cc1ccc(cc1)[S](=O)(=O)N2CC=C[C@@H]2c3ccccc3,ODH,11.174,1.0,11.174,train,11.181345,11.624439,12.0292225
3767,ODH_charity_0616:row:3767,20899,COC(=O)[C@H]1CCc2cc(F)ccc2O1,ODH,7.77,1.0,7.77,train,7.8240347,8.316209,8.719293
4569,ODH_charity_0616:row:4569,24239,Cc1cccc(C[C@H]2Cc3ccccc3N2)c1,ODH,8.5,1.0,8.5,train,9.008232,9.5808935,10.187669
1908,ODH_charity_0616:row:1908,10631,CC(C)(C)[C@@H](O)c1ccccc1,ODH,9.5,0.8,7.6,train,7.12273,7.3665414,7.624893
4444,ODH_charity_0616:row:4444,23784,CC[C@@]1(N(c2cc(C)c(C)cc2C1=C)[S](=O)(=O)C(F)(F)F)c3ccc(F)cc3,ODH,7.52,1.0,7.52,train,6.6108346,7.192367,7.6704316
2547,ODH_charity_0616:row:2547,14006,COc1ccc(cc1)[C@H]2c3cc4OCOc4cc3OC(=C2[S](=O)(=O)c5ccccc5)N,ODH,22.0,0.7,15.4,train,15.819911,16.335241,16.794676
1893,ODH_charity_0616:row:1893,10554,CCOC(=O)C1=C(C)OC(=O)C[C@@H]1c2ccc(Cl)cc2,ODH,13.8,0.7,9.66,train,9.004663,9.463426,9.95407
2054,ODH_charity_0616:row:2054,11437,CC(C)(C)OC(=O)C(C)(C)C[C@H](\C=C/Cn1c2ccccc2c3ccccc13)c4ccccc4,ODH,14.85,0.5,7.425,train,6.2447004,6.8972597,7.437922
3138,ODH_charity_0616:row:3138,17583,O[C@@H]([C@H](C=C)c1ccccc1)C(=O)c2ccccc2,ODH,25.0,0.5,12.5,train,10.722631,11.252279,11.71679
98,ODH_charity_0616:row:98,563,CC(C)(C)OC(=O)N[C@H](c1ccccc1)c2ccc(Cl)cc2,ODH,7.37,0.7,5.159,train,4.7321296,4.9149523,5.234083
674,ODH_charity_0616:row:674,3847,CC(C)(NC(=O)C[C@H]1CCOc2ccc(Cl)cc12)c3ccccn3,ODH,17.8,0.6,10.68,train,10.349996,10.8248625,11.309496
1470,ODH_charity_0616:row:1470,8407,Brc1ccc(cc1)C(=O)N2[C@@H](Cc3ccccc3c4oc5ccccc5c24)c6ccccc6,ODH,16.2,0.7,11.34,train,10.023472,10.675871,11.293791
69,ODH_charity_0616:row:69,429,C[C@H]1CCc2cc(F)ccc2N1,ODH,6.4,1.0,6.4,train,5.8859963,6.2804804,6.612769
4535,ODH_charity_0616:row:4535,24090,O[C@@H]/1CCCC1=C/c2cccc(Cl)c2,ODH,7.37,1.0,7.37,train,7.1297007,7.509614,7.8816414
1770,ODH_charity_0616:row:1770,9935,CC1(C)CCC(=O)O[C@H]1c2ccc(cc2)[N+]([O-])=O,ODH,16.0,1.0,16.0,train,15.319281,15.798902,16.25148
3758,ODH_charity_0616:row:3758,20873,Cc1ccc(cc1)[S](=O)(=O)N2CC[C@@H](C2)c3ccc(F)cc3,ODH,49.8,1.0,49.8,train,49.013775,50.166794,51.111065
2888,ODH_charity_0616:row:2888,15922,C[C@@]1(CC=C)N[S](=O)(=O)c2ccccc12,ODH,17.6,0.8,14.08,train,13.943112,14.256211,14.573628
567,ODH_charity_0616:row:567,3309,COc1ccc(cc1)C(=O)[C@@]2(OCCC[C@@H]2Br)c3ccc(OC)cc3,ODH,13.34,1.0,13.34,train,13.531408,14.122675,14.754753
3720,ODH_charity_0616:row:3720,20673,CCOC(=O)[C@@](N)(CCc1ccccc1)C\C=C\c2ccccc2,ODH,45.6,1.0,45.6,train,41.456837,42.641785,43.378506
721,ODH_charity_0616:row:721,4121,Cc1ccc(cc1)[C@@H](N)c2ccccc2O,ODH,19.23,0.7,13.461,train,12.122645,12.655375,13.206665
560,ODH_charity_0616:row:560,3277,C[C@@H]1CCC2=C(CCCC2=O)N1,ODH,15.4,1.0,15.4,train,13.243904,14.053421,14.870526
307,ODH_charity_0616:row:307,1732,C1Cc2ccccc2N[C@@H]1CNC(c3ccccc3)c4ccccc4,ODH,13.5,1.0,13.5,train,12.346756,12.996846,13.443887
1012,ODH_charity_0616:row:1012,5881,COc1cccc(c1)c2ccc(cc2)[C@H](O)C(F)(F)F,ODH,35.1,1.0,35.1,train,33.929848,34.85537,35.65865
549,ODH_charity_0616:row:549,3250,C[C@@H](CC(=O)c1ccccc1)[S](=O)(=O)c2ccccc2,ODH,15.3,1.0,15.3,train,14.791421,15.227884,15.5255785
1250,ODH_charity_0616:row:1250,7281,C[C@@](C\C=C\C=C\c1ccccc1)(C=O)c2ccc(cc2)C(F)(F)F,ODH,12.769,1.0,12.769,train,12.229208,12.768199,13.300105
3056,ODH_charity_0616:row:3056,16985,CCCCCCC[C@H]1[C@@H](c2ccc(OC)cc2)c3cc4OCOc4cc3OC1=O,ODH,14.8,0.6,8.88,train,8.46904,9.268323,9.843805
1552,ODH_charity_0616:row:1552,8816,Cc1cc2C[C@@H](/C=C/c3ccc(Cl)cc3)N(c2cc1C)[S](=O)(=O)C(F)(F)F,ODH,12.6,0.5,6.3,train,5.8797345,6.2493052,6.6568217
2994,ODH_charity_0616:row:2994,16539,CCOC(=O)C[C@H](CN(Cc1ccccc1)Cc2ccccc2)C(=O)OC,ODH,23.4,0.5,11.7,train,11.346898,12.141548,12.809212
4944,ODH_charity_0616:row:4944,25713,C1CCC(CC1)[C@H](C#Cc2ccccc2)c3ccccc3,ODH,9.88,0.7,6.916,train,6.0557055,6.721653,7.2509866
1931,ODH_charity_0616:row:1931,10732,O=[S@@](C1CCCCC1)c2ccccc2,ODH,14.04,1.0,14.04,train,13.866816,14.333504,14.837289
3527,ODH_charity_0616:row:3527,19652,COc1cccc(c1)[C@H](O)CO,ODH,41.8,0.8,33.44,train,33.614174,34.296223,34.85504
4521,ODH_charity_0616:row:4521,24050,CCOC(=O)CC/C=C/C=C/C[C@@](C)(C=O)c1ccccc1,ODH,8.327,1.0,8.327,train,8.147963,8.639319,9.09562
4617,ODH_charity_0616:row:4617,24416,COc1ccc(O[C@@H](C(=O)OCc2ccccc2)c3ccccc3)cc1,ODH,12.8,1.0,12.8,train,12.143582,12.772674,13.3298435
2737,ODH_charity_0616:row:2737,15111,Cc1cn2c3c(cccc13)C(=O)O[C@@]24C(=O)N(Cc5ccccc5)c6ccccc46,ODH,20.3,0.8,16.24,train,15.953612,16.614986,17.170925
4078,ODH_charity_0616:row:4078,22192,CC(=C)[C@@H](CCc1ccccc1)NCc2ccccc2,ODH,5.956,1.0,5.956,train,6.035809,6.3780646,6.7493076
1324,ODH_charity_0616:row:1324,7664,C[C@H]1Cc2ccccc2N1,ODH,11.0,0.8,8.8,train,8.708954,9.185829,9.620422
396,ODH_charity_0616:row:396,2151,Brc1cccc(c1)[C@@H]2[C@@H](C=O)[C@]23CCC3(c4ccccc4)c5ccccc5,ODH,8.92,1.0,8.92,train,8.302284,8.992006,9.515756
871,ODH_charity_0616:row:871,4954,CC(C)(C)OC(=O)N1O[C@@H](O)C[C@@H]1c2ccc(Cl)cc2,ODH,21.3,0.5,10.65,train,11.312663,11.790198,12.222381
4077,ODH_charity_0616:row:4077,22190,CC[Si](CC)(CC)C[C@@](C)(c1ccccc1)c2ccc(cc2)c3ccccc3,ODH,6.57,0.6,3.942,train,3.9863303,4.5074263,5.01557
1319,ODH_charity_0616:row:1319,7646,CCOC(=O)[C@@]1(N[S](=O)(=O)c2ccccc12)C#Cc3ccc(cc3)[N+]([O-])=O,ODH,116.4,0.5,58.2,train,60.662205,62.231487,63.280407
730,ODH_charity_0616:row:730,4170,CC1(C)CN(C(=O)Nc2cc(cc(c2)C(F)(F)F)C(F)(F)F)[C@](Cc3cccc(c3)[N+]([O-])=O)(C1)c4ccccc4,ODH,16.7,0.7,11.69,train,11.639217,12.410524,13.051575
178,ODH_charity_0616:row:178,1004,Fc1ccc(cc1)[C@@H]2CCc3ccccc3N2,ODH,8.4,0.8,6.72,train,5.757342,6.136141,6.4606147
2318,ODH_charity_0616:row:2318,12849,CCCCOC(=O)[C@@]1(CC=C)N[S](=O)(=O)c2ccccc12,ODH,14.3,0.8,11.44,train,11.349535,11.898776,12.351217
4545,ODH_charity_0616:row:4545,24108,C1[C@@H](Oc2ccccc2[C@@H]1C#Cc3ccccc3)Sc4ccccc4,ODH,10.9,1.0,10.9,train,9.8726,10.324313,10.841922
3073,ODH_charity_0616:row:3073,17113,COc1ccc(cc1)[C@H](O)C(=O)c2ccc(OC)cc2,ODH,24.96,1.0,24.96,train,25.680305,26.3619,27.040796
751,ODH_charity_0616:row:751,4230,CCN(CC)C(=O)[C@H](CC=O)Cc1ccccc1,ODH,12.4,1.0,12.4,train,12.560026,13.117055,13.56293
1348,ODH_charity_0616:row:1348,7781,C[C@@H]1C(\C=C\c2ccccc2)N(c3cc(C)c(C)cc13)[S](=O)(=O)C(F)(F)F,ODH,11.1,0.5,5.55,train,4.9422235,5.4372644,5.9055767
2366,ODH_charity_0616:row:2366,13058,Clc1ccc2OC(=O)C[C@@H](c3ccccc3)c2c1,ODH,16.94,1.0,16.94,train,15.254031,15.814788,16.335306
1714,ODH_charity_0616:row:1714,9650,CCC[C@@H]1Nc2ccccc2C[C@H]1N3C(=O)c4ccccc4C3=O,ODH,12.8,0.7,8.96,train,9.099516,9.715653,10.246422
1170,ODH_charity_0616:row:1170,6960,Cc1ccc(cc1)[S](=O)(=O)N2C[C@@H](C=C)N(c3cc4ccccc4cc3C2=O)[S](C)(=O)=O,ODH,29.97,1.0,29.97,train,28.674099,29.337711,29.980818
1018,ODH_charity_0616:row:1018,5920,COC(=O)C[C@@H](C#N)c1ccc(cc1)c2ccccc2,ODH,27.7,1.0,27.7,train,26.962332,27.60437,28.25875
3026,ODH_charity_0616:row:3026,16793,OC[C@@H](O)c1occc1,ODH,28.9,0.9,26.01,train,26.01944,26.569496,27.021648
3788,ODH_charity_0616:row:3788,21009,CC(C)(C)OC(=O)[C@](C)(N)C\C=C\c1ccccc1F,ODH,5.3,1.0,5.3,train,4.9636693,5.33811,5.7480555
1627,ODH_charity_0616:row:1627,9235,Cc1cc(C)c2N(Cc3ccccc3)C(=O)[C@]4(OC(=O)c5cccc6ccn4c56)c2c1,ODH,13.8,0.8,11.04,train,10.999356,11.411279,11.827322
3591,ODH_charity_0616:row:3591,20020,COc1ccc(cc1)[C@@H](C)COC=O,ODH,39.6,0.5,19.8,train,20.611372,21.262249,21.91972
1900,ODH_charity_0616:row:1900,10585,FC(F)(F)[C@]1(Cc2oc3ccccc3c2C(=O)O1)c4ccccc4,ODH,13.9,0.6,8.34,train,7.871451,8.42011,8.928961
4579,ODH_charity_0616:row:4579,24280,Cc1ccc(cc1)\C=C\2CCC[C@H]2O,ODH,7.19,1.022,7.34818,train,7.4605045,7.7988257,8.159118
4002,ODH_charity_0616:row:4002,21909,CC(=C)[C@H]1CN(C(=C1)C2=CCCCC2)[S](=O)(=O)c3ccc(C)cc3,ODH,6.19,0.8,4.952,train,5.2235427,5.6045537,5.89975
2600,ODH_charity_0616:row:2600,14207,CCCC[C@H]1[C@@H](C)c2ccccc2[S](=O)(=O)N1Cc3ccccc3,ODH,24.6,0.7,17.22,train,15.748353,16.32665,16.826103
2972,ODH_charity_0616:row:2972,16431,O=C1[C@H](Cc2sccc2)Oc3ccccc3N1Cc4ccccc4,ODH,20.5,0.5,10.25,train,9.430472,9.853392,10.344346
3697,ODH_charity_0616:row:3697,20547,O=[S]1(=O)N2[C@H]3C=CCC[C@H]3C(=C2c4ccccc14)Cc5ccccc5,ODH,34.18,0.7,23.926,train,23.643818,24.308926,24.884312
4844,ODH_charity_0616:row:4844,25273,CC1(C)OC[C@H](CO)Oc2cc(Cl)ccc12,ODH,9.5,1.0,9.5,train,9.421792,9.793205,10.137417
4392,ODH_charity_0616:row:4392,23579,COc1ccc(\C=C\C=C\C[C@](C)(C=O)c2ccccc2)cc1,ODH,8.873,1.0,8.873,train,8.592622,9.015299,9.476737
2589,ODH_charity_0616:row:2589,14158,C[C@](C\C=C\C=C\c1ccccc1)(C=O)c2ccc(cc2)c3ccccc3,ODH,18.631,1.0,18.631,train,16.408545,17.071096,17.614159
2185,ODH_charity_0616:row:2185,12095,COc1ccccc1C2=CC[C@@]3(C)COc4cccc2c34,ODH,12.1,0.5,6.05,train,5.9685335,6.546741,7.0519247
2790,ODH_charity_0616:row:2790,15457,C=C[C@H]1COC(=O)N1C(=O)c2ccccc2,ODH,21.0,1.0,21.0,train,20.436413,20.999352,21.537046
3988,ODH_charity_0616:row:3988,21825,C[C@@H]1C=C[C@H](COC(C)=O)N(N1C(=O)OC(C)(C)C)C(=O)Nc2ccc(Cl)cc2,ODH,16.5,1.0,16.5,train,15.982586,16.608152,17.334171
477,ODH_charity_0616:row:477,2645,Cc1ccc(cc1)[C@H](O)C[S](C)(=O)=O,ODH,11.4,1.0,11.4,train,11.170349,11.452789,11.673472
4781,ODH_charity_0616:row:4781,25047,COc1cccc(c1)[C@H]2[C@H](C)[C@@H]3O[C@@]3([C@H]2C(=O)c4ccc(Br)cc4)c5ccc(Br)cc5,ODH,10.4,0.75,7.8,train,6.521248,7.1174364,7.7271976
4584,ODH_charity_0616:row:4584,24285,COC(=O)[C@@H](OCC=C)c1ccccc1,ODH,8.58,1.0,8.58,train,7.815764,8.236575,8.61626
2682,ODH_charity_0616:row:2682,14847,COc1ccccc1\C=C\2CC[C@H]2O,ODH,9.388,0.8,7.5104,train,7.530848,7.9175076,8.2406225
1031,ODH_charity_0616:row:1031,6046,COc1ccc(NC[C@H]2CCc3ccccc3N2)cc1,ODH,39.0,1.0,39.0,train,37.552994,38.415096,39.271793
4244,ODH_charity_0616:row:4244,22920,CC(C)(C)c1ccc(cc1)[P@@](=O)(OCc2ccc(I)cc2)c3ccccc3,ODH,6.46,0.8,5.168,train,5.1603928,5.414808,5.7865896
225,ODH_charity_0616:row:225,1304,F[C@@H]1CCCO[C@@]1(C(=O)c2ccc(Cl)cc2)c3ccc(Cl)cc3,ODH,8.3,1.0,8.3,train,7.044656,7.712942,8.310874
3239,ODH_charity_0616:row:3239,18122,O=COC[C@H](Cc1ccccc1)c2ccccc2,ODH,28.4,0.5,14.2,train,14.0615,14.589142,14.950834
1483,ODH_charity_0616:row:1483,8427,COC(=O)[C@@H](OCC[Si](C)(C)C)c1ccccc1,ODH,11.6,1.0,11.6,train,10.366659,10.709747,11.094968
4837,ODH_charity_0616:row:4837,25232,CC(C)(C)c1ccc(cc1)[P@@](=O)(OCc2ccccc2Cl)c3ccccc3,ODH,8.05,0.8,6.44,train,6.5980325,6.822995,7.177853
489,ODH_charity_0616:row:489,2798,C[C@H]1Cc2ccccc2N1,ODH,12.1,0.8,9.68,train,8.770617,9.255054,9.695117
2032,ODH_charity_0616:row:2032,11334,CCCC[C@@]1(COc2ccccc12)CC3=CCCC3,ODH,9.1,0.75,6.825,train,6.5126824,7.1022663,7.618718
2649,ODH_charity_0616:row:2649,14576,Cc1ccc(cc1)[C@@H](C=C)[C@H](O)C(=O)c2ccccc2,ODH,14.5,0.5,7.25,train,6.9131765,7.2862697,7.6369343
2460,ODH_charity_0616:row:2460,13595,COc1cccc(c1)[C@](C)(C\C=C\C=C\c2ccccc2)C=O,ODH,19.159,1.0,19.159,train,17.87592,18.586966,19.14572
3824,ODH_charity_0616:row:3824,21143,COc1ccc(cc1)c2c([nH]c3ccccc23)[C@@](c4[nH]ccc4)(c5ccccc5)c6ccccc6OC,ODH,16.1,1.0,16.1,train,14.91821,16.099478,17.154684
2335,ODH_charity_0616:row:2335,12950,COc1ccc2c(c1)N(C(=O)C(c3ccccc3)c4ccccc4)C(=O)[C@]2(C)C(=O)OCC=C,ODH,27.2,0.8,21.76,train,21.331001,22.084206,22.810085
2304,ODH_charity_0616:row:2304,12796,OC[C@H](CCl)c1cccc(Br)c1,ODH,14.5,1.0,14.5,train,14.639498,15.046368,15.396617
1485,ODH_charity_0616:row:1485,8432,CC(=O)N[C@@H](Cc1ccccc1)C(O)=O,ODH,11.6,0.8,9.28,train,9.139312,9.404597,9.649749
2136,ODH_charity_0616:row:2136,11777,COC(=O)[C@@H](O)c1ccc(Br)cc1,ODH,15.28,1.0,15.28,train,14.716956,15.264714,15.797156
430,ODH_charity_0616:row:430,2351,Clc1ccc(cc1)C2(CC[C@]23[C@H](C=O)[C@H]3c4ccccc4)c5ccc(Cl)cc5,ODH,8.17,1.0,8.17,train,7.5216923,8.150921,8.693742
1760,ODH_charity_0616:row:1760,9879,CC(C)(C)c1ccc(cc1)C(=O)N[C@@H](C(=O)OCC(c2ccccc2)c3ccccc3)c4ccccc4,ODH,14.66,1.0,14.66,train,14.687716,15.263813,15.954027
1464,ODH_charity_0616:row:1464,8381,Cc1cccc(C[C@@H]2Cc3ccccc3N2)c1,ODH,12.9,1.0,12.9,train,10.695287,11.144878,11.658966
4598,ODH_charity_0616:row:4598,24333,C[C@H](N[S](=O)(=O)C(C)(C)C)c1ccccc1F,ODH,8.6,1.0,8.6,train,8.38225,8.711564,9.014372
3411,ODH_charity_0616:row:3411,18928,O=C1[C@H](Cc2cccc3ccccc23)Oc4ccccc4N1Cc5ccccc5,ODH,26.9,0.5,13.45,train,12.766756,13.303621,13.860216
4717,ODH_charity_0616:row:4717,24780,[N-]=[N+]=NC[C@@H]1COC2(CCC2)c3ccccc3O1,ODH,7.9,1.0,7.9,train,7.9992604,8.376417,8.819838
2397,ODH_charity_0616:row:2397,13212,Fc1ccc2OC(=O)C[C@H](c3ccccc3)c2c1,ODH,18.59,1.0,18.59,train,16.945757,17.524803,17.949217
3734,ODH_charity_0616:row:3734,20763,Fc1ccc(cc1)[C@H]2NCCNC2=O,ODH,47.1,1.0,47.1,train,48.07358,49.235844,50.086277
3133,ODH_charity_0616:row:3133,17514,COc1ccc(cc1)[C@H](C[N+]([O-])=O)c2ccc(C)cc2,ODH,26.2,1.5,39.3,train,40.447323,41.40565,42.15691
1223,ODH_charity_0616:row:1223,7169,CC(=C)C[C@]1(C)CC(=NO1)c2ccccc2,ODH,10.55,0.6,6.33,train,6.1882153,6.4202533,6.6370745
2552,ODH_charity_0616:row:2552,14011,Brc1ccc2OC(=O)C[C@@H](c3ccccc3)c2c1,ODH,18.4,1.0,18.4,train,16.686893,17.249994,17.795895
2083,ODH_charity_0616:row:2083,11514,C[C@H](O)c1ccccc1Br,ODH,14.92,1.0,14.92,train,18.730988,19.242363,19.779549
4414,ODH_charity_0616:row:4414,23687,Cc1ccc(cc1)[S](=O)(=O)N2C[C@@H]3C=CCN(C=C3C2)[S](=O)(=O)c4ccc(C)cc4,ODH,41.47,0.8,33.176,train,32.213264,33.21495,34.09069
2704,ODH_charity_0616:row:2704,14953,O[C@H](C(=O)Nc1ccc(O)cc1)c2ccccc2,ODH,12.6,0.8,10.08,train,9.65989,10.126093,10.550573
2375,ODH_charity_0616:row:2375,13120,C[C@H](O)[C@H](N1CCCC1)c2cccc3ccccc23,ODH,14.88,1.0,14.88,train,14.656467,15.394641,16.106785
2049,ODH_charity_0616:row:2049,11427,CC[C@@H](C#Cc1ccc(C)cc1)c2ccccc2,ODH,18.13,0.7,12.691,train,11.955786,12.571836,13.185271
1249,ODH_charity_0616:row:1249,7278,CC(=C)C[C@@H]1CC(=NO1)c2ccc(cc2)C(C)(C)C,ODH,10.63,0.6,6.378,train,6.174734,6.372933,6.5797677
2872,ODH_charity_0616:row:2872,15882,Cc1ccc(cc1)[S](=O)(=O)N2CC[C@@H](C[C@@H]2c3ccccc3)c4ccccc4,ODH,20.5,0.7,14.35,train,13.758721,14.305804,14.885467
3510,ODH_charity_0616:row:3510,19528,CCOC(=O)C[C@H]1[C@@H](c2sccc2)c3cc(oc3N(C1=O)[S](=O)(=O)c4ccc(C)cc4)c5ccccc5,ODH,40.7,0.5,20.35,train,20.266033,21.155058,21.899904
1754,ODH_charity_0616:row:1754,9824,CC(C)(C)OC(=O)[C@@](C)(N)C\C=C\c1ccc2ccccc2c1,ODH,10.4,0.5,5.2,train,5.525239,5.9327955,6.440288
1055,ODH_charity_0616:row:1055,6185,CCOC(=O)C[C@@H](Sc1ccccc1)c2cccnc2,ODH,51.4,1.0,51.4,train,52.08434,53.502308,54.69714
2514,ODH_charity_0616:row:2514,13850,CCOC(=O)C1=C(C)OC(=O)C[C@H]1c2cccc(Cl)c2,ODH,8.0,0.7,5.6,train,5.5354576,6.0100884,6.4519033
1156,ODH_charity_0616:row:1156,6881,COc1ccc(cc1)[C@](c2[nH]c3ccccc3c2)(c4ccccc4)c5ccccc5OC,ODH,11.1,1.0,11.1,train,10.178414,11.298347,12.220614
1636,ODH_charity_0616:row:1636,9298,C[C@H](O)[C@H](N1CCCC1)c2ccc(Br)cc2,ODH,9.21,1.0,9.21,train,9.404687,9.94983,10.41378
3948,ODH_charity_0616:row:3948,21642,COc1ccc(C[C@@H]2Oc3ccccc3N(Cc4ccccc4)C2=O)cc1OC,ODH,50.9,0.5,25.45,train,24.546503,25.35403,26.098562
504,ODH_charity_0616:row:504,2964,COc1cc(C[C@@H](C)c2cc3c(F)cccc3n2c4ccc(cn4)c5cc(cc(c5)C(F)(F)F)C(F)(F)F)cc(OC)c1OC,ODH,9.94,0.6,5.964,train,6.4545236,7.455624,8.30874
1151,ODH_charity_0616:row:1151,6809,C[C@H](N[S](=O)(=O)C(C)(C)C)c1cccc(Cl)c1,ODH,10.2,1.0,10.2,train,10.380925,10.627492,10.921114
1123,ODH_charity_0616:row:1123,6646,Cc1ccc(cc1)N2N=C(C)[C@@](C\C=C\c3ccccc3)(Cc4ccc5ccccc5c4)C2=O,ODH,16.687,1.0,16.687,train,15.678755,16.62959,17.42008
4967,ODH_charity_0616:row:4967,25838,COc1ccc(cc1)C(=O)N[C@](C)(C(=O)NC(C)C)C(=O)OCc2ccccc2,ODH,99.6,0.1,9.96,train,9.790433,10.420502,11.013752
1805,ODH_charity_0616:row:1805,10109,Cc1ccc(cc1C)[C@@H]2Nc3ccccc3OC2=O,ODH,13.3,0.7,9.31,train,8.766832,9.143153,9.568592
2004,ODH_charity_0616:row:2004,11147,CN1C(=O)N[C@H](c2ccccc2)c3cc(ccc13)c4c(C)onc4C,ODH,14.5,1.0,14.5,train,14.417782,14.956795,15.426506
573,ODH_charity_0616:row:573,3337,C1C(Cc2ccccc12)O[C@H](\C=C\c3ccccc3)c4ccccc4,ODH,16.95,0.5,8.475,train,7.8768177,8.355965,8.821618
2248,ODH_charity_0616:row:2248,12391,C=C[C@@H](CCc1ccccc1)C(C#N)C#N,ODH,12.95,1.0,12.95,train,12.794761,13.311618,13.811671
3898,ODH_charity_0616:row:3898,21399,CCC[C@H](\C=C\C(=O)Oc1ccc(F)cc1)N2C(=O)C3CC=CCC3C2=O,ODH,50.8,0.8,40.64,train,40.629253,41.904892,42.778233
4163,ODH_charity_0616:row:4163,22501,CC(=O)[C@@]1(CO1)c2ccccc2Cl,ODH,8.26,1.0,8.26,train,8.278252,8.573766,8.883849
3386,ODH_charity_0616:row:3386,18799,C[C@]1(COc2ccccc12)CC#Cc3ccc(cc3)C#N,ODH,31.0,0.5,15.5,train,15.713743,16.332533,17.004032
1826,ODH_charity_0616:row:1826,10212,CCOC(=O)C1=C(C)OC(=O)C[C@@H]1c2ccc(F)cc2,ODH,13.4,0.7,9.38,train,8.918246,9.393488,9.765291
4835,ODH_charity_0616:row:4835,25228,C[C@@H](C#Cc1ccccc1)c2ccc(OC(C)=O)cc2,ODH,10.12,0.7,7.084,train,6.2512817,6.617234,7.0615425
1875,ODH_charity_0616:row:1875,10479,C[C@@](C\C=C\C=C\CCc1ccccc1)(C=O)c2ccccc2,ODH,16.261,1.0,16.261,train,15.527919,16.127089,16.632729
1830,ODH_charity_0616:row:1830,10226,COc1ccc(OC)c2[C@@H](O)[C@@H](C=Cc12)C(C)(C)C,ODH,33.48,1.0,33.48,train,33.850697,34.762524,35.48576
2695,ODH_charity_0616:row:2695,14901,COc1cccc(\C=C\2CC[C@H]2O)c1,ODH,13.698,0.8,10.9584,train,10.531071,10.953245,11.296437
4528,ODH_charity_0616:row:4528,24070,COC(=O)[C@@]1(CCCCCCC1=O)[C@H](C[N+]([O-])=O)c2ccccc2,ODH,7.83,1.0,7.83,train,7.8606877,8.7788315,9.403487
944,ODH_charity_0616:row:944,5283,CC(C)C[C@@H]1CCc2ccccc2N1,ODH,18.2,0.5,9.1,train,9.135409,9.517408,9.955457
3230,ODH_charity_0616:row:3230,18098,CC(=O)C1=C(C)OC(=O)C[C@H]1c2ccc(F)cc2,ODH,28.3,0.7,19.81,train,19.736256,20.369923,20.887661
275,ODH_charity_0616:row:275,1584,Cc1ccc(cc1)c2ccn3CCC[C@@](C)(CCO)c23,ODH,10.16,1.0,10.16,train,9.414905,9.792429,10.248591
2262,ODH_charity_0616:row:2262,12492,CCOC(=O)[C@@]1(CC=C)N[S](=O)(=O)c2ccc(cc12)C(C)C,ODH,11.5,0.8,9.2,train,9.569523,9.920969,10.327278
644,ODH_charity_0616:row:644,3725,OC[C@@H]1[C@H](C[C@H]1c2cccn2CC=C)c3ccc(cc3)C#N,ODH,12.6,1.0,12.6,train,11.674737,12.321703,12.887084
181,ODH_charity_0616:row:181,1028,O=[S@@](c1ccccn1)c2ccccc2C#Cc3ccccc3,ODH,7.5,1.0,7.5,train,7.1279655,7.5412683,7.879727
4178,ODH_charity_0616:row:4178,22624,CN1CCN[C@H](C1=O)c2ccccc2,ODH,40.8,1.0,40.8,train,40.368923,41.30419,42.0703
479,ODH_charity_0616:row:479,2659,COc1ccc(cc1)C(=O)[C@]2(OCCC[C@H]2Br)c3ccc(OC)cc3,ODH,15.15,1.0,15.15,train,14.463234,15.072041,15.635261
2964,ODH_charity_0616:row:2964,16399,Fc1ccc(OC(=O)/C=C/[C@H](C2CCCC2)N3C(=O)C4CC=CCC4C3=O)cc1,ODH,19.4,0.8,15.52,train,15.353932,16.47692,17.222382
2572,ODH_charity_0616:row:2572,14084,C[C@@]1(COc2ccccc12)CC#Cc3ccc(cc3)c4ccccc4,ODH,26.0,0.5,13.0,train,11.5665655,12.099821,12.743589
2924,ODH_charity_0616:row:2924,16128,CCCCC\1=C2CCCC[C@H]2[C@@H]3[C@@H](C(=O)OC3=O)C1=C/c4ccccc4,ODH,13.1,1.0,13.1,train,11.711433,12.749286,13.462544
3925,ODH_charity_0616:row:3925,21527,ClCCCC[C@]1(CI)COc2ccccc12,ODH,59.8,0.75,44.85,train,45.11924,46.033756,46.882256
2577,ODH_charity_0616:row:2577,14114,O[C@@H]([C@@H](C=C)c1ccc(cc1)C(F)(F)F)C(=O)c2ccccc2,ODH,13.6,0.5,6.8,train,6.6173215,7.059773,7.4803863
160,ODH_charity_0616:row:160,952,CC1(C)CN(C(=S)Nc2ccc(F)cc2)[C@](C)(C1)c3ccccc3,ODH,8.29,1.0,8.29,train,8.270908,8.595562,8.937154
3841,ODH_charity_0616:row:3841,21191,C[C@@H](\C=C\c1ccc(F)cc1)[C@](C)(N)C(=O)OC(C)(C)C,ODH,5.2,1.0,5.2,train,4.6024933,5.0049725,5.436751
2816,ODH_charity_0616:row:2816,15590,CCCCC[C@H](C=C)c1c[nH]c2cccc(OC)c12,ODH,25.5,1.0,25.5,train,25.13326,26.001783,26.829248
1539,ODH_charity_0616:row:1539,8728,Fc1ccc(cc1)[C@@H]2C[C@@H](Oc3ccccc23)Sc4ccccc4,ODH,7.8,1.0,7.8,train,7.0852013,7.609531,8.0871315
4341,ODH_charity_0616:row:4341,23327,Cc1ccc2O[C@H]3OCC[C@H]3c2c1,ODH,6.6,1.0,6.6,train,6.726714,7.151957,7.612223
6,ODH_charity_0616:row:6,115,CC(C)c1cc(C(C)C)c(NC[C@@H]2CCc3cccc(C)c3N2)c(c1)C(C)C,ODH,4.9,1.0,4.9,train,4.5698028,5.1898975,5.8287897
3688,ODH_charity_0616:row:3688,20507,FC(F)(F)c1cccc(c1)C2=NC(=O)C[C@@H](S2)c3ccccc3,ODH,43.0,0.5,21.5,train,20.374191,21.136168,21.767527
2979,ODH_charity_0616:row:2979,16467,C[C@H](C1=CNC2=C1C=CC=C2)C=C,ODH,23.2,1.0,23.2,train,22.569613,23.210796,23.838259
1846,ODH_charity_0616:row:1846,10346,CC(C)OC(=O)[C@@](C)(N)C\C=C\c1ccccc1,ODH,8.1,1.0,8.1,train,7.942089,8.242948,8.538862
1909,ODH_charity_0616:row:1909,10632,CC(C)(C)[C@H](O)c1ccccc1,ODH,13.9,0.8,11.12,train,11.144594,11.396406,11.75019
1112,ODH_charity_0616:row:1112,6608,CC1(C)OB(OC1(C)C)[C@@H](Cc2ccc(cc2)[N+]([O-])=O)N3CCOC3=O,ODH,8.4,1.0,8.4,train,8.23906,8.612995,9.096759
4587,ODH_charity_0616:row:4587,24313,COc1ccc(O[C@H](C(=O)OCc2ccccc2)c3ccccc3)cc1,ODH,12.6,1.0,12.6,train,12.028006,12.740319,13.337139
4943,ODH_charity_0616:row:4943,25712,C1CCC(CC1)[C@@H](C#Cc2ccccc2)c3ccccc3,ODH,11.73,0.7,8.211,train,7.666508,8.3211155,8.873478
3974,ODH_charity_0616:row:3974,21767,O[C@@H](C1CCCCC1)[C@@H](C=C)c2ccccc2,ODH,5.5,1.0,5.5,train,5.2120543,5.6513553,6.1193056
3452,ODH_charity_0616:row:3452,19170,CCO[P](=O)(OCC)[C@@]12CC(=CC(=O)N1[S](=O)(=O)Oc3ccccc23)c4ccc(OC)cc4,ODH,17.0,0.8,13.6,train,13.723629,14.530874,15.157544
844,ODH_charity_0616:row:844,4837,C1Cc2ccccc2N[C@H]1c3ccc4ccccc4c3,ODH,42.8,0.6,25.68,train,22.421444,23.15526,23.885902
4966,ODH_charity_0616:row:4966,25837,O[C@@H]([C@H](C=C)c1ccc(cc1)[N+]([O-])=O)C(=O)c2ccccc2,ODH,46.9,0.5,23.45,train,23.24164,24.071753,24.753843
1719,ODH_charity_0616:row:1719,9672,CCC[C@H](C=C)c1n2ccccc2cc1c3ccccc3Br,ODH,11.723,0.7,8.2061,train,7.552672,8.249414,8.928016
4080,ODH_charity_0616:row:4080,22195,C1Cc2cc3OC[C@@H](Oc3cc2C1)\C=C\c4ccccc4,ODH,7.67,1.0,7.67,train,7.3497562,7.7093797,8.032182
1209,ODH_charity_0616:row:1209,7115,CCOC(=O)N1CCN(CC1)[C@@H](CCc2ccccc2)C=C,ODH,10.5,0.5,5.25,train,4.4380913,4.9784245,5.418875
1120,ODH_charity_0616:row:1120,6630,CC(=C)C[C@]1(C)CC(=NO1)c2ccc(C)cc2,ODH,10.02,0.6,6.012,train,5.9037685,6.1343875,6.442452
4319,ODH_charity_0616:row:4319,23248,CCC[C@@H]1NCc2ccc(C)cc2[C@H]1F,ODH,7.6,0.8,6.08,train,5.5498123,5.789378,5.9763293
3084,ODH_charity_0616:row:3084,17176,O[C@H]([C@@H](C=C)c1ccccc1)C(=O)c2ccccc2,ODH,26.0,0.5,13.0,train,12.203266,12.787906,13.285397
1434,ODH_charity_0616:row:1434,8280,C[C@]1(C(=O)OCC=C)C(=O)N(C(=O)C(c2ccccc2)c3ccccc3)c4cccc(Cl)c14,ODH,15.0,0.8,12.0,train,11.567461,12.214765,12.745262
4474,ODH_charity_0616:row:4474,23899,C1CSC(SC1)([C@@H](C=Cc2ccccc2)c3ccccc3)c4ccc5ccccc5c4,ODH,6.5,1.0,6.5,train,6.279139,6.814814,7.3629684
4602,ODH_charity_0616:row:4602,24360,CC(C)(C)OC(=O)N1OCC[C@@H]1Cc2cccc(Cl)c2,ODH,7.887,0.8,6.3096,train,5.7089877,6.008227,6.3153944
79,ODH_charity_0616:row:79,459,C[C@H](CC(=O)NC(C)(C)c1ccccn1)c2ccc(Cl)cc2,ODH,6.5,1.0,6.5,train,6.328936,6.605813,6.881233
3703,ODH_charity_0616:row:3703,20574,Cc1ccc(cc1)[S](=O)(=O)N2C(=O)C[C@H](C(=C2c3ccccc3)C)c4ccccc4,ODH,44.0,0.5,22.0,train,21.244406,21.96557,22.57
2590,ODH_charity_0616:row:2590,14166,Cc1ccc(/C=C/C[C@](C)(N)C(=O)OC(C)(C)C)cc1,ODH,11.5,0.5,5.75,train,5.6323037,6.0042133,6.418222
4898,ODH_charity_0616:row:4898,25499,Cc1ccc2OC(=O)[C@@H](Nc2c1)c3ccccc3,ODH,9.7,0.7,6.79,train,6.564713,7.026856,7.569987
191,ODH_charity_0616:row:191,1062,C[C@H](F)C(=O)c1ccc2ccccc2n1,ODH,7.6,1.0,7.6,train,8.480889,8.9360285,9.35771
4055,ODH_charity_0616:row:4055,22119,C=C[C@H](NCc1ccccc1)c2ccccc2,ODH,7.833,0.8,6.2664,train,5.9068065,6.260779,6.6571746
3199,ODH_charity_0616:row:3199,17937,Cc1ccc(cc1)C2=CC(=O)O[C@@](C2)(c3ccccc3)C(F)(F)F,ODH,27.8,0.75,20.85,train,19.462086,20.18379,20.797535
1338,ODH_charity_0616:row:1338,7710,C[C@H](N[S](=O)(=O)C(C)(C)C)c1ccc(F)cc1,ODH,11.0,1.0,11.0,train,10.709863,11.058018,11.415426
745,ODH_charity_0616:row:745,4222,COc1cccc(c1)[C@@H]2COc3ccccc3N2,ODH,17.3,1.0,17.3,train,15.573861,16.190619,16.79653
4594,ODH_charity_0616:row:4594,24326,Cc1ccccc1/C=C/C[C@@](C)(N)C(=O)OC(C)(C)C,ODH,8.6,1.0,8.6,train,8.549619,9.084958,9.665924
632,ODH_charity_0616:row:632,3692,CC(C)c1ccc(NC[C@H]2CCc3ccccc3N2)cc1,ODH,17.1,1.0,17.1,train,16.296099,16.92174,17.518505
56,ODH_charity_0616:row:56,404,C1O[C@H](C=C1)c2ccccc2,ODH,5.772,1.0,5.772,train,5.6526117,5.893459,6.1693215
315,ODH_charity_0616:row:315,1752,O=C1Oc2ccccc2N[C@H]1c3cscc3,ODH,14.3,1.0,14.3,train,12.639289,13.122597,13.590789
1295,ODH_charity_0616:row:1295,7498,CCc1ccc(cc1)[C@H](O)C(O)=O,ODH,8.47,0.8,6.776,train,6.2836313,6.6774015,7.0236964
4763,ODH_charity_0616:row:4763,24984,O[C@@H]/1CCCCCC1=C/c2ccccc2,ODH,7.6,0.8,6.08,train,6.023978,6.4763355,6.8922763
7,ODH_charity_0616:row:7,116,CC(C)c1cc(C(C)C)c(NC[C@H]2CCc3cccc(C)c3N2)c(c1)C(C)C,ODH,4.5,1.0,4.5,train,4.2069664,4.809484,5.436947
822,ODH_charity_0616:row:822,4715,Brc1ccc(cc1)[C@H]2COc3ccccc3N2,ODH,22.5,1.0,22.5,train,20.956488,21.600504,22.256678
3030,ODH_charity_0616:row:3030,16805,CCCC[C@H]1C[C@@H](O)c2cc(OC)ccc2O1,ODH,26.916,0.5,13.458,train,13.503464,14.07816,14.570743
4420,ODH_charity_0616:row:4420,23703,CCO[P](=O)(OCC)[C@@]12CC(=CC(=O)N1[S](=O)(=O)c3ccccc23)c4ccc(OC)cc4,ODH,52.6,0.8,42.08,train,41.02427,42.14153,43.09429
2612,ODH_charity_0616:row:2612,14280,Cc1ccc(cc1)[S](=O)(=O)N2C[C@@H]3C=CCN(C(=C3C2)CCCO)[S](=O)(=O)c4ccc(C)cc4,ODH,14.68,0.8,11.744,train,11.850352,12.441065,12.8997
4156,ODH_charity_0616:row:4156,22486,CC[C@](C)(C\C=C\c1ccccc1)C=O,ODH,7.598,1.0,7.598,train,7.4726973,7.7862253,8.038847
2916,ODH_charity_0616:row:2916,16094,CC#CCN(C\C=C\[C@H]1[C@H](C)N1[S](=O)(=O)c2ccc(C)cc2)[S](=O)(=O)c3ccc(C)cc3,ODH,15.47,0.8,12.376,train,11.4043455,11.990346,12.495894
483,ODH_charity_0616:row:483,2724,C[C@@H]1Nc2ccccc2OC1=O,ODH,17.2,1.0,17.2,train,16.002377,16.619495,17.18035
757,ODH_charity_0616:row:757,4252,CCOC(=O)C[C@H]1Nc2ccc(C)cc2OC1=O,ODH,16.2,1.0,16.2,train,16.067837,16.802013,17.482327
2592,ODH_charity_0616:row:2592,14168,Cc1ccc(/C=C/C[C@](C)(N)C(=O)OC(C)(C)C)cc1,ODH,11.5,0.5,5.75,train,5.62587,5.996885,6.407957
1723,ODH_charity_0616:row:1723,9687,Cc1ccc(\C=C\2CC[C@H]2O)c(C)c1,ODH,10.624,0.8,8.4992,train,8.428721,8.689613,8.987192
1797,ODH_charity_0616:row:1797,10038,COC(=O)C1=C(C)OC(=O)C[C@@H]1c2ccccc2,ODH,32.0,0.7,22.4,train,19.791794,20.48986,21.161858
2295,ODH_charity_0616:row:2295,12696,C1Cc2cc3ccccc3cc2N[C@H]1c4ccccc4,ODH,16.43,1.0,16.43,train,15.834904,16.47534,17.070374
3709,ODH_charity_0616:row:3709,20637,COc1ccc(cc1)C(=O)N[C@@](C)(C(=O)Nc2ccccc2)C(=O)OCc3ccccc3,ODH,44.8,0.5,22.4,train,21.642132,22.465132,23.145992
2886,ODH_charity_0616:row:2886,15920,Cc1ccc(C[C@@H]2Oc3ccccc3N(Cc4ccccc4)C2=O)cc1,ODH,16.3,0.5,8.15,train,7.1930356,7.558153,8.0497875
4058,ODH_charity_0616:row:4058,22131,C[C@@]1(C(=O)OCC=C)C(=O)Oc2c3ccccc3ccc12,ODH,6.5,0.6,3.9,train,3.925255,4.5105467,5.00933
363,ODH_charity_0616:row:363,1975,CC(C)OC(=O)[C@@H](O)c1ccccc1,ODH,6.4,1.0,6.4,train,5.9783845,6.191044,6.401634
2212,ODH_charity_0616:row:2212,12202,OC[C@@]1(COCCO1)c2sccc2,ODH,15.8,1.0,15.8,train,15.609255,16.145788,16.562378
4082,ODH_charity_0616:row:4082,22208,C[C@]1(C(=O)OCC=C)C(=O)Oc2ccc3ccccc3c12,ODH,14.2,1.0,14.2,train,13.825803,14.518118,15.169636
3283,ODH_charity_0616:row:3283,18310,Cc1ccc(cc1)[S](=O)(=O)N2CC=C[C@H]3CN(C(C)(C)C3=C2)[S](=O)(=O)c4ccc(C)cc4,ODH,20.17,0.8,16.136,train,16.596714,17.130642,17.645712
4364,ODH_charity_0616:row:4364,23456,O[C@H]/1CCCC1=C/c2ccc(Cl)cc2,ODH,7.8,0.8,6.24,train,6.1903825,6.492597,6.84044
4807,ODH_charity_0616:row:4807,25148,Brc1ccc(O[C@@H](C(=O)OCc2ccccc2)c3ccccc3)cc1,ODH,10.2,1.0,10.2,train,10.381513,10.916577,11.378607
1437,ODH_charity_0616:row:1437,8291,C[C@@]1(C(=O)OCC=C)C(=O)N(C(=O)C(c2ccccc2)c3ccccc3)c4cc(Br)ccc14,ODH,11.5,0.8,9.2,train,8.304201,9.007081,9.587947
1265,ODH_charity_0616:row:1265,7357,Cc1ccc2N(C(=O)C(c3ccccc3)c4ccccc4)C(=O)[C@@](C)(C(=O)OCC=C)c2c1,ODH,10.7,0.8,8.56,train,8.016539,8.619486,9.151329
4303,ODH_charity_0616:row:4303,23162,C[C@](C\C=C\C=C\c1ccccc1)(C=O)c2ccccc2,ODH,7.54,1.0,7.54,train,7.498863,8.000224,8.4268265
1564,ODH_charity_0616:row:1564,8905,O[C@H]1CCCC[C@H]1NCc2ccccc2,ODH,10.34,1.0,10.34,train,10.438716,10.827969,11.249197
1117,ODH_charity_0616:row:1117,6627,O[C@H](c1cccc(Cl)c1)C(=O)c2cccc(Cl)c2,ODH,13.18,1.0,13.18,train,12.722782,13.267517,13.764818
1778,ODH_charity_0616:row:1778,9981,Clc1ccc2CC[C@H](Nc2c1)c3ccccc3,ODH,9.91,1.0,9.91,train,10.967304,11.38257,11.828555
4939,ODH_charity_0616:row:4939,25674,Cc1[nH]c(cc1)[C@@](C)(c2ccccc2)c3ccc(O)c(F)c3,ODH,8.9,1.0,8.9,train,8.145422,8.758486,9.30102
33,ODH_charity_0616:row:33,232,C[C@@H](C#N)c1ccc(cc1)C(C)(C)C,ODH,5.4,1.0,5.4,train,5.586558,5.750073,5.990521
92,ODH_charity_0616:row:92,518,CC(C)OC(=O)[C@@H](O)c1ccc(Br)cc1,ODH,6.2,1.0,6.2,train,6.095682,6.2722526,6.48682
2396,ODH_charity_0616:row:2396,13205,C[C@@H](N)[C@](O)(Cn1cncn1)c2ccc(F)cc2F,ODH,13.08,1.0,13.08,train,12.969337,13.62684,14.176059
4524,ODH_charity_0616:row:4524,24066,C[C@H](CC(C)=O)\C=C\c1occc1,ODH,8.94,0.8,7.152,train,6.8201776,7.1985097,7.5707545
3630,ODH_charity_0616:row:3630,20194,CCCCC[C@@H](C=C)n1ccc2c(Cl)cccc12,ODH,4.7,1.0,4.7,train,4.460026,4.8575497,5.233886
223,ODH_charity_0616:row:223,1284,CC(C)[Si](C#C[C@@H](CC(=O)NC(C)(C)c1ccccn1)c2ccccc2)(C(C)C)C(C)C,ODH,9.2,0.7,6.44,train,4.7187757,6.6770253,8.508805
4810,ODH_charity_0616:row:4810,25151,CCOC(=O)[C@@H]1[C@H](c2ccccc2)c3ccccc3OC1=O,ODH,9.4,0.7,6.58,train,5.9291983,6.3936696,6.7556934
1836,ODH_charity_0616:row:1836,10290,COc1cc2CCN3CCC[C@H]3c2cc1OC,ODH,13.58,1.0,13.58,train,13.378935,13.809537,14.275442
351,ODH_charity_0616:row:351,1940,C([C@H]1Cc2ccccc2N1)c3ccccc3,ODH,9.8,0.8,7.84,train,7.342488,7.7395463,8.200494
4623,ODH_charity_0616:row:4623,24424,CC(C)(C)OC[C@](N)(C\C=C\c1ccccc1)C(=O)OC(C)(C)C,ODH,5.1,1.0,5.1,train,4.9229054,5.44232,5.8188796
1618,ODH_charity_0616:row:1618,9187,COCC1=C(N(C[C@H]1C(C)=C)[S](=O)(=O)c2ccc(C)cc2)c3ccc(OC)cc3,ODH,11.47,0.8,9.176,train,9.150171,9.5605,10.0364065
765,ODH_charity_0616:row:765,4268,OCC[C@H]1CCCCn2ccc(c3ccc(Cl)cc3)c12,ODH,23.51,1.0,23.51,train,21.96653,22.602678,23.115528
4448,ODH_charity_0616:row:4448,23796,COc1ccc(cc1)[C@](C)(C\C=C\C=C\c2ccccc2)C=O,ODH,9.073,1.0,9.073,train,8.922359,9.350359,9.783682
3094,ODH_charity_0616:row:3094,17232,O[C@@H]1C[C@H](CCc2ccccc2)Oc3ccccc13,ODH,35.795,0.7,25.0565,train,24.978489,25.598152,26.156921
4289,ODH_charity_0616:row:4289,23100,C1Cc2ccccc2[C@H](N1)c3ccccc3,ODH,11.0,1.0,11.0,train,10.8786335,11.252291,11.54712
3811,ODH_charity_0616:row:3811,21099,COC(=O)[C@@H](NC(=O)OC(C)(C)C)c1ccc(C)cc1,ODH,5.45,1.0,5.45,train,5.3927116,5.6539855,5.9429746
2831,ODH_charity_0616:row:2831,15685,O[C@H]/1CCC1=C/c2sccc2,ODH,21.481,0.8,17.1848,train,16.524202,16.925488,17.328043
4352,ODH_charity_0616:row:4352,23423,C[C@]1(C(=O)OCC=C)C(=O)N(C(=O)C(c2ccccc2)c3ccccc3)c4ccc(Cl)cc14,ODH,11.5,0.8,9.2,train,9.419251,10.146769,10.717138
4798,ODH_charity_0616:row:4798,25116,CCCCC[S@](=O)c1ccccc1,ODH,9.31,1.0,9.31,train,8.984097,9.213339,9.472656
161,ODH_charity_0616:row:161,957,Clc1ccc(cc1)C(=O)[C@]2(OCCC[C@H]2Br)c3ccc(Cl)cc3,ODH,9.48,1.0,9.48,train,8.611772,9.1035385,9.566856
2269,ODH_charity_0616:row:2269,12529,Cc1cccc(c1)[C@H](C[N+]([O-])=O)c2ccccc2,ODH,20.2,1.0,20.2,train,21.545086,22.247007,22.681913
566,ODH_charity_0616:row:566,3305,CC(C)(NC(=O)C[C@@H](CCc1ccccc1)c2ccc(cc2)c3ccccc3)c4ccccn4,ODH,15.5,0.5,7.75,train,7.2449236,7.811,8.26018
2804,ODH_charity_0616:row:2804,15534,Oc1ccccc1[C@@H](OCCSCc2ccccc2)c3ccccc3,ODH,21.1,1.0,21.1,train,20.603867,21.247778,21.764067
409,ODH_charity_0616:row:409,2259,O=C1CCCC2=C1CC[C@@H](CCc3ccccc3)N2,ODH,10.1,1.0,10.1,train,10.101078,10.797616,11.326364
474,ODH_charity_0616:row:474,2624,CCOC(=O)C[C@H](Sc1ccccc1)c2cccc(C)c2,ODH,13.3,1.0,13.3,train,12.492671,13.099167,13.642339
933,ODH_charity_0616:row:933,5254,COC(=O)[C@H]1COc2cc3ccccc3cc2O1,ODH,23.2,1.0,23.2,train,23.282553,24.301748,25.122068
4645,ODH_charity_0616:row:4645,24501,COc1ccccc1\C=C\[C@H]2COc3ccccc3O2,ODH,9.3,1.0,9.3,train,8.022021,8.481129,8.916733
4215,ODH_charity_0616:row:4215,22801,C[C@@](C/C=C/C=C/c1ccc(F)cc1)(C=O)c2ccccc2,ODH,7.783,1.0,7.783,train,7.3835135,7.71074,8.016648
2098,ODH_charity_0616:row:2098,11580,O=C(OCc1ccccc1)[C@H](c2ccccc2)c3cc(n(Cc4ccccc4)c3c5ccccc5)c6ccccc6,ODH,16.1,0.6,9.66,train,9.431863,10.198645,10.90689
2203,ODH_charity_0616:row:2203,12150,Cc1ccc(cc1)[P@](=O)(Cc2ccccc2)C(C)(C)C,ODH,15.77,1.0,15.77,train,16.277021,16.76181,17.275902
335,ODH_charity_0616:row:335,1834,Fc1cccc(c1)[C@]2(CC(=NO2)c3ccccc3)CC(F)(F)F,ODH,9.27,0.8,7.416,train,6.7872615,7.2997046,7.74012
291,ODH_charity_0616:row:291,1643,CC(C)OC(=O)[C@@H](CC=O)Cc1ccc(Br)cc1,ODH,10.3,1.0,10.3,train,9.976372,10.286175,10.593231
3367,ODH_charity_0616:row:3367,18735,[O-][N+](=O)c1ccc(OC[C@@H]2COC3(CCC3)c4ccccc4O2)cc1,ODH,24.5,1.0,24.5,train,24.232565,25.253439,26.005022
1029,ODH_charity_0616:row:1029,6042,COc1ccc(cc1OC)[C@@H](O)CCl,ODH,38.9,1.0,38.9,train,40.134094,41.001312,41.687447
2983,ODH_charity_0616:row:2983,16485,CCOC(=O)[C@@H](C(C(=O)\C=C(/C)c1ccccc1)c2ccccc2)C(=O)c3ccccc3,ODH,23.3,0.6,13.98,train,13.405261,14.097349,14.706434
2204,ODH_charity_0616:row:2204,12158,COc1ccc(cc1)[C@@H]2CCc3ccccc3[C@H]2C(=O)c4ccc(C)cc4,ODH,11.2,1.0,11.2,train,11.2144785,11.687746,12.217533
671,ODH_charity_0616:row:671,3836,COc1ccc(Cn2cc([C@@H](NC(=O)c3ccccc3)c4ccccc4CCCC(F)(F)F)c5ccccc25)cc1,ODH,14.42,1.0,14.42,train,13.509507,14.49362,15.314786
2866,ODH_charity_0616:row:2866,15839,Cc1ccccc1[C@H](O)CO,ODH,28.4,0.8,22.72,train,22.581795,23.15581,23.641764
4959,ODH_charity_0616:row:4959,25810,CCC[C@H](N[S](=O)(=O)c1ccc(C)cc1)C=C,ODH,9.969,1.0,9.969,train,9.764325,10.083429,10.374881
1806,ODH_charity_0616:row:1806,10110,Cc1ccc(/C=C/C[C@](C)(N)C(=O)OC(C)(C)C)cc1C,ODH,6.3,1.0,6.3,train,5.631244,6.144692,6.6337414
1047,ODH_charity_0616:row:1047,6147,[O-][N+](=O)c1ccc(cc1)C(=O)C[C@H]2CCCCN2C(=O)OCc3ccccc3,ODH,56.9,0.5,28.45,train,28.210497,29.358368,30.203846
4526,ODH_charity_0616:row:4526,24068,Cc1ccc(cc1)[S](=O)(=O)N2C[C@@H](C=C)N(c3cc(Br)ccc3C2=O)[S](C)(=O)=O,ODH,20.94,1.0,20.94,train,21.635952,22.08536,22.62235
2958,ODH_charity_0616:row:2958,16339,CC(C)[C@@H](\C=C\C(=O)Oc1ccc(F)cc1)N2C(=O)C3CC=CCC3C2=O,ODH,19.3,0.8,15.44,train,14.945371,15.539147,16.02111
2824,ODH_charity_0616:row:2824,15650,CC(C)(C)OC(=O)N1OCC[C@H]1Cc2cc(F)c(F)cc2F,ODH,21.302,0.5,10.651,train,9.929046,10.323929,10.805674
2493,ODH_charity_0616:row:2493,13791,COC(=O)[C@@H](Nc1ccc(OC)cc1)c2cccnc2,ODH,18.073,0.8,14.4584,train,13.219131,13.846713,14.423166
3965,ODH_charity_0616:row:3965,21724,Cc1ccc(cc1)[S](=O)(=O)N2CCN[C@H](C2=O)c3ccccc3,ODH,44.0,0.5,22.0,train,21.596176,22.26016,22.69854
1794,ODH_charity_0616:row:1794,10013,C[C@]1(COc2ccc(Cl)cc12)CC#Cc3ccccc3,ODH,13.2,0.5,6.6,train,5.9138317,6.3927836,6.9026814
3560,ODH_charity_0616:row:3560,19848,CCC[C@H](C=C)c1n2ccccc2cc1C,ODH,39.709,0.3,11.9127,train,11.620112,12.161529,12.729791
4451,ODH_charity_0616:row:4451,23801,CCCCC[C@H](C=C)n1cc(CC#N)c2ccccc12,ODH,10.9,1.0,10.9,train,9.719327,10.407939,11.048107
2510,ODH_charity_0616:row:2510,13842,CCCC[C@@H]1Nc2ccccc2OC1=O,ODH,23.4,0.7,16.38,train,14.569694,15.155314,15.692428
4110,ODH_charity_0616:row:4110,22313,COc1ccccc1c2oc(C)c3Cc4ccccc4N5CCOC[C@@H]5c23,ODH,6.7,0.8,5.36,train,5.7695966,6.4355617,7.0349574
555,ODH_charity_0616:row:555,3272,Fc1ccc(cc1)[C@@H]2COc3ccccc3N2,ODH,9.9,1.0,9.9,train,9.092909,9.599405,10.011768
1004,ODH_charity_0616:row:1004,5845,COc1cccc(c1)[C@@H](O)CCl,ODH,34.4,1.0,34.4,train,34.980446,35.691563,36.313133
2219,ODH_charity_0616:row:2219,12223,C[C@H](CC=O)c1c[nH]c2ccccc12,ODH,15.85,1.0,15.85,train,15.128934,15.609937,16.068731
500,ODH_charity_0616:row:500,2944,O[C@@H](C[N+]([O-])=O)c1ccc(F)cc1,ODH,12.0,1.0,12.0,train,12.2945595,12.75079,13.152877
445,ODH_charity_0616:row:445,2433,C=CCO[C@H](\C=C\c1ccccc1)c2ccccc2,ODH,14.56,0.5,7.28,train,6.749801,7.160745,7.5485687
3835,ODH_charity_0616:row:3835,21172,C=C1C[C@](CC#C)(C(=O)O1)c2ccc3ccccc3c2,ODH,6.19,2.0,12.38,train,12.06336,12.68856,13.226079
1321,ODH_charity_0616:row:1321,7659,Cc1ccc(cc1)[S](=O)(=O)N2[C@@H](COC2=O)C=C,ODH,11.9,1.0,11.9,train,11.604312,12.003714,12.258263
2520,ODH_charity_0616:row:2520,13868,Cc1ccc(cc1)[S](=O)(=O)N2C(=O)[C@@H](CCO)[C@@H](c3ccccc3)c4cc(oc24)c5ccccc5,ODH,13.2,0.5,6.6,train,6.5726805,7.1649528,7.657124
1079,ODH_charity_0616:row:1079,6308,COc1cccc(OC)c1NC[C@H]2CCc3ccccc3N2,ODH,49.4,1.0,49.4,train,49.51542,50.84692,51.91219
4299,ODH_charity_0616:row:4299,23144,S=C1N[C@H](c2ccccc2)c3ccccc3N1,ODH,7.5,1.0,7.5,train,7.031167,7.393186,7.6773486
3837,ODH_charity_0616:row:3837,21174,O=C(O[C@H]1C[C@@H](C2=CC=C(Br)C=C2)N3C4=C1C=CC=C4CC[C@H]3C5=CC=C(F)C=C5)NCC6=CC=CC=C6,ODH,9.79,1.0,9.79,train,9.897232,10.667479,11.219053
2179,ODH_charity_0616:row:2179,12048,CCOC(=O)[C@@H]1[C@H](c2ccccc2)c3ccc(OC)cc3OC1=O,ODH,15.6,0.7,10.92,train,10.528882,11.05856,11.566577
1832,ODH_charity_0616:row:1832,10238,CCCCC[C@@H](C=C)c1c(C)[nH]c2ccccc12,ODH,13.5,1.0,13.5,train,13.048105,13.680357,14.29537
1150,ODH_charity_0616:row:1150,6808,C[C@@H](N[S](=O)(=O)C(C)(C)C)c1cccc(Cl)c1,ODH,7.8,1.0,7.8,train,7.9380746,8.182944,8.489694
3125,ODH_charity_0616:row:3125,17424,CC[C@@H](CO)c1ccccc1,ODH,25.9,0.5,12.95,train,12.806904,13.160247,13.451296
3725,ODH_charity_0616:row:3725,20697,COC(=O)CCNC(=O)[C@@](C)(NC(=O)c1ccc(OC)cc1)C(=O)OCc2ccccc2,ODH,32.4,0.5,16.2,train,16.271646,16.970888,17.561476
1377,ODH_charity_0616:row:1377,7901,COc1ccccc1[C@](c2[nH]c(cc2)c3ccccc3)(c4ccccc4)c5ccc(O)cc5,ODH,11.2,1.0,11.2,train,9.970625,11.271993,12.356664
3264,ODH_charity_0616:row:3264,18231,CC(C)O[P](=O)(OC(C)C)[C@@]12CC(=CC(=O)N1[S](=O)(=O)c3ccccc23)c4ccccc4,ODH,22.7,0.8,18.16,train,18.464756,18.995783,19.611296
2003,ODH_charity_0616:row:2003,11146,CN1C(=O)N[C@@H](c2ccccc2)c3cc(ccc13)c4c(C)onc4C,ODH,18.6,1.0,18.6,train,18.417187,18.955397,19.566126
3065,ODH_charity_0616:row:3065,17073,Cc1ccc(cc1)[C@@H](C[N+]([O-])=O)c2ccc(F)cc2,ODH,13.6,1.5,20.4,train,21.149052,21.773804,22.206532
2171,ODH_charity_0616:row:2171,12007,Fc1cccc(c1)[S@](=O)Cc2ccccc2,ODH,14.45,1.0,14.45,train,14.081429,14.5345745,14.890933
2328,ODH_charity_0616:row:2328,12909,O[C@@H]([C@@H](C=C)c1cc(Cl)cc(Cl)c1)C(=O)c2ccccc2,ODH,13.9,0.5,6.95,train,6.395377,6.944031,7.40688
4202,ODH_charity_0616:row:4202,22736,Cc1ccc(cc1)N2N=C(C)[C@](C\C=C\c3ccccc3)(Cc4ccc(Br)cc4)C2=O,ODH,7.038,1.0,7.038,train,7.190574,8.195754,8.991575
1580,ODH_charity_0616:row:1580,8958,CCCC[C@H]1Nc2ccccc2C[C@H]1N3C(=O)c4ccccc4C3=O,ODH,14.5,0.7,10.15,train,11.250421,11.886241,12.482989
2978,ODH_charity_0616:row:2978,16466,C[C@@H](C1=CNC2=C1C=CC=C2)C=C,ODH,25.0,1.0,25.0,train,24.89257,25.5588,26.199396
1098,ODH_charity_0616:row:1098,6529,O[C@@H](CC(=O)Nc1ccccc1)c2ccccc2,ODH,82.5,0.5,41.25,train,41.11121,42.10193,42.884094
950,ODH_charity_0616:row:950,5300,C[C@H](CC(=O)c1ccc(F)cc1)[S](C)(=O)=O,ODH,24.7,1.0,24.7,train,24.920864,25.570223,26.142738
3193,ODH_charity_0616:row:3193,17914,Cc1ccc(cc1)/C=C/[C@]2(CO)C(=O)N(COCc3ccccc3)c4cccc(Cl)c24,ODH,27.7,0.8,22.16,train,21.303873,21.932037,22.590992
2042,ODH_charity_0616:row:2042,11393,C([C@H]1Cc2ccccc2N1)c3ccccc3,ODH,14.8,1.0,14.8,train,14.346648,14.819596,15.323595
4214,ODH_charity_0616:row:4214,22788,FC(F)(F)[C@@H]1Cc2ccccc2N[C@H]1C#Cc3ccccc3,ODH,8.0,0.7,5.6,train,5.5885134,6.049114,6.481113
3321,ODH_charity_0616:row:3321,18508,CN1CCc2ccccc2[C@H]1c3ccc(Cl)cc3,ODH,4.1,1.0,4.1,train,4.072303,4.350334,4.591987
1288,ODH_charity_0616:row:1288,7452,CCOC(=O)[C@@H](CC(=O)c1ccc(C)cc1)C(=C)C(C)=O,ODH,9.7,1.0,9.7,train,9.570107,10.06294,10.559218
2161,ODH_charity_0616:row:2161,11935,COc1cccc(c1)[C@H](O)CCN(C)Cc2ccccc2,ODH,19.25,1.0,19.25,train,20.009485,20.67121,21.22325
3148,ODH_charity_0616:row:3148,17628,Clc1cccc(\C=C\[C@H]2N[S](=O)(=O)Oc3ccccc23)c1,ODH,31.7,1.0,31.7,train,28.973886,29.692678,30.361446
2013,ODH_charity_0616:row:2013,11234,COc1ccccc1[C@H]2Nc3ccccc3N(C)C2=O,ODH,17.5,1.0,17.5,train,16.127111,16.600569,17.040522
1140,ODH_charity_0616:row:1140,6739,C[C@]1(CC2=CCCCC2)CC(=NO1)c3ccccc3,ODH,10.77,0.6,6.462,train,6.250709,6.698292,7.054032
1698,ODH_charity_0616:row:1698,9588,C=C[C@@H](CCc1ccccc1)NCc2occc2,ODH,14.067,1.0,14.067,train,13.86553,14.420273,14.96315
2491,ODH_charity_0616:row:2491,13789,O=[S]1(=O)N2[C@@H]3CCCC[C@H]3C(=C2c4ccccc14)c5ccccc5,ODH,18.07,0.5,9.035,train,9.560962,10.174541,10.700533
81,ODH_charity_0616:row:81,471,C(O[C@H](\C=C\c1ccccc1)c2ccccc2)c3ccccc3,ODH,6.525,1.0,6.525,train,6.166693,6.4917393,6.8651896
2989,ODH_charity_0616:row:2989,16511,C[C@@](c1ccccc1)(c2ccc(O)cc2)c3c[nH]c4ccccc34,ODH,23.3,1.0,23.3,train,22.755144,23.65404,24.50998
1679,ODH_charity_0616:row:1679,9472,Cc1ccc2N[C@@H]([C@@H]3CCO[C@@H]3c2c1)c4ccccc4,ODH,8.13,1.0,8.13,train,7.7778153,8.2903385,8.6801605
2140,ODH_charity_0616:row:2140,11783,C1C[C@H](C#Cc2ccccc2)c3ccccc3C1,ODH,15.28,0.7,10.696,train,9.950132,10.554126,11.100783
4434,ODH_charity_0616:row:4434,23727,CC[C@H](N[S](=O)(=O)C(C)(C)C)c1ccccc1,ODH,8.0,1.0,8.0,train,7.9268136,8.116815,8.38093
594,ODH_charity_0616:row:594,3439,COC(=O)[C@H]1COc2ccc(Cl)cc2O1,ODH,11.8,1.0,11.8,train,11.389147,11.991766,12.586616
4383,ODH_charity_0616:row:4383,23527,CCCc1ccc(C[C@@H](B2OC(C)(C)C(C)(C)O2)N3CCOC3=O)cc1,ODH,7.9,1.0,7.9,train,7.4417357,7.8787813,8.389467
4752,ODH_charity_0616:row:4752,24959,Cc1cc([C@@H](C(=O)OCc2ccccc2)c3ccc(Br)cc3)c(C)n1Cc4ccccc4,ODH,9.2,0.7,6.44,train,6.215266,6.765092,7.202469
2086,ODH_charity_0616:row:2086,11527,CC(C)(C)c1ccc(cc1)[C@H](O)C(O)=O,ODH,11.9,0.8,9.52,train,9.280381,9.599881,9.942355
2459,ODH_charity_0616:row:2459,13591,C=C[C@H](CCc1ccccc1)NCCc2ccccc2,ODH,17.77,0.7,12.439,train,11.75308,12.233927,12.710718
2170,ODH_charity_0616:row:2170,11992,COc1ccccc1[P@](=O)(OC)c2ccccc2OCc3ccccc3[P](=O)(c4ccccc4)c5ccccc5,ODH,15.5,0.7,10.85,train,9.779073,10.745305,11.53936
561,ODH_charity_0616:row:561,3280,CCOC(=O)C[C@H](Sc1ccc(C)cc1)c2cccc(OC)c2,ODH,26.3,1.0,26.3,train,26.95122,27.770676,28.547577
3405,ODH_charity_0616:row:3405,18900,CC(=O)C1=C(C)OC(=O)C[C@H]1c2cccc(F)c2,ODH,31.5,0.7,22.05,train,21.642683,22.40248,23.0245
3639,ODH_charity_0616:row:3639,20233,C[C@@H](\C=C\c1c(C)cc(C)cc1C)[C@@](C)(N)C(=O)OC(C)(C)C,ODH,5.3,1.0,5.3,train,4.5943265,5.469498,6.4129715
4441,ODH_charity_0616:row:4441,23762,CC(C)Cc1ccc(cc1)[C@H](C)C#Cc2ccccc2,ODH,8.05,0.7,5.635,train,5.1996713,5.4553385,5.781135
4671,ODH_charity_0616:row:4671,24570,C[C@@](C/C=C/C=C/c1ccccc1F)(C=O)c2ccccc2,ODH,10.05,1.0,10.05,train,9.137425,9.674482,10.12418
753,ODH_charity_0616:row:753,4232,C[C@H](CC(=O)c1cccc(C)c1)[S](=O)(=O)c2ccc(C)cc2,ODH,20.7,0.5,10.35,train,9.562815,9.993971,10.422046
376,ODH_charity_0616:row:376,2029,CCCCCCCC[C@H]1CCC2=C(CCCC2=O)N1,ODH,11.4,1.0,11.4,train,9.50435,10.483983,11.323978
235,ODH_charity_0616:row:235,1364,C1CN=C(N1)[C@@H]2[C@@H](c3ccccc3)[C@@]24CCC4(c5ccccc5)c6ccccc6,ODH,12.54,0.5,6.27,train,5.3294353,6.1223335,6.714876
613,ODH_charity_0616:row:613,3534,FC(F)(F)c1ccc(cc1)[C@H]2COc3ccccc3N2,ODH,16.4,1.0,16.4,train,15.278602,15.846709,16.41147
490,ODH_charity_0616:row:490,2799,C[C@@H]1Cc2ccccc2N1,ODH,13.8,0.8,11.04,train,10.305662,10.7631,11.224238
2088,ODH_charity_0616:row:2088,11537,N[C@H](C(=[N+]=[N-])C(=O)c1cccc2ccccc12)C(F)(F)F,ODH,11.377,1.0,11.377,train,12.221442,12.893572,13.435458
2981,ODH_charity_0616:row:2981,16474,C[C@@H]1C[C@H](c2ccccc2)C(C)(C)C1=O,ODH,23.22,1.0,23.22,train,23.94562,24.434895,24.980244
972,ODH_charity_0616:row:972,5588,Cc1ccc(cc1)[S](=O)(=O)N2CC[C@H](C2)C#N,ODH,30.6,1.0,30.6,train,30.655867,31.378973,31.961079
4064,ODH_charity_0616:row:4064,22144,CCCC(=O)O\C(c1ccccc1)=C\2[C@H]([C@H](C)C=C2c3ccccc3)c4occc4,ODH,7.0,0.7,4.9,train,4.5626097,5.180947,5.754749
951,ODH_charity_0616:row:951,5301,C[C@@H](CC(=O)c1ccc(F)cc1)[S](C)(=O)=O,ODH,27.4,1.0,27.4,train,27.928661,28.60641,29.225195
2864,ODH_charity_0616:row:2864,15837,CCOC(=O)[C@@]1(N[S](=O)(=O)c2ccc(cc12)C(F)(F)F)C#Cc3ccccc3,ODH,27.9,0.5,13.95,train,13.206365,13.921175,14.47759
3401,ODH_charity_0616:row:3401,18892,COc1ccc(N[C@@H]2CCCC[C@@H]2O)cc1,ODH,25.77,1.0,25.77,train,26.033836,26.819351,27.598223
2835,ODH_charity_0616:row:2835,15713,Cc1ccc(cc1)[S](=O)(=O)N2CC[C@@H](C2)c3ccc(C)c(C)c3,ODH,21.5,1.0,21.5,train,21.282555,21.841808,22.389685
1160,ODH_charity_0616:row:1160,6910,CN1C(=O)[C@@H](Nc2ccccc12)c3ccc(Br)cc3,ODH,16.4,1.0,16.4,train,15.754282,16.238749,16.668911
907,ODH_charity_0616:row:907,5124,O[C@H](C[N+]([O-])=O)c1ccc(Br)cc1,ODH,25.761,0.8,20.6088,train,20.417551,21.083601,21.60553
2102,ODH_charity_0616:row:2102,11584,O=C1O[C@@]2(n3ccc4cccc1c34)C(=O)N(Cc5ccccc5)c6ccccc26,ODH,16.3,0.8,13.04,train,12.387287,13.084168,13.671264
4478,ODH_charity_0616:row:4478,23905,C[C@@H](N[S](=O)(=O)C(C)(C)C)c1cccc(C)c1,ODH,6.9,1.0,6.9,train,6.82333,7.060338,7.337871
2320,ODH_charity_0616:row:2320,12854,CC[C@@H](C#Cc1ccccc1Cl)c2ccccc2,ODH,18.58,0.7,13.006,train,12.386505,13.089819,13.737774
2812,ODH_charity_0616:row:2812,15569,CC(C)O[P](=O)(OC(C)C)[C@@]12CC(=CC(=O)N1[S](=O)(=O)c3ccc(C)cc23)c4ccccc4,ODH,15.6,0.8,12.48,train,12.147741,12.615138,13.172306
3477,ODH_charity_0616:row:3477,19260,COc1cccc(c1)C(=O)NN[C@@H](C)c2ccccc2,ODH,29.326,1.0,29.326,train,29.641766,30.465372,31.191706
3055,ODH_charity_0616:row:3055,16975,CCC[C@@H]1[C@H](/C=C/CN(CC#CC)[S](=O)(=O)c2ccc(C)cc2)N1[S](=O)(=O)c3ccc(C)cc3,ODH,24.55,0.8,19.64,train,18.720306,19.51413,20.224072
3825,ODH_charity_0616:row:3825,21144,COc1ccc(cc1)c2c([nH]c3ccccc23)[C@](c4[nH]ccc4)(c5ccccc5)c6ccccc6OC,ODH,5.6,1.0,5.6,train,4.771553,6.1430793,7.281012
2873,ODH_charity_0616:row:2873,15887,Clc1ccc2C(=O)O[C@@]3(n4ccc1c24)C(=O)N(Cc5ccccc5)c6ccccc36,ODH,23.0,0.8,18.4,train,16.789368,17.48017,18.011133
4621,ODH_charity_0616:row:4621,24422,CC(C)(C)OC[C@](N)(C\C=C\c1ccccc1)C(=O)OC(C)(C)C,ODH,5.1,1.0,5.1,train,4.9093914,5.4283824,5.804282
1883,ODH_charity_0616:row:1883,10519,Cc1cccc2c1N(Cc3ccccc3)C(=O)[C@]24OC(=O)c5cccc6ccn4c56,ODH,14.7,0.8,11.76,train,11.388382,11.994827,12.549597
582,ODH_charity_0616:row:582,3399,COC(=O)[C@@H]1COc2ccc(F)cc2O1,ODH,15.8,1.0,15.8,train,16.189543,16.651949,16.927322
4708,ODH_charity_0616:row:4708,24720,O[C@@H]1C[C@H](CCc2ccccc2)Oc3ccc(F)cc13,ODH,89.431,0.5,44.7155,train,44.272083,45.429,46.355225
2197,ODH_charity_0616:row:2197,12124,COc1ccccc1[C@@H](C[N+]([O-])=O)c2ccc(C)cc2,ODH,9.3,1.5,13.95,train,14.173373,14.791706,15.224135
2338,ODH_charity_0616:row:2338,12956,CCCCC[C@]1(COc2ccccc12)CC3=CCCCC3,ODH,16.8,0.75,12.6,train,12.222529,12.766301,13.315632
440,ODH_charity_0616:row:440,2400,COc1ccc2[C@@H](C)N[S](=O)(=O)Oc2c1,ODH,12.5,0.8,10.0,train,9.366388,9.675891,10.004994
3189,ODH_charity_0616:row:3189,17887,IC[C@]1(CCCCN2C(=O)c3cccc4cccc2c34)COc5ccccc15,ODH,27.6,0.8,22.08,train,21.092916,21.706934,22.224102
3375,ODH_charity_0616:row:3375,18768,C[C@]1(CI)COc2cc3ccccc3cc12,ODH,26.2,0.5,13.1,train,13.068696,13.502674,13.914259
4401,ODH_charity_0616:row:4401,23627,O[C@H]/1CCC1=C/c2ccc3ccccc3c2,ODH,72.346,0.8,57.8768,train,56.38017,57.535553,58.56578
3256,ODH_charity_0616:row:3256,18209,COc1ccc(cc1)C(=O)N[C@](C)(C(=O)NCc2ccccc2)C(=O)OCc3ccccc3,ODH,33.2,0.5,16.6,train,16.478958,17.32424,18.11811
4120,ODH_charity_0616:row:4120,22332,Cc1cccc(/C=C/[C@@H]2COc3cc(F)c(F)cc3O2)c1,ODH,6.74,1.0,6.74,train,6.240647,6.8474917,7.361805
1637,ODH_charity_0616:row:1637,9299,C[C@@H](O)[C@H](N1CCCC1)c2ccc(Br)cc2,ODH,12.47,1.0,12.47,train,12.761216,13.270143,13.753188
3060,ODH_charity_0616:row:3060,17020,OC[C@]1(\C=C\c2ccccc2)C(=O)Nc3ccccc13,ODH,28.8,0.8,23.04,train,21.92331,22.560024,23.084202
212,ODH_charity_0616:row:212,1185,C1Cc2ccccc2N[C@@H]1c3ccccc3,ODH,8.9,0.8,7.12,train,6.9693594,7.277057,7.574749
3598,ODH_charity_0616:row:3598,20035,CC(C)(C)OC(=O)[C@](C)(N)C\C=C\c1cc(Cl)cc(Cl)c1,ODH,39.8,0.5,19.9,train,19.016596,19.61896,20.218588
2644,ODH_charity_0616:row:2644,14555,Cc1ccc(cc1)[S](=O)(=O)N2C[C@@H]3C=CCN(C(=C3C2)c4ccccc4)[S](=O)(=O)c5ccc(C)cc5,ODH,23.01,0.8,18.408,train,17.156298,17.888103,18.437016
433,ODH_charity_0616:row:433,2385,Fc1ccc(cc1)C2(CC[C@]23[C@H](C=O)[C@H]3c4ccccc4)c5ccc(F)cc5,ODH,8.33,1.0,8.33,train,7.7971253,8.49326,9.0324955
4774,ODH_charity_0616:row:4774,25015,CC(=C)[C@H]1CN(C(=C1)c2ccc(F)cc2)[S](=O)(=O)c3ccc(C)cc3,ODH,9.23,0.8,7.384,train,7.462193,7.743811,8.020007
1921,ODH_charity_0616:row:1921,10673,CC1(C)OB(OC1(C)C)[C@H](Cc2ccc(cc2)c3ccccc3)N4CCOC4=O,ODH,14.0,1.0,14.0,train,12.967699,13.543098,14.231632
4666,ODH_charity_0616:row:4666,24543,CC(C)[C@H](N[S](=O)(=O)C(C)(C)C)c1ccccc1,ODH,8.8,1.0,8.8,train,8.581123,8.8948555,9.232067
639,ODH_charity_0616:row:639,3703,COc1ccc2CCC[C@@H](O)c2c1,ODH,19.5,1.0,19.5,train,19.092115,19.69141,20.226812
3979,ODH_charity_0616:row:3979,21779,CN1CCc2ccccc2[C@H]1c3ccc(Br)cc3,ODH,7.2,0.7,5.04,train,4.7851133,5.072639,5.423608
337,ODH_charity_0616:row:337,1862,C[C@H](CC(=O)c1ccc(C)cc1)[S](=O)(=O)c2ccc(C)cc2,ODH,13.2,1.0,13.2,train,12.472574,12.940884,13.405415
980,ODH_charity_0616:row:980,5632,O=C(C[C@H]1CCOc2ccccc12)Nc3ccccc3,ODH,31.1,1.0,31.1,train,30.785261,31.60164,32.31625
4508,ODH_charity_0616:row:4508,24006,CC(C)(C)[S](=O)(=O)N[C@H](C1CCCC1)c2ccccc2,ODH,6.4,1.0,6.4,train,6.553749,6.850511,7.1738877
3162,ODH_charity_0616:row:3162,17708,Cc1cccc2[C@H](N[S](=O)(=O)Oc12)\C=C\c3ccccc3,ODH,23.1,0.8,18.48,train,18.106775,18.781874,19.41216
4956,ODH_charity_0616:row:4956,25795,COc1cccc(C[C@H]2CCON2C(=O)OC(C)(C)C)c1,ODH,12.657,0.8,10.1256,train,9.493888,9.880929,10.2055645
4718,ODH_charity_0616:row:4718,24781,[N-]=[N+]=NC[C@H]1COC2(CCC2)c3ccccc3O1,ODH,9.0,1.0,9.0,train,8.861494,9.23432,9.702494
2694,ODH_charity_0616:row:2694,14898,Cc1ccc2N[C@@H]([C@@H]3CCO[C@@H]3c2c1)c4ccc(Br)cc4,ODH,9.0,1.0,9.0,train,8.30378,8.776839,9.149942
2418,ODH_charity_0616:row:2418,13308,COc1cccc(c1)C(=O)OC[C@@H](O)c2ccccc2,ODH,17.3,1.0,17.3,train,17.177862,17.849705,18.388056
1541,ODH_charity_0616:row:1541,8746,O=C(OCc1ccccc1)[C@@H]2CCCO2,ODH,11.92,1.0,11.92,train,12.190651,12.698847,13.165832
4150,ODH_charity_0616:row:4150,22447,O[C@@H]/1CCCC1=C/c2cccc(Cl)c2,ODH,6.4,0.8,5.12,train,5.5370955,5.8099456,6.0918293
1398,ODH_charity_0616:row:1398,8060,C[C@@H](N[S](=O)(=O)C(C)(C)C)c1cccc2ccccc12,ODH,9.0,1.0,9.0,train,9.183885,9.522034,9.847752
3070,ODH_charity_0616:row:3070,17084,Cc1cccc(c1)[C@@H](C=C)[C@H](O)C(=O)c2ccccc2,ODH,20.9,1.0,20.9,train,20.84311,21.504663,22.083153
3156,ODH_charity_0616:row:3156,17671,C1Cc2ccccc2N[C@H]1c3ccccc3,ODH,26.62,0.6,15.972,train,14.131829,14.64631,15.173602
2575,ODH_charity_0616:row:2575,14104,CCC1(CC)[C@H](CCC1=O)c2ccccc2,ODH,9.99,1.0,9.99,train,9.717983,10.195188,10.641287
4735,ODH_charity_0616:row:4735,24830,CC[C@@]1(N(c2ccc(C)cc2C1=C)[S](=O)(=O)C(F)(F)F)c3ccccc3,ODH,8.1,0.5,4.05,train,3.7012548,4.099549,4.458842
819,ODH_charity_0616:row:819,4700,O=C1Oc2c(N[C@H]1c3ccccc3)ccc4ccccc24,ODH,26.7,1.0,26.7,train,24.690355,25.502724,26.191467
692,ODH_charity_0616:row:692,3911,COC(=O)[C@@H](CC=O)Cc1ccccc1,ODH,18.1,1.0,18.1,valid,17.963808,18.547245,19.076859
3378,ODH_charity_0616:row:3378,18775,O=C1O[C@]2(n3c1cc4ccccc34)C(=O)N(Cc5ccccc5)c6ccccc26,ODH,30.9,0.5,15.45,valid,14.355603,14.998711,15.480806
4037,ODH_charity_0616:row:4037,22040,COc1ccccc1C[C@@]2(C\C=C\c3ccccc3)C(=NN(C2=O)c4ccc(C)cc4)C,ODH,6.337,1.0,6.337,valid,10.024497,10.777096,11.552187
2993,ODH_charity_0616:row:2993,16538,CCOC(=O)C[C@@H](CN(Cc1ccccc1)Cc2ccccc2)C(=O)OC,ODH,19.5,0.5,9.75,valid,13.734271,14.484465,15.154078
148,ODH_charity_0616:row:148,874,Cc1ccc(cc1)C(=O)[C@]2(OCCC[C@H]2Cl)c3ccc(C)cc3,ODH,8.87,1.0,8.87,valid,9.040005,9.439363,10.009224
1085,ODH_charity_0616:row:1085,6361,CCOC(=O)C[C@@H]1Nc2cc(F)ccc2OC1=O,ODH,52.9,0.5,26.45,valid,23.947262,24.76249,25.359205
2286,ODH_charity_0616:row:2286,12631,C=C[C@@H]1CC(=C(O1)c2cccc3ccccc23)C#N,ODH,16.307,1.0,16.307,valid,14.01396,14.638829,15.200695
1427,ODH_charity_0616:row:1427,8222,Cc1ccc(\C=C\[C@@H]2COc3ccccc3O2)cc1,ODH,11.46,1.0,11.46,valid,15.533828,16.135805,16.671741
4010,ODH_charity_0616:row:4010,21939,CCCCC[C@H]1Cc2ccccc2N1,ODH,6.2,1.0,6.2,valid,8.944567,9.484047,10.012115
4753,ODH_charity_0616:row:4753,24965,Cc1oc(c2ccccc2)c3[C@@H]4COCCN4c5ccccc5Cc13,ODH,13.7,0.6,8.22,valid,5.479317,5.906866,6.2646546
669,ODH_charity_0616:row:669,3822,COc1ccccc1[C@@H](O)C[N+]([O-])=O,ODH,21.585,0.8,17.268,valid,11.845391,12.3429,12.712976
2065,ODH_charity_0616:row:2065,11458,C[C@@H]1C[C@@H](NC(=O)N1)c2ccccc2,ODH,16.8,0.8,13.44,valid,10.547286,10.8699875,11.222035
1699,ODH_charity_0616:row:1699,9589,C=C[C@H](CCc1ccccc1)NCc2occc2,ODH,12.775,1.0,12.775,valid,13.884714,14.427381,14.963608
1350,ODH_charity_0616:row:1350,7794,Cc1n(c2ccccc2)c3ccccc3c1[C@@H](C(=O)OCc4ccccc4)c5ccccc5,ODH,11.1,0.7,7.77,valid,9.428127,10.129627,10.692653
101,ODH_charity_0616:row:101,566,C1CN(CCO1)[C@H](\C=C\c2ccccc2)c3ccccc3,ODH,13.509,1.0,13.509,valid,5.465324,5.9678707,6.3418393
3282,ODH_charity_0616:row:3282,18297,Cc1ccc(cc1)[S](=O)(=O)N2C(=O)C[C@H](C=C2c3ccccc3)c4ccccc4F,ODH,29.2,0.7,20.44,valid,20.97852,21.760914,22.410406
2382,ODH_charity_0616:row:2382,13149,CC1(C)[C@@H](CCC1=O)c2cccc(Cl)c2,ODH,17.08,1.0,17.08,valid,15.44915,15.899228,16.433006
626,ODH_charity_0616:row:626,3647,O[C@H](C[N+]([O-])=O)c1ccc(cc1)C(F)(F)F,ODH,16.856,0.8,13.4848,valid,15.976483,16.57091,17.007414
3293,ODH_charity_0616:row:3293,18351,OCN1C(=O)[C@@](CO)(CCc2ccccc2)c3c(Cl)cccc13,ODH,29.4,0.8,23.52,valid,28.870562,29.689577,30.275581
110,ODH_charity_0616:row:110,617,CCOC(=O)C[C@@H](B1OC(C)(C)C(C)(C)O1)c2ccccc2,ODH,7.1,0.5,3.55,valid,3.1433983,3.5354881,3.977286
425,ODH_charity_0616:row:425,2312,COc1ccc(C[C@H](CC=O)C(=O)OC(C)C)cc1,ODH,12.2,1.0,12.2,valid,15.088856,15.562718,16.022459
4864,ODH_charity_0616:row:4864,25354,CC(C)Cc1ccc(cc1)[C@@H](O)C(O)=O,ODH,9.57,0.8,7.656,valid,7.608161,7.8729744,8.212389
1558,ODH_charity_0616:row:1558,8875,O[C@]1([C@H](C=C)c2ccccc2)C(=O)N(Cc3ccccc3)c4ccccc14,ODH,9.945,1.0,9.945,valid,12.115598,12.761978,13.39075
1808,ODH_charity_0616:row:1808,10112,Cc1ccc(/C=C/C[C@](C)(N)C(=O)OC(C)(C)C)cc1C,ODH,6.3,1.0,6.3,valid,5.751967,6.269689,6.7630568
1589,ODH_charity_0616:row:1589,8995,COC(=O)c1ccc(cc1)[C@@](C)(C=O)c2ccc(cc2)C(C)C,ODH,12.15,0.5,6.075,valid,5.635141,5.947671,6.283217
2535,ODH_charity_0616:row:2535,13922,Clc1ccccc1[C@@H]2CC(=O)N3C(=C2)c4ccccc4[S]3(=O)=O,ODH,29.71,1.0,29.71,valid,18.152758,18.758131,19.282475
3228,ODH_charity_0616:row:3228,18092,OC[C@H](O)c1sccc1,ODH,28.3,0.8,22.64,valid,26.883402,27.443161,27.925457
4899,ODH_charity_0616:row:4899,25503,Cc1ccc2c(O[C@H](CO)COC2(C)C)c1,ODH,12.8,1.0,12.8,valid,9.217786,9.512419,9.850519
2988,ODH_charity_0616:row:2988,16510,C[C@](c1ccccc1)(c2ccc(O)cc2)c3c[nH]c4ccccc34,ODH,27.6,1.0,27.6,valid,21.50685,22.467192,23.372417
676,ODH_charity_0616:row:676,3855,CCOC(=O)C[C@@H]1Nc2ccccc2OC1=O,ODH,17.8,1.0,17.8,valid,21.856153,22.71696,23.366367
1293,ODH_charity_0616:row:1293,7484,CCC[C@H](C=C)n1cnc2ccccc12,ODH,12.591,0.6,7.5546,valid,5.6018615,6.0802364,6.535045
344,ODH_charity_0616:row:344,1901,CO[P](=O)(OC)C(=[N+]=[N-])[C@]1(NC(=O)OC(C)(C)C)C(=O)N(C)c2c(C)cc(Br)cc12,ODH,11.058,0.5,5.529,valid,2.4168177,3.1659055,3.9493845
568,ODH_charity_0616:row:568,3312,Cc1cccc2c1C[C@H](Sc3ccccc3)[C@@]24CCCC4=O,ODH,11.75,1.0,11.75,valid,13.911924,14.574596,15.25068
3790,ODH_charity_0616:row:3790,21011,CC(C)(C)OC(=O)[C@](C)(N)C\C=C\c1ccccc1F,ODH,5.3,1.0,5.3,valid,4.95303,5.3306937,5.737367
1603,ODH_charity_0616:row:1603,9085,CCOC(=O)[C@@]1(O[C@H](OC(=C[C@H]1c2ccccc2)CO)c3ccccc3)c4ccccc4,ODH,14.29,1.0,14.29,valid,18.849245,19.786232,20.506456
2373,ODH_charity_0616:row:2373,13110,CCCCC[C@H](C=C)c1c[nH]c2c(OC)cccc12,ODH,21.8,1.0,21.8,valid,18.23324,18.987158,19.667074
3063,ODH_charity_0616:row:3063,17023,O[C@@H]([C@H](C=C)c1ccccc1)C(=O)c2ccc(Br)cc2,ODH,37.2,0.5,18.6,valid,14.984482,15.6071415,16.174282
4802,ODH_charity_0616:row:4802,25122,CCOC(=O)C(=C)C[C@@]1(C=C(c2ccccc2)c3ccccc13)C(F)(F)F,ODH,9.35,0.5,4.675,valid,5.129543,5.69601,6.1482053
3751,ODH_charity_0616:row:3751,20854,O[C@@H]1CC[C@@H]1Cc2ccccc2,ODH,45.769,0.5,22.8845,valid,17.005241,17.486214,17.86995
3038,ODH_charity_0616:row:3038,16853,C[C@@H](O)c1ccccc1Br,ODH,24.2,1.0,24.2,valid,13.93562,14.325765,14.741731
1796,ODH_charity_0616:row:1796,10019,CC(=O)Oc1ccc(cc1)[C@H](CN[S](=O)(=O)c2ccc(C)cc2)Sc3sc4ccccc4n3,ODH,13.2,1.0,13.2,valid,17.4083,18.122519,18.686884
4633,ODH_charity_0616:row:4633,24454,CC[C@H](C#Cc1ccccc1)c2ccc(Br)cc2,ODH,8.71,0.7,6.097,valid,6.3510547,6.946435,7.5239444
3050,ODH_charity_0616:row:3050,16962,OC[C@@H](O)c1cccc(Br)c1,ODH,29.7,0.8,23.76,valid,22.302317,22.794731,23.219168
4467,ODH_charity_0616:row:4467,23860,CCC(=C)C[C@@]1(C)CC(=NO1)c2ccccc2,ODH,7.51,0.8,6.008,valid,5.800195,6.093973,6.372022
4684,ODH_charity_0616:row:4684,24600,CCCCC[C@@]1(CI)COc2cc(ccc12)C(=O)N3CCCCC3,ODH,8.9,0.8,7.12,valid,5.9971023,6.6718082,7.3367276
2339,ODH_charity_0616:row:2339,12965,C=C[C@@H](CCc1ccccc1)C(C#N)C#N,ODH,13.688,1.0,13.688,valid,12.840594,13.359054,13.857474
3003,ODH_charity_0616:row:3003,16571,Cc1ccc(cc1)[S](=O)(=O)OC[C@H]2COC3(CCC3)c4ccccc4O2,ODH,23.5,1.0,23.5,valid,15.466539,16.028728,16.525087
4949,ODH_charity_0616:row:4949,25745,NC1=C(C#N)[C@@H](c2ccc(F)cc2)c3cc4OCOc4cc3O1,ODH,11.8,0.7,8.26,valid,10.333419,10.8399315,11.238942
4211,ODH_charity_0616:row:4211,22766,Brc1ccc(cc1)[C@H](Oc2ccccc2)C(=O)OCc3ccccc3,ODH,7.1,1.0,7.1,valid,7.0965147,7.754206,8.332898
4131,ODH_charity_0616:row:4131,22373,C[C@@H](\C=C\c1ccccc1C#N)[C@@](C)(N)C(=O)OC(C)(C)C,ODH,7.7,1.0,7.7,valid,11.037041,11.801622,12.610005
2669,ODH_charity_0616:row:2669,14706,COc1ccc(N[C@@H](C)C=C)cc1,ODH,19.537,0.5,9.7685,valid,8.486619,8.732659,9.004051
2986,ODH_charity_0616:row:2986,16498,CCCCC[C@H](C=C)n1ccc2cc(ccc12)C#N,ODH,21.2,0.5,10.6,valid,11.9457,12.56701,13.136185
1792,ODH_charity_0616:row:1792,10011,CC[C@@H](COC=O)c1ccccc1,ODH,13.2,0.5,6.6,valid,7.863253,8.339387,8.724548
3276,ODH_charity_0616:row:3276,18271,IC[C@]1(CCCc2ccccc2)COc3ccccc13,ODH,29.1,0.5,14.55,valid,13.9901705,14.469448,14.882905
2671,ODH_charity_0616:row:2671,14749,Cc1ccc(cc1)[S](=O)(=O)N2CCC[C@@H](C2)c3ccccc3,ODH,19.6,1.0,19.6,valid,30.508501,31.214289,31.8574
145,ODH_charity_0616:row:145,849,Brc1ccc(cc1)[C@@H]2[C@@H](C=O)[C@]23CCC3(c4ccccc4)c5ccccc5,ODH,11.62,1.0,11.62,valid,8.712891,9.366642,9.878756
4931,ODH_charity_0616:row:4931,25638,Cn1c2ccccc2c([C@@H](C(=O)OCc3ccccc3)c4ccccc4)c1c5ccc(F)cc5,ODH,9.8,0.7,6.86,valid,7.4103427,8.167502,8.807204
1088,ODH_charity_0616:row:1088,6399,N[C@H](C[C@](O)(CC(F)(F)F)c1ccccc1)c2ccccc2,ODH,22.3,0.8,17.84,valid,26.766926,27.668213,28.358011
304,ODH_charity_0616:row:304,1713,C[C@@H](CC(=O)c1ccccc1C)[S](=O)(=O)c2ccc(C)cc2,ODH,10.5,1.0,10.5,valid,12.190859,12.63805,13.086268
4483,ODH_charity_0616:row:4483,23918,COC(=O)[C@@H](F)\C=C(/C)c1ccccc1,ODH,8.2,1.0,8.2,valid,9.968491,10.345946,10.74428
3089,ODH_charity_0616:row:3089,17190,Brc1cccc(c1)[C@H]2CCc3ccccc3N2,ODH,25.13,0.6,15.078,valid,14.078615,14.585246,15.13105
875,ODH_charity_0616:row:875,4977,COC(=O)C[C@@H](C#N)c1sccc1,ODH,18.4,1.0,18.4,valid,14.943653,15.411747,15.863436
1383,ODH_charity_0616:row:1383,7972,CC(=C)C[C@@H]1CC(=NO1)c2cc(Cl)cc(Cl)c2,ODH,11.23,0.6,6.738,valid,6.1823063,6.545043,6.9510174
1064,ODH_charity_0616:row:1064,6240,COc1cccc(C[C@H](CC=O)C(=O)OC(C)C)c1,ODH,45.7,1.0,45.7,valid,33.6495,34.51615,35.285664
3204,ODH_charity_0616:row:3204,17976,CCC[C@@]1(CI)COc2ccccc12,ODH,32.7,0.5,16.35,valid,15.783705,16.3286,16.830208
493,ODH_charity_0616:row:493,2845,Brc1ccc(cc1)C2(CC[C@]23[C@H](C=O)[C@H]3c4ccccc4)c5ccc(Br)cc5,ODH,8.49,1.0,8.49,valid,9.214728,9.874242,10.39223
3763,ODH_charity_0616:row:3763,20887,C[C@@H](\C=C\c1ccccc1F)[C@](C)(N)C(=O)OC(C)(C)C,ODH,5.3,1.0,5.3,valid,5.1839037,5.711779,6.230676
4411,ODH_charity_0616:row:4411,23669,FC(F)(F)[C@]1(CC(=CC(=O)O1)c2cccnc2)c3ccccc3,ODH,76.1,0.75,57.075,valid,26.615269,27.611046,28.462997
3990,ODH_charity_0616:row:3990,21827,CC(C)(C)OC(=O)[C@](C)(N)C\C=C\c1occc1,ODH,6.1,1.0,6.1,valid,3.4353755,3.6511629,3.9583251
197,ODH_charity_0616:row:197,1092,Clc1ccccc1[C@@H]2[C@@H](C=O)[C@]23CCC3(c4ccccc4)c5ccccc5,ODH,11.33,1.0,11.33,valid,8.096335,8.714727,9.252079
2025,ODH_charity_0616:row:2025,11286,CC(C)(C)OC(=O)[C@@](C)(N)C\C=C\c1ccccc1,ODH,11.1,0.5,5.55,valid,5.580924,6.0452676,6.5371127
230,ODH_charity_0616:row:230,1331,Cc1ccc2n(Cc3ccccc3)cc([C@H](NC(=O)c4ccccc4)c5ccccc5CCCC(F)(F)F)c2c1,ODH,9.35,1.0,9.35,valid,8.781448,9.500484,10.141697
2087,ODH_charity_0616:row:2087,11528,CC(C)(C)c1ccc(cc1)[C@@H](O)C(O)=O,ODH,14.96,0.8,11.968,valid,9.314635,9.708752,10.112176
4778,ODH_charity_0616:row:4778,25042,C[C@H]1Cc2ccccc2N1,ODH,9.3,0.8,7.44,valid,8.77276,9.2560625,9.695435
1239,ODH_charity_0616:row:1239,7243,C[C@H](N[S](=O)(=O)C(C)(C)C)c1ccc(Br)cc1,ODH,10.6,1.0,10.6,valid,9.599702,9.786136,10.021997
3928,ODH_charity_0616:row:3928,21530,O[C@@H]([C@@H](C=C)c1ccc(cc1)[N+]([O-])=O)C(=O)c2ccccc2,ODH,37.4,0.5,18.7,valid,19.10617,19.851877,20.439468
4069,ODH_charity_0616:row:4069,22154,CCCC[C@H]1Cc2ccccc2N1,ODH,6.5,1.0,6.5,valid,9.6549835,10.161041,10.663243
3813,ODH_charity_0616:row:3813,21111,Cc1ccc2c(OC(=O)[C@]2(C)C(=O)OCC=C)c1,ODH,5.9,1.0,5.9,valid,5.7012663,6.0935993,6.510413
4925,ODH_charity_0616:row:4925,25614,CN1C(=O)N[C@H](c2ccccc2)c3cc(Br)ccc13,ODH,9.8,1.0,9.8,valid,13.14491,13.685748,14.21447
3807,ODH_charity_0616:row:3807,21080,CCCC[C@H]1Cc2ccccc2[C@H](N1)c3ccccc3,ODH,6.4,0.7,4.48,valid,8.426974,8.869385,9.231101
324,ODH_charity_0616:row:324,1799,F[C@@H]1CCCO[C@@]1(C(=O)c2ccc(Br)cc2)c3ccc(Br)cc3,ODH,9.76,1.0,9.76,valid,10.327727,11.021594,11.666435
2683,ODH_charity_0616:row:2683,14848,COc1ccccc1\C=C\2CC[C@@H]2O,ODH,19.794,0.8,15.8352,valid,11.006296,11.459549,11.911542
3058,ODH_charity_0616:row:3058,17006,FC(F)(F)c1ccc(cc1)[C@@H]2CCc3ccccc3N2,ODH,18.26,0.6,10.956,valid,9.776716,10.115431,10.49942
2275,ODH_charity_0616:row:2275,12571,Cc1ccc(cc1)[S](=O)(=O)NC[C@@H](CC(=O)c2ccccc2)C(=C)c3ccccc3,ODH,18.8,0.5,9.4,valid,10.019032,10.58803,10.9955845
763,ODH_charity_0616:row:763,4258,CC1(C)CN(C(=O)Nc2cc(cc(c2)C(F)(F)F)C(F)(F)F)[C@](C1)(CC(F)(F)CO)c3ccccc3,ODH,15.28,0.4,6.112,valid,9.329955,10.052629,10.65706
2227,ODH_charity_0616:row:2227,12265,CCCCC[C@H](C=C)c1c[nH]c2ccccc12,ODH,17.8,1.0,17.8,valid,19.609077,20.355019,21.054981
134,ODH_charity_0616:row:134,760,COC(=O)C[C@@H](B1OC(C)(C)C(C)(C)O1)c2ccccc2,ODH,7.6,0.5,3.8,valid,3.3167825,3.6730905,4.0829506
3221,ODH_charity_0616:row:3221,18056,CCOC(=O)[C@]1(N[S](=O)(=O)c2cc(C)cc(C)c12)C#Cc3ccccc3,ODH,28.2,0.5,14.1,valid,11.605086,12.141342,12.705886
1934,ODH_charity_0616:row:1934,10739,CCCC[C@@H]1C=Cc2c(OC)ccc(OC)c2[C@H]1O,ODH,24.73,1.0,24.73,valid,24.08252,24.850283,25.468105
323,ODH_charity_0616:row:323,1784,C[C@@H]1Cc2cc(F)ccc2N1,ODH,10.7,0.8,8.56,valid,7.313067,7.8348145,8.270093
2841,ODH_charity_0616:row:2841,15723,FC(F)(F)c1cccc(c1)[C@H]2CC(=O)N=C(S2)c3ccccc3,ODH,21.5,0.5,10.75,valid,17.655214,18.366455,19.05232
2711,ODH_charity_0616:row:2711,14968,CCC[C@@]1(C(=O)OCC=C)C(=O)N(C(=O)C(c2ccccc2)c3ccccc3)c4ccccc14,ODH,20.0,0.5,10.0,valid,15.508654,16.360067,17.009766
4726,ODH_charity_0616:row:4726,24793,CC[C@@]1(OC(=O)c2cc(C)ccc2O1)C(F)(F)F,ODH,9.0,0.5,4.5,valid,5.2392397,5.7417035,6.236028
960,ODH_charity_0616:row:960,5396,Cc1ccccc1NC[C@H]2CCc3ccccc3N2,ODH,28.6,1.0,28.6,valid,24.40725,25.007473,25.627657
4389,ODH_charity_0616:row:4389,23563,COc1ccc(\C=C\C=C\C[C@@](C)(C=O)c2ccccc2)cc1,ODH,7.912,1.0,7.912,valid,7.9422755,8.366984,8.856243
4333,ODH_charity_0616:row:4333,23301,C=C[C@H](CCc1ccccc1)C(CC2CCCCC2)(C#N)C#N,ODH,7.66,1.0,7.66,valid,18.91158,19.922455,20.772541
2915,ODH_charity_0616:row:2915,16083,C[C@]1(COc2ccccc12)CC#Cc3ccc4ccccc4c3,ODH,22.2,0.5,11.1,valid,12.156522,12.768439,13.430356
1648,ODH_charity_0616:row:1648,9351,Cc1n(c2ccccc2)c3ccccc3c1[C@H](C(=O)OCc4ccccc4)c5ccccc5,ODH,14.0,0.7,9.8,valid,8.51547,9.279573,9.917227
2782,ODH_charity_0616:row:2782,15401,O[C@@H]([C@H](C=C)c1ccc(Cl)cc1)C(=O)c2ccccc2,ODH,16.5,0.5,8.25,valid,8.104856,8.586546,9.004068
2336,ODH_charity_0616:row:2336,12951,COc1ccc2c(c1)N(C(=O)C(c3ccccc3)c4ccccc4)C(=O)[C@@]2(C)C(=O)OCC=C,ODH,16.8,0.8,13.44,valid,16.107134,16.853262,17.620665
3118,ODH_charity_0616:row:3118,17384,COC(=O)c1ccc(cc1)[C@](C)(CO)c2ccc(OC)cc2,ODH,28.79,0.6,17.274,valid,21.156837,21.595463,22.206955
2892,ODH_charity_0616:row:2892,15926,COc1ccccc1[C@@H](C)O,ODH,20.89,1.0,20.89,valid,24.050684,24.572779,24.969496
3382,ODH_charity_0616:row:3382,18795,C[C@@H](COC=O)c1ccccc1,ODH,31.0,0.5,15.5,valid,15.967889,16.456264,16.882086
1989,ODH_charity_0616:row:1989,11056,CC[C@](C)(CO)c1ccccc1,ODH,14.4,1.0,14.4,valid,16.463308,16.946703,17.404146
556,ODH_charity_0616:row:556,3273,Fc1ccc(cc1)[C@H]2COc3ccccc3N2,ODH,15.4,1.0,15.4,valid,9.172131,9.696249,10.098071
3872,ODH_charity_0616:row:3872,21294,C[C@](C/C=C/c1ccccc1F)(C=O)c2ccccc2,ODH,5.868,1.0,5.868,valid,7.6506205,8.055721,8.366493
2616,ODH_charity_0616:row:2616,14302,Cc1ccc2N(Cc3ccccc3)C(=O)[C@H](Cc4ccccc4)Oc2c1,ODH,17.3,0.5,8.65,valid,8.657442,9.096916,9.598791
867,ODH_charity_0616:row:867,4936,Brc1ccc(cc1)[C@H]2CCc3ccccc3N2,ODH,45.2,0.5,22.6,valid,19.359415,19.895933,20.514748
1505,ODH_charity_0616:row:1505,8530,CCC[C@@H](Nc1ccc(Br)cc1)C(=C)CC,ODH,10.722,1.0,10.722,valid,12.495383,13.089894,13.660899
322,ODH_charity_0616:row:322,1783,C[C@H]1Cc2cc(F)ccc2N1,ODH,7.3,0.8,5.84,valid,5.810599,6.217992,6.5755897
817,ODH_charity_0616:row:817,4683,Cc1ccc(cc1)[C@@H]2CN(C(=O)C2)C(=O)OC(C)(C)C,ODH,19.1,0.7,13.37,valid,11.621326,11.943683,12.201882
2099,ODH_charity_0616:row:2099,11581,O=C(OCc1ccccc1)[C@@H](c2ccccc2)c3cc(n(Cc4ccccc4)c3c5ccccc5)c6ccccc6,ODH,15.0,0.6,9.0,valid,9.795875,10.543214,11.241448
3380,ODH_charity_0616:row:3380,18787,[O-][N+](=O)C[C@@H](c1ccccc1)c2ccc(F)cc2,ODH,31.0,1.5,46.5,valid,20.983925,21.688086,22.168812
2431,ODH_charity_0616:row:2431,13401,[O-][N+](=O)c1cccc(c1)[C@]2(CCC(=O)O2)C(=O)OC(c3ccccc3)c4ccccc4,ODH,42.7,0.75,32.025,valid,27.577522,28.620329,29.295458
2935,ODH_charity_0616:row:2935,16185,O=C1[C@H](Cc2ccccc2)Oc3ccccc3N1Cc4ccccc4,ODH,19.7,0.5,9.85,valid,11.362315,11.829211,12.316062
2870,ODH_charity_0616:row:2870,15868,CC#CCN(C\C=C\[C@H]1[C@H](C(C)C)N1[S](=O)(=O)c2ccc(C)cc2)[S](=O)(=O)c3ccc(C)cc3,ODH,16.67,0.8,13.336,valid,16.805635,17.559652,18.28794
4885,ODH_charity_0616:row:4885,25444,O[C@H](c1ccc(F)cc1)C(=O)c2ccc(F)cc2,ODH,10.14,1.0,10.14,valid,14.530463,15.165946,15.648429
3656,ODH_charity_0616:row:3656,20306,C[C@@](CC(=C)c1ccccc1)(C=O)c2cccc(F)c2,ODH,45.18,1.0,45.18,valid,41.302197,42.461025,43.421482
3491,ODH_charity_0616:row:3491,19367,O[C@@H]([C@H](C=C)c1ccc2ccccc2c1)C(=O)c3ccccc3,ODH,36.4,0.5,18.2,valid,20.421553,21.27333,21.984455
2932,ODH_charity_0616:row:2932,16159,Fc1cccc(c1)[C@H]2CCc3ccccc3N2,ODH,22.44,0.6,13.464,valid,10.326671,10.879456,11.338058
4721,ODH_charity_0616:row:4721,24786,COC(=O)[C@H](F)\C=C\c1ccccc1,ODH,8.2,1.0,8.2,valid,8.631366,8.969147,9.304798
3336,ODH_charity_0616:row:3336,18540,C=CCOC(=O)[C@]1(Cc2ccccc2)C(=O)N(C(=O)C(c3ccccc3)c4ccccc4)c5ccccc15,ODH,30.0,0.5,15.0,valid,10.641545,11.415635,12.133235
3555,ODH_charity_0616:row:3555,19783,IC[C@@]1(CCc2ccccc2)COc3ccccc13,ODH,37.5,0.5,18.75,valid,16.58633,17.133924,17.59132
3694,ODH_charity_0616:row:3694,20540,Cc1ccc(cc1)[C@@H](O)CO,ODH,43.3,1.0,43.3,valid,44.647243,45.45958,46.111206
4935,ODH_charity_0616:row:4935,25653,O[C@H]([C@@H](C=C)c1ccccc1)c2ccc(cc2)C(F)(F)F,ODH,7.9,1.0,7.9,valid,7.1360426,7.559,7.9487767
2956,ODH_charity_0616:row:2956,16287,C[C@@]1(CC(=C)C(=O)N1)C(F)(F)F,ODH,22.793,0.8,18.2344,valid,11.44881,11.793445,12.208412
2428,ODH_charity_0616:row:2428,13347,Cn1cc([C@@H]2N(C(=O)N(C2=O)C(C)(C)C)C(C)(C)C)c3ccccc13,ODH,17.34,1.0,17.34,valid,6.0351095,7.4305816,8.696798
471,ODH_charity_0616:row:471,2588,CC(C)=C[C@@H](CCCBr)[S](=O)(=O)c1ccc(C)cc1,ODH,15.2,1.0,15.2,valid,10.554197,10.8243265,11.067221
2799,ODH_charity_0616:row:2799,15520,Fc1ccc(OC(=O)/C=C/[C@H](C2CCCCC2)N3C(=O)C4CC=CCC4C3=O)cc1,ODH,17.9,0.8,14.32,valid,14.561152,15.744481,16.542257
2646,ODH_charity_0616:row:2646,14561,COC[C@@H](C(=O)c1ccccc1)c2ccccc2,ODH,20.88,1.0,20.88,valid,11.066275,11.45736,11.827251
4936,ODH_charity_0616:row:4936,25659,C[C@@H](N[S](=O)(=O)C(C)(C)C)c1ccc(C)cc1C,ODH,8.3,1.0,8.3,valid,5.4247427,5.776041,6.154824
2696,ODH_charity_0616:row:2696,14902,COc1cccc(\C=C\2CC[C@@H]2O)c1,ODH,19.84,0.8,15.872,valid,13.477996,14.019888,14.451314
2192,ODH_charity_0616:row:2192,12112,COc1ccc(\C=C\[C@H]2Cc3cc(C)c(C)cc3N2[S](=O)(=O)C(F)(F)F)cc1,ODH,15.7,0.5,7.85,valid,8.695678,9.133989,9.629974
1560,ODH_charity_0616:row:1560,8888,C1Cc2ccccc2N[C@@H]1c3ccccc3,ODH,9.08,1.0,9.08,valid,12.037582,12.486224,12.915672
3762,ODH_charity_0616:row:3762,20880,C1CC(=N[C@@H]1Cc2ccccc2)c3ccccc3,ODH,5.0,1.0,5.0,valid,13.055966,13.470327,13.943541
4859,ODH_charity_0616:row:4859,25317,C[C@](C/C=C/C=C/c1cccc(Cl)c1)(C=O)c2ccccc2,ODH,9.502,1.0,9.502,valid,10.215965,10.693186,11.157395
4310,ODH_charity_0616:row:4310,23197,Cc1ccc(cc1)[C@](C)(C\C=C\C=C\c2ccccc2)C=O,ODH,8.916,1.0,8.916,valid,9.792854,10.332659,10.787574
2732,ODH_charity_0616:row:2732,15090,COC(=O)c1ccc(cc1)C(=O)C(=[N+]=[N-])[C@@H](N)C(F)(F)F,ODH,10.463,1.0,10.463,valid,21.831003,22.522886,23.014927
1045,ODH_charity_0616:row:1045,6141,OCC[C@@H](C[N+]([O-])=O)c1occc1,ODH,38.24,1.0,38.24,valid,39.60845,40.63018,41.437027
427,ODH_charity_0616:row:427,2314,Cc1ccc2N[C@@H](C(=O)Oc2c1)c3ccccc3,ODH,12.2,1.0,12.2,valid,16.397919,17.12823,17.793232
2931,ODH_charity_0616:row:2931,16158,Fc1cccc(c1)[C@@H]2CCc3ccccc3N2,ODH,16.85,0.6,10.11,valid,8.580387,9.01546,9.376631
3578,ODH_charity_0616:row:3578,19966,CCOC(=O)[C@@H]1c2cc3OCOc3cc2C(=O)N4[C@]1(C(=O)OCC)c5ccccc5[S]4(=O)=O,ODH,33.4,0.6,20.04,valid,62.785877,64.6477,66.16373
633,ODH_charity_0616:row:633,3697,COC(=O)[C@H]1COc2cc(Br)ccc2O1,ODH,14.5,1.0,14.5,valid,12.038967,12.710459,13.304228
611,ODH_charity_0616:row:611,3516,CCCC[C@H](/C=C/c1cccnc1)C#N,ODH,16.31,1.0,16.31,valid,20.394197,21.082842,21.73965
2663,ODH_charity_0616:row:2663,14656,Brc1ccc2N[C@@H]([C@@H]3CCO[C@@H]3c2c1)c4ccccc4,ODH,14.88,1.0,14.88,valid,12.776618,13.392151,13.886754
4546,ODH_charity_0616:row:4546,24117,O[C@]1(CC=C)C=C[C@@H](Nc2cc(cc(c2)C(F)(F)F)C(F)(F)F)[C@@H]1c3ccccc3,ODH,16.3,1.0,16.3,valid,14.201762,15.052298,15.852342
205,ODH_charity_0616:row:205,1153,CCOC(=O)C[C@@H](Sc1ccc(Cl)cc1)c2ccccc2,ODH,11.8,1.0,11.8,valid,9.485845,9.953351,10.426575
4620,ODH_charity_0616:row:4620,24419,C=CCN1C(=O)OC[C@@]1(CC=C)c2ccccc2,ODH,8.7,1.0,8.7,valid,9.219203,9.622158,10.04871
1713,ODH_charity_0616:row:1713,9649,CCC[C@H]1Nc2ccccc2C[C@H]1N3C(=O)c4ccccc4C3=O,ODH,17.1,0.7,11.97,valid,12.026676,12.614999,13.148301
3059,ODH_charity_0616:row:3059,17007,FC(F)(F)c1ccc(cc1)[C@H]2CCc3ccccc3N2,ODH,24.63,0.6,14.778,valid,17.745754,18.257387,18.869001
457,ODH_charity_0616:row:457,2473,CC(C)c1cccc(C(C)C)c1NC[C@@H]2CCc3ccccc3N2,ODH,11.9,0.8,9.52,valid,9.4849,9.795782,10.1099
2748,ODH_charity_0616:row:2748,15185,CC(C)(C)OC(=O)[C@@](C)(N)C\C=C\c1ccc(cc1)[N+]([O-])=O,ODH,11.0,0.5,5.5,valid,5.254169,5.534268,5.8864794
652,ODH_charity_0616:row:652,3760,O[C@@H](C[N+]([O-])=O)c1ccccc1Br,ODH,15.7,1.2,18.84,valid,18.49651,19.059002,19.54261
3284,ODH_charity_0616:row:3284,18311,Cc1ccc(cc1)[S](=O)(=O)N2CC=C[C@@H]3CN(C(C)(C)C3=C2)[S](=O)(=O)c4ccc(C)cc4,ODH,29.24,0.8,23.392,valid,16.066036,16.6769,17.276777
1709,ODH_charity_0616:row:1709,9631,Cc1cccc(c1)[C@H]2c3cc4OCOc4cc3OC(=C2C#N)N,ODH,14.9,0.7,10.43,valid,11.003343,11.572664,11.884835
2441,ODH_charity_0616:row:2441,13468,COc1ccccc1\C=C\2CCC[C@H]2O,ODH,9.2,0.8,7.36,valid,8.908221,9.344099,9.74165
1716,ODH_charity_0616:row:1716,9656,CCCC[C@@H]1Nc2ccc(OC)cc2C[C@H]1N3C(=O)c4ccccc4C3=O,ODH,12.8,0.7,8.96,valid,14.409256,15.083988,15.735458
313,ODH_charity_0616:row:313,1750,CC(C)OC(=O)C[C@@H](C#N)c1ccccc1,ODH,9.4,1.0,9.4,valid,10.769244,11.190358,11.520844
2010,ODH_charity_0616:row:2010,11200,C[C@@]1(CC#Cc2ccccc2)CN(Cc3ccccc3)Cc4ccccc14,ODH,14.6,0.5,7.3,valid,6.4499335,6.928866,7.3348174
3219,ODH_charity_0616:row:3219,18054,CCC[C@@H](COC=O)c1ccccc1,ODH,28.2,0.5,14.1,valid,12.250145,12.85413,13.343136
719,ODH_charity_0616:row:719,4117,COc1ccc(O)c(c1)[C@H](N)c2ccc(C)cc2,ODH,19.22,0.7,13.454,valid,7.2584867,7.7657466,8.172466
239,ODH_charity_0616:row:239,1391,COC(=O)C[C@H](B1OC(C)(C)C(C)(C)O1)c2ccccc2F,ODH,9.5,0.5,4.75,valid,4.1474233,4.483585,4.890886
3047,ODH_charity_0616:row:3047,16935,O[C@@]1([C@H](C=C)c2ccc(Br)cc2)C(=O)N(Cc3cccc4ccccc34)c5ccccc15,ODH,8.516,1.0,8.516,valid,9.750873,10.542217,11.13822
3111,ODH_charity_0616:row:3111,17323,CCOC(=O)[C@@]1(N[S](=O)(=O)c2ccc(F)cc12)C#Cc3ccccc3,ODH,34.8,0.5,17.4,valid,15.23467,15.849197,16.278997
1501,ODH_charity_0616:row:1501,8520,Cc1ccccc1\C=C\2CCC[C@H]2O,ODH,9.5,0.8,7.6,valid,9.04197,9.494085,9.893153
1368,ODH_charity_0616:row:1368,7884,COc1ccc(OC)c(c1)[C@@H](C)N[S](=O)(=O)C(C)(C)C,ODH,10.0,1.0,10.0,valid,10.735502,11.124406,11.479767
2176,ODH_charity_0616:row:2176,12040,COc1ccc(SC[C@@H](CO)c2ccccc2)cc1,ODH,13.3,1.0,13.3,valid,11.735027,12.1530075,12.503471
465,ODH_charity_0616:row:465,2545,Cc1ccc(cc1)[C@@H]2CCCNC(=O)C2,ODH,13.7,1.0,13.7,valid,17.211712,17.74963,18.276308
2471,ODH_charity_0616:row:2471,13657,CN(CC[C@H](O)c1ccc2ccccc2c1)Cc3ccccc3,ODH,17.84,1.0,17.84,valid,24.712662,25.591894,26.346157
96,ODH_charity_0616:row:96,524,Cc1ccc(cc1)[C@@H]2[C@@H](C=O)[C@]23CCC3(c4ccccc4)c5ccccc5,ODH,7.39,1.0,7.39,valid,6.93631,7.6052217,8.044318
2712,ODH_charity_0616:row:2712,14970,CC1=C([C@@H](CC(=O)O1)c2ccccc2)C(=O)c3ccccc3,ODH,15.8,0.7,11.06,valid,14.649532,15.273313,15.797281
428,ODH_charity_0616:row:428,2332,CCCCC[C@H]1CCC2=C(CCCC2=O)N1,ODH,9.5,1.0,9.5,valid,10.424208,11.286373,11.997263
4375,ODH_charity_0616:row:4375,23494,CCOC(=O)[C@H](CC(=O)c1ccccc1)C(=C)\C=C\C(=O)c2ccccc2,ODH,7.87,1.0,7.87,valid,11.113513,11.703675,12.182125
2516,ODH_charity_0616:row:2516,13852,CC(C)O[P](=O)(OC(C)C)[C@@]12CC(=CC(=O)N1[S](=O)(=O)Oc3ccc(C)cc23)c4ccccc4,ODH,9.3,0.8,7.44,valid,9.408794,9.873122,10.497729
1075,ODH_charity_0616:row:1075,6285,CC[C@@H]1Nc2ccccc2C[C@@H]1C,ODH,88.5,0.15,13.275,valid,8.02831,8.433935,8.886109
4041,ODH_charity_0616:row:4041,22070,CCCC(=O)O\C(c1ccccc1)=C\2[C@H]([C@H](C)C=C2c3ccccc3)c4ccccc4,ODH,6.8,0.7,4.76,valid,5.275137,5.8941593,6.443992
1665,ODH_charity_0616:row:1665,9423,COc1ccccc1/C=C/[C@H](C)C#CCOC(C)=O,ODH,11.5,0.6,6.9,valid,9.057865,9.549649,10.02669
2068,ODH_charity_0616:row:2068,11468,O[C@H]([C@H](C=C)c1ccccc1)C(=O)c2ccccc2,ODH,17.8,0.5,8.9,valid,7.8791804,8.408365,8.83259
889,ODH_charity_0616:row:889,5040,Fc1ccc(cc1F)[C@@H]2CCCC(=O)N2,ODH,24.9,0.8,19.92,valid,13.513098,14.084427,14.494943
3635,ODH_charity_0616:row:3635,20221,CC(=O)N[C@H](C(=[N+]=[N-])C(=O)c1ccc(cc1)c2ccccc2)C(F)(F)F,ODH,3.973,1.0,3.973,valid,8.330914,9.02415,9.59095
4634,ODH_charity_0616:row:4634,24465,Fc1cccc(c1)C2=C(C[C@@H](O2)C=C)C#N,ODH,9.44,1.0,9.44,valid,10.941754,11.538949,12.033967
3719,ODH_charity_0616:row:3719,20672,CCOC(=O)[C@](N)(CCc1ccccc1)C\C=C\c2ccccc2,ODH,14.0,1.0,14.0,valid,14.761997,15.363541,15.863602
2971,ODH_charity_0616:row:2971,16427,CC(=C)[C@@H]1CN(C(=C1)c2ccc3[C@H]4CC[C@@]5(C)[C@@H](CCC5=O)[C@@H]4CCc3c2)[S](=O)(=O)c6ccc(C)cc6,ODH,19.65,0.8,15.72,valid,15.582779,16.372053,17.221313
3601,ODH_charity_0616:row:3601,20045,COC(=O)CCCNC(=O)[C@@](C)(NC(=O)c1ccc(OC)cc1)C(=O)OCc2ccccc2,ODH,33.9,0.5,16.95,valid,16.47491,17.197231,17.783484
1356,ODH_charity_0616:row:1356,7815,[C@H]1(CC2=CC=C3C=CC=CC3=C2)NC4=C(C=CC=C4)C1,ODH,11.1,1.0,11.1,valid,15.260212,15.838548,16.451363
158,ODH_charity_0616:row:158,942,Fc1ccc(cc1)C(=O)[C@@]2(OCCC[C@H]2Br)c3ccc(F)cc3,ODH,8.25,1.0,8.25,valid,6.487029,7.137112,7.592667
2156,ODH_charity_0616:row:2156,11900,CC(C)[C@]1(CO)COCCO1,ODH,17.7,1.0,17.7,valid,13.464601,13.830149,14.148781
1235,ODH_charity_0616:row:1235,7235,CN1C(=O)[C@@H](Nc2ccccc12)c3ccc(Br)cc3,ODH,10.6,1.0,10.6,valid,13.036328,13.4880085,13.902274
3440,ODH_charity_0616:row:3440,19130,FC(F)(F)[C@@]1(CC(=CC(=O)O1)c2ccc(Cl)cc2)c3ccccc3,ODH,24.6,0.75,18.45,valid,15.408045,16.084248,16.614182
2326,ODH_charity_0616:row:2326,12889,CC(C)[C@H]1C[C@@H](O)c2cc(F)ccc2O1,ODH,17.871,0.5,8.9355,valid,9.09281,9.532175,9.938087
1211,ODH_charity_0616:row:1211,7128,Cc1ccc(cc1)[C@@H]2c3cc4OCOc4cc3OC(=C2C#N)N,ODH,10.5,0.7,7.35,valid,7.538802,8.027844,8.418603
3914,ODH_charity_0616:row:3914,21480,CCOc1cccc2[C@@H](N[S](=O)(=O)Oc12)\C=C\c3ccccc3,ODH,52.3,0.8,41.84,valid,48.26673,49.41405,50.47011
4359,ODH_charity_0616:row:4359,23435,CC(C)(C)[S](=O)(=O)N[C@@H](C1CC1)c2ccccc2,ODH,7.8,1.0,7.8,valid,7.6627884,7.8487043,8.112533
3182,ODH_charity_0616:row:3182,17798,Cc1ccc(cc1)[S](=O)(=O)N2CC[C@H](C2)c3ccc(cc3)C(F)(F)F,ODH,29.0,1.0,29.0,valid,25.319046,25.988398,26.630754
805,ODH_charity_0616:row:805,4631,Cc1ccc2CC[C@@H](CNc3ccccc3)Nc2c1,ODH,19.4,1.0,19.4,valid,20.242863,20.792439,21.356747
1995,ODH_charity_0616:row:1995,11117,N#C[C@@H]1[C@@H]2CCC=C[C@@H]2O[C@H]1c3ccccc3,ODH,15.396,1.0,15.396,valid,7.735938,8.217947,8.677076
3870,ODH_charity_0616:row:3870,21291,Cc1ccc(cc1)[S](=O)(=O)N2[C@H]3CCCC[C@H]3C[C@H]2C(=O)OCC=C,ODH,15.0,1.0,15.0,valid,9.085169,9.559083,9.987605
2660,ODH_charity_0616:row:2660,14644,CC[C@H]1C[C@@H](O)c2cc(F)ccc2O1,ODH,21.154,0.5,10.577,valid,9.395928,9.843978,10.217615
742,ODH_charity_0616:row:742,4213,CCCCC[C@@H](C=C(C)C)[S](=O)(=O)c1ccc(C)cc1,ODH,19.7,0.5,9.85,valid,7.9550867,8.24528,8.563241
1431,ODH_charity_0616:row:1431,8265,COc1ccc(CN2C(=O)N[C@@H](c3cc(OC)ccc23)C(F)(F)F)cc1,ODH,11.5,0.8,9.2,valid,13.375198,13.944652,14.442516
4108,ODH_charity_0616:row:4108,22309,CCCCC[C@@H]1[C@@H](C(=O)OCC)C(=O)Oc2cc(OC)ccc12,ODH,7.8,1.0,7.8,valid,14.108367,14.781712,15.418205
2879,ODH_charity_0616:row:2879,15897,CCOC(=O)[C@@]1(N[S](=O)(=O)c2ccc(cc12)C(C)C)C#Cc3ccccc3,ODH,26.6,0.5,13.3,valid,11.579858,12.0520525,12.508868
1966,ODH_charity_0616:row:1966,10981,COc1cccc(c1)C2=N[C@@]3(CC2)[C@@H](COC3=O)C=C,ODH,16.2,1.0,16.2,valid,19.724407,20.414726,21.058989
1311,ODH_charity_0616:row:1311,7548,CC(C)(C)OC(=O)[C@@](C)(N)C\C=C\c1ccccc1,ODH,5.3,1.0,5.3,valid,6.049352,6.531278,7.0455446
4325,ODH_charity_0616:row:4325,23281,CC(C)(C)OC(=O)[C@@](O)(SCc1ccccc1)[Si](C)(C)c2ccccc2,ODH,7.63,1.0,7.63,valid,5.3514614,5.6641307,6.0067177
2837,ODH_charity_0616:row:2837,15715,CC(C)c1ccc(cc1)[C@@H](C)COC=O,ODH,21.5,0.5,10.75,valid,8.293743,8.728768,9.135502
4142,ODH_charity_0616:row:4142,22415,Cc1ccc(cc1)N2N=C(C)[C@@](C\C=C\c3ccccc3)(Cc4ccc(Cl)cc4)C2=O,ODH,13.611,1.0,13.611,valid,12.333619,13.226468,14.002695
4340,ODH_charity_0616:row:4340,23325,CCOC(=O)[C@](C)(N)[C@@H](C)\C=C\c1ccccc1,ODH,13.7,1.0,13.7,valid,7.6488385,8.0542965,8.479516
319,ODH_charity_0616:row:319,1764,Cc1cccc(c1)C2(CC[C@]23[C@H](C=O)[C@H]3c4ccccc4)c5cccc(C)c5,ODH,11.95,1.0,11.95,valid,4.6618814,5.2914777,5.740791
4370,ODH_charity_0616:row:4370,23480,O=C(O[C@H]1C[C@@H](C2=CC=CC([N+]([O-])=O)=C2)N3C4=C1C=CC=C4CC[C@H]3C5=CC=CC=C5)NCC6=CC=CC=C6,ODH,10.01,1.0,10.01,valid,13.193572,14.183987,14.869812
4618,ODH_charity_0616:row:4618,24417,COc1ccc(O[C@H](C(=O)OCc2ccccc2)c3ccccc3)cc1,ODH,8.7,1.0,8.7,valid,11.402834,12.113345,12.704514
4000,ODH_charity_0616:row:4000,21895,C[C@@H](CC(=O)C(F)(F)F)\C=C\c1ccccc1,ODH,6.16,0.8,4.928,valid,28.095745,28.762125,29.388756
2139,ODH_charity_0616:row:2139,11782,C1C[C@@H](C#Cc2ccccc2)c3ccccc3C1,ODH,18.84,0.7,13.188,valid,11.566745,12.197971,12.78541
3753,ODH_charity_0616:row:3753,20866,C=C[C@@H](CCc1ccccc1)C(Cc2ccc(cc2)C#N)(C#N)C#N,ODH,53.14,1.0,53.14,valid,33.01304,34.03126,35.016567
1421,ODH_charity_0616:row:1421,8177,CC1(C)OC[C@H](CO)Oc2ccc(OCC#C)cc12,ODH,11.4,1.0,11.4,valid,14.001327,14.629851,15.205196
4694,ODH_charity_0616:row:4694,24660,CCCCC[C@H](C=C)c1c[nH]c2c(Cl)cccc12,ODH,9.8,1.0,9.8,valid,12.553953,13.237736,13.853517
770,ODH_charity_0616:row:770,4341,Clc1ccc(cc1)[C@H]2COc3ccccc3N2,ODH,20.4,1.0,20.4,valid,17.217602,17.82181,18.395922
3726,ODH_charity_0616:row:3726,20698,COC(=O)CCNC(=O)[C@](C)(NC(=O)c1ccc(OC)cc1)C(=O)OCc2ccccc2,ODH,45.9,0.5,22.95,valid,18.321774,19.124609,19.796747
1222,ODH_charity_0616:row:1222,7168,CC(=C)C[C@@]1(C)CC(=NO1)c2ccccc2,ODH,11.42,0.6,6.852,valid,5.907616,6.1543884,6.430602
2264,ODH_charity_0616:row:2264,12502,Brc1ccc(cc1)[C@@H]2CC(=O)C([C@H]2c3ccccc3)C(=O)c4ccccc4,ODH,13.5,0.5,6.75,valid,17.342258,18.048277,18.693829
3746,ODH_charity_0616:row:3746,20826,COC(=O)[C@H](Cc1ccc(Br)cc1)NC(=O)c2ccccc2OC,ODH,48.6,0.8,38.88,valid,37.27297,38.36012,39.291748
4697,ODH_charity_0616:row:4697,24663,Clc1ccc(O[C@@H](C(=O)OCc2ccccc2)c3ccccc3)cc1,ODH,8.9,1.0,8.9,valid,8.738634,9.239495,9.632313
869,ODH_charity_0616:row:869,4938,Cc1ccc(cc1)C(=O)C[C@H]2CCCCN2C(=O)OCc3ccccc3,ODH,26.6,0.5,13.3,valid,13.937617,14.617199,15.25924
924,ODH_charity_0616:row:924,5195,COc1cccc(c1)[C@@H]2CCc3ccccc3N2,ODH,26.3,0.6,15.78,valid,12.336176,12.690002,13.063587
3485,ODH_charity_0616:row:3485,19292,C[C@@H]1[C@H](/C=C/CN(CC#C)[S](=O)(=O)c2ccc(C)cc2)N1[S](=O)(=O)c3ccc(C)cc3,ODH,33.74,0.8,26.992,valid,18.439009,19.074486,19.639286
722,ODH_charity_0616:row:722,4146,CC(C)CC(=O)C[C@H]1CCCCN1C(=O)OCc2ccccc2,ODH,22.4,0.5,11.2,valid,8.136688,8.582783,9.011662
3190,ODH_charity_0616:row:3190,17911,O=C1N(Cc2ccccc2)C[C@@](CC#Cc3ccccc3)(Cc4ccccc4)c5ccccc15,ODH,23.5,0.8,18.8,valid,17.443989,18.198004,18.854628
4712,ODH_charity_0616:row:4712,24764,Clc1ccc(cc1)[C@@H](Oc2ccccc2)C(=O)OCc3ccccc3,ODH,9.0,0.7,6.3,valid,10.069953,10.771299,11.40773
3908,ODH_charity_0616:row:3908,21425,O=C([C@@](C1=CC=CC(OC(F)(F)F)=C12)(C#CC3=CC=CC=C3)NS2(=O)=O)OCC,ODH,51.2,0.5,25.6,valid,28.929453,29.947096,30.855402
3097,ODH_charity_0616:row:3097,17243,C[C@H](COC=O)c1cccc(C)c1,ODH,26.1,0.5,13.05,valid,22.195042,22.902431,23.498543
4497,ODH_charity_0616:row:4497,23970,COc1cccc(C[C@]2(C\C=C\c3ccccc3)C(=NN(C2=O)c4ccc(C)cc4)C)c1,ODH,17.254,1.0,17.254,valid,11.378151,12.213237,12.934552
2317,ODH_charity_0616:row:2317,12845,CC(=C\c1ccccc1)/[C@H]2Cc3cc(C)c(C)cc3N2[S](=O)(=O)C(F)(F)F,ODH,16.7,0.5,8.35,valid,6.446859,6.8048816,7.1690183
2651,ODH_charity_0616:row:2651,14597,CC(C)(C)[S](=O)(=O)N[C@](CO)(CSc1sc2ccccc2n1)c3ccccc3,ODH,28.5,1.0,28.5,valid,18.644348,19.097225,19.537106
1455,ODH_charity_0616:row:1455,8364,CC(C)[C@]1(COc2ccccc12)CC#Cc3ccccc3,ODH,11.6,0.5,5.8,valid,5.1520658,5.4838047,5.810604
1412,ODH_charity_0616:row:1412,8123,COc1ccc(C[C@H]2CC(C)(C)CN2C(=O)OC(C)(C)C)cc1OC,ODH,12.629,0.5,6.3145,valid,4.133745,4.645324,5.164433
4906,ODH_charity_0616:row:4906,25526,CC1(C)OB(OC1(C)C)[C@H](Cc2cccc(Cl)c2)N3CCOC3=O,ODH,9.7,1.0,9.7,valid,8.186861,8.699946,9.202661
1772,ODH_charity_0616:row:1772,9967,CCCC[C@@H]1CCc2ccccc2N1,ODH,11.74,0.6,7.044,valid,8.528018,9.016748,9.46838
3854,ODH_charity_0616:row:3854,21241,COc1ccc([C@H](C)c2ccc(cc2)c3ccccc3)c(O[Si](C)(C)C)c1,ODH,4.8,1.0,4.8,valid,6.3969736,6.74823,6.972337
3110,ODH_charity_0616:row:3110,17317,CC[C@@H]1CCC(=O)O[C@H]1c2ccc(cc2)[N+]([O-])=O,ODH,26.8,1.0,26.8,valid,12.717826,13.437661,13.871702
4799,ODH_charity_0616:row:4799,25117,C[C@@H](C#Cc1ccccc1)c2ccccc2Br,ODH,8.66,0.7,6.062,valid,8.319962,8.838543,9.3857155
2346,ODH_charity_0616:row:2346,12988,OCC[C@H](Oc1ccc(Br)cc1)c2ccccc2,ODH,16.9,0.8,13.52,valid,14.245956,14.819533,15.298738
4533,ODH_charity_0616:row:4533,24084,CCC[C@@H](Nc1ccccc1)C(=C)CC,ODH,7.082,1.0,7.082,valid,9.984303,10.460642,10.925277
2881,ODH_charity_0616:row:2881,15899,Cc1ccc(cc1)[C@@H]2Cc3ccccc3C(=O)C(=N2)c4cc(C)ccc4O,ODH,26.7,0.7,18.69,valid,14.910345,15.430425,16.083342
1066,ODH_charity_0616:row:1066,6242,CCOC(=O)C[C@@H]1Nc2cc(OC)ccc2OC1=O,ODH,46.0,1.0,46.0,valid,49.94111,51.414158,52.451637
4653,ODH_charity_0616:row:4653,24515,COc1ccccc1[C@@H]2Cc3ccccc3C(=O)C(=N2)c4ccccc4O,ODH,10.9,0.8,8.72,valid,13.081081,13.654293,14.15343
4920,ODH_charity_0616:row:4920,25600,COc1ccc2C(=O)N(C[C@@H](C=C)N(c2c1)[S](C)(=O)=O)[S](=O)(=O)c3ccc(C)cc3,ODH,22.28,1.0,22.28,valid,19.241629,19.903286,20.645824
2235,ODH_charity_0616:row:2235,12294,COc1ccc(cc1)c2oc(C)c3Cc4ccccc4N5CCOC[C@@H]5c23,ODH,15.9,0.6,9.54,valid,11.618289,12.105412,12.591417
4159,ODH_charity_0616:row:4159,22491,Cc1ccc(cc1)N2N=C(C)[C@](C\C=C\c3ccccc3)(Cc4ccc(F)cc4)C2=O,ODH,6.941,1.0,6.941,test,8.563169,9.169596,9.728559
2148,ODH_charity_0616:row:2148,11806,CC[C@@]1(CO)CCCOC1,ODH,16.5,1.0,16.5,test,14.983664,15.339183,15.684823
1838,ODH_charity_0616:row:1838,10292,CC(=C)[C@@H](CN[S](=O)(=O)c1ccc(C)cc1)CC(=O)c2ccccc2,ODH,13.59,0.8,10.872,test,9.557412,9.953476,10.3418045
2689,ODH_charity_0616:row:2689,14871,Cc1ccc(cc1)[C@H]2Cc3ccccc3C(=O)C(=N2)c4cc(F)ccc4O,ODH,19.8,0.7,13.86,test,16.167517,16.855913,17.451763
2408,ODH_charity_0616:row:2408,13251,CCOC(=O)C1=C(OC(=O)C[C@H]1c2ccccc2)c3ccccc3,ODH,17.2,0.7,12.04,test,12.515479,13.113793,13.644384
2333,ODH_charity_0616:row:2333,12921,O[C@@H]([C@H](C=C)c1ccccc1)C(=O)c2ccccc2F,ODH,17.8,0.5,8.9,test,8.907468,9.59877,10.137168
285,ODH_charity_0616:row:285,1637,CC(C)OC(=O)[C@H](O)c1cccc(C)c1,ODH,10.3,1.0,10.3,test,9.334957,9.696052,10.025835
1884,ODH_charity_0616:row:1884,10520,Cc1cccc2c1N(Cc3ccccc3)C(=O)[C@@]24OC(=O)c5cccc6ccn4c56,ODH,13.8,0.8,11.04,test,10.55972,11.142292,11.703396
2970,ODH_charity_0616:row:2970,16422,COc1cccc(c1)[C@H](O)COC(=O)C(C)(C)C,ODH,23.1,0.6,13.86,test,14.60264,15.07128,15.473603
3229,ODH_charity_0616:row:3229,18097,CC(=O)C1=C(C)OC(=O)C[C@@H]1c2ccc(F)cc2,ODH,39.9,0.7,27.93,test,29.007492,29.84909,30.542635
131,ODH_charity_0616:row:131,731,CCOC(=O)C[C@@H](Sc1ccccc1)c2ccc(F)cc2,ODH,10.5,1.0,10.5,test,10.157421,10.945455,11.626461
795,ODH_charity_0616:row:795,4596,OCC[C@H](C[N+]([O-])=O)c1cccc(F)c1,ODH,21.73,1.0,21.73,test,21.569569,22.267056,22.755022
4125,ODH_charity_0616:row:4125,22343,C[C@@H](O)C1CCCCC1,ODH,6.17,1.0,6.17,test,7.51138,7.758559,8.12054
4871,ODH_charity_0616:row:4871,25402,Cc1cccc(O[C@H](C(=O)OCc2ccccc2)c3ccccc3)c1,ODH,19.5,1.0,19.5,test,6.680157,7.2529597,7.7544346
1913,ODH_charity_0616:row:1913,10640,N[C@@H](C(=[N+]=[N-])C(=O)c1ccc(Br)cc1)C(F)(F)F,ODH,13.925,1.0,13.925,test,15.243509,15.8274145,16.385817
2906,ODH_charity_0616:row:2906,16031,CC(C)(C)c1ccc(OCCCC[C@]2(CI)COc3ccccc23)cc1,ODH,26.1,0.5,13.05,test,11.509538,11.828182,12.1938
4168,ODH_charity_0616:row:4168,22527,CCOC(=O)[C@]1(N[S](=O)(=O)c2ccccc12)C#Cc3sccc3,ODH,60.7,0.5,30.35,test,27.781193,28.706833,29.339746
4471,ODH_charity_0616:row:4471,23871,O=C(O[C@H]1C[C@@H](C2=CC=C([N+]([O-])=O)C=C2)N3C4=C1C=CC=C4CC[C@H]3C5=CC=CC=C5)NCC6=CC=CC=C6,ODH,12.42,1.0,12.42,test,17.772654,18.510468,19.16858
1724,ODH_charity_0616:row:1724,9688,Cc1ccc(\C=C\2CC[C@@H]2O)c(C)c1,ODH,12.852,0.8,10.2816,test,9.101955,9.349389,9.645284
1872,ODH_charity_0616:row:1872,10433,COc1ccccc1N2[C@@H](COC2=O)C=C,ODH,13.7,0.8,10.96,test,9.838615,10.2658,10.722202
1022,ODH_charity_0616:row:1022,5984,CCOC(=O)C[C@@H]1Nc2ccc(Cl)cc2OC1=O,ODH,37.4,1.0,37.4,test,26.299232,27.230173,27.928955
4754,ODH_charity_0616:row:4754,24966,Cc1oc(c2ccccc2)c3[C@H]4COCCN4c5ccccc5Cc13,ODH,9.2,0.6,5.52,test,5.119365,5.531453,5.816758
3852,ODH_charity_0616:row:3852,21235,CN1CCc2ccccc2[C@@H]1Cc3ccccc3,ODH,6.52,0.8,5.216,test,4.632032,4.988823,5.343729
3155,ODH_charity_0616:row:3155,17670,C1Cc2ccccc2N[C@@H]1c3ccccc3,ODH,19.95,0.6,11.97,test,12.958044,13.417384,13.850071
2404,ODH_charity_0616:row:2404,13241,COc1ccccc1C[C@H]2Oc3ccccc3N(Cc4ccccc4)C2=O,ODH,17.2,0.5,8.6,test,10.744784,11.26669,11.76244
4114,ODH_charity_0616:row:4114,22322,C1Oc2ccccc2O[C@@H]1\C=C\c3ccccc3,ODH,6.71,1.0,6.71,test,7.3147035,7.76542,8.219438
2819,ODH_charity_0616:row:2819,15608,Cc1ccc(cc1)[S](=O)(=O)N2C[C@@H]3C=CCN(C(=C3C2)c4ccc(Cl)cc4)[S](=O)(=O)c5ccc(C)cc5,ODH,24.82,0.8,19.856,test,14.144544,14.76765,15.265931
4160,ODH_charity_0616:row:4160,22495,C(Cc1ccccc1)[C@H]2COc3ccccc3O2,ODH,8.0,1.0,8.0,test,7.28543,7.686567,8.080583
1898,ODH_charity_0616:row:1898,10579,COC(=O)[C@@H](O)c1ccc2ccccc2c1,ODH,13.89,1.0,13.89,test,19.579344,20.309479,20.955828
601,ODH_charity_0616:row:601,3474,COc1ccccc1C[C@H](CC=O)C(=O)OC(C)C,ODH,16.1,1.0,16.1,test,18.63896,19.205742,19.64599
2020,ODH_charity_0616:row:2020,11278,CC[C@H]1NCCc2cc(OC)c(OC)cc12,ODH,14.69,1.0,14.69,test,23.474054,24.125181,24.660645
2793,ODH_charity_0616:row:2793,15474,Fc1cc2ccn3c2c(c1)C(=O)O[C@@]34C(=O)N(Cc5ccccc5)c6ccccc46,ODH,21.0,0.8,16.8,test,16.591805,17.297335,17.811806
3558,ODH_charity_0616:row:3558,19812,CCOC(=O)[C@@]1(N[S](=O)(=O)c2ccccc12)C#Cc3cccc(OC)c3,ODH,52.7,0.5,26.35,test,22.049906,22.86778,23.531397
1647,ODH_charity_0616:row:1647,9348,C=C[C@H](CCc1ccccc1)n2ccc3ccccc23,ODH,12.5,1.0,12.5,test,11.442063,12.055418,12.612529
1042,ODH_charity_0616:row:1042,6124,COC(=O)[C@@H]1COc2ccc(OC)cc2O1,ODH,41.1,1.0,41.1,test,29.93611,30.937185,31.701742
1446,ODH_charity_0616:row:1446,8338,CC(C)(C)OC(=O)N1OCC[C@@H]1Cc2ccc(cc2)c3ccccc3,ODH,9.973,0.8,7.9784,test,7.1474423,7.532037,8.012858
2595,ODH_charity_0616:row:2595,14175,CC(C)(C)OC(=O)N[C@H](C(=O)CCCCCCC=C)c1ccccc1,ODH,18.7,0.5,9.35,test,4.3863807,4.889523,5.3119006
2521,ODH_charity_0616:row:2521,13886,OC[C@]1(COCCO1)CC=C,ODH,19.7,1.0,19.7,test,16.418093,16.829569,17.134684
967,ODH_charity_0616:row:967,5569,Cn1ccnc1C(=O)[C@@H](F)c2ccccc2,ODH,24.1,1.0,24.1,test,34.687874,35.659477,36.42444
380,ODH_charity_0616:row:380,2047,O=C1Oc2ccccc2N[C@@H]1c3ccccc3,ODH,11.4,1.0,11.4,test,15.168391,15.79532,16.35562
1425,ODH_charity_0616:row:1425,8198,C[C@@H](O)c1cc(cc(c1)C(F)(F)F)C(F)(F)F,ODH,11.4,1.0,11.4,test,11.898629,12.454141,13.060655
3385,ODH_charity_0616:row:3385,18798,C[C@@]1(COc2ccccc12)CC#Cc3ccc(cc3)C#N,ODH,32.1,0.5,16.05,test,17.36229,18.020058,18.686274
4635,ODH_charity_0616:row:4635,24466,Fc1cccc(c1)C2=C(C[C@H](O2)C=C)C#N,ODH,8.73,1.0,8.73,test,9.724484,10.266582,10.691067
558,ODH_charity_0616:row:558,3275,C[C@H]1CCC2=C(CCCC2=O)N1,ODH,15.4,1.0,15.4,test,13.467141,14.273619,15.061595
3652,ODH_charity_0616:row:3652,20281,COc1ccc2cc(ccc2c1)[C@H](O)C(O)=O,ODH,33.87,0.8,27.096,test,27.966455,28.812563,29.432255
1200,ODH_charity_0616:row:1200,7098,C[C@@H](NC(=O)OC(C)(C)C)C(=O)OCc1ccccc1,ODH,9.67,1.0,9.67,test,9.06976,9.516777,9.93757
2043,ODH_charity_0616:row:2043,11394,Cc1ccc(cc1)[C@@H]2Cc3ccccc3C(=O)C(=N2)c4ccccc4O,ODH,17.5,0.7,12.25,test,13.23377,13.670441,14.177506
3423,ODH_charity_0616:row:3423,19022,CCOC(=O)[C@]1(N[S](=O)(=O)c2ccccc12)C#Cc3ccc(Br)cc3,ODH,32.1,0.5,16.05,test,17.579758,18.290106,18.863338
2432,ODH_charity_0616:row:2432,13402,[O-][N+](=O)c1cccc(c1)[C@@]2(CCC(=O)O2)C(=O)OC(c3ccccc3)c4ccccc4,ODH,17.4,0.75,13.05,test,20.282438,21.240011,21.7208
2299,ODH_charity_0616:row:2299,12759,Cc1ccc([C@@H](O)C(O)=O)c(C)c1,ODH,16.53,0.8,13.224,test,11.735341,12.313836,12.894573
4824,ODH_charity_0616:row:4824,25197,CC(C)[C@@H](O)c1ccccc1,ODH,7.9,0.8,6.32,test,8.304084,8.494988,8.723704
472,ODH_charity_0616:row:472,2589,CC(C)=C[C@H](CCCBr)[S](=O)(=O)c1ccc(C)cc1,ODH,13.2,1.0,13.2,test,14.59989,14.858018,15.122829
1447,ODH_charity_0616:row:1447,8339,CC(C)(C)OC(=O)N1OCC[C@H]1Cc2ccc(cc2)c3ccccc3,ODH,11.547,0.8,9.2376,test,7.652297,8.06407,8.539282
2920,ODH_charity_0616:row:2920,16106,FC(F)(F)Oc1ccc(C[C@@H]2Oc3ccccc3N(Cc4ccccc4)C2=O)cc1,ODH,19.5,0.5,9.75,test,9.391258,9.918479,10.47257
327,ODH_charity_0616:row:327,1808,CCCCCCCCCC[C@@H]1CCC2=C(CCCC2=O)N1,ODH,8.2,1.0,8.2,test,9.631943,10.786595,11.855955
2557,ODH_charity_0616:row:2557,14052,CC(C)(C)OC(=O)[C@@](N)(C\C=C\c1ccccc1)Cc2ccccc2,ODH,11.9,0.5,5.95,test,4.7339,5.1006284,5.49758
2760,ODH_charity_0616:row:2760,15264,Cc1ccc(cc1)[C@H]2CCN(C2)[S](=O)(=O)c3ccc(C)cc3,ODH,20.6,1.0,20.6,test,26.416922,27.01747,27.60804
4234,ODH_charity_0616:row:4234,22878,COC(=O)[C@H](c1ccc(Cl)cc1)c2cn(c3ccccc23)[Si](C)(C)C(C)(C)C,ODH,8.1,0.6,4.86,test,3.8516479,4.788674,5.6594143
2917,ODH_charity_0616:row:2917,16095,CC#CCN(C\C=C\[C@@H]1[C@H](C)N1[S](=O)(=O)c2ccc(C)cc2)[S](=O)(=O)c3ccc(C)cc3,ODH,22.28,0.8,17.824,test,10.5480795,11.251638,11.821117
4006,ODH_charity_0616:row:4006,21917,Cc1cccc(c1)C2(SCCCS2)[C@H](C=Cc3ccccc3)c4ccccc4,ODH,6.2,1.0,6.2,test,5.9624786,6.512282,7.020981
716,ODH_charity_0616:row:716,4114,CCOC(=O)C[C@@H](Sc1ccc(F)cc1)c2ccccc2,ODH,9.6,1.0,9.6,test,12.440212,13.281094,14.001797
3342,ODH_charity_0616:row:3342,18592,Cc1ccc(cc1)[S](=O)(=O)N2C(=O)[C@@H]([C@H](C=C2c3ccccc3)c4ccccc4)c5ccccc5,ODH,20.4,0.5,10.2,test,10.520718,11.124974,11.599487
1675,ODH_charity_0616:row:1675,9457,Brc1cccc(c1)[C@@H]2COc3ccccc3N2,ODH,17.1,0.6,10.26,test,11.171674,11.742964,12.299754
2515,ODH_charity_0616:row:2515,13851,CCOC(=O)C1=C(C)OC(=O)C[C@@H]1c2cccc(Cl)c2,ODH,18.1,0.7,12.67,test,5.5241113,5.965928,6.4651995
3090,ODH_charity_0616:row:3090,17194,CCCCN1C(=O)[C@](CO)(\C=C\c2ccccc2)c3ccccc13,ODH,20.1,0.8,16.08,test,14.142726,14.724488,15.282772
1727,ODH_charity_0616:row:1727,9693,Fc1cccc(c1)[C@H]2CC(=O)Oc3ccccc23,ODH,16.21,1.0,16.21,test,15.565811,16.140408,16.622051
3471,ODH_charity_0616:row:3471,19248,CCOC(=O)[C@@]1(N[S](=O)(=O)c2ccccc12)C#Cc3ccccc3Cl,ODH,43.8,0.5,21.9,test,19.985373,20.749878,21.34478
2966,ODH_charity_0616:row:2966,16401,C[C@@H](\C=C\c1ccc2ccccc2c1)C#Cc3ccc(cc3)C#N,ODH,24.4,0.5,12.2,test,10.264738,10.80652,11.409223
1481,ODH_charity_0616:row:1481,8425,CC(C)(C)OC(=O)[C@@H](CC=C)NC(=O)c1ccccc1,ODH,11.6,1.0,11.6,test,3.9227757,4.2530446,4.5954533
3962,ODH_charity_0616:row:3962,21703,COc1cc(Br)cc2[C@@H](N[S](=O)(=O)Oc12)\C=C\c3ccccc3,ODH,58.0,0.8,46.4,test,42.877773,43.943005,44.891132
1519,ODH_charity_0616:row:1519,8588,Cc1ccc(cc1)C#CC[C@@]2(C)COc3ccccc23,ODH,12.8,0.5,6.4,test,6.7956624,7.154949,7.6138287
4216,ODH_charity_0616:row:4216,22802,C[C@](C/C=C/C=C/c1ccc(F)cc1)(C=O)c2ccccc2,ODH,7.107,1.0,7.107,test,7.625331,7.989524,8.2297945
3115,ODH_charity_0616:row:3115,17356,CC(C)[C@@H](C=O)[C@H](C[N+]([O-])=O)c1ccccc1,ODH,27.2,0.8,21.76,test,18.953781,19.524517,20.023487
4954,ODH_charity_0616:row:4954,25785,O[C@@H]1CCCC2(OCCO2)[C@@H]1c3ccc(Cl)cc3,ODH,11.412,1.0,11.412,test,8.553803,8.99848,9.381765
2383,ODH_charity_0616:row:2383,13151,COc1ccc(N[C@@H](C(=O)c2ccccc2)c3ccccc3)cc1,ODH,28.34,1.0,28.34,test,18.441229,19.18366,19.90486
3724,ODH_charity_0616:row:3724,20692,C=CC1=C[C@H](CCc2ccccc2)C(C1)(C#N)C#N,ODH,45.73,0.5,22.865,test,27.252962,28.149986,28.929821
1549,ODH_charity_0616:row:1549,8760,FC(F)(F)COC[C@H](C(=O)c1ccccc1)c2ccccc2,ODH,11.94,1.0,11.94,test,14.447593,14.9593935,15.425059
447,ODH_charity_0616:row:447,2443,Cc1ccccc1[C@@H](O)C[N+]([O-])=O,ODH,19.695,0.8,15.756,test,8.542672,9.037512,9.410947
4084,ODH_charity_0616:row:4084,22216,C=C[C@]1(COC(=O)N1)c2ccccc2,ODH,6.0,1.0,6.0,test,6.862332,7.270897,7.6205773
4404,ODH_charity_0616:row:4404,23646,CCOC(=O)[C@@H](CC(=O)c1ccc(Cl)c(Cl)c1)N2N=CC=CC2=O,ODH,68.16,0.5,34.08,test,35.42548,36.642868,37.567814
1802,ODH_charity_0616:row:1802,10097,C1[C@@H](Cc2cccc3ccccc23)Nc4ccccc14,ODH,16.6,0.8,13.28,test,14.945422,15.504042,16.071388
3829,ODH_charity_0616:row:3829,21155,Cc1ccc(cc1)N2N=C(C)[C@@](C\C=C\c3ccccc3)(Cc4ccccc4F)C2=O,ODH,10.018,1.0,10.018,test,10.452678,11.148851,11.826686
4667,ODH_charity_0616:row:4667,24557,CCOC(=O)/C=C/[C@H]1[C@H](C(C)C)N1[S](=O)(=O)c2ccc(C)cc2,ODH,12.89,0.8,10.312,test,7.2021537,7.702612,8.209808
2160,ODH_charity_0616:row:2160,11934,CC[C@H](O)[C@@H](C)NC1CCCCC1,ODH,9.42,1.0,9.42,test,14.991103,15.370709,15.783564
1114,ODH_charity_0616:row:1114,6610,O[C@@H]1CCC[C@]12O[C@H]2c3ccccc3,ODH,8.6,0.8,6.88,test,18.332655,18.89426,19.417683
4323,ODH_charity_0616:row:4323,23277,CC(C)(C)c1ccc(\C=C\C=C\C[C@@](C)(C=O)c2ccccc2)cc1,ODH,7.622,1.0,7.622,test,8.64606,9.028795,9.407207
3434,ODH_charity_0616:row:3434,19088,O[C@H](C(=O)c1ccc2OCOc2c1)c3ccc4OCOc4c3,ODH,32.42,1.0,32.42,test,32.596577,33.655956,34.536457
451,ODH_charity_0616:row:451,2459,C[C@H](CC(=O)c1ccc(F)cc1)[S](=O)(=O)c2ccc(C)cc2,ODH,16.1,1.0,16.1,test,12.837123,13.325269,13.703637
4738,ODH_charity_0616:row:4738,24858,CCCCCC(=O)O\C(c1ccccc1)=C\2[C@@H]([C@H](CCC)C=C2c3ccccc3)c4cccc(Br)c4,ODH,9.1,0.7,6.37,test,5.2224984,6.092919,6.8902698
4744,ODH_charity_0616:row:4744,24900,CCCCCC/C=C/C=C/C[C@@](S)(Cc1ccccc1Br)C(N)=O,ODH,9.103,1.0,9.103,test,19.81731,20.792612,21.615475
2458,ODH_charity_0616:row:2458,13590,C=C[C@@H](CCc1ccccc1)NCCc2ccccc2,ODH,16.02,0.7,11.214,test,13.076913,13.609062,14.09783
1376,ODH_charity_0616:row:1376,7900,COc1ccccc1[C@@](c2[nH]c(cc2)c3ccccc3)(c4ccccc4)c5ccc(O)cc5,ODH,12.2,1.0,12.2,test,10.484336,11.611024,12.563772
4512,ODH_charity_0616:row:4512,24013,Cc1[nH]c(cc1)[C@](C)(c2ccc(O)cc2)c3cc(C)cc(C)c3,ODH,7.1,1.0,7.1,test,6.763833,7.143441,7.4410343
3263,ODH_charity_0616:row:3263,18226,Cc1cccc(/C=C/C[C@@](C)(N)C(=O)OC(C)(C)C)c1,ODH,28.9,0.5,14.45,test,11.091072,11.676196,12.270239
645,ODH_charity_0616:row:645,3732,C[C@H]1Cc2ccccc2N[C@H]1c3ccccc3,ODH,21.0,0.8,16.8,test,11.271384,11.795851,12.317314
1968,ODH_charity_0616:row:1968,10985,C1Nc2ccccc2N[C@H]1c3ccccc3,ODH,14.3,0.6,8.58,test,8.772765,9.098416,9.433132
2877,ODH_charity_0616:row:2877,15895,CCOC(=O)[C@@]1(N[S](=O)(=O)c2ccc(cc12)C(C)(C)C)C#Cc3ccccc3,ODH,26.5,0.5,13.25,test,11.808142,12.189495,12.587144
2353,ODH_charity_0616:row:2353,13016,O=C1N[C@@H](c2ccccc2)c3ccccc3N1,ODH,20.7,1.0,20.7,test,13.754675,14.383867,14.906485
3984,ODH_charity_0616:row:3984,21800,CCOC(=O)N1N(C(C)=O)[C@](C)(C=C1c2ccccc2)c3ccccc3,ODH,6.05,1.0,6.05,test,6.8103833,7.2941628,7.813838
780,ODH_charity_0616:row:780,4419,CCC(=O)C[C@@H]1CCCCN1C(=O)OCc2ccccc2,ODH,20.8,0.5,10.4,test,10.038091,10.604227,11.146478
1975,ODH_charity_0616:row:1975,11006,C1C[C@H]2[C@H](Nc3ccccc3[C@H]2O1)c4ccccc4,ODH,9.17,1.0,9.17,test,8.168309,8.556053,8.86611
250,ODH_charity_0616:row:250,1430,Clc1cccc(c1)[C@@H]2[C@@H](C=O)[C@]23CCC3(c4ccccc4)c5ccccc5,ODH,8.58,1.0,8.58,test,8.142436,8.81181,9.338705
1286,ODH_charity_0616:row:1286,7443,CC(C)(C)OC(=O)/C=C/[C@@H](NCc1ccccc1)c2ccccc2,ODH,8.5,0.6,5.1,test,7.2561255,7.6463957,8.079195
4004,ODH_charity_0616:row:4004,21913,C[C@H]1CCC(=N1)c2ccccc2,ODH,6.2,1.0,6.2,test,6.6429605,6.916977,7.240183
3016,ODH_charity_0616:row:3016,16686,Clc1cccc(c1)[C@@H]2CCc3ccccc3N2,ODH,17.14,0.6,10.284,test,9.398734,9.78772,10.144926
3410,ODH_charity_0616:row:3410,18909,O[C@@H]1CCCC[C@H]1Nc2ccccn2,ODH,31.55,1.0,31.55,test,29.628065,30.423874,31.074785
3492,ODH_charity_0616:row:3492,19371,CC(=O)C1=C(C)OC(=O)C[C@@H]1c2ccc(cc2)C(F)(F)F,ODH,52.8,0.7,36.96,test,32.41012,33.37722,34.32468
406,ODH_charity_0616:row:406,2231,CCCCCC[C@H]1CCC2=C(CCCC2=O)N1,ODH,12.0,1.0,12.0,test,9.988718,10.884465,11.633328
241,ODH_charity_0616:row:241,1393,CC(C)OC(=O)[C@@H](CC=O)Cc1ccc(Cl)cc1,ODH,9.5,1.0,9.5,test,11.205013,11.528508,11.86889
1605,ODH_charity_0616:row:1605,9088,Cc1cccc(/C=C/C=C/C[C@@](C)(C=O)c2ccccc2)c1,ODH,12.272,1.0,12.272,test,12.873022,13.375686,13.84827
3044,ODH_charity_0616:row:3044,16908,O[C@@]1([C@H](C=C)c2ccccc2F)C(=O)N(Cc3cccc4ccccc34)c5ccccc15,ODH,24.375,1.0,24.375,test,16.441116,17.331644,18.177137
3531,ODH_charity_0616:row:3531,19678,Cc1ccc(cc1)[C@H](C[N+]([O-])=O)c2ccccc2,ODH,33.7,1.0,33.7,test,25.946165,26.72648,27.267046
3317,ODH_charity_0616:row:3317,18489,CC[Si](CC)(CC)[C@H](C(=O)OC)c1ccccc1,ODH,4.28,1.0,4.28,test,4.889466,5.29292,5.689149
2011,ODH_charity_0616:row:2011,11226,C1Oc2ccccc2[C@]1(CC#Cc3ccccc3)Cc4ccccc4,ODH,16.4,0.5,8.2,test,8.769038,9.296561,9.870018
2560,ODH_charity_0616:row:2560,14055,CC(C)(C)OC(=O)[C@](N)(C\C=C\c1ccccc1)Cc2ccccc2,ODH,18.5,0.5,9.25,test,6.871525,7.2242885,7.6458006
1262,ODH_charity_0616:row:1262,7350,Cc1ccc(cc1)[S](=O)(=O)NC[C@@H](Sc2sc3ccccc3n2)c4ccc(cc4)B5OC(C)(C)C(C)(C)O5,ODH,13.8,1.0,13.8,test,10.324614,10.911615,11.440478
3197,ODH_charity_0616:row:3197,17935,COc1ccc(/C=C/C[C@@](C)(N)C(=O)OC(C)(C)C)cc1,ODH,27.8,0.5,13.9,test,11.53603,11.910564,12.439165
3710,ODH_charity_0616:row:3710,20643,Cc1ccccc1[C@@H](O)c2ccccc2,ODH,40.68,1.0,40.68,test,29.99005,30.622896,31.288895
2270,ODH_charity_0616:row:2270,12530,Cc1cccc(c1)[C@@H](C[N+]([O-])=O)c2ccccc2,ODH,16.2,1.0,16.2,test,36.124043,37.106667,37.803516
3011,ODH_charity_0616:row:3011,16641,CCOC(=O)[C@@H](CC(=O)c1ccc(OC)cc1)C(=C)C(C)=O,ODH,23.7,1.0,23.7,test,18.945189,19.60729,20.264807
2108,ODH_charity_0616:row:2108,11648,CC(C)(C)OC(=O)C[C@@](N)(C\C=C\c1ccccc1)C(=O)OC(C)(C)C,ODH,15.1,0.5,7.55,test,6.490739,7.0987935,7.626375
4132,ODH_charity_0616:row:4132,22395,COc1ccccc1\C=C\[C@H]2COc3ccccc3O2,ODH,7.73,1.0,7.73,test,8.156889,8.612939,9.04353
1878,ODH_charity_0616:row:1878,10487,FC(F)(F)[C@]1(CC(=CC(=O)O1)c2occc2)c3ccccc3,ODH,13.8,0.75,10.35,test,11.883248,12.636663,13.262128
4723,ODH_charity_0616:row:4723,24788,COc1ccc(N[C@H](CC(C)C)C(=O)Oc2ccccc2)cc1,ODH,8.2,1.0,8.2,test,8.790135,9.2140875,9.644646
1741,ODH_charity_0616:row:1741,9771,COC(=O)c1ccc(C[C@@H]2CCON2C(=O)OC(C)(C)C)cc1,ODH,12.932,0.8,10.3456,test,8.342872,8.595325,8.950928
1691,ODH_charity_0616:row:1691,9575,CC(=C)[C@H](CN[S](=O)(=O)c1ccc(C)cc1)CC(=O)c2ccccc2,ODH,12.75,0.5,6.375,test,4.898125,5.3217573,5.747298
2485,ODH_charity_0616:row:2485,13774,COc1ccc(cc1)C(=O)[C@H]2CCc3ccccc3N2,ODH,25.9,1.0,25.9,test,20.49486,21.146538,21.818361
3534,ODH_charity_0616:row:3534,19707,CCO[P](=O)(OCC)[C@@]12CC(=CC(=O)N1[S](=O)(=O)Oc3ccccc23)c4ccc(C)cc4,ODH,18.3,0.8,14.64,test,12.943972,13.551594,14.081962
4647,ODH_charity_0616:row:4647,24503,Fc1ccc(cc1)C2=C(C[C@@H](O2)C=C)C#N,ODH,10.319,1.0,10.319,test,9.507318,10.120712,10.598584
3202,ODH_charity_0616:row:3202,17972,Brc1ccc(cc1)[C@@H]2CC(=O)OC(=C2)c3ccccc3,ODH,26.6,0.5,13.3,test,15.823699,16.37867,16.891418
4562,ODH_charity_0616:row:4562,24200,CC[C@]1(N(c2cc(C)c(C)cc2C1=C)[S](=O)(=O)C(F)(F)F)c3ccccc3,ODH,8.49,0.5,4.245,test,3.3213122,3.7664008,4.150842
2545,ODH_charity_0616:row:2545,13996,Cc1cccc2O[C@@H](Cc3ccccc3)C(=O)N(Cc4ccccc4)c12,ODH,19.5,0.5,9.75,test,9.363208,9.789283,10.302876
2050,ODH_charity_0616:row:2050,11428,CC[C@H](C#Cc1ccc(C)cc1)c2ccccc2,ODH,14.83,0.7,10.381,test,10.136931,10.664723,11.204104
4660,ODH_charity_0616:row:4660,24533,Clc1ccc(cc1)C2(SCCCS2)[C@H](C=Cc3ccccc3)c4ccccc4,ODH,8.8,1.0,8.8,test,7.0039134,7.5918307,8.130814
1330,ODH_charity_0616:row:1330,7680,C[C@@]1(C(=O)OCC=C)C(=O)N(C(=O)C(c2ccccc2)c3ccccc3)c4cc(Cl)ccc14,ODH,11.0,0.8,8.8,test,6.3776526,7.095372,7.672704
3262,ODH_charity_0616:row:3262,18225,Cc1cccc(/C=C/C[C@](C)(N)C(=O)OC(C)(C)C)c1,ODH,14.3,0.5,7.15,test,7.5040092,7.969984,8.402928
3147,ODH_charity_0616:row:3147,17613,Cc1ccc(cc1)[S](=O)(=O)N2C(=O)[C@@H]([C@H](C=C2c3ccc(Cl)cc3)c4ccccc4)c5ccccc5,ODH,12.0,0.75,9.0,test,11.87459,12.520887,13.028025
1148,ODH_charity_0616:row:1148,6805,CC(C)C[C@H]1Nc2ccccc2C[C@H]1N3C(=O)c4ccccc4C3=O,ODH,17.9,0.7,12.53,test,10.44184,10.82701,11.28079
2738,ODH_charity_0616:row:2738,15116,C1Nc2ccccc2N[C@@H]1c3ccc4ccccc4c3,ODH,30.7,0.6,18.42,test,15.449333,16.073828,16.695679
1111,ODH_charity_0616:row:1111,6601,O[C@H]/1CCCC1=C/c2ccccc2Cl,ODH,10.0,1.0,10.0,test,8.430226,8.772104,9.152082
1556,ODH_charity_0616:row:1556,8831,[N-]=[N+]=N[C@H]1CCCC[C@H]1c2cccc3ccccc23,ODH,14.9,0.7,10.43,test,8.05141,8.495631,8.894497
2230,ODH_charity_0616:row:2230,12276,Clc1cccc2[C@H](CC(=O)Oc12)c3ccccc3,ODH,19.1,1.0,19.1,test,19.00854,19.707823,20.29634
2697,ODH_charity_0616:row:2697,14903,C[C@@H](NN1C(=O)CCC1=O)c2ccccc2,ODH,16.059,0.8,12.8472,test,14.405042,14.846458,15.344114
2808,ODH_charity_0616:row:2808,15561,CO[C@@H](C(=O)OC)c1ccccc1,ODH,10.21,1.0,10.21,test,9.608332,10.017473,10.367184
4681,ODH_charity_0616:row:4681,24597,Cc1cccc(c1)[C@@H](C(=O)OCc2ccccc2)c3cc(C)n(Cc4ccccc4)c3C,ODH,10.0,0.7,7.0,test,6.3182535,6.8394456,7.2583346
140,ODH_charity_0616:row:140,782,CCc1ccc(cc1)[C@@H](O)C(=O)OC(C)C,ODH,7.7,1.0,7.7,test,5.80003,5.9460416,6.2179375
2079,ODH_charity_0616:row:2079,11507,C[C@](C/C=C/C=C/c1ccc(cc1)c2ccccc2)(C=O)c3ccccc3,ODH,14.911,1.0,14.911,test,13.720537,14.270215,14.838577
4219,ODH_charity_0616:row:4219,22818,C[C@@H](C#Cc1ccccc1)c2ccc3Oc4ncccc4Cc3c2,ODH,8.24,1.0,8.24,test,7.6258354,8.13006,8.690809
2874,ODH_charity_0616:row:2874,15888,Clc1ccc2C(=O)O[C@]3(n4ccc1c24)C(=O)N(Cc5ccccc5)c6ccccc36,ODH,21.8,0.8,17.44,test,18.233356,18.900248,19.431103
2666,ODH_charity_0616:row:2666,14682,CC(=O)C1=C(C)OC(=O)C[C@@H]1c2ccccc2F,ODH,22.8,0.7,15.96,test,18.865088,19.546135,20.145784
4685,ODH_charity_0616:row:4685,24609,Fc1ccc(O[C@H](C(=O)OCc2ccccc2)c3ccccc3)cc1,ODH,10.3,1.0,10.3,test,8.340851,9.029664,9.548872
4008,ODH_charity_0616:row:4008,21927,COc1ccccc1[C@](c2[nH]ccc2)(c3[nH]c4ccccc4c3c5ccc6ccccc6c5)c7ccccc7,ODH,6.2,1.0,6.2,test,0.6844199,2.083143,3.0480409
4109,ODH_charity_0616:row:4109,22312,COc1ccccc1c2oc(C)c3Cc4ccccc4N5CCOC[C@H]5c23,ODH,8.1,0.8,6.48,test,8.007378,8.698444,9.252083
4869,ODH_charity_0616:row:4869,25389,CCCCC[C@@H]1Cc2ccccc2N1,ODH,12.4,1.0,12.4,test,9.68632,10.267291,10.803558
3444,ODH_charity_0616:row:3444,19146,C[C@@](C=O)(c1ccccc1)c2ccc(cc2)[N+]([O-])=O,ODH,35.77,0.6,21.462,test,18.321272,18.991543,19.500753
3649,ODH_charity_0616:row:3649,20272,COCN1C(=O)[C@](COC(=O)OC(C)(C)C)(CC=C)c2ccccc12,ODH,40.1,0.8,32.08,test,20.677002,21.420227,22.107523
4733,ODH_charity_0616:row:4733,24813,Clc1cccc(c1)C2=C(C[C@@H](O2)C=C)C#N,ODH,9.893,1.0,9.893,test,8.884526,9.4023075,9.912703
1839,ODH_charity_0616:row:1839,10293,CC[C@@H](CC=O)c1c[nH]c2ccccc12,ODH,16.32,1.0,16.32,test,14.982221,15.493415,15.960024
53,ODH_charity_0616:row:53,391,CC(C)OC(=O)[C@H](O)c1ccc(cc1)C(C)C,ODH,6.2,1.0,6.2,test,5.8161755,6.015172,6.2312336
1003,ODH_charity_0616:row:1003,5844,COc1cccc(c1)[C@H](O)CCl,ODH,30.4,1.0,30.4,test,32.416462,33.080612,33.676178
2479,ODH_charity_0616:row:2479,13727,CSc1ccc(cc1)C(=O)C(=[N+]=[N-])[C@@H](N)C(F)(F)F,ODH,15.531,1.0,15.531,test,19.832209,20.389183,20.923431
1271,ODH_charity_0616:row:1271,7365,C1CSC(SC1)([C@H](C=Cc2ccccc2)c3ccccc3)c4sccc4,ODH,10.7,1.0,10.7,test,9.133834,9.730364,10.237086
2777,ODH_charity_0616:row:2777,15387,O[C@@H]1CCCC[C@H]1Nc2cccc(Cl)c2,ODH,20.89,1.0,20.89,test,20.608118,21.202492,21.798988
3486,ODH_charity_0616:row:3486,19299,CCOC(=O)[C@]1([C@@H]([C@H](N(O)[C@H]1c2ccc(Br)cc2)C(=O)OC)c3ccccc3)C(F)(F)F,ODH,21.9,0.5,10.95,test,8.115819,9.077,9.930021
913,ODH_charity_0616:row:913,5140,CC(C)(NC(=O)C[C@@H]1CCOc2ccccc12)c3ccccn3,ODH,21.9,0.55,12.045,test,9.622754,10.040902,10.468376
492,ODH_charity_0616:row:492,2821,O[C@H]1CCc2cc(Cl)ccc12,ODH,13.9,1.0,13.9,test,21.737484,22.361044,22.921457
841,ODH_charity_0616:row:841,4820,CC[C@@H]1Cc2ccccc2N[C@H]1c3ccccc3,ODH,23.2,0.5,11.6,test,9.69848,10.169277,10.662583
2114,ODH_charity_0616:row:2114,11662,Cc1cccc(c1)\C=C\2CCC[C@@H]2O,ODH,15.1,0.8,12.08,test,8.674849,9.189189,9.65522
1676,ODH_charity_0616:row:1676,9458,Brc1cccc(c1)[C@H]2COc3ccccc3N2,ODH,12.6,0.6,7.56,test,8.696028,9.17362,9.638864
4771,ODH_charity_0616:row:4771,25012,C=C[C@@H](c1ccccc1)C(Cc2ccccc2)(C#N)C#N,ODH,10.3,1.0,10.3,test,11.5297985,12.096659,12.575982
3658,ODH_charity_0616:row:3658,20324,COc1ccc(C[C@@H]2NCCc3cc(OC)c(OC)cc23)cc1OC,ODH,24.92,1.0,24.92,test,24.401613,25.058922,25.68682
4542,ODH_charity_0616:row:4542,24099,CC(C)[C@H](C#Cc1ccccc1)c2ccccc2,ODH,8.39,0.7,5.873,test,7.9045224,8.24094,8.579672
3654,ODH_charity_0616:row:3654,20297,Cc1ccc(cc1)[S](=O)(=O)N2CC[C@H](C2)c3ccccc3,ODH,42.4,1.0,42.4,test,34.73282,35.534534,36.21853
1152,ODH_charity_0616:row:1152,6830,CC(C)(C)[P@](=O)(Cc1ccc(cc1)C#N)c2ccccc2,ODH,7.9,1.0,7.9,test,9.4378,9.877337,10.354818
2033,ODH_charity_0616:row:2033,11335,CCCC[C@]1(COc2ccccc12)CC3=CCCC3,ODH,14.7,0.75,11.025,test,12.282095,12.812213,13.356379
1343,ODH_charity_0616:row:1343,7764,C[C@H](O)[C@H](N1CCCC1)c2ccc(Cl)cc2,ODH,8.26,1.0,8.26,test,7.008918,7.5133595,7.8852873
581,ODH_charity_0616:row:581,3398,COC(=O)[C@H]1COc2ccc(F)cc2O1,ODH,12.0,1.0,12.0,test,22.21981,22.883974,23.242107
2604,ODH_charity_0616:row:2604,14235,O[C@@H]1[C@@H]2O[C@@H]2C(=O)c3cc4CCCCCc4cc13,ODH,15.9,0.8,12.72,test,16.429306,17.286705,17.996368
3982,ODH_charity_0616:row:3982,21794,CCCCCCCCCCCC[S@@](=O)c1ccccc1,ODH,6.023,1.0,6.023,test,7.5369287,8.15355,8.732372
3917,ODH_charity_0616:row:3917,21487,OCC[C@@H](O)c1ccccc1,ODH,49.0,0.6,29.4,test,27.135822,27.664454,28.102026
631,ODH_charity_0616:row:631,3691,CC(C)c1ccc(NC[C@@H]2CCc3ccccc3N2)cc1,ODH,15.5,1.0,15.5,test,15.311305,15.982085,16.604078
4252,ODH_charity_0616:row:4252,22949,Fc1ccc(cc1)[C@@H](Oc2ccccc2)C(=O)OCc3ccccc3,ODH,14.0,1.0,14.0,test,11.131335,11.781131,12.264738
2166,ODH_charity_0616:row:2166,11976,COC(=O)[C@H]1CCCc2ccccc12,ODH,15.5,0.4,6.2,test,9.425427,9.764958,10.126335
2745,ODH_charity_0616:row:2745,15181,C[C@H]1C[C@@H](O)c2ccc(C)cc2O1,ODH,24.786,0.5,12.393,test,11.202332,11.490798,11.825107
1581,ODH_charity_0616:row:1581,8959,CCCC[C@@H]1Nc2ccccc2C[C@H]1N3C(=O)c4ccccc4C3=O,ODH,12.1,0.7,8.47,test,8.502573,9.132592,9.7043
390,ODH_charity_0616:row:390,2143,CC(C)OC(=O)[C@@H](O)c1ccc2ccccc2c1,ODH,9.9,1.0,9.9,test,12.079681,12.468435,12.871729
276,ODH_charity_0616:row:276,1585,CC1(C)CN(C(=O)Nc2cc(cc(c2)C(F)(F)F)C(F)(F)F)[C@@](CN=[N+]=[N-])(C1)c3ccccc3,ODH,11.7,0.8,9.36,test,9.438133,10.087032,10.5204735
1238,ODH_charity_0616:row:1238,7242,C[C@@H](N[S](=O)(=O)C(C)(C)C)c1ccc(Br)cc1,ODH,8.2,1.0,8.2,test,7.2932277,7.49257,7.717861
1275,ODH_charity_0616:row:1275,7389,COc1ccc(cc1)C2=C(C[C@H](O2)C=C)C#N,ODH,10.731,1.0,10.731,test,14.508765,15.050304,15.488414
4311,ODH_charity_0616:row:4311,23198,Cc1ccc(cc1)[C@@](C)(C\C=C\C=C\c2ccccc2)C=O,ODH,7.586,1.0,7.586,test,8.299909,8.688258,9.039224
4553,ODH_charity_0616:row:4553,24149,Cc1ccc(cc1)[C@@H](C(=O)OCc2ccccc2)c3cc(C)n(Cc4ccccc4)c3C,ODH,9.7,0.7,6.79,test,5.9793024,6.540928,6.960904
2719,ODH_charity_0616:row:2719,15012,Cc1cc2C[C@H](\C=C\c3ccccc3)N(c2cc1C)[S](=O)(=O)C(F)(F)F,ODH,20.1,0.5,10.05,test,6.054436,6.4961185,6.898381
3113,ODH_charity_0616:row:3113,17339,Fc1ccc(C[C@@H]2Oc3ccccc3N(Cc4ccccc4)C2=O)cc1,ODH,20.3,0.5,10.15,test,9.574016,9.994633,10.479729
1982,ODH_charity_0616:row:1982,11043,CC(C)(C)OC(=O)[C@@](C)(N)C\C=C\c1ccc(cc1)C(F)(F)F,ODH,11.8,0.5,5.9,test,5.3859906,5.743194,6.26705
1110,ODH_charity_0616:row:1110,6600,O[C@@H]/1CCCC1=C/c2ccccc2Cl,ODH,7.61,1.0,7.61,test,6.7613792,7.0981517,7.4804683
1122,ODH_charity_0616:row:1122,6641,FC(F)(F)[C@H]1NC1C(=O)c2ccc(cc2)c3ccccc3,ODH,10.038,1.0,10.038,test,9.461572,10.123435,10.752411
1365,ODH_charity_0616:row:1365,7852,CN(CC[C@H](O)c1ccc(F)cc1)Cc2ccccc2,ODH,11.12,0.8,8.896,test,13.544522,14.086804,14.532364
3646,ODH_charity_0616:row:3646,20268,CC(C)[C@@H]1CC(=O)N=C(S1)c2ccccc2,ODH,47.9,0.6,28.74,test,19.109135,19.579094,20.056108
1404,ODH_charity_0616:row:1404,8088,CC(=C)[C@@H]1CN(C(=C1)c2ccccc2)[S](=O)(=O)c3ccc(C)cc3,ODH,10.35,0.8,8.28,test,8.393661,8.716041,8.98474
775,ODH_charity_0616:row:775,4400,OC(=O)[C@H]1COc2ccccc2O1,ODH,32.5,1.0,32.5,test,25.903875,26.34489,26.721842
4576,ODH_charity_0616:row:4576,24264,Cc1cccc(c1)C2=C(C[C@@H](O2)C=C)C#N,ODH,9.171,1.0,9.171,test,10.837346,11.301873,11.741167
391,ODH_charity_0616:row:391,2144,CC(C)OC(=O)[C@H](O)c1ccc2ccccc2c1,ODH,11.7,1.0,11.7,test,14.676833,15.18974,15.681245
1602,ODH_charity_0616:row:1602,9082,CC(C)(C)[P@@](=O)(Cc1ccc(cc1)C#N)c2ccccc2,ODH,12.26,1.0,12.26,test,9.750516,10.102939,10.565152
2743,ODH_charity_0616:row:2743,15168,IC[C@@]1(CCCc2ccccc2)COc3ccccc13,ODH,20.4,0.5,10.2,test,14.155646,14.722819,15.195316
3045,ODH_charity_0616:row:3045,16925,Cc1ccc(cc1)C(=O)[C@@H](O)[C@H](C=C)c2ccccc2,ODH,26.3,0.5,13.15,test,10.456694,11.008472,11.471677
984,ODH_charity_0616:row:984,5659,OCC[C@H](C[N+]([O-])=O)c1cccc2ccccc12,ODH,31.66,1.0,31.66,test,25.04648,25.915533,26.55651
76,ODH_charity_0616:row:76,456,COc1ccc(c(c1)C#C[Si](C(C)C)(C(C)C)C(C)C)[S@@](=O)c2ccccn2,ODH,5.9,1.0,5.9,test,4.2660604,5.4166408,6.5439167
2385,ODH_charity_0616:row:2385,13164,CCOC(=O)[C@@]1(CC=C)N[S](=O)(=O)c2ccc(cc12)C(F)(F)F,ODH,12.3,0.8,9.84,test,10.55679,11.099227,11.535333
4669,ODH_charity_0616:row:4669,24559,CC[C@@]1(N(c2cc(C)c(C)cc2C1=C)[S](=O)(=O)C(F)(F)F)c3ccc(Cl)cc3,ODH,8.26,0.6,4.956,test,4.5761824,4.990502,5.4358773
1952,ODH_charity_0616:row:1952,10897,C[C@H](\C=C\c1ccccc1)[C@](C)(N)C(=O)OC(C)(C)C,ODH,5.5,1.0,5.5,test,7.9941773,8.551044,9.0754595
3669,ODH_charity_0616:row:3669,20378,CCO[P](=O)(OCC)[C@]12CC(=CC(=O)N1[S](=O)(=O)Oc3ccccc23)c4ccc(Cl)cc4,ODH,41.4,0.8,33.12,test,35.538273,36.962696,38.17541
3343,ODH_charity_0616:row:3343,18601,CCOC(=O)[C@@]1(N[S](=O)(=O)c2ccccc12)C#Cc3ccc(Cl)cc3,ODH,39.8,0.5,19.9,test,18.699705,19.46557,20.133234
1450,ODH_charity_0616:row:1450,8348,CC[C@@H](C#Cc1ccccc1)c2ccccc2,ODH,17.07,1.0,17.07,test,13.042369,13.71111,14.309958
498,ODH_charity_0616:row:498,2877,Cc1ccc(cc1)C2(CC[C@]23[C@H](C=O)[C@H]3c4ccccc4)c5ccc(C)cc5,ODH,6.02,1.0,6.02,test,7.258115,7.8751135,8.309535
107,ODH_charity_0616:row:107,614,CC(C)OC(=O)[C@@H](O)c1cccc(Cl)c1,ODH,6.1,1.0,6.1,test,3.8560104,4.1150064,4.400836
1372,ODH_charity_0616:row:1372,7896,COc1ccccc1/C=C/[C@H](C)[C@](C)(N)C(=O)OC(C)(C)C,ODH,12.2,1.0,12.2,test,9.823517,10.422533,11.025692
1517,ODH_charity_0616:row:1517,8576,Cc1ccc(cc1)[C@H](CO)CCl,ODH,10.9,1.0,10.9,test,11.735064,12.014594,12.304879
4654,ODH_charity_0616:row:4654,24516,COc1ccccc1[C@H]2Cc3ccccc3C(=O)C(=N2)c4ccccc4O,ODH,8.8,0.8,7.04,test,8.586766,9.109081,9.557192
1488,ODH_charity_0616:row:1488,8443,C[C@H]1C[C@H](c2ccc3ccccc3c2)C(C)(C)C1=O,ODH,9.39,1.0,9.39,test,6.508701,6.7880273,7.2169986
4381,ODH_charity_0616:row:4381,23521,COC(=O)[C@H](Oc1ccccc1)c2ccccc2,ODH,7.9,1.0,7.9,test,10.803769,11.362107,11.836328
3611,ODH_charity_0616:row:3611,20096,CCCCO[C@H](c1ccc(cc1)c2ccccc2)c3ccccc3c4ccccc4,ODH,4.5,1.0,4.5,test,4.247911,4.783271,5.250427
1131,ODH_charity_0616:row:1131,6689,CC1(C)OC[C@H](CO)Oc2ccc(Br)cc12,ODH,10.1,1.0,10.1,test,9.758658,10.1676,10.523957
828,ODH_charity_0616:row:828,4756,Cc1ccc(cc1)[S](=O)(=O)N[C@@H]2CCc3ccccc23,ODH,16.4,1.0,16.4,test,17.136448,17.706661,18.23208
4473,ODH_charity_0616:row:4473,23883,CCC[C@H](NCc1ccccc1)C=C,ODH,8.195,0.5,4.0975,test,3.6649997,3.971682,4.261091
3174,ODH_charity_0616:row:3174,17765,CC(=O)c1ccc(cc1)[S@](=O)Cc2ccccc2,ODH,22.88,1.0,22.88,test,18.245373,18.867931,19.447586
1932,ODH_charity_0616:row:1932,10733,CC(=C)C[C@H]1CC(=NO1)c2ccccc2,ODH,15.67,0.6,9.402,test,6.593768,6.8965282,7.178488
4705,ODH_charity_0616:row:4705,24711,O=C1OC(=C[C@@H]([C@@H]1Cc2ccccc2)c3cccnc3)c4ccccc4,ODH,31.6,0.75,23.7,test,47.938995,49.222157,50.30872
3187,ODH_charity_0616:row:3187,17879,CC(C)C[C@@H]1C=Cc2cc(C)c(C)cc2[C@H]1O,ODH,31.16,1.0,31.16,test,32.17318,32.97185,33.76832
475,ODH_charity_0616:row:475,2641,CC(C)(NC(=O)C[C@@H]1CCOc2c1ccc3ccccc23)c4ccccn4,ODH,9.7,1.0,9.7,test,10.196357,10.709013,11.260345
4895,ODH_charity_0616:row:4895,25492,Cn1c2ccccc2c([C@H](C(=O)OCc3ccccc3)c4ccccc4)c1c5ccc(Cl)cc5,ODH,12.3,0.7,8.61,test,10.109361,10.878259,11.589892
2951,ODH_charity_0616:row:2951,16261,COc1cc2CCC[C@@H](C#Cc3cccc4ncccc34)c2cc1OC,ODH,23.7,1.0,23.7,test,22.450363,23.235758,23.926344
3750,ODH_charity_0616:row:3750,20851,OC[C@H](O)c1ccc(F)cc1,ODH,49.3,1.0,49.3,test,40.03514,40.909237,41.43266
20,ODH_charity_0616:row:20,187,C[C@H]1CCc2cc(F)ccc2N1,ODH,5.9,1.0,5.9,test,5.761054,6.159461,6.4776335
266,ODH_charity_0616:row:266,1520,C[C@]1(CCO)CCCn2ccc(c3ccc(F)cc3)c12,ODH,12.08,1.0,12.08,test,10.962324,11.480745,11.9061
120,ODH_charity_0616:row:120,671,CC(C)(C)c1ccc(cc1)[C@H]2Nc3ccccc3OC2=O,ODH,7.3,1.0,7.3,test,10.811785,11.031971,11.310837
563,ODH_charity_0616:row:563,3298,Oc1cccc(c1)[C@H]2CCc3ccccc3N2,ODH,26.6,1.2,31.92,test,21.995472,22.810457,23.514063
494,ODH_charity_0616:row:494,2846,O=C1CCC[C@@]12[C@H](Cc3c(cccc23)c4ccccc4)Sc5ccccc5,ODH,15.02,1.0,15.02,test,13.802723,14.511886,15.162587
3521,ODH_charity_0616:row:3521,19582,CCCCCCCCCC[C@@H](\C=C\C(=O)Oc1ccc(F)cc1)N2C(=O)C3CC=CCC3C2=O,ODH,28.9,0.8,23.12,test,24.003075,25.236668,26.234001
224,ODH_charity_0616:row:224,1296,F[C@@H]1CCCO[C@@]1(C(=O)c2ccc(F)cc2)c3ccc(F)cc3,ODH,8.36,1.0,8.36,test,7.49531,8.100478,8.536165
4886,ODH_charity_0616:row:4886,25445,O[C@@H](c1ccc(F)cc1)C(=O)c2ccc(F)cc2,ODH,9.63,1.0,9.63,test,13.162045,13.799555,14.261935
4743,ODH_charity_0616:row:4743,24899,CCCCCC/C=C/C=C/C[C@](S)(Cc1ccccc1Br)C(N)=O,ODH,8.295,1.0,8.295,test,10.475045,11.2098,11.873463
1260,ODH_charity_0616:row:1260,7326,C([C@@H]1Cc2ccccc2N1)c3ccccc3,ODH,12.0,1.0,12.0,test,15.690728,16.133059,16.604832
2802,ODH_charity_0616:row:2802,15525,OC[C@@]1(\C=C\c2ccccc2)C(=O)N(CC=C)c3ccccc13,ODH,21.1,0.8,16.88,test,21.770044,22.530064,23.051058
2030,ODH_charity_0616:row:2030,11314,C[C@]1(COC(=O)c2ccc(cc2)[N+]([O-])=O)COC3(CO1)CC=CC3,ODH,17.0,1.0,17.0,test,13.434252,14.125444,14.71307
3432,ODH_charity_0616:row:3432,19083,CCCC[C@H]1CC(=O)N=C(S1)c2ccccc2,ODH,32.4,0.5,16.2,test,14.105645,14.575743,15.078169
4741,ODH_charity_0616:row:4741,24897,Cc1ccc(C[C@@]2(C)CC(=NO2)c3ccccc3)cc1,ODH,9.89,0.8,7.912,test,6.870284,7.1429944,7.4606886
1203,ODH_charity_0616:row:1203,7101,Cc1ccc(cc1)C(=O)C(=[N+]=[N-])[C@H](N)C(F)(F)F,ODH,10.494,1.0,10.494,test,8.851312,9.324799,9.803831
