epoch,train_loss,validation_loss,train_seconds,validation_seconds
1,228.54261271158853,199.8030242919922,13.116813500000717,0.2927305420016637
2,120.94851938883464,267.6448059082031,11.591956332998961,0.32190587500008405
3,87.20481618245442,267.185302734375,12.770383708000736,0.2998144169978332
4,79.38616689046223,226.19400024414062,11.19496416700349,0.3049842920008814
5,69.81297047932942,157.01161193847656,11.190989417002129,0.29733054200187325
6,65.45880762736003,149.37477111816406,10.54879954200078,0.30716695800219895
7,60.13165028889974,112.28408813476562,11.074848500000371,0.287609707997035
8,55.35887145996094,73.83543395996094,11.541312749999634,0.30843841699970653
9,49.894002278645836,76.89674377441406,14.490570583999215,0.37317075000100886
10,47.453295389811196,68.0703125,13.671899666001991,0.32622770899979514
11,42.73310470581055,70.76671600341797,10.613911625001492,0.33497287499994854
12,42.4713986714681,71.36962127685547,11.154225124999357,0.34741841700088116
13,40.888013203938804,75.45146179199219,11.098363124998286,0.3195499160028703
14,41.38563092549642,68.66752624511719,10.755231374998402,0.32863541699771304
15,36.08062235514323,60.62276840209961,11.021663874998922,0.345798583002761
16,33.790822982788086,58.72865295410156,9.815059458000178,0.28672491700126557
17,31.842790603637695,58.90492248535156,9.504162749999523,0.27719700000307057
18,29.179041226704914,61.92721939086914,9.81068820800283,0.3542150829998718
19,27.8486172358195,56.70096206665039,10.864171833,0.33032729199840105
20,26.1309331258138,49.589881896972656,10.6664250419999,0.3335566669993568
21,24.22800890604655,48.557804107666016,10.128624332999607,0.24698108300071908
22,23.09166367848714,48.03133773803711,9.416291249999631,0.2690667080023559
23,22.1041161219279,53.0114631652832,9.297967208000046,0.2847015420011303
24,22.136080106099445,57.84078598022461,9.392859833998955,0.2666532080002071
25,23.866360982259113,42.87611389160156,9.286126499999227,0.2979219579974597
26,21.795717239379883,48.58807373046875,9.813269957998273,0.26514316700195195
27,24.727800687154133,48.82947540283203,9.85912074999942,0.2971371250023367
28,22.749978065490723,71.26004791259766,9.39354558299965,0.2526330830005463
29,23.12950038909912,43.12356185913086,9.429628333000437,0.29519299999810755
30,20.762810389200848,63.40718078613281,9.7162900000003,0.26347645900023053
31,20.673782348632812,55.61848449707031,10.419716250002239,0.3504554159990221
32,21.25419012705485,47.11118698120117,12.585997207999753,0.35680670800138614
33,18.55841636657715,52.13309097290039,11.770419708998816,0.30953162500009057
34,18.54886245727539,58.51701354980469,11.253363791998709,0.32799270800023805
35,16.771480242411297,38.609130859375,10.222468958996615,0.3381470829990576
36,16.36702013015747,47.26633834838867,10.354202250000526,0.3175679999985732
37,17.43855841954549,40.048702239990234,10.346166832998279,0.3141987080016406
38,16.13783025741577,56.181026458740234,10.094293500002095,0.342288167001243
39,17.924201647440594,40.541648864746094,10.332388916998752,0.3152739999968617
40,17.283676147460938,57.32612609863281,10.159858249997342,0.31124754199845484
41,16.6151606241862,41.99820327758789,12.507727915999567,0.41945941599988146
42,15.215975602467855,55.15143966674805,15.141793167000287,0.43090925000069547
43,15.09601879119873,47.30640411376953,15.178541874996881,0.44843741599834175
44,14.713151931762695,45.062416076660156,14.738465834001545,0.41812437499902444
45,16.121776898701984,44.87071990966797,13.660457875001157,0.4224072079996404
46,15.371419906616211,46.85050964355469,14.379577709001751,0.4232475829994655
47,14.64969809850057,36.963260650634766,16.981321208000736,0.40486425000199233
48,13.395323435465494,42.332862854003906,15.87517562499852,0.4114789999985078
49,13.373949527740479,35.86130905151367,16.467583457997534,0.4087659580000036
50,13.934592723846436,55.3572998046875,14.782588959002169,0.4284600829996634
51,12.676317850748697,47.639129638671875,14.572717917002592,0.47630554200077313
52,13.026711622873941,43.01628875732422,15.507416209002258,0.4320451250023325
53,12.342833360036215,47.16240310668945,15.18879491700136,0.4411632089977502
54,11.915160179138184,43.569488525390625,15.378479666000203,0.44731770799990045
55,12.09324836730957,40.851356506347656,15.291835125000944,0.4130704999988666
56,11.554707209269205,45.88352584838867,14.810046541999327,0.4302595000008296
57,13.629711786905924,43.28430938720703,15.129584375001286,0.4393240829995193
58,12.022496382395426,57.58692932128906,15.417133542003285,0.40163720900090993
59,13.848179658253988,45.01256561279297,14.116046541999822,0.4204827919966192
60,13.746969223022461,43.104801177978516,14.186728459000733,0.3942521669996495
61,12.584651629130045,46.08865737915039,14.383784333000222,0.41743529199811746
62,11.779271443684896,48.20252227783203,13.839027707999776,0.43463079199864296
63,11.551125844319662,47.31730651855469,14.134426207998331,0.4061990420013899
64,10.944000720977783,41.9293212890625,13.299452875002316,0.3660014159977436
65,11.631731033325195,46.444583892822266,12.219218915997772,0.4004690000001574
66,11.236033121744791,43.205772399902344,12.192387125000096,0.403281999999308
67,10.24612275759379,37.22069549560547,12.779984374999913,0.3963106669980334
68,9.670822540918985,56.55129623413086,12.478265540998109,0.3232448749986361
69,9.255428791046143,39.22361755371094,10.132829500002117,0.3322397500014631
70,9.600810050964355,47.66073989868164,10.019083082999714,0.3308027499988384
71,8.827839215596518,47.46974563598633,9.806083790997945,0.28712670800086926
72,9.471971193949381,35.105735778808594,9.61330454200288,0.30259633300011046
73,8.62345258394877,49.00776672363281,10.125365584000974,0.3341524169991317
74,8.802400906880697,38.8310432434082,10.535394750000705,0.4156131669988099
75,8.663818756739298,44.4393424987793,12.801966334001918,0.39682033299686736
76,9.26994276046753,40.08991622924805,12.721693791998405,0.384017042000778
77,9.030714670817057,44.637081146240234,11.712121374999697,0.3578513339998608
78,10.365715503692627,45.490447998046875,11.496011541999906,0.38204091700026765
79,9.731409231821695,48.909183502197266,13.31991595799991,0.423746458000096
80,10.681601683298746,74.56755828857422,14.288559249998798,0.4472273329993186
81,10.482148170471191,41.856990814208984,14.191328458000498,0.42700537500059
82,9.907232443491617,47.21955490112305,14.130478125000081,0.4379662079991249
83,9.140103022257486,45.12987518310547,14.369327374999557,0.43633504200261086
84,8.417261123657227,45.32075881958008,13.819201709000481,0.418450583001686
85,7.596819480260213,41.94535827636719,12.492119957998511,0.44124749999900814
86,7.479921420415242,36.18573760986328,14.377719583000726,0.4226574160020391
87,6.8763314088185625,41.70207214355469,13.963139375002356,0.43627666600150405
88,8.08240540822347,37.8437614440918,13.468711917001201,0.4112565830000676
89,6.8434657255808515,39.189697265625,12.31566683300116,0.4302097500003583
90,7.461988528569539,42.45597839355469,14.390182917002676,0.4328679579994059
91,7.47494379679362,37.16887664794922,12.348265625001659,0.4095399580000958
92,7.434469223022461,45.2407112121582,13.538462750002509,0.403423040999769
93,7.525816758473714,39.508460998535156,13.983569292002358,0.4336900420021266
94,7.645220438639323,40.888282775878906,14.005955832999462,0.41875699999945937
95,7.289158344268799,40.801055908203125,13.946841083001345,0.4273921669991978
96,6.486848831176758,41.14596939086914,12.22618954200152,0.42076799999995274
97,7.167771021525065,45.19000244140625,13.464000542000576,0.3956811669995659
98,6.919244050979614,40.307098388671875,13.822511083999416,0.42277283300063573
99,7.5445661544799805,45.142032623291016,14.24018787499881,0.44649624999874504
100,6.751829942067464,50.70417022705078,15.316842332998931,0.4049375829999917
101,7.020655393600464,37.85829544067383,13.592057500001829,0.4141033750020142
102,6.525560220082601,41.99512481689453,13.144795374999376,0.41336233300171443
103,6.942985852559407,41.41035079956055,14.886245166002482,0.40560495799945784
104,6.461739142735799,38.33430862426758,14.676502958998753,0.43476037500295206
105,7.140197118123372,42.33436965942383,15.090130042000965,0.46092058300200733
106,7.440871159235637,37.53913116455078,14.929664125000272,0.41515891699964413
107,7.493016084035237,36.70991134643555,13.566210125001817,0.5266672920006386
108,6.746894518534343,44.28871154785156,14.503906499998266,0.4495400410014554
109,6.173846165339152,45.592254638671875,15.442397790997347,0.4506942909974896
110,5.749027808507283,35.70294952392578,15.911989500000345,0.4418245409979136
111,5.430938879648845,35.77166748046875,15.357477167002799,0.45751908400052343
112,4.8952657381693525,35.610958099365234,14.33654100000058,0.43108249999932013
113,5.01834766070048,36.03367233276367,14.330407833000208,0.419469583001046
114,4.853823622067769,35.34571838378906,14.100146291999408,0.4162208749985439
115,4.804667631785075,41.43172836303711,14.245185832998686,0.46923004199925344
116,4.98726471265157,39.260887145996094,14.035588333001215,0.41159420799885993
117,5.092710812886556,35.86811828613281,14.384104167002079,0.4365647500017076
118,5.079409281412761,41.38056945800781,14.277036415998737,0.42603045900250436
119,4.7857712507247925,39.14582824707031,13.589211209000496,0.353018041998439
120,5.93389368057251,50.117828369140625,11.762654666999879,0.367368749997695
121,6.6969319979349775,39.51118087768555,11.201567500000237,0.3701694999981555
122,7.126928726832072,43.86874771118164,13.108063083000161,0.40659312500065425
123,8.651601950327555,40.80978012084961,13.507429124998453,0.39550912500271806
124,7.198525746663411,47.95207977294922,13.66823820799982,0.42804275000162306
125,6.233462651570638,40.29834747314453,12.778264915999898,0.4012726670007396
126,5.759353796641032,37.8355712890625,12.90692245900209,0.3900649160023022
127,6.02784005800883,38.95089340209961,15.133315082999616,1.4947939589983434
128,5.4088544845581055,41.95785140991211,17.965375874999154,0.44626495800184784
129,6.600034872690837,39.259788513183594,15.768222709000838,0.6376534169976367
130,6.521374622980754,44.55961990356445,18.535324541997397,0.5119626250016154
131,6.789450486501058,40.51548385620117,17.121966833001352,0.5052289170016593
132,6.425901651382446,39.07389831542969,16.994758124998043,0.47981837499901303
133,6.029754161834717,44.1713752746582,15.894657625001855,0.4370414589975553
134,5.790053049723308,42.65932846069336,16.415883166999265,0.5019255420011177
135,5.520806709925334,40.070796966552734,17.280437041001278,0.44931508299850975
136,5.384853521982829,45.78261947631836,16.768563249999715,0.45827295900016907
137,5.733152310053508,41.06010437011719,16.77833308299887,0.48791595899820095
138,5.618667840957642,40.88522720336914,16.992830125000182,0.48074266700132284
139,5.379158099492391,46.874107360839844,16.951732749999792,0.467403208000178
140,5.58284576733907,37.43621826171875,16.612114832998486,0.4849552499981655
141,5.4674185911814375,34.22522735595703,17.101272667001467,0.4789752500000759
142,4.95983346303304,42.357826232910156,17.303248790998623,0.4837069579989475
143,5.002486268679301,44.18828201293945,17.342631583000184,0.4331662500007951
144,5.547091722488403,40.36641311645508,16.236271124998893,0.4628599169991503
145,5.761802355448405,38.15251922607422,17.330731207999634,0.47082791600041674
146,5.503689448038737,38.183570861816406,16.407546958002058,0.4570587500020338
147,5.01196567217509,39.28914260864258,16.01485516699904,0.4400834580010269
148,4.542777935663859,35.42755126953125,15.94221162499889,0.3697803750001185
149,4.319582462310791,41.96079635620117,13.190381917000195,0.39358891600204515
150,4.103209296862285,33.80892562866211,11.77184783300254,0.3633098330028588
151,3.8103944857915244,44.87318420410156,12.34188541599724,0.38215958399814554
152,3.92974583307902,33.42864990234375,13.046599041001173,0.33555920900107594
153,3.817232847213745,38.374176025390625,12.0749136250015,0.3626812920010707
154,3.929407000541687,40.595359802246094,14.208626124996954,0.42813645800197264
155,3.7056609392166138,33.884700775146484,13.724995958000363,0.39855050000187475
156,3.5342100858688354,38.37313461303711,14.353770458998042,0.3811562499977299
157,4.0492293039957685,39.246910095214844,13.897926165998797,0.39274079199822154
158,3.6779910723368325,38.70918655395508,13.259003250001115,0.38894983299906016
159,4.106011549631755,37.90108108520508,11.832033249997039,0.3648664159991313
160,4.339079936345418,32.62452697753906,12.13600920799945,0.402363332999812
161,4.342695554097493,50.354671478271484,13.598691874998622,0.39865220800129464
162,4.497183163960774,33.98651885986328,13.273428207998222,0.38802133300123387
163,4.3376437822977705,41.85395812988281,12.28298100000029,0.36946091700156103
164,4.278789043426514,34.841094970703125,11.742721792001248,0.4054625000026135
165,4.512012481689453,39.39072036743164,13.34361162499772,0.39891275000263704
166,4.33520229657491,37.90958786010742,13.065558082998905,0.37645054099994013
167,4.250893751780192,40.88699722290039,9.907915790998231,0.2930656669996097
168,3.79442298412323,37.808963775634766,9.37633304100018,0.2878013749977981
169,4.192172129948934,40.85493087768555,9.516123749999679,0.31296404200111283
170,4.412954330444336,33.268768310546875,9.38855204200081,0.2893536249976023
171,3.803840080897013,39.78378677368164,9.562699583999347,0.29928212499726214
172,3.7608444690704346,38.47545623779297,9.510890458001086,0.30173287499928847
173,3.555946866671244,37.706329345703125,9.496779042001435,0.2810396659988328
174,3.4856675068537393,32.38772201538086,9.51857204100088,0.3154554579996329
175,3.4708176453908286,37.286800384521484,9.56234570900051,0.31008337499952177
176,3.6480133136113486,34.34037399291992,9.521278790998622,0.2855228749976959
177,3.488251487414042,36.958946228027344,9.545910041000752,0.29790966600194224
178,3.4352707068125405,35.400306701660156,10.091918042002362,0.28072325000175624
179,3.0300634702046714,38.23285675048828,9.645671750000474,0.2948442920023808
180,3.015896439552307,36.92079162597656,9.678480916001718,0.29877791599938064
181,2.869179884592692,36.130859375,9.62877466700229,0.3336222079997242
182,2.7055944204330444,35.92578125,9.51418541699968,0.2902803329998278
183,3.0222435792287192,39.34702682495117,9.663225249998504,0.31176974999834783
184,2.9331286350886026,32.07359313964844,9.631395749998774,0.28789016700102366
185,3.236753225326538,39.95307922363281,9.592012749999412,0.29219437500069034
186,3.5645211935043335,34.31563186645508,9.656423041997186,0.30395833299917285
187,3.604972799619039,42.643348693847656,9.769955290998041,0.30036004099747515
188,4.033133586247762,37.193443298339844,9.669123084000603,0.321042583000235
189,4.056071201960246,42.1434440612793,7.982438250000996,0.1919192919995112
190,3.641833504041036,34.107276916503906,7.673251833002723,0.19375920799939195
191,3.5386722087860107,36.68508529663086,7.634250625000277,0.19421208299900172
192,3.4622855186462402,37.3185920715332,7.728744791998906,0.1916863749975164
193,3.2705416679382324,34.39681625366211,7.661389958000655,0.18994883300183574
194,3.341677188873291,39.6485481262207,7.658968290998018,0.2007004999977653
195,3.487752914428711,33.67635726928711,7.756705457999487,0.19795208299910882
196,3.3987045288085938,42.01792907714844,7.733769250000478,0.19529345800037845
197,3.722621122996012,38.45023727416992,7.73536787500052,0.20191433299987693
198,3.352871298789978,33.29355239868164,7.697005749996606,0.19877354199707042
199,3.0724794467290244,34.19014358520508,7.653557916000864,0.19854012500218232
200,2.7836308081944785,34.078670501708984,7.7156360000008135,0.22353395800018916
201,2.4736523230870566,40.73246383666992,8.201424750001024,0.29871516700222855
202,2.492397983868917,34.949302673339844,9.86261229199954,0.3106687500003318
203,2.725877563158671,33.304466247558594,9.716679833003582,0.2988776250022056
204,2.9019667307535806,33.87164306640625,10.247187916997063,0.3113719159991888
205,2.60744301478068,37.85590362548828,9.703148458000214,0.2922400839997863
206,2.5129019021987915,32.813358306884766,9.791322082997794,0.289597707997018
207,2.486248016357422,31.95843505859375,9.715815833002125,0.2995227909996174
208,2.3381301959355674,42.39927291870117,10.140937040996505,0.29052287499871454
209,2.356813073158264,29.50865936279297,9.82490879100078,0.2800513329966634
210,2.3862229585647583,39.956817626953125,9.795999999998457,0.30591454199748114
211,2.656320333480835,31.427505493164062,9.607163832999504,0.2868876669999736
212,2.5894319216410318,43.37611389160156,9.874948874999973,0.2859353329986334
213,2.8415229320526123,38.929805755615234,9.60865449999983,0.2916289999993751
214,2.8614405393600464,34.113948822021484,10.072636666998733,0.27089087499916786
215,2.6522390445073447,32.31720733642578,9.602520749998803,0.3042260419970262
216,2.6875005960464478,41.65624237060547,10.144318540998938,0.27935470800002804
217,2.846015135447184,34.192203521728516,9.696806999996625,0.314419333000842
218,3.079367160797119,34.93369674682617,9.6804526670021,0.2996426670033543
219,3.3874250253041587,42.578887939453125,10.037128500000108,0.29821466699650045
220,3.284811774889628,35.29468536376953,9.710870709001028,0.288194000000658
221,3.3356709480285645,34.348873138427734,10.228744125000958,0.28062816700185067
222,3.041804035504659,39.8507194519043,9.828042582998023,0.30487033299868926
223,2.8060030142466226,32.629329681396484,9.701324000001478,0.2826883749985427
224,2.704484224319458,38.87770462036133,9.97030820800137,0.3012056660008966
225,2.70717986424764,33.66841506958008,9.80270174999896,0.29317358399930527
226,2.4443047444025674,36.209346771240234,10.194875082997896,0.29600366600061534
227,2.6214174032211304,37.09952926635742,9.818532749999576,0.3076162910001585
228,2.4487588008244834,36.88128662109375,9.892027249999956,0.30789508299858426
229,2.6429124673207602,35.57212448120117,10.057035874997382,0.3189710830010881
230,2.3869566917419434,33.34164047241211,9.875738458998967,0.29641020800045226
231,2.164401372273763,33.995750427246094,10.347962874999212,0.2924688330022036
232,1.9270374178886414,38.55892562866211,9.781060749999597,0.29627925000022515
233,2.2966869672139487,33.02904510498047,9.99750454199966,0.2770381249974889
234,2.1383191347122192,33.02911376953125,9.894554875001631,0.3042861249996349
235,2.1280701557795205,35.213050842285156,9.94454549999864,0.2847518749986193
236,2.18036025762558,32.121219635009766,10.328975958000228,0.2846293340007833
237,2.458074450492859,33.26422882080078,9.86809833299776,0.3047677089998615
238,2.2157367865244546,40.7632942199707,9.890888750000158,0.2965485839995381
239,2.5441935459772744,36.91923522949219,10.222219916999165,0.30208329199740547
240,2.8394025961558023,33.39421463012695,10.023220374998346,0.29371570899820654
241,2.4035035769144693,36.27562713623047,10.368046915999003,0.31691670900181634
242,2.436105569203695,32.44707107543945,10.027889708002476,0.2923861669987673
243,2.136972347895304,36.31093215942383,10.27043629200125,0.29217945900018094
244,1.9074434439341228,32.736934661865234,9.928224166000291,0.3152576249995036
245,1.833993633588155,33.899166107177734,9.907182916002057,0.2995828340026492
246,1.6891390085220337,36.1269416809082,10.108249749999231,0.30140091700013727
247,1.9388638337453206,31.11883544921875,9.96140962500067,0.29561870899851783
248,2.001768708229065,34.20214080810547,10.413469167000585,0.3021334589975595
249,1.8651925126711528,33.9687385559082,9.915957207998872,0.3205482920020586
250,1.8227040370305378,33.79959487915039,9.98914029200023,0.28966154199952143
251,1.9342217842737834,35.491111755371094,9.932036750000407,0.3070447909994982
252,1.8746535778045654,33.75393295288086,9.99636725000164,0.29567708400281845
253,2.0955700874328613,32.8636589050293,10.294708458000969,0.2728294580010697
254,2.4276678562164307,39.156185150146484,10.093823999999586,0.32578387499961536
255,2.435540477434794,32.761810302734375,9.829227458001697,0.294662000000244
256,2.43338676293691,35.57639694213867,10.230554833000497,0.2963703750028799
257,2.2816121180852256,37.79518127441406,9.904357999999775,0.3030005420005182
258,2.163068413734436,30.466108322143555,10.364764624999225,0.2875430829990364
259,2.2691064278284707,38.48368835449219,9.89836487499997,0.32027704199936124
260,2.029990037282308,33.40800476074219,9.938532458996633,0.30302366700198036
261,2.236067295074463,37.733909606933594,10.263617958000395,0.31668066600104794
262,2.152217388153076,34.40863037109375,9.881521333001729,0.2906207500018354
263,2.2636963526407876,35.70756149291992,10.271510874998057,0.2916605409991462
264,2.2751335302988687,34.708656311035156,9.950725750000856,0.29919437500211643
265,2.255016485850016,41.73740768432617,10.392135125002824,0.29680225000265636
266,2.421965559323629,29.44752311706543,10.254159500000242,0.30107954100094503
267,2.474315961201986,39.970054626464844,10.170870999998442,0.29254791700077476
268,2.6666117111841836,39.04031753540039,10.029321833000722,0.2951105419997475
269,2.919075886408488,37.08116149902344,10.460989040999266,0.3115340410004137
270,2.9854795932769775,36.814720153808594,9.965814040999248,0.29055862499808427
271,2.966622988382975,32.64081573486328,10.372892458002752,0.27781700000195997
272,2.859177827835083,36.01102066040039,10.037800958001753,0.30655891700007487
273,2.812277595202128,42.01183319091797,10.071951249999984,0.2875473339991004
274,2.909030874570211,31.15561866760254,10.076387166998757,0.3216289170013624
275,3.1633026599884033,38.0617561340332,9.977463625000382,0.28769774999818765
276,3.4686086177825928,34.44089126586914,10.336215875002381,0.2903516669975943
277,3.363525390625,37.68550109863281,9.985106124997401,0.3110685419997026
278,3.197274128595988,40.62157440185547,10.612574874998245,0.30586570800005575
279,2.9351412455240884,33.559661865234375,10.32665366600122,0.2954470830009086
280,3.284741004308065,33.001731872558594,10.576961124999798,0.31363150000106543
281,3.359371026357015,43.16610336303711,9.981359415996849,0.2992177499982063
282,3.619426727294922,29.54819107055664,10.329793959001108,0.28395245800129487
283,2.8423867225646973,37.07472610473633,9.954899874999683,0.31131279199689743
284,2.6809499661127725,39.039894104003906,9.939536041998508,0.2856516659994668
285,2.7670149405797324,36.03439712524414,9.944928666998749,0.29759437500251806
286,2.5734066168467202,38.17615509033203,9.966223291998176,0.2947610410010384
287,2.985529581705729,39.274757385253906,10.159536041999672,0.30562070900123217
288,2.908078948656718,37.82746505737305,9.913440708998678,0.32641045800119173
289,2.9269049962361655,34.33697509765625,9.902968958998827,0.29866675000084797
290,2.602492650349935,36.793697357177734,10.362840709000011,0.28269462500247755
291,2.5362175703048706,35.52611541748047,10.09632270899965,0.3016031249972002
292,2.750723958015442,33.49272537231445,10.141616290999082,0.30860233399653225
293,2.8813698291778564,39.569950103759766,9.92474316699736,0.3174975000001723
294,2.988178014755249,37.562896728515625,9.91170216699902,0.29966637499819626
295,2.7917855978012085,33.77286911010742,10.03635737500008,0.27466466699843295
296,2.7711747884750366,39.74118423461914,10.043247375000647,0.31975025000065216
297,2.6307339668273926,33.517005920410156,10.011662500000966,0.2935156250023283
298,2.4674607117970786,33.03326416015625,10.122230083001341,0.31759279199832235
299,2.349213639895121,42.57796859741211,10.074296292001236,0.2938888339995174
300,2.7020936806996665,32.26747512817383,10.36008587499964,0.321289458002866
301,2.7206835746765137,34.66328811645508,9.990701582999463,0.2923672090000764
302,2.373385032018026,35.713600158691406,10.296187374999135,0.2909822499968868
303,2.2816887299219766,34.45497512817383,10.08727783300128,0.28888991699932376
304,2.2183828353881836,30.822574615478516,10.38566766599979,0.295383500000753
305,1.9175793329874675,39.47322463989258,9.958452790997399,0.3099484170015785
306,1.810093601544698,32.99165725708008,9.941155750002508,0.291599790998589
307,1.766969084739685,35.947818756103516,9.99019487500118,0.3113147920012125
308,1.6603575746218364,33.79927444458008,10.092494000000443,0.30181345799792325
309,1.676099717617035,34.06190872192383,10.189136291999603,0.295648125000298
310,1.6568137605985005,31.135221481323242,9.983501750000869,0.3014374999984284
311,1.5113905668258667,34.175418853759766,9.987669875001302,0.29655729200021597
312,1.601314902305603,33.060943603515625,10.021844625000085,0.30229333299939753
313,1.6359985868136089,32.315940856933594,9.9805151249966,0.2953555000021879
314,1.612038294474284,33.35683822631836,10.095004708000488,0.30356324999956996
315,1.5619212786356609,34.47463607788086,10.042317999999796,0.30938262500058045
316,1.5677442749341328,33.235191345214844,9.895224208998116,0.2957779579992348
317,1.6935829321543376,32.93666076660156,10.023741290999169,0.31512895899868454
318,1.6765981117884319,33.037654876708984,9.87417295799969,0.3067456659991876
319,1.5619667172431946,34.663169860839844,9.882350250001764,0.2948749159986619
320,1.552634358406067,33.0963134765625,10.098969082999247,0.3162432910030475
321,1.5583252906799316,34.86199951171875,10.06291604099897,0.29986462500164635
322,1.5230002403259277,33.53374099731445,10.224939833999088,0.3040791250023176
323,1.613265077273051,34.84151840209961,9.93855779200021,0.32397458299965365
324,1.680118719736735,33.287384033203125,10.218223749998288,0.28821337499903166
325,1.6596532662709553,36.31865310668945,10.38479816600011,0.3086114580000867
326,1.566044569015503,33.41630172729492,10.61289645800207,0.2663566669980355
327,1.516706387201945,32.94975280761719,9.707553790998645,0.2898674159987422
328,1.3834156195322673,34.617149353027344,10.296801000000414,0.3072513750012149
329,1.40462726354599,31.93619155883789,9.655010916998435,0.2759650839980168
330,1.529548207918803,35.109397888183594,9.962025832999643,0.3080654160003178
331,1.5370073715845745,31.812665939331055,9.689431540999067,0.2897832499984361
332,1.3969390193621318,31.143192291259766,10.309232916002657,0.30044316700150375
333,1.2859177589416504,36.39080047607422,9.637349709002592,0.28462545799993677
334,1.3030791481335957,30.942237854003906,10.291418207998504,0.30491274999803863
335,1.2950875560442607,34.67899703979492,9.72650799999974,0.2924285420012893
336,1.5520084698994954,34.56660461425781,10.136890999998286,0.3194018750000396
337,1.4634017149607341,32.60545349121094,9.639316291999421,0.2889151250019495
338,1.723569631576538,35.144508361816406,10.141214250001212,0.3003502079991449
339,1.7097126642862956,37.717166900634766,9.617010875001142,0.27709437500016065
340,1.5136861403783162,32.420257568359375,10.35696229200039,0.30841233400133206
341,1.6854004462560017,36.474891662597656,9.636327291998896,0.2892861670006823
342,1.5599069992701213,33.10517883300781,10.48028879100093,0.27997454199794447
343,1.4164026975631714,33.446754455566406,9.651871374997427,0.2799780409986852
344,1.5632466475168865,32.3462028503418,10.317589583999506,0.2799798749983893
345,1.677339752515157,36.1268424987793,9.687873499999114,0.2857877919996099
346,1.687435785929362,29.268672943115234,10.422397999998793,0.28958999999667867
347,1.788080096244812,34.67064666748047,9.689095792000444,0.299639583001408
348,1.6937047640482585,32.5683708190918,10.228428667000117,0.28555574999700184
349,1.675679584344228,35.99530792236328,9.614361875002942,0.30026229200302623
350,2.1168344815572104,30.71276092529297,8.515975833000994,0.1939259579994541
351,2.0737093687057495,38.541996002197266,7.648695457999565,0.19191308399967966
352,1.871283729871114,38.33319091796875,7.710999625000113,0.19709249999868916
353,2.381279468536377,31.279420852661133,7.704797166999924,0.1873370409994095
354,2.2190906206766763,35.83539962768555,7.620693415999995,0.18917616700127837
355,2.026045878728231,33.14354705810547,7.784681249999267,0.2019064999985858
356,2.0336711406707764,32.279296875,7.681292125002074,0.1970683330000611
357,2.1365028619766235,40.15682601928711,7.6936711670023215,0.1908083340022131
358,2.219031055768331,32.29631423950195,7.649058082999545,0.1871311249997234
359,2.2272992531458535,34.840972900390625,7.658980291998887,0.19216408399734064
360,1.944577654202779,32.59942626953125,7.677813292000792,0.18767033300173352
361,1.82733949025472,35.25152587890625,7.738515416000155,0.19246612500137417
362,1.7175923188527424,31.974050521850586,7.751434916997823,0.21045408399731969
363,1.7359426418940227,37.86353302001953,9.655723833002412,0.3022982080001384
364,1.653368870417277,34.25668716430664,9.695792292000988,0.2834934999991674
365,1.7542543013890584,36.67143249511719,10.670011291000264,0.27038774999891757
366,1.6449299653371174,30.49585723876953,9.695232499998383,0.30517937499826076
367,1.4032546679178874,36.305328369140625,10.423143542000616,0.30380208299902733
368,1.2972684502601624,30.055055618286133,9.59179099999892,0.30447445800018613
369,1.3508318463961284,36.04661560058594,9.619391749998613,0.2952725830000418
370,1.3339744607607524,31.78506851196289,9.883211124997615,0.28604291699957685
371,1.2870589693387349,36.53876495361328,10.14029741700142,0.2588624999989406
372,1.2781744996706645,33.8275260925293,9.627547500000219,0.3138104169993312
373,1.2962524890899658,33.251834869384766,9.600653666999278,0.29464283299967065
374,1.378098487854004,34.72752380371094,9.605180583999754,0.28305100000216044
375,1.4503703514734905,32.52247619628906,10.120498083000712,0.26668312499896274
376,1.368277629216512,31.799007415771484,9.63486479200219,0.31210812499921303
377,1.2464704314867656,36.04234313964844,9.784926874999655,0.28170841699829907
378,1.1506901383399963,31.99528694152832,10.406177291999484,0.2741959999984829
379,1.2420425017674763,34.62813949584961,9.65682462499899,0.3054624590004096
380,1.3070510625839233,31.858293533325195,9.634773999998288,0.2798093340024934
381,1.2013039588928223,33.81426239013672,9.719143667000026,0.2750214999978198
382,1.0901684165000916,31.9846134185791,10.155494709000777,0.26415245899988804
383,1.1748700141906738,35.29785919189453,9.581377124999563,0.3022512919997098
384,1.2960789799690247,30.04967498779297,9.608107833002578,0.2994977089983877
385,1.2310521602630615,30.945053100585938,10.281023291001475,0.2797544589993777
386,1.3818156520525615,34.74033737182617,9.710365165999974,0.323466500001814
387,1.4059971968332927,31.448503494262695,9.92477179100024,0.27202754199970514
388,1.2927921613057454,37.5589714050293,9.48135929199998,0.23161266700117267
389,1.206110695997874,34.77247619628906,9.108004875000915,0.2201089160007541
390,1.2135504881540935,31.23723793029785,9.09788454199952,0.2785077080006886
391,1.2465091347694397,35.358741760253906,8.967762792002759,0.23495045800154912
392,1.317786713441213,31.92188262939453,8.960798083000554,0.2130678749999788
393,1.2815887331962585,30.992029190063477,8.86639254200054,0.23306783299995004
394,1.1432394484678905,34.769222259521484,9.023943082996993,0.22806166599912103
395,1.22856209675471,31.397563934326172,8.873339750000014,0.21314745899871923
396,1.2632882197697957,33.125579833984375,8.822704374997556,0.20594295800037798
397,1.3228562672932942,30.885520935058594,8.741841291001037,0.2335562080006639
398,1.3475136955579121,34.509193420410156,8.82058374999906,0.26843479099989054
399,1.1760991215705872,31.813669204711914,8.825637166999513,0.2364610829972662
400,1.2422983646392822,31.926389694213867,8.94812450000245,0.21767891600029543
401,1.3136377731959026,36.14356994628906,8.95394241699978,0.23319045800235472
402,1.2460323373476665,31.673032760620117,8.974926750001032,0.22282849999828613
403,1.4753220478693645,30.602920532226562,8.95075958400048,0.20425995900222915
404,1.5043714841206868,43.060184478759766,8.824211208000634,0.27315537499816855
405,1.4228816429773967,29.80268669128418,8.891678166997735,0.23481879099927028
406,1.5604947010676067,36.892982482910156,8.895425208000233,0.21314991599865607
407,1.38933398326238,34.0240478515625,8.867707457997312,0.21705887500138488
408,1.2755391995112102,34.563480377197266,8.802067749998969,0.2728083340007288
409,1.1831786235173543,33.540462493896484,8.74826858400047,0.23286679100056062
410,1.3512666622797649,36.326778411865234,8.760936041002424,0.23877579200052423
411,1.5323667128880818,29.527015686035156,8.934412874998088,0.2259336249990156
412,1.6111231247584026,37.018367767333984,8.766074875002232,0.23137345900249784
413,1.4097369114557903,28.977001190185547,8.749104541999259,0.28378637499918113
414,1.3312139709790547,37.54158020019531,8.818257209000876,0.23609454100005678
415,1.2903258800506592,29.989181518554688,8.761612333997618,0.2060037920018658
416,1.235378583272298,34.968807220458984,8.737106625001616,0.213292584001465
417,1.1445406874020894,31.339990615844727,8.806806874999893,0.27181500000006054
418,1.0424129863580067,33.849613189697266,8.731688250001753,0.23208400000294205
419,1.0825194120407104,34.2414436340332,8.78566020800281,0.2138416249981674
420,1.011503279209137,31.881298065185547,8.707427332999941,0.2574254169994674
421,0.9558302164077759,33.3757209777832,8.631079250000766,0.24715870799991535
422,0.8862197995185852,34.84356689453125,8.664098208999349,0.25067954100086354
423,0.8311321238676707,32.35078430175781,8.824937625002349,0.21674937499847147
424,0.8767889738082886,34.2727165222168,8.828510999999708,0.26558391700018547
425,0.8722303112347921,31.167264938354492,8.719886250000854,0.2721289590008382
426,0.9667019645373026,34.269500732421875,8.808461624998017,0.2292102920000616
427,0.9011124273141226,32.962371826171875,8.823848915999406,0.2308687500008091
428,0.9328866998354594,30.393264770507812,8.770699541000795,0.29109512499780976
429,0.9220021367073059,37.2258186340332,8.84264762499879,0.23835829100062256
430,0.8757248322168986,30.714235305786133,8.882196499998827,0.2201937089994317
431,0.9413774410883585,33.053497314453125,8.870900583002367,0.27620424999986426
432,0.9575721422831217,32.443843841552734,8.75636695799767,0.2365776669976185
433,1.1135259866714478,33.904624938964844,8.875699375003023,0.21214679200056707
434,1.1114565928777058,33.677345275878906,8.733750167000835,0.22001058300156728
435,1.243977387746175,33.96978759765625,8.673227250001219,0.2716315420002502
436,1.2538750171661377,34.798824310302734,8.738496334000956,0.22988475000238395
437,1.2381802002588909,34.5958251953125,8.482827166997595,0.17123891699884553
438,1.3753923376401265,33.9202995300293,6.098442833001172,0.13028562500039698
439,1.271688958009084,35.37995910644531,5.9812473749989294,0.13749408300282084
440,1.2679642637570698,34.343746185302734,5.956098709000798,0.13314104199889698
441,1.4824363390604656,32.914085388183594,5.943233333000535,0.1333194580001873
442,1.3778167366981506,35.148780822753906,5.9230875829998695,0.13176462499905028
443,1.6461888551712036,35.449913024902344,5.919420209000236,0.12525679200189188
444,1.6460123856862385,32.513267517089844,5.903096916001232,0.131146332998469
445,1.6546725233395894,37.4542350769043,5.905234917001508,0.12537420900116558
446,1.5626985629399617,33.57395553588867,5.892038958001649,0.1266694580008334
447,1.4882912635803223,32.81489181518555,5.886984624998149,0.1374030839979241
448,1.3435187538464863,32.77022933959961,5.856513624999934,0.12988933399901725
449,1.236440400282542,34.01313781738281,5.883832416999212,0.133316791998368
450,1.2822122971216838,31.6038818359375,5.847193958001299,0.13549404100194806
451,1.3062165180842082,34.46516799926758,5.881958082998608,0.13369045899889898
452,1.2985370357831318,30.82452392578125,5.8505785839988675,0.12646341700019548
453,1.1648274262746174,34.069175720214844,5.840929333000531,0.13149500000145053
454,1.1128206849098206,32.34751510620117,5.823315790999914,0.13474058299834724
455,1.1997216145197551,31.595935821533203,5.830350750002253,0.13668187499933993
456,1.1336009899775188,33.94929504394531,5.83169820799958,0.1280187910015229
457,1.119969367980957,35.526676177978516,5.844918874998257,0.13341166700047324
458,1.3218231598536174,31.575660705566406,5.863301917001081,0.1395602919983503
459,1.2354822158813477,30.749860763549805,5.899949708000349,0.13119733300118241
460,1.1370409925778706,35.68616485595703,5.863285999999789,0.13577991700003622
461,1.2543641726175945,32.618919372558594,5.864970624999842,0.13304479100042954
462,1.1436157425244649,30.579500198364258,5.859382833998097,0.13300499999968451
463,1.0939213236172993,37.138675689697266,5.9035187080007745,0.1266487920001964
464,1.1820091207822163,31.313068389892578,5.87353124999936,0.13207720900027198
465,1.0915000637372334,32.230857849121094,5.847723041999416,0.13169920799919055
466,0.9990177949269613,34.178192138671875,5.8751580829994055,0.13642333300231257
467,1.1736357808113098,34.94520950317383,5.892567124999914,0.135746708001534
468,1.3539999723434448,29.09684181213379,5.889148834001389,0.1310850420013594
469,1.223121186097463,35.356571197509766,5.863917458002106,0.13681829200140783
470,1.1914801796277363,30.9221134185791,5.8625991249973595,0.13493287500023143
471,1.1884839534759521,31.146602630615234,5.866317750002054,0.1363479579995328
472,1.1052339474360149,31.774248123168945,5.8552430419986194,0.13443116700000246
473,1.071183681488037,35.273826599121094,5.869182166999963,0.1339666669991857
474,1.316553254922231,29.360597610473633,5.887941666998813,0.1331677079979272
475,1.4529462655385335,38.765750885009766,5.865857249998953,0.13388087499697576
476,1.356026033560435,29.935134887695312,5.8871529169991845,0.12978708399896277
477,1.3671054244041443,34.172088623046875,5.891865375000634,0.13111766700239968
478,1.263096570968628,35.9909553527832,5.8821791669979575,0.13670474999889848
479,1.2614774505297344,30.022079467773438,5.9097875420011405,0.1357099169981666
480,1.3432180484135945,34.48175048828125,5.862093791998632,0.13729995800167671
481,1.540158748626709,33.520660400390625,5.84027849999984,0.13510120899809408
482,1.6166904369990032,33.39248275756836,5.820702000000892,0.133061833003012
483,1.588167667388916,34.32683181762695,5.832833917000244,0.13366725000014412
484,1.4567867716153462,35.51161575317383,5.826449457999843,0.13210724999953527
485,1.2679874499638875,32.85712432861328,5.805422458000976,0.13354700000127195
486,1.1817751129468281,37.525997161865234,5.824065749999136,0.13240329199834378
487,1.1003796656926472,31.97624397277832,5.83545645799677,0.1383291249985632
488,1.0693556269009907,33.84687423706055,5.876026958998409,0.13790824999887263
489,1.1868510047594707,34.55970764160156,5.8328533330022765,0.137270625000383
490,1.2208041747411091,32.93405532836914,5.813477249997959,0.13984654199884972
491,1.237096865971883,33.10969924926758,5.811423208000633,0.1348640409996733
492,1.2673113743464153,34.16274642944336,5.828230499999336,0.1328197500006354
493,1.382928470770518,31.151939392089844,5.828386290999333,0.13270162499975413
494,1.3028249740600586,32.27939987182617,5.810170415999892,0.13715408300049603
495,1.2614859541257222,34.73854446411133,5.8368089590003365,0.13536812500024098
496,1.2286324103673298,34.75608825683594,5.83770737499799,0.13412849999804166
497,1.246063272158305,33.627281188964844,5.853239416002907,0.1387905840019812
498,1.2880331079165142,31.353652954101562,5.851251208001486,0.13479858299979242
499,1.2733811537424724,30.641084671020508,5.852831374999369,0.13563829099803115
500,1.2030072808265686,30.419748306274414,5.916219792001357,0.1378187079972122
501,1.091647744178772,34.431922912597656,5.836666042003344,0.134954375000234
502,1.265753944714864,29.515024185180664,6.019311000000016,0.14610895800069557
503,1.2983537117640178,32.880043029785156,5.991239042003144,0.14032958399911877
504,1.1435575087865193,33.10786819458008,5.909163083000749,0.13587345799896866
505,1.0188052852948506,34.36396026611328,5.884743041999172,0.13250579200030188
506,1.0357131163279216,29.98968505859375,5.876431084001524,0.13165441699675284
507,0.9979616204897562,31.701494216918945,5.887897125001473,0.13610229199912283
508,0.912045419216156,30.391695022583008,5.869938667001406,0.13597062500048196
509,0.7798468967278799,33.44422149658203,5.860061832998326,0.13335741700211656
510,0.7653822600841522,29.632051467895508,5.843584792000911,0.13660204099869588
511,0.7591308752695719,32.29591369628906,5.903451375001168,0.13539420899905963
512,0.6799365083376566,30.740657806396484,5.890246250000928,0.1359912500010978
513,0.7078513403733572,32.36801528930664,5.836066500000015,0.1353644170012558
514,0.6939713259538015,29.49798583984375,5.872998832997837,0.13724008300050627
515,0.7083555161952972,32.93287658691406,5.880749500000093,0.13357854100104305
516,0.7501946787039439,29.283559799194336,5.865408500001649,0.13446720900174114
517,0.782864640156428,34.079063415527344,5.906297208002798,0.13387854100074037
518,0.7798381050427755,28.152687072753906,5.914762542000972,0.1338103339985537
519,0.8732056021690369,35.2838134765625,5.898513375002949,0.13723608299915213
520,0.8249229391415914,28.847673416137695,5.905237292001402,0.1334109580020595
521,0.8650241394837698,31.066051483154297,5.884958540998923,0.13566200000059325
522,0.8639189700285593,29.53040313720703,5.883230999999796,0.13631333299781545
523,0.8939564824104309,33.82772445678711,5.898384667001665,0.1370432500007155
524,0.8761412501335144,29.7720890045166,5.860094207997463,0.13405491699813865
525,1.0218569040298462,30.089208602905273,5.93317237500014,0.1345969169997261
526,0.9290727376937866,34.10562515258789,5.861092209001072,0.13472654100041837
527,0.8263805309931437,30.512046813964844,5.907663458998286,0.13694541699805995
528,0.8541807532310486,32.27581787109375,5.891632417002256,0.1346457500003453
529,0.7901071111361185,31.33237648010254,5.920457625001291,0.13096008399952552
530,0.8961906433105469,32.44899368286133,5.881509874998301,0.13830845800112002
531,0.9539707899093628,32.5117301940918,5.897087291999924,0.13443070900029852
532,1.1430602471033733,28.048730850219727,5.884239582999726,0.13616325000111829
533,1.2809987664222717,36.50878143310547,5.9393505830012145,0.13561112500246963
534,1.1956846316655476,31.240510940551758,5.890517957999691,0.13612875000035274
535,1.0223833322525024,30.995807647705078,5.882601458000863,0.13157395800226368
536,1.18570743004481,37.29513931274414,5.873689708998427,0.1333598749988596
537,1.2799830834070842,30.73356056213379,5.9415805420030665,0.13440770799934398
538,1.2998330394426982,33.96690368652344,5.8986911669999245,0.13409895799850347
539,1.1689948042233784,32.2830696105957,5.896896915997786,0.13574687499931315
540,1.0516070524851482,31.138948440551758,5.895807832999708,0.1321993339988694
541,1.255391796429952,34.151065826416016,5.89575687499746,0.13654345800023293
542,1.2822471857070923,33.821434020996094,5.900996707998274,0.13719708400094532
543,1.1934313575426738,30.58681869506836,5.907217916999798,0.13543791600022814
544,1.1017987926801045,32.435550689697266,5.939012792001449,0.13446874999863212
545,1.115455945332845,33.89434814453125,5.911528291002469,0.13323129100172082
546,1.1618158618609111,31.716604232788086,5.8966092910013685,0.13613816699944437
547,1.2579094568888347,32.35402297973633,5.93574020899905,0.13557420799770625
548,1.1787339846293132,34.113250732421875,5.9107611250001355,0.1357651670004998
549,1.2168506582578023,34.26185607910156,5.915888416999223,0.13472654100041837
550,1.1961321234703064,30.52777099609375,5.93364825000026,0.13001012499807985
551,1.2634222308794658,33.93164825439453,5.8930302080007095,0.13684941600149614
552,1.1480898062388103,33.53033447265625,5.932707665997441,0.13695799999914016
553,1.0510536233584087,31.4811954498291,5.933937583999068,0.13542574999883072
554,0.998427172501882,33.26400375366211,5.912861957996938,0.13489354199919035
555,1.0518543124198914,33.49800491333008,5.887188625001727,0.13626195799952256
556,1.1379117965698242,31.05714225769043,5.885637000003044,0.13472045800153865
557,0.9979572296142578,33.0061149597168,5.96229483299976,0.13636041700010537
558,1.152748942375183,32.80001449584961,5.914241457998287,0.13580891600213363
559,1.2014293869336445,33.94450759887695,5.933251833001123,0.13392250000106287
560,1.051751395066579,31.318490982055664,5.951964957999735,0.13731908400222892
561,1.2792661786079407,34.80103302001953,5.921535125002265,0.1329333339999721
562,1.2681821982065837,30.67715835571289,5.999483250001504,0.13594454200210748
563,1.2116520206133525,35.80179977416992,5.907696792000934,0.13356945800114772
564,1.1783564885457356,30.626829147338867,5.935759040999983,0.1338227080013894
565,1.220226804415385,32.86316680908203,5.955645624999306,0.13576774999819463
566,1.2913635571797688,34.02155685424805,5.952195666999614,0.1348131660015497
567,1.2201167345046997,30.99837303161621,5.939951874999679,0.13494579100006376
568,1.2294979691505432,34.546810150146484,5.934885500002565,0.13382795800134772
569,1.461724321047465,34.16533660888672,5.949585833001038,0.13457449999987148
570,1.4969238837560017,29.75213623046875,5.925729750000755,0.1298172919996432
571,1.4665874242782593,35.47773361206055,5.947566292001284,0.13423554199835053
572,1.3634687662124634,34.11635208129883,5.958529874998931,0.13530912499845726
573,1.4526129563649495,30.4449520111084,5.971768833001988,0.14005829100278788
574,1.319150984287262,35.99393081665039,5.942152916999476,0.1357819999975618
575,1.2840798099835713,32.23112106323242,5.99007504200199,0.13853733300129534
576,1.2440216938654582,31.50417709350586,5.932982541999081,0.13398695800060523
577,1.3132747014363606,33.938663482666016,5.947685541003011,0.13433179200001177
578,1.2045960426330566,31.389759063720703,5.951582457997574,0.13568729200051166
579,1.2308281262715657,32.604827880859375,5.926816499999404,0.1347221249998256
580,1.4743189414342244,35.60514450073242,5.921601082998677,0.13455633299963665
581,1.6142410437266033,32.157310485839844,5.928764208001667,0.1375779580012022
582,1.5907371044158936,33.00333786010742,5.9488375000000815,0.13821220799945877
583,1.4418952862421672,35.07276916503906,5.933157916999335,0.13452837499789894
584,1.5072479248046875,30.9704532623291,5.915301790999365,0.12705566699878545
585,1.438367525736491,38.12051773071289,5.912699332999182,0.13358591699943645
586,1.3574746251106262,32.059043884277344,5.931304749999981,0.135451957998157
587,1.2940198183059692,32.06074142456055,6.051369500000874,0.13671316699765157
588,1.5045791069666545,34.37358093261719,5.9420124999996915,0.13400933400043868
589,1.5675276517868042,31.70657730102539,5.925974709000002,0.135534707998886
590,1.4783568183581035,37.68308639526367,5.948052250001638,0.13876545899984194
591,1.3104806939760845,32.13701629638672,5.943577250000089,0.13647633400250925
592,1.4012834429740906,31.521085739135742,5.928321874998801,0.13963066699943738
593,1.1764322717984517,28.658164978027344,5.903103415999794,0.13435699999899953
594,1.1184740265210469,31.694738388061523,5.900158250002278,0.13684495800043806
595,1.1794145901997883,31.55852699279785,5.924504000002344,0.13434795799912536
596,1.1536016464233398,32.9777717590332,5.897730791002687,0.13803233300131978
597,1.008289674917857,31.15587043762207,5.984614624998358,0.13541220899787731
598,0.9468442996342977,31.159875869750977,5.9336580830022285,0.13446395800201572
599,1.032030165195465,32.24629592895508,5.976587667002605,0.13562933300272562
600,1.1056580344835918,29.54731559753418,5.947877875001723,0.1362903750014084
601,1.0227267742156982,31.006303787231445,6.009316708001279,0.13760924999951385
602,0.920053760210673,34.364906311035156,5.94264000000112,0.1347589999968477
603,1.0118872721989949,28.192537307739258,5.904934707999928,0.13120254200111958
604,1.0464003284772236,36.26114273071289,5.9344136670006264,0.14388170799793443
605,1.108745515346527,29.212997436523438,5.934449833999679,0.13338579199989908
606,1.0597627560297649,30.878890991210938,5.9546306659976835,0.13766874999782885
607,1.1891356110572815,35.77471160888672,5.9355390000018815,0.13310895900212927
608,1.0947794914245605,28.731428146362305,5.947046249999403,0.14005824999912875
609,1.247537871201833,32.030757904052734,5.928463874999579,0.13490620800075703
610,1.1231398979822795,34.92123031616211,5.950509833997785,0.13524554199830163
611,1.1529686450958252,28.750652313232422,5.953871875000914,0.13530462500057183
612,1.1027657389640808,32.75468826293945,5.969509250000556,0.12914366599943605
613,1.1743249495824177,32.0643424987793,5.9569163749984,0.1347851249993255
614,0.9381959736347198,32.28432083129883,5.939270250000845,0.13515879199985648
615,1.0857446789741516,32.99857711791992,5.911684292001155,0.13890366700070444
616,1.1297173500061035,32.570777893066406,5.97110454200083,0.1391416250007751
617,1.2391361792882283,31.349685668945312,5.962078749998909,0.13411374999850523
618,1.003511091073354,31.851600646972656,5.95076083299864,0.13976254199951654
619,1.064603328704834,33.260780334472656,5.942407916998491,0.1379360409991932
620,0.9211637576421102,30.66577911376953,5.9465174169999955,0.13392133399975137
621,1.0239968498547871,34.60646438598633,5.9301914169991505,0.13523508300204412
622,0.9660924077033997,32.12005615234375,5.914260208999622,0.1347770419997687
623,0.9769542813301086,29.868614196777344,5.898148959000537,0.12493400000312249
624,0.9267042875289917,32.742183685302734,5.970469209001749,0.13490837499921327
625,0.953133742014567,31.69233512878418,5.929745416997321,0.1346706250005809
626,0.9942638874053955,34.49533462524414,5.940631083998596,0.1273443749996659
627,0.9211306671301523,31.12081527709961,5.943360999997822,0.13488312499976018
628,1.0148082772890727,31.497774124145508,5.948058583999227,0.13337270799820544
629,1.1274893879890442,36.0730094909668,5.923379624997324,0.1378666670025268
630,1.2819033861160278,28.239059448242188,5.894628375001048,0.13400066699978197
631,1.227165937423706,36.01020812988281,5.936728999997285,0.13725112499741954
632,1.22947762409846,30.2832088470459,5.932121999998344,0.13356179199763574
633,1.1696856220563252,34.04802322387695,5.9030991249965155,0.13015345799794886
634,1.173737068970998,33.2313232421875,5.927761791997909,0.13380762499946286
635,1.1459513107935588,36.09765625,5.925144916000136,0.13490879100208986
636,1.2119103074073792,31.38962745666504,5.978702292002708,0.13400641699990956
637,1.18836909532547,36.447608947753906,5.963369291002891,0.12843654099924606
638,1.0204252401987712,27.6901798248291,5.954019374999916,0.13696791700203903
639,0.877262701590856,31.73542022705078,5.953743750000285,0.13625866600341396
640,0.7824585835138956,33.97074508666992,6.008975666001788,0.13380300000062562
641,0.7658659219741821,34.54966354370117,5.9212635420008155,0.1301863750013581
642,0.745534618695577,34.632076263427734,5.933307833001891,0.12558158400133834
643,0.6851341426372528,34.15195846557617,5.914001916000416,0.13494854199961992
644,0.6491302649180094,31.80868148803711,5.93030941699908,0.13617441699898336
645,0.5695080757141113,32.09364700317383,5.926468165998813,0.13345270899662864
646,0.5531443158785502,30.84298324584961,5.943066167001234,0.13627500000075088
647,0.5464389324188232,29.805625915527344,5.9691057080017345,0.1402413340001658
648,0.5169894496599833,32.259742736816406,5.934396333999757,0.13553787500131875
649,0.5368518928686777,30.115768432617188,5.982126374998188,0.13532433299769764
650,0.6319530010223389,30.538860321044922,5.93980350000129,0.1379970419984602
651,0.6232983072598776,30.557819366455078,6.001599708000867,0.12593554200066137
652,0.5691172579924265,31.051013946533203,5.937430375000986,0.1388766250020126
653,0.5865114331245422,31.585134506225586,5.897724125003151,0.13499620800212142
654,0.7447558641433716,32.79280090332031,5.942210208999313,0.13739120899845148
655,0.6982977787653605,31.165952682495117,5.937640457999805,0.13800895899839816
656,0.7111234068870544,30.73870849609375,5.940382541997678,0.13528354200025206
657,0.779752790927887,32.733009338378906,5.950795208998898,0.13478358299835236
658,0.7419955929120382,32.139766693115234,5.949519582998619,0.13743916699968395
659,0.7574495772520701,31.629377365112305,5.9427412080003705,0.1355968749994645
660,0.8716060121854147,32.96466827392578,5.925889207999717,0.13466137500290642
661,0.7806810835997263,30.93331527709961,6.041433042002609,0.13612779100003536
662,0.747186948855718,30.746381759643555,5.954289332999906,0.13363324999954784
663,0.6889174282550812,31.801406860351562,5.947212540999317,0.13709558399932575
664,0.704356054464976,31.878711700439453,5.909623084000486,0.13646041699757916
665,0.6595772802829742,31.9786376953125,5.947112833000574,0.13298366599701694
666,0.6571630438168844,34.90946960449219,5.941233959001693,0.13526754199847346
667,0.7723902861277262,28.984249114990234,5.920643541998288,0.14356045800013817
668,0.7300081749757131,33.70680618286133,5.93253033399742,0.1322919579979498
669,0.6457601288954417,31.68235969543457,5.9213180000006105,0.13357516699761618
670,0.7080644965171814,28.140005111694336,5.900293082999269,0.13322079200224834
671,0.7388141751289368,33.37972640991211,5.931369375000941,0.13317466599983163
672,0.7024052739143372,33.74871063232422,6.0010516250004,0.14567924999937532
673,0.6992720663547516,28.11680793762207,5.917160207998677,0.13670462499794667
674,0.7922162612279257,34.399932861328125,5.946834667000076,0.13627275000180816
675,0.8011022607485453,30.269092559814453,5.921039290999033,0.1357436250000319
676,0.8757777810096741,29.958988189697266,5.924069124997914,0.13521570800003246
677,0.9416755239168803,32.37807846069336,5.928337666999141,0.134649209001509
678,0.8965473175048828,29.53557777404785,5.878836791001959,0.13761558400074136
679,0.9262194832166036,31.462051391601562,5.929629624999507,0.13561695799944573
680,0.9915100932121277,36.336997985839844,5.945275917001709,0.13637937500243424
681,1.0583313306172688,29.156570434570312,5.922082416997,0.1358276669998304
682,1.1977552970250447,30.44211196899414,5.928836040999158,0.13145770899791387
683,1.1208656032880147,32.85218811035156,5.9432785420031,0.13578250000136904
684,1.0735644102096558,27.8775577545166,5.925615457999811,0.1341809169971384
685,1.093879501024882,33.672428131103516,5.936976875000255,0.13315850000071805
686,1.1878458857536316,33.292999267578125,5.901664125001844,0.13456254099946818
687,1.2061014970143635,30.160503387451172,5.963579875002324,0.14409766600147123
688,1.2102205753326416,32.68012619018555,5.921096292000584,0.14134454200029722
689,1.052786151568095,32.31892776489258,5.910686582999915,0.12592391699945438
690,1.175933579603831,33.300086975097656,5.923946874998364,0.13979754200045136
691,1.083534300327301,33.45836639404297,5.935540499998751,0.13765979199888534
692,1.1503527164459229,32.525875091552734,5.944227707997925,0.13345058299819357
693,0.9878885348637899,31.542604446411133,5.956669457998942,0.1338599160008016
694,1.1173769235610962,36.38019561767578,5.949961708000046,0.13463449999835575
695,1.1970673203468323,33.152488708496094,6.0244189580007514,0.13903379200201016
696,1.240271310011546,30.19254493713379,5.913907707999897,0.13442787500025588
697,1.1964449087778728,32.92510223388672,5.962556082999072,0.1335116249974817
698,1.0827675263086955,33.70846176147461,5.938584458999685,0.13524129199868185
699,1.1774914264678955,30.86969757080078,5.99735979199977,0.13858937499753665
700,1.1666636069615681,31.19713592529297,5.956686417001038,0.13362920899817254
701,1.1331706841786702,30.650480270385742,5.9348294170013105,0.1379759159972309
702,1.0010600686073303,32.474388122558594,5.9482380420013214,0.13735658299992792
703,1.1219114859898884,36.717201232910156,5.93886029100031,0.13400258299952839
704,1.2837628920873005,30.566484451293945,5.94748724999954,0.13462579200131586
705,1.1917881568272908,36.32462692260742,5.945156750000024,0.13319050000063726
706,1.1460998058319092,34.09477233886719,5.9172795839986065,0.13734083400049713
707,1.2749896844228108,32.272029876708984,5.898612125001819,0.13513908299864852
708,1.2297534545262654,31.859434127807617,5.911247875003028,0.1372892920007871
709,1.086833159128825,33.89683532714844,5.908906291999301,0.13445783300267067
710,1.1473442912101746,29.106822967529297,5.921049582997512,0.13274608299980173
711,1.2603435913721721,35.04890823364258,5.909567999999126,0.13705554099942674
712,1.2604699333508809,30.505510330200195,5.957824417000666,0.1365295409996179
713,1.315855880578359,31.892967224121094,5.908835499998531,0.13891670899829478
714,1.4645102222760518,33.64751052856445,5.893055374999676,0.1341832500002056
715,1.5253279209136963,32.974853515625,5.996715958001005,0.13479079099852243
716,1.4890804688135784,36.02785110473633,5.952390999998897,0.1380779999999504
717,1.5770161747932434,33.618839263916016,5.939946042002703,0.13969804199950886
718,1.4070379336675007,32.572662353515625,5.9267853339988505,0.13486716699844692
719,1.290420134862264,35.87315368652344,5.948502458002622,0.13099770800181432
720,1.182491699854533,32.31783676147461,5.936605625000084,0.14006729100219673
721,1.0844649076461792,34.237205505371094,5.9442756669996015,0.13546716700147954
722,1.0373882253964741,34.067996978759766,5.96104162499978,0.13520791600240045
723,0.996748169263204,31.633867263793945,5.959821874999761,0.13431958399814903
724,0.9608231981595358,32.14981460571289,5.990114459000324,0.13608504100193386
725,0.8511002858479818,29.268178939819336,5.979895874999784,0.13836025000273366
726,0.7902773320674896,31.079172134399414,5.972778583000036,0.1341584170004353
727,0.7856764594713846,30.603164672851562,5.9254269170014595,0.13623137499962468
728,0.7821417649586996,28.604219436645508,5.944416124999407,0.13519870799791533
729,0.7625110447406769,31.783313751220703,5.941064833001292,0.13786220800102456
730,0.7273936867713928,30.365219116210938,5.9483010830008425,0.1346806250003283
731,0.7746257384618124,32.15434265136719,5.945065541000076,0.13649633300155983
732,0.8294982016086578,30.218263626098633,5.935196874997928,0.13587166700017406
733,0.8400826950867971,31.14678955078125,5.925312999999733,0.13663029099916457
734,0.8475995659828186,30.21746063232422,5.9242312500027765,0.13197958300224855
735,0.979947547117869,31.479900360107422,5.902145208998263,0.13626495800053817
736,1.132457176844279,30.00933074951172,5.999130457999854,0.13708950000000186
737,1.148919939994812,33.89107131958008,5.932335624998814,0.13218412499918486
738,1.2621644536654155,28.14543342590332,5.941926874998899,0.13736016699840548
739,1.1801560719807942,34.06665802001953,5.922529084000416,0.13146020800195402
740,1.196291486422221,28.316335678100586,5.936583124999743,0.13739487500060932
741,1.321979582309723,32.943077087402344,5.9362078749982174,0.13572620800186996
742,1.3689443071683247,30.01021385192871,5.959634959002869,0.13807666700085974
743,1.1979716817537944,30.120006561279297,5.9147348330006935,0.1364379580008972
744,1.089164137840271,32.39509201049805,5.925548166000226,0.13229983299970627
745,0.9456512928009033,34.07501220703125,5.956124625001394,0.13775216599970008
746,0.9341531991958618,30.091642379760742,5.950878040999669,0.13456412500090664
747,0.9672606190045675,33.12732696533203,5.979479249999713,0.13505787500253064
748,0.9047457973162333,29.541780471801758,5.9818592920019,0.13547599999947124
749,0.873929758866628,32.37961196899414,5.938604541999666,0.13964279200081364
750,0.9749183654785156,31.06396484375,5.953743624999333,0.14023816700137104
751,0.8251459697882334,30.251617431640625,5.937274708001496,0.13231900000027963
752,0.6866173843542734,31.1531982421875,5.955015874998935,0.13629691599999205
753,0.6444389422734579,29.872638702392578,5.954774458001339,0.13917912499891827
754,0.6054243246714274,31.28404998779297,5.958690666000621,0.1324833340004261
755,0.5982773800690969,30.244752883911133,5.992775167000218,0.13465337500019814
756,0.604709655046463,31.258039474487305,5.95685075000074,0.135108250000485
757,0.6952453255653381,31.722797393798828,5.976011833001394,0.13793204200192122
758,0.7422359784444174,29.615171432495117,5.981771499999013,0.1290404999999737
759,0.6852153340975443,31.771997451782227,5.972534917000303,0.1332931249999092
760,0.7223021785418192,31.826698303222656,5.987378833000548,0.1366962499996589
761,0.7050433953603109,30.107845306396484,6.024472250002873,0.13558887500039418
762,0.6519020994504293,29.594921112060547,5.94694816700212,0.13481145800324157
763,0.6640560130278269,29.772504806518555,5.993055625000125,0.1380455000034999
764,0.7416374584039053,30.179405212402344,5.997575000001234,0.13368125000124564
765,0.6748822232087454,29.957944869995117,5.992644041998574,0.13479854199977126
766,0.7060149908065796,30.86348533630371,6.004641499999707,0.13607129199954215
767,0.7017507155736288,29.10464859008789,5.980350917001488,0.1345507500009262
768,0.6222114662329356,31.564815521240234,6.051586041998235,0.1396316249993106
769,0.6874133149782816,30.8258113861084,6.023822167000617,0.13730166699679103
770,0.834949791431427,29.93989372253418,6.0392481250019046,0.13863558299999568
771,0.7611088951428732,29.6145076751709,6.019222875002015,0.13781308300167439
772,0.8317135175069174,32.144107818603516,5.996568208000099,0.1370891250007844
773,0.8240159551302592,29.065231323242188,6.056538790999184,0.13680049999675248
774,0.8866684834162394,34.135196685791016,6.046112541000184,0.1373976249997213
775,0.8593453963597616,29.844947814941406,6.00667212499684,0.13949816700187512
776,0.79304638504982,31.362083435058594,6.014818709001702,0.13723237500016694
777,0.7540606260299683,34.23103713989258,6.009610541997972,0.13620799999989686
778,0.771898885567983,30.761486053466797,6.00600070800283,0.1374240830009512
779,0.744800349076589,31.971824645996094,5.990825416000007,0.13984499999787658
780,0.7146857976913452,32.336883544921875,6.059061167001346,0.13302470900089247
781,0.7287922700246176,31.603811264038086,5.992396916000871,0.13786324999819044
782,0.6967584788799286,30.304786682128906,5.998889333000989,0.12815745899933972
783,0.7468383411566416,32.08052444458008,6.028561166000145,0.1371002080013568
784,0.8612584074338278,30.311695098876953,6.065904792001675,0.13465050000013434
785,0.8946584661801656,32.93595504760742,6.01004437499796,0.13752462500269758
786,0.8103389243284861,32.685272216796875,6.072724542002106,0.13974516699818196
787,0.8289495209852854,30.611330032348633,6.028806250000343,0.13175770799716702
788,0.8162822226683298,34.2996940612793,5.992557334000594,0.13820279100036714
789,0.7597558796405792,29.887548446655273,6.031180792000669,0.13498824999987846
790,0.7074887454509735,30.023815155029297,5.993743666000228,0.13788254099927144
791,0.7318529287974039,32.69432830810547,6.059175499998673,0.13524175000202376
792,0.6893921891848246,31.142684936523438,6.001969084001757,0.13478583300093305
793,0.7520769635836283,29.135770797729492,6.02627399999983,0.13796825000099489
794,0.6519319713115692,31.957611083984375,6.054439833998913,0.1370621249989199
795,0.711845338344574,27.733806610107422,6.012035167001159,0.13833991600040463
796,0.6723299523194631,33.64387130737305,6.030961333999585,0.13628958399931435
797,0.7394736409187317,28.96092987060547,6.04720074999932,0.13868899999943096
798,0.802724560101827,31.303640365600586,6.016551959000935,0.13724037500287523
799,0.945013145605723,29.294164657592773,5.969033249999484,0.13834783399943262
800,0.8089935183525085,33.571807861328125,6.014578541999072,0.1381321669978206
801,0.8477320273717245,28.610145568847656,5.936600499997439,0.13425083400215954
802,0.7507356703281403,30.330951690673828,5.928487749999476,0.13420133299950976
803,0.7848173379898071,33.85829162597656,5.986572375000833,0.13551000000006752
804,0.8478726148605347,29.70644187927246,6.00373745899924,0.13697537500047474
805,0.7462453146775564,31.5285587310791,5.982780624999577,0.13728195899966522
806,0.822009265422821,30.618623733520508,5.9936376250007015,0.13835745799951837
807,0.8598771890004476,32.084442138671875,6.001264624999749,0.13676291600131663
808,0.8663630882898966,32.864418029785156,5.969266667001648,0.1311765419995936
809,0.7400996883710226,29.5338077545166,6.001727832997858,0.13150312500147265
810,0.8300560116767883,32.11592102050781,6.010167083000852,0.13856533400030457
811,0.7329031626383463,34.4582633972168,6.04412095799853,0.13262733300143736
812,0.8013399442036947,30.280532836914062,6.003017582999746,0.13451329199961037
813,0.7997670769691467,31.62700843811035,6.076345333000063,0.1395496250006545
814,0.7064536313215891,31.915050506591797,6.050459582998883,0.13642829200034612
815,0.6762582957744598,29.5054874420166,6.013217166997492,0.13752274999933434
816,0.7729400396347046,31.88477897644043,6.04973016599979,0.13723058299729018
817,0.7059580683708191,31.201831817626953,6.017371750000166,0.13536608299909858
818,0.5690194765726725,31.208078384399414,6.018176958001277,0.13843666699904134
819,0.5362348556518555,31.292945861816406,6.0218319590021565,0.13717995900151436
820,0.6017956038316091,31.5509033203125,6.003871375000017,0.13525912499972037
821,0.5660384198029836,29.87824249267578,6.018141125001421,0.1346965420016204
822,0.5038250982761383,31.470890045166016,5.982767541001522,0.1380246660010016
823,0.5603501498699188,32.0426139831543,6.085022458999447,0.13455579199944623
824,0.5202175776163737,31.642414093017578,6.000900084000023,0.13851200000135577
825,0.4722866912682851,29.656286239624023,6.001308666000114,0.13969637499758392
826,0.4634050528208415,32.190208435058594,6.010607374999381,0.1366574159983429
827,0.6042070587476095,30.666900634765625,5.997312041999976,0.1347313749975001
828,0.6592357357343038,31.277599334716797,5.998657916999946,0.13836675000129617
829,0.5732035239537557,30.06227684020996,6.021078833000502,0.13370450000002165
830,0.5793289840221405,31.958595275878906,5.989588832999289,0.1329634169997007
831,0.6168946623802185,30.208938598632812,6.011766874999012,0.1380296659990563
832,0.5766253670056661,30.932470321655273,6.02486008300184,0.13720212499902118
833,0.5877210199832916,29.47429656982422,6.071939499997825,0.1392584999994142
834,0.6693836649258932,29.90288543701172,5.980412666998745,0.14006637499915087
835,0.6739445726076762,32.1161994934082,6.066357542000333,0.13592833299844642
836,0.5945578416188558,29.581960678100586,5.98406737500045,0.13503316700007417
837,0.5442484021186829,30.173538208007812,5.971142417001829,0.13663104200168164
838,0.638745923837026,32.343597412109375,5.970130124998832,0.13449920800121618
839,0.6701493958632151,29.631954193115234,5.9834147919973475,0.13903758399828803
840,0.6521215041478475,30.208600997924805,5.999217290998786,0.13729041700207745
841,0.6659695903460184,34.206241607666016,5.987302624998847,0.13252491699677194
842,0.8100272417068481,29.43838882446289,6.065835834000609,0.13823058399793808
843,0.790028711160024,30.26962661743164,6.006043124998541,0.1334917089989176
844,0.7558055321375529,30.251691818237305,6.014347666001413,0.13793408299898147
845,0.7114005188147227,28.505720138549805,6.0020177500009595,0.13496466699871235
846,0.8076245387395223,31.864809036254883,5.992173875001754,0.13679979200242087
847,0.7594566742579142,31.013425827026367,6.019173374999809,0.13770124999791733
848,0.8266018231709799,29.500896453857422,6.039378416000545,0.13456216600025073
849,0.9145142833391825,33.98351287841797,5.986365084001591,0.13443325000116602
850,1.0064453482627869,30.6097412109375,6.002299625000887,0.13466529099969193
851,0.9938627481460571,29.066926956176758,5.965143000001262,0.1323285409998789
852,0.9905426899592081,33.700599670410156,6.030157750003127,0.136059500000556
853,0.9636446436246237,31.59661102294922,6.014090874999965,0.13749529200140387
854,0.9758142431577047,32.11607360839844,6.007506166999519,0.13826145900020492
855,0.8949198325475057,33.20634460449219,5.983819958000822,0.1352846249974391
856,0.7846428354581197,29.401445388793945,6.028311375001067,0.13636183299968252
857,0.7189780275026957,31.512020111083984,6.0226499999989755,0.13255787500020233
858,0.6630808711051941,29.217388153076172,6.005955417000223,0.13691704099983326
859,0.6207347214221954,29.47529411315918,5.990438291999453,0.1336496250005439
860,0.6003076831499735,32.88780212402344,6.038636459001282,0.1398990829984541
861,0.6274112661679586,30.289920806884766,5.9987502500007395,0.1345223749995057
862,0.5256736973921458,30.434425354003906,6.040461291999236,0.13754762499956996
863,0.5140509605407715,30.560407638549805,6.0369688749997295,0.13537575000009383
864,0.5168917874495188,31.129112243652344,6.020541457997751,0.13755079199836473
865,0.630977580944697,30.895479202270508,6.027505958998518,0.13529341699904762
866,0.605474849541982,28.50162124633789,6.0258133330025885,0.1413832910002384
867,0.5704881648222605,31.941059112548828,6.027229082999838,0.1385404170032416
868,0.5840335885683695,29.133651733398438,6.012191582998639,0.13719870800196077
869,0.5533633927504221,30.507984161376953,6.011359542000719,0.13617379199786228
870,0.46206193168958026,31.32353401184082,6.012038374999975,0.13342766699861386
871,0.5619980792204539,29.091941833496094,6.021905457997491,0.14070033299867646
872,0.6133189797401428,32.21559143066406,6.113399709000078,0.1316999999980908
873,0.5381965239842733,30.851106643676758,6.0323646249999,0.1348099579990958
874,0.5679750541845957,29.9908390045166,6.023510290997365,0.13650020799832419
875,0.6829090515772501,30.503416061401367,6.026017833002697,0.13745887500044773
876,0.6540726820627848,31.125999450683594,6.030874915999448,0.13625920800041058
877,0.6048051714897156,29.090967178344727,6.03943908400106,0.13570008300303016
878,0.5745045145352682,33.8568115234375,6.037124082999071,0.1355520830002206
879,0.6243274609247843,29.518108367919922,6.002523791001295,0.13796408300186158
880,0.6913499236106873,32.8364372253418,6.049863208001625,0.1384840000027907
881,0.6932204763094584,31.7347354888916,6.04441450000013,0.1422974589986552
882,0.6757128139336904,30.336917877197266,6.079253708001488,0.1388605419997475
883,0.7029671867688497,32.97787857055664,6.048502208002901,0.13796349999756785
884,0.6166638334592184,33.092384338378906,6.0243395830002555,0.1356779160014412
885,0.5908524592717489,29.4671573638916,6.075366499997472,0.1340242500009481
886,0.5043977499008179,31.004268646240234,6.003383040999324,0.13916750000134925
887,0.6650047302246094,30.62873649597168,5.988877082996623,0.13658258299983572
888,0.6536741852760315,31.640913009643555,5.950169667001319,0.12710941699697287
889,0.5903102656205496,29.859542846679688,5.995865166998556,0.13393229199937196
890,0.5208080112934113,30.142589569091797,5.995075499999075,0.13861754199751886
891,0.6561082601547241,30.793745040893555,6.0904444999978296,0.13808191599673592
892,0.6998215913772583,30.21334457397461,6.0301214159990195,0.1351375000012922
893,0.6070731381575266,30.45333480834961,6.061219084000186,0.1391014999971958
894,0.5673740108807882,30.106225967407227,6.066145415999927,0.14255150000099093
895,0.6091517905394236,30.56483268737793,6.021989042001223,0.1376077089989849
896,0.7503963510195414,31.37208366394043,6.008094458000414,0.13714099999924656
897,0.6876985828081766,29.833986282348633,6.050143915999797,0.13795929099796922
898,0.7058183948198954,28.526926040649414,6.014577166999516,0.13582533299995703
899,0.7439267237981161,33.97196960449219,5.998472708000918,0.13299620800171397
900,0.7932364245255789,29.62630844116211,6.009540875002131,0.13519608400019933
901,0.7791690528392792,30.084312438964844,5.99587325000175,0.1329885840023053
902,0.7179645001888275,33.290889739990234,6.0175763750012266,0.13743520799835096
903,0.7389577825864156,29.501991271972656,6.005554999999731,0.13728395799989812
904,0.6814844210942587,33.3658447265625,6.066858250000223,0.13274720899789827
905,0.6286152501900991,29.7593936920166,6.033587541001907,0.1425133749980887
906,0.6577019592126211,32.00673294067383,6.007974625001225,0.13655012500021257
907,0.6973477800687155,29.873647689819336,6.0130553749986575,0.1385423339997942
908,0.6541383862495422,30.460803985595703,6.019578625000577,0.13380441700064694
909,0.6101183593273163,29.773836135864258,6.0280330419991515,0.13776750000033644
910,0.5532714625199636,29.710494995117188,6.0577978330002225,0.14018004199897405
911,0.5880584120750427,30.720643997192383,6.111596458998974,0.135944624998956
912,0.6132119496663412,30.589645385742188,6.021547749998717,0.13968283400026849
913,0.5638931890328726,27.6267032623291,6.034083916998497,0.13864879199900315
914,0.5261886914571127,34.05831527709961,6.096704457999294,0.13390487499782466
915,0.5637283821900686,28.66368865966797,6.199788833000639,0.13563433300078032
916,0.6426902810732523,30.597108840942383,6.086196291998931,0.1390070410016051
917,0.5706811944643656,29.567415237426758,6.055490416001703,0.13603612500082818
918,0.58315309882164,31.05904197692871,6.0425850419997005,0.13805183300064527
919,0.6914516488711039,31.273160934448242,6.042812416999368,0.13537662499948055
920,0.7493168115615845,28.861011505126953,6.094473083001503,0.13819841700023971
921,0.5772730906804403,29.73987579345703,6.0880015840011765,0.13482925000062096
922,0.5824152131875356,30.527664184570312,6.068839999999909,0.1354587089990673
923,0.5968741973241171,29.87196159362793,6.048291416998836,0.13734587499857298
924,0.5643808543682098,29.87220001220703,6.075722583998868,0.13786404200072866
925,0.5277860760688782,28.542680740356445,6.105135665999114,0.1426437909976812
926,0.6242764393488566,30.736391067504883,6.078779999999824,0.139048000000912
927,0.625144879023234,30.99941062927246,6.064919707998342,0.12947204200099804
928,0.569830854733785,30.5571346282959,6.106056167001952,0.13955916600025375
929,0.49396684765815735,30.850257873535156,6.105780665999191,0.13865387499754434
930,0.5174227952957153,29.624168395996094,6.156996917001379,0.14094112500242773
931,0.6198250552018484,32.208221435546875,6.138606292002805,0.13739500000156113
932,0.6566129426161448,30.040786743164062,6.107495333002589,0.13878966699849116
933,0.8214786052703857,31.95865821838379,6.111948333000328,0.13750525000068592
934,0.8647821942965189,28.143890380859375,6.131105083000875,0.1389714590004587
935,0.8319408893585205,29.0289363861084,6.054056249999121,0.13764454099873547
936,0.713269571463267,31.3148250579834,6.094329708001169,0.13836733299831394
937,0.6519717077414194,33.9013557434082,6.070477542001754,0.1364592919999268
938,0.6973425547281901,27.7103214263916,6.07111079200331,0.1381035409976903
939,0.7160219152768453,33.00539016723633,6.095108999998047,0.1374946670002828
940,0.568930317958196,31.332975387573242,6.064075915997819,0.13436816700050258
941,0.6226930618286133,31.247865676879883,6.061477582999942,0.1390769999998156
942,0.7153535882631937,31.33929443359375,6.060494124998513,0.13878058300178964
943,0.7661323547363281,29.07752227783203,6.064236250000249,0.13668466699891724
944,0.6611847281455994,32.965675354003906,6.065335665996827,0.14013279099890497
945,0.6993997693061829,30.075420379638672,6.076722583002265,0.13551087499945424
946,0.6666658719380697,30.190847396850586,6.109528874996613,0.13612408300105017
947,0.7281202574570974,31.34686851501465,6.047731833001308,0.1359383750022971
948,0.717160294453303,32.49860382080078,6.069324291998782,0.13819950000106473
949,0.7607035438219706,29.54533576965332,6.132153124999604,0.13411533299949951
950,0.6963941554228464,30.80568504333496,6.108100375000504,0.13810237500001676
951,0.7830302715301514,32.02819061279297,6.104803999998694,0.1378932919978979
952,0.6836036443710327,29.62508773803711,6.116615582999657,0.1361689170007594
953,0.81381889184316,32.2796630859375,6.1340789170026255,0.1369241249994957
954,0.7204681138197581,30.47939109802246,6.114959708000242,0.1471330839995062
955,0.9203089475631714,31.154075622558594,6.115972542000236,0.14180433400179027
956,0.8143501182397207,34.076568603515625,6.094337042002735,0.1357268749998184
957,0.9372749527295431,32.180908203125,6.075999542001227,0.13992350000262377
958,1.0378243724505107,30.81899642944336,6.081687416997738,0.13853399999788962
959,1.1463606556256611,33.01066207885742,6.204719166002178,0.13853245900099864
960,1.0809839367866516,30.08016586303711,6.106249124997703,0.13885362499786424
961,1.0854480663935344,33.300411224365234,6.079020208999282,0.13556550000066636
962,1.2431349754333496,32.07223892211914,6.093220833001396,0.14003125000090222
963,1.3044876257578533,33.24710464477539,6.19989783300116,0.179572459001065
964,1.4419832428296406,35.29146194458008,6.730853999997635,0.1598235419987759
965,1.3176449139912922,33.574913024902344,6.736140875000274,0.17507674999797018
966,1.2598482767740886,33.460357666015625,9.089304332999745,0.22149029100182815
967,1.2762059171994526,31.637155532836914,8.705307208001614,0.21612170899970806
968,1.2627575993537903,33.81209182739258,8.64145762499902,0.22557887500079232
969,1.2123990257581074,29.080947875976562,8.796375874997466,0.21395325000048615
970,1.17815496524175,29.155044555664062,8.673997792000591,0.2164882500001113
971,1.1009592612584431,36.57292938232422,8.924978708000708,0.2685455840000941
972,1.2027762134869893,31.205480575561523,8.810405500000343,0.22905387500213692
973,1.1681413253148396,33.15470504760742,8.75377162499717,0.22682033300225157
974,1.2505519390106201,33.31692123413086,8.798443250001583,0.22774641700016218
975,1.1139075954755147,29.608442306518555,8.783158124999318,0.23280062499907217
976,1.0773985385894775,30.879812240600586,8.852437666999322,0.23747029100195505
977,1.0109364589055378,32.07046890258789,8.964555374997872,0.22405408300255658
978,0.992740531762441,28.568157196044922,8.805434457997762,0.24141354200037313
979,0.9538122614224752,32.27376937866211,8.93347999999969,0.21415854099905118
980,0.9842050075531006,31.79214859008789,8.884502458000497,0.23515462499926798
981,0.9464406768480936,32.96335220336914,8.897307458002615,0.2280822499997157
982,1.2170645793279011,29.277376174926758,8.872575958001107,0.2203456660026859
983,0.9820155700047811,33.71345520019531,8.912074957999721,0.23538504200041643
984,0.9856727520624796,30.73605728149414,8.993043292000948,0.2206995000015013
985,0.9171409805615743,34.08313751220703,8.909326832999795,0.21402441700047348
986,1.0855998794237773,28.80938148498535,8.918032917001256,0.22973595899748034
987,1.096761445204417,31.9875431060791,8.86449262500173,0.23055658300290816
988,1.0392964879671733,31.321027755737305,8.80685858400102,0.24010862499926588
989,1.02678249279658,29.38751792907715,8.91846308300228,0.23085745900243637
990,0.9727441867192587,34.53833770751953,8.803493209001317,0.2396610840005451
991,1.041089375813802,29.0954532623291,8.761548791997484,0.23098804199980805
992,0.9097700913747152,28.722150802612305,8.861183249999158,0.22524004200022318
993,0.9433396657307943,31.501386642456055,8.67979162499978,0.26661870799944154
994,0.8005823691685995,29.82826805114746,8.744080832999316,0.25805825000134064
995,0.7999319632848104,30.729209899902344,8.79528641700017,0.24155850000170176
996,0.8232221802075704,31.44475746154785,8.837303000000247,0.260587917000521
997,0.8386701345443726,30.735435485839844,8.783956125000259,0.2562064170015219
998,0.8331999182701111,32.53962707519531,8.526700125003117,0.1620395419995475
999,0.7565662264823914,28.968393325805664,6.797272708001401,0.16603725000095437
1000,0.8212640484174093,30.343002319335938,6.84117200000037,0.16828037500090431
1001,0.7661377191543579,32.8267936706543,6.800066791001882,0.16224487499857787
1002,0.7436533172925314,31.322811126708984,6.763862750001863,0.1779274170003191
1003,0.7721592386563619,29.843524932861328,6.787716750000982,0.16758945800029323
1004,0.7837023834387461,30.263309478759766,6.801802792000672,0.17311383400010527
1005,0.6995917558670044,28.740081787109375,6.798795541999425,0.16467258300326648
1006,0.6535674730936686,29.865816116333008,6.780878207999194,0.16639833299996099
1007,0.5915347139040629,30.03047752380371,6.814825583001948,0.16428508299941313
1008,0.6071232557296753,29.80124855041504,6.868645124999603,0.16409475000182283
1009,0.7109955251216888,28.542125701904297,6.828392957999313,0.17157320900150808
1010,0.8499398827552795,34.222625732421875,7.883432000002358,0.2255330000007234
1011,0.8194430470466614,28.792789459228516,8.954063249999308,0.23193833299956168
1012,0.8653310338656107,31.998332977294922,8.737579999997251,0.22057604200017522
1013,0.7752299904823303,28.74237632751465,8.959902041999158,0.21786679200158687
1014,0.8470474481582642,33.39649200439453,8.815771666999353,0.222723541999585
1015,0.8330075542132059,29.7405948638916,8.834715582997887,0.24802083300164668
1016,0.7242053945859274,31.296499252319336,8.726551125000697,0.22615783299988834
1017,0.6395995616912842,31.615894317626953,8.807652749997942,0.21152729200184694
1018,0.6025361319382986,30.381362915039062,8.80274533299962,0.2359972079975705
1019,0.5679296652475992,29.68330192565918,8.744742750001024,0.26715579200026696
1020,0.6185886760552725,31.296613693237305,8.888331792000827,0.22058900000047288
1021,0.6158254345258077,29.48295783996582,8.840007540999068,0.2279162080012611
1022,0.629783014456431,32.40523147583008,8.732017207999888,0.28147441699911724
1023,0.6384004155794779,29.905370712280273,8.857991291999497,0.22544858400215162
1024,0.6475101411342621,29.148286819458008,8.820393082998635,0.2332691249976051
1025,0.598749041557312,31.83584213256836,8.756577542000741,0.2520052919971931
1026,0.5312196314334869,30.108959197998047,8.970882916997653,0.22335479200046393
1027,0.5047230819861094,28.19013023376465,8.881897500003106,0.2229215830011526
1028,0.47968441247940063,30.27906036376953,8.897185290999914,0.25325729199903435
1029,0.466139813264211,28.85675048828125,8.813533874999848,0.224904124999739
1030,0.5236985385417938,28.685928344726562,8.966947125001752,0.2221664159987995
1031,0.5594665010770162,30.589365005493164,8.847302582998964,0.2708224579982925
1032,0.5232772727807363,29.53706932067871,8.870948416002648,0.2339310409988684
1033,0.5810058116912842,30.031776428222656,8.912752625001303,0.22515054100222187
1034,0.591844896475474,31.248851776123047,8.83470537500034,0.2836899579997407
1035,0.5648704369862875,28.623952865600586,8.817259709001519,0.23159262500121258
1036,0.5696843862533569,31.911712646484375,8.968446250000852,0.2210012089999509
1037,0.6169575850168864,29.15528106689453,8.862442959001783,0.2439120829985768
1038,0.5936521291732788,30.355466842651367,8.773103417002858,0.20406529100000625
1039,0.5179614226023356,30.976665496826172,8.862156709001283,0.2344459999985702
1040,0.581929624080658,31.444744110107422,8.249853332999919,0.16989249999824096
1041,0.6559955676396688,29.77841567993164,6.833792874997016,0.16309033400102635
1042,0.6891067624092102,31.372591018676758,6.860952666997036,0.16759937499955413
1043,0.659566213687261,29.948768615722656,6.895604499997717,0.16642454199973145
1044,0.6477397084236145,31.4664363861084,6.913370999998733,0.16909683399717323
1045,0.6173662940661112,30.49847412109375,6.916175250000379,0.159236041999975
1046,0.639146625995636,30.38187599182129,6.932495249999192,0.1638128329977917
1047,0.5967812140782675,29.22367286682129,6.87787866600047,0.159940290999657
1048,0.5243299802144369,30.205123901367188,6.879585208000208,0.16719258300145157
1049,0.4596507002909978,30.6254940032959,6.8527978749989416,0.1642476249980973
1050,0.6325744191805521,28.964242935180664,6.862642290998338,0.1650288749988249
1051,0.7125011483828226,30.847980499267578,6.870428584003093,0.16730666600051336
1052,0.6912474632263184,30.220046997070312,7.1675550830004795,0.245923208000022
1053,0.6598089536031088,30.683029174804688,8.827493415999925,0.22377050000068266
1054,0.6731243928273519,31.211061477661133,8.983918457997788,0.27710674999980256
1055,0.7138645648956299,30.443422317504883,8.90975299999991,0.22948812499816995
1056,0.8601815501848856,30.258922576904297,8.807732207998924,0.22655541600033757
1057,0.8149463136990865,33.1439208984375,8.846631707998313,0.2279142499974114
1058,0.786106010278066,31.246829986572266,8.913928333000513,0.21952779200000805
1059,0.7463733355204264,30.073633193969727,8.93757616700168,0.2517022089996317
1060,0.8089461326599121,33.228694915771484,8.847771041997476,0.2165125830033503
1061,0.6712060968081156,30.952003479003906,8.86201604100279,0.24583712499952526
1062,0.5860690474510193,28.867855072021484,8.909820416000002,0.23266850000072736
1063,0.5596345067024231,30.382572174072266,8.851945916001569,0.21848866700020153
1064,0.5338871876398722,29.744903564453125,8.91556474999743,0.26348591599889915
1065,0.5038775602976481,29.730243682861328,8.886697166999511,0.23212995799985947
1066,0.4880726635456085,30.019163131713867,8.77362812499996,0.22086158399906708
1067,0.5191091001033783,29.910741806030273,8.931590333002532,0.2547966660022212
1068,0.5465963880221049,29.18141746520996,8.911096959000133,0.22251037499881932
1069,0.5577328006426493,30.893878936767578,9.086116832997504,0.22900695799762616
1070,0.54025466243426,29.522050857543945,8.866212625001936,0.23096349999832455
1071,0.5880719025929769,29.792015075683594,8.906765292002092,0.22517512500053272
1072,0.6142295598983765,31.48082733154297,8.9279758340017,0.2215243750033551
1073,0.5651598274707794,29.23990249633789,8.973028166001313,0.2500872079981491
1074,0.4855099419752757,30.445079803466797,8.818643917002191,0.21264549999978044
1075,0.5034156342347463,28.728771209716797,8.97337595800127,0.2691362920013489
1076,0.5320266087849935,29.286211013793945,8.85772200000065,0.2090988340023614
1077,0.4483584761619568,29.33979606628418,8.76645095799904,0.22619154099811567
1078,0.479083647330602,29.78712272644043,8.922617082997021,0.23325783299878822
1079,0.5090542435646057,29.38470458984375,8.888256292000733,0.2230211669993878
1080,0.5172547797362009,31.106454849243164,8.951413124999817,0.2743220829979691
1081,0.45653027296066284,31.363420486450195,8.881366208002873,0.22429270800057566
1082,0.5114325881004333,31.4727840423584,8.984428499999922,0.25951937500212807
1083,0.521133691072464,29.823917388916016,8.870525791997352,0.22435945799952606
1084,0.5949919521808624,31.154531478881836,8.875127957999212,0.2746878329999163
1085,0.4502083857854207,30.682411193847656,8.904762707999907,0.22167820800314075
1086,0.6083922684192657,30.02721405029297,8.79225208400021,0.25075837500116904
1087,0.7082235415776571,30.72294044494629,8.79817154200282,0.23886766599753173
1088,0.7255769371986389,30.79352378845215,7.774227916997916,0.18436512499829405
1089,0.548470159371694,31.96002769470215,6.946784874999139,0.16195791700010886
1090,0.6359846194585165,31.01688575744629,6.874614290998579,0.16540941700077383
1091,0.6302602688471476,29.157320022583008,6.871062582999002,0.1709255409987236
1092,0.5743986566861471,31.3439998626709,6.897302166998998,0.17303416700087837
1093,0.5673296352227529,31.556621551513672,6.918984833002469,0.16803325000000768
1094,0.7061181465784708,29.017627716064453,6.885403125001176,0.16746899999998277
1095,0.6766778628031412,30.696292877197266,6.982708625000669,0.1689232089993311
1096,0.5725583136081696,28.873088836669922,6.9479438749986,0.16569929199977196
1097,0.4947485725084941,30.61639976501465,6.907469582998601,0.16954995800188044
1098,0.5218890905380249,29.197710037231445,6.854716250003548,0.16664424999908078
1099,0.5069808860619863,28.93363380432129,6.898988625001948,0.16861216599863837
1100,0.4054869810740153,29.90030288696289,7.635038500000519,0.2663351670016709
1101,0.43183483680089313,30.065603256225586,9.10160229200119,0.21168595799827017
1102,0.5425790548324585,29.843624114990234,8.865869291999843,0.2161574580022716
1103,0.54532523949941,30.452409744262695,9.043333375000657,0.2543814589989779
1104,0.41654714445273083,30.255285263061523,8.933872249999695,0.23406379100197228
1105,0.4474508265654246,32.11592102050781,8.833585416999995,0.23224679199847742
1106,0.5445943772792816,28.839628219604492,8.851010750000569,0.20747279100032756
1107,0.5929168264071146,30.03133773803711,9.021474125001987,0.23331012500057113
1108,0.5007926026980082,29.757627487182617,8.839651499998581,0.26232316700043157
1109,0.5452446540196737,31.61937713623047,8.867179917000612,0.2322790839971276
1110,0.6164992650349935,29.030332565307617,8.901003333001427,0.21274791699761408
1111,0.7045904795328776,31.574722290039062,8.823969917000795,0.21652637499937555
1112,0.6670241554578146,29.51295280456543,8.948605833000329,0.27337770799931604
1113,0.7266422808170319,29.619680404663086,8.872106750000967,0.22793083299984573
1114,0.7250160376230875,30.178316116333008,8.896041166997747,0.22727329199915403
1115,0.7675654490788778,27.86219024658203,8.807375332999072,0.22387125000022934
1116,0.7026444673538208,30.996288299560547,8.853156875000423,0.2288433329995314
1117,0.7131135662396749,32.316776275634766,8.934106624998094,0.27313299999877927
1118,0.695642332235972,29.592374801635742,8.899198750001233,0.23153429200101527
1119,0.8030687769254049,30.710105895996094,9.010926792001555,0.21422000000166008
1120,0.6564182241757711,30.035015106201172,8.95735995799987,0.2740990000020247
1121,0.7394306063652039,30.484590530395508,8.86480387499978,0.25196962500194786
1122,0.8183730443318685,28.621658325195312,8.832982167001319,0.2270643750016461
1123,0.8114723165829977,29.752206802368164,8.889861290997942,0.21860087499953806
1124,0.7728033661842346,32.065216064453125,8.785203040999477,0.22416225000051782
1125,0.7395658791065216,30.823265075683594,8.874878167000134,0.2810762090011849
1126,0.7354103128115336,30.436254501342773,8.877816459000314,0.23563820799972746
1127,0.7058339416980743,28.96696662902832,8.872372999998333,0.2248713749977469
1128,0.729499489068985,29.97768211364746,8.810977249999269,0.2255446250019304
1129,0.6463362773259481,30.45258331298828,8.756245374999708,0.21617733300081454
1130,0.6239235401153564,28.800188064575195,8.827375583998219,0.27659974999914994
1131,0.6641710003217062,30.244548797607422,8.949685167001007,0.23368645800292143
1132,0.6670670310656229,30.405105590820312,8.910719249997783,0.21619662499870174
1133,0.6441143751144409,30.62479019165039,8.933463375000429,0.23328183299963712
1134,0.6247951487700144,32.50590515136719,8.937379833001614,0.27304150000054506
1135,0.6194371183713278,31.76566505432129,8.899260624999442,0.22932837500047754
1136,0.6261158188184103,29.04585838317871,8.907518042000447,0.21607358400069643
1137,0.5664029518763224,28.801177978515625,8.867958250000811,0.217007499999454
1138,0.48638298114140827,31.072933197021484,8.881715167000948,0.22087462499985122
1139,0.5442627171675364,27.72670555114746,8.78519270799734,0.2756652079988271
1140,0.5500713487466177,28.718690872192383,8.884388417001901,0.24058941700059222
1141,0.4872426489988963,28.088895797729492,8.873752917003003,0.22361562500009313
1142,0.5215593079725901,30.406572341918945,8.922995916000218,0.24103649999960908
1143,0.5355194906393687,30.124753952026367,8.89949229099875,0.277560958002141
1144,0.5866705675919851,30.892093658447266,8.92379233400061,0.2346261249986128
1145,0.5014834702014923,28.80443572998047,8.855865458001063,0.22317095800099196
1146,0.4401000738143921,29.775278091430664,8.85782774999825,0.21760724999694503
1147,0.45304153362909955,31.25397300720215,8.812944792000053,0.2217599159994279
1148,0.4551122188568115,30.624351501464844,8.859761207997508,0.2648180840005807
1149,0.5553781588872274,30.627120971679688,8.746096040998964,0.171611457997642
1150,0.6308452586332957,29.6859188079834,6.888102292003168,0.16622779200042714
1151,0.6810365617275238,31.089109420776367,6.843505083001219,0.1695706250029616
1152,0.5940917034943899,31.05204200744629,6.827363250002236,0.16454924999925424
1153,0.6384321252504984,31.894800186157227,6.856383915997867,0.1723014589988452
1154,0.7299287517865499,29.80795669555664,6.848889125001733,0.17413987499821815
1155,0.7851096192995707,30.556598663330078,6.86956816699967,0.1698202500010666
1156,0.7693298856417338,30.84205436706543,6.873527291998471,0.16975441600152408
1157,0.7147583067417145,31.62553596496582,6.961421707997943,0.16789258300195797
1158,0.6749101479848226,28.995145797729492,6.933216708002874,0.17169929199735634
1159,0.6227031548817953,29.683805465698242,6.89643674999752,0.16403195900056744
1160,0.5794113874435425,29.036876678466797,6.91482575000191,0.16825249999965308
1161,0.544951319694519,29.793886184692383,6.88027616600084,0.1667877079999016
1162,0.5408157110214233,30.273225784301758,8.113712958001997,0.2170192079975095
1163,0.5756131907304128,30.647125244140625,8.920974583001225,0.22709841700270772
1164,0.6111977497736613,28.87500762939453,8.860362334002275,0.22690549999970244
1165,0.5862657924493154,30.892833709716797,8.876860458996816,0.2219710829995165
1166,0.5848322113355001,29.205041885375977,8.850868292000087,0.22842437500003143
1167,0.6538793941338857,31.846542358398438,8.828899958996772,0.22984058300062316
1168,0.687355657418569,30.698530197143555,8.891730374998588,0.2374450839997735
1169,0.688017209370931,29.76447868347168,8.993857041998126,0.21951837500091642
1170,0.7718682090441386,28.617149353027344,8.851369917003467,0.2166182500004652
1171,0.7803323268890381,33.83519744873047,8.867750083001738,0.21222266699987813
1172,0.7944385310014089,28.544605255126953,8.868347874999017,0.21299516699946253
1173,0.7929704884688059,31.02263069152832,8.826036709000618,0.2132553339979495
1174,0.814233144124349,32.102394104003906,8.86550704199908,0.21832383299988578
1175,0.808106541633606,29.709360122680664,8.838881499999843,0.21230879200084019
1176,0.8212039669354757,30.312511444091797,8.8980524159997,0.21628720800072188
1177,0.9515617887179056,31.72156524658203,8.828248750000057,0.20958537499973318
1178,0.9268331726392111,32.95677185058594,8.888025208001636,0.21537070799968205
1179,0.8586349884668986,30.253032684326172,8.875588042003073,0.22179324999888195
1180,0.8083248734474182,29.40225601196289,9.022542458002135,0.2268915829990874
1181,0.90654323498408,31.23870086669922,9.102372417000879,0.2723253330004809
1182,0.7666519284248352,29.977724075317383,8.923968749997584,0.2808294999995269
1183,0.6879681944847107,29.209430694580078,8.977387916002044,0.2515502079986618
1184,0.7012867331504822,29.307109832763672,8.851827917002083,0.23904304199822946
1185,0.7881775299708048,30.048593521118164,8.895052832998772,0.237425749997783
1186,0.9398650924364725,33.5321044921875,8.889860874998703,0.23769316700054333
1187,0.8583595554033915,30.541662216186523,8.910641249996843,0.22584483299942804
1188,0.8410972356796265,29.54539680480957,8.802708582999912,0.22577404199910234
1189,0.8605890472730001,32.16188049316406,8.91630641699885,0.24267800000234274
1190,0.8781049847602844,33.41557312011719,8.811750917000609,0.23648700000194367
1191,0.9177500704924265,30.47406005859375,8.84949887500261,0.23992516599901137
1192,0.8590189019838969,30.216800689697266,8.792886875002296,0.2282957079987682
1193,0.9128874739011129,30.667667388916016,8.794671166000626,0.23230525000326452
1194,0.8434556722640991,30.586584091186523,8.883409542002482,0.2380722500020056
1195,0.8553113838036855,29.81664276123047,8.828244790998724,0.2360817919980036
1196,0.7909388740857443,30.67319107055664,8.830177457999525,0.23650933300086763
1197,0.6673523187637329,31.20047378540039,8.871907625001768,0.23271499999827938
1198,0.6923903127511343,28.682491302490234,8.915849375000107,0.2346380000017234
1199,0.6856849392255148,29.04578399658203,8.844510416001867,0.23581600000034086
1200,0.624374270439148,29.735872268676758,8.860048624999763,0.22933133300102782
1201,0.5541205008824667,30.41903305053711,8.836022333998699,0.2300405829992087
1202,0.5890040397644043,28.923051834106445,8.916292040998087,0.215177207999659
1203,0.6130879720052084,32.77323532104492,8.899227792000602,0.21323470800052746
1204,0.5725354552268982,28.472965240478516,8.910403333997237,0.2197560419990623
1205,0.5816632111867269,30.61904525756836,9.018989416003024,0.23145145799935563
1206,0.6368206143379211,29.104801177978516,8.205194416997983,0.16525116699995124
1207,0.7359707355499268,30.322463989257812,6.889909166999132,0.1651554580021184
1208,0.7030158042907715,29.17658233642578,6.850594083000033,0.17039749999821652
1209,0.7378518581390381,31.197341918945312,6.874676708001061,0.17043179100073758
1210,0.8173233866691589,32.06991958618164,6.982059707999724,0.1614951250012382
1211,0.8475154836972555,28.39817237854004,6.848295166000753,0.1753276250019553
1212,0.7661917408307394,30.385366439819336,6.88589066699933,0.16916924999895855
1213,0.69662078221639,29.638690948486328,6.884125041000516,0.17062720799731323
1214,0.9116501808166504,28.017868041992188,6.846712667000247,0.16442854100023396
1215,1.0266512831052144,32.98249816894531,6.818151916999341,0.1645725839989609
1216,1.2500056624412537,28.62300682067871,6.857267084000341,0.16370112499862444
1217,1.3539000749588013,32.06545639038086,6.893815709001501,0.17100195800230722
1218,1.32974906762441,37.41539764404297,7.265788500000781,0.26698691599813174
1219,1.2197497089703877,31.824176788330078,9.034181082999567,0.2263604160034447
1220,1.151826540629069,31.616302490234375,9.028526416001114,0.2295101670024451
1221,1.1331746578216553,34.168609619140625,8.987184292000165,0.22375020800245693
1222,1.0602067907651265,29.416223526000977,8.899955500000942,0.22357499999998254
1223,1.035290241241455,32.52909469604492,8.889062165999349,0.22281912499965983
1224,0.8807736237843832,30.330551147460938,8.881121916998381,0.24429966599927866
1225,1.1523112853368123,28.630512237548828,9.018437250000716,0.23320220800087554
1226,0.9713999430338541,32.275474548339844,8.867365333000635,0.24708604099942022
1227,1.0046170949935913,31.308597564697266,8.908742708001228,0.2514305830009107
1228,0.8398930231730143,30.123638153076172,8.79001145899747,0.2831530830007978
1229,1.1758840878804524,30.374874114990234,8.864374958000553,0.2541225829991163
1230,1.081565499305725,30.323543548583984,8.965005000001838,0.2701707090018317
1231,1.154699703057607,29.804821014404297,8.924914874998649,0.2674859170001582
1232,1.0793800751368205,29.970613479614258,8.839588584000012,0.27188500000193017
1233,1.0423759818077087,33.49013900756836,8.870143542000733,0.27179966699986835
1234,1.0676058332125347,32.329132080078125,8.809663457999704,0.2669160000004922
1235,0.9546330769856771,29.43168830871582,8.849964166998689,0.27580195799964713
1236,1.114066243171692,30.29420280456543,8.860922292002215,0.24948174999735784
1237,1.2355135679244995,30.167987823486328,8.846817999998166,0.26067637500091223
1238,1.2073362270991008,28.521265029907227,8.913159457999427,0.22686391699971864
1239,1.4251263936360676,32.44902801513672,8.862836041000264,0.21407512500081793
1240,1.5563807884852092,31.624984741210938,8.897111499998573,0.22907995900095557
1241,1.498538653055827,27.74126625061035,8.943715708002856,0.23544487500112155
1242,1.5145188967386882,32.82908248901367,8.951085833003162,0.23855983400062541
1243,1.4451710383097331,34.17823028564453,8.92096354199748,0.23632379099944956
1244,1.7802341381708782,34.11228561401367,8.985190167000837,0.23201295900071273
1245,1.9111981391906738,32.76142501831055,8.974118666999857,0.22905016699951375
1246,2.119869669278463,33.50393295288086,8.93597858299836,0.23612737499934155
1247,2.2457844018936157,37.08831787109375,8.872241332999693,0.23897841700090794
1248,2.8732291062672934,44.79160690307617,8.912784957999975,0.23656958399806172
1249,5.086332400639852,37.92664337158203,8.892179084003146,0.23673487499763723
1250,5.7432661056518555,42.58852767944336,8.861374583000725,0.22543929199673585
1251,9.74153184890747,51.658897399902344,9.024726375002501,0.24936945800072863
1252,11.951495488484701,53.94989776611328,9.065008957997634,0.22596654199878685
1253,14.823482195536295,67.45381927490234,8.880478834002133,0.22311308400094276
1254,15.604399998982748,86.91796112060547,8.926804417002131,0.23894700000164448
1255,18.824217478434246,80.93170166015625,8.879155082999205,0.2366593330007163
1256,18.61226463317871,98.51158142089844,8.86442850000094,0.23643962499772897
1257,17.457902590433758,96.81510925292969,8.860549582997919,0.22834766700179898
1258,20.132265090942383,64.75015258789062,7.901848290999624,0.16403266599809285
1259,19.2386048634847,74.33133697509766,6.825836708998395,0.1677171669980453
1260,15.266059557596842,65.70227813720703,6.805552583002282,0.1661405000013474
1261,15.43963591257731,68.29802703857422,6.848978375001025,0.16407387499930337
1262,15.500352541605631,72.81083679199219,6.844977499997185,0.1675657499981753
1263,12.968514760335287,72.68106842041016,6.817565084002126,0.1720645829991554
1264,11.841018994649252,73.33785247802734,6.855614042000525,0.16755950000151643
1265,10.32852570215861,58.56731033325195,6.811071625001205,0.16914029200052028
1266,9.017218430836996,63.64305114746094,6.884781167002075,0.1643608749982377
1267,7.83956257502238,50.983219146728516,6.882099250000465,0.17094779200124322
1268,6.530009984970093,46.562416076660156,6.850732082999457,0.1676254579979286
1269,5.904239177703857,39.23638916015625,6.835728624999319,0.16340470800059848
1270,5.16757861773173,41.4880256652832,7.250227625001571,0.2476345830000355
1271,4.403712312380473,35.98316955566406,8.968794542000978,0.24451616599981207
1272,4.057742158571879,41.23860549926758,9.045343874997343,0.2656460830003198
1273,3.768815279006958,34.47224426269531,9.052738791000593,0.27250629199988907
1274,3.502289891242981,38.921688079833984,8.809698416000174,0.2188001249996887
1275,3.202965418497721,38.00345993041992,8.830334916001448,0.22534100000120816
1276,2.994875351587931,34.89520263671875,8.84862129099929,0.2736878750001779
1277,2.9168431758880615,38.346065521240234,8.969802000003256,0.2732291249994887
1278,2.5737746953964233,32.25453186035156,8.801953582998976,0.20337833400117233
1279,2.2771137158075967,37.914955139160156,8.919538582998939,0.23614924999856157
1280,2.1003881295522056,35.7049446105957,9.055072125000152,0.262491665998823
1281,2.1729036569595337,35.7080078125,8.994483458001923,0.2251762090018019
1282,2.1096705198287964,35.479461669921875,8.8431977500004,0.21690616699925158
1283,2.036554495493571,35.67329788208008,8.96204808299808,0.22671070900105406
1284,1.855451186498006,34.03215789794922,8.876622040999791,0.2720274999992398
1285,1.6822377641995747,34.56486892700195,9.017573916000401,0.27995908400043845
1286,1.6282110611597698,34.65617752075195,9.013065374998405,0.2632850000009057
1287,1.602774977684021,34.183135986328125,8.79892850000033,0.2128896670001268
1288,1.584379216035207,33.05746841430664,8.90658920900023,0.22675558300034027
1289,1.5454049507776897,34.57960891723633,8.922065874998225,0.24850329200125998
1290,1.3520860473314922,32.41689682006836,9.046261625000625,0.27579529200011166
1291,1.29294486840566,33.878849029541016,8.927663957998448,0.23061708299792372
1292,1.3003854751586914,35.622318267822266,8.891700042000593,0.20566375000271364
1293,1.4052119652430217,34.070247650146484,8.818907291999494,0.23011699999915436
1294,1.402032693227132,34.69182586669922,8.923569417002,0.2663447079976322
1295,1.2450301845868428,34.34793472290039,8.731340624999575,0.21745666599963442
1296,1.1192527016003926,34.362953186035156,8.859730625001248,0.2286731249987497
1297,1.0782095988591511,33.88606643676758,8.802749750000658,0.27092379099849495
1298,1.1251968542734783,34.898399353027344,8.979471708000347,0.27213795900024706
1299,1.1150498986244202,34.81264877319336,8.839775207998173,0.21902562499963096
1300,1.1699695587158203,34.907508850097656,8.905477791999147,0.2353760419973696
1301,1.1975433429082234,34.917381286621094,8.883259583999461,0.2854351249989122
1302,1.3043208122253418,34.84920120239258,9.027406291999796,0.2788054159973399
1303,1.3972673416137695,33.28962707519531,8.939070874999743,0.22505649999948218
1304,1.4102659622828166,33.83959197998047,9.015702832999523,0.21279199999844423
1305,1.3551371296246846,33.763648986816406,8.864869375000126,0.23534208400087664
1306,1.2077627182006836,31.851015090942383,9.033249541997066,0.28591175000110525
1307,1.0847781002521515,35.835243225097656,8.968774959001166,0.2599061670007359
1308,1.0719674030939739,31.324377059936523,8.908117375001893,0.21594249999907333
1309,1.0162912706534069,34.03605651855469,8.838400582997565,0.22527733300012187
1310,1.1061058441797893,31.118621826171875,8.971252958002879,0.27106350000030943
1311,1.0510152578353882,35.15398025512695,8.947921209000924,0.2583659580013773
1312,0.9328308900197347,33.46803665161133,8.152830082999571,0.16498816600142163
1313,0.9099928736686707,32.71064376831055,6.90549375000046,0.1653805830028432
1314,0.7924312750498453,34.450809478759766,6.8414839999968535,0.15947595800025738
1315,0.8143712878227234,34.08160400390625,6.869212583002081,0.16051987500031828
1316,0.9122611284255981,33.793617248535156,6.910775958000158,0.1627504999996745
1317,0.8987728357315063,33.680850982666016,6.888017792000028,0.16513108299841406
1318,0.9188304940859476,33.50355911254883,6.82476829100051,0.1595510840015777
1319,0.9422228733698527,32.55753707885742,6.839418416999251,0.1611808750021737
1320,0.8639895518620809,33.95165252685547,6.862536625001667,0.1759357920018374
1321,0.8156219124794006,32.9812126159668,6.8574525420008285,0.1626265830018383
1322,0.8189106583595276,32.58003234863281,6.875942791997659,0.16288108299704618
1323,0.8976879119873047,34.0025749206543,6.817958750001708,0.16252387500207988
1324,0.8687711159388224,32.759151458740234,6.8285294999986945,0.1665183330005675
1325,0.7786250313123068,33.64281463623047,8.632889958000305,0.2173245420017338
1326,0.6938955783843994,33.071529388427734,8.89130191699951,0.23970179200114217
1327,0.7015475928783417,32.83760452270508,9.19861708299868,0.2712371659981727
1328,0.7164027690887451,33.05746841430664,9.088982624998607,0.2691177080014313
1329,0.6705236236254374,32.67305374145508,8.867224292000174,0.2180201670016686
1330,0.6375327110290527,32.674983978271484,8.820961542001896,0.22191270800249185
1331,0.6318764785925547,34.64393997192383,9.041580249999242,0.266439333998278
1332,0.6164596676826477,31.824020385742188,8.794939542000066,0.22662295899863238
1333,0.603071391582489,36.182106018066406,8.802924457999325,0.25977183299983153
1334,0.5976184805234274,31.955387115478516,8.912528791999648,0.20857174999764538
1335,0.544560064872106,33.91227722167969,8.926474291998602,0.2294154580013128
1336,0.5392330487569174,32.68872833251953,8.871378791998723,0.27384024999992107
1337,0.5697164535522461,34.17792510986328,8.981545540998923,0.2092465000023367
1338,0.6047009627024332,32.153297424316406,8.963927500000864,0.21924366699749953
1339,0.6958749294281006,35.91905212402344,8.854257791997952,0.28290166599981603
1340,0.7390033801396688,31.649517059326172,8.754562291000184,0.22257187500144937
1341,0.8241052627563477,34.82184600830078,8.892324125001323,0.23871470900121494
1342,0.7826157212257385,32.35963439941406,8.940811083000881,0.25568824999936623
1343,0.7249141732851664,33.8873176574707,8.814472791000298,0.21715062499788473
1344,0.7123712797959646,32.951114654541016,8.875569624997297,0.2518760419989121
1345,0.6781012018521627,32.237552642822266,8.997565499998018,0.2632872499998484
1346,0.6187289655208588,33.06026077270508,8.868159124998783,0.22534249999807798
1347,0.5627885560194651,33.33927536010742,8.835913709001034,0.2774431249999907
1348,0.5446660121281942,33.16669464111328,8.873592459000065,0.21664770799907274
1349,0.5765143732229868,33.95108413696289,8.824738709001394,0.24185170800046762
1350,0.5684001545111338,32.7498893737793,8.885464584000147,0.21635979200073052
1351,0.5849295457204183,33.60258102416992,8.86921670800075,0.2319987080009014
1352,0.6365608970324198,34.600154876708984,8.760690292001527,0.2938492089997453
1353,0.6389919320742289,33.34258270263672,8.89776208299736,0.2119087920000311
1354,0.6595419049263,35.043033599853516,8.795923917001346,0.2660127079980157
1355,0.6884072025616964,33.717594146728516,9.084951124998042,0.2635717500015744
1356,0.6487419605255127,32.10430145263672,8.896580042001005,0.21587837500192109
1357,0.6295044918855032,35.36616897583008,8.822021125000902,0.25444908299687086
1358,0.667868455251058,32.26798629760742,8.913966625001194,0.22223291699992842
1359,0.7660581469535828,34.751197814941406,8.88081345899991,0.23910370799785596
1360,0.7999260922273,34.093624114990234,8.887189707998914,0.2698065839977062
1361,0.779723326365153,33.3286247253418,8.826370916001906,0.22223691699764458
1362,0.777372678120931,35.637176513671875,8.806271666999237,0.2737893749981595
1363,0.8002943793932596,31.998390197753906,8.93186279099973,0.23604170799808344
1364,0.7794816692670187,36.74565124511719,8.811287791999348,0.2262051670004439
1365,0.7744940022627512,31.947872161865234,7.511973417000263,0.16505441700064694
1366,0.8154533008734385,34.369384765625,6.862652124997112,0.1619580410006165
1367,0.8179596761862437,35.48448181152344,6.811446290997992,0.1656827910010179
1368,0.8285854657491049,31.67490005493164,6.824744749999809,0.16443395799797145
1369,0.8124758104483286,35.26667785644531,6.871889209000074,0.16702591699868208
1370,0.7839258710543314,33.20552062988281,6.855130208001356,0.18218295800033957
1371,0.6612589657306671,32.55388641357422,6.896129583998118,0.16673037500004284
1372,0.5969023108482361,33.81879806518555,6.888229374999355,0.1715662919996248
1373,0.5749728679656982,32.88258743286133,6.865941791998921,0.16922799999883864
1374,0.538218230009079,32.735511779785156,6.855718791000982,0.16959100000167382
1375,0.5126281976699829,33.162593841552734,6.867999165999208,0.16398924999884912
1376,0.495938241481781,32.515869140625,6.861822750001011,0.17219687500255532
1377,0.4601522584756215,33.608741760253906,7.391213582999626,0.22902754100141465
1378,0.46363573769728345,33.03871154785156,8.944998540999222,0.2704488749986922
1379,0.4687132140000661,33.716827392578125,9.065785499999038,0.2150359170009324
1380,0.4688728253046672,33.324180603027344,8.840798459001235,0.23578291699959664
1381,0.5470132629076639,32.12534713745117,8.918757583000115,0.22424008299640263
1382,0.5366628567377726,34.29463577270508,8.863886416998866,0.22381187499922817
1383,0.5192696849505106,31.927785873413086,8.919127208002465,0.21158275000198046
1384,0.546994666258494,34.106719970703125,8.935979417001363,0.22792454199952772
1385,0.5818702379862467,32.22116470336914,8.800746249999065,0.25216016699778265
1386,0.5653601884841919,33.185935974121094,8.885520791998715,0.2305909579990839
1387,0.5532698730627695,33.30112075805664,8.83240408400161,0.2589074579991575
1388,0.5512816409269968,32.41868209838867,8.847233917000267,0.2159337909979513
1389,0.58209361632665,33.529518127441406,8.772838916000183,0.23312787499889964
1390,0.5628958443800608,33.37233352661133,8.925313333002123,0.23215191700001014
1391,0.5533377130826315,32.83085632324219,8.901842666000448,0.2681522919992858
1392,0.49903886516888935,33.70555114746094,8.816787458999897,0.22934070799965411
1393,0.5470146934191386,31.729618072509766,8.764628832999733,0.26089370800036704
1394,0.5326548218727112,32.970741271972656,8.817557874997874,0.230560375002824
1395,0.4864952862262726,33.2174186706543,8.737229708996892,0.24653274999946007
1396,0.43302297095457715,32.547847747802734,8.80046804200174,0.23592825000014273
1397,0.42310362060864765,34.199344635009766,8.981397457999265,0.2621458749999874
1398,0.45525174339612323,32.81676483154297,8.920592166999995,0.2396168330014916
1399,0.4936068058013916,32.51252746582031,8.884729375000461,0.2708793749989127
1400,0.4382077157497406,33.460201263427734,8.859606916998018,0.24250129199936055
1401,0.43730753660202026,32.55818176269531,8.869828958999278,0.27733704099955503
1402,0.4679445723692576,33.95259094238281,8.862979833000281,0.2318494589999318
1403,0.5533250470956167,33.21534729003906,8.96228762499959,0.2715726669994183
1404,0.48916248480478924,34.036678314208984,9.007544208998297,0.2277481249984703
1405,0.5176724096139272,34.48016357421875,8.84983099999954,0.26358504200106836
1406,0.4450497229894002,34.16679000854492,8.886407624999265,0.2125304170003801
1407,0.47889021039009094,33.39088439941406,8.902061625001807,0.24382041599892545
1408,0.40289100011189777,33.59920120239258,8.993234291003319,0.21731958300006227
1409,0.43942002455393475,33.49553680419922,8.958786249997502,0.23579166700073984
1410,0.4131120095650355,34.01865005493164,8.880803041000036,0.26125874999706866
1411,0.3878352592388789,32.449520111083984,8.939759291999508,0.23255312499895808
1412,0.3664633234341939,33.96220397949219,8.942000333001488,0.2388654169990332
1413,0.34331683814525604,32.62233352661133,8.936687958997936,0.23359766700014006
1414,0.32005201280117035,32.58728790283203,8.851212333000149,0.2276953330001561
1415,0.33447790145874023,33.688987731933594,8.90822825000214,0.22717679199922713
1416,0.33662647505601245,31.52863311767578,8.911908291000145,0.25987391699891305
1417,0.37236375113328296,35.33312225341797,8.875131249998958,0.236766207999608
1418,0.43081367015838623,31.670312881469727,8.80014674999984,0.25389691699820105
1419,0.41324864824612934,34.49895095825195,8.904329083001358,0.22295270799804712
1420,0.40494465827941895,32.738433837890625,8.86636450000151,0.2673131670017028
1421,0.417558620373408,34.25617599487305,8.783195374999195,0.2309681249971618
1422,0.41798436641693115,33.3318977355957,8.866540708000684,0.2759135000014794
1423,0.3788329263528188,33.232513427734375,8.918002083999454,0.23839049999878625
1424,0.3660068213939667,33.336612701416016,8.936507041002187,0.2729059999983292
1425,0.41494924823443097,32.8448486328125,8.862556457999744,0.23633262499788543
1426,0.42332084973653156,32.951595306396484,8.889139792001515,0.2596522090025246
1427,0.3999227782090505,32.720855712890625,8.871506833998865,0.23214412500237813
1428,0.3989594479401906,34.540470123291016,8.991838458001439,0.27570195899897953
1429,0.46717484792073566,32.471561431884766,8.848767749997933,0.23222983399682562
1430,0.5139230986436208,34.7672233581543,8.9376845830011,0.2690833329979796
1431,0.5047045548756918,33.06216049194336,9.077142583999375,0.214431374999549
1432,0.40893161793549854,33.282936096191406,8.917252791001374,0.2791564169965568
1433,0.428351824482282,34.92264938354492,8.851956833001168,0.21693099999902188
1434,0.5662144621213278,32.57203674316406,8.881315959002677,0.28726866700162645
1435,0.55441481868426,33.933563232421875,8.923231458000373,0.20576033299948904
1436,0.47751619418462116,32.83136749267578,8.723130790996947,0.2184658340011083
1437,0.42482976615428925,32.62948226928711,8.965225208998163,0.23541129099976388
1438,0.5320447087287903,33.209503173828125,8.903648542000155,0.25322170900108176
1439,0.5477012197176615,32.612457275390625,8.886853625001095,0.261552166997717
1440,0.5328794519106547,34.20242691040039,8.984548874999746,0.2680522500013467
1441,0.5079242587089539,32.318359375,7.743949542000337,0.16575237500001094
1442,0.5274376074473063,33.969722747802734,6.841467915997782,0.16808179099825793
1443,0.5468326807022095,32.601036071777344,6.872579625000071,0.16894637500081444
1444,0.5372366805871328,34.77860641479492,6.938059208001505,0.1622505830018781
1445,0.5105562806129456,32.03469467163086,6.847740375000285,0.16185445800147136
1446,0.46669139464696247,35.017459869384766,6.919623041001614,0.172295041000325
1447,0.5233217775821686,31.963947296142578,6.908692708999297,0.16318662500270875
1448,0.47662020723025006,34.379024505615234,6.9115755419989,0.17387504200087278
1449,0.49453215797742206,32.35129928588867,6.903416625002137,0.16631745899940142
1450,0.4310711920261383,33.63700485229492,6.920626499999344,0.1642949579982087
1451,0.4469544092814128,33.080074310302734,6.942407208000077,0.1674072919995524
1452,0.3674451758464177,34.2298583984375,6.945819708998897,0.16915245799827971
1453,0.4051322440306346,33.196144104003906,7.006520957998873,0.1639658749991213
1454,0.39874308307965595,34.47684097290039,9.090283583998826,0.22522804199979873
1455,0.38331687947114307,31.788034439086914,8.95366941699831,0.24852808399737114
1456,0.36881884932518005,34.66732406616211,9.042596416002198,0.20999670899982448
1457,0.43779609600702923,31.343341827392578,9.011237209000683,0.24887624999973923
1458,0.41078799962997437,35.5969352722168,8.925846250000177,0.2137223339996126
1459,0.3856286108493805,32.188438415527344,8.872889124999347,0.22215125000002445
1460,0.351616899172465,33.118003845214844,8.90787233300216,0.2441562080020958
1461,0.29909572501977283,34.04771423339844,8.903784874997655,0.2218760409996321
1462,0.27283133566379547,32.2763557434082,8.947433749999618,0.27884858299876214
1463,0.29776666561762494,33.35762023925781,8.965332499999931,0.24391762500090408
1464,0.3072810967763265,32.894432067871094,9.0004003330032,0.21827254200252355
1465,0.27187960346539813,33.42490768432617,8.964786374999676,0.2663731659995392
1466,0.2723313719034195,32.956703186035156,9.216223124996759,0.21854779199929908
1467,0.3075161278247833,33.32289123535156,8.815174417002709,0.27481075000105193
1468,0.2868398775657018,33.00495147705078,9.07291450000048,0.23574529200050165
1469,0.28073445955912274,32.826026916503906,9.06493791700268,0.2640707089994976
1470,0.31361959377924603,33.241031646728516,8.987040500000148,0.2334068340023805
1471,0.2946869879961014,32.841224670410156,9.133024416998524,0.23458937499890453
1472,0.2913609892129898,33.95675277709961,8.985530666999693,0.23783008299869834
1473,0.3670257826646169,33.00382614135742,9.193331082999066,0.23543550000249525
1474,0.37107683221499127,33.72227096557617,9.021397708998848,0.2588782499988156
1475,0.3231205940246582,33.88783645629883,8.941849667000497,0.2434668750029232
1476,0.31869406004746753,32.81076431274414,8.985183666998637,0.2467976660009299
1477,0.3642280002435048,34.640541076660156,8.988741875000414,0.24340429199946811
1478,0.3981583813826243,32.46226119995117,9.243754584000271,0.2390538750005362
1479,0.3458977937698364,33.76874542236328,9.072632167000847,0.2372761669976171
1480,0.3301301449537277,33.145198822021484,9.054627416000585,0.22755041599884862
1481,0.34744322299957275,32.84917449951172,8.998125750000327,0.28150558400011505
1482,0.3994322021802266,33.703426361083984,8.977646833998733,0.21725662500102771
1483,0.36085017522176105,32.69624328613281,9.023132416998124,0.23686354199890047
1484,0.31206558148066205,33.736053466796875,9.019278166000731,0.22914041700278176
1485,0.36661724249521893,33.24886703491211,9.17930533300023,0.2236574170019594
1486,0.3815709451834361,33.3858757019043,9.007247249999637,0.23308283299775212
1487,0.40532203515370685,32.518001556396484,9.024527749999834,0.24128087500139372
1488,0.4252822895844777,33.421077728271484,8.945948333999695,0.25315054100065026
1489,0.46888841191927594,33.45223617553711,8.852211333000014,0.23407508300078916
1490,0.45476240913073224,34.21946334838867,8.98615129099926,0.2652714579999156
1491,0.44784680008888245,33.18500900268555,8.967285958999128,0.24213212500035297
1492,0.40400373935699463,33.48782730102539,8.964519708999433,0.22027654200064717
1493,0.49710920453071594,35.379154205322266,8.895900208000967,0.26968070899965824
1494,0.47604713837305707,32.721370697021484,8.852659708001738,0.23487258400200517
1495,0.47417787710825604,34.41905212402344,9.004014165999251,0.22286050000184332
1496,0.41886113087336224,33.2497444152832,8.866757166000752,0.2826884999994945
1497,0.42780745029449463,33.50542449951172,8.878919874998246,0.2303564579997328
1498,0.4661291142304738,33.23902893066406,8.912586458001897,0.24864195799818845
1499,0.490398108959198,32.75916290283203,8.855744165997748,0.24395283400008339
1500,0.4288325607776642,33.51900100708008,8.973001792001014,0.22111504199710907
