sample_index,sample_id,source_index,role
0,ODH_charity_0616:row:0,37,u0
1,ODH_charity_0616:row:1,38,u0
2,ODH_charity_0616:row:2,104,u0
3,ODH_charity_0616:row:3,105,u0
4,ODH_charity_0616:row:4,108,u0
5,ODH_charity_0616:row:5,109,u0
6,ODH_charity_0616:row:6,115,u0
7,ODH_charity_0616:row:7,116,u0
8,ODH_charity_0616:row:8,119,u0
9,ODH_charity_0616:row:9,120,u0
10,ODH_charity_0616:row:10,123,u0
11,ODH_charity_0616:row:11,124,u0
12,ODH_charity_0616:row:12,125,u0
13,ODH_charity_0616:row:13,126,u0
14,ODH_charity_0616:row:14,158,u0
15,ODH_charity_0616:row:15,159,u0
16,ODH_charity_0616:row:16,176,u0
17,ODH_charity_0616:row:17,177,u0
18,ODH_charity_0616:row:18,180,u0
19,ODH_charity_0616:row:19,181,u0
20,ODH_charity_0616:row:20,187,test
21,ODH_charity_0616:row:21,188,u0
22,ODH_charity_0616:row:22,197,u0
23,ODH_charity_0616:row:23,198,u0
24,ODH_charity_0616:row:24,201,u0
25,ODH_charity_0616:row:25,202,u0
26,ODH_charity_0616:row:26,207,u0
27,ODH_charity_0616:row:27,208,u0
28,ODH_charity_0616:row:28,211,u0
29,ODH_charity_0616:row:29,212,u0
30,ODH_charity_0616:row:30,221,l0
31,ODH_charity_0616:row:31,222,u0
32,ODH_charity_0616:row:32,231,u0
33,ODH_charity_0616:row:33,232,u0
34,ODH_charity_0616:row:34,233,u0
35,ODH_charity_0616:row:35,234,u0
36,ODH_charity_0616:row:36,252,u0
37,ODH_charity_0616:row:37,253,u0
38,ODH_charity_0616:row:38,254,u0
39,ODH_charity_0616:row:39,255,u0
40,ODH_charity_0616:row:40,284,u0
41,ODH_charity_0616:row:41,285,u0
42,ODH_charity_0616:row:42,305,l0
43,ODH_charity_0616:row:43,306,l0
44,ODH_charity_0616:row:44,332,u0
45,ODH_charity_0616:row:45,333,u0
46,ODH_charity_0616:row:46,338,u0
47,ODH_charity_0616:row:47,339,u0
48,ODH_charity_0616:row:48,365,l0
49,ODH_charity_0616:row:49,366,u0
50,ODH_charity_0616:row:50,371,u0
51,ODH_charity_0616:row:51,372,l0
52,ODH_charity_0616:row:52,390,u0
53,ODH_charity_0616:row:53,391,test
54,ODH_charity_0616:row:54,402,u0
55,ODH_charity_0616:row:55,403,l0
56,ODH_charity_0616:row:56,404,u0
57,ODH_charity_0616:row:57,405,u0
58,ODH_charity_0616:row:58,406,u0
59,ODH_charity_0616:row:59,407,u0
60,ODH_charity_0616:row:60,414,u0
61,ODH_charity_0616:row:61,415,u0
62,ODH_charity_0616:row:62,416,u0
63,ODH_charity_0616:row:63,417,u0
64,ODH_charity_0616:row:64,422,u0
65,ODH_charity_0616:row:65,423,u0
66,ODH_charity_0616:row:66,426,u0
67,ODH_charity_0616:row:67,427,u0
68,ODH_charity_0616:row:68,428,u0
69,ODH_charity_0616:row:69,429,u0
70,ODH_charity_0616:row:70,440,u0
71,ODH_charity_0616:row:71,441,u0
72,ODH_charity_0616:row:72,442,u0
73,ODH_charity_0616:row:73,443,u0
74,ODH_charity_0616:row:74,454,u0
75,ODH_charity_0616:row:75,455,u0
76,ODH_charity_0616:row:76,456,test
77,ODH_charity_0616:row:77,457,u0
78,ODH_charity_0616:row:78,458,u0
79,ODH_charity_0616:row:79,459,u0
80,ODH_charity_0616:row:80,470,u0
81,ODH_charity_0616:row:81,471,u0
82,ODH_charity_0616:row:82,481,u0
83,ODH_charity_0616:row:83,482,u0
84,ODH_charity_0616:row:84,483,u0
85,ODH_charity_0616:row:85,484,u0
86,ODH_charity_0616:row:86,485,u0
87,ODH_charity_0616:row:87,486,u0
88,ODH_charity_0616:row:88,501,u0
89,ODH_charity_0616:row:89,502,u0
90,ODH_charity_0616:row:90,503,l0
91,ODH_charity_0616:row:91,504,u0
92,ODH_charity_0616:row:92,518,u0
93,ODH_charity_0616:row:93,519,u0
94,ODH_charity_0616:row:94,520,u0
95,ODH_charity_0616:row:95,521,u0
96,ODH_charity_0616:row:96,524,validation
97,ODH_charity_0616:row:97,532,u0
98,ODH_charity_0616:row:98,563,u0
99,ODH_charity_0616:row:99,564,u0
100,ODH_charity_0616:row:100,565,u0
101,ODH_charity_0616:row:101,566,validation
102,ODH_charity_0616:row:102,567,u0
103,ODH_charity_0616:row:103,588,u0
104,ODH_charity_0616:row:104,589,u0
105,ODH_charity_0616:row:105,608,l0
106,ODH_charity_0616:row:106,609,u0
107,ODH_charity_0616:row:107,614,test
108,ODH_charity_0616:row:108,615,u0
109,ODH_charity_0616:row:109,616,u0
110,ODH_charity_0616:row:110,617,validation
111,ODH_charity_0616:row:111,620,u0
112,ODH_charity_0616:row:112,621,u0
113,ODH_charity_0616:row:113,625,u0
114,ODH_charity_0616:row:114,644,u0
115,ODH_charity_0616:row:115,645,u0
116,ODH_charity_0616:row:116,651,u0
117,ODH_charity_0616:row:117,668,u0
118,ODH_charity_0616:row:118,669,u0
119,ODH_charity_0616:row:119,670,l0
120,ODH_charity_0616:row:120,671,test
121,ODH_charity_0616:row:121,701,l0
122,ODH_charity_0616:row:122,702,u0
123,ODH_charity_0616:row:123,705,u0
124,ODH_charity_0616:row:124,706,u0
125,ODH_charity_0616:row:125,711,u0
126,ODH_charity_0616:row:126,712,u0
127,ODH_charity_0616:row:127,727,u0
128,ODH_charity_0616:row:128,728,u0
129,ODH_charity_0616:row:129,729,u0
130,ODH_charity_0616:row:130,730,u0
131,ODH_charity_0616:row:131,731,test
132,ODH_charity_0616:row:132,732,u0
133,ODH_charity_0616:row:133,759,u0
134,ODH_charity_0616:row:134,760,validation
135,ODH_charity_0616:row:135,766,u0
136,ODH_charity_0616:row:136,767,l0
137,ODH_charity_0616:row:137,777,u0
138,ODH_charity_0616:row:138,778,u0
139,ODH_charity_0616:row:139,781,u0
140,ODH_charity_0616:row:140,782,test
141,ODH_charity_0616:row:141,790,u0
142,ODH_charity_0616:row:142,791,u0
143,ODH_charity_0616:row:143,838,u0
144,ODH_charity_0616:row:144,839,l0
145,ODH_charity_0616:row:145,849,validation
146,ODH_charity_0616:row:146,857,u0
147,ODH_charity_0616:row:147,858,u0
148,ODH_charity_0616:row:148,874,validation
149,ODH_charity_0616:row:149,875,u0
150,ODH_charity_0616:row:150,896,u0
151,ODH_charity_0616:row:151,897,u0
152,ODH_charity_0616:row:152,898,u0
153,ODH_charity_0616:row:153,899,u0
154,ODH_charity_0616:row:154,910,u0
155,ODH_charity_0616:row:155,926,l0
156,ODH_charity_0616:row:156,927,u0
157,ODH_charity_0616:row:157,941,u0
158,ODH_charity_0616:row:158,942,validation
159,ODH_charity_0616:row:159,951,u0
160,ODH_charity_0616:row:160,952,u0
161,ODH_charity_0616:row:161,957,l0
162,ODH_charity_0616:row:162,958,u0
163,ODH_charity_0616:row:163,963,l0
164,ODH_charity_0616:row:164,964,u0
165,ODH_charity_0616:row:165,972,u0
166,ODH_charity_0616:row:166,973,u0
167,ODH_charity_0616:row:167,978,u0
168,ODH_charity_0616:row:168,979,u0
169,ODH_charity_0616:row:169,995,u0
170,ODH_charity_0616:row:170,996,l0
171,ODH_charity_0616:row:171,997,u0
172,ODH_charity_0616:row:172,998,u0
173,ODH_charity_0616:row:173,999,u0
174,ODH_charity_0616:row:174,1000,u0
175,ODH_charity_0616:row:175,1001,l0
176,ODH_charity_0616:row:176,1002,l0
177,ODH_charity_0616:row:177,1003,u0
178,ODH_charity_0616:row:178,1004,u0
179,ODH_charity_0616:row:179,1016,u0
180,ODH_charity_0616:row:180,1017,l0
181,ODH_charity_0616:row:181,1028,u0
182,ODH_charity_0616:row:182,1029,u0
183,ODH_charity_0616:row:183,1038,l0
184,ODH_charity_0616:row:184,1039,u0
185,ODH_charity_0616:row:185,1040,u0
186,ODH_charity_0616:row:186,1041,u0
187,ODH_charity_0616:row:187,1046,u0
188,ODH_charity_0616:row:188,1047,u0
189,ODH_charity_0616:row:189,1048,u0
190,ODH_charity_0616:row:190,1049,u0
191,ODH_charity_0616:row:191,1062,u0
192,ODH_charity_0616:row:192,1063,u0
193,ODH_charity_0616:row:193,1070,u0
194,ODH_charity_0616:row:194,1071,u0
195,ODH_charity_0616:row:195,1072,u0
196,ODH_charity_0616:row:196,1073,l0
197,ODH_charity_0616:row:197,1092,validation
198,ODH_charity_0616:row:198,1112,u0
199,ODH_charity_0616:row:199,1113,u0
200,ODH_charity_0616:row:200,1124,u0
201,ODH_charity_0616:row:201,1145,u0
202,ODH_charity_0616:row:202,1146,u0
203,ODH_charity_0616:row:203,1151,u0
204,ODH_charity_0616:row:204,1152,u0
205,ODH_charity_0616:row:205,1153,validation
206,ODH_charity_0616:row:206,1154,u0
207,ODH_charity_0616:row:207,1164,u0
208,ODH_charity_0616:row:208,1165,u0
209,ODH_charity_0616:row:209,1182,u0
210,ODH_charity_0616:row:210,1183,u0
211,ODH_charity_0616:row:211,1184,u0
212,ODH_charity_0616:row:212,1185,u0
213,ODH_charity_0616:row:213,1186,u0
214,ODH_charity_0616:row:214,1187,u0
215,ODH_charity_0616:row:215,1232,u0
216,ODH_charity_0616:row:216,1249,u0
217,ODH_charity_0616:row:217,1250,u0
218,ODH_charity_0616:row:218,1253,u0
219,ODH_charity_0616:row:219,1254,u0
220,ODH_charity_0616:row:220,1255,l0
221,ODH_charity_0616:row:221,1256,u0
222,ODH_charity_0616:row:222,1283,u0
223,ODH_charity_0616:row:223,1284,u0
224,ODH_charity_0616:row:224,1296,test
225,ODH_charity_0616:row:225,1304,u0
226,ODH_charity_0616:row:226,1320,u0
227,ODH_charity_0616:row:227,1321,u0
228,ODH_charity_0616:row:228,1326,u0
229,ODH_charity_0616:row:229,1330,l0
230,ODH_charity_0616:row:230,1331,validation
231,ODH_charity_0616:row:231,1332,u0
232,ODH_charity_0616:row:232,1333,u0
233,ODH_charity_0616:row:233,1342,u0
234,ODH_charity_0616:row:234,1343,u0
235,ODH_charity_0616:row:235,1364,u0
236,ODH_charity_0616:row:236,1386,u0
237,ODH_charity_0616:row:237,1387,u0
238,ODH_charity_0616:row:238,1390,u0
239,ODH_charity_0616:row:239,1391,validation
240,ODH_charity_0616:row:240,1392,u0
241,ODH_charity_0616:row:241,1393,test
242,ODH_charity_0616:row:242,1394,u0
243,ODH_charity_0616:row:243,1395,u0
244,ODH_charity_0616:row:244,1408,u0
245,ODH_charity_0616:row:245,1423,u0
246,ODH_charity_0616:row:246,1424,u0
247,ODH_charity_0616:row:247,1425,u0
248,ODH_charity_0616:row:248,1426,l0
249,ODH_charity_0616:row:249,1427,u0
250,ODH_charity_0616:row:250,1430,test
251,ODH_charity_0616:row:251,1439,u0
252,ODH_charity_0616:row:252,1447,u0
253,ODH_charity_0616:row:253,1448,u0
254,ODH_charity_0616:row:254,1449,u0
255,ODH_charity_0616:row:255,1450,u0
256,ODH_charity_0616:row:256,1451,u0
257,ODH_charity_0616:row:257,1452,u0
258,ODH_charity_0616:row:258,1459,u0
259,ODH_charity_0616:row:259,1460,u0
260,ODH_charity_0616:row:260,1474,u0
261,ODH_charity_0616:row:261,1475,u0
262,ODH_charity_0616:row:262,1476,u0
263,ODH_charity_0616:row:263,1477,u0
264,ODH_charity_0616:row:264,1504,u0
265,ODH_charity_0616:row:265,1505,u0
266,ODH_charity_0616:row:266,1520,test
267,ODH_charity_0616:row:267,1521,l0
268,ODH_charity_0616:row:268,1532,l0
269,ODH_charity_0616:row:269,1533,u0
270,ODH_charity_0616:row:270,1534,u0
271,ODH_charity_0616:row:271,1535,u0
272,ODH_charity_0616:row:272,1581,u0
273,ODH_charity_0616:row:273,1582,u0
274,ODH_charity_0616:row:274,1583,u0
275,ODH_charity_0616:row:275,1584,u0
276,ODH_charity_0616:row:276,1585,test
277,ODH_charity_0616:row:277,1586,u0
278,ODH_charity_0616:row:278,1603,u0
279,ODH_charity_0616:row:279,1604,l0
280,ODH_charity_0616:row:280,1605,l0
281,ODH_charity_0616:row:281,1606,u0
282,ODH_charity_0616:row:282,1623,u0
283,ODH_charity_0616:row:283,1624,u0
284,ODH_charity_0616:row:284,1636,u0
285,ODH_charity_0616:row:285,1637,test
286,ODH_charity_0616:row:286,1638,u0
287,ODH_charity_0616:row:287,1639,u0
288,ODH_charity_0616:row:288,1640,u0
289,ODH_charity_0616:row:289,1641,u0
290,ODH_charity_0616:row:290,1642,u0
291,ODH_charity_0616:row:291,1643,u0
292,ODH_charity_0616:row:292,1666,u0
293,ODH_charity_0616:row:293,1667,l0
294,ODH_charity_0616:row:294,1670,u0
295,ODH_charity_0616:row:295,1671,u0
296,ODH_charity_0616:row:296,1672,l0
297,ODH_charity_0616:row:297,1673,u0
298,ODH_charity_0616:row:298,1681,u0
299,ODH_charity_0616:row:299,1682,u0
300,ODH_charity_0616:row:300,1683,u0
301,ODH_charity_0616:row:301,1684,l0
302,ODH_charity_0616:row:302,1685,u0
303,ODH_charity_0616:row:303,1712,u0
304,ODH_charity_0616:row:304,1713,validation
305,ODH_charity_0616:row:305,1728,u0
306,ODH_charity_0616:row:306,1729,l0
307,ODH_charity_0616:row:307,1732,u0
308,ODH_charity_0616:row:308,1733,u0
309,ODH_charity_0616:row:309,1736,u0
310,ODH_charity_0616:row:310,1737,u0
311,ODH_charity_0616:row:311,1748,u0
312,ODH_charity_0616:row:312,1749,u0
313,ODH_charity_0616:row:313,1750,validation
314,ODH_charity_0616:row:314,1751,u0
315,ODH_charity_0616:row:315,1752,u0
316,ODH_charity_0616:row:316,1753,u0
317,ODH_charity_0616:row:317,1754,u0
318,ODH_charity_0616:row:318,1755,u0
319,ODH_charity_0616:row:319,1764,validation
320,ODH_charity_0616:row:320,1773,u0
321,ODH_charity_0616:row:321,1774,u0
322,ODH_charity_0616:row:322,1783,validation
323,ODH_charity_0616:row:323,1784,validation
324,ODH_charity_0616:row:324,1799,validation
325,ODH_charity_0616:row:325,1806,u0
326,ODH_charity_0616:row:326,1807,u0
327,ODH_charity_0616:row:327,1808,test
328,ODH_charity_0616:row:328,1809,u0
329,ODH_charity_0616:row:329,1810,u0
330,ODH_charity_0616:row:330,1811,u0
331,ODH_charity_0616:row:331,1824,u0
332,ODH_charity_0616:row:332,1825,u0
333,ODH_charity_0616:row:333,1826,u0
334,ODH_charity_0616:row:334,1827,u0
335,ODH_charity_0616:row:335,1834,u0
336,ODH_charity_0616:row:336,1835,u0
337,ODH_charity_0616:row:337,1862,u0
338,ODH_charity_0616:row:338,1863,u0
339,ODH_charity_0616:row:339,1864,u0
340,ODH_charity_0616:row:340,1865,u0
341,ODH_charity_0616:row:341,1866,u0
342,ODH_charity_0616:row:342,1867,u0
343,ODH_charity_0616:row:343,1900,u0
344,ODH_charity_0616:row:344,1901,validation
345,ODH_charity_0616:row:345,1910,u0
346,ODH_charity_0616:row:346,1911,u0
347,ODH_charity_0616:row:347,1912,u0
348,ODH_charity_0616:row:348,1913,u0
349,ODH_charity_0616:row:349,1938,u0
350,ODH_charity_0616:row:350,1939,u0
351,ODH_charity_0616:row:351,1940,u0
352,ODH_charity_0616:row:352,1941,u0
353,ODH_charity_0616:row:353,1942,u0
354,ODH_charity_0616:row:354,1943,u0
355,ODH_charity_0616:row:355,1946,u0
356,ODH_charity_0616:row:356,1947,u0
357,ODH_charity_0616:row:357,1949,u0
358,ODH_charity_0616:row:358,1950,u0
359,ODH_charity_0616:row:359,1951,u0
360,ODH_charity_0616:row:360,1952,u0
361,ODH_charity_0616:row:361,1969,u0
362,ODH_charity_0616:row:362,1970,u0
363,ODH_charity_0616:row:363,1975,u0
364,ODH_charity_0616:row:364,1976,l0
365,ODH_charity_0616:row:365,1977,u0
366,ODH_charity_0616:row:366,1978,u0
367,ODH_charity_0616:row:367,2005,u0
368,ODH_charity_0616:row:368,2006,u0
369,ODH_charity_0616:row:369,2007,u0
370,ODH_charity_0616:row:370,2008,u0
371,ODH_charity_0616:row:371,2009,u0
372,ODH_charity_0616:row:372,2010,u0
373,ODH_charity_0616:row:373,2011,u0
374,ODH_charity_0616:row:374,2012,u0
375,ODH_charity_0616:row:375,2028,u0
376,ODH_charity_0616:row:376,2029,u0
377,ODH_charity_0616:row:377,2030,u0
378,ODH_charity_0616:row:378,2031,u0
379,ODH_charity_0616:row:379,2046,u0
380,ODH_charity_0616:row:380,2047,test
381,ODH_charity_0616:row:381,2058,u0
382,ODH_charity_0616:row:382,2059,u0
383,ODH_charity_0616:row:383,2086,u0
384,ODH_charity_0616:row:384,2087,u0
385,ODH_charity_0616:row:385,2088,u0
386,ODH_charity_0616:row:386,2125,u0
387,ODH_charity_0616:row:387,2126,u0
388,ODH_charity_0616:row:388,2141,u0
389,ODH_charity_0616:row:389,2142,u0
390,ODH_charity_0616:row:390,2143,test
391,ODH_charity_0616:row:391,2144,test
392,ODH_charity_0616:row:392,2145,u0
393,ODH_charity_0616:row:393,2146,u0
394,ODH_charity_0616:row:394,2149,u0
395,ODH_charity_0616:row:395,2150,u0
396,ODH_charity_0616:row:396,2151,l0
397,ODH_charity_0616:row:397,2173,u0
398,ODH_charity_0616:row:398,2174,u0
399,ODH_charity_0616:row:399,2175,u0
400,ODH_charity_0616:row:400,2176,u0
401,ODH_charity_0616:row:401,2177,u0
402,ODH_charity_0616:row:402,2178,u0
403,ODH_charity_0616:row:403,2200,l0
404,ODH_charity_0616:row:404,2201,l0
405,ODH_charity_0616:row:405,2230,u0
406,ODH_charity_0616:row:406,2231,test
407,ODH_charity_0616:row:407,2232,u0
408,ODH_charity_0616:row:408,2233,u0
409,ODH_charity_0616:row:409,2259,u0
410,ODH_charity_0616:row:410,2260,u0
411,ODH_charity_0616:row:411,2261,u0
412,ODH_charity_0616:row:412,2262,u0
413,ODH_charity_0616:row:413,2273,u0
414,ODH_charity_0616:row:414,2274,u0
415,ODH_charity_0616:row:415,2286,u0
416,ODH_charity_0616:row:416,2289,u0
417,ODH_charity_0616:row:417,2290,u0
418,ODH_charity_0616:row:418,2293,u0
419,ODH_charity_0616:row:419,2294,u0
420,ODH_charity_0616:row:420,2307,u0
421,ODH_charity_0616:row:421,2308,u0
422,ODH_charity_0616:row:422,2309,u0
423,ODH_charity_0616:row:423,2310,u0
424,ODH_charity_0616:row:424,2311,u0
425,ODH_charity_0616:row:425,2312,validation
426,ODH_charity_0616:row:426,2313,l0
427,ODH_charity_0616:row:427,2314,validation
428,ODH_charity_0616:row:428,2332,validation
429,ODH_charity_0616:row:429,2333,u0
430,ODH_charity_0616:row:430,2351,u0
431,ODH_charity_0616:row:431,2368,u0
432,ODH_charity_0616:row:432,2369,u0
433,ODH_charity_0616:row:433,2385,u0
434,ODH_charity_0616:row:434,2386,u0
435,ODH_charity_0616:row:435,2387,u0
436,ODH_charity_0616:row:436,2392,l0
437,ODH_charity_0616:row:437,2393,u0
438,ODH_charity_0616:row:438,2398,u0
439,ODH_charity_0616:row:439,2399,u0
440,ODH_charity_0616:row:440,2400,u0
441,ODH_charity_0616:row:441,2401,u0
442,ODH_charity_0616:row:442,2402,u0
443,ODH_charity_0616:row:443,2423,u0
444,ODH_charity_0616:row:444,2424,u0
445,ODH_charity_0616:row:445,2433,u0
446,ODH_charity_0616:row:446,2434,u0
447,ODH_charity_0616:row:447,2443,test
448,ODH_charity_0616:row:448,2444,u0
449,ODH_charity_0616:row:449,2457,u0
450,ODH_charity_0616:row:450,2458,u0
451,ODH_charity_0616:row:451,2459,test
452,ODH_charity_0616:row:452,2460,u0
453,ODH_charity_0616:row:453,2461,u0
454,ODH_charity_0616:row:454,2462,u0
455,ODH_charity_0616:row:455,2463,u0
456,ODH_charity_0616:row:456,2464,l0
457,ODH_charity_0616:row:457,2473,validation
458,ODH_charity_0616:row:458,2474,u0
459,ODH_charity_0616:row:459,2499,u0
460,ODH_charity_0616:row:460,2500,u0
461,ODH_charity_0616:row:461,2507,u0
462,ODH_charity_0616:row:462,2508,u0
463,ODH_charity_0616:row:463,2543,u0
464,ODH_charity_0616:row:464,2544,u0
465,ODH_charity_0616:row:465,2545,validation
466,ODH_charity_0616:row:466,2546,u0
467,ODH_charity_0616:row:467,2563,u0
468,ODH_charity_0616:row:468,2564,u0
469,ODH_charity_0616:row:469,2580,u0
470,ODH_charity_0616:row:470,2581,u0
471,ODH_charity_0616:row:471,2588,validation
472,ODH_charity_0616:row:472,2589,test
473,ODH_charity_0616:row:473,2623,u0
474,ODH_charity_0616:row:474,2624,u0
475,ODH_charity_0616:row:475,2641,test
476,ODH_charity_0616:row:476,2642,u0
477,ODH_charity_0616:row:477,2645,u0
478,ODH_charity_0616:row:478,2646,u0
479,ODH_charity_0616:row:479,2659,l0
480,ODH_charity_0616:row:480,2660,u0
481,ODH_charity_0616:row:481,2714,u0
482,ODH_charity_0616:row:482,2715,u0
483,ODH_charity_0616:row:483,2724,u0
484,ODH_charity_0616:row:484,2725,u0
485,ODH_charity_0616:row:485,2743,l0
486,ODH_charity_0616:row:486,2744,u0
487,ODH_charity_0616:row:487,2761,l0
488,ODH_charity_0616:row:488,2762,u0
489,ODH_charity_0616:row:489,2798,u0
490,ODH_charity_0616:row:490,2799,u0
491,ODH_charity_0616:row:491,2820,u0
492,ODH_charity_0616:row:492,2821,test
493,ODH_charity_0616:row:493,2845,validation
494,ODH_charity_0616:row:494,2846,test
495,ODH_charity_0616:row:495,2855,u0
496,ODH_charity_0616:row:496,2858,u0
497,ODH_charity_0616:row:497,2859,u0
498,ODH_charity_0616:row:498,2877,test
499,ODH_charity_0616:row:499,2900,u0
500,ODH_charity_0616:row:500,2944,u0
501,ODH_charity_0616:row:501,2945,u0
502,ODH_charity_0616:row:502,2962,u0
503,ODH_charity_0616:row:503,2963,u0
504,ODH_charity_0616:row:504,2964,u0
505,ODH_charity_0616:row:505,2965,u0
506,ODH_charity_0616:row:506,2975,u0
507,ODH_charity_0616:row:507,2976,u0
508,ODH_charity_0616:row:508,2977,l0
509,ODH_charity_0616:row:509,2978,u0
510,ODH_charity_0616:row:510,2979,u0
511,ODH_charity_0616:row:511,2980,u0
512,ODH_charity_0616:row:512,2989,u0
513,ODH_charity_0616:row:513,2990,u0
514,ODH_charity_0616:row:514,2997,u0
515,ODH_charity_0616:row:515,2998,l0
516,ODH_charity_0616:row:516,3044,u0
517,ODH_charity_0616:row:517,3049,u0
518,ODH_charity_0616:row:518,3050,u0
519,ODH_charity_0616:row:519,3075,u0
520,ODH_charity_0616:row:520,3076,u0
521,ODH_charity_0616:row:521,3095,u0
522,ODH_charity_0616:row:522,3096,u0
523,ODH_charity_0616:row:523,3097,u0
524,ODH_charity_0616:row:524,3098,l0
525,ODH_charity_0616:row:525,3111,u0
526,ODH_charity_0616:row:526,3112,l0
527,ODH_charity_0616:row:527,3113,u0
528,ODH_charity_0616:row:528,3114,u0
529,ODH_charity_0616:row:529,3115,u0
530,ODH_charity_0616:row:530,3116,u0
531,ODH_charity_0616:row:531,3121,u0
532,ODH_charity_0616:row:532,3122,u0
533,ODH_charity_0616:row:533,3150,u0
534,ODH_charity_0616:row:534,3151,u0
535,ODH_charity_0616:row:535,3158,u0
536,ODH_charity_0616:row:536,3159,u0
537,ODH_charity_0616:row:537,3201,u0
538,ODH_charity_0616:row:538,3202,u0
539,ODH_charity_0616:row:539,3209,u0
540,ODH_charity_0616:row:540,3232,u0
541,ODH_charity_0616:row:541,3233,u0
542,ODH_charity_0616:row:542,3240,u0
543,ODH_charity_0616:row:543,3241,u0
544,ODH_charity_0616:row:544,3245,u0
545,ODH_charity_0616:row:545,3246,u0
546,ODH_charity_0616:row:546,3247,u0
547,ODH_charity_0616:row:547,3248,u0
548,ODH_charity_0616:row:548,3249,u0
549,ODH_charity_0616:row:549,3250,u0
550,ODH_charity_0616:row:550,3251,u0
551,ODH_charity_0616:row:551,3252,u0
552,ODH_charity_0616:row:552,3261,u0
553,ODH_charity_0616:row:553,3262,u0
554,ODH_charity_0616:row:554,3265,u0
555,ODH_charity_0616:row:555,3272,u0
556,ODH_charity_0616:row:556,3273,validation
557,ODH_charity_0616:row:557,3274,u0
558,ODH_charity_0616:row:558,3275,test
559,ODH_charity_0616:row:559,3276,u0
560,ODH_charity_0616:row:560,3277,l0
561,ODH_charity_0616:row:561,3280,u0
562,ODH_charity_0616:row:562,3281,u0
563,ODH_charity_0616:row:563,3298,test
564,ODH_charity_0616:row:564,3299,u0
565,ODH_charity_0616:row:565,3304,u0
566,ODH_charity_0616:row:566,3305,l0
567,ODH_charity_0616:row:567,3309,u0
568,ODH_charity_0616:row:568,3312,validation
569,ODH_charity_0616:row:569,3325,u0
570,ODH_charity_0616:row:570,3326,u0
571,ODH_charity_0616:row:571,3329,u0
572,ODH_charity_0616:row:572,3330,u0
573,ODH_charity_0616:row:573,3337,u0
574,ODH_charity_0616:row:574,3338,u0
575,ODH_charity_0616:row:575,3344,u0
576,ODH_charity_0616:row:576,3345,u0
577,ODH_charity_0616:row:577,3366,u0
578,ODH_charity_0616:row:578,3367,u0
579,ODH_charity_0616:row:579,3380,u0
580,ODH_charity_0616:row:580,3381,u0
581,ODH_charity_0616:row:581,3398,test
582,ODH_charity_0616:row:582,3399,u0
583,ODH_charity_0616:row:583,3400,l0
584,ODH_charity_0616:row:584,3401,u0
585,ODH_charity_0616:row:585,3404,u0
586,ODH_charity_0616:row:586,3405,l0
587,ODH_charity_0616:row:587,3410,u0
588,ODH_charity_0616:row:588,3411,l0
589,ODH_charity_0616:row:589,3420,u0
590,ODH_charity_0616:row:590,3421,u0
591,ODH_charity_0616:row:591,3426,u0
592,ODH_charity_0616:row:592,3433,u0
593,ODH_charity_0616:row:593,3434,u0
594,ODH_charity_0616:row:594,3439,u0
595,ODH_charity_0616:row:595,3440,u0
596,ODH_charity_0616:row:596,3447,u0
597,ODH_charity_0616:row:597,3448,u0
598,ODH_charity_0616:row:598,3471,u0
599,ODH_charity_0616:row:599,3472,u0
600,ODH_charity_0616:row:600,3473,l0
601,ODH_charity_0616:row:601,3474,test
602,ODH_charity_0616:row:602,3477,u0
603,ODH_charity_0616:row:603,3478,u0
604,ODH_charity_0616:row:604,3493,u0
605,ODH_charity_0616:row:605,3494,u0
606,ODH_charity_0616:row:606,3495,u0
607,ODH_charity_0616:row:607,3496,u0
608,ODH_charity_0616:row:608,3499,u0
609,ODH_charity_0616:row:609,3500,u0
610,ODH_charity_0616:row:610,3515,u0
611,ODH_charity_0616:row:611,3516,validation
612,ODH_charity_0616:row:612,3533,u0
613,ODH_charity_0616:row:613,3534,u0
614,ODH_charity_0616:row:614,3545,u0
615,ODH_charity_0616:row:615,3546,u0
616,ODH_charity_0616:row:616,3598,u0
617,ODH_charity_0616:row:617,3599,u0
618,ODH_charity_0616:row:618,3602,u0
619,ODH_charity_0616:row:619,3607,u0
620,ODH_charity_0616:row:620,3608,u0
621,ODH_charity_0616:row:621,3622,u0
622,ODH_charity_0616:row:622,3623,u0
623,ODH_charity_0616:row:623,3632,u0
624,ODH_charity_0616:row:624,3633,u0
625,ODH_charity_0616:row:625,3646,u0
626,ODH_charity_0616:row:626,3647,validation
627,ODH_charity_0616:row:627,3658,u0
628,ODH_charity_0616:row:628,3659,u0
629,ODH_charity_0616:row:629,3662,u0
630,ODH_charity_0616:row:630,3663,u0
631,ODH_charity_0616:row:631,3691,test
632,ODH_charity_0616:row:632,3692,u0
633,ODH_charity_0616:row:633,3697,validation
634,ODH_charity_0616:row:634,3698,l0
635,ODH_charity_0616:row:635,3699,u0
636,ODH_charity_0616:row:636,3700,u0
637,ODH_charity_0616:row:637,3701,u0
638,ODH_charity_0616:row:638,3702,u0
639,ODH_charity_0616:row:639,3703,u0
640,ODH_charity_0616:row:640,3704,u0
641,ODH_charity_0616:row:641,3706,u0
642,ODH_charity_0616:row:642,3717,u0
643,ODH_charity_0616:row:643,3718,u0
644,ODH_charity_0616:row:644,3725,u0
645,ODH_charity_0616:row:645,3732,test
646,ODH_charity_0616:row:646,3733,u0
647,ODH_charity_0616:row:647,3742,u0
648,ODH_charity_0616:row:648,3745,u0
649,ODH_charity_0616:row:649,3746,u0
650,ODH_charity_0616:row:650,3747,u0
651,ODH_charity_0616:row:651,3748,u0
652,ODH_charity_0616:row:652,3760,validation
653,ODH_charity_0616:row:653,3761,u0
654,ODH_charity_0616:row:654,3764,u0
655,ODH_charity_0616:row:655,3769,u0
656,ODH_charity_0616:row:656,3770,u0
657,ODH_charity_0616:row:657,3782,u0
658,ODH_charity_0616:row:658,3783,u0
659,ODH_charity_0616:row:659,3784,u0
660,ODH_charity_0616:row:660,3785,u0
661,ODH_charity_0616:row:661,3792,u0
662,ODH_charity_0616:row:662,3793,u0
663,ODH_charity_0616:row:663,3810,l0
664,ODH_charity_0616:row:664,3811,l0
665,ODH_charity_0616:row:665,3812,u0
666,ODH_charity_0616:row:666,3813,u0
667,ODH_charity_0616:row:667,3816,l0
668,ODH_charity_0616:row:668,3817,u0
669,ODH_charity_0616:row:669,3822,validation
670,ODH_charity_0616:row:670,3823,u0
671,ODH_charity_0616:row:671,3836,u0
672,ODH_charity_0616:row:672,3837,l0
673,ODH_charity_0616:row:673,3846,u0
674,ODH_charity_0616:row:674,3847,u0
675,ODH_charity_0616:row:675,3854,u0
676,ODH_charity_0616:row:676,3855,validation
677,ODH_charity_0616:row:677,3864,u0
678,ODH_charity_0616:row:678,3865,u0
679,ODH_charity_0616:row:679,3866,u0
680,ODH_charity_0616:row:680,3867,u0
681,ODH_charity_0616:row:681,3870,u0
682,ODH_charity_0616:row:682,3871,u0
683,ODH_charity_0616:row:683,3872,u0
684,ODH_charity_0616:row:684,3873,u0
685,ODH_charity_0616:row:685,3884,u0
686,ODH_charity_0616:row:686,3885,u0
687,ODH_charity_0616:row:687,3886,u0
688,ODH_charity_0616:row:688,3887,l0
689,ODH_charity_0616:row:689,3908,u0
690,ODH_charity_0616:row:690,3909,u0
691,ODH_charity_0616:row:691,3910,u0
692,ODH_charity_0616:row:692,3911,validation
693,ODH_charity_0616:row:693,3927,u0
694,ODH_charity_0616:row:694,3928,u0
695,ODH_charity_0616:row:695,3958,u0
696,ODH_charity_0616:row:696,3959,u0
697,ODH_charity_0616:row:697,4001,u0
698,ODH_charity_0616:row:698,4002,u0
699,ODH_charity_0616:row:699,4009,u0
700,ODH_charity_0616:row:700,4010,l0
701,ODH_charity_0616:row:701,4035,u0
702,ODH_charity_0616:row:702,4036,u0
703,ODH_charity_0616:row:703,4037,u0
704,ODH_charity_0616:row:704,4039,u0
705,ODH_charity_0616:row:705,4040,u0
706,ODH_charity_0616:row:706,4067,u0
707,ODH_charity_0616:row:707,4082,u0
708,ODH_charity_0616:row:708,4083,u0
709,ODH_charity_0616:row:709,4097,u0
710,ODH_charity_0616:row:710,4098,u0
711,ODH_charity_0616:row:711,4099,u0
712,ODH_charity_0616:row:712,4102,u0
713,ODH_charity_0616:row:713,4103,u0
714,ODH_charity_0616:row:714,4108,u0
715,ODH_charity_0616:row:715,4109,u0
716,ODH_charity_0616:row:716,4114,test
717,ODH_charity_0616:row:717,4115,u0
718,ODH_charity_0616:row:718,4116,l0
719,ODH_charity_0616:row:719,4117,validation
720,ODH_charity_0616:row:720,4120,u0
721,ODH_charity_0616:row:721,4121,u0
722,ODH_charity_0616:row:722,4146,validation
723,ODH_charity_0616:row:723,4147,u0
724,ODH_charity_0616:row:724,4158,u0
725,ODH_charity_0616:row:725,4159,u0
726,ODH_charity_0616:row:726,4160,u0
727,ODH_charity_0616:row:727,4161,u0
728,ODH_charity_0616:row:728,4162,u0
729,ODH_charity_0616:row:729,4163,u0
730,ODH_charity_0616:row:730,4170,u0
731,ODH_charity_0616:row:731,4171,u0
732,ODH_charity_0616:row:732,4185,u0
733,ODH_charity_0616:row:733,4186,u0
734,ODH_charity_0616:row:734,4187,u0
735,ODH_charity_0616:row:735,4188,l0
736,ODH_charity_0616:row:736,4189,u0
737,ODH_charity_0616:row:737,4190,u0
738,ODH_charity_0616:row:738,4207,u0
739,ODH_charity_0616:row:739,4208,u0
740,ODH_charity_0616:row:740,4209,u0
741,ODH_charity_0616:row:741,4212,u0
742,ODH_charity_0616:row:742,4213,validation
743,ODH_charity_0616:row:743,4214,u0
744,ODH_charity_0616:row:744,4215,u0
745,ODH_charity_0616:row:745,4222,u0
746,ODH_charity_0616:row:746,4223,u0
747,ODH_charity_0616:row:747,4224,u0
748,ODH_charity_0616:row:748,4225,l0
749,ODH_charity_0616:row:749,4228,u0
750,ODH_charity_0616:row:750,4229,u0
751,ODH_charity_0616:row:751,4230,u0
752,ODH_charity_0616:row:752,4231,u0
753,ODH_charity_0616:row:753,4232,l0
754,ODH_charity_0616:row:754,4233,u0
755,ODH_charity_0616:row:755,4248,u0
756,ODH_charity_0616:row:756,4249,u0
757,ODH_charity_0616:row:757,4252,u0
758,ODH_charity_0616:row:758,4253,u0
759,ODH_charity_0616:row:759,4254,u0
760,ODH_charity_0616:row:760,4255,u0
761,ODH_charity_0616:row:761,4256,u0
762,ODH_charity_0616:row:762,4257,l0
763,ODH_charity_0616:row:763,4258,validation
764,ODH_charity_0616:row:764,4259,u0
765,ODH_charity_0616:row:765,4268,u0
766,ODH_charity_0616:row:766,4269,u0
767,ODH_charity_0616:row:767,4318,u0
768,ODH_charity_0616:row:768,4321,u0
769,ODH_charity_0616:row:769,4340,l0
770,ODH_charity_0616:row:770,4341,validation
771,ODH_charity_0616:row:771,4360,u0
772,ODH_charity_0616:row:772,4361,u0
773,ODH_charity_0616:row:773,4362,u0
774,ODH_charity_0616:row:774,4363,u0
775,ODH_charity_0616:row:775,4400,test
776,ODH_charity_0616:row:776,4401,u0
777,ODH_charity_0616:row:777,4412,u0
778,ODH_charity_0616:row:778,4413,u0
779,ODH_charity_0616:row:779,4418,u0
780,ODH_charity_0616:row:780,4419,test
781,ODH_charity_0616:row:781,4443,u0
782,ODH_charity_0616:row:782,4444,u0
783,ODH_charity_0616:row:783,4462,u0
784,ODH_charity_0616:row:784,4463,u0
785,ODH_charity_0616:row:785,4528,u0
786,ODH_charity_0616:row:786,4537,u0
787,ODH_charity_0616:row:787,4538,u0
788,ODH_charity_0616:row:788,4539,u0
789,ODH_charity_0616:row:789,4544,u0
790,ODH_charity_0616:row:790,4545,u0
791,ODH_charity_0616:row:791,4576,u0
792,ODH_charity_0616:row:792,4577,u0
793,ODH_charity_0616:row:793,4590,u0
794,ODH_charity_0616:row:794,4595,u0
795,ODH_charity_0616:row:795,4596,test
796,ODH_charity_0616:row:796,4603,u0
797,ODH_charity_0616:row:797,4604,u0
798,ODH_charity_0616:row:798,4605,u0
799,ODH_charity_0616:row:799,4606,u0
800,ODH_charity_0616:row:800,4607,u0
801,ODH_charity_0616:row:801,4623,l0
802,ODH_charity_0616:row:802,4624,u0
803,ODH_charity_0616:row:803,4629,u0
804,ODH_charity_0616:row:804,4630,u0
805,ODH_charity_0616:row:805,4631,validation
806,ODH_charity_0616:row:806,4632,u0
807,ODH_charity_0616:row:807,4651,u0
808,ODH_charity_0616:row:808,4652,u0
809,ODH_charity_0616:row:809,4659,u0
810,ODH_charity_0616:row:810,4660,u0
811,ODH_charity_0616:row:811,4661,u0
812,ODH_charity_0616:row:812,4662,u0
813,ODH_charity_0616:row:813,4669,u0
814,ODH_charity_0616:row:814,4670,u0
815,ODH_charity_0616:row:815,4675,u0
816,ODH_charity_0616:row:816,4676,u0
817,ODH_charity_0616:row:817,4683,validation
818,ODH_charity_0616:row:818,4684,u0
819,ODH_charity_0616:row:819,4700,u0
820,ODH_charity_0616:row:820,4701,u0
821,ODH_charity_0616:row:821,4714,u0
822,ODH_charity_0616:row:822,4715,u0
823,ODH_charity_0616:row:823,4716,u0
824,ODH_charity_0616:row:824,4717,l0
825,ODH_charity_0616:row:825,4749,u0
826,ODH_charity_0616:row:826,4750,u0
827,ODH_charity_0616:row:827,4751,u0
828,ODH_charity_0616:row:828,4756,test
829,ODH_charity_0616:row:829,4757,l0
830,ODH_charity_0616:row:830,4758,u0
831,ODH_charity_0616:row:831,4759,u0
832,ODH_charity_0616:row:832,4771,u0
833,ODH_charity_0616:row:833,4772,u0
834,ODH_charity_0616:row:834,4775,u0
835,ODH_charity_0616:row:835,4776,u0
836,ODH_charity_0616:row:836,4803,u0
837,ODH_charity_0616:row:837,4804,l0
838,ODH_charity_0616:row:838,4815,u0
839,ODH_charity_0616:row:839,4816,u0
840,ODH_charity_0616:row:840,4819,u0
841,ODH_charity_0616:row:841,4820,test
842,ODH_charity_0616:row:842,4833,l0
843,ODH_charity_0616:row:843,4834,u0
844,ODH_charity_0616:row:844,4837,u0
845,ODH_charity_0616:row:845,4838,u0
846,ODH_charity_0616:row:846,4840,u0
847,ODH_charity_0616:row:847,4841,u0
848,ODH_charity_0616:row:848,4850,u0
849,ODH_charity_0616:row:849,4851,u0
850,ODH_charity_0616:row:850,4852,u0
851,ODH_charity_0616:row:851,4853,u0
852,ODH_charity_0616:row:852,4854,u0
853,ODH_charity_0616:row:853,4855,u0
854,ODH_charity_0616:row:854,4882,u0
855,ODH_charity_0616:row:855,4883,u0
856,ODH_charity_0616:row:856,4888,u0
857,ODH_charity_0616:row:857,4895,u0
858,ODH_charity_0616:row:858,4896,u0
859,ODH_charity_0616:row:859,4903,u0
860,ODH_charity_0616:row:860,4904,u0
861,ODH_charity_0616:row:861,4907,u0
862,ODH_charity_0616:row:862,4908,u0
863,ODH_charity_0616:row:863,4930,u0
864,ODH_charity_0616:row:864,4931,u0
865,ODH_charity_0616:row:865,4934,u0
866,ODH_charity_0616:row:866,4935,u0
867,ODH_charity_0616:row:867,4936,validation
868,ODH_charity_0616:row:868,4937,u0
869,ODH_charity_0616:row:869,4938,validation
870,ODH_charity_0616:row:870,4939,u0
871,ODH_charity_0616:row:871,4954,u0
872,ODH_charity_0616:row:872,4957,u0
873,ODH_charity_0616:row:873,4961,u0
874,ODH_charity_0616:row:874,4962,u0
875,ODH_charity_0616:row:875,4977,validation
876,ODH_charity_0616:row:876,4978,u0
877,ODH_charity_0616:row:877,5007,u0
878,ODH_charity_0616:row:878,5010,u0
879,ODH_charity_0616:row:879,5011,u0
880,ODH_charity_0616:row:880,5018,u0
881,ODH_charity_0616:row:881,5019,u0
882,ODH_charity_0616:row:882,5020,u0
883,ODH_charity_0616:row:883,5021,u0
884,ODH_charity_0616:row:884,5035,u0
885,ODH_charity_0616:row:885,5036,u0
886,ODH_charity_0616:row:886,5037,u0
887,ODH_charity_0616:row:887,5038,u0
888,ODH_charity_0616:row:888,5039,u0
889,ODH_charity_0616:row:889,5040,validation
890,ODH_charity_0616:row:890,5041,u0
891,ODH_charity_0616:row:891,5042,u0
892,ODH_charity_0616:row:892,5046,u0
893,ODH_charity_0616:row:893,5047,u0
894,ODH_charity_0616:row:894,5062,u0
895,ODH_charity_0616:row:895,5063,u0
896,ODH_charity_0616:row:896,5064,u0
897,ODH_charity_0616:row:897,5065,u0
898,ODH_charity_0616:row:898,5068,l0
899,ODH_charity_0616:row:899,5069,u0
900,ODH_charity_0616:row:900,5095,u0
901,ODH_charity_0616:row:901,5096,u0
902,ODH_charity_0616:row:902,5101,u0
903,ODH_charity_0616:row:903,5102,u0
904,ODH_charity_0616:row:904,5103,u0
905,ODH_charity_0616:row:905,5104,u0
906,ODH_charity_0616:row:906,5123,u0
907,ODH_charity_0616:row:907,5124,l0
908,ODH_charity_0616:row:908,5129,u0
909,ODH_charity_0616:row:909,5130,u0
910,ODH_charity_0616:row:910,5131,u0
911,ODH_charity_0616:row:911,5136,u0
912,ODH_charity_0616:row:912,5137,u0
913,ODH_charity_0616:row:913,5140,test
914,ODH_charity_0616:row:914,5141,u0
915,ODH_charity_0616:row:915,5152,u0
916,ODH_charity_0616:row:916,5153,u0
917,ODH_charity_0616:row:917,5155,u0
918,ODH_charity_0616:row:918,5156,u0
919,ODH_charity_0616:row:919,5165,l0
920,ODH_charity_0616:row:920,5166,l0
921,ODH_charity_0616:row:921,5171,u0
922,ODH_charity_0616:row:922,5172,u0
923,ODH_charity_0616:row:923,5194,u0
924,ODH_charity_0616:row:924,5195,validation
925,ODH_charity_0616:row:925,5204,u0
926,ODH_charity_0616:row:926,5205,u0
927,ODH_charity_0616:row:927,5234,u0
928,ODH_charity_0616:row:928,5235,u0
929,ODH_charity_0616:row:929,5244,u0
930,ODH_charity_0616:row:930,5245,u0
931,ODH_charity_0616:row:931,5246,l0
932,ODH_charity_0616:row:932,5247,u0
933,ODH_charity_0616:row:933,5254,u0
934,ODH_charity_0616:row:934,5255,u0
935,ODH_charity_0616:row:935,5258,u0
936,ODH_charity_0616:row:936,5261,u0
937,ODH_charity_0616:row:937,5262,u0
938,ODH_charity_0616:row:938,5263,u0
939,ODH_charity_0616:row:939,5264,l0
940,ODH_charity_0616:row:940,5265,u0
941,ODH_charity_0616:row:941,5266,u0
942,ODH_charity_0616:row:942,5273,l0
943,ODH_charity_0616:row:943,5274,u0
944,ODH_charity_0616:row:944,5283,u0
945,ODH_charity_0616:row:945,5284,u0
946,ODH_charity_0616:row:946,5288,u0
947,ODH_charity_0616:row:947,5289,u0
948,ODH_charity_0616:row:948,5292,u0
949,ODH_charity_0616:row:949,5293,u0
950,ODH_charity_0616:row:950,5300,u0
951,ODH_charity_0616:row:951,5301,u0
952,ODH_charity_0616:row:952,5318,u0
953,ODH_charity_0616:row:953,5319,u0
954,ODH_charity_0616:row:954,5372,u0
955,ODH_charity_0616:row:955,5375,u0
956,ODH_charity_0616:row:956,5376,l0
957,ODH_charity_0616:row:957,5377,l0
958,ODH_charity_0616:row:958,5378,u0
959,ODH_charity_0616:row:959,5395,u0
960,ODH_charity_0616:row:960,5396,validation
961,ODH_charity_0616:row:961,5421,u0
962,ODH_charity_0616:row:962,5422,u0
963,ODH_charity_0616:row:963,5451,u0
964,ODH_charity_0616:row:964,5468,u0
965,ODH_charity_0616:row:965,5547,u0
966,ODH_charity_0616:row:966,5548,u0
967,ODH_charity_0616:row:967,5569,test
968,ODH_charity_0616:row:968,5570,u0
969,ODH_charity_0616:row:969,5571,u0
970,ODH_charity_0616:row:970,5572,u0
971,ODH_charity_0616:row:971,5587,u0
972,ODH_charity_0616:row:972,5588,u0
973,ODH_charity_0616:row:973,5604,u0
974,ODH_charity_0616:row:974,5605,u0
975,ODH_charity_0616:row:975,5606,u0
976,ODH_charity_0616:row:976,5607,u0
977,ODH_charity_0616:row:977,5616,u0
978,ODH_charity_0616:row:978,5617,u0
979,ODH_charity_0616:row:979,5631,u0
980,ODH_charity_0616:row:980,5632,u0
981,ODH_charity_0616:row:981,5654,u0
982,ODH_charity_0616:row:982,5655,u0
983,ODH_charity_0616:row:983,5658,u0
984,ODH_charity_0616:row:984,5659,test
985,ODH_charity_0616:row:985,5725,u0
986,ODH_charity_0616:row:986,5726,l0
987,ODH_charity_0616:row:987,5727,u0
988,ODH_charity_0616:row:988,5752,u0
989,ODH_charity_0616:row:989,5759,u0
990,ODH_charity_0616:row:990,5760,l0
991,ODH_charity_0616:row:991,5769,l0
992,ODH_charity_0616:row:992,5770,u0
993,ODH_charity_0616:row:993,5771,u0
994,ODH_charity_0616:row:994,5772,u0
995,ODH_charity_0616:row:995,5775,u0
996,ODH_charity_0616:row:996,5776,u0
997,ODH_charity_0616:row:997,5785,u0
998,ODH_charity_0616:row:998,5786,u0
999,ODH_charity_0616:row:999,5797,u0
1000,ODH_charity_0616:row:1000,5798,u0
1001,ODH_charity_0616:row:1001,5818,u0
1002,ODH_charity_0616:row:1002,5819,u0
1003,ODH_charity_0616:row:1003,5844,test
1004,ODH_charity_0616:row:1004,5845,u0
1005,ODH_charity_0616:row:1005,5852,u0
1006,ODH_charity_0616:row:1006,5853,u0
1007,ODH_charity_0616:row:1007,5862,u0
1008,ODH_charity_0616:row:1008,5863,u0
1009,ODH_charity_0616:row:1009,5864,u0
1010,ODH_charity_0616:row:1010,5865,u0
1011,ODH_charity_0616:row:1011,5880,u0
1012,ODH_charity_0616:row:1012,5881,u0
1013,ODH_charity_0616:row:1013,5890,u0
1014,ODH_charity_0616:row:1014,5891,u0
1015,ODH_charity_0616:row:1015,5910,u0
1016,ODH_charity_0616:row:1016,5911,u0
1017,ODH_charity_0616:row:1017,5914,u0
1018,ODH_charity_0616:row:1018,5920,u0
1019,ODH_charity_0616:row:1019,5921,u0
1020,ODH_charity_0616:row:1020,5932,u0
1021,ODH_charity_0616:row:1021,5983,u0
1022,ODH_charity_0616:row:1022,5984,test
1023,ODH_charity_0616:row:1023,5987,u0
1024,ODH_charity_0616:row:1024,5990,u0
1025,ODH_charity_0616:row:1025,5991,u0
1026,ODH_charity_0616:row:1026,6008,u0
1027,ODH_charity_0616:row:1027,6009,l0
1028,ODH_charity_0616:row:1028,6041,u0
1029,ODH_charity_0616:row:1029,6042,u0
1030,ODH_charity_0616:row:1030,6045,u0
1031,ODH_charity_0616:row:1031,6046,u0
1032,ODH_charity_0616:row:1032,6047,u0
1033,ODH_charity_0616:row:1033,6048,u0
1034,ODH_charity_0616:row:1034,6083,u0
1035,ODH_charity_0616:row:1035,6084,u0
1036,ODH_charity_0616:row:1036,6091,u0
1037,ODH_charity_0616:row:1037,6092,u0
1038,ODH_charity_0616:row:1038,6105,u0
1039,ODH_charity_0616:row:1039,6116,u0
1040,ODH_charity_0616:row:1040,6117,u0
1041,ODH_charity_0616:row:1041,6123,u0
1042,ODH_charity_0616:row:1042,6124,test
1043,ODH_charity_0616:row:1043,6131,u0
1044,ODH_charity_0616:row:1044,6132,u0
1045,ODH_charity_0616:row:1045,6141,validation
1046,ODH_charity_0616:row:1046,6142,u0
1047,ODH_charity_0616:row:1047,6147,u0
1048,ODH_charity_0616:row:1048,6148,u0
1049,ODH_charity_0616:row:1049,6150,u0
1050,ODH_charity_0616:row:1050,6151,l0
1051,ODH_charity_0616:row:1051,6169,l0
1052,ODH_charity_0616:row:1052,6170,u0
1053,ODH_charity_0616:row:1053,6171,u0
1054,ODH_charity_0616:row:1054,6172,u0
1055,ODH_charity_0616:row:1055,6185,u0
1056,ODH_charity_0616:row:1056,6186,u0
1057,ODH_charity_0616:row:1057,6187,u0
1058,ODH_charity_0616:row:1058,6188,l0
1059,ODH_charity_0616:row:1059,6221,l0
1060,ODH_charity_0616:row:1060,6222,u0
1061,ODH_charity_0616:row:1061,6225,u0
1062,ODH_charity_0616:row:1062,6226,u0
1063,ODH_charity_0616:row:1063,6239,u0
1064,ODH_charity_0616:row:1064,6240,validation
1065,ODH_charity_0616:row:1065,6241,u0
1066,ODH_charity_0616:row:1066,6242,validation
1067,ODH_charity_0616:row:1067,6247,u0
1068,ODH_charity_0616:row:1068,6248,u0
1069,ODH_charity_0616:row:1069,6255,u0
1070,ODH_charity_0616:row:1070,6256,u0
1071,ODH_charity_0616:row:1071,6267,u0
1072,ODH_charity_0616:row:1072,6268,u0
1073,ODH_charity_0616:row:1073,6281,excluded
1074,ODH_charity_0616:row:1074,6282,u0
1075,ODH_charity_0616:row:1075,6285,validation
1076,ODH_charity_0616:row:1076,6294,u0
1077,ODH_charity_0616:row:1077,6295,u0
1078,ODH_charity_0616:row:1078,6307,u0
1079,ODH_charity_0616:row:1079,6308,u0
1080,ODH_charity_0616:row:1080,6313,u0
1081,ODH_charity_0616:row:1081,6314,u0
1082,ODH_charity_0616:row:1082,6347,u0
1083,ODH_charity_0616:row:1083,6348,u0
1084,ODH_charity_0616:row:1084,6360,u0
1085,ODH_charity_0616:row:1085,6361,validation
1086,ODH_charity_0616:row:1086,6368,u0
1087,ODH_charity_0616:row:1087,6369,u0
1088,ODH_charity_0616:row:1088,6399,validation
1089,ODH_charity_0616:row:1089,6400,u0
1090,ODH_charity_0616:row:1090,6431,u0
1091,ODH_charity_0616:row:1091,6432,l0
1092,ODH_charity_0616:row:1092,6467,u0
1093,ODH_charity_0616:row:1093,6468,excluded
1094,ODH_charity_0616:row:1094,6497,excluded
1095,ODH_charity_0616:row:1095,6498,excluded
1096,ODH_charity_0616:row:1096,6523,u0
1097,ODH_charity_0616:row:1097,6528,u0
1098,ODH_charity_0616:row:1098,6529,u0
1099,ODH_charity_0616:row:1099,6544,excluded
1100,ODH_charity_0616:row:1100,6561,u0
1101,ODH_charity_0616:row:1101,6562,u0
1102,ODH_charity_0616:row:1102,6563,u0
1103,ODH_charity_0616:row:1103,6564,u0
1104,ODH_charity_0616:row:1104,6565,u0
1105,ODH_charity_0616:row:1105,6566,u0
1106,ODH_charity_0616:row:1106,6591,u0
1107,ODH_charity_0616:row:1107,6594,u0
1108,ODH_charity_0616:row:1108,6598,u0
1109,ODH_charity_0616:row:1109,6599,u0
1110,ODH_charity_0616:row:1110,6600,test
1111,ODH_charity_0616:row:1111,6601,test
1112,ODH_charity_0616:row:1112,6608,u0
1113,ODH_charity_0616:row:1113,6609,u0
1114,ODH_charity_0616:row:1114,6610,test
1115,ODH_charity_0616:row:1115,6611,u0
1116,ODH_charity_0616:row:1116,6612,u0
1117,ODH_charity_0616:row:1117,6627,u0
1118,ODH_charity_0616:row:1118,6628,u0
1119,ODH_charity_0616:row:1119,6629,u0
1120,ODH_charity_0616:row:1120,6630,u0
1121,ODH_charity_0616:row:1121,6640,u0
1122,ODH_charity_0616:row:1122,6641,test
1123,ODH_charity_0616:row:1123,6646,u0
1124,ODH_charity_0616:row:1124,6647,u0
1125,ODH_charity_0616:row:1125,6652,u0
1126,ODH_charity_0616:row:1126,6656,u0
1127,ODH_charity_0616:row:1127,6657,u0
1128,ODH_charity_0616:row:1128,6674,u0
1129,ODH_charity_0616:row:1129,6675,u0
1130,ODH_charity_0616:row:1130,6688,u0
1131,ODH_charity_0616:row:1131,6689,test
1132,ODH_charity_0616:row:1132,6693,l0
1133,ODH_charity_0616:row:1133,6694,u0
1134,ODH_charity_0616:row:1134,6710,u0
1135,ODH_charity_0616:row:1135,6711,u0
1136,ODH_charity_0616:row:1136,6721,u0
1137,ODH_charity_0616:row:1137,6722,u0
1138,ODH_charity_0616:row:1138,6729,u0
1139,ODH_charity_0616:row:1139,6730,u0
1140,ODH_charity_0616:row:1140,6739,u0
1141,ODH_charity_0616:row:1141,6740,u0
1142,ODH_charity_0616:row:1142,6768,u0
1143,ODH_charity_0616:row:1143,6769,u0
1144,ODH_charity_0616:row:1144,6787,u0
1145,ODH_charity_0616:row:1145,6788,u0
1146,ODH_charity_0616:row:1146,6803,u0
1147,ODH_charity_0616:row:1147,6804,u0
1148,ODH_charity_0616:row:1148,6805,test
1149,ODH_charity_0616:row:1149,6806,l0
1150,ODH_charity_0616:row:1150,6808,u0
1151,ODH_charity_0616:row:1151,6809,u0
1152,ODH_charity_0616:row:1152,6830,test
1153,ODH_charity_0616:row:1153,6831,u0
1154,ODH_charity_0616:row:1154,6875,u0
1155,ODH_charity_0616:row:1155,6876,u0
1156,ODH_charity_0616:row:1156,6881,u0
1157,ODH_charity_0616:row:1157,6882,u0
1158,ODH_charity_0616:row:1158,6889,u0
1159,ODH_charity_0616:row:1159,6890,u0
1160,ODH_charity_0616:row:1160,6910,u0
1161,ODH_charity_0616:row:1161,6911,u0
1162,ODH_charity_0616:row:1162,6916,u0
1163,ODH_charity_0616:row:1163,6917,u0
1164,ODH_charity_0616:row:1164,6927,u0
1165,ODH_charity_0616:row:1165,6928,l0
1166,ODH_charity_0616:row:1166,6929,u0
1167,ODH_charity_0616:row:1167,6930,u0
1168,ODH_charity_0616:row:1168,6933,u0
1169,ODH_charity_0616:row:1169,6934,u0
1170,ODH_charity_0616:row:1170,6960,u0
1171,ODH_charity_0616:row:1171,6961,u0
1172,ODH_charity_0616:row:1172,6966,u0
1173,ODH_charity_0616:row:1173,6967,u0
1174,ODH_charity_0616:row:1174,6997,u0
1175,ODH_charity_0616:row:1175,6998,l0
1176,ODH_charity_0616:row:1176,7006,u0
1177,ODH_charity_0616:row:1177,7007,u0
1178,ODH_charity_0616:row:1178,7017,u0
1179,ODH_charity_0616:row:1179,7018,l0
1180,ODH_charity_0616:row:1180,7029,u0
1181,ODH_charity_0616:row:1181,7030,u0
1182,ODH_charity_0616:row:1182,7033,u0
1183,ODH_charity_0616:row:1183,7034,l0
1184,ODH_charity_0616:row:1184,7039,u0
1185,ODH_charity_0616:row:1185,7040,l0
1186,ODH_charity_0616:row:1186,7043,u0
1187,ODH_charity_0616:row:1187,7044,u0
1188,ODH_charity_0616:row:1188,7051,u0
1189,ODH_charity_0616:row:1189,7052,u0
1190,ODH_charity_0616:row:1190,7061,u0
1191,ODH_charity_0616:row:1191,7062,u0
1192,ODH_charity_0616:row:1192,7070,u0
1193,ODH_charity_0616:row:1193,7071,u0
1194,ODH_charity_0616:row:1194,7072,u0
1195,ODH_charity_0616:row:1195,7073,u0
1196,ODH_charity_0616:row:1196,7074,u0
1197,ODH_charity_0616:row:1197,7075,u0
1198,ODH_charity_0616:row:1198,7086,u0
1199,ODH_charity_0616:row:1199,7087,u0
1200,ODH_charity_0616:row:1200,7098,test
1201,ODH_charity_0616:row:1201,7099,u0
1202,ODH_charity_0616:row:1202,7100,u0
1203,ODH_charity_0616:row:1203,7101,test
1204,ODH_charity_0616:row:1204,7102,u0
1205,ODH_charity_0616:row:1205,7103,u0
1206,ODH_charity_0616:row:1206,7106,l0
1207,ODH_charity_0616:row:1207,7107,u0
1208,ODH_charity_0616:row:1208,7114,u0
1209,ODH_charity_0616:row:1209,7115,u0
1210,ODH_charity_0616:row:1210,7127,u0
1211,ODH_charity_0616:row:1211,7128,validation
1212,ODH_charity_0616:row:1212,7133,u0
1213,ODH_charity_0616:row:1213,7146,u0
1214,ODH_charity_0616:row:1214,7147,u0
1215,ODH_charity_0616:row:1215,7150,u0
1216,ODH_charity_0616:row:1216,7151,u0
1217,ODH_charity_0616:row:1217,7157,u0
1218,ODH_charity_0616:row:1218,7158,u0
1219,ODH_charity_0616:row:1219,7159,l0
1220,ODH_charity_0616:row:1220,7160,u0
1221,ODH_charity_0616:row:1221,7161,u0
1222,ODH_charity_0616:row:1222,7168,validation
1223,ODH_charity_0616:row:1223,7169,u0
1224,ODH_charity_0616:row:1224,7187,u0
1225,ODH_charity_0616:row:1225,7188,u0
1226,ODH_charity_0616:row:1226,7194,u0
1227,ODH_charity_0616:row:1227,7201,u0
1228,ODH_charity_0616:row:1228,7202,u0
1229,ODH_charity_0616:row:1229,7219,u0
1230,ODH_charity_0616:row:1230,7220,u0
1231,ODH_charity_0616:row:1231,7231,u0
1232,ODH_charity_0616:row:1232,7232,u0
1233,ODH_charity_0616:row:1233,7233,u0
1234,ODH_charity_0616:row:1234,7234,u0
1235,ODH_charity_0616:row:1235,7235,validation
1236,ODH_charity_0616:row:1236,7238,u0
1237,ODH_charity_0616:row:1237,7239,u0
1238,ODH_charity_0616:row:1238,7242,test
1239,ODH_charity_0616:row:1239,7243,validation
1240,ODH_charity_0616:row:1240,7254,u0
1241,ODH_charity_0616:row:1241,7257,u0
1242,ODH_charity_0616:row:1242,7258,u0
1243,ODH_charity_0616:row:1243,7261,u0
1244,ODH_charity_0616:row:1244,7262,u0
1245,ODH_charity_0616:row:1245,7263,u0
1246,ODH_charity_0616:row:1246,7264,u0
1247,ODH_charity_0616:row:1247,7265,u0
1248,ODH_charity_0616:row:1248,7277,u0
1249,ODH_charity_0616:row:1249,7278,u0
1250,ODH_charity_0616:row:1250,7281,u0
1251,ODH_charity_0616:row:1251,7282,u0
1252,ODH_charity_0616:row:1252,7290,u0
1253,ODH_charity_0616:row:1253,7291,l0
1254,ODH_charity_0616:row:1254,7299,u0
1255,ODH_charity_0616:row:1255,7300,u0
1256,ODH_charity_0616:row:1256,7310,u0
1257,ODH_charity_0616:row:1257,7311,l0
1258,ODH_charity_0616:row:1258,7322,u0
1259,ODH_charity_0616:row:1259,7323,u0
1260,ODH_charity_0616:row:1260,7326,test
1261,ODH_charity_0616:row:1261,7327,u0
1262,ODH_charity_0616:row:1262,7350,test
1263,ODH_charity_0616:row:1263,7351,u0
1264,ODH_charity_0616:row:1264,7356,u0
1265,ODH_charity_0616:row:1265,7357,u0
1266,ODH_charity_0616:row:1266,7358,u0
1267,ODH_charity_0616:row:1267,7359,u0
1268,ODH_charity_0616:row:1268,7360,u0
1269,ODH_charity_0616:row:1269,7361,u0
1270,ODH_charity_0616:row:1270,7364,u0
1271,ODH_charity_0616:row:1271,7365,test
1272,ODH_charity_0616:row:1272,7378,u0
1273,ODH_charity_0616:row:1273,7379,u0
1274,ODH_charity_0616:row:1274,7388,u0
1275,ODH_charity_0616:row:1275,7389,test
1276,ODH_charity_0616:row:1276,7400,u0
1277,ODH_charity_0616:row:1277,7401,u0
1278,ODH_charity_0616:row:1278,7402,u0
1279,ODH_charity_0616:row:1279,7403,u0
1280,ODH_charity_0616:row:1280,7424,u0
1281,ODH_charity_0616:row:1281,7425,u0
1282,ODH_charity_0616:row:1282,7437,u0
1283,ODH_charity_0616:row:1283,7438,u0
1284,ODH_charity_0616:row:1284,7441,u0
1285,ODH_charity_0616:row:1285,7442,u0
1286,ODH_charity_0616:row:1286,7443,test
1287,ODH_charity_0616:row:1287,7444,u0
1288,ODH_charity_0616:row:1288,7452,u0
1289,ODH_charity_0616:row:1289,7453,u0
1290,ODH_charity_0616:row:1290,7456,u0
1291,ODH_charity_0616:row:1291,7457,u0
1292,ODH_charity_0616:row:1292,7458,u0
1293,ODH_charity_0616:row:1293,7484,validation
1294,ODH_charity_0616:row:1294,7485,l0
1295,ODH_charity_0616:row:1295,7498,u0
1296,ODH_charity_0616:row:1296,7499,u0
1297,ODH_charity_0616:row:1297,7512,u0
1298,ODH_charity_0616:row:1298,7513,u0
1299,ODH_charity_0616:row:1299,7523,u0
1300,ODH_charity_0616:row:1300,7524,u0
1301,ODH_charity_0616:row:1301,7525,u0
1302,ODH_charity_0616:row:1302,7526,u0
1303,ODH_charity_0616:row:1303,7529,u0
1304,ODH_charity_0616:row:1304,7530,u0
1305,ODH_charity_0616:row:1305,7535,u0
1306,ODH_charity_0616:row:1306,7536,u0
1307,ODH_charity_0616:row:1307,7537,u0
1308,ODH_charity_0616:row:1308,7538,l0
1309,ODH_charity_0616:row:1309,7546,u0
1310,ODH_charity_0616:row:1310,7547,u0
1311,ODH_charity_0616:row:1311,7548,validation
1312,ODH_charity_0616:row:1312,7549,u0
1313,ODH_charity_0616:row:1313,7556,u0
1314,ODH_charity_0616:row:1314,7557,u0
1315,ODH_charity_0616:row:1315,7566,u0
1316,ODH_charity_0616:row:1316,7567,u0
1317,ODH_charity_0616:row:1317,7620,u0
1318,ODH_charity_0616:row:1318,7621,u0
1319,ODH_charity_0616:row:1319,7646,u0
1320,ODH_charity_0616:row:1320,7647,u0
1321,ODH_charity_0616:row:1321,7659,u0
1322,ODH_charity_0616:row:1322,7660,l0
1323,ODH_charity_0616:row:1323,7663,u0
1324,ODH_charity_0616:row:1324,7664,u0
1325,ODH_charity_0616:row:1325,7665,u0
1326,ODH_charity_0616:row:1326,7666,u0
1327,ODH_charity_0616:row:1327,7676,u0
1328,ODH_charity_0616:row:1328,7677,u0
1329,ODH_charity_0616:row:1329,7679,u0
1330,ODH_charity_0616:row:1330,7680,test
1331,ODH_charity_0616:row:1331,7681,u0
1332,ODH_charity_0616:row:1332,7684,l0
1333,ODH_charity_0616:row:1333,7685,u0
1334,ODH_charity_0616:row:1334,7686,u0
1335,ODH_charity_0616:row:1335,7707,l0
1336,ODH_charity_0616:row:1336,7708,u0
1337,ODH_charity_0616:row:1337,7709,u0
1338,ODH_charity_0616:row:1338,7710,u0
1339,ODH_charity_0616:row:1339,7732,u0
1340,ODH_charity_0616:row:1340,7733,u0
1341,ODH_charity_0616:row:1341,7746,u0
1342,ODH_charity_0616:row:1342,7747,u0
1343,ODH_charity_0616:row:1343,7764,test
1344,ODH_charity_0616:row:1344,7765,u0
1345,ODH_charity_0616:row:1345,7774,u0
1346,ODH_charity_0616:row:1346,7775,l0
1347,ODH_charity_0616:row:1347,7780,u0
1348,ODH_charity_0616:row:1348,7781,u0
1349,ODH_charity_0616:row:1349,7793,u0
1350,ODH_charity_0616:row:1350,7794,validation
1351,ODH_charity_0616:row:1351,7795,u0
1352,ODH_charity_0616:row:1352,7796,u0
1353,ODH_charity_0616:row:1353,7811,u0
1354,ODH_charity_0616:row:1354,7812,u0
1355,ODH_charity_0616:row:1355,7814,u0
1356,ODH_charity_0616:row:1356,7815,validation
1357,ODH_charity_0616:row:1357,7829,u0
1358,ODH_charity_0616:row:1358,7830,u0
1359,ODH_charity_0616:row:1359,7837,u0
1360,ODH_charity_0616:row:1360,7838,u0
1361,ODH_charity_0616:row:1361,7843,l0
1362,ODH_charity_0616:row:1362,7846,u0
1363,ODH_charity_0616:row:1363,7847,u0
1364,ODH_charity_0616:row:1364,7851,l0
1365,ODH_charity_0616:row:1365,7852,test
1366,ODH_charity_0616:row:1366,7861,u0
1367,ODH_charity_0616:row:1367,7862,u0
1368,ODH_charity_0616:row:1368,7884,validation
1369,ODH_charity_0616:row:1369,7885,u0
1370,ODH_charity_0616:row:1370,7888,u0
1371,ODH_charity_0616:row:1371,7889,u0
1372,ODH_charity_0616:row:1372,7896,test
1373,ODH_charity_0616:row:1373,7897,u0
1374,ODH_charity_0616:row:1374,7898,u0
1375,ODH_charity_0616:row:1375,7899,u0
1376,ODH_charity_0616:row:1376,7900,test
1377,ODH_charity_0616:row:1377,7901,l0
1378,ODH_charity_0616:row:1378,7931,u0
1379,ODH_charity_0616:row:1379,7932,u0
1380,ODH_charity_0616:row:1380,7939,u0
1381,ODH_charity_0616:row:1381,7940,u0
1382,ODH_charity_0616:row:1382,7971,u0
1383,ODH_charity_0616:row:1383,7972,validation
1384,ODH_charity_0616:row:1384,7984,u0
1385,ODH_charity_0616:row:1385,8007,u0
1386,ODH_charity_0616:row:1386,8008,u0
1387,ODH_charity_0616:row:1387,8009,u0
1388,ODH_charity_0616:row:1388,8010,u0
1389,ODH_charity_0616:row:1389,8011,u0
1390,ODH_charity_0616:row:1390,8018,u0
1391,ODH_charity_0616:row:1391,8019,u0
1392,ODH_charity_0616:row:1392,8031,u0
1393,ODH_charity_0616:row:1393,8032,u0
1394,ODH_charity_0616:row:1394,8042,u0
1395,ODH_charity_0616:row:1395,8043,u0
1396,ODH_charity_0616:row:1396,8044,u0
1397,ODH_charity_0616:row:1397,8045,u0
1398,ODH_charity_0616:row:1398,8060,u0
1399,ODH_charity_0616:row:1399,8061,u0
1400,ODH_charity_0616:row:1400,8076,u0
1401,ODH_charity_0616:row:1401,8077,u0
1402,ODH_charity_0616:row:1402,8084,u0
1403,ODH_charity_0616:row:1403,8085,u0
1404,ODH_charity_0616:row:1404,8088,test
1405,ODH_charity_0616:row:1405,8089,u0
1406,ODH_charity_0616:row:1406,8093,u0
1407,ODH_charity_0616:row:1407,8109,u0
1408,ODH_charity_0616:row:1408,8110,l0
1409,ODH_charity_0616:row:1409,8118,u0
1410,ODH_charity_0616:row:1410,8119,u0
1411,ODH_charity_0616:row:1411,8120,u0
1412,ODH_charity_0616:row:1412,8123,validation
1413,ODH_charity_0616:row:1413,8124,u0
1414,ODH_charity_0616:row:1414,8125,u0
1415,ODH_charity_0616:row:1415,8126,u0
1416,ODH_charity_0616:row:1416,8147,u0
1417,ODH_charity_0616:row:1417,8148,u0
1418,ODH_charity_0616:row:1418,8169,u0
1419,ODH_charity_0616:row:1419,8170,u0
1420,ODH_charity_0616:row:1420,8176,u0
1421,ODH_charity_0616:row:1421,8177,validation
1422,ODH_charity_0616:row:1422,8195,u0
1423,ODH_charity_0616:row:1423,8196,u0
1424,ODH_charity_0616:row:1424,8197,u0
1425,ODH_charity_0616:row:1425,8198,test
1426,ODH_charity_0616:row:1426,8221,u0
1427,ODH_charity_0616:row:1427,8222,validation
1428,ODH_charity_0616:row:1428,8249,u0
1429,ODH_charity_0616:row:1429,8250,u0
1430,ODH_charity_0616:row:1430,8264,u0
1431,ODH_charity_0616:row:1431,8265,validation
1432,ODH_charity_0616:row:1432,8276,u0
1433,ODH_charity_0616:row:1433,8277,u0
1434,ODH_charity_0616:row:1434,8280,u0
1435,ODH_charity_0616:row:1435,8281,u0
1436,ODH_charity_0616:row:1436,8290,u0
1437,ODH_charity_0616:row:1437,8291,u0
1438,ODH_charity_0616:row:1438,8298,u0
1439,ODH_charity_0616:row:1439,8299,l0
1440,ODH_charity_0616:row:1440,8323,l0
1441,ODH_charity_0616:row:1441,8324,u0
1442,ODH_charity_0616:row:1442,8329,u0
1443,ODH_charity_0616:row:1443,8330,u0
1444,ODH_charity_0616:row:1444,8331,u0
1445,ODH_charity_0616:row:1445,8332,u0
1446,ODH_charity_0616:row:1446,8338,test
1447,ODH_charity_0616:row:1447,8339,test
1448,ODH_charity_0616:row:1448,8340,u0
1449,ODH_charity_0616:row:1449,8341,u0
1450,ODH_charity_0616:row:1450,8348,test
1451,ODH_charity_0616:row:1451,8349,u0
1452,ODH_charity_0616:row:1452,8350,u0
1453,ODH_charity_0616:row:1453,8351,u0
1454,ODH_charity_0616:row:1454,8363,u0
1455,ODH_charity_0616:row:1455,8364,validation
1456,ODH_charity_0616:row:1456,8365,u0
1457,ODH_charity_0616:row:1457,8366,u0
1458,ODH_charity_0616:row:1458,8373,u0
1459,ODH_charity_0616:row:1459,8374,u0
1460,ODH_charity_0616:row:1460,8375,u0
1461,ODH_charity_0616:row:1461,8376,u0
1462,ODH_charity_0616:row:1462,8379,u0
1463,ODH_charity_0616:row:1463,8380,u0
1464,ODH_charity_0616:row:1464,8381,u0
1465,ODH_charity_0616:row:1465,8382,u0
1466,ODH_charity_0616:row:1466,8394,u0
1467,ODH_charity_0616:row:1467,8395,l0
1468,ODH_charity_0616:row:1468,8396,l0
1469,ODH_charity_0616:row:1469,8397,u0
1470,ODH_charity_0616:row:1470,8407,u0
1471,ODH_charity_0616:row:1471,8408,u0
1472,ODH_charity_0616:row:1472,8409,l0
1473,ODH_charity_0616:row:1473,8410,u0
1474,ODH_charity_0616:row:1474,8416,l0
1475,ODH_charity_0616:row:1475,8417,u0
1476,ODH_charity_0616:row:1476,8418,u0
1477,ODH_charity_0616:row:1477,8419,u0
1478,ODH_charity_0616:row:1478,8420,u0
1479,ODH_charity_0616:row:1479,8421,u0
1480,ODH_charity_0616:row:1480,8424,u0
1481,ODH_charity_0616:row:1481,8425,test
1482,ODH_charity_0616:row:1482,8426,u0
1483,ODH_charity_0616:row:1483,8427,u0
1484,ODH_charity_0616:row:1484,8431,u0
1485,ODH_charity_0616:row:1485,8432,u0
1486,ODH_charity_0616:row:1486,8439,u0
1487,ODH_charity_0616:row:1487,8440,l0
1488,ODH_charity_0616:row:1488,8443,test
1489,ODH_charity_0616:row:1489,8444,u0
1490,ODH_charity_0616:row:1490,8452,u0
1491,ODH_charity_0616:row:1491,8453,u0
1492,ODH_charity_0616:row:1492,8459,u0
1493,ODH_charity_0616:row:1493,8460,u0
1494,ODH_charity_0616:row:1494,8461,u0
1495,ODH_charity_0616:row:1495,8462,u0
1496,ODH_charity_0616:row:1496,8475,u0
1497,ODH_charity_0616:row:1497,8490,u0
1498,ODH_charity_0616:row:1498,8491,u0
1499,ODH_charity_0616:row:1499,8516,u0
1500,ODH_charity_0616:row:1500,8517,u0
1501,ODH_charity_0616:row:1501,8520,validation
1502,ODH_charity_0616:row:1502,8521,u0
1503,ODH_charity_0616:row:1503,8526,u0
1504,ODH_charity_0616:row:1504,8527,u0
1505,ODH_charity_0616:row:1505,8530,validation
1506,ODH_charity_0616:row:1506,8531,u0
1507,ODH_charity_0616:row:1507,8536,u0
1508,ODH_charity_0616:row:1508,8537,u0
1509,ODH_charity_0616:row:1509,8541,u0
1510,ODH_charity_0616:row:1510,8542,u0
1511,ODH_charity_0616:row:1511,8556,u0
1512,ODH_charity_0616:row:1512,8557,u0
1513,ODH_charity_0616:row:1513,8558,u0
1514,ODH_charity_0616:row:1514,8559,u0
1515,ODH_charity_0616:row:1515,8568,u0
1516,ODH_charity_0616:row:1516,8569,u0
1517,ODH_charity_0616:row:1517,8576,test
1518,ODH_charity_0616:row:1518,8577,u0
1519,ODH_charity_0616:row:1519,8588,test
1520,ODH_charity_0616:row:1520,8589,u0
1521,ODH_charity_0616:row:1521,8598,u0
1522,ODH_charity_0616:row:1522,8599,u0
1523,ODH_charity_0616:row:1523,8615,u0
1524,ODH_charity_0616:row:1524,8618,u0
1525,ODH_charity_0616:row:1525,8619,u0
1526,ODH_charity_0616:row:1526,8657,u0
1527,ODH_charity_0616:row:1527,8658,l0
1528,ODH_charity_0616:row:1528,8668,u0
1529,ODH_charity_0616:row:1529,8669,u0
1530,ODH_charity_0616:row:1530,8676,u0
1531,ODH_charity_0616:row:1531,8677,l0
1532,ODH_charity_0616:row:1532,8695,u0
1533,ODH_charity_0616:row:1533,8696,u0
1534,ODH_charity_0616:row:1534,8698,u0
1535,ODH_charity_0616:row:1535,8699,l0
1536,ODH_charity_0616:row:1536,8706,u0
1537,ODH_charity_0616:row:1537,8715,u0
1538,ODH_charity_0616:row:1538,8716,l0
1539,ODH_charity_0616:row:1539,8728,u0
1540,ODH_charity_0616:row:1540,8745,u0
1541,ODH_charity_0616:row:1541,8746,u0
1542,ODH_charity_0616:row:1542,8749,u0
1543,ODH_charity_0616:row:1543,8750,u0
1544,ODH_charity_0616:row:1544,8755,u0
1545,ODH_charity_0616:row:1545,8756,u0
1546,ODH_charity_0616:row:1546,8757,u0
1547,ODH_charity_0616:row:1547,8758,u0
1548,ODH_charity_0616:row:1548,8759,u0
1549,ODH_charity_0616:row:1549,8760,test
1550,ODH_charity_0616:row:1550,8791,u0
1551,ODH_charity_0616:row:1551,8792,u0
1552,ODH_charity_0616:row:1552,8816,u0
1553,ODH_charity_0616:row:1553,8817,u0
1554,ODH_charity_0616:row:1554,8820,u0
1555,ODH_charity_0616:row:1555,8821,u0
1556,ODH_charity_0616:row:1556,8831,test
1557,ODH_charity_0616:row:1557,8832,u0
1558,ODH_charity_0616:row:1558,8875,validation
1559,ODH_charity_0616:row:1559,8876,u0
1560,ODH_charity_0616:row:1560,8888,validation
1561,ODH_charity_0616:row:1561,8889,u0
1562,ODH_charity_0616:row:1562,8896,u0
1563,ODH_charity_0616:row:1563,8897,l0
1564,ODH_charity_0616:row:1564,8905,u0
1565,ODH_charity_0616:row:1565,8906,u0
1566,ODH_charity_0616:row:1566,8921,u0
1567,ODH_charity_0616:row:1567,8922,l0
1568,ODH_charity_0616:row:1568,8928,u0
1569,ODH_charity_0616:row:1569,8929,u0
1570,ODH_charity_0616:row:1570,8930,u0
1571,ODH_charity_0616:row:1571,8931,u0
1572,ODH_charity_0616:row:1572,8939,u0
1573,ODH_charity_0616:row:1573,8940,u0
1574,ODH_charity_0616:row:1574,8943,u0
1575,ODH_charity_0616:row:1575,8944,u0
1576,ODH_charity_0616:row:1576,8947,u0
1577,ODH_charity_0616:row:1577,8948,u0
1578,ODH_charity_0616:row:1578,8953,u0
1579,ODH_charity_0616:row:1579,8954,u0
1580,ODH_charity_0616:row:1580,8958,u0
1581,ODH_charity_0616:row:1581,8959,test
1582,ODH_charity_0616:row:1582,8969,u0
1583,ODH_charity_0616:row:1583,8970,u0
1584,ODH_charity_0616:row:1584,8985,u0
1585,ODH_charity_0616:row:1585,8986,u0
1586,ODH_charity_0616:row:1586,8987,u0
1587,ODH_charity_0616:row:1587,8988,u0
1588,ODH_charity_0616:row:1588,8994,u0
1589,ODH_charity_0616:row:1589,8995,validation
1590,ODH_charity_0616:row:1590,9047,u0
1591,ODH_charity_0616:row:1591,9048,u0
1592,ODH_charity_0616:row:1592,9059,u0
1593,ODH_charity_0616:row:1593,9060,u0
1594,ODH_charity_0616:row:1594,9065,u0
1595,ODH_charity_0616:row:1595,9066,u0
1596,ODH_charity_0616:row:1596,9067,u0
1597,ODH_charity_0616:row:1597,9070,u0
1598,ODH_charity_0616:row:1598,9071,u0
1599,ODH_charity_0616:row:1599,9072,u0
1600,ODH_charity_0616:row:1600,9073,u0
1601,ODH_charity_0616:row:1601,9081,u0
1602,ODH_charity_0616:row:1602,9082,test
1603,ODH_charity_0616:row:1603,9085,validation
1604,ODH_charity_0616:row:1604,9087,u0
1605,ODH_charity_0616:row:1605,9088,test
1606,ODH_charity_0616:row:1606,9094,u0
1607,ODH_charity_0616:row:1607,9117,u0
1608,ODH_charity_0616:row:1608,9118,u0
1609,ODH_charity_0616:row:1609,9139,u0
1610,ODH_charity_0616:row:1610,9143,u0
1611,ODH_charity_0616:row:1611,9144,l0
1612,ODH_charity_0616:row:1612,9156,u0
1613,ODH_charity_0616:row:1613,9157,u0
1614,ODH_charity_0616:row:1614,9174,u0
1615,ODH_charity_0616:row:1615,9175,u0
1616,ODH_charity_0616:row:1616,9183,u0
1617,ODH_charity_0616:row:1617,9184,u0
1618,ODH_charity_0616:row:1618,9187,u0
1619,ODH_charity_0616:row:1619,9188,u0
1620,ODH_charity_0616:row:1620,9216,u0
1621,ODH_charity_0616:row:1621,9217,u0
1622,ODH_charity_0616:row:1622,9218,u0
1623,ODH_charity_0616:row:1623,9219,u0
1624,ODH_charity_0616:row:1624,9226,u0
1625,ODH_charity_0616:row:1625,9227,u0
1626,ODH_charity_0616:row:1626,9230,u0
1627,ODH_charity_0616:row:1627,9235,l0
1628,ODH_charity_0616:row:1628,9236,u0
1629,ODH_charity_0616:row:1629,9259,u0
1630,ODH_charity_0616:row:1630,9260,u0
1631,ODH_charity_0616:row:1631,9261,u0
1632,ODH_charity_0616:row:1632,9262,u0
1633,ODH_charity_0616:row:1633,9285,u0
1634,ODH_charity_0616:row:1634,9286,u0
1635,ODH_charity_0616:row:1635,9287,u0
1636,ODH_charity_0616:row:1636,9298,u0
1637,ODH_charity_0616:row:1637,9299,u0
1638,ODH_charity_0616:row:1638,9303,l0
1639,ODH_charity_0616:row:1639,9304,u0
1640,ODH_charity_0616:row:1640,9305,u0
1641,ODH_charity_0616:row:1641,9306,u0
1642,ODH_charity_0616:row:1642,9319,l0
1643,ODH_charity_0616:row:1643,9320,u0
1644,ODH_charity_0616:row:1644,9341,u0
1645,ODH_charity_0616:row:1645,9342,u0
1646,ODH_charity_0616:row:1646,9347,u0
1647,ODH_charity_0616:row:1647,9348,test
1648,ODH_charity_0616:row:1648,9351,validation
1649,ODH_charity_0616:row:1649,9352,u0
1650,ODH_charity_0616:row:1650,9358,u0
1651,ODH_charity_0616:row:1651,9359,u0
1652,ODH_charity_0616:row:1652,9363,u0
1653,ODH_charity_0616:row:1653,9364,u0
1654,ODH_charity_0616:row:1654,9365,l0
1655,ODH_charity_0616:row:1655,9366,u0
1656,ODH_charity_0616:row:1656,9388,u0
1657,ODH_charity_0616:row:1657,9389,u0
1658,ODH_charity_0616:row:1658,9399,u0
1659,ODH_charity_0616:row:1659,9400,u0
1660,ODH_charity_0616:row:1660,9401,u0
1661,ODH_charity_0616:row:1661,9402,u0
1662,ODH_charity_0616:row:1662,9406,u0
1663,ODH_charity_0616:row:1663,9407,u0
1664,ODH_charity_0616:row:1664,9422,u0
1665,ODH_charity_0616:row:1665,9423,validation
1666,ODH_charity_0616:row:1666,9424,u0
1667,ODH_charity_0616:row:1667,9429,u0
1668,ODH_charity_0616:row:1668,9430,u0
1669,ODH_charity_0616:row:1669,9433,u0
1670,ODH_charity_0616:row:1670,9434,u0
1671,ODH_charity_0616:row:1671,9439,u0
1672,ODH_charity_0616:row:1672,9440,u0
1673,ODH_charity_0616:row:1673,9441,l0
1674,ODH_charity_0616:row:1674,9442,u0
1675,ODH_charity_0616:row:1675,9457,test
1676,ODH_charity_0616:row:1676,9458,test
1677,ODH_charity_0616:row:1677,9470,u0
1678,ODH_charity_0616:row:1678,9471,u0
1679,ODH_charity_0616:row:1679,9472,u0
1680,ODH_charity_0616:row:1680,9478,u0
1681,ODH_charity_0616:row:1681,9479,l0
1682,ODH_charity_0616:row:1682,9496,u0
1683,ODH_charity_0616:row:1683,9497,u0
1684,ODH_charity_0616:row:1684,9504,l0
1685,ODH_charity_0616:row:1685,9505,u0
1686,ODH_charity_0616:row:1686,9527,u0
1687,ODH_charity_0616:row:1687,9528,u0
1688,ODH_charity_0616:row:1688,9550,u0
1689,ODH_charity_0616:row:1689,9551,u0
1690,ODH_charity_0616:row:1690,9574,u0
1691,ODH_charity_0616:row:1691,9575,test
1692,ODH_charity_0616:row:1692,9580,u0
1693,ODH_charity_0616:row:1693,9581,u0
1694,ODH_charity_0616:row:1694,9582,u0
1695,ODH_charity_0616:row:1695,9583,u0
1696,ODH_charity_0616:row:1696,9586,u0
1697,ODH_charity_0616:row:1697,9587,u0
1698,ODH_charity_0616:row:1698,9588,l0
1699,ODH_charity_0616:row:1699,9589,validation
1700,ODH_charity_0616:row:1700,9598,u0
1701,ODH_charity_0616:row:1701,9599,u0
1702,ODH_charity_0616:row:1702,9608,l0
1703,ODH_charity_0616:row:1703,9609,u0
1704,ODH_charity_0616:row:1704,9612,u0
1705,ODH_charity_0616:row:1705,9613,u0
1706,ODH_charity_0616:row:1706,9620,u0
1707,ODH_charity_0616:row:1707,9621,u0
1708,ODH_charity_0616:row:1708,9628,u0
1709,ODH_charity_0616:row:1709,9631,validation
1710,ODH_charity_0616:row:1710,9632,u0
1711,ODH_charity_0616:row:1711,9635,l0
1712,ODH_charity_0616:row:1712,9636,u0
1713,ODH_charity_0616:row:1713,9649,validation
1714,ODH_charity_0616:row:1714,9650,u0
1715,ODH_charity_0616:row:1715,9655,u0
1716,ODH_charity_0616:row:1716,9656,validation
1717,ODH_charity_0616:row:1717,9668,u0
1718,ODH_charity_0616:row:1718,9669,u0
1719,ODH_charity_0616:row:1719,9672,u0
1720,ODH_charity_0616:row:1720,9673,u0
1721,ODH_charity_0616:row:1721,9681,u0
1722,ODH_charity_0616:row:1722,9682,l0
1723,ODH_charity_0616:row:1723,9687,u0
1724,ODH_charity_0616:row:1724,9688,test
1725,ODH_charity_0616:row:1725,9691,u0
1726,ODH_charity_0616:row:1726,9692,u0
1727,ODH_charity_0616:row:1727,9693,test
1728,ODH_charity_0616:row:1728,9694,u0
1729,ODH_charity_0616:row:1729,9699,u0
1730,ODH_charity_0616:row:1730,9700,u0
1731,ODH_charity_0616:row:1731,9707,u0
1732,ODH_charity_0616:row:1732,9708,u0
1733,ODH_charity_0616:row:1733,9731,u0
1734,ODH_charity_0616:row:1734,9732,u0
1735,ODH_charity_0616:row:1735,9742,u0
1736,ODH_charity_0616:row:1736,9743,u0
1737,ODH_charity_0616:row:1737,9744,u0
1738,ODH_charity_0616:row:1738,9745,u0
1739,ODH_charity_0616:row:1739,9765,u0
1740,ODH_charity_0616:row:1740,9770,u0
1741,ODH_charity_0616:row:1741,9771,test
1742,ODH_charity_0616:row:1742,9777,u0
1743,ODH_charity_0616:row:1743,9778,u0
1744,ODH_charity_0616:row:1744,9783,u0
1745,ODH_charity_0616:row:1745,9784,u0
1746,ODH_charity_0616:row:1746,9792,u0
1747,ODH_charity_0616:row:1747,9793,u0
1748,ODH_charity_0616:row:1748,9799,u0
1749,ODH_charity_0616:row:1749,9800,excluded
1750,ODH_charity_0616:row:1750,9801,u0
1751,ODH_charity_0616:row:1751,9802,excluded
1752,ODH_charity_0616:row:1752,9822,u0
1753,ODH_charity_0616:row:1753,9823,u0
1754,ODH_charity_0616:row:1754,9824,u0
1755,ODH_charity_0616:row:1755,9825,u0
1756,ODH_charity_0616:row:1756,9851,u0
1757,ODH_charity_0616:row:1757,9852,u0
1758,ODH_charity_0616:row:1758,9856,u0
1759,ODH_charity_0616:row:1759,9857,u0
1760,ODH_charity_0616:row:1760,9879,u0
1761,ODH_charity_0616:row:1761,9880,u0
1762,ODH_charity_0616:row:1762,9895,u0
1763,ODH_charity_0616:row:1763,9896,u0
1764,ODH_charity_0616:row:1764,9921,u0
1765,ODH_charity_0616:row:1765,9922,u0
1766,ODH_charity_0616:row:1766,9923,l0
1767,ODH_charity_0616:row:1767,9924,u0
1768,ODH_charity_0616:row:1768,9931,u0
1769,ODH_charity_0616:row:1769,9932,u0
1770,ODH_charity_0616:row:1770,9935,u0
1771,ODH_charity_0616:row:1771,9936,u0
1772,ODH_charity_0616:row:1772,9967,validation
1773,ODH_charity_0616:row:1773,9968,u0
1774,ODH_charity_0616:row:1774,9975,u0
1775,ODH_charity_0616:row:1775,9976,u0
1776,ODH_charity_0616:row:1776,9979,u0
1777,ODH_charity_0616:row:1777,9980,u0
1778,ODH_charity_0616:row:1778,9981,u0
1779,ODH_charity_0616:row:1779,9982,u0
1780,ODH_charity_0616:row:1780,9983,u0
1781,ODH_charity_0616:row:1781,9984,u0
1782,ODH_charity_0616:row:1782,9991,u0
1783,ODH_charity_0616:row:1783,9996,u0
1784,ODH_charity_0616:row:1784,9997,u0
1785,ODH_charity_0616:row:1785,9998,u0
1786,ODH_charity_0616:row:1786,9999,u0
1787,ODH_charity_0616:row:1787,10000,l0
1788,ODH_charity_0616:row:1788,10001,u0
1789,ODH_charity_0616:row:1789,10008,u0
1790,ODH_charity_0616:row:1790,10009,u0
1791,ODH_charity_0616:row:1791,10010,u0
1792,ODH_charity_0616:row:1792,10011,validation
1793,ODH_charity_0616:row:1793,10012,u0
1794,ODH_charity_0616:row:1794,10013,u0
1795,ODH_charity_0616:row:1795,10018,l0
1796,ODH_charity_0616:row:1796,10019,validation
1797,ODH_charity_0616:row:1797,10038,u0
1798,ODH_charity_0616:row:1798,10039,u0
1799,ODH_charity_0616:row:1799,10057,u0
1800,ODH_charity_0616:row:1800,10091,u0
1801,ODH_charity_0616:row:1801,10092,u0
1802,ODH_charity_0616:row:1802,10097,test
1803,ODH_charity_0616:row:1803,10098,l0
1804,ODH_charity_0616:row:1804,10108,u0
1805,ODH_charity_0616:row:1805,10109,u0
1806,ODH_charity_0616:row:1806,10110,u0
1807,ODH_charity_0616:row:1807,10111,u0
1808,ODH_charity_0616:row:1808,10112,validation
1809,ODH_charity_0616:row:1809,10113,u0
1810,ODH_charity_0616:row:1810,10160,u0
1811,ODH_charity_0616:row:1811,10161,u0
1812,ODH_charity_0616:row:1812,10168,l0
1813,ODH_charity_0616:row:1813,10169,u0
1814,ODH_charity_0616:row:1814,10180,u0
1815,ODH_charity_0616:row:1815,10183,u0
1816,ODH_charity_0616:row:1816,10185,u0
1817,ODH_charity_0616:row:1817,10186,u0
1818,ODH_charity_0616:row:1818,10191,u0
1819,ODH_charity_0616:row:1819,10192,u0
1820,ODH_charity_0616:row:1820,10203,u0
1821,ODH_charity_0616:row:1821,10205,u0
1822,ODH_charity_0616:row:1822,10206,u0
1823,ODH_charity_0616:row:1823,10207,u0
1824,ODH_charity_0616:row:1824,10208,u0
1825,ODH_charity_0616:row:1825,10211,u0
1826,ODH_charity_0616:row:1826,10212,u0
1827,ODH_charity_0616:row:1827,10219,u0
1828,ODH_charity_0616:row:1828,10220,u0
1829,ODH_charity_0616:row:1829,10221,u0
1830,ODH_charity_0616:row:1830,10226,u0
1831,ODH_charity_0616:row:1831,10237,u0
1832,ODH_charity_0616:row:1832,10238,u0
1833,ODH_charity_0616:row:1833,10241,u0
1834,ODH_charity_0616:row:1834,10242,u0
1835,ODH_charity_0616:row:1835,10289,u0
1836,ODH_charity_0616:row:1836,10290,u0
1837,ODH_charity_0616:row:1837,10291,u0
1838,ODH_charity_0616:row:1838,10292,test
1839,ODH_charity_0616:row:1839,10293,test
1840,ODH_charity_0616:row:1840,10294,u0
1841,ODH_charity_0616:row:1841,10321,u0
1842,ODH_charity_0616:row:1842,10328,u0
1843,ODH_charity_0616:row:1843,10329,u0
1844,ODH_charity_0616:row:1844,10336,u0
1845,ODH_charity_0616:row:1845,10337,u0
1846,ODH_charity_0616:row:1846,10346,u0
1847,ODH_charity_0616:row:1847,10347,u0
1848,ODH_charity_0616:row:1848,10348,u0
1849,ODH_charity_0616:row:1849,10349,u0
1850,ODH_charity_0616:row:1850,10350,u0
1851,ODH_charity_0616:row:1851,10351,u0
1852,ODH_charity_0616:row:1852,10354,u0
1853,ODH_charity_0616:row:1853,10355,u0
1854,ODH_charity_0616:row:1854,10372,u0
1855,ODH_charity_0616:row:1855,10373,u0
1856,ODH_charity_0616:row:1856,10374,u0
1857,ODH_charity_0616:row:1857,10375,u0
1858,ODH_charity_0616:row:1858,10385,u0
1859,ODH_charity_0616:row:1859,10386,u0
1860,ODH_charity_0616:row:1860,10390,u0
1861,ODH_charity_0616:row:1861,10397,u0
1862,ODH_charity_0616:row:1862,10398,l0
1863,ODH_charity_0616:row:1863,10403,u0
1864,ODH_charity_0616:row:1864,10404,u0
1865,ODH_charity_0616:row:1865,10405,u0
1866,ODH_charity_0616:row:1866,10406,u0
1867,ODH_charity_0616:row:1867,10423,u0
1868,ODH_charity_0616:row:1868,10424,u0
1869,ODH_charity_0616:row:1869,10429,u0
1870,ODH_charity_0616:row:1870,10430,u0
1871,ODH_charity_0616:row:1871,10432,u0
1872,ODH_charity_0616:row:1872,10433,test
1873,ODH_charity_0616:row:1873,10434,u0
1874,ODH_charity_0616:row:1874,10435,l0
1875,ODH_charity_0616:row:1875,10479,u0
1876,ODH_charity_0616:row:1876,10480,u0
1877,ODH_charity_0616:row:1877,10486,u0
1878,ODH_charity_0616:row:1878,10487,test
1879,ODH_charity_0616:row:1879,10493,u0
1880,ODH_charity_0616:row:1880,10494,u0
1881,ODH_charity_0616:row:1881,10517,u0
1882,ODH_charity_0616:row:1882,10518,u0
1883,ODH_charity_0616:row:1883,10519,l0
1884,ODH_charity_0616:row:1884,10520,test
1885,ODH_charity_0616:row:1885,10527,u0
1886,ODH_charity_0616:row:1886,10530,u0
1887,ODH_charity_0616:row:1887,10531,u0
1888,ODH_charity_0616:row:1888,10532,u0
1889,ODH_charity_0616:row:1889,10533,u0
1890,ODH_charity_0616:row:1890,10544,u0
1891,ODH_charity_0616:row:1891,10545,u0
1892,ODH_charity_0616:row:1892,10553,u0
1893,ODH_charity_0616:row:1893,10554,u0
1894,ODH_charity_0616:row:1894,10562,u0
1895,ODH_charity_0616:row:1895,10576,u0
1896,ODH_charity_0616:row:1896,10577,l0
1897,ODH_charity_0616:row:1897,10578,u0
1898,ODH_charity_0616:row:1898,10579,test
1899,ODH_charity_0616:row:1899,10584,u0
1900,ODH_charity_0616:row:1900,10585,u0
1901,ODH_charity_0616:row:1901,10588,u0
1902,ODH_charity_0616:row:1902,10602,u0
1903,ODH_charity_0616:row:1903,10603,u0
1904,ODH_charity_0616:row:1904,10608,u0
1905,ODH_charity_0616:row:1905,10609,u0
1906,ODH_charity_0616:row:1906,10615,u0
1907,ODH_charity_0616:row:1907,10616,u0
1908,ODH_charity_0616:row:1908,10631,l0
1909,ODH_charity_0616:row:1909,10632,u0
1910,ODH_charity_0616:row:1910,10633,u0
1911,ODH_charity_0616:row:1911,10634,u0
1912,ODH_charity_0616:row:1912,10639,u0
1913,ODH_charity_0616:row:1913,10640,test
1914,ODH_charity_0616:row:1914,10643,u0
1915,ODH_charity_0616:row:1915,10644,u0
1916,ODH_charity_0616:row:1916,10649,u0
1917,ODH_charity_0616:row:1917,10650,u0
1918,ODH_charity_0616:row:1918,10665,u0
1919,ODH_charity_0616:row:1919,10666,u0
1920,ODH_charity_0616:row:1920,10672,u0
1921,ODH_charity_0616:row:1921,10673,l0
1922,ODH_charity_0616:row:1922,10674,u0
1923,ODH_charity_0616:row:1923,10675,u0
1924,ODH_charity_0616:row:1924,10710,u0
1925,ODH_charity_0616:row:1925,10711,l0
1926,ODH_charity_0616:row:1926,10714,u0
1927,ODH_charity_0616:row:1927,10715,u0
1928,ODH_charity_0616:row:1928,10719,l0
1929,ODH_charity_0616:row:1929,10720,u0
1930,ODH_charity_0616:row:1930,10731,u0
1931,ODH_charity_0616:row:1931,10732,u0
1932,ODH_charity_0616:row:1932,10733,test
1933,ODH_charity_0616:row:1933,10734,u0
1934,ODH_charity_0616:row:1934,10739,validation
1935,ODH_charity_0616:row:1935,10742,u0
1936,ODH_charity_0616:row:1936,10743,u0
1937,ODH_charity_0616:row:1937,10744,l0
1938,ODH_charity_0616:row:1938,10745,u0
1939,ODH_charity_0616:row:1939,10757,u0
1940,ODH_charity_0616:row:1940,10758,u0
1941,ODH_charity_0616:row:1941,10784,u0
1942,ODH_charity_0616:row:1942,10785,u0
1943,ODH_charity_0616:row:1943,10797,u0
1944,ODH_charity_0616:row:1944,10806,u0
1945,ODH_charity_0616:row:1945,10807,l0
1946,ODH_charity_0616:row:1946,10834,u0
1947,ODH_charity_0616:row:1947,10835,u0
1948,ODH_charity_0616:row:1948,10838,u0
1949,ODH_charity_0616:row:1949,10839,u0
1950,ODH_charity_0616:row:1950,10876,u0
1951,ODH_charity_0616:row:1951,10877,u0
1952,ODH_charity_0616:row:1952,10897,test
1953,ODH_charity_0616:row:1953,10898,u0
1954,ODH_charity_0616:row:1954,10907,u0
1955,ODH_charity_0616:row:1955,10908,u0
1956,ODH_charity_0616:row:1956,10909,u0
1957,ODH_charity_0616:row:1957,10910,u0
1958,ODH_charity_0616:row:1958,10953,l0
1959,ODH_charity_0616:row:1959,10954,u0
1960,ODH_charity_0616:row:1960,10965,u0
1961,ODH_charity_0616:row:1961,10966,u0
1962,ODH_charity_0616:row:1962,10971,u0
1963,ODH_charity_0616:row:1963,10972,u0
1964,ODH_charity_0616:row:1964,10973,u0
1965,ODH_charity_0616:row:1965,10974,u0
1966,ODH_charity_0616:row:1966,10981,validation
1967,ODH_charity_0616:row:1967,10984,u0
1968,ODH_charity_0616:row:1968,10985,test
1969,ODH_charity_0616:row:1969,10986,l0
1970,ODH_charity_0616:row:1970,10987,u0
1971,ODH_charity_0616:row:1971,10988,u0
1972,ODH_charity_0616:row:1972,10989,u0
1973,ODH_charity_0616:row:1973,10990,u0
1974,ODH_charity_0616:row:1974,10991,u0
1975,ODH_charity_0616:row:1975,11006,test
1976,ODH_charity_0616:row:1976,11015,u0
1977,ODH_charity_0616:row:1977,11016,u0
1978,ODH_charity_0616:row:1978,11023,u0
1979,ODH_charity_0616:row:1979,11024,u0
1980,ODH_charity_0616:row:1980,11031,u0
1981,ODH_charity_0616:row:1981,11032,u0
1982,ODH_charity_0616:row:1982,11043,test
1983,ODH_charity_0616:row:1983,11044,u0
1984,ODH_charity_0616:row:1984,11045,u0
1985,ODH_charity_0616:row:1985,11046,u0
1986,ODH_charity_0616:row:1986,11047,u0
1987,ODH_charity_0616:row:1987,11048,u0
1988,ODH_charity_0616:row:1988,11055,u0
1989,ODH_charity_0616:row:1989,11056,validation
1990,ODH_charity_0616:row:1990,11064,u0
1991,ODH_charity_0616:row:1991,11065,u0
1992,ODH_charity_0616:row:1992,11076,u0
1993,ODH_charity_0616:row:1993,11089,u0
1994,ODH_charity_0616:row:1994,11090,u0
1995,ODH_charity_0616:row:1995,11117,validation
1996,ODH_charity_0616:row:1996,11119,u0
1997,ODH_charity_0616:row:1997,11120,u0
1998,ODH_charity_0616:row:1998,11121,u0
1999,ODH_charity_0616:row:1999,11134,u0
2000,ODH_charity_0616:row:2000,11135,u0
2001,ODH_charity_0616:row:2001,11144,u0
2002,ODH_charity_0616:row:2002,11145,u0
2003,ODH_charity_0616:row:2003,11146,u0
2004,ODH_charity_0616:row:2004,11147,u0
2005,ODH_charity_0616:row:2005,11148,u0
2006,ODH_charity_0616:row:2006,11149,u0
2007,ODH_charity_0616:row:2007,11175,l0
2008,ODH_charity_0616:row:2008,11176,u0
2009,ODH_charity_0616:row:2009,11199,u0
2010,ODH_charity_0616:row:2010,11200,validation
2011,ODH_charity_0616:row:2011,11226,test
2012,ODH_charity_0616:row:2012,11227,u0
2013,ODH_charity_0616:row:2013,11234,u0
2014,ODH_charity_0616:row:2014,11235,u0
2015,ODH_charity_0616:row:2015,11252,u0
2016,ODH_charity_0616:row:2016,11253,u0
2017,ODH_charity_0616:row:2017,11267,u0
2018,ODH_charity_0616:row:2018,11268,u0
2019,ODH_charity_0616:row:2019,11277,u0
2020,ODH_charity_0616:row:2020,11278,test
2021,ODH_charity_0616:row:2021,11280,l0
2022,ODH_charity_0616:row:2022,11281,u0
2023,ODH_charity_0616:row:2023,11284,u0
2024,ODH_charity_0616:row:2024,11285,u0
2025,ODH_charity_0616:row:2025,11286,validation
2026,ODH_charity_0616:row:2026,11287,u0
2027,ODH_charity_0616:row:2027,11299,u0
2028,ODH_charity_0616:row:2028,11304,u0
2029,ODH_charity_0616:row:2029,11305,u0
2030,ODH_charity_0616:row:2030,11314,test
2031,ODH_charity_0616:row:2031,11315,u0
2032,ODH_charity_0616:row:2032,11334,u0
2033,ODH_charity_0616:row:2033,11335,test
2034,ODH_charity_0616:row:2034,11345,u0
2035,ODH_charity_0616:row:2035,11350,u0
2036,ODH_charity_0616:row:2036,11351,u0
2037,ODH_charity_0616:row:2037,11352,u0
2038,ODH_charity_0616:row:2038,11357,u0
2039,ODH_charity_0616:row:2039,11374,u0
2040,ODH_charity_0616:row:2040,11375,u0
2041,ODH_charity_0616:row:2041,11392,u0
2042,ODH_charity_0616:row:2042,11393,u0
2043,ODH_charity_0616:row:2043,11394,test
2044,ODH_charity_0616:row:2044,11395,u0
2045,ODH_charity_0616:row:2045,11406,u0
2046,ODH_charity_0616:row:2046,11407,u0
2047,ODH_charity_0616:row:2047,11423,u0
2048,ODH_charity_0616:row:2048,11424,u0
2049,ODH_charity_0616:row:2049,11427,u0
2050,ODH_charity_0616:row:2050,11428,test
2051,ODH_charity_0616:row:2051,11432,u0
2052,ODH_charity_0616:row:2052,11433,u0
2053,ODH_charity_0616:row:2053,11436,u0
2054,ODH_charity_0616:row:2054,11437,u0
2055,ODH_charity_0616:row:2055,11442,u0
2056,ODH_charity_0616:row:2056,11443,u0
2057,ODH_charity_0616:row:2057,11445,u0
2058,ODH_charity_0616:row:2058,11446,u0
2059,ODH_charity_0616:row:2059,11452,u0
2060,ODH_charity_0616:row:2060,11453,u0
2061,ODH_charity_0616:row:2061,11454,u0
2062,ODH_charity_0616:row:2062,11455,u0
2063,ODH_charity_0616:row:2063,11456,u0
2064,ODH_charity_0616:row:2064,11457,u0
2065,ODH_charity_0616:row:2065,11458,validation
2066,ODH_charity_0616:row:2066,11466,u0
2067,ODH_charity_0616:row:2067,11467,u0
2068,ODH_charity_0616:row:2068,11468,validation
2069,ODH_charity_0616:row:2069,11469,u0
2070,ODH_charity_0616:row:2070,11480,u0
2071,ODH_charity_0616:row:2071,11481,u0
2072,ODH_charity_0616:row:2072,11492,u0
2073,ODH_charity_0616:row:2073,11493,u0
2074,ODH_charity_0616:row:2074,11496,u0
2075,ODH_charity_0616:row:2075,11497,u0
2076,ODH_charity_0616:row:2076,11498,u0
2077,ODH_charity_0616:row:2077,11499,u0
2078,ODH_charity_0616:row:2078,11506,u0
2079,ODH_charity_0616:row:2079,11507,test
2080,ODH_charity_0616:row:2080,11511,l0
2081,ODH_charity_0616:row:2081,11512,u0
2082,ODH_charity_0616:row:2082,11513,u0
2083,ODH_charity_0616:row:2083,11514,u0
2084,ODH_charity_0616:row:2084,11521,u0
2085,ODH_charity_0616:row:2085,11522,u0
2086,ODH_charity_0616:row:2086,11527,u0
2087,ODH_charity_0616:row:2087,11528,validation
2088,ODH_charity_0616:row:2088,11537,u0
2089,ODH_charity_0616:row:2089,11538,u0
2090,ODH_charity_0616:row:2090,11559,u0
2091,ODH_charity_0616:row:2091,11560,l0
2092,ODH_charity_0616:row:2092,11572,u0
2093,ODH_charity_0616:row:2093,11573,u0
2094,ODH_charity_0616:row:2094,11574,u0
2095,ODH_charity_0616:row:2095,11575,u0
2096,ODH_charity_0616:row:2096,11576,u0
2097,ODH_charity_0616:row:2097,11577,u0
2098,ODH_charity_0616:row:2098,11580,u0
2099,ODH_charity_0616:row:2099,11581,validation
2100,ODH_charity_0616:row:2100,11582,u0
2101,ODH_charity_0616:row:2101,11583,u0
2102,ODH_charity_0616:row:2102,11584,u0
2103,ODH_charity_0616:row:2103,11585,u0
2104,ODH_charity_0616:row:2104,11614,u0
2105,ODH_charity_0616:row:2105,11615,u0
2106,ODH_charity_0616:row:2106,11616,l0
2107,ODH_charity_0616:row:2107,11647,u0
2108,ODH_charity_0616:row:2108,11648,test
2109,ODH_charity_0616:row:2109,11649,u0
2110,ODH_charity_0616:row:2110,11650,u0
2111,ODH_charity_0616:row:2111,11653,u0
2112,ODH_charity_0616:row:2112,11654,u0
2113,ODH_charity_0616:row:2113,11661,u0
2114,ODH_charity_0616:row:2114,11662,test
2115,ODH_charity_0616:row:2115,11675,u0
2116,ODH_charity_0616:row:2116,11676,u0
2117,ODH_charity_0616:row:2117,11677,u0
2118,ODH_charity_0616:row:2118,11678,u0
2119,ODH_charity_0616:row:2119,11692,l0
2120,ODH_charity_0616:row:2120,11693,u0
2121,ODH_charity_0616:row:2121,11701,u0
2122,ODH_charity_0616:row:2122,11702,u0
2123,ODH_charity_0616:row:2123,11715,u0
2124,ODH_charity_0616:row:2124,11716,u0
2125,ODH_charity_0616:row:2125,11717,u0
2126,ODH_charity_0616:row:2126,11718,l0
2127,ODH_charity_0616:row:2127,11750,u0
2128,ODH_charity_0616:row:2128,11751,u0
2129,ODH_charity_0616:row:2129,11754,u0
2130,ODH_charity_0616:row:2130,11755,u0
2131,ODH_charity_0616:row:2131,11768,u0
2132,ODH_charity_0616:row:2132,11769,u0
2133,ODH_charity_0616:row:2133,11772,u0
2134,ODH_charity_0616:row:2134,11773,l0
2135,ODH_charity_0616:row:2135,11776,u0
2136,ODH_charity_0616:row:2136,11777,u0
2137,ODH_charity_0616:row:2137,11778,u0
2138,ODH_charity_0616:row:2138,11779,u0
2139,ODH_charity_0616:row:2139,11782,validation
2140,ODH_charity_0616:row:2140,11783,u0
2141,ODH_charity_0616:row:2141,11784,u0
2142,ODH_charity_0616:row:2142,11796,u0
2143,ODH_charity_0616:row:2143,11797,l0
2144,ODH_charity_0616:row:2144,11802,u0
2145,ODH_charity_0616:row:2145,11803,u0
2146,ODH_charity_0616:row:2146,11804,u0
2147,ODH_charity_0616:row:2147,11805,u0
2148,ODH_charity_0616:row:2148,11806,test
2149,ODH_charity_0616:row:2149,11807,u0
2150,ODH_charity_0616:row:2150,11851,u0
2151,ODH_charity_0616:row:2151,11852,u0
2152,ODH_charity_0616:row:2152,11855,l0
2153,ODH_charity_0616:row:2153,11856,u0
2154,ODH_charity_0616:row:2154,11857,u0
2155,ODH_charity_0616:row:2155,11858,u0
2156,ODH_charity_0616:row:2156,11900,validation
2157,ODH_charity_0616:row:2157,11901,u0
2158,ODH_charity_0616:row:2158,11913,u0
2159,ODH_charity_0616:row:2159,11914,l0
2160,ODH_charity_0616:row:2160,11934,test
2161,ODH_charity_0616:row:2161,11935,u0
2162,ODH_charity_0616:row:2162,11936,u0
2163,ODH_charity_0616:row:2163,11966,u0
2164,ODH_charity_0616:row:2164,11967,u0
2165,ODH_charity_0616:row:2165,11975,u0
2166,ODH_charity_0616:row:2166,11976,test
2167,ODH_charity_0616:row:2167,11979,u0
2168,ODH_charity_0616:row:2168,11980,u0
2169,ODH_charity_0616:row:2169,11991,u0
2170,ODH_charity_0616:row:2170,11992,u0
2171,ODH_charity_0616:row:2171,12007,u0
2172,ODH_charity_0616:row:2172,12008,u0
2173,ODH_charity_0616:row:2173,12014,u0
2174,ODH_charity_0616:row:2174,12015,u0
2175,ODH_charity_0616:row:2175,12027,u0
2176,ODH_charity_0616:row:2176,12040,validation
2177,ODH_charity_0616:row:2177,12041,u0
2178,ODH_charity_0616:row:2178,12047,u0
2179,ODH_charity_0616:row:2179,12048,u0
2180,ODH_charity_0616:row:2180,12060,u0
2181,ODH_charity_0616:row:2181,12061,u0
2182,ODH_charity_0616:row:2182,12062,u0
2183,ODH_charity_0616:row:2183,12063,u0
2184,ODH_charity_0616:row:2184,12092,u0
2185,ODH_charity_0616:row:2185,12095,u0
2186,ODH_charity_0616:row:2186,12096,u0
2187,ODH_charity_0616:row:2187,12099,u0
2188,ODH_charity_0616:row:2188,12100,u0
2189,ODH_charity_0616:row:2189,12101,u0
2190,ODH_charity_0616:row:2190,12102,l0
2191,ODH_charity_0616:row:2191,12111,u0
2192,ODH_charity_0616:row:2192,12112,validation
2193,ODH_charity_0616:row:2193,12114,u0
2194,ODH_charity_0616:row:2194,12115,u0
2195,ODH_charity_0616:row:2195,12118,l0
2196,ODH_charity_0616:row:2196,12119,l0
2197,ODH_charity_0616:row:2197,12124,u0
2198,ODH_charity_0616:row:2198,12125,u0
2199,ODH_charity_0616:row:2199,12146,u0
2200,ODH_charity_0616:row:2200,12147,u0
2201,ODH_charity_0616:row:2201,12148,u0
2202,ODH_charity_0616:row:2202,12149,u0
2203,ODH_charity_0616:row:2203,12150,u0
2204,ODH_charity_0616:row:2204,12158,u0
2205,ODH_charity_0616:row:2205,12159,u0
2206,ODH_charity_0616:row:2206,12160,u0
2207,ODH_charity_0616:row:2207,12171,u0
2208,ODH_charity_0616:row:2208,12172,u0
2209,ODH_charity_0616:row:2209,12185,u0
2210,ODH_charity_0616:row:2210,12186,u0
2211,ODH_charity_0616:row:2211,12201,u0
2212,ODH_charity_0616:row:2212,12202,l0
2213,ODH_charity_0616:row:2213,12211,u0
2214,ODH_charity_0616:row:2214,12212,u0
2215,ODH_charity_0616:row:2215,12217,u0
2216,ODH_charity_0616:row:2216,12218,u0
2217,ODH_charity_0616:row:2217,12219,u0
2218,ODH_charity_0616:row:2218,12222,u0
2219,ODH_charity_0616:row:2219,12223,u0
2220,ODH_charity_0616:row:2220,12229,u0
2221,ODH_charity_0616:row:2221,12230,u0
2222,ODH_charity_0616:row:2222,12244,u0
2223,ODH_charity_0616:row:2223,12245,l0
2224,ODH_charity_0616:row:2224,12254,u0
2225,ODH_charity_0616:row:2225,12255,u0
2226,ODH_charity_0616:row:2226,12258,u0
2227,ODH_charity_0616:row:2227,12265,validation
2228,ODH_charity_0616:row:2228,12266,u0
2229,ODH_charity_0616:row:2229,12267,u0
2230,ODH_charity_0616:row:2230,12276,test
2231,ODH_charity_0616:row:2231,12277,u0
2232,ODH_charity_0616:row:2232,12289,u0
2233,ODH_charity_0616:row:2233,12290,u0
2234,ODH_charity_0616:row:2234,12293,u0
2235,ODH_charity_0616:row:2235,12294,validation
2236,ODH_charity_0616:row:2236,12301,u0
2237,ODH_charity_0616:row:2237,12302,u0
2238,ODH_charity_0616:row:2238,12307,u0
2239,ODH_charity_0616:row:2239,12308,u0
2240,ODH_charity_0616:row:2240,12317,u0
2241,ODH_charity_0616:row:2241,12318,l0
2242,ODH_charity_0616:row:2242,12333,u0
2243,ODH_charity_0616:row:2243,12334,u0
2244,ODH_charity_0616:row:2244,12368,u0
2245,ODH_charity_0616:row:2245,12369,u0
2246,ODH_charity_0616:row:2246,12374,u0
2247,ODH_charity_0616:row:2247,12375,u0
2248,ODH_charity_0616:row:2248,12391,u0
2249,ODH_charity_0616:row:2249,12392,u0
2250,ODH_charity_0616:row:2250,12401,u0
2251,ODH_charity_0616:row:2251,12402,u0
2252,ODH_charity_0616:row:2252,12405,u0
2253,ODH_charity_0616:row:2253,12408,u0
2254,ODH_charity_0616:row:2254,12409,u0
2255,ODH_charity_0616:row:2255,12410,u0
2256,ODH_charity_0616:row:2256,12411,u0
2257,ODH_charity_0616:row:2257,12412,u0
2258,ODH_charity_0616:row:2258,12413,u0
2259,ODH_charity_0616:row:2259,12414,u0
2260,ODH_charity_0616:row:2260,12464,u0
2261,ODH_charity_0616:row:2261,12465,u0
2262,ODH_charity_0616:row:2262,12492,u0
2263,ODH_charity_0616:row:2263,12493,u0
2264,ODH_charity_0616:row:2264,12502,validation
2265,ODH_charity_0616:row:2265,12515,u0
2266,ODH_charity_0616:row:2266,12516,u0
2267,ODH_charity_0616:row:2267,12523,u0
2268,ODH_charity_0616:row:2268,12524,u0
2269,ODH_charity_0616:row:2269,12529,u0
2270,ODH_charity_0616:row:2270,12530,test
2271,ODH_charity_0616:row:2271,12544,u0
2272,ODH_charity_0616:row:2272,12545,u0
2273,ODH_charity_0616:row:2273,12546,u0
2274,ODH_charity_0616:row:2274,12547,u0
2275,ODH_charity_0616:row:2275,12571,validation
2276,ODH_charity_0616:row:2276,12572,u0
2277,ODH_charity_0616:row:2277,12587,l0
2278,ODH_charity_0616:row:2278,12588,l0
2279,ODH_charity_0616:row:2279,12589,u0
2280,ODH_charity_0616:row:2280,12590,u0
2281,ODH_charity_0616:row:2281,12591,u0
2282,ODH_charity_0616:row:2282,12592,u0
2283,ODH_charity_0616:row:2283,12606,u0
2284,ODH_charity_0616:row:2284,12607,u0
2285,ODH_charity_0616:row:2285,12630,u0
2286,ODH_charity_0616:row:2286,12631,validation
2287,ODH_charity_0616:row:2287,12638,u0
2288,ODH_charity_0616:row:2288,12642,u0
2289,ODH_charity_0616:row:2289,12643,u0
2290,ODH_charity_0616:row:2290,12649,u0
2291,ODH_charity_0616:row:2291,12650,u0
2292,ODH_charity_0616:row:2292,12670,l0
2293,ODH_charity_0616:row:2293,12671,u0
2294,ODH_charity_0616:row:2294,12695,u0
2295,ODH_charity_0616:row:2295,12696,u0
2296,ODH_charity_0616:row:2296,12737,u0
2297,ODH_charity_0616:row:2297,12738,u0
2298,ODH_charity_0616:row:2298,12758,u0
2299,ODH_charity_0616:row:2299,12759,test
2300,ODH_charity_0616:row:2300,12764,u0
2301,ODH_charity_0616:row:2301,12765,u0
2302,ODH_charity_0616:row:2302,12788,u0
2303,ODH_charity_0616:row:2303,12789,u0
2304,ODH_charity_0616:row:2304,12796,u0
2305,ODH_charity_0616:row:2305,12797,u0
2306,ODH_charity_0616:row:2306,12802,u0
2307,ODH_charity_0616:row:2307,12803,u0
2308,ODH_charity_0616:row:2308,12811,u0
2309,ODH_charity_0616:row:2309,12812,u0
2310,ODH_charity_0616:row:2310,12822,u0
2311,ODH_charity_0616:row:2311,12823,u0
2312,ODH_charity_0616:row:2312,12835,u0
2313,ODH_charity_0616:row:2313,12836,u0
2314,ODH_charity_0616:row:2314,12837,u0
2315,ODH_charity_0616:row:2315,12838,l0
2316,ODH_charity_0616:row:2316,12844,u0
2317,ODH_charity_0616:row:2317,12845,validation
2318,ODH_charity_0616:row:2318,12849,u0
2319,ODH_charity_0616:row:2319,12850,l0
2320,ODH_charity_0616:row:2320,12854,u0
2321,ODH_charity_0616:row:2321,12855,u0
2322,ODH_charity_0616:row:2322,12870,u0
2323,ODH_charity_0616:row:2323,12871,u0
2324,ODH_charity_0616:row:2324,12882,u0
2325,ODH_charity_0616:row:2325,12883,u0
2326,ODH_charity_0616:row:2326,12889,validation
2327,ODH_charity_0616:row:2327,12908,u0
2328,ODH_charity_0616:row:2328,12909,u0
2329,ODH_charity_0616:row:2329,12916,u0
2330,ODH_charity_0616:row:2330,12917,u0
2331,ODH_charity_0616:row:2331,12919,u0
2332,ODH_charity_0616:row:2332,12920,u0
2333,ODH_charity_0616:row:2333,12921,test
2334,ODH_charity_0616:row:2334,12922,u0
2335,ODH_charity_0616:row:2335,12950,u0
2336,ODH_charity_0616:row:2336,12951,validation
2337,ODH_charity_0616:row:2337,12955,u0
2338,ODH_charity_0616:row:2338,12956,u0
2339,ODH_charity_0616:row:2339,12965,validation
2340,ODH_charity_0616:row:2340,12966,u0
2341,ODH_charity_0616:row:2341,12971,l0
2342,ODH_charity_0616:row:2342,12972,u0
2343,ODH_charity_0616:row:2343,12982,u0
2344,ODH_charity_0616:row:2344,12983,u0
2345,ODH_charity_0616:row:2345,12987,u0
2346,ODH_charity_0616:row:2346,12988,validation
2347,ODH_charity_0616:row:2347,12989,u0
2348,ODH_charity_0616:row:2348,12990,u0
2349,ODH_charity_0616:row:2349,12998,l0
2350,ODH_charity_0616:row:2350,12999,u0
2351,ODH_charity_0616:row:2351,13000,u0
2352,ODH_charity_0616:row:2352,13001,u0
2353,ODH_charity_0616:row:2353,13016,test
2354,ODH_charity_0616:row:2354,13017,u0
2355,ODH_charity_0616:row:2355,13024,u0
2356,ODH_charity_0616:row:2356,13025,u0
2357,ODH_charity_0616:row:2357,13030,u0
2358,ODH_charity_0616:row:2358,13031,u0
2359,ODH_charity_0616:row:2359,13032,u0
2360,ODH_charity_0616:row:2360,13033,u0
2361,ODH_charity_0616:row:2361,13042,u0
2362,ODH_charity_0616:row:2362,13043,u0
2363,ODH_charity_0616:row:2363,13049,l0
2364,ODH_charity_0616:row:2364,13050,u0
2365,ODH_charity_0616:row:2365,13057,l0
2366,ODH_charity_0616:row:2366,13058,u0
2367,ODH_charity_0616:row:2367,13098,u0
2368,ODH_charity_0616:row:2368,13099,u0
2369,ODH_charity_0616:row:2369,13100,u0
2370,ODH_charity_0616:row:2370,13101,u0
2371,ODH_charity_0616:row:2371,13102,u0
2372,ODH_charity_0616:row:2372,13103,u0
2373,ODH_charity_0616:row:2373,13110,validation
2374,ODH_charity_0616:row:2374,13111,l0
2375,ODH_charity_0616:row:2375,13120,u0
2376,ODH_charity_0616:row:2376,13121,u0
2377,ODH_charity_0616:row:2377,13127,u0
2378,ODH_charity_0616:row:2378,13143,u0
2379,ODH_charity_0616:row:2379,13146,u0
2380,ODH_charity_0616:row:2380,13147,u0
2381,ODH_charity_0616:row:2381,13148,u0
2382,ODH_charity_0616:row:2382,13149,validation
2383,ODH_charity_0616:row:2383,13151,test
2384,ODH_charity_0616:row:2384,13152,u0
2385,ODH_charity_0616:row:2385,13164,test
2386,ODH_charity_0616:row:2386,13165,u0
2387,ODH_charity_0616:row:2387,13166,u0
2388,ODH_charity_0616:row:2388,13167,u0
2389,ODH_charity_0616:row:2389,13168,u0
2390,ODH_charity_0616:row:2390,13177,u0
2391,ODH_charity_0616:row:2391,13178,u0
2392,ODH_charity_0616:row:2392,13179,u0
2393,ODH_charity_0616:row:2393,13180,l0
2394,ODH_charity_0616:row:2394,13197,u0
2395,ODH_charity_0616:row:2395,13198,u0
2396,ODH_charity_0616:row:2396,13205,u0
2397,ODH_charity_0616:row:2397,13212,u0
2398,ODH_charity_0616:row:2398,13213,u0
2399,ODH_charity_0616:row:2399,13214,u0
2400,ODH_charity_0616:row:2400,13215,u0
2401,ODH_charity_0616:row:2401,13218,u0
2402,ODH_charity_0616:row:2402,13219,u0
2403,ODH_charity_0616:row:2403,13240,u0
2404,ODH_charity_0616:row:2404,13241,test
2405,ODH_charity_0616:row:2405,13248,u0
2406,ODH_charity_0616:row:2406,13249,u0
2407,ODH_charity_0616:row:2407,13250,u0
2408,ODH_charity_0616:row:2408,13251,test
2409,ODH_charity_0616:row:2409,13275,u0
2410,ODH_charity_0616:row:2410,13276,u0
2411,ODH_charity_0616:row:2411,13289,u0
2412,ODH_charity_0616:row:2412,13290,u0
2413,ODH_charity_0616:row:2413,13297,u0
2414,ODH_charity_0616:row:2414,13298,u0
2415,ODH_charity_0616:row:2415,13301,u0
2416,ODH_charity_0616:row:2416,13302,u0
2417,ODH_charity_0616:row:2417,13307,u0
2418,ODH_charity_0616:row:2418,13308,u0
2419,ODH_charity_0616:row:2419,13309,u0
2420,ODH_charity_0616:row:2420,13310,u0
2421,ODH_charity_0616:row:2421,13315,u0
2422,ODH_charity_0616:row:2422,13316,u0
2423,ODH_charity_0616:row:2423,13336,u0
2424,ODH_charity_0616:row:2424,13337,u0
2425,ODH_charity_0616:row:2425,13344,l0
2426,ODH_charity_0616:row:2426,13345,u0
2427,ODH_charity_0616:row:2427,13346,u0
2428,ODH_charity_0616:row:2428,13347,validation
2429,ODH_charity_0616:row:2429,13360,l0
2430,ODH_charity_0616:row:2430,13361,u0
2431,ODH_charity_0616:row:2431,13401,validation
2432,ODH_charity_0616:row:2432,13402,test
2433,ODH_charity_0616:row:2433,13403,u0
2434,ODH_charity_0616:row:2434,13404,l0
2435,ODH_charity_0616:row:2435,13405,u0
2436,ODH_charity_0616:row:2436,13406,u0
2437,ODH_charity_0616:row:2437,13433,u0
2438,ODH_charity_0616:row:2438,13434,u0
2439,ODH_charity_0616:row:2439,13451,u0
2440,ODH_charity_0616:row:2440,13452,u0
2441,ODH_charity_0616:row:2441,13468,validation
2442,ODH_charity_0616:row:2442,13469,u0
2443,ODH_charity_0616:row:2443,13504,u0
2444,ODH_charity_0616:row:2444,13505,u0
2445,ODH_charity_0616:row:2445,13506,l0
2446,ODH_charity_0616:row:2446,13507,u0
2447,ODH_charity_0616:row:2447,13508,u0
2448,ODH_charity_0616:row:2448,13511,l0
2449,ODH_charity_0616:row:2449,13512,u0
2450,ODH_charity_0616:row:2450,13517,u0
2451,ODH_charity_0616:row:2451,13518,u0
2452,ODH_charity_0616:row:2452,13556,u0
2453,ODH_charity_0616:row:2453,13557,u0
2454,ODH_charity_0616:row:2454,13571,u0
2455,ODH_charity_0616:row:2455,13572,u0
2456,ODH_charity_0616:row:2456,13586,u0
2457,ODH_charity_0616:row:2457,13587,l0
2458,ODH_charity_0616:row:2458,13590,test
2459,ODH_charity_0616:row:2459,13591,u0
2460,ODH_charity_0616:row:2460,13595,u0
2461,ODH_charity_0616:row:2461,13596,u0
2462,ODH_charity_0616:row:2462,13606,u0
2463,ODH_charity_0616:row:2463,13607,u0
2464,ODH_charity_0616:row:2464,13628,u0
2465,ODH_charity_0616:row:2465,13629,u0
2466,ODH_charity_0616:row:2466,13640,u0
2467,ODH_charity_0616:row:2467,13641,u0
2468,ODH_charity_0616:row:2468,13642,u0
2469,ODH_charity_0616:row:2469,13655,u0
2470,ODH_charity_0616:row:2470,13656,u0
2471,ODH_charity_0616:row:2471,13657,validation
2472,ODH_charity_0616:row:2472,13668,u0
2473,ODH_charity_0616:row:2473,13677,u0
2474,ODH_charity_0616:row:2474,13678,u0
2475,ODH_charity_0616:row:2475,13703,u0
2476,ODH_charity_0616:row:2476,13704,u0
2477,ODH_charity_0616:row:2477,13719,u0
2478,ODH_charity_0616:row:2478,13720,u0
2479,ODH_charity_0616:row:2479,13727,test
2480,ODH_charity_0616:row:2480,13728,u0
2481,ODH_charity_0616:row:2481,13734,u0
2482,ODH_charity_0616:row:2482,13735,u0
2483,ODH_charity_0616:row:2483,13760,u0
2484,ODH_charity_0616:row:2484,13761,u0
2485,ODH_charity_0616:row:2485,13774,test
2486,ODH_charity_0616:row:2486,13775,u0
2487,ODH_charity_0616:row:2487,13776,u0
2488,ODH_charity_0616:row:2488,13777,u0
2489,ODH_charity_0616:row:2489,13780,u0
2490,ODH_charity_0616:row:2490,13788,u0
2491,ODH_charity_0616:row:2491,13789,u0
2492,ODH_charity_0616:row:2492,13790,u0
2493,ODH_charity_0616:row:2493,13791,u0
2494,ODH_charity_0616:row:2494,13804,u0
2495,ODH_charity_0616:row:2495,13805,u0
2496,ODH_charity_0616:row:2496,13806,u0
2497,ODH_charity_0616:row:2497,13807,u0
2498,ODH_charity_0616:row:2498,13808,l0
2499,ODH_charity_0616:row:2499,13809,u0
2500,ODH_charity_0616:row:2500,13816,u0
2501,ODH_charity_0616:row:2501,13817,u0
2502,ODH_charity_0616:row:2502,13818,u0
2503,ODH_charity_0616:row:2503,13819,u0
2504,ODH_charity_0616:row:2504,13820,u0
2505,ODH_charity_0616:row:2505,13821,u0
2506,ODH_charity_0616:row:2506,13828,u0
2507,ODH_charity_0616:row:2507,13829,u0
2508,ODH_charity_0616:row:2508,13834,u0
2509,ODH_charity_0616:row:2509,13835,u0
2510,ODH_charity_0616:row:2510,13842,l0
2511,ODH_charity_0616:row:2511,13843,u0
2512,ODH_charity_0616:row:2512,13844,u0
2513,ODH_charity_0616:row:2513,13845,u0
2514,ODH_charity_0616:row:2514,13850,u0
2515,ODH_charity_0616:row:2515,13851,test
2516,ODH_charity_0616:row:2516,13852,validation
2517,ODH_charity_0616:row:2517,13853,u0
2518,ODH_charity_0616:row:2518,13854,u0
2519,ODH_charity_0616:row:2519,13855,u0
2520,ODH_charity_0616:row:2520,13868,u0
2521,ODH_charity_0616:row:2521,13886,test
2522,ODH_charity_0616:row:2522,13887,u0
2523,ODH_charity_0616:row:2523,13889,u0
2524,ODH_charity_0616:row:2524,13890,u0
2525,ODH_charity_0616:row:2525,13891,u0
2526,ODH_charity_0616:row:2526,13892,u0
2527,ODH_charity_0616:row:2527,13897,u0
2528,ODH_charity_0616:row:2528,13898,u0
2529,ODH_charity_0616:row:2529,13899,u0
2530,ODH_charity_0616:row:2530,13900,u0
2531,ODH_charity_0616:row:2531,13909,u0
2532,ODH_charity_0616:row:2532,13910,u0
2533,ODH_charity_0616:row:2533,13916,l0
2534,ODH_charity_0616:row:2534,13917,u0
2535,ODH_charity_0616:row:2535,13922,validation
2536,ODH_charity_0616:row:2536,13923,u0
2537,ODH_charity_0616:row:2537,13951,u0
2538,ODH_charity_0616:row:2538,13952,l0
2539,ODH_charity_0616:row:2539,13961,l0
2540,ODH_charity_0616:row:2540,13964,u0
2541,ODH_charity_0616:row:2541,13978,u0
2542,ODH_charity_0616:row:2542,13979,u0
2543,ODH_charity_0616:row:2543,13993,u0
2544,ODH_charity_0616:row:2544,13994,u0
2545,ODH_charity_0616:row:2545,13996,test
2546,ODH_charity_0616:row:2546,13997,l0
2547,ODH_charity_0616:row:2547,14006,u0
2548,ODH_charity_0616:row:2548,14007,u0
2549,ODH_charity_0616:row:2549,14008,u0
2550,ODH_charity_0616:row:2550,14009,u0
2551,ODH_charity_0616:row:2551,14010,u0
2552,ODH_charity_0616:row:2552,14011,u0
2553,ODH_charity_0616:row:2553,14026,u0
2554,ODH_charity_0616:row:2554,14027,u0
2555,ODH_charity_0616:row:2555,14044,u0
2556,ODH_charity_0616:row:2556,14045,u0
2557,ODH_charity_0616:row:2557,14052,test
2558,ODH_charity_0616:row:2558,14053,u0
2559,ODH_charity_0616:row:2559,14054,u0
2560,ODH_charity_0616:row:2560,14055,test
2561,ODH_charity_0616:row:2561,14058,u0
2562,ODH_charity_0616:row:2562,14059,l0
2563,ODH_charity_0616:row:2563,14060,u0
2564,ODH_charity_0616:row:2564,14061,u0
2565,ODH_charity_0616:row:2565,14068,u0
2566,ODH_charity_0616:row:2566,14069,u0
2567,ODH_charity_0616:row:2567,14070,u0
2568,ODH_charity_0616:row:2568,14071,u0
2569,ODH_charity_0616:row:2569,14074,u0
2570,ODH_charity_0616:row:2570,14076,u0
2571,ODH_charity_0616:row:2571,14077,l0
2572,ODH_charity_0616:row:2572,14084,u0
2573,ODH_charity_0616:row:2573,14085,u0
2574,ODH_charity_0616:row:2574,14100,l0
2575,ODH_charity_0616:row:2575,14104,u0
2576,ODH_charity_0616:row:2576,14105,u0
2577,ODH_charity_0616:row:2577,14114,u0
2578,ODH_charity_0616:row:2578,14115,u0
2579,ODH_charity_0616:row:2579,14116,u0
2580,ODH_charity_0616:row:2580,14118,u0
2581,ODH_charity_0616:row:2581,14119,u0
2582,ODH_charity_0616:row:2582,14135,u0
2583,ODH_charity_0616:row:2583,14136,u0
2584,ODH_charity_0616:row:2584,14150,u0
2585,ODH_charity_0616:row:2585,14151,u0
2586,ODH_charity_0616:row:2586,14155,u0
2587,ODH_charity_0616:row:2587,14156,u0
2588,ODH_charity_0616:row:2588,14157,u0
2589,ODH_charity_0616:row:2589,14158,u0
2590,ODH_charity_0616:row:2590,14166,u0
2591,ODH_charity_0616:row:2591,14167,u0
2592,ODH_charity_0616:row:2592,14168,l0
2593,ODH_charity_0616:row:2593,14169,u0
2594,ODH_charity_0616:row:2594,14174,u0
2595,ODH_charity_0616:row:2595,14175,test
2596,ODH_charity_0616:row:2596,14187,u0
2597,ODH_charity_0616:row:2597,14188,u0
2598,ODH_charity_0616:row:2598,14189,u0
2599,ODH_charity_0616:row:2599,14190,u0
2600,ODH_charity_0616:row:2600,14207,u0
2601,ODH_charity_0616:row:2601,14212,u0
2602,ODH_charity_0616:row:2602,14233,u0
2603,ODH_charity_0616:row:2603,14234,u0
2604,ODH_charity_0616:row:2604,14235,test
2605,ODH_charity_0616:row:2605,14240,u0
2606,ODH_charity_0616:row:2606,14241,u0
2607,ODH_charity_0616:row:2607,14256,u0
2608,ODH_charity_0616:row:2608,14257,u0
2609,ODH_charity_0616:row:2609,14258,u0
2610,ODH_charity_0616:row:2610,14278,u0
2611,ODH_charity_0616:row:2611,14279,u0
2612,ODH_charity_0616:row:2612,14280,u0
2613,ODH_charity_0616:row:2613,14281,u0
2614,ODH_charity_0616:row:2614,14284,u0
2615,ODH_charity_0616:row:2615,14285,u0
2616,ODH_charity_0616:row:2616,14302,validation
2617,ODH_charity_0616:row:2617,14303,u0
2618,ODH_charity_0616:row:2618,14304,u0
2619,ODH_charity_0616:row:2619,14305,u0
2620,ODH_charity_0616:row:2620,14306,u0
2621,ODH_charity_0616:row:2621,14307,u0
2622,ODH_charity_0616:row:2622,14333,u0
2623,ODH_charity_0616:row:2623,14334,u0
2624,ODH_charity_0616:row:2624,14364,u0
2625,ODH_charity_0616:row:2625,14367,u0
2626,ODH_charity_0616:row:2626,14368,u0
2627,ODH_charity_0616:row:2627,14371,u0
2628,ODH_charity_0616:row:2628,14412,u0
2629,ODH_charity_0616:row:2629,14413,l0
2630,ODH_charity_0616:row:2630,14414,u0
2631,ODH_charity_0616:row:2631,14420,u0
2632,ODH_charity_0616:row:2632,14421,u0
2633,ODH_charity_0616:row:2633,14429,u0
2634,ODH_charity_0616:row:2634,14430,u0
2635,ODH_charity_0616:row:2635,14475,u0
2636,ODH_charity_0616:row:2636,14476,u0
2637,ODH_charity_0616:row:2637,14486,u0
2638,ODH_charity_0616:row:2638,14487,u0
2639,ODH_charity_0616:row:2639,14499,u0
2640,ODH_charity_0616:row:2640,14515,u0
2641,ODH_charity_0616:row:2641,14516,u0
2642,ODH_charity_0616:row:2642,14543,u0
2643,ODH_charity_0616:row:2643,14544,u0
2644,ODH_charity_0616:row:2644,14555,u0
2645,ODH_charity_0616:row:2645,14556,u0
2646,ODH_charity_0616:row:2646,14561,validation
2647,ODH_charity_0616:row:2647,14562,u0
2648,ODH_charity_0616:row:2648,14567,u0
2649,ODH_charity_0616:row:2649,14576,u0
2650,ODH_charity_0616:row:2650,14577,u0
2651,ODH_charity_0616:row:2651,14597,validation
2652,ODH_charity_0616:row:2652,14598,u0
2653,ODH_charity_0616:row:2653,14604,u0
2654,ODH_charity_0616:row:2654,14605,u0
2655,ODH_charity_0616:row:2655,14616,u0
2656,ODH_charity_0616:row:2656,14617,u0
2657,ODH_charity_0616:row:2657,14618,u0
2658,ODH_charity_0616:row:2658,14636,u0
2659,ODH_charity_0616:row:2659,14637,u0
2660,ODH_charity_0616:row:2660,14644,validation
2661,ODH_charity_0616:row:2661,14654,l0
2662,ODH_charity_0616:row:2662,14655,u0
2663,ODH_charity_0616:row:2663,14656,validation
2664,ODH_charity_0616:row:2664,14659,u0
2665,ODH_charity_0616:row:2665,14668,u0
2666,ODH_charity_0616:row:2666,14682,test
2667,ODH_charity_0616:row:2667,14683,u0
2668,ODH_charity_0616:row:2668,14705,u0
2669,ODH_charity_0616:row:2669,14706,validation
2670,ODH_charity_0616:row:2670,14748,u0
2671,ODH_charity_0616:row:2671,14749,validation
2672,ODH_charity_0616:row:2672,14762,u0
2673,ODH_charity_0616:row:2673,14763,u0
2674,ODH_charity_0616:row:2674,14764,l0
2675,ODH_charity_0616:row:2675,14765,u0
2676,ODH_charity_0616:row:2676,14814,u0
2677,ODH_charity_0616:row:2677,14815,u0
2678,ODH_charity_0616:row:2678,14820,u0
2679,ODH_charity_0616:row:2679,14821,u0
2680,ODH_charity_0616:row:2680,14845,u0
2681,ODH_charity_0616:row:2681,14846,u0
2682,ODH_charity_0616:row:2682,14847,u0
2683,ODH_charity_0616:row:2683,14848,validation
2684,ODH_charity_0616:row:2684,14866,u0
2685,ODH_charity_0616:row:2685,14867,u0
2686,ODH_charity_0616:row:2686,14868,u0
2687,ODH_charity_0616:row:2687,14869,u0
2688,ODH_charity_0616:row:2688,14870,u0
2689,ODH_charity_0616:row:2689,14871,test
2690,ODH_charity_0616:row:2690,14888,u0
2691,ODH_charity_0616:row:2691,14889,u0
2692,ODH_charity_0616:row:2692,14890,u0
2693,ODH_charity_0616:row:2693,14891,u0
2694,ODH_charity_0616:row:2694,14898,u0
2695,ODH_charity_0616:row:2695,14901,u0
2696,ODH_charity_0616:row:2696,14902,validation
2697,ODH_charity_0616:row:2697,14903,test
2698,ODH_charity_0616:row:2698,14904,u0
2699,ODH_charity_0616:row:2699,14915,u0
2700,ODH_charity_0616:row:2700,14917,u0
2701,ODH_charity_0616:row:2701,14938,u0
2702,ODH_charity_0616:row:2702,14939,u0
2703,ODH_charity_0616:row:2703,14940,u0
2704,ODH_charity_0616:row:2704,14953,u0
2705,ODH_charity_0616:row:2705,14954,u0
2706,ODH_charity_0616:row:2706,14961,u0
2707,ODH_charity_0616:row:2707,14962,u0
2708,ODH_charity_0616:row:2708,14963,u0
2709,ODH_charity_0616:row:2709,14964,u0
2710,ODH_charity_0616:row:2710,14967,u0
2711,ODH_charity_0616:row:2711,14968,validation
2712,ODH_charity_0616:row:2712,14970,validation
2713,ODH_charity_0616:row:2713,14971,u0
2714,ODH_charity_0616:row:2714,14973,u0
2715,ODH_charity_0616:row:2715,14974,u0
2716,ODH_charity_0616:row:2716,14987,u0
2717,ODH_charity_0616:row:2717,14988,u0
2718,ODH_charity_0616:row:2718,15011,u0
2719,ODH_charity_0616:row:2719,15012,test
2720,ODH_charity_0616:row:2720,15019,l0
2721,ODH_charity_0616:row:2721,15020,u0
2722,ODH_charity_0616:row:2722,15033,u0
2723,ODH_charity_0616:row:2723,15034,u0
2724,ODH_charity_0616:row:2724,15038,u0
2725,ODH_charity_0616:row:2725,15039,u0
2726,ODH_charity_0616:row:2726,15040,u0
2727,ODH_charity_0616:row:2727,15041,u0
2728,ODH_charity_0616:row:2728,15074,u0
2729,ODH_charity_0616:row:2729,15079,u0
2730,ODH_charity_0616:row:2730,15086,u0
2731,ODH_charity_0616:row:2731,15087,u0
2732,ODH_charity_0616:row:2732,15090,validation
2733,ODH_charity_0616:row:2733,15091,u0
2734,ODH_charity_0616:row:2734,15099,u0
2735,ODH_charity_0616:row:2735,15100,u0
2736,ODH_charity_0616:row:2736,15110,u0
2737,ODH_charity_0616:row:2737,15111,u0
2738,ODH_charity_0616:row:2738,15116,test
2739,ODH_charity_0616:row:2739,15117,u0
2740,ODH_charity_0616:row:2740,15141,u0
2741,ODH_charity_0616:row:2741,15142,u0
2742,ODH_charity_0616:row:2742,15167,u0
2743,ODH_charity_0616:row:2743,15168,test
2744,ODH_charity_0616:row:2744,15180,u0
2745,ODH_charity_0616:row:2745,15181,test
2746,ODH_charity_0616:row:2746,15183,l0
2747,ODH_charity_0616:row:2747,15184,u0
2748,ODH_charity_0616:row:2748,15185,validation
2749,ODH_charity_0616:row:2749,15186,u0
2750,ODH_charity_0616:row:2750,15200,u0
2751,ODH_charity_0616:row:2751,15201,u0
2752,ODH_charity_0616:row:2752,15202,u0
2753,ODH_charity_0616:row:2753,15203,l0
2754,ODH_charity_0616:row:2754,15231,u0
2755,ODH_charity_0616:row:2755,15232,u0
2756,ODH_charity_0616:row:2756,15244,u0
2757,ODH_charity_0616:row:2757,15251,u0
2758,ODH_charity_0616:row:2758,15252,u0
2759,ODH_charity_0616:row:2759,15263,u0
2760,ODH_charity_0616:row:2760,15264,test
2761,ODH_charity_0616:row:2761,15276,u0
2762,ODH_charity_0616:row:2762,15277,l0
2763,ODH_charity_0616:row:2763,15296,u0
2764,ODH_charity_0616:row:2764,15297,u0
2765,ODH_charity_0616:row:2765,15336,u0
2766,ODH_charity_0616:row:2766,15337,u0
2767,ODH_charity_0616:row:2767,15348,u0
2768,ODH_charity_0616:row:2768,15372,u0
2769,ODH_charity_0616:row:2769,15373,l0
2770,ODH_charity_0616:row:2770,15376,u0
2771,ODH_charity_0616:row:2771,15377,u0
2772,ODH_charity_0616:row:2772,15380,u0
2773,ODH_charity_0616:row:2773,15381,u0
2774,ODH_charity_0616:row:2774,15382,u0
2775,ODH_charity_0616:row:2775,15383,u0
2776,ODH_charity_0616:row:2776,15386,u0
2777,ODH_charity_0616:row:2777,15387,test
2778,ODH_charity_0616:row:2778,15390,u0
2779,ODH_charity_0616:row:2779,15398,l0
2780,ODH_charity_0616:row:2780,15399,u0
2781,ODH_charity_0616:row:2781,15400,u0
2782,ODH_charity_0616:row:2782,15401,validation
2783,ODH_charity_0616:row:2783,15406,u0
2784,ODH_charity_0616:row:2784,15407,l0
2785,ODH_charity_0616:row:2785,15410,u0
2786,ODH_charity_0616:row:2786,15411,u0
2787,ODH_charity_0616:row:2787,15412,u0
2788,ODH_charity_0616:row:2788,15413,u0
2789,ODH_charity_0616:row:2789,15456,u0
2790,ODH_charity_0616:row:2790,15457,u0
2791,ODH_charity_0616:row:2791,15464,u0
2792,ODH_charity_0616:row:2792,15473,u0
2793,ODH_charity_0616:row:2793,15474,test
2794,ODH_charity_0616:row:2794,15481,u0
2795,ODH_charity_0616:row:2795,15482,u0
2796,ODH_charity_0616:row:2796,15499,u0
2797,ODH_charity_0616:row:2797,15517,u0
2798,ODH_charity_0616:row:2798,15518,l0
2799,ODH_charity_0616:row:2799,15520,validation
2800,ODH_charity_0616:row:2800,15521,u0
2801,ODH_charity_0616:row:2801,15524,l0
2802,ODH_charity_0616:row:2802,15525,test
2803,ODH_charity_0616:row:2803,15533,u0
2804,ODH_charity_0616:row:2804,15534,u0
2805,ODH_charity_0616:row:2805,15547,u0
2806,ODH_charity_0616:row:2806,15548,u0
2807,ODH_charity_0616:row:2807,15556,u0
2808,ODH_charity_0616:row:2808,15561,test
2809,ODH_charity_0616:row:2809,15562,l0
2810,ODH_charity_0616:row:2810,15563,u0
2811,ODH_charity_0616:row:2811,15564,u0
2812,ODH_charity_0616:row:2812,15569,u0
2813,ODH_charity_0616:row:2813,15570,u0
2814,ODH_charity_0616:row:2814,15578,u0
2815,ODH_charity_0616:row:2815,15579,u0
2816,ODH_charity_0616:row:2816,15590,u0
2817,ODH_charity_0616:row:2817,15591,u0
2818,ODH_charity_0616:row:2818,15592,u0
2819,ODH_charity_0616:row:2819,15608,test
2820,ODH_charity_0616:row:2820,15609,u0
2821,ODH_charity_0616:row:2821,15639,u0
2822,ODH_charity_0616:row:2822,15640,u0
2823,ODH_charity_0616:row:2823,15649,u0
2824,ODH_charity_0616:row:2824,15650,u0
2825,ODH_charity_0616:row:2825,15666,u0
2826,ODH_charity_0616:row:2826,15667,u0
2827,ODH_charity_0616:row:2827,15675,u0
2828,ODH_charity_0616:row:2828,15682,u0
2829,ODH_charity_0616:row:2829,15683,u0
2830,ODH_charity_0616:row:2830,15684,u0
2831,ODH_charity_0616:row:2831,15685,u0
2832,ODH_charity_0616:row:2832,15702,u0
2833,ODH_charity_0616:row:2833,15703,u0
2834,ODH_charity_0616:row:2834,15712,u0
2835,ODH_charity_0616:row:2835,15713,u0
2836,ODH_charity_0616:row:2836,15714,u0
2837,ODH_charity_0616:row:2837,15715,validation
2838,ODH_charity_0616:row:2838,15716,u0
2839,ODH_charity_0616:row:2839,15717,u0
2840,ODH_charity_0616:row:2840,15722,u0
2841,ODH_charity_0616:row:2841,15723,validation
2842,ODH_charity_0616:row:2842,15733,u0
2843,ODH_charity_0616:row:2843,15734,u0
2844,ODH_charity_0616:row:2844,15735,u0
2845,ODH_charity_0616:row:2845,15744,u0
2846,ODH_charity_0616:row:2846,15745,u0
2847,ODH_charity_0616:row:2847,15751,u0
2848,ODH_charity_0616:row:2848,15752,u0
2849,ODH_charity_0616:row:2849,15773,u0
2850,ODH_charity_0616:row:2850,15801,u0
2851,ODH_charity_0616:row:2851,15802,u0
2852,ODH_charity_0616:row:2852,15803,u0
2853,ODH_charity_0616:row:2853,15804,u0
2854,ODH_charity_0616:row:2854,15808,u0
2855,ODH_charity_0616:row:2855,15809,u0
2856,ODH_charity_0616:row:2856,15814,u0
2857,ODH_charity_0616:row:2857,15815,u0
2858,ODH_charity_0616:row:2858,15829,u0
2859,ODH_charity_0616:row:2859,15830,u0
2860,ODH_charity_0616:row:2860,15833,l0
2861,ODH_charity_0616:row:2861,15834,u0
2862,ODH_charity_0616:row:2862,15835,u0
2863,ODH_charity_0616:row:2863,15836,u0
2864,ODH_charity_0616:row:2864,15837,u0
2865,ODH_charity_0616:row:2865,15838,u0
2866,ODH_charity_0616:row:2866,15839,u0
2867,ODH_charity_0616:row:2867,15840,u0
2868,ODH_charity_0616:row:2868,15866,u0
2869,ODH_charity_0616:row:2869,15867,l0
2870,ODH_charity_0616:row:2870,15868,validation
2871,ODH_charity_0616:row:2871,15869,u0
2872,ODH_charity_0616:row:2872,15882,u0
2873,ODH_charity_0616:row:2873,15887,u0
2874,ODH_charity_0616:row:2874,15888,test
2875,ODH_charity_0616:row:2875,15892,u0
2876,ODH_charity_0616:row:2876,15893,u0
2877,ODH_charity_0616:row:2877,15895,test
2878,ODH_charity_0616:row:2878,15896,u0
2879,ODH_charity_0616:row:2879,15897,validation
2880,ODH_charity_0616:row:2880,15898,u0
2881,ODH_charity_0616:row:2881,15899,validation
2882,ODH_charity_0616:row:2882,15900,l0
2883,ODH_charity_0616:row:2883,15904,l0
2884,ODH_charity_0616:row:2884,15905,l0
2885,ODH_charity_0616:row:2885,15912,u0
2886,ODH_charity_0616:row:2886,15920,u0
2887,ODH_charity_0616:row:2887,15921,u0
2888,ODH_charity_0616:row:2888,15922,l0
2889,ODH_charity_0616:row:2889,15923,u0
2890,ODH_charity_0616:row:2890,15924,u0
2891,ODH_charity_0616:row:2891,15925,u0
2892,ODH_charity_0616:row:2892,15926,validation
2893,ODH_charity_0616:row:2893,15927,u0
2894,ODH_charity_0616:row:2894,15934,u0
2895,ODH_charity_0616:row:2895,15950,u0
2896,ODH_charity_0616:row:2896,15969,u0
2897,ODH_charity_0616:row:2897,15970,u0
2898,ODH_charity_0616:row:2898,15971,u0
2899,ODH_charity_0616:row:2899,15972,u0
2900,ODH_charity_0616:row:2900,15982,u0
2901,ODH_charity_0616:row:2901,15983,u0
2902,ODH_charity_0616:row:2902,15994,l0
2903,ODH_charity_0616:row:2903,16006,u0
2904,ODH_charity_0616:row:2904,16017,u0
2905,ODH_charity_0616:row:2905,16018,u0
2906,ODH_charity_0616:row:2906,16031,test
2907,ODH_charity_0616:row:2907,16032,u0
2908,ODH_charity_0616:row:2908,16037,u0
2909,ODH_charity_0616:row:2909,16038,u0
2910,ODH_charity_0616:row:2910,16042,u0
2911,ODH_charity_0616:row:2911,16043,u0
2912,ODH_charity_0616:row:2912,16050,u0
2913,ODH_charity_0616:row:2913,16057,u0
2914,ODH_charity_0616:row:2914,16082,u0
2915,ODH_charity_0616:row:2915,16083,validation
2916,ODH_charity_0616:row:2916,16094,u0
2917,ODH_charity_0616:row:2917,16095,test
2918,ODH_charity_0616:row:2918,16102,u0
2919,ODH_charity_0616:row:2919,16103,u0
2920,ODH_charity_0616:row:2920,16106,test
2921,ODH_charity_0616:row:2921,16107,u0
2922,ODH_charity_0616:row:2922,16108,u0
2923,ODH_charity_0616:row:2923,16109,u0
2924,ODH_charity_0616:row:2924,16128,u0
2925,ODH_charity_0616:row:2925,16138,u0
2926,ODH_charity_0616:row:2926,16139,u0
2927,ODH_charity_0616:row:2927,16150,u0
2928,ODH_charity_0616:row:2928,16151,u0
2929,ODH_charity_0616:row:2929,16152,u0
2930,ODH_charity_0616:row:2930,16153,u0
2931,ODH_charity_0616:row:2931,16158,validation
2932,ODH_charity_0616:row:2932,16159,validation
2933,ODH_charity_0616:row:2933,16170,u0
2934,ODH_charity_0616:row:2934,16171,u0
2935,ODH_charity_0616:row:2935,16185,validation
2936,ODH_charity_0616:row:2936,16186,u0
2937,ODH_charity_0616:row:2937,16204,u0
2938,ODH_charity_0616:row:2938,16206,u0
2939,ODH_charity_0616:row:2939,16207,u0
2940,ODH_charity_0616:row:2940,16213,u0
2941,ODH_charity_0616:row:2941,16214,u0
2942,ODH_charity_0616:row:2942,16215,u0
2943,ODH_charity_0616:row:2943,16216,u0
2944,ODH_charity_0616:row:2944,16221,u0
2945,ODH_charity_0616:row:2945,16222,u0
2946,ODH_charity_0616:row:2946,16244,l0
2947,ODH_charity_0616:row:2947,16246,u0
2948,ODH_charity_0616:row:2948,16247,l0
2949,ODH_charity_0616:row:2949,16255,l0
2950,ODH_charity_0616:row:2950,16256,u0
2951,ODH_charity_0616:row:2951,16261,test
2952,ODH_charity_0616:row:2952,16262,u0
2953,ODH_charity_0616:row:2953,16267,u0
2954,ODH_charity_0616:row:2954,16268,u0
2955,ODH_charity_0616:row:2955,16286,u0
2956,ODH_charity_0616:row:2956,16287,validation
2957,ODH_charity_0616:row:2957,16311,l0
2958,ODH_charity_0616:row:2958,16339,u0
2959,ODH_charity_0616:row:2959,16340,u0
2960,ODH_charity_0616:row:2960,16352,u0
2961,ODH_charity_0616:row:2961,16353,u0
2962,ODH_charity_0616:row:2962,16354,u0
2963,ODH_charity_0616:row:2963,16363,u0
2964,ODH_charity_0616:row:2964,16399,l0
2965,ODH_charity_0616:row:2965,16400,u0
2966,ODH_charity_0616:row:2966,16401,test
2967,ODH_charity_0616:row:2967,16402,u0
2968,ODH_charity_0616:row:2968,16408,u0
2969,ODH_charity_0616:row:2969,16421,u0
2970,ODH_charity_0616:row:2970,16422,test
2971,ODH_charity_0616:row:2971,16427,validation
2972,ODH_charity_0616:row:2972,16431,u0
2973,ODH_charity_0616:row:2973,16432,u0
2974,ODH_charity_0616:row:2974,16444,u0
2975,ODH_charity_0616:row:2975,16445,u0
2976,ODH_charity_0616:row:2976,16464,u0
2977,ODH_charity_0616:row:2977,16465,u0
2978,ODH_charity_0616:row:2978,16466,u0
2979,ODH_charity_0616:row:2979,16467,u0
2980,ODH_charity_0616:row:2980,16473,u0
2981,ODH_charity_0616:row:2981,16474,u0
2982,ODH_charity_0616:row:2982,16484,u0
2983,ODH_charity_0616:row:2983,16485,u0
2984,ODH_charity_0616:row:2984,16488,u0
2985,ODH_charity_0616:row:2985,16489,u0
2986,ODH_charity_0616:row:2986,16498,validation
2987,ODH_charity_0616:row:2987,16499,u0
2988,ODH_charity_0616:row:2988,16510,validation
2989,ODH_charity_0616:row:2989,16511,u0
2990,ODH_charity_0616:row:2990,16512,u0
2991,ODH_charity_0616:row:2991,16513,u0
2992,ODH_charity_0616:row:2992,16527,u0
2993,ODH_charity_0616:row:2993,16538,validation
2994,ODH_charity_0616:row:2994,16539,u0
2995,ODH_charity_0616:row:2995,16542,u0
2996,ODH_charity_0616:row:2996,16543,u0
2997,ODH_charity_0616:row:2997,16544,u0
2998,ODH_charity_0616:row:2998,16545,u0
2999,ODH_charity_0616:row:2999,16546,u0
3000,ODH_charity_0616:row:3000,16547,u0
3001,ODH_charity_0616:row:3001,16548,u0
3002,ODH_charity_0616:row:3002,16570,u0
3003,ODH_charity_0616:row:3003,16571,validation
3004,ODH_charity_0616:row:3004,16586,u0
3005,ODH_charity_0616:row:3005,16587,u0
3006,ODH_charity_0616:row:3006,16591,u0
3007,ODH_charity_0616:row:3007,16592,u0
3008,ODH_charity_0616:row:3008,16632,l0
3009,ODH_charity_0616:row:3009,16633,u0
3010,ODH_charity_0616:row:3010,16640,u0
3011,ODH_charity_0616:row:3011,16641,test
3012,ODH_charity_0616:row:3012,16664,u0
3013,ODH_charity_0616:row:3013,16665,u0
3014,ODH_charity_0616:row:3014,16669,u0
3015,ODH_charity_0616:row:3015,16670,u0
3016,ODH_charity_0616:row:3016,16686,test
3017,ODH_charity_0616:row:3017,16687,l0
3018,ODH_charity_0616:row:3018,16704,u0
3019,ODH_charity_0616:row:3019,16705,u0
3020,ODH_charity_0616:row:3020,16769,u0
3021,ODH_charity_0616:row:3021,16770,u0
3022,ODH_charity_0616:row:3022,16773,u0
3023,ODH_charity_0616:row:3023,16774,u0
3024,ODH_charity_0616:row:3024,16787,u0
3025,ODH_charity_0616:row:3025,16788,u0
3026,ODH_charity_0616:row:3026,16793,u0
3027,ODH_charity_0616:row:3027,16794,u0
3028,ODH_charity_0616:row:3028,16799,u0
3029,ODH_charity_0616:row:3029,16800,u0
3030,ODH_charity_0616:row:3030,16805,u0
3031,ODH_charity_0616:row:3031,16808,u0
3032,ODH_charity_0616:row:3032,16809,u0
3033,ODH_charity_0616:row:3033,16822,u0
3034,ODH_charity_0616:row:3034,16823,l0
3035,ODH_charity_0616:row:3035,16845,u0
3036,ODH_charity_0616:row:3036,16846,u0
3037,ODH_charity_0616:row:3037,16852,u0
3038,ODH_charity_0616:row:3038,16853,validation
3039,ODH_charity_0616:row:3039,16874,u0
3040,ODH_charity_0616:row:3040,16875,u0
3041,ODH_charity_0616:row:3041,16891,u0
3042,ODH_charity_0616:row:3042,16892,u0
3043,ODH_charity_0616:row:3043,16907,u0
3044,ODH_charity_0616:row:3044,16908,test
3045,ODH_charity_0616:row:3045,16925,test
3046,ODH_charity_0616:row:3046,16926,l0
3047,ODH_charity_0616:row:3047,16935,validation
3048,ODH_charity_0616:row:3048,16945,u0
3049,ODH_charity_0616:row:3049,16957,u0
3050,ODH_charity_0616:row:3050,16962,validation
3051,ODH_charity_0616:row:3051,16963,u0
3052,ODH_charity_0616:row:3052,16972,u0
3053,ODH_charity_0616:row:3053,16973,u0
3054,ODH_charity_0616:row:3054,16974,u0
3055,ODH_charity_0616:row:3055,16975,u0
3056,ODH_charity_0616:row:3056,16985,u0
3057,ODH_charity_0616:row:3057,16988,u0
3058,ODH_charity_0616:row:3058,17006,validation
3059,ODH_charity_0616:row:3059,17007,validation
3060,ODH_charity_0616:row:3060,17020,u0
3061,ODH_charity_0616:row:3061,17021,u0
3062,ODH_charity_0616:row:3062,17022,u0
3063,ODH_charity_0616:row:3063,17023,validation
3064,ODH_charity_0616:row:3064,17026,u0
3065,ODH_charity_0616:row:3065,17073,u0
3066,ODH_charity_0616:row:3066,17074,u0
3067,ODH_charity_0616:row:3067,17077,u0
3068,ODH_charity_0616:row:3068,17082,u0
3069,ODH_charity_0616:row:3069,17083,u0
3070,ODH_charity_0616:row:3070,17084,u0
3071,ODH_charity_0616:row:3071,17085,u0
3072,ODH_charity_0616:row:3072,17112,u0
3073,ODH_charity_0616:row:3073,17113,u0
3074,ODH_charity_0616:row:3074,17114,u0
3075,ODH_charity_0616:row:3075,17115,u0
3076,ODH_charity_0616:row:3076,17116,u0
3077,ODH_charity_0616:row:3077,17117,u0
3078,ODH_charity_0616:row:3078,17126,u0
3079,ODH_charity_0616:row:3079,17127,u0
3080,ODH_charity_0616:row:3080,17165,u0
3081,ODH_charity_0616:row:3081,17166,u0
3082,ODH_charity_0616:row:3082,17170,u0
3083,ODH_charity_0616:row:3083,17171,u0
3084,ODH_charity_0616:row:3084,17176,u0
3085,ODH_charity_0616:row:3085,17177,u0
3086,ODH_charity_0616:row:3086,17182,u0
3087,ODH_charity_0616:row:3087,17183,u0
3088,ODH_charity_0616:row:3088,17189,u0
3089,ODH_charity_0616:row:3089,17190,validation
3090,ODH_charity_0616:row:3090,17194,test
3091,ODH_charity_0616:row:3091,17195,u0
3092,ODH_charity_0616:row:3092,17204,u0
3093,ODH_charity_0616:row:3093,17205,u0
3094,ODH_charity_0616:row:3094,17232,u0
3095,ODH_charity_0616:row:3095,17239,u0
3096,ODH_charity_0616:row:3096,17240,u0
3097,ODH_charity_0616:row:3097,17243,validation
3098,ODH_charity_0616:row:3098,17244,u0
3099,ODH_charity_0616:row:3099,17245,u0
3100,ODH_charity_0616:row:3100,17246,u0
3101,ODH_charity_0616:row:3101,17247,u0
3102,ODH_charity_0616:row:3102,17248,u0
3103,ODH_charity_0616:row:3103,17251,u0
3104,ODH_charity_0616:row:3104,17252,u0
3105,ODH_charity_0616:row:3105,17283,u0
3106,ODH_charity_0616:row:3106,17307,u0
3107,ODH_charity_0616:row:3107,17308,u0
3108,ODH_charity_0616:row:3108,17314,u0
3109,ODH_charity_0616:row:3109,17315,u0
3110,ODH_charity_0616:row:3110,17317,validation
3111,ODH_charity_0616:row:3111,17323,validation
3112,ODH_charity_0616:row:3112,17324,u0
3113,ODH_charity_0616:row:3113,17339,test
3114,ODH_charity_0616:row:3114,17340,u0
3115,ODH_charity_0616:row:3115,17356,test
3116,ODH_charity_0616:row:3116,17376,u0
3117,ODH_charity_0616:row:3117,17377,u0
3118,ODH_charity_0616:row:3118,17384,validation
3119,ODH_charity_0616:row:3119,17385,u0
3120,ODH_charity_0616:row:3120,17393,u0
3121,ODH_charity_0616:row:3121,17394,u0
3122,ODH_charity_0616:row:3122,17398,u0
3123,ODH_charity_0616:row:3123,17399,u0
3124,ODH_charity_0616:row:3124,17423,u0
3125,ODH_charity_0616:row:3125,17424,u0
3126,ODH_charity_0616:row:3126,17429,u0
3127,ODH_charity_0616:row:3127,17430,u0
3128,ODH_charity_0616:row:3128,17488,u0
3129,ODH_charity_0616:row:3129,17489,u0
3130,ODH_charity_0616:row:3130,17511,u0
3131,ODH_charity_0616:row:3131,17512,u0
3132,ODH_charity_0616:row:3132,17513,u0
3133,ODH_charity_0616:row:3133,17514,u0
3134,ODH_charity_0616:row:3134,17538,u0
3135,ODH_charity_0616:row:3135,17545,u0
3136,ODH_charity_0616:row:3136,17546,u0
3137,ODH_charity_0616:row:3137,17576,u0
3138,ODH_charity_0616:row:3138,17583,u0
3139,ODH_charity_0616:row:3139,17584,u0
3140,ODH_charity_0616:row:3140,17585,u0
3141,ODH_charity_0616:row:3141,17586,u0
3142,ODH_charity_0616:row:3142,17591,u0
3143,ODH_charity_0616:row:3143,17592,u0
3144,ODH_charity_0616:row:3144,17600,u0
3145,ODH_charity_0616:row:3145,17611,u0
3146,ODH_charity_0616:row:3146,17612,u0
3147,ODH_charity_0616:row:3147,17613,test
3148,ODH_charity_0616:row:3148,17628,u0
3149,ODH_charity_0616:row:3149,17629,u0
3150,ODH_charity_0616:row:3150,17633,u0
3151,ODH_charity_0616:row:3151,17656,u0
3152,ODH_charity_0616:row:3152,17657,u0
3153,ODH_charity_0616:row:3153,17660,u0
3154,ODH_charity_0616:row:3154,17661,l0
3155,ODH_charity_0616:row:3155,17670,test
3156,ODH_charity_0616:row:3156,17671,l0
3157,ODH_charity_0616:row:3157,17685,u0
3158,ODH_charity_0616:row:3158,17686,u0
3159,ODH_charity_0616:row:3159,17693,u0
3160,ODH_charity_0616:row:3160,17697,l0
3161,ODH_charity_0616:row:3161,17698,u0
3162,ODH_charity_0616:row:3162,17708,u0
3163,ODH_charity_0616:row:3163,17709,u0
3164,ODH_charity_0616:row:3164,17710,u0
3165,ODH_charity_0616:row:3165,17738,u0
3166,ODH_charity_0616:row:3166,17739,u0
3167,ODH_charity_0616:row:3167,17740,l0
3168,ODH_charity_0616:row:3168,17741,u0
3169,ODH_charity_0616:row:3169,17742,u0
3170,ODH_charity_0616:row:3170,17753,u0
3171,ODH_charity_0616:row:3171,17754,u0
3172,ODH_charity_0616:row:3172,17756,u0
3173,ODH_charity_0616:row:3173,17757,u0
3174,ODH_charity_0616:row:3174,17765,test
3175,ODH_charity_0616:row:3175,17766,u0
3176,ODH_charity_0616:row:3176,17772,u0
3177,ODH_charity_0616:row:3177,17773,u0
3178,ODH_charity_0616:row:3178,17777,u0
3179,ODH_charity_0616:row:3179,17791,u0
3180,ODH_charity_0616:row:3180,17796,u0
3181,ODH_charity_0616:row:3181,17797,u0
3182,ODH_charity_0616:row:3182,17798,validation
3183,ODH_charity_0616:row:3183,17799,u0
3184,ODH_charity_0616:row:3184,17837,u0
3185,ODH_charity_0616:row:3185,17846,u0
3186,ODH_charity_0616:row:3186,17850,u0
3187,ODH_charity_0616:row:3187,17879,test
3188,ODH_charity_0616:row:3188,17886,u0
3189,ODH_charity_0616:row:3189,17887,l0
3190,ODH_charity_0616:row:3190,17911,validation
3191,ODH_charity_0616:row:3191,17912,u0
3192,ODH_charity_0616:row:3192,17913,u0
3193,ODH_charity_0616:row:3193,17914,u0
3194,ODH_charity_0616:row:3194,17932,u0
3195,ODH_charity_0616:row:3195,17933,l0
3196,ODH_charity_0616:row:3196,17934,u0
3197,ODH_charity_0616:row:3197,17935,test
3198,ODH_charity_0616:row:3198,17936,u0
3199,ODH_charity_0616:row:3199,17937,u0
3200,ODH_charity_0616:row:3200,17941,l0
3201,ODH_charity_0616:row:3201,17942,u0
3202,ODH_charity_0616:row:3202,17972,test
3203,ODH_charity_0616:row:3203,17973,u0
3204,ODH_charity_0616:row:3204,17976,validation
3205,ODH_charity_0616:row:3205,17977,u0
3206,ODH_charity_0616:row:3206,17995,l0
3207,ODH_charity_0616:row:3207,17996,u0
3208,ODH_charity_0616:row:3208,17999,u0
3209,ODH_charity_0616:row:3209,18000,u0
3210,ODH_charity_0616:row:3210,18007,u0
3211,ODH_charity_0616:row:3211,18008,u0
3212,ODH_charity_0616:row:3212,18019,l0
3213,ODH_charity_0616:row:3213,18020,u0
3214,ODH_charity_0616:row:3214,18031,u0
3215,ODH_charity_0616:row:3215,18032,u0
3216,ODH_charity_0616:row:3216,18051,u0
3217,ODH_charity_0616:row:3217,18052,u0
3218,ODH_charity_0616:row:3218,18053,u0
3219,ODH_charity_0616:row:3219,18054,validation
3220,ODH_charity_0616:row:3220,18055,u0
3221,ODH_charity_0616:row:3221,18056,validation
3222,ODH_charity_0616:row:3222,18067,u0
3223,ODH_charity_0616:row:3223,18068,u0
3224,ODH_charity_0616:row:3224,18078,u0
3225,ODH_charity_0616:row:3225,18083,l0
3226,ODH_charity_0616:row:3226,18084,u0
3227,ODH_charity_0616:row:3227,18091,u0
3228,ODH_charity_0616:row:3228,18092,validation
3229,ODH_charity_0616:row:3229,18097,test
3230,ODH_charity_0616:row:3230,18098,u0
3231,ODH_charity_0616:row:3231,18099,u0
3232,ODH_charity_0616:row:3232,18101,u0
3233,ODH_charity_0616:row:3233,18102,u0
3234,ODH_charity_0616:row:3234,18107,u0
3235,ODH_charity_0616:row:3235,18108,u0
3236,ODH_charity_0616:row:3236,18117,u0
3237,ODH_charity_0616:row:3237,18118,u0
3238,ODH_charity_0616:row:3238,18121,u0
3239,ODH_charity_0616:row:3239,18122,u0
3240,ODH_charity_0616:row:3240,18123,u0
3241,ODH_charity_0616:row:3241,18124,u0
3242,ODH_charity_0616:row:3242,18140,u0
3243,ODH_charity_0616:row:3243,18141,u0
3244,ODH_charity_0616:row:3244,18142,u0
3245,ODH_charity_0616:row:3245,18143,l0
3246,ODH_charity_0616:row:3246,18144,u0
3247,ODH_charity_0616:row:3247,18145,u0
3248,ODH_charity_0616:row:3248,18154,u0
3249,ODH_charity_0616:row:3249,18155,u0
3250,ODH_charity_0616:row:3250,18160,u0
3251,ODH_charity_0616:row:3251,18161,u0
3252,ODH_charity_0616:row:3252,18190,u0
3253,ODH_charity_0616:row:3253,18191,u0
3254,ODH_charity_0616:row:3254,18204,u0
3255,ODH_charity_0616:row:3255,18205,u0
3256,ODH_charity_0616:row:3256,18209,u0
3257,ODH_charity_0616:row:3257,18210,u0
3258,ODH_charity_0616:row:3258,18214,l0
3259,ODH_charity_0616:row:3259,18215,l0
3260,ODH_charity_0616:row:3260,18223,l0
3261,ODH_charity_0616:row:3261,18224,u0
3262,ODH_charity_0616:row:3262,18225,test
3263,ODH_charity_0616:row:3263,18226,test
3264,ODH_charity_0616:row:3264,18231,u0
3265,ODH_charity_0616:row:3265,18232,u0
3266,ODH_charity_0616:row:3266,18246,u0
3267,ODH_charity_0616:row:3267,18247,u0
3268,ODH_charity_0616:row:3268,18253,u0
3269,ODH_charity_0616:row:3269,18254,u0
3270,ODH_charity_0616:row:3270,18255,u0
3271,ODH_charity_0616:row:3271,18256,u0
3272,ODH_charity_0616:row:3272,18263,u0
3273,ODH_charity_0616:row:3273,18264,u0
3274,ODH_charity_0616:row:3274,18267,u0
3275,ODH_charity_0616:row:3275,18270,u0
3276,ODH_charity_0616:row:3276,18271,validation
3277,ODH_charity_0616:row:3277,18279,u0
3278,ODH_charity_0616:row:3278,18280,u0
3279,ODH_charity_0616:row:3279,18287,u0
3280,ODH_charity_0616:row:3280,18288,u0
3281,ODH_charity_0616:row:3281,18296,u0
3282,ODH_charity_0616:row:3282,18297,validation
3283,ODH_charity_0616:row:3283,18310,u0
3284,ODH_charity_0616:row:3284,18311,validation
3285,ODH_charity_0616:row:3285,18314,u0
3286,ODH_charity_0616:row:3286,18315,u0
3287,ODH_charity_0616:row:3287,18329,u0
3288,ODH_charity_0616:row:3288,18330,u0
3289,ODH_charity_0616:row:3289,18334,u0
3290,ODH_charity_0616:row:3290,18345,u0
3291,ODH_charity_0616:row:3291,18346,u0
3292,ODH_charity_0616:row:3292,18350,u0
3293,ODH_charity_0616:row:3293,18351,validation
3294,ODH_charity_0616:row:3294,18365,u0
3295,ODH_charity_0616:row:3295,18366,u0
3296,ODH_charity_0616:row:3296,18384,u0
3297,ODH_charity_0616:row:3297,18396,u0
3298,ODH_charity_0616:row:3298,18397,l0
3299,ODH_charity_0616:row:3299,18402,u0
3300,ODH_charity_0616:row:3300,18403,u0
3301,ODH_charity_0616:row:3301,18412,u0
3302,ODH_charity_0616:row:3302,18413,u0
3303,ODH_charity_0616:row:3303,18414,u0
3304,ODH_charity_0616:row:3304,18426,u0
3305,ODH_charity_0616:row:3305,18427,u0
3306,ODH_charity_0616:row:3306,18428,u0
3307,ODH_charity_0616:row:3307,18429,u0
3308,ODH_charity_0616:row:3308,18430,u0
3309,ODH_charity_0616:row:3309,18431,u0
3310,ODH_charity_0616:row:3310,18443,u0
3311,ODH_charity_0616:row:3311,18444,u0
3312,ODH_charity_0616:row:3312,18453,u0
3313,ODH_charity_0616:row:3313,18454,u0
3314,ODH_charity_0616:row:3314,18466,u0
3315,ODH_charity_0616:row:3315,18467,l0
3316,ODH_charity_0616:row:3316,18484,u0
3317,ODH_charity_0616:row:3317,18489,test
3318,ODH_charity_0616:row:3318,18490,u0
3319,ODH_charity_0616:row:3319,18503,u0
3320,ODH_charity_0616:row:3320,18504,u0
3321,ODH_charity_0616:row:3321,18508,u0
3322,ODH_charity_0616:row:3322,18509,l0
3323,ODH_charity_0616:row:3323,18510,l0
3324,ODH_charity_0616:row:3324,18511,u0
3325,ODH_charity_0616:row:3325,18514,u0
3326,ODH_charity_0616:row:3326,18515,u0
3327,ODH_charity_0616:row:3327,18519,u0
3328,ODH_charity_0616:row:3328,18520,u0
3329,ODH_charity_0616:row:3329,18529,u0
3330,ODH_charity_0616:row:3330,18534,u0
3331,ODH_charity_0616:row:3331,18535,u0
3332,ODH_charity_0616:row:3332,18536,u0
3333,ODH_charity_0616:row:3333,18537,u0
3334,ODH_charity_0616:row:3334,18538,u0
3335,ODH_charity_0616:row:3335,18539,u0
3336,ODH_charity_0616:row:3336,18540,validation
3337,ODH_charity_0616:row:3337,18558,u0
3338,ODH_charity_0616:row:3338,18575,u0
3339,ODH_charity_0616:row:3339,18576,u0
3340,ODH_charity_0616:row:3340,18590,u0
3341,ODH_charity_0616:row:3341,18591,u0
3342,ODH_charity_0616:row:3342,18592,test
3343,ODH_charity_0616:row:3343,18601,test
3344,ODH_charity_0616:row:3344,18602,u0
3345,ODH_charity_0616:row:3345,18612,l0
3346,ODH_charity_0616:row:3346,18613,l0
3347,ODH_charity_0616:row:3347,18614,u0
3348,ODH_charity_0616:row:3348,18615,u0
3349,ODH_charity_0616:row:3349,18626,u0
3350,ODH_charity_0616:row:3350,18627,u0
3351,ODH_charity_0616:row:3351,18633,u0
3352,ODH_charity_0616:row:3352,18634,u0
3353,ODH_charity_0616:row:3353,18640,u0
3354,ODH_charity_0616:row:3354,18641,u0
3355,ODH_charity_0616:row:3355,18644,u0
3356,ODH_charity_0616:row:3356,18645,u0
3357,ODH_charity_0616:row:3357,18661,u0
3358,ODH_charity_0616:row:3358,18664,u0
3359,ODH_charity_0616:row:3359,18665,u0
3360,ODH_charity_0616:row:3360,18691,u0
3361,ODH_charity_0616:row:3361,18692,u0
3362,ODH_charity_0616:row:3362,18693,u0
3363,ODH_charity_0616:row:3363,18725,u0
3364,ODH_charity_0616:row:3364,18726,u0
3365,ODH_charity_0616:row:3365,18729,u0
3366,ODH_charity_0616:row:3366,18730,u0
3367,ODH_charity_0616:row:3367,18735,u0
3368,ODH_charity_0616:row:3368,18736,u0
3369,ODH_charity_0616:row:3369,18740,u0
3370,ODH_charity_0616:row:3370,18741,u0
3371,ODH_charity_0616:row:3371,18754,u0
3372,ODH_charity_0616:row:3372,18755,u0
3373,ODH_charity_0616:row:3373,18760,u0
3374,ODH_charity_0616:row:3374,18761,u0
3375,ODH_charity_0616:row:3375,18768,u0
3376,ODH_charity_0616:row:3376,18769,u0
3377,ODH_charity_0616:row:3377,18774,u0
3378,ODH_charity_0616:row:3378,18775,validation
3379,ODH_charity_0616:row:3379,18786,u0
3380,ODH_charity_0616:row:3380,18787,validation
3381,ODH_charity_0616:row:3381,18794,u0
3382,ODH_charity_0616:row:3382,18795,validation
3383,ODH_charity_0616:row:3383,18796,u0
3384,ODH_charity_0616:row:3384,18797,u0
3385,ODH_charity_0616:row:3385,18798,test
3386,ODH_charity_0616:row:3386,18799,u0
3387,ODH_charity_0616:row:3387,18802,u0
3388,ODH_charity_0616:row:3388,18803,u0
3389,ODH_charity_0616:row:3389,18811,excluded
3390,ODH_charity_0616:row:3390,18812,l0
3391,ODH_charity_0616:row:3391,18822,u0
3392,ODH_charity_0616:row:3392,18825,u0
3393,ODH_charity_0616:row:3393,18826,u0
3394,ODH_charity_0616:row:3394,18827,u0
3395,ODH_charity_0616:row:3395,18828,u0
3396,ODH_charity_0616:row:3396,18845,u0
3397,ODH_charity_0616:row:3397,18846,u0
3398,ODH_charity_0616:row:3398,18882,u0
3399,ODH_charity_0616:row:3399,18883,u0
3400,ODH_charity_0616:row:3400,18891,u0
3401,ODH_charity_0616:row:3401,18892,u0
3402,ODH_charity_0616:row:3402,18893,u0
3403,ODH_charity_0616:row:3403,18894,l0
3404,ODH_charity_0616:row:3404,18899,u0
3405,ODH_charity_0616:row:3405,18900,u0
3406,ODH_charity_0616:row:3406,18903,u0
3407,ODH_charity_0616:row:3407,18904,u0
3408,ODH_charity_0616:row:3408,18905,u0
3409,ODH_charity_0616:row:3409,18908,u0
3410,ODH_charity_0616:row:3410,18909,test
3411,ODH_charity_0616:row:3411,18928,u0
3412,ODH_charity_0616:row:3412,18929,u0
3413,ODH_charity_0616:row:3413,18942,u0
3414,ODH_charity_0616:row:3414,18967,u0
3415,ODH_charity_0616:row:3415,18968,u0
3416,ODH_charity_0616:row:3416,18971,u0
3417,ODH_charity_0616:row:3417,18972,u0
3418,ODH_charity_0616:row:3418,18983,u0
3419,ODH_charity_0616:row:3419,19003,u0
3420,ODH_charity_0616:row:3420,19019,u0
3421,ODH_charity_0616:row:3421,19020,u0
3422,ODH_charity_0616:row:3422,19021,u0
3423,ODH_charity_0616:row:3423,19022,test
3424,ODH_charity_0616:row:3424,19025,u0
3425,ODH_charity_0616:row:3425,19030,l0
3426,ODH_charity_0616:row:3426,19031,u0
3427,ODH_charity_0616:row:3427,19054,l0
3428,ODH_charity_0616:row:3428,19055,u0
3429,ODH_charity_0616:row:3429,19069,u0
3430,ODH_charity_0616:row:3430,19070,l0
3431,ODH_charity_0616:row:3431,19082,l0
3432,ODH_charity_0616:row:3432,19083,test
3433,ODH_charity_0616:row:3433,19087,u0
3434,ODH_charity_0616:row:3434,19088,test
3435,ODH_charity_0616:row:3435,19092,u0
3436,ODH_charity_0616:row:3436,19093,u0
3437,ODH_charity_0616:row:3437,19103,u0
3438,ODH_charity_0616:row:3438,19127,u0
3439,ODH_charity_0616:row:3439,19128,l0
3440,ODH_charity_0616:row:3440,19130,validation
3441,ODH_charity_0616:row:3441,19131,u0
3442,ODH_charity_0616:row:3442,19137,u0
3443,ODH_charity_0616:row:3443,19138,u0
3444,ODH_charity_0616:row:3444,19146,test
3445,ODH_charity_0616:row:3445,19147,u0
3446,ODH_charity_0616:row:3446,19148,u0
3447,ODH_charity_0616:row:3447,19149,u0
3448,ODH_charity_0616:row:3448,19153,l0
3449,ODH_charity_0616:row:3449,19154,u0
3450,ODH_charity_0616:row:3450,19155,l0
3451,ODH_charity_0616:row:3451,19156,u0
3452,ODH_charity_0616:row:3452,19170,u0
3453,ODH_charity_0616:row:3453,19171,u0
3454,ODH_charity_0616:row:3454,19177,u0
3455,ODH_charity_0616:row:3455,19178,u0
3456,ODH_charity_0616:row:3456,19179,u0
3457,ODH_charity_0616:row:3457,19182,u0
3458,ODH_charity_0616:row:3458,19183,l0
3459,ODH_charity_0616:row:3459,19213,u0
3460,ODH_charity_0616:row:3460,19214,u0
3461,ODH_charity_0616:row:3461,19217,u0
3462,ODH_charity_0616:row:3462,19218,u0
3463,ODH_charity_0616:row:3463,19220,u0
3464,ODH_charity_0616:row:3464,19225,u0
3465,ODH_charity_0616:row:3465,19226,l0
3466,ODH_charity_0616:row:3466,19227,u0
3467,ODH_charity_0616:row:3467,19228,u0
3468,ODH_charity_0616:row:3468,19229,l0
3469,ODH_charity_0616:row:3469,19242,u0
3470,ODH_charity_0616:row:3470,19243,u0
3471,ODH_charity_0616:row:3471,19248,test
3472,ODH_charity_0616:row:3472,19249,u0
3473,ODH_charity_0616:row:3473,19253,u0
3474,ODH_charity_0616:row:3474,19254,u0
3475,ODH_charity_0616:row:3475,19257,u0
3476,ODH_charity_0616:row:3476,19258,u0
3477,ODH_charity_0616:row:3477,19260,u0
3478,ODH_charity_0616:row:3478,19261,u0
3479,ODH_charity_0616:row:3479,19270,u0
3480,ODH_charity_0616:row:3480,19271,u0
3481,ODH_charity_0616:row:3481,19282,u0
3482,ODH_charity_0616:row:3482,19283,u0
3483,ODH_charity_0616:row:3483,19284,l0
3484,ODH_charity_0616:row:3484,19291,u0
3485,ODH_charity_0616:row:3485,19292,validation
3486,ODH_charity_0616:row:3486,19299,test
3487,ODH_charity_0616:row:3487,19324,u0
3488,ODH_charity_0616:row:3488,19330,u0
3489,ODH_charity_0616:row:3489,19331,u0
3490,ODH_charity_0616:row:3490,19366,u0
3491,ODH_charity_0616:row:3491,19367,validation
3492,ODH_charity_0616:row:3492,19371,test
3493,ODH_charity_0616:row:3493,19372,u0
3494,ODH_charity_0616:row:3494,19379,u0
3495,ODH_charity_0616:row:3495,19389,u0
3496,ODH_charity_0616:row:3496,19390,u0
3497,ODH_charity_0616:row:3497,19400,u0
3498,ODH_charity_0616:row:3498,19401,u0
3499,ODH_charity_0616:row:3499,19422,u0
3500,ODH_charity_0616:row:3500,19423,u0
3501,ODH_charity_0616:row:3501,19446,u0
3502,ODH_charity_0616:row:3502,19447,u0
3503,ODH_charity_0616:row:3503,19462,u0
3504,ODH_charity_0616:row:3504,19463,l0
3505,ODH_charity_0616:row:3505,19499,u0
3506,ODH_charity_0616:row:3506,19500,u0
3507,ODH_charity_0616:row:3507,19508,u0
3508,ODH_charity_0616:row:3508,19524,u0
3509,ODH_charity_0616:row:3509,19525,l0
3510,ODH_charity_0616:row:3510,19528,u0
3511,ODH_charity_0616:row:3511,19546,u0
3512,ODH_charity_0616:row:3512,19547,u0
3513,ODH_charity_0616:row:3513,19553,l0
3514,ODH_charity_0616:row:3514,19554,u0
3515,ODH_charity_0616:row:3515,19559,u0
3516,ODH_charity_0616:row:3516,19560,u0
3517,ODH_charity_0616:row:3517,19561,u0
3518,ODH_charity_0616:row:3518,19562,u0
3519,ODH_charity_0616:row:3519,19567,u0
3520,ODH_charity_0616:row:3520,19568,u0
3521,ODH_charity_0616:row:3521,19582,test
3522,ODH_charity_0616:row:3522,19583,u0
3523,ODH_charity_0616:row:3523,19611,u0
3524,ODH_charity_0616:row:3524,19612,u0
3525,ODH_charity_0616:row:3525,19613,u0
3526,ODH_charity_0616:row:3526,19614,u0
3527,ODH_charity_0616:row:3527,19652,l0
3528,ODH_charity_0616:row:3528,19653,u0
3529,ODH_charity_0616:row:3529,19662,l0
3530,ODH_charity_0616:row:3530,19663,l0
3531,ODH_charity_0616:row:3531,19678,test
3532,ODH_charity_0616:row:3532,19679,u0
3533,ODH_charity_0616:row:3533,19686,u0
3534,ODH_charity_0616:row:3534,19707,test
3535,ODH_charity_0616:row:3535,19708,u0
3536,ODH_charity_0616:row:3536,19711,u0
3537,ODH_charity_0616:row:3537,19712,u0
3538,ODH_charity_0616:row:3538,19713,u0
3539,ODH_charity_0616:row:3539,19714,l0
3540,ODH_charity_0616:row:3540,19723,u0
3541,ODH_charity_0616:row:3541,19724,u0
3542,ODH_charity_0616:row:3542,19731,u0
3543,ODH_charity_0616:row:3543,19732,u0
3544,ODH_charity_0616:row:3544,19756,u0
3545,ODH_charity_0616:row:3545,19757,u0
3546,ODH_charity_0616:row:3546,19758,u0
3547,ODH_charity_0616:row:3547,19759,l0
3548,ODH_charity_0616:row:3548,19762,u0
3549,ODH_charity_0616:row:3549,19763,u0
3550,ODH_charity_0616:row:3550,19772,u0
3551,ODH_charity_0616:row:3551,19773,u0
3552,ODH_charity_0616:row:3552,19778,u0
3553,ODH_charity_0616:row:3553,19779,u0
3554,ODH_charity_0616:row:3554,19782,u0
3555,ODH_charity_0616:row:3555,19783,validation
3556,ODH_charity_0616:row:3556,19800,u0
3557,ODH_charity_0616:row:3557,19801,u0
3558,ODH_charity_0616:row:3558,19812,test
3559,ODH_charity_0616:row:3559,19813,u0
3560,ODH_charity_0616:row:3560,19848,u0
3561,ODH_charity_0616:row:3561,19849,u0
3562,ODH_charity_0616:row:3562,19864,u0
3563,ODH_charity_0616:row:3563,19865,u0
3564,ODH_charity_0616:row:3564,19869,u0
3565,ODH_charity_0616:row:3565,19870,u0
3566,ODH_charity_0616:row:3566,19873,l0
3567,ODH_charity_0616:row:3567,19880,l0
3568,ODH_charity_0616:row:3568,19881,u0
3569,ODH_charity_0616:row:3569,19899,u0
3570,ODH_charity_0616:row:3570,19900,u0
3571,ODH_charity_0616:row:3571,19934,u0
3572,ODH_charity_0616:row:3572,19935,u0
3573,ODH_charity_0616:row:3573,19936,u0
3574,ODH_charity_0616:row:3574,19937,u0
3575,ODH_charity_0616:row:3575,19957,u0
3576,ODH_charity_0616:row:3576,19958,u0
3577,ODH_charity_0616:row:3577,19961,u0
3578,ODH_charity_0616:row:3578,19966,validation
3579,ODH_charity_0616:row:3579,19969,u0
3580,ODH_charity_0616:row:3580,19979,u0
3581,ODH_charity_0616:row:3581,19980,u0
3582,ODH_charity_0616:row:3582,19982,u0
3583,ODH_charity_0616:row:3583,19983,u0
3584,ODH_charity_0616:row:3584,20008,l0
3585,ODH_charity_0616:row:3585,20009,u0
3586,ODH_charity_0616:row:3586,20012,u0
3587,ODH_charity_0616:row:3587,20013,l0
3588,ODH_charity_0616:row:3588,20017,u0
3589,ODH_charity_0616:row:3589,20018,u0
3590,ODH_charity_0616:row:3590,20019,u0
3591,ODH_charity_0616:row:3591,20020,u0
3592,ODH_charity_0616:row:3592,20021,u0
3593,ODH_charity_0616:row:3593,20022,u0
3594,ODH_charity_0616:row:3594,20031,u0
3595,ODH_charity_0616:row:3595,20032,u0
3596,ODH_charity_0616:row:3596,20033,l0
3597,ODH_charity_0616:row:3597,20034,u0
3598,ODH_charity_0616:row:3598,20035,u0
3599,ODH_charity_0616:row:3599,20036,u0
3600,ODH_charity_0616:row:3600,20037,u0
3601,ODH_charity_0616:row:3601,20045,validation
3602,ODH_charity_0616:row:3602,20046,u0
3603,ODH_charity_0616:row:3603,20047,u0
3604,ODH_charity_0616:row:3604,20048,u0
3605,ODH_charity_0616:row:3605,20056,u0
3606,ODH_charity_0616:row:3606,20057,u0
3607,ODH_charity_0616:row:3607,20072,u0
3608,ODH_charity_0616:row:3608,20073,u0
3609,ODH_charity_0616:row:3609,20092,u0
3610,ODH_charity_0616:row:3610,20093,u0
3611,ODH_charity_0616:row:3611,20096,test
3612,ODH_charity_0616:row:3612,20097,u0
3613,ODH_charity_0616:row:3613,20102,u0
3614,ODH_charity_0616:row:3614,20103,u0
3615,ODH_charity_0616:row:3615,20104,u0
3616,ODH_charity_0616:row:3616,20105,u0
3617,ODH_charity_0616:row:3617,20128,u0
3618,ODH_charity_0616:row:3618,20129,u0
3619,ODH_charity_0616:row:3619,20130,u0
3620,ODH_charity_0616:row:3620,20131,u0
3621,ODH_charity_0616:row:3621,20162,u0
3622,ODH_charity_0616:row:3622,20163,u0
3623,ODH_charity_0616:row:3623,20171,u0
3624,ODH_charity_0616:row:3624,20186,u0
3625,ODH_charity_0616:row:3625,20187,u0
3626,ODH_charity_0616:row:3626,20188,u0
3627,ODH_charity_0616:row:3627,20189,u0
3628,ODH_charity_0616:row:3628,20190,u0
3629,ODH_charity_0616:row:3629,20193,u0
3630,ODH_charity_0616:row:3630,20194,u0
3631,ODH_charity_0616:row:3631,20195,u0
3632,ODH_charity_0616:row:3632,20196,u0
3633,ODH_charity_0616:row:3633,20197,u0
3634,ODH_charity_0616:row:3634,20207,u0
3635,ODH_charity_0616:row:3635,20221,validation
3636,ODH_charity_0616:row:3636,20222,u0
3637,ODH_charity_0616:row:3637,20227,u0
3638,ODH_charity_0616:row:3638,20228,u0
3639,ODH_charity_0616:row:3639,20233,u0
3640,ODH_charity_0616:row:3640,20238,u0
3641,ODH_charity_0616:row:3641,20247,u0
3642,ODH_charity_0616:row:3642,20248,u0
3643,ODH_charity_0616:row:3643,20249,u0
3644,ODH_charity_0616:row:3644,20254,l0
3645,ODH_charity_0616:row:3645,20255,u0
3646,ODH_charity_0616:row:3646,20268,test
3647,ODH_charity_0616:row:3647,20269,u0
3648,ODH_charity_0616:row:3648,20271,u0
3649,ODH_charity_0616:row:3649,20272,test
3650,ODH_charity_0616:row:3650,20276,u0
3651,ODH_charity_0616:row:3651,20277,u0
3652,ODH_charity_0616:row:3652,20281,test
3653,ODH_charity_0616:row:3653,20282,u0
3654,ODH_charity_0616:row:3654,20297,test
3655,ODH_charity_0616:row:3655,20298,u0
3656,ODH_charity_0616:row:3656,20306,validation
3657,ODH_charity_0616:row:3657,20307,u0
3658,ODH_charity_0616:row:3658,20324,test
3659,ODH_charity_0616:row:3659,20325,u0
3660,ODH_charity_0616:row:3660,20332,u0
3661,ODH_charity_0616:row:3661,20333,u0
3662,ODH_charity_0616:row:3662,20351,u0
3663,ODH_charity_0616:row:3663,20352,u0
3664,ODH_charity_0616:row:3664,20355,u0
3665,ODH_charity_0616:row:3665,20356,u0
3666,ODH_charity_0616:row:3666,20369,u0
3667,ODH_charity_0616:row:3667,20370,u0
3668,ODH_charity_0616:row:3668,20377,u0
3669,ODH_charity_0616:row:3669,20378,test
3670,ODH_charity_0616:row:3670,20381,u0
3671,ODH_charity_0616:row:3671,20382,u0
3672,ODH_charity_0616:row:3672,20403,u0
3673,ODH_charity_0616:row:3673,20404,u0
3674,ODH_charity_0616:row:3674,20405,u0
3675,ODH_charity_0616:row:3675,20406,u0
3676,ODH_charity_0616:row:3676,20447,u0
3677,ODH_charity_0616:row:3677,20448,u0
3678,ODH_charity_0616:row:3678,20449,u0
3679,ODH_charity_0616:row:3679,20450,u0
3680,ODH_charity_0616:row:3680,20451,u0
3681,ODH_charity_0616:row:3681,20460,u0
3682,ODH_charity_0616:row:3682,20489,u0
3683,ODH_charity_0616:row:3683,20490,u0
3684,ODH_charity_0616:row:3684,20491,u0
3685,ODH_charity_0616:row:3685,20492,u0
3686,ODH_charity_0616:row:3686,20505,u0
3687,ODH_charity_0616:row:3687,20506,u0
3688,ODH_charity_0616:row:3688,20507,u0
3689,ODH_charity_0616:row:3689,20522,u0
3690,ODH_charity_0616:row:3690,20523,u0
3691,ODH_charity_0616:row:3691,20526,u0
3692,ODH_charity_0616:row:3692,20527,u0
3693,ODH_charity_0616:row:3693,20539,u0
3694,ODH_charity_0616:row:3694,20540,validation
3695,ODH_charity_0616:row:3695,20545,excluded
3696,ODH_charity_0616:row:3696,20546,u0
3697,ODH_charity_0616:row:3697,20547,u0
3698,ODH_charity_0616:row:3698,20548,u0
3699,ODH_charity_0616:row:3699,20551,u0
3700,ODH_charity_0616:row:3700,20563,u0
3701,ODH_charity_0616:row:3701,20564,excluded
3702,ODH_charity_0616:row:3702,20573,l0
3703,ODH_charity_0616:row:3703,20574,u0
3704,ODH_charity_0616:row:3704,20582,u0
3705,ODH_charity_0616:row:3705,20583,u0
3706,ODH_charity_0616:row:3706,20621,u0
3707,ODH_charity_0616:row:3707,20622,u0
3708,ODH_charity_0616:row:3708,20636,u0
3709,ODH_charity_0616:row:3709,20637,u0
3710,ODH_charity_0616:row:3710,20643,test
3711,ODH_charity_0616:row:3711,20644,u0
3712,ODH_charity_0616:row:3712,20648,u0
3713,ODH_charity_0616:row:3713,20649,u0
3714,ODH_charity_0616:row:3714,20650,u0
3715,ODH_charity_0616:row:3715,20651,u0
3716,ODH_charity_0616:row:3716,20662,u0
3717,ODH_charity_0616:row:3717,20670,u0
3718,ODH_charity_0616:row:3718,20671,u0
3719,ODH_charity_0616:row:3719,20672,validation
3720,ODH_charity_0616:row:3720,20673,u0
3721,ODH_charity_0616:row:3721,20678,u0
3722,ODH_charity_0616:row:3722,20679,u0
3723,ODH_charity_0616:row:3723,20691,u0
3724,ODH_charity_0616:row:3724,20692,test
3725,ODH_charity_0616:row:3725,20697,u0
3726,ODH_charity_0616:row:3726,20698,validation
3727,ODH_charity_0616:row:3727,20701,u0
3728,ODH_charity_0616:row:3728,20702,u0
3729,ODH_charity_0616:row:3729,20721,u0
3730,ODH_charity_0616:row:3730,20722,u0
3731,ODH_charity_0616:row:3731,20739,u0
3732,ODH_charity_0616:row:3732,20740,u0
3733,ODH_charity_0616:row:3733,20762,l0
3734,ODH_charity_0616:row:3734,20763,u0
3735,ODH_charity_0616:row:3735,20766,u0
3736,ODH_charity_0616:row:3736,20767,u0
3737,ODH_charity_0616:row:3737,20774,u0
3738,ODH_charity_0616:row:3738,20775,u0
3739,ODH_charity_0616:row:3739,20783,u0
3740,ODH_charity_0616:row:3740,20784,u0
3741,ODH_charity_0616:row:3741,20799,u0
3742,ODH_charity_0616:row:3742,20800,u0
3743,ODH_charity_0616:row:3743,20821,u0
3744,ODH_charity_0616:row:3744,20822,u0
3745,ODH_charity_0616:row:3745,20825,u0
3746,ODH_charity_0616:row:3746,20826,validation
3747,ODH_charity_0616:row:3747,20838,u0
3748,ODH_charity_0616:row:3748,20839,u0
3749,ODH_charity_0616:row:3749,20850,u0
3750,ODH_charity_0616:row:3750,20851,test
3751,ODH_charity_0616:row:3751,20854,validation
3752,ODH_charity_0616:row:3752,20865,u0
3753,ODH_charity_0616:row:3753,20866,validation
3754,ODH_charity_0616:row:3754,20867,u0
3755,ODH_charity_0616:row:3755,20870,u0
3756,ODH_charity_0616:row:3756,20871,u0
3757,ODH_charity_0616:row:3757,20872,u0
3758,ODH_charity_0616:row:3758,20873,u0
3759,ODH_charity_0616:row:3759,20877,u0
3760,ODH_charity_0616:row:3760,20878,u0
3761,ODH_charity_0616:row:3761,20879,u0
3762,ODH_charity_0616:row:3762,20880,validation
3763,ODH_charity_0616:row:3763,20887,validation
3764,ODH_charity_0616:row:3764,20888,u0
3765,ODH_charity_0616:row:3765,20889,u0
3766,ODH_charity_0616:row:3766,20892,u0
3767,ODH_charity_0616:row:3767,20899,u0
3768,ODH_charity_0616:row:3768,20900,l0
3769,ODH_charity_0616:row:3769,20903,u0
3770,ODH_charity_0616:row:3770,20904,u0
3771,ODH_charity_0616:row:3771,20922,u0
3772,ODH_charity_0616:row:3772,20930,u0
3773,ODH_charity_0616:row:3773,20931,u0
3774,ODH_charity_0616:row:3774,20948,u0
3775,ODH_charity_0616:row:3775,20949,u0
3776,ODH_charity_0616:row:3776,20950,u0
3777,ODH_charity_0616:row:3777,20951,u0
3778,ODH_charity_0616:row:3778,20954,u0
3779,ODH_charity_0616:row:3779,20955,u0
3780,ODH_charity_0616:row:3780,20968,u0
3781,ODH_charity_0616:row:3781,20969,u0
3782,ODH_charity_0616:row:3782,20987,u0
3783,ODH_charity_0616:row:3783,20988,u0
3784,ODH_charity_0616:row:3784,20989,u0
3785,ODH_charity_0616:row:3785,20990,u0
3786,ODH_charity_0616:row:3786,20995,u0
3787,ODH_charity_0616:row:3787,21008,u0
3788,ODH_charity_0616:row:3788,21009,u0
3789,ODH_charity_0616:row:3789,21010,u0
3790,ODH_charity_0616:row:3790,21011,validation
3791,ODH_charity_0616:row:3791,21012,u0
3792,ODH_charity_0616:row:3792,21013,u0
3793,ODH_charity_0616:row:3793,21014,u0
3794,ODH_charity_0616:row:3794,21015,u0
3795,ODH_charity_0616:row:3795,21018,u0
3796,ODH_charity_0616:row:3796,21019,u0
3797,ODH_charity_0616:row:3797,21028,u0
3798,ODH_charity_0616:row:3798,21036,u0
3799,ODH_charity_0616:row:3799,21038,u0
3800,ODH_charity_0616:row:3800,21039,u0
3801,ODH_charity_0616:row:3801,21046,u0
3802,ODH_charity_0616:row:3802,21047,u0
3803,ODH_charity_0616:row:3803,21063,u0
3804,ODH_charity_0616:row:3804,21064,u0
3805,ODH_charity_0616:row:3805,21072,u0
3806,ODH_charity_0616:row:3806,21073,u0
3807,ODH_charity_0616:row:3807,21080,validation
3808,ODH_charity_0616:row:3808,21081,u0
3809,ODH_charity_0616:row:3809,21095,u0
3810,ODH_charity_0616:row:3810,21098,u0
3811,ODH_charity_0616:row:3811,21099,u0
3812,ODH_charity_0616:row:3812,21100,u0
3813,ODH_charity_0616:row:3813,21111,validation
3814,ODH_charity_0616:row:3814,21112,u0
3815,ODH_charity_0616:row:3815,21113,u0
3816,ODH_charity_0616:row:3816,21114,u0
3817,ODH_charity_0616:row:3817,21130,l0
3818,ODH_charity_0616:row:3818,21131,u0
3819,ODH_charity_0616:row:3819,21132,u0
3820,ODH_charity_0616:row:3820,21133,u0
3821,ODH_charity_0616:row:3821,21136,u0
3822,ODH_charity_0616:row:3822,21137,u0
3823,ODH_charity_0616:row:3823,21142,u0
3824,ODH_charity_0616:row:3824,21143,u0
3825,ODH_charity_0616:row:3825,21144,u0
3826,ODH_charity_0616:row:3826,21146,u0
3827,ODH_charity_0616:row:3827,21151,l0
3828,ODH_charity_0616:row:3828,21152,u0
3829,ODH_charity_0616:row:3829,21155,test
3830,ODH_charity_0616:row:3830,21156,u0
3831,ODH_charity_0616:row:3831,21161,u0
3832,ODH_charity_0616:row:3832,21162,u0
3833,ODH_charity_0616:row:3833,21170,u0
3834,ODH_charity_0616:row:3834,21171,u0
3835,ODH_charity_0616:row:3835,21172,u0
3836,ODH_charity_0616:row:3836,21173,l0
3837,ODH_charity_0616:row:3837,21174,u0
3838,ODH_charity_0616:row:3838,21182,u0
3839,ODH_charity_0616:row:3839,21185,u0
3840,ODH_charity_0616:row:3840,21186,u0
3841,ODH_charity_0616:row:3841,21191,l0
3842,ODH_charity_0616:row:3842,21198,u0
3843,ODH_charity_0616:row:3843,21203,u0
3844,ODH_charity_0616:row:3844,21204,u0
3845,ODH_charity_0616:row:3845,21205,u0
3846,ODH_charity_0616:row:3846,21206,u0
3847,ODH_charity_0616:row:3847,21210,u0
3848,ODH_charity_0616:row:3848,21211,u0
3849,ODH_charity_0616:row:3849,21214,u0
3850,ODH_charity_0616:row:3850,21215,u0
3851,ODH_charity_0616:row:3851,21232,u0
3852,ODH_charity_0616:row:3852,21235,test
3853,ODH_charity_0616:row:3853,21236,u0
3854,ODH_charity_0616:row:3854,21241,validation
3855,ODH_charity_0616:row:3855,21242,u0
3856,ODH_charity_0616:row:3856,21246,u0
3857,ODH_charity_0616:row:3857,21247,l0
3858,ODH_charity_0616:row:3858,21248,u0
3859,ODH_charity_0616:row:3859,21250,u0
3860,ODH_charity_0616:row:3860,21251,u0
3861,ODH_charity_0616:row:3861,21260,l0
3862,ODH_charity_0616:row:3862,21261,u0
3863,ODH_charity_0616:row:3863,21262,u0
3864,ODH_charity_0616:row:3864,21263,u0
3865,ODH_charity_0616:row:3865,21269,u0
3866,ODH_charity_0616:row:3866,21272,u0
3867,ODH_charity_0616:row:3867,21279,u0
3868,ODH_charity_0616:row:3868,21280,u0
3869,ODH_charity_0616:row:3869,21290,u0
3870,ODH_charity_0616:row:3870,21291,validation
3871,ODH_charity_0616:row:3871,21293,u0
3872,ODH_charity_0616:row:3872,21294,validation
3873,ODH_charity_0616:row:3873,21295,u0
3874,ODH_charity_0616:row:3874,21296,u0
3875,ODH_charity_0616:row:3875,21302,u0
3876,ODH_charity_0616:row:3876,21312,l0
3877,ODH_charity_0616:row:3877,21317,u0
3878,ODH_charity_0616:row:3878,21318,u0
3879,ODH_charity_0616:row:3879,21327,u0
3880,ODH_charity_0616:row:3880,21328,u0
3881,ODH_charity_0616:row:3881,21333,u0
3882,ODH_charity_0616:row:3882,21340,l0
3883,ODH_charity_0616:row:3883,21341,u0
3884,ODH_charity_0616:row:3884,21342,u0
3885,ODH_charity_0616:row:3885,21343,u0
3886,ODH_charity_0616:row:3886,21344,u0
3887,ODH_charity_0616:row:3887,21345,u0
3888,ODH_charity_0616:row:3888,21346,u0
3889,ODH_charity_0616:row:3889,21348,u0
3890,ODH_charity_0616:row:3890,21349,l0
3891,ODH_charity_0616:row:3891,21350,u0
3892,ODH_charity_0616:row:3892,21351,u0
3893,ODH_charity_0616:row:3893,21361,u0
3894,ODH_charity_0616:row:3894,21362,u0
3895,ODH_charity_0616:row:3895,21372,l0
3896,ODH_charity_0616:row:3896,21373,u0
3897,ODH_charity_0616:row:3897,21398,u0
3898,ODH_charity_0616:row:3898,21399,u0
3899,ODH_charity_0616:row:3899,21408,u0
3900,ODH_charity_0616:row:3900,21409,u0
3901,ODH_charity_0616:row:3901,21410,u0
3902,ODH_charity_0616:row:3902,21411,u0
3903,ODH_charity_0616:row:3903,21412,u0
3904,ODH_charity_0616:row:3904,21413,u0
3905,ODH_charity_0616:row:3905,21422,u0
3906,ODH_charity_0616:row:3906,21423,u0
3907,ODH_charity_0616:row:3907,21424,u0
3908,ODH_charity_0616:row:3908,21425,validation
3909,ODH_charity_0616:row:3909,21462,u0
3910,ODH_charity_0616:row:3910,21463,u0
3911,ODH_charity_0616:row:3911,21468,u0
3912,ODH_charity_0616:row:3912,21469,u0
3913,ODH_charity_0616:row:3913,21479,u0
3914,ODH_charity_0616:row:3914,21480,validation
3915,ODH_charity_0616:row:3915,21485,l0
3916,ODH_charity_0616:row:3916,21486,u0
3917,ODH_charity_0616:row:3917,21487,test
3918,ODH_charity_0616:row:3918,21488,u0
3919,ODH_charity_0616:row:3919,21501,u0
3920,ODH_charity_0616:row:3920,21502,u0
3921,ODH_charity_0616:row:3921,21513,u0
3922,ODH_charity_0616:row:3922,21514,u0
3923,ODH_charity_0616:row:3923,21523,u0
3924,ODH_charity_0616:row:3924,21524,excluded
3925,ODH_charity_0616:row:3925,21527,u0
3926,ODH_charity_0616:row:3926,21528,u0
3927,ODH_charity_0616:row:3927,21529,excluded
3928,ODH_charity_0616:row:3928,21530,validation
3929,ODH_charity_0616:row:3929,21531,u0
3930,ODH_charity_0616:row:3930,21550,u0
3931,ODH_charity_0616:row:3931,21552,u0
3932,ODH_charity_0616:row:3932,21553,u0
3933,ODH_charity_0616:row:3933,21555,u0
3934,ODH_charity_0616:row:3934,21569,u0
3935,ODH_charity_0616:row:3935,21570,u0
3936,ODH_charity_0616:row:3936,21571,u0
3937,ODH_charity_0616:row:3937,21572,u0
3938,ODH_charity_0616:row:3938,21579,u0
3939,ODH_charity_0616:row:3939,21580,u0
3940,ODH_charity_0616:row:3940,21591,excluded
3941,ODH_charity_0616:row:3941,21592,u0
3942,ODH_charity_0616:row:3942,21593,u0
3943,ODH_charity_0616:row:3943,21594,u0
3944,ODH_charity_0616:row:3944,21623,l0
3945,ODH_charity_0616:row:3945,21624,u0
3946,ODH_charity_0616:row:3946,21634,u0
3947,ODH_charity_0616:row:3947,21635,u0
3948,ODH_charity_0616:row:3948,21642,l0
3949,ODH_charity_0616:row:3949,21643,u0
3950,ODH_charity_0616:row:3950,21651,excluded
3951,ODH_charity_0616:row:3951,21652,u0
3952,ODH_charity_0616:row:3952,21670,u0
3953,ODH_charity_0616:row:3953,21671,u0
3954,ODH_charity_0616:row:3954,21683,u0
3955,ODH_charity_0616:row:3955,21684,u0
3956,ODH_charity_0616:row:3956,21686,u0
3957,ODH_charity_0616:row:3957,21687,u0
3958,ODH_charity_0616:row:3958,21690,u0
3959,ODH_charity_0616:row:3959,21691,u0
3960,ODH_charity_0616:row:3960,21692,u0
3961,ODH_charity_0616:row:3961,21702,u0
3962,ODH_charity_0616:row:3962,21703,test
3963,ODH_charity_0616:row:3963,21719,u0
3964,ODH_charity_0616:row:3964,21720,u0
3965,ODH_charity_0616:row:3965,21724,u0
3966,ODH_charity_0616:row:3966,21725,u0
3967,ODH_charity_0616:row:3967,21732,u0
3968,ODH_charity_0616:row:3968,21733,u0
3969,ODH_charity_0616:row:3969,21734,u0
3970,ODH_charity_0616:row:3970,21735,u0
3971,ODH_charity_0616:row:3971,21740,u0
3972,ODH_charity_0616:row:3972,21741,u0
3973,ODH_charity_0616:row:3973,21764,u0
3974,ODH_charity_0616:row:3974,21767,u0
3975,ODH_charity_0616:row:3975,21770,u0
3976,ODH_charity_0616:row:3976,21771,u0
3977,ODH_charity_0616:row:3977,21775,l0
3978,ODH_charity_0616:row:3978,21776,u0
3979,ODH_charity_0616:row:3979,21779,u0
3980,ODH_charity_0616:row:3980,21780,u0
3981,ODH_charity_0616:row:3981,21793,u0
3982,ODH_charity_0616:row:3982,21794,test
3983,ODH_charity_0616:row:3983,21799,u0
3984,ODH_charity_0616:row:3984,21800,test
3985,ODH_charity_0616:row:3985,21809,u0
3986,ODH_charity_0616:row:3986,21810,u0
3987,ODH_charity_0616:row:3987,21811,u0
3988,ODH_charity_0616:row:3988,21825,u0
3989,ODH_charity_0616:row:3989,21826,u0
3990,ODH_charity_0616:row:3990,21827,validation
3991,ODH_charity_0616:row:3991,21830,u0
3992,ODH_charity_0616:row:3992,21837,u0
3993,ODH_charity_0616:row:3993,21838,u0
3994,ODH_charity_0616:row:3994,21853,u0
3995,ODH_charity_0616:row:3995,21854,l0
3996,ODH_charity_0616:row:3996,21855,u0
3997,ODH_charity_0616:row:3997,21856,u0
3998,ODH_charity_0616:row:3998,21867,u0
3999,ODH_charity_0616:row:3999,21894,u0
4000,ODH_charity_0616:row:4000,21895,validation
4001,ODH_charity_0616:row:4001,21908,u0
4002,ODH_charity_0616:row:4002,21909,u0
4003,ODH_charity_0616:row:4003,21912,u0
4004,ODH_charity_0616:row:4004,21913,test
4005,ODH_charity_0616:row:4005,21916,u0
4006,ODH_charity_0616:row:4006,21917,test
4007,ODH_charity_0616:row:4007,21926,u0
4008,ODH_charity_0616:row:4008,21927,test
4009,ODH_charity_0616:row:4009,21938,u0
4010,ODH_charity_0616:row:4010,21939,validation
4011,ODH_charity_0616:row:4011,21942,u0
4012,ODH_charity_0616:row:4012,21943,u0
4013,ODH_charity_0616:row:4013,21961,u0
4014,ODH_charity_0616:row:4014,21966,u0
4015,ODH_charity_0616:row:4015,21967,u0
4016,ODH_charity_0616:row:4016,21974,u0
4017,ODH_charity_0616:row:4017,21975,u0
4018,ODH_charity_0616:row:4018,21976,l0
4019,ODH_charity_0616:row:4019,21984,u0
4020,ODH_charity_0616:row:4020,21985,u0
4021,ODH_charity_0616:row:4021,21999,u0
4022,ODH_charity_0616:row:4022,22000,u0
4023,ODH_charity_0616:row:4023,22001,u0
4024,ODH_charity_0616:row:4024,22002,u0
4025,ODH_charity_0616:row:4025,22003,u0
4026,ODH_charity_0616:row:4026,22004,u0
4027,ODH_charity_0616:row:4027,22005,u0
4028,ODH_charity_0616:row:4028,22006,l0
4029,ODH_charity_0616:row:4029,22007,u0
4030,ODH_charity_0616:row:4030,22010,u0
4031,ODH_charity_0616:row:4031,22011,u0
4032,ODH_charity_0616:row:4032,22012,u0
4033,ODH_charity_0616:row:4033,22013,u0
4034,ODH_charity_0616:row:4034,22024,u0
4035,ODH_charity_0616:row:4035,22025,u0
4036,ODH_charity_0616:row:4036,22039,u0
4037,ODH_charity_0616:row:4037,22040,validation
4038,ODH_charity_0616:row:4038,22064,u0
4039,ODH_charity_0616:row:4039,22065,u0
4040,ODH_charity_0616:row:4040,22069,u0
4041,ODH_charity_0616:row:4041,22070,validation
4042,ODH_charity_0616:row:4042,22071,u0
4043,ODH_charity_0616:row:4043,22074,u0
4044,ODH_charity_0616:row:4044,22075,u0
4045,ODH_charity_0616:row:4045,22078,u0
4046,ODH_charity_0616:row:4046,22079,u0
4047,ODH_charity_0616:row:4047,22080,u0
4048,ODH_charity_0616:row:4048,22081,u0
4049,ODH_charity_0616:row:4049,22084,u0
4050,ODH_charity_0616:row:4050,22085,u0
4051,ODH_charity_0616:row:4051,22086,u0
4052,ODH_charity_0616:row:4052,22087,l0
4053,ODH_charity_0616:row:4053,22101,u0
4054,ODH_charity_0616:row:4054,22102,u0
4055,ODH_charity_0616:row:4055,22119,u0
4056,ODH_charity_0616:row:4056,22120,u0
4057,ODH_charity_0616:row:4057,22130,u0
4058,ODH_charity_0616:row:4058,22131,u0
4059,ODH_charity_0616:row:4059,22132,u0
4060,ODH_charity_0616:row:4060,22133,u0
4061,ODH_charity_0616:row:4061,22134,u0
4062,ODH_charity_0616:row:4062,22135,u0
4063,ODH_charity_0616:row:4063,22138,u0
4064,ODH_charity_0616:row:4064,22144,u0
4065,ODH_charity_0616:row:4065,22145,u0
4066,ODH_charity_0616:row:4066,22149,u0
4067,ODH_charity_0616:row:4067,22150,u0
4068,ODH_charity_0616:row:4068,22153,u0
4069,ODH_charity_0616:row:4069,22154,validation
4070,ODH_charity_0616:row:4070,22157,u0
4071,ODH_charity_0616:row:4071,22158,u0
4072,ODH_charity_0616:row:4072,22170,u0
4073,ODH_charity_0616:row:4073,22178,u0
4074,ODH_charity_0616:row:4074,22179,u0
4075,ODH_charity_0616:row:4075,22180,u0
4076,ODH_charity_0616:row:4076,22189,u0
4077,ODH_charity_0616:row:4077,22190,u0
4078,ODH_charity_0616:row:4078,22192,u0
4079,ODH_charity_0616:row:4079,22193,u0
4080,ODH_charity_0616:row:4080,22195,u0
4081,ODH_charity_0616:row:4081,22196,u0
4082,ODH_charity_0616:row:4082,22208,u0
4083,ODH_charity_0616:row:4083,22209,u0
4084,ODH_charity_0616:row:4084,22216,test
4085,ODH_charity_0616:row:4085,22217,u0
4086,ODH_charity_0616:row:4086,22222,u0
4087,ODH_charity_0616:row:4087,22223,u0
4088,ODH_charity_0616:row:4088,22232,u0
4089,ODH_charity_0616:row:4089,22238,u0
4090,ODH_charity_0616:row:4090,22239,u0
4091,ODH_charity_0616:row:4091,22240,u0
4092,ODH_charity_0616:row:4092,22254,u0
4093,ODH_charity_0616:row:4093,22255,u0
4094,ODH_charity_0616:row:4094,22272,u0
4095,ODH_charity_0616:row:4095,22273,u0
4096,ODH_charity_0616:row:4096,22274,u0
4097,ODH_charity_0616:row:4097,22275,u0
4098,ODH_charity_0616:row:4098,22280,l0
4099,ODH_charity_0616:row:4099,22281,u0
4100,ODH_charity_0616:row:4100,22284,u0
4101,ODH_charity_0616:row:4101,22285,u0
4102,ODH_charity_0616:row:4102,22286,u0
4103,ODH_charity_0616:row:4103,22287,u0
4104,ODH_charity_0616:row:4104,22291,u0
4105,ODH_charity_0616:row:4105,22292,u0
4106,ODH_charity_0616:row:4106,22305,u0
4107,ODH_charity_0616:row:4107,22306,u0
4108,ODH_charity_0616:row:4108,22309,validation
4109,ODH_charity_0616:row:4109,22312,test
4110,ODH_charity_0616:row:4110,22313,u0
4111,ODH_charity_0616:row:4111,22318,u0
4112,ODH_charity_0616:row:4112,22319,u0
4113,ODH_charity_0616:row:4113,22321,u0
4114,ODH_charity_0616:row:4114,22322,test
4115,ODH_charity_0616:row:4115,22323,u0
4116,ODH_charity_0616:row:4116,22324,l0
4117,ODH_charity_0616:row:4117,22327,u0
4118,ODH_charity_0616:row:4118,22328,u0
4119,ODH_charity_0616:row:4119,22331,u0
4120,ODH_charity_0616:row:4120,22332,l0
4121,ODH_charity_0616:row:4121,22333,u0
4122,ODH_charity_0616:row:4122,22334,u0
4123,ODH_charity_0616:row:4123,22340,u0
4124,ODH_charity_0616:row:4124,22341,u0
4125,ODH_charity_0616:row:4125,22343,test
4126,ODH_charity_0616:row:4126,22344,u0
4127,ODH_charity_0616:row:4127,22357,u0
4128,ODH_charity_0616:row:4128,22358,u0
4129,ODH_charity_0616:row:4129,22363,u0
4130,ODH_charity_0616:row:4130,22364,u0
4131,ODH_charity_0616:row:4131,22373,validation
4132,ODH_charity_0616:row:4132,22395,test
4133,ODH_charity_0616:row:4133,22396,u0
4134,ODH_charity_0616:row:4134,22401,u0
4135,ODH_charity_0616:row:4135,22402,u0
4136,ODH_charity_0616:row:4136,22406,l0
4137,ODH_charity_0616:row:4137,22407,u0
4138,ODH_charity_0616:row:4138,22408,u0
4139,ODH_charity_0616:row:4139,22409,u0
4140,ODH_charity_0616:row:4140,22413,u0
4141,ODH_charity_0616:row:4141,22414,u0
4142,ODH_charity_0616:row:4142,22415,validation
4143,ODH_charity_0616:row:4143,22416,u0
4144,ODH_charity_0616:row:4144,22422,u0
4145,ODH_charity_0616:row:4145,22423,l0
4146,ODH_charity_0616:row:4146,22427,l0
4147,ODH_charity_0616:row:4147,22428,u0
4148,ODH_charity_0616:row:4148,22443,u0
4149,ODH_charity_0616:row:4149,22444,u0
4150,ODH_charity_0616:row:4150,22447,l0
4151,ODH_charity_0616:row:4151,22448,u0
4152,ODH_charity_0616:row:4152,22449,u0
4153,ODH_charity_0616:row:4153,22452,u0
4154,ODH_charity_0616:row:4154,22459,u0
4155,ODH_charity_0616:row:4155,22460,u0
4156,ODH_charity_0616:row:4156,22486,u0
4157,ODH_charity_0616:row:4157,22487,u0
4158,ODH_charity_0616:row:4158,22490,u0
4159,ODH_charity_0616:row:4159,22491,test
4160,ODH_charity_0616:row:4160,22495,test
4161,ODH_charity_0616:row:4161,22496,u0
4162,ODH_charity_0616:row:4162,22497,u0
4163,ODH_charity_0616:row:4163,22501,u0
4164,ODH_charity_0616:row:4164,22502,l0
4165,ODH_charity_0616:row:4165,22508,u0
4166,ODH_charity_0616:row:4166,22509,u0
4167,ODH_charity_0616:row:4167,22526,u0
4168,ODH_charity_0616:row:4168,22527,test
4169,ODH_charity_0616:row:4169,22542,u0
4170,ODH_charity_0616:row:4170,22545,u0
4171,ODH_charity_0616:row:4171,22546,u0
4172,ODH_charity_0616:row:4172,22576,u0
4173,ODH_charity_0616:row:4173,22577,excluded
4174,ODH_charity_0616:row:4174,22603,u0
4175,ODH_charity_0616:row:4175,22612,u0
4176,ODH_charity_0616:row:4176,22614,u0
4177,ODH_charity_0616:row:4177,22615,excluded
4178,ODH_charity_0616:row:4178,22624,u0
4179,ODH_charity_0616:row:4179,22625,excluded
4180,ODH_charity_0616:row:4180,22653,u0
4181,ODH_charity_0616:row:4181,22654,l0
4182,ODH_charity_0616:row:4182,22655,u0
4183,ODH_charity_0616:row:4183,22656,u0
4184,ODH_charity_0616:row:4184,22662,excluded
4185,ODH_charity_0616:row:4185,22663,excluded
4186,ODH_charity_0616:row:4186,22672,u0
4187,ODH_charity_0616:row:4187,22673,u0
4188,ODH_charity_0616:row:4188,22679,u0
4189,ODH_charity_0616:row:4189,22680,u0
4190,ODH_charity_0616:row:4190,22683,u0
4191,ODH_charity_0616:row:4191,22684,u0
4192,ODH_charity_0616:row:4192,22703,u0
4193,ODH_charity_0616:row:4193,22704,u0
4194,ODH_charity_0616:row:4194,22707,u0
4195,ODH_charity_0616:row:4195,22708,u0
4196,ODH_charity_0616:row:4196,22709,u0
4197,ODH_charity_0616:row:4197,22715,u0
4198,ODH_charity_0616:row:4198,22716,u0
4199,ODH_charity_0616:row:4199,22724,l0
4200,ODH_charity_0616:row:4200,22725,u0
4201,ODH_charity_0616:row:4201,22735,u0
4202,ODH_charity_0616:row:4202,22736,u0
4203,ODH_charity_0616:row:4203,22743,u0
4204,ODH_charity_0616:row:4204,22744,l0
4205,ODH_charity_0616:row:4205,22747,u0
4206,ODH_charity_0616:row:4206,22748,u0
4207,ODH_charity_0616:row:4207,22753,u0
4208,ODH_charity_0616:row:4208,22754,u0
4209,ODH_charity_0616:row:4209,22757,unused_rounding
4210,ODH_charity_0616:row:4210,22765,u0
4211,ODH_charity_0616:row:4211,22766,validation
4212,ODH_charity_0616:row:4212,22776,u0
4213,ODH_charity_0616:row:4213,22777,u0
4214,ODH_charity_0616:row:4214,22788,u0
4215,ODH_charity_0616:row:4215,22801,u0
4216,ODH_charity_0616:row:4216,22802,test
4217,ODH_charity_0616:row:4217,22810,u0
4218,ODH_charity_0616:row:4218,22811,u0
4219,ODH_charity_0616:row:4219,22818,test
4220,ODH_charity_0616:row:4220,22819,u0
4221,ODH_charity_0616:row:4221,22837,l0
4222,ODH_charity_0616:row:4222,22838,u0
4223,ODH_charity_0616:row:4223,22846,u0
4224,ODH_charity_0616:row:4224,22847,u0
4225,ODH_charity_0616:row:4225,22848,u0
4226,ODH_charity_0616:row:4226,22849,u0
4227,ODH_charity_0616:row:4227,22854,u0
4228,ODH_charity_0616:row:4228,22855,u0
4229,ODH_charity_0616:row:4229,22858,u0
4230,ODH_charity_0616:row:4230,22859,u0
4231,ODH_charity_0616:row:4231,22869,excluded
4232,ODH_charity_0616:row:4232,22874,u0
4233,ODH_charity_0616:row:4233,22875,u0
4234,ODH_charity_0616:row:4234,22878,test
4235,ODH_charity_0616:row:4235,22879,u0
4236,ODH_charity_0616:row:4236,22898,l0
4237,ODH_charity_0616:row:4237,22899,u0
4238,ODH_charity_0616:row:4238,22906,u0
4239,ODH_charity_0616:row:4239,22907,u0
4240,ODH_charity_0616:row:4240,22908,u0
4241,ODH_charity_0616:row:4241,22909,u0
4242,ODH_charity_0616:row:4242,22914,u0
4243,ODH_charity_0616:row:4243,22915,u0
4244,ODH_charity_0616:row:4244,22920,u0
4245,ODH_charity_0616:row:4245,22921,u0
4246,ODH_charity_0616:row:4246,22928,u0
4247,ODH_charity_0616:row:4247,22929,u0
4248,ODH_charity_0616:row:4248,22938,u0
4249,ODH_charity_0616:row:4249,22939,u0
4250,ODH_charity_0616:row:4250,22945,u0
4251,ODH_charity_0616:row:4251,22946,u0
4252,ODH_charity_0616:row:4252,22949,test
4253,ODH_charity_0616:row:4253,22950,l0
4254,ODH_charity_0616:row:4254,22966,u0
4255,ODH_charity_0616:row:4255,22967,u0
4256,ODH_charity_0616:row:4256,22968,u0
4257,ODH_charity_0616:row:4257,22971,u0
4258,ODH_charity_0616:row:4258,22972,u0
4259,ODH_charity_0616:row:4259,22973,u0
4260,ODH_charity_0616:row:4260,22980,u0
4261,ODH_charity_0616:row:4261,22981,l0
4262,ODH_charity_0616:row:4262,22984,u0
4263,ODH_charity_0616:row:4263,22985,u0
4264,ODH_charity_0616:row:4264,22999,u0
4265,ODH_charity_0616:row:4265,23000,u0
4266,ODH_charity_0616:row:4266,23007,u0
4267,ODH_charity_0616:row:4267,23008,u0
4268,ODH_charity_0616:row:4268,23029,l0
4269,ODH_charity_0616:row:4269,23030,u0
4270,ODH_charity_0616:row:4270,23031,u0
4271,ODH_charity_0616:row:4271,23040,u0
4272,ODH_charity_0616:row:4272,23041,u0
4273,ODH_charity_0616:row:4273,23044,u0
4274,ODH_charity_0616:row:4274,23045,u0
4275,ODH_charity_0616:row:4275,23053,u0
4276,ODH_charity_0616:row:4276,23054,u0
4277,ODH_charity_0616:row:4277,23055,u0
4278,ODH_charity_0616:row:4278,23056,u0
4279,ODH_charity_0616:row:4279,23057,u0
4280,ODH_charity_0616:row:4280,23058,u0
4281,ODH_charity_0616:row:4281,23066,u0
4282,ODH_charity_0616:row:4282,23067,u0
4283,ODH_charity_0616:row:4283,23068,u0
4284,ODH_charity_0616:row:4284,23069,u0
4285,ODH_charity_0616:row:4285,23074,u0
4286,ODH_charity_0616:row:4286,23075,u0
4287,ODH_charity_0616:row:4287,23087,u0
4288,ODH_charity_0616:row:4288,23088,u0
4289,ODH_charity_0616:row:4289,23100,u0
4290,ODH_charity_0616:row:4290,23101,u0
4291,ODH_charity_0616:row:4291,23123,u0
4292,ODH_charity_0616:row:4292,23124,u0
4293,ODH_charity_0616:row:4293,23133,u0
4294,ODH_charity_0616:row:4294,23134,u0
4295,ODH_charity_0616:row:4295,23135,u0
4296,ODH_charity_0616:row:4296,23136,u0
4297,ODH_charity_0616:row:4297,23140,u0
4298,ODH_charity_0616:row:4298,23143,u0
4299,ODH_charity_0616:row:4299,23144,u0
4300,ODH_charity_0616:row:4300,23151,u0
4301,ODH_charity_0616:row:4301,23152,u0
4302,ODH_charity_0616:row:4302,23161,u0
4303,ODH_charity_0616:row:4303,23162,u0
4304,ODH_charity_0616:row:4304,23176,l0
4305,ODH_charity_0616:row:4305,23177,u0
4306,ODH_charity_0616:row:4306,23178,u0
4307,ODH_charity_0616:row:4307,23182,u0
4308,ODH_charity_0616:row:4308,23183,u0
4309,ODH_charity_0616:row:4309,23184,l0
4310,ODH_charity_0616:row:4310,23197,validation
4311,ODH_charity_0616:row:4311,23198,test
4312,ODH_charity_0616:row:4312,23213,u0
4313,ODH_charity_0616:row:4313,23214,u0
4314,ODH_charity_0616:row:4314,23232,u0
4315,ODH_charity_0616:row:4315,23233,u0
4316,ODH_charity_0616:row:4316,23245,u0
4317,ODH_charity_0616:row:4317,23246,u0
4318,ODH_charity_0616:row:4318,23247,l0
4319,ODH_charity_0616:row:4319,23248,u0
4320,ODH_charity_0616:row:4320,23265,u0
4321,ODH_charity_0616:row:4321,23266,l0
4322,ODH_charity_0616:row:4322,23276,u0
4323,ODH_charity_0616:row:4323,23277,test
4324,ODH_charity_0616:row:4324,23280,u0
4325,ODH_charity_0616:row:4325,23281,validation
4326,ODH_charity_0616:row:4326,23286,u0
4327,ODH_charity_0616:row:4327,23287,u0
4328,ODH_charity_0616:row:4328,23290,u0
4329,ODH_charity_0616:row:4329,23291,u0
4330,ODH_charity_0616:row:4330,23296,u0
4331,ODH_charity_0616:row:4331,23297,u0
4332,ODH_charity_0616:row:4332,23300,u0
4333,ODH_charity_0616:row:4333,23301,validation
4334,ODH_charity_0616:row:4334,23312,u0
4335,ODH_charity_0616:row:4335,23313,u0
4336,ODH_charity_0616:row:4336,23317,u0
4337,ODH_charity_0616:row:4337,23318,u0
4338,ODH_charity_0616:row:4338,23319,u0
4339,ODH_charity_0616:row:4339,23320,u0
4340,ODH_charity_0616:row:4340,23325,validation
4341,ODH_charity_0616:row:4341,23327,u0
4342,ODH_charity_0616:row:4342,23328,u0
4343,ODH_charity_0616:row:4343,23360,u0
4344,ODH_charity_0616:row:4344,23361,u0
4345,ODH_charity_0616:row:4345,23366,u0
4346,ODH_charity_0616:row:4346,23415,u0
4347,ODH_charity_0616:row:4347,23416,u0
4348,ODH_charity_0616:row:4348,23417,u0
4349,ODH_charity_0616:row:4349,23418,u0
4350,ODH_charity_0616:row:4350,23421,u0
4351,ODH_charity_0616:row:4351,23422,u0
4352,ODH_charity_0616:row:4352,23423,u0
4353,ODH_charity_0616:row:4353,23424,u0
4354,ODH_charity_0616:row:4354,23430,u0
4355,ODH_charity_0616:row:4355,23431,u0
4356,ODH_charity_0616:row:4356,23432,u0
4357,ODH_charity_0616:row:4357,23433,u0
4358,ODH_charity_0616:row:4358,23434,u0
4359,ODH_charity_0616:row:4359,23435,validation
4360,ODH_charity_0616:row:4360,23448,u0
4361,ODH_charity_0616:row:4361,23451,u0
4362,ODH_charity_0616:row:4362,23452,l0
4363,ODH_charity_0616:row:4363,23455,u0
4364,ODH_charity_0616:row:4364,23456,u0
4365,ODH_charity_0616:row:4365,23463,u0
4366,ODH_charity_0616:row:4366,23476,l0
4367,ODH_charity_0616:row:4367,23477,u0
4368,ODH_charity_0616:row:4368,23478,u0
4369,ODH_charity_0616:row:4369,23479,u0
4370,ODH_charity_0616:row:4370,23480,validation
4371,ODH_charity_0616:row:4371,23486,u0
4372,ODH_charity_0616:row:4372,23487,u0
4373,ODH_charity_0616:row:4373,23490,u0
4374,ODH_charity_0616:row:4374,23493,u0
4375,ODH_charity_0616:row:4375,23494,validation
4376,ODH_charity_0616:row:4376,23508,u0
4377,ODH_charity_0616:row:4377,23509,u0
4378,ODH_charity_0616:row:4378,23518,u0
4379,ODH_charity_0616:row:4379,23519,u0
4380,ODH_charity_0616:row:4380,23520,u0
4381,ODH_charity_0616:row:4381,23521,test
4382,ODH_charity_0616:row:4382,23526,u0
4383,ODH_charity_0616:row:4383,23527,u0
4384,ODH_charity_0616:row:4384,23539,u0
4385,ODH_charity_0616:row:4385,23540,u0
4386,ODH_charity_0616:row:4386,23549,u0
4387,ODH_charity_0616:row:4387,23550,u0
4388,ODH_charity_0616:row:4388,23562,u0
4389,ODH_charity_0616:row:4389,23563,validation
4390,ODH_charity_0616:row:4390,23566,u0
4391,ODH_charity_0616:row:4391,23567,u0
4392,ODH_charity_0616:row:4392,23579,u0
4393,ODH_charity_0616:row:4393,23580,u0
4394,ODH_charity_0616:row:4394,23591,u0
4395,ODH_charity_0616:row:4395,23592,u0
4396,ODH_charity_0616:row:4396,23599,u0
4397,ODH_charity_0616:row:4397,23600,u0
4398,ODH_charity_0616:row:4398,23622,u0
4399,ODH_charity_0616:row:4399,23623,l0
4400,ODH_charity_0616:row:4400,23626,u0
4401,ODH_charity_0616:row:4401,23627,u0
4402,ODH_charity_0616:row:4402,23634,u0
4403,ODH_charity_0616:row:4403,23635,u0
4404,ODH_charity_0616:row:4404,23646,test
4405,ODH_charity_0616:row:4405,23647,u0
4406,ODH_charity_0616:row:4406,23654,u0
4407,ODH_charity_0616:row:4407,23655,excluded
4408,ODH_charity_0616:row:4408,23656,u0
4409,ODH_charity_0616:row:4409,23657,excluded
4410,ODH_charity_0616:row:4410,23668,u0
4411,ODH_charity_0616:row:4411,23669,validation
4412,ODH_charity_0616:row:4412,23677,u0
4413,ODH_charity_0616:row:4413,23678,u0
4414,ODH_charity_0616:row:4414,23687,u0
4415,ODH_charity_0616:row:4415,23688,excluded
4416,ODH_charity_0616:row:4416,23689,u0
4417,ODH_charity_0616:row:4417,23690,excluded
4418,ODH_charity_0616:row:4418,23694,l0
4419,ODH_charity_0616:row:4419,23695,excluded
4420,ODH_charity_0616:row:4420,23703,u0
4421,ODH_charity_0616:row:4421,23704,excluded
4422,ODH_charity_0616:row:4422,23706,u0
4423,ODH_charity_0616:row:4423,23707,u0
4424,ODH_charity_0616:row:4424,23708,u0
4425,ODH_charity_0616:row:4425,23714,u0
4426,ODH_charity_0616:row:4426,23715,u0
4427,ODH_charity_0616:row:4427,23716,u0
4428,ODH_charity_0616:row:4428,23717,u0
4429,ODH_charity_0616:row:4429,23720,u0
4430,ODH_charity_0616:row:4430,23721,u0
4431,ODH_charity_0616:row:4431,23722,u0
4432,ODH_charity_0616:row:4432,23723,u0
4433,ODH_charity_0616:row:4433,23726,u0
4434,ODH_charity_0616:row:4434,23727,u0
4435,ODH_charity_0616:row:4435,23728,u0
4436,ODH_charity_0616:row:4436,23735,u0
4437,ODH_charity_0616:row:4437,23736,u0
4438,ODH_charity_0616:row:4438,23758,u0
4439,ODH_charity_0616:row:4439,23759,l0
4440,ODH_charity_0616:row:4440,23761,u0
4441,ODH_charity_0616:row:4441,23762,u0
4442,ODH_charity_0616:row:4442,23767,u0
4443,ODH_charity_0616:row:4443,23768,u0
4444,ODH_charity_0616:row:4444,23784,u0
4445,ODH_charity_0616:row:4445,23785,u0
4446,ODH_charity_0616:row:4446,23788,u0
4447,ODH_charity_0616:row:4447,23789,u0
4448,ODH_charity_0616:row:4448,23796,l0
4449,ODH_charity_0616:row:4449,23797,u0
4450,ODH_charity_0616:row:4450,23798,u0
4451,ODH_charity_0616:row:4451,23801,u0
4452,ODH_charity_0616:row:4452,23802,u0
4453,ODH_charity_0616:row:4453,23814,u0
4454,ODH_charity_0616:row:4454,23815,u0
4455,ODH_charity_0616:row:4455,23822,u0
4456,ODH_charity_0616:row:4456,23828,u0
4457,ODH_charity_0616:row:4457,23829,u0
4458,ODH_charity_0616:row:4458,23837,u0
4459,ODH_charity_0616:row:4459,23838,u0
4460,ODH_charity_0616:row:4460,23843,u0
4461,ODH_charity_0616:row:4461,23844,l0
4462,ODH_charity_0616:row:4462,23845,u0
4463,ODH_charity_0616:row:4463,23846,u0
4464,ODH_charity_0616:row:4464,23847,u0
4465,ODH_charity_0616:row:4465,23848,u0
4466,ODH_charity_0616:row:4466,23849,u0
4467,ODH_charity_0616:row:4467,23860,validation
4468,ODH_charity_0616:row:4468,23861,u0
4469,ODH_charity_0616:row:4469,23866,u0
4470,ODH_charity_0616:row:4470,23867,u0
4471,ODH_charity_0616:row:4471,23871,test
4472,ODH_charity_0616:row:4472,23882,u0
4473,ODH_charity_0616:row:4473,23883,test
4474,ODH_charity_0616:row:4474,23899,l0
4475,ODH_charity_0616:row:4475,23900,u0
4476,ODH_charity_0616:row:4476,23903,u0
4477,ODH_charity_0616:row:4477,23904,u0
4478,ODH_charity_0616:row:4478,23905,u0
4479,ODH_charity_0616:row:4479,23906,l0
4480,ODH_charity_0616:row:4480,23913,u0
4481,ODH_charity_0616:row:4481,23914,u0
4482,ODH_charity_0616:row:4482,23917,u0
4483,ODH_charity_0616:row:4483,23918,validation
4484,ODH_charity_0616:row:4484,23919,l0
4485,ODH_charity_0616:row:4485,23920,u0
4486,ODH_charity_0616:row:4486,23938,u0
4487,ODH_charity_0616:row:4487,23939,u0
4488,ODH_charity_0616:row:4488,23940,u0
4489,ODH_charity_0616:row:4489,23941,u0
4490,ODH_charity_0616:row:4490,23944,u0
4491,ODH_charity_0616:row:4491,23945,u0
4492,ODH_charity_0616:row:4492,23946,u0
4493,ODH_charity_0616:row:4493,23955,u0
4494,ODH_charity_0616:row:4494,23956,u0
4495,ODH_charity_0616:row:4495,23958,u0
4496,ODH_charity_0616:row:4496,23959,u0
4497,ODH_charity_0616:row:4497,23970,validation
4498,ODH_charity_0616:row:4498,23971,u0
4499,ODH_charity_0616:row:4499,23976,u0
4500,ODH_charity_0616:row:4500,23977,u0
4501,ODH_charity_0616:row:4501,23984,u0
4502,ODH_charity_0616:row:4502,23985,u0
4503,ODH_charity_0616:row:4503,23986,u0
4504,ODH_charity_0616:row:4504,23989,u0
4505,ODH_charity_0616:row:4505,23990,u0
4506,ODH_charity_0616:row:4506,23993,u0
4507,ODH_charity_0616:row:4507,23994,u0
4508,ODH_charity_0616:row:4508,24006,l0
4509,ODH_charity_0616:row:4509,24007,u0
4510,ODH_charity_0616:row:4510,24008,u0
4511,ODH_charity_0616:row:4511,24009,u0
4512,ODH_charity_0616:row:4512,24013,test
4513,ODH_charity_0616:row:4513,24014,l0
4514,ODH_charity_0616:row:4514,24036,u0
4515,ODH_charity_0616:row:4515,24037,u0
4516,ODH_charity_0616:row:4516,24038,u0
4517,ODH_charity_0616:row:4517,24039,l0
4518,ODH_charity_0616:row:4518,24040,u0
4519,ODH_charity_0616:row:4519,24041,u0
4520,ODH_charity_0616:row:4520,24049,u0
4521,ODH_charity_0616:row:4521,24050,u0
4522,ODH_charity_0616:row:4522,24064,u0
4523,ODH_charity_0616:row:4523,24065,u0
4524,ODH_charity_0616:row:4524,24066,u0
4525,ODH_charity_0616:row:4525,24067,u0
4526,ODH_charity_0616:row:4526,24068,u0
4527,ODH_charity_0616:row:4527,24069,u0
4528,ODH_charity_0616:row:4528,24070,u0
4529,ODH_charity_0616:row:4529,24073,u0
4530,ODH_charity_0616:row:4530,24074,u0
4531,ODH_charity_0616:row:4531,24075,u0
4532,ODH_charity_0616:row:4532,24076,u0
4533,ODH_charity_0616:row:4533,24084,validation
4534,ODH_charity_0616:row:4534,24085,u0
4535,ODH_charity_0616:row:4535,24090,u0
4536,ODH_charity_0616:row:4536,24091,u0
4537,ODH_charity_0616:row:4537,24092,l0
4538,ODH_charity_0616:row:4538,24093,u0
4539,ODH_charity_0616:row:4539,24094,u0
4540,ODH_charity_0616:row:4540,24095,u0
4541,ODH_charity_0616:row:4541,24098,u0
4542,ODH_charity_0616:row:4542,24099,test
4543,ODH_charity_0616:row:4543,24100,u0
4544,ODH_charity_0616:row:4544,24101,u0
4545,ODH_charity_0616:row:4545,24108,u0
4546,ODH_charity_0616:row:4546,24117,validation
4547,ODH_charity_0616:row:4547,24126,u0
4548,ODH_charity_0616:row:4548,24127,l0
4549,ODH_charity_0616:row:4549,24128,u0
4550,ODH_charity_0616:row:4550,24129,u0
4551,ODH_charity_0616:row:4551,24137,u0
4552,ODH_charity_0616:row:4552,24138,l0
4553,ODH_charity_0616:row:4553,24149,test
4554,ODH_charity_0616:row:4554,24150,u0
4555,ODH_charity_0616:row:4555,24151,u0
4556,ODH_charity_0616:row:4556,24152,u0
4557,ODH_charity_0616:row:4557,24153,u0
4558,ODH_charity_0616:row:4558,24154,u0
4559,ODH_charity_0616:row:4559,24175,u0
4560,ODH_charity_0616:row:4560,24176,u0
4561,ODH_charity_0616:row:4561,24199,u0
4562,ODH_charity_0616:row:4562,24200,test
4563,ODH_charity_0616:row:4563,24214,u0
4564,ODH_charity_0616:row:4564,24215,l0
4565,ODH_charity_0616:row:4565,24221,u0
4566,ODH_charity_0616:row:4566,24236,u0
4567,ODH_charity_0616:row:4567,24237,l0
4568,ODH_charity_0616:row:4568,24238,u0
4569,ODH_charity_0616:row:4569,24239,u0
4570,ODH_charity_0616:row:4570,24250,u0
4571,ODH_charity_0616:row:4571,24251,u0
4572,ODH_charity_0616:row:4572,24254,u0
4573,ODH_charity_0616:row:4573,24255,u0
4574,ODH_charity_0616:row:4574,24258,u0
4575,ODH_charity_0616:row:4575,24259,u0
4576,ODH_charity_0616:row:4576,24264,test
4577,ODH_charity_0616:row:4577,24265,u0
4578,ODH_charity_0616:row:4578,24279,u0
4579,ODH_charity_0616:row:4579,24280,u0
4580,ODH_charity_0616:row:4580,24281,u0
4581,ODH_charity_0616:row:4581,24282,u0
4582,ODH_charity_0616:row:4582,24283,u0
4583,ODH_charity_0616:row:4583,24284,u0
4584,ODH_charity_0616:row:4584,24285,u0
4585,ODH_charity_0616:row:4585,24311,u0
4586,ODH_charity_0616:row:4586,24312,u0
4587,ODH_charity_0616:row:4587,24313,u0
4588,ODH_charity_0616:row:4588,24314,u0
4589,ODH_charity_0616:row:4589,24319,u0
4590,ODH_charity_0616:row:4590,24320,l0
4591,ODH_charity_0616:row:4591,24321,u0
4592,ODH_charity_0616:row:4592,24322,u0
4593,ODH_charity_0616:row:4593,24325,l0
4594,ODH_charity_0616:row:4594,24326,u0
4595,ODH_charity_0616:row:4595,24327,u0
4596,ODH_charity_0616:row:4596,24328,u0
4597,ODH_charity_0616:row:4597,24332,u0
4598,ODH_charity_0616:row:4598,24333,u0
4599,ODH_charity_0616:row:4599,24338,u0
4600,ODH_charity_0616:row:4600,24339,u0
4601,ODH_charity_0616:row:4601,24357,u0
4602,ODH_charity_0616:row:4602,24360,u0
4603,ODH_charity_0616:row:4603,24361,u0
4604,ODH_charity_0616:row:4604,24362,u0
4605,ODH_charity_0616:row:4605,24363,u0
4606,ODH_charity_0616:row:4606,24364,u0
4607,ODH_charity_0616:row:4607,24384,u0
4608,ODH_charity_0616:row:4608,24395,u0
4609,ODH_charity_0616:row:4609,24396,u0
4610,ODH_charity_0616:row:4610,24397,u0
4611,ODH_charity_0616:row:4611,24398,u0
4612,ODH_charity_0616:row:4612,24399,u0
4613,ODH_charity_0616:row:4613,24400,u0
4614,ODH_charity_0616:row:4614,24401,u0
4615,ODH_charity_0616:row:4615,24412,u0
4616,ODH_charity_0616:row:4616,24413,u0
4617,ODH_charity_0616:row:4617,24416,l0
4618,ODH_charity_0616:row:4618,24417,validation
4619,ODH_charity_0616:row:4619,24418,u0
4620,ODH_charity_0616:row:4620,24419,validation
4621,ODH_charity_0616:row:4621,24422,u0
4622,ODH_charity_0616:row:4622,24423,u0
4623,ODH_charity_0616:row:4623,24424,u0
4624,ODH_charity_0616:row:4624,24425,u0
4625,ODH_charity_0616:row:4625,24426,l0
4626,ODH_charity_0616:row:4626,24427,u0
4627,ODH_charity_0616:row:4627,24429,u0
4628,ODH_charity_0616:row:4628,24430,u0
4629,ODH_charity_0616:row:4629,24449,u0
4630,ODH_charity_0616:row:4630,24450,u0
4631,ODH_charity_0616:row:4631,24451,l0
4632,ODH_charity_0616:row:4632,24453,u0
4633,ODH_charity_0616:row:4633,24454,validation
4634,ODH_charity_0616:row:4634,24465,validation
4635,ODH_charity_0616:row:4635,24466,test
4636,ODH_charity_0616:row:4636,24469,u0
4637,ODH_charity_0616:row:4637,24470,u0
4638,ODH_charity_0616:row:4638,24475,u0
4639,ODH_charity_0616:row:4639,24476,u0
4640,ODH_charity_0616:row:4640,24489,u0
4641,ODH_charity_0616:row:4641,24490,u0
4642,ODH_charity_0616:row:4642,24492,u0
4643,ODH_charity_0616:row:4643,24499,u0
4644,ODH_charity_0616:row:4644,24500,u0
4645,ODH_charity_0616:row:4645,24501,u0
4646,ODH_charity_0616:row:4646,24502,l0
4647,ODH_charity_0616:row:4647,24503,test
4648,ODH_charity_0616:row:4648,24504,u0
4649,ODH_charity_0616:row:4649,24507,u0
4650,ODH_charity_0616:row:4650,24508,l0
4651,ODH_charity_0616:row:4651,24511,u0
4652,ODH_charity_0616:row:4652,24512,u0
4653,ODH_charity_0616:row:4653,24515,validation
4654,ODH_charity_0616:row:4654,24516,test
4655,ODH_charity_0616:row:4655,24519,u0
4656,ODH_charity_0616:row:4656,24520,u0
4657,ODH_charity_0616:row:4657,24523,u0
4658,ODH_charity_0616:row:4658,24524,u0
4659,ODH_charity_0616:row:4659,24532,u0
4660,ODH_charity_0616:row:4660,24533,test
4661,ODH_charity_0616:row:4661,24538,u0
4662,ODH_charity_0616:row:4662,24539,u0
4663,ODH_charity_0616:row:4663,24540,u0
4664,ODH_charity_0616:row:4664,24541,u0
4665,ODH_charity_0616:row:4665,24542,u0
4666,ODH_charity_0616:row:4666,24543,u0
4667,ODH_charity_0616:row:4667,24557,test
4668,ODH_charity_0616:row:4668,24558,l0
4669,ODH_charity_0616:row:4669,24559,test
4670,ODH_charity_0616:row:4670,24560,u0
4671,ODH_charity_0616:row:4671,24570,u0
4672,ODH_charity_0616:row:4672,24571,u0
4673,ODH_charity_0616:row:4673,24575,u0
4674,ODH_charity_0616:row:4674,24576,u0
4675,ODH_charity_0616:row:4675,24585,l0
4676,ODH_charity_0616:row:4676,24586,u0
4677,ODH_charity_0616:row:4677,24591,u0
4678,ODH_charity_0616:row:4678,24592,l0
4679,ODH_charity_0616:row:4679,24593,u0
4680,ODH_charity_0616:row:4680,24594,u0
4681,ODH_charity_0616:row:4681,24597,test
4682,ODH_charity_0616:row:4682,24598,u0
4683,ODH_charity_0616:row:4683,24599,u0
4684,ODH_charity_0616:row:4684,24600,validation
4685,ODH_charity_0616:row:4685,24609,test
4686,ODH_charity_0616:row:4686,24610,u0
4687,ODH_charity_0616:row:4687,24627,l0
4688,ODH_charity_0616:row:4688,24638,u0
4689,ODH_charity_0616:row:4689,24639,u0
4690,ODH_charity_0616:row:4690,24643,u0
4691,ODH_charity_0616:row:4691,24644,u0
4692,ODH_charity_0616:row:4692,24651,l0
4693,ODH_charity_0616:row:4693,24652,l0
4694,ODH_charity_0616:row:4694,24660,validation
4695,ODH_charity_0616:row:4695,24661,u0
4696,ODH_charity_0616:row:4696,24662,u0
4697,ODH_charity_0616:row:4697,24663,validation
4698,ODH_charity_0616:row:4698,24664,u0
4699,ODH_charity_0616:row:4699,24684,u0
4700,ODH_charity_0616:row:4700,24685,u0
4701,ODH_charity_0616:row:4701,24691,u0
4702,ODH_charity_0616:row:4702,24692,u0
4703,ODH_charity_0616:row:4703,24703,u0
4704,ODH_charity_0616:row:4704,24704,u0
4705,ODH_charity_0616:row:4705,24711,test
4706,ODH_charity_0616:row:4706,24714,u0
4707,ODH_charity_0616:row:4707,24715,u0
4708,ODH_charity_0616:row:4708,24720,u0
4709,ODH_charity_0616:row:4709,24722,excluded
4710,ODH_charity_0616:row:4710,24723,excluded
4711,ODH_charity_0616:row:4711,24763,u0
4712,ODH_charity_0616:row:4712,24764,validation
4713,ODH_charity_0616:row:4713,24769,u0
4714,ODH_charity_0616:row:4714,24770,u0
4715,ODH_charity_0616:row:4715,24773,u0
4716,ODH_charity_0616:row:4716,24774,u0
4717,ODH_charity_0616:row:4717,24780,u0
4718,ODH_charity_0616:row:4718,24781,u0
4719,ODH_charity_0616:row:4719,24784,u0
4720,ODH_charity_0616:row:4720,24785,u0
4721,ODH_charity_0616:row:4721,24786,validation
4722,ODH_charity_0616:row:4722,24787,u0
4723,ODH_charity_0616:row:4723,24788,test
4724,ODH_charity_0616:row:4724,24789,u0
4725,ODH_charity_0616:row:4725,24792,u0
4726,ODH_charity_0616:row:4726,24793,validation
4727,ODH_charity_0616:row:4727,24796,u0
4728,ODH_charity_0616:row:4728,24797,u0
4729,ODH_charity_0616:row:4729,24800,u0
4730,ODH_charity_0616:row:4730,24801,u0
4731,ODH_charity_0616:row:4731,24811,u0
4732,ODH_charity_0616:row:4732,24812,u0
4733,ODH_charity_0616:row:4733,24813,test
4734,ODH_charity_0616:row:4734,24814,u0
4735,ODH_charity_0616:row:4735,24830,u0
4736,ODH_charity_0616:row:4736,24831,l0
4737,ODH_charity_0616:row:4737,24857,u0
4738,ODH_charity_0616:row:4738,24858,test
4739,ODH_charity_0616:row:4739,24877,u0
4740,ODH_charity_0616:row:4740,24878,u0
4741,ODH_charity_0616:row:4741,24897,test
4742,ODH_charity_0616:row:4742,24898,u0
4743,ODH_charity_0616:row:4743,24899,test
4744,ODH_charity_0616:row:4744,24900,test
4745,ODH_charity_0616:row:4745,24911,l0
4746,ODH_charity_0616:row:4746,24912,u0
4747,ODH_charity_0616:row:4747,24938,u0
4748,ODH_charity_0616:row:4748,24939,u0
4749,ODH_charity_0616:row:4749,24952,u0
4750,ODH_charity_0616:row:4750,24953,u0
4751,ODH_charity_0616:row:4751,24958,u0
4752,ODH_charity_0616:row:4752,24959,u0
4753,ODH_charity_0616:row:4753,24965,validation
4754,ODH_charity_0616:row:4754,24966,test
4755,ODH_charity_0616:row:4755,24969,u0
4756,ODH_charity_0616:row:4756,24970,u0
4757,ODH_charity_0616:row:4757,24971,u0
4758,ODH_charity_0616:row:4758,24972,u0
4759,ODH_charity_0616:row:4759,24973,u0
4760,ODH_charity_0616:row:4760,24974,u0
4761,ODH_charity_0616:row:4761,24975,u0
4762,ODH_charity_0616:row:4762,24976,u0
4763,ODH_charity_0616:row:4763,24984,u0
4764,ODH_charity_0616:row:4764,24985,u0
4765,ODH_charity_0616:row:4765,24986,u0
4766,ODH_charity_0616:row:4766,24987,u0
4767,ODH_charity_0616:row:4767,25006,u0
4768,ODH_charity_0616:row:4768,25007,u0
4769,ODH_charity_0616:row:4769,25008,l0
4770,ODH_charity_0616:row:4770,25009,u0
4771,ODH_charity_0616:row:4771,25012,test
4772,ODH_charity_0616:row:4772,25013,u0
4773,ODH_charity_0616:row:4773,25014,u0
4774,ODH_charity_0616:row:4774,25015,u0
4775,ODH_charity_0616:row:4775,25030,u0
4776,ODH_charity_0616:row:4776,25031,u0
4777,ODH_charity_0616:row:4777,25041,u0
4778,ODH_charity_0616:row:4778,25042,validation
4779,ODH_charity_0616:row:4779,25045,u0
4780,ODH_charity_0616:row:4780,25046,u0
4781,ODH_charity_0616:row:4781,25047,u0
4782,ODH_charity_0616:row:4782,25052,u0
4783,ODH_charity_0616:row:4783,25053,u0
4784,ODH_charity_0616:row:4784,25072,u0
4785,ODH_charity_0616:row:4785,25073,u0
4786,ODH_charity_0616:row:4786,25082,u0
4787,ODH_charity_0616:row:4787,25083,u0
4788,ODH_charity_0616:row:4788,25084,u0
4789,ODH_charity_0616:row:4789,25085,u0
4790,ODH_charity_0616:row:4790,25086,u0
4791,ODH_charity_0616:row:4791,25090,u0
4792,ODH_charity_0616:row:4792,25091,u0
4793,ODH_charity_0616:row:4793,25093,u0
4794,ODH_charity_0616:row:4794,25094,u0
4795,ODH_charity_0616:row:4795,25111,u0
4796,ODH_charity_0616:row:4796,25112,u0
4797,ODH_charity_0616:row:4797,25115,u0
4798,ODH_charity_0616:row:4798,25116,u0
4799,ODH_charity_0616:row:4799,25117,validation
4800,ODH_charity_0616:row:4800,25118,u0
4801,ODH_charity_0616:row:4801,25121,u0
4802,ODH_charity_0616:row:4802,25122,validation
4803,ODH_charity_0616:row:4803,25131,u0
4804,ODH_charity_0616:row:4804,25132,u0
4805,ODH_charity_0616:row:4805,25133,u0
4806,ODH_charity_0616:row:4806,25134,u0
4807,ODH_charity_0616:row:4807,25148,l0
4808,ODH_charity_0616:row:4808,25149,u0
4809,ODH_charity_0616:row:4809,25150,u0
4810,ODH_charity_0616:row:4810,25151,u0
4811,ODH_charity_0616:row:4811,25152,u0
4812,ODH_charity_0616:row:4812,25153,u0
4813,ODH_charity_0616:row:4813,25156,u0
4814,ODH_charity_0616:row:4814,25157,u0
4815,ODH_charity_0616:row:4815,25162,u0
4816,ODH_charity_0616:row:4816,25163,u0
4817,ODH_charity_0616:row:4817,25164,u0
4818,ODH_charity_0616:row:4818,25165,u0
4819,ODH_charity_0616:row:4819,25180,u0
4820,ODH_charity_0616:row:4820,25181,u0
4821,ODH_charity_0616:row:4821,25182,u0
4822,ODH_charity_0616:row:4822,25183,u0
4823,ODH_charity_0616:row:4823,25187,u0
4824,ODH_charity_0616:row:4824,25197,test
4825,ODH_charity_0616:row:4825,25198,u0
4826,ODH_charity_0616:row:4826,25201,u0
4827,ODH_charity_0616:row:4827,25202,u0
4828,ODH_charity_0616:row:4828,25207,u0
4829,ODH_charity_0616:row:4829,25208,u0
4830,ODH_charity_0616:row:4830,25215,u0
4831,ODH_charity_0616:row:4831,25217,u0
4832,ODH_charity_0616:row:4832,25218,u0
4833,ODH_charity_0616:row:4833,25226,u0
4834,ODH_charity_0616:row:4834,25227,u0
4835,ODH_charity_0616:row:4835,25228,u0
4836,ODH_charity_0616:row:4836,25229,l0
4837,ODH_charity_0616:row:4837,25232,u0
4838,ODH_charity_0616:row:4838,25233,u0
4839,ODH_charity_0616:row:4839,25236,u0
4840,ODH_charity_0616:row:4840,25237,u0
4841,ODH_charity_0616:row:4841,25240,u0
4842,ODH_charity_0616:row:4842,25241,l0
4843,ODH_charity_0616:row:4843,25272,u0
4844,ODH_charity_0616:row:4844,25273,u0
4845,ODH_charity_0616:row:4845,25277,u0
4846,ODH_charity_0616:row:4846,25278,u0
4847,ODH_charity_0616:row:4847,25285,u0
4848,ODH_charity_0616:row:4848,25288,u0
4849,ODH_charity_0616:row:4849,25289,u0
4850,ODH_charity_0616:row:4850,25293,u0
4851,ODH_charity_0616:row:4851,25294,u0
4852,ODH_charity_0616:row:4852,25297,u0
4853,ODH_charity_0616:row:4853,25298,u0
4854,ODH_charity_0616:row:4854,25302,u0
4855,ODH_charity_0616:row:4855,25303,u0
4856,ODH_charity_0616:row:4856,25308,u0
4857,ODH_charity_0616:row:4857,25309,u0
4858,ODH_charity_0616:row:4858,25316,u0
4859,ODH_charity_0616:row:4859,25317,validation
4860,ODH_charity_0616:row:4860,25321,u0
4861,ODH_charity_0616:row:4861,25346,l0
4862,ODH_charity_0616:row:4862,25347,u0
4863,ODH_charity_0616:row:4863,25353,u0
4864,ODH_charity_0616:row:4864,25354,validation
4865,ODH_charity_0616:row:4865,25359,u0
4866,ODH_charity_0616:row:4866,25360,u0
4867,ODH_charity_0616:row:4867,25361,u0
4868,ODH_charity_0616:row:4868,25362,u0
4869,ODH_charity_0616:row:4869,25389,test
4870,ODH_charity_0616:row:4870,25390,u0
4871,ODH_charity_0616:row:4871,25402,test
4872,ODH_charity_0616:row:4872,25403,u0
4873,ODH_charity_0616:row:4873,25410,u0
4874,ODH_charity_0616:row:4874,25411,u0
4875,ODH_charity_0616:row:4875,25412,u0
4876,ODH_charity_0616:row:4876,25413,l0
4877,ODH_charity_0616:row:4877,25414,u0
4878,ODH_charity_0616:row:4878,25422,l0
4879,ODH_charity_0616:row:4879,25425,u0
4880,ODH_charity_0616:row:4880,25426,u0
4881,ODH_charity_0616:row:4881,25429,u0
4882,ODH_charity_0616:row:4882,25435,u0
4883,ODH_charity_0616:row:4883,25436,u0
4884,ODH_charity_0616:row:4884,25437,u0
4885,ODH_charity_0616:row:4885,25444,validation
4886,ODH_charity_0616:row:4886,25445,test
4887,ODH_charity_0616:row:4887,25457,u0
4888,ODH_charity_0616:row:4888,25458,u0
4889,ODH_charity_0616:row:4889,25472,u0
4890,ODH_charity_0616:row:4890,25473,u0
4891,ODH_charity_0616:row:4891,25486,u0
4892,ODH_charity_0616:row:4892,25487,u0
4893,ODH_charity_0616:row:4893,25490,u0
4894,ODH_charity_0616:row:4894,25491,u0
4895,ODH_charity_0616:row:4895,25492,test
4896,ODH_charity_0616:row:4896,25493,u0
4897,ODH_charity_0616:row:4897,25498,u0
4898,ODH_charity_0616:row:4898,25499,u0
4899,ODH_charity_0616:row:4899,25503,validation
4900,ODH_charity_0616:row:4900,25504,u0
4901,ODH_charity_0616:row:4901,25517,u0
4902,ODH_charity_0616:row:4902,25518,u0
4903,ODH_charity_0616:row:4903,25521,l0
4904,ODH_charity_0616:row:4904,25522,u0
4905,ODH_charity_0616:row:4905,25525,u0
4906,ODH_charity_0616:row:4906,25526,validation
4907,ODH_charity_0616:row:4907,25531,u0
4908,ODH_charity_0616:row:4908,25532,u0
4909,ODH_charity_0616:row:4909,25535,u0
4910,ODH_charity_0616:row:4910,25536,u0
4911,ODH_charity_0616:row:4911,25539,u0
4912,ODH_charity_0616:row:4912,25540,u0
4913,ODH_charity_0616:row:4913,25543,u0
4914,ODH_charity_0616:row:4914,25544,u0
4915,ODH_charity_0616:row:4915,25545,u0
4916,ODH_charity_0616:row:4916,25546,u0
4917,ODH_charity_0616:row:4917,25554,u0
4918,ODH_charity_0616:row:4918,25588,u0
4919,ODH_charity_0616:row:4919,25589,u0
4920,ODH_charity_0616:row:4920,25600,validation
4921,ODH_charity_0616:row:4921,25601,u0
4922,ODH_charity_0616:row:4922,25605,u0
4923,ODH_charity_0616:row:4923,25606,u0
4924,ODH_charity_0616:row:4924,25613,u0
4925,ODH_charity_0616:row:4925,25614,validation
4926,ODH_charity_0616:row:4926,25621,u0
4927,ODH_charity_0616:row:4927,25622,u0
4928,ODH_charity_0616:row:4928,25627,u0
4929,ODH_charity_0616:row:4929,25628,l0
4930,ODH_charity_0616:row:4930,25637,u0
4931,ODH_charity_0616:row:4931,25638,validation
4932,ODH_charity_0616:row:4932,25639,u0
4933,ODH_charity_0616:row:4933,25640,l0
4934,ODH_charity_0616:row:4934,25643,u0
4935,ODH_charity_0616:row:4935,25653,validation
4936,ODH_charity_0616:row:4936,25659,validation
4937,ODH_charity_0616:row:4937,25660,u0
4938,ODH_charity_0616:row:4938,25663,u0
4939,ODH_charity_0616:row:4939,25674,u0
4940,ODH_charity_0616:row:4940,25675,u0
4941,ODH_charity_0616:row:4941,25686,u0
4942,ODH_charity_0616:row:4942,25687,l0
4943,ODH_charity_0616:row:4943,25712,u0
4944,ODH_charity_0616:row:4944,25713,u0
4945,ODH_charity_0616:row:4945,25724,u0
4946,ODH_charity_0616:row:4946,25725,u0
4947,ODH_charity_0616:row:4947,25737,u0
4948,ODH_charity_0616:row:4948,25738,u0
4949,ODH_charity_0616:row:4949,25745,validation
4950,ODH_charity_0616:row:4950,25746,u0
4951,ODH_charity_0616:row:4951,25748,u0
4952,ODH_charity_0616:row:4952,25749,u0
4953,ODH_charity_0616:row:4953,25762,u0
4954,ODH_charity_0616:row:4954,25785,test
4955,ODH_charity_0616:row:4955,25790,u0
4956,ODH_charity_0616:row:4956,25795,u0
4957,ODH_charity_0616:row:4957,25796,u0
4958,ODH_charity_0616:row:4958,25809,u0
4959,ODH_charity_0616:row:4959,25810,u0
4960,ODH_charity_0616:row:4960,25821,u0
4961,ODH_charity_0616:row:4961,25822,u0
4962,ODH_charity_0616:row:4962,25825,u0
4963,ODH_charity_0616:row:4963,25826,u0
4964,ODH_charity_0616:row:4964,25829,u0
4965,ODH_charity_0616:row:4965,25836,u0
4966,ODH_charity_0616:row:4966,25837,u0
4967,ODH_charity_0616:row:4967,25838,u0
4968,ODH_charity_0616:row:4968,25839,u0
4969,ODH_charity_0616:row:4969,25852,excluded
4970,ODH_charity_0616:row:4970,25853,excluded
4971,ODH_charity_0616:row:4971,25858,u0
