epoch,optimizer_steps,sample_presentations,train_loss,validation_mse,rmse,mae,r2,nrmse,train_seconds,validation_seconds,elapsed_seconds,arm,initialization_seed
1,1,356,317.4826965332031,267.60612613829056,16.35867128278732,13.799005268073758,-2.458960945529276,1.90133967190941,0.4646972079935949,0.1242022499936865,1.328482457989594,A,525
2,2,712,159.58749389648438,193.07611992136407,13.895183335291554,10.834916500910092,-1.49561834760541,1.6150127884556886,0.3641547079896554,0.1262128750095144,1.8255489169969223,A,525
3,3,1068,129.5645294189453,169.88885754977667,13.034141995151682,9.676792517847378,-1.1959098314572605,1.5149354636619212,0.3621102500037523,0.1258607500058133,2.321036416993593,A,525
4,4,1424,112.06000518798828,186.881847511705,13.670473565743984,10.559615747528037,-1.4155538638054086,1.5888951660571031,0.3620312499988358,0.1295925410086056,2.812692416991922,A,525
5,5,1780,111.7204360961914,218.33206349556409,14.776063870177472,11.945176610821171,-1.822065741490945,1.7173959880590492,0.362726624996867,0.1302717500075232,3.30574808298843,A,525
6,6,2136,99.87954711914062,254.4620763557141,15.951867488031429,13.32788589167567,-2.289066647816041,1.8540575803335175,0.3664307909930357,0.1287010829983046,3.800939082997502,A,525
7,7,2492,78.27530670166016,266.529143894476,16.3257203177831,13.754919942739884,-2.4450403392481714,1.8975098390392957,0.4012138749967562,0.1296795840025879,4.3318945829960285,A,525
8,8,2848,66.02371978759766,267.2363021669921,16.34736376811234,13.781454867785156,-2.4541807609651136,1.90002541931086,0.3697601250023581,0.1294621249980991,4.8311744579987135,A,525
9,9,3204,60.128700256347656,266.45262435131764,16.32337662223468,13.765477424781574,-2.4440512807569696,1.8972374354162835,0.3674334999959683,0.130571041998337,5.329236166988267,A,525
10,10,3560,57.986846923828125,263.491963344452,16.23243553335272,13.684976295705674,-2.4057830581886748,1.886667512156083,0.3760695840028347,0.1308816249947995,5.836240999997244,A,525
11,11,3916,56.69853973388672,254.1545556775568,15.942225555974195,13.381688638744867,-2.285091768649264,1.8529369154813813,0.3747504999919329,0.129137832991546,6.340189249996911,A,525
12,12,4272,52.96213150024414,223.3784288568837,14.945849887406329,12.289862989202923,-1.887292875688375,1.7371299190557794,0.3854861250001704,0.1316814580059144,6.8574156669928925,A,525
13,13,4628,47.98714065551758,177.09924094988764,13.307863876290876,10.275689567646635,-1.2891081260672586,1.5467496778290113,0.4072229579905979,0.1301885419961763,7.39488504199835,A,525
14,14,4984,43.10396957397461,143.72308231829425,11.988456210801049,8.691461063536856,-0.8577023474162413,1.393397238963344,0.3892504999967059,0.1310492499906104,7.923018374989624,A,525
15,15,5340,39.30147933959961,127.48991697390512,11.291143297908548,7.92402014365563,-0.647879479162677,1.3123497821070975,0.3786978749994887,0.1280026669992366,8.436926582988235,A,525
16,16,5696,36.095680236816406,117.63081051063102,10.845773854853835,7.438006231659337,-0.520444936813458,1.2605852728692886,0.3858086249965708,0.1279478750075213,8.958179499997641,A,525
17,17,6052,33.62637710571289,101.35522202414148,10.067533065460548,6.692168808659079,-0.3100737253891688,1.170131710865845,0.40005641701282,0.1299692499887896,9.495316332991932,A,525
18,18,6408,30.900020599365234,84.93899936112807,9.216235639409838,6.064203507021854,-0.0978847374766416,1.07118690411692,0.3722929999930784,0.1271205840021139,10.002204166987212,A,525
19,19,6764,28.271488189697266,81.06362870089573,9.003534233893696,6.245287348384316,-0.0477933738870561,1.0464649928083736,0.3830400840088259,0.1282095830101752,10.520174791992758,A,525
20,20,7120,25.119871139526367,89.26538462110236,9.448036019253015,6.8320242113430005,-0.1538057205479754,1.0981286557140222,0.3838503340084571,0.1390053750074003,11.043057416987722,A,525
21,21,7476,21.24461555480957,98.67898876499623,9.933729851621507,7.299840521715913,-0.2754818927652545,1.1545799979972802,0.399803125008475,0.1342275000060908,11.577149749995442,A,525
22,22,7832,18.536849975585938,105.2328212321333,10.2583049882587,7.657466040931732,-0.3601938942224036,1.1923047968599516,0.3982173330005025,0.1301528329931898,12.105584166987684,A,525
23,23,8188,16.836872100830078,142.1930745684415,11.924473764843524,8.872715227999668,-0.8379261295490803,1.3859606714877908,0.3963204999890877,0.1307979159901151,12.632771999997203,A,525
24,24,8544,17.056177139282227,101.66478135639582,10.082895484750193,7.434630967344832,-0.3140749553163142,1.1719172579159067,0.3832069170020986,0.1296821669966448,13.145716749990244,A,525
25,25,8900,22.738670349121094,94.57586402984992,9.725012289444672,7.080085366361054,-0.2224466785931691,1.1303211218128435,0.3718266250070883,0.1280557080026483,13.645651791986891,A,525
26,26,9256,17.34571647644043,103.6488758322152,10.180809193390042,7.46020263409325,-0.3397205016389457,1.1832975965413677,0.3833600000070873,0.1295710839913226,14.15930899999512,A,525
27,27,9612,13.043892860412598,91.3152028292306,9.55589884988485,6.995664445977462,-0.1803007833840422,1.1106653633389587,0.3787339169939514,0.1284668750013224,14.66656879198854,A,525
28,28,9968,15.07420825958252,85.70910626458645,9.257921271245854,6.726319156194988,-0.1078388059480353,1.0760319519932608,0.3863175000005867,0.1448455839999951,15.197786041986546,A,525
29,29,10324,9.816595077514648,100.68079056124002,10.033981789959558,7.32325172231265,-0.301356316246574,1.1662321049595683,0.3998237080086255,0.1370853749976959,15.734746791989892,A,525
30,30,10680,12.303149223327637,80.91237142196904,8.995130428291134,6.416843152721884,-0.0458382877756711,1.0454882332225277,0.3862745420046849,0.1343308749928837,16.26310383300006,A,525
31,31,11036,8.560571670532227,72.58428800855167,8.519641307505362,5.834381075523161,0.0618069133780367,0.9902229666686004,0.3840273749956395,0.1428895420103799,16.79718874998798,A,525
32,32,11392,9.781013488769531,73.01014579500556,8.544597462432362,5.826390853777588,0.0563024599750069,0.9931235767854474,0.3822480420058127,0.1347126249893335,17.31417962499836,A,525
33,33,11748,7.856112957000732,86.87284218290684,9.320560186110429,6.6769459160715945,-0.1228807526720041,1.0833123632062842,0.3817929159995401,0.1337407910032197,17.829766666996875,A,525
34,34,12104,7.650293827056885,85.15388397337477,9.227886213720604,6.661718194783941,-0.1006622429556176,1.0725410299352496,0.3837765419884817,0.1321054590080166,18.345695457988768,A,525
35,35,12460,7.096860885620117,69.79597329130206,8.354398439822107,5.7811610718005095,0.097847462411757,0.9710170779753768,0.3846579999953974,0.1319587079924531,18.87000479199924,A,525
36,36,12816,6.221639633178711,72.44396938806797,8.51140231619138,5.912419813847253,0.0636206111254972,0.9892653631584504,0.3883812919957563,0.1304245840001385,19.38883954199264,A,525
37,37,13172,6.290051937103272,76.66129817544983,8.7556437898906,6.297167352336621,0.0091092448106927,1.0176531212741462,0.3915061670122668,0.1405790000135311,19.920982124996957,A,525
38,38,13528,5.22740364074707,77.59889821892244,8.809023681369148,6.272077922396332,-0.0030097674843487,1.0238573724383084,0.3764269169914769,0.1311843750008847,20.428906332992483,A,525
39,39,13884,5.302356719970703,71.22777603938835,8.439654971584345,5.74831325805139,0.0793405998865971,0.9809262951316328,0.3943896249984391,0.1336652080062776,20.957020624991856,A,525
40,40,14240,4.828742027282715,72.5030429273359,8.51487186793412,5.608226607203001,0.0628570521285843,0.9896686230723014,0.3812254170043161,0.1341144159960094,21.472420874997624,A,525
41,41,14596,4.38075065612793,73.03924207863629,8.546299905727407,5.747033304531082,0.0559263740079513,0.9933214487837344,0.3918365830031689,0.1384693750005681,22.002790832993924,A,525
42,42,14952,4.400864601135254,71.0858638223322,8.431243314146034,5.725886456396898,0.0811748957735194,0.979948622940689,0.386925250000786,0.1291588750027585,22.518936207998195,A,525
43,43,15308,3.689508199691773,70.51675113236068,8.397425268042621,5.67889105296328,0.0885310000474521,0.9760180107551788,0.3922876249998808,0.1327610419975826,23.04404416699253,A,525
44,44,15664,3.964556217193604,71.30902516130303,8.44446713305837,5.667008850738587,0.0782904089077243,0.9814856042197628,0.3979664579965174,0.1394584999943617,23.581528457987588,A,525
45,45,16020,3.502708196640014,70.58603564884751,8.401549598071032,5.570070020582994,0.0876354583791201,0.976497374400765,0.3951364580134395,0.1349729159992421,24.1116933329904,A,525
46,46,16376,3.199535846710205,71.08554674493222,8.431224510409637,5.56696542844116,0.0811789941787355,0.9799464374153872,0.3853885829885257,0.132963041003677,24.630113249993883,A,525
47,47,16732,3.248293161392212,71.06457913466072,8.429980968819605,5.643032208145389,0.0814500124326772,0.9798019027574112,0.3917062499967869,0.1328769579995423,25.154748707995168,A,525
48,48,17088,2.879260778427124,68.29069603955318,8.2638184902352,5.5752124853944975,0.1173040245657275,0.960489129302042,0.3983989580010529,0.1330630829907022,25.69420541699219,A,525
49,49,17444,2.7332518100738525,67.69275670648057,8.227560799318384,5.571392690604515,0.1250327295499519,0.9562749614787356,0.3968553330050781,0.1373778330016648,26.236051832995145,A,525
50,50,17800,2.694784879684448,68.07280273953704,8.250624384829129,5.611755477272064,0.1201204190404151,0.9589556015716868,0.3966351669951109,0.1346493330056546,26.7673633749946,A,525
51,51,18156,2.4583325386047363,65.90787191203955,8.118366332707557,5.475930415968663,0.1481033777646719,0.943583480139502,0.399954416003311,0.1398243750008987,27.315615707993857,A,525
52,52,18512,2.324018955230713,64.06761655381555,8.004224918992191,5.442907022561139,0.1718897219181254,0.9303170238147024,0.4165946669963887,0.138453457999276,27.878262332989834,A,525
53,53,18868,2.3698441982269287,65.65029088114295,8.102486709717144,5.602806622200166,0.1514327586687555,0.9417378194104176,0.4100852089904947,0.1352143749973038,28.423597374989185,A,525
54,54,19224,1.991669774055481,66.2581112533524,8.139908553132056,5.592900711515171,0.1435763356499374,0.946087294636784,0.3990049580024788,0.1368807079998077,28.959544792000088,A,525
55,55,19580,2.101677656173706,64.81666611315207,8.050879834723164,5.391962322628933,0.1622078315615793,0.9357396428425828,0.4110893750039395,0.1371223749883938,29.507814416996556,A,525
56,56,19936,1.8870676755905151,64.09755103668608,8.006094618269639,5.381919840569438,0.1715028017505344,0.9305343356824756,0.3940934580023167,0.1387752920127241,30.04074412499904,A,525
57,57,20292,1.832409739494324,65.11636831022952,8.06947137737222,5.403286227330505,0.1583340106967892,0.937900505237186,0.4044632089935476,0.1400076249992707,30.58527483299258,A,525
58,58,20648,1.7339022159576416,66.0489366473099,8.127049688989842,5.435720058587881,0.1462800360604564,0.9445927314105512,0.397279291995801,0.1353748749970691,31.117986082987045,A,525
59,59,21004,1.6265318393707275,64.9294236636322,8.057879600964029,5.409910465541639,0.1607503762743908,0.9365532133959475,0.3947625830041943,0.133363457993255,31.64617329199973,A,525
60,60,21360,1.5317505598068235,64.88012832512482,8.054820191979758,5.465484737264,0.1613875464810457,0.9361976236555688,0.3905709170066984,0.1398294999962672,32.17663445799553,A,525
61,61,21716,1.5109609365463257,65.69110154902053,8.105004722331785,5.443744255946233,0.1509052576418298,0.9420304836003034,0.3907944169914117,0.1365214170073159,32.70401191699784,A,525
62,62,22072,1.4263676404953003,65.04711369471389,8.065179086338622,5.439855037913149,0.1592291658781114,0.9374016197785516,0.3977641670062439,0.1390962919977028,33.24092645799101,A,525
63,63,22428,1.3915752172470093,64.60610999810245,8.037792607308456,5.470727818214941,0.164929388759499,0.934218537353712,0.3917214579996653,0.1382139580091461,33.77092620798794,A,525
64,64,22784,1.2440773248672483,64.6145839944834,8.038319724574496,5.465480312162082,0.1648198575504896,0.9342798032690388,0.4100773750105873,0.140309458001866,34.32137637499545,A,525
65,65,23140,1.2859922647476196,63.88276778842858,7.992669628380031,5.442295765587192,0.174278997042464,0.9289739726535446,0.3995559999893885,0.1353267079975921,34.86444358299195,A,525
66,66,23496,1.2014575004577637,64.34685934490383,8.02164941548207,5.492462808786616,0.1682803504787144,0.9323422424810932,0.4041601670032833,0.1435351670079399,35.41217254199728,A,525
67,67,23852,1.1584453582763672,65.14828192477533,8.07144856421543,5.489918252234517,0.1579215091298871,0.9381303101962064,0.4058938329981174,0.1433436249935766,35.96148266700038,A,525
68,68,24208,1.107928991317749,64.45786285887655,8.028565429693934,5.473635146492406,0.1668455671081359,0.9331460786830188,0.3948149999923771,0.1391322080016834,36.49550233299669,A,525
69,69,24564,1.1088268756866455,64.3364283997167,8.020999214544076,5.477472517171852,0.1684151763608716,0.9322666707664502,0.4076593749923631,0.1375767919962527,37.04079083299439,A,525
70,70,24920,1.0647341012954712,63.82390513566977,7.988986489891554,5.411219236821781,0.1750398302116487,0.928545887926844,0.4024926249985583,0.1336304169963114,37.585586457993486,A,525
71,71,25276,0.9707627296447754,63.74632671372853,7.984129677912836,5.418719798326492,0.1760425753116312,0.9279813891888654,0.3918362090043956,0.1361213329946622,38.12111337498936,A,525
72,72,25632,0.9302812218666076,64.28178964462296,8.017592509265045,5.485140754143719,0.1691214132572718,0.9318707153868504,0.3897148749965708,0.1333197079948149,38.64417987498746,A,525
73,73,25988,0.9540498852729796,64.23578874371103,8.014723248104767,5.449306192668344,0.1697160009896592,0.931537226194556,0.3930109580105636,0.1393683750065975,39.17661508299352,A,525
74,74,26344,0.9478466510772704,63.7366263613421,7.983522177669585,5.40098441467594,0.1761679578675044,0.92791078050108,0.4030499169894028,0.1367484590009553,39.724310374993365,A,525
75,75,26700,0.8134811520576477,63.23690738341247,7.95216369194023,5.390812911123399,0.1826271090586291,0.9242660387040514,0.4030885840038536,0.1428069590037921,40.277999957994325,A,525
76,76,27056,0.7994852662086487,64.204691917228,8.012783031957623,5.418834891396496,0.1701179451076316,0.9313117182746966,0.4283840830030385,0.1388641249941429,40.84529649998876,A,525
77,77,27412,0.7820935249328613,64.52205951674789,8.032562450223956,5.501145853204766,0.1660157888978429,0.933610645368894,0.4038684169936459,0.1499957500054733,41.39947145798942,A,525
78,78,27768,0.776174008846283,63.46138571067395,7.966265480805542,5.449332492071608,0.1797255993722852,0.9259050648908984,0.4324333330005174,0.1456790420052129,41.97764649998862,A,525
79,79,28124,0.7411642074584961,64.39763511681251,8.02481371228096,5.413052024508295,0.167624044830762,0.9327100231482036,0.3991803329990944,0.1392472499865107,42.516134666992,A,525
80,80,28480,0.6883653998374939,64.49594140396198,8.030936520976988,5.482159066779411,0.1663533803177447,0.933421666464218,0.3924088749918155,0.1342532920098165,43.04286479199072,A,525
81,81,28836,0.6431745290756226,64.04133860942628,8.002583246016643,5.434135228516119,0.1722293792521445,0.930126215044066,0.397770291994675,0.1354019169957609,43.5760963329958,A,525
82,82,29192,0.6052945852279663,64.54997856553791,8.034300129167313,5.442915504277959,0.165654919358739,0.933812612744785,0.398419457997079,0.1369142500043381,44.11148820800008,A,525
83,83,29548,0.5901703834533691,64.35107871389506,8.02191241001141,5.470636015478899,0.1682258127416078,0.9323728098739752,0.3928383329912321,0.1345482499891659,44.63893558298878,A,525
84,84,29904,0.5893781185150146,64.8020459570657,8.04997179852611,5.450910979195645,0.1623968053704012,0.935634103387994,0.384591415990144,0.1319272920081857,45.15551379199314,A,525
85,85,30260,0.5946716666221619,65.12576415752949,8.070053541181093,5.586554613190624,0.1582125640418501,0.9379681691156406,0.4554397500032792,0.1406810000044061,45.75169383299362,A,525
86,86,30616,0.6404827237129211,65.19224291335807,8.07417134530585,5.486656212131021,0.1573532884212328,0.9384467742668908,0.4094404170027701,0.1365902090037707,46.297781874993234,A,525
87,87,30972,0.6755592226982117,64.07032143884908,8.00439388328992,5.485276950998345,0.1718547597450685,0.9303366622386828,0.4113865830004215,0.1373256250080885,46.84655720798765,A,525
88,88,31328,0.6787319183349609,65.09668552840417,8.068251702097808,5.514014633560953,0.1585884218144108,0.9377587445192156,0.4043053750065155,0.1393478329991921,47.39026908300002,A,525
89,89,31684,0.6752927303314209,64.24799523769698,8.015484716328576,5.424989975415743,0.1695582251323253,0.9316257303106787,0.4037305829988327,0.1407798750005895,47.93484074999287,A,525
90,90,32040,0.5736584663391113,65.2056580991575,8.075002049483176,5.503001358827599,0.1571798895367345,0.938543325556459,0.451023041998269,0.139998332990217,48.525924166999175,A,525
91,91,32396,0.4659828245639801,63.92189177875704,7.995116745786583,5.385032592997377,0.1737732972794121,0.9292583968177366,0.4681584159989143,0.139739374993951,49.13413966698863,A,525
92,92,32752,0.4340624809265136,63.83678608724011,7.989792618537737,5.475459687622935,0.1748733366075371,0.92863958284553,0.4052954579965444,0.1371265829948242,49.67661879200023,A,525
93,93,33108,0.4372765123844147,65.04939216027746,8.065320338354669,5.410450345591495,0.1591997154185352,0.9374180372526364,0.4078454999980749,0.1750044170039473,50.25952466699528,A,525
94,94,33464,0.4828238487243652,64.26676408550527,8.01665541766049,5.492873842416987,0.1693156271301859,0.9317617988732072,0.4560808329988504,0.142298375008977,50.85796224999649,A,525
95,95,33820,0.5213005542755127,65.21114138871957,8.075341564833005,5.487704453198051,0.1571090149094534,0.9385827868300974,0.3994266660010908,0.1375812499900348,51.39502720799646,A,525
96,96,34176,0.5824478268623352,64.66790787517634,8.04163589546159,5.437412008100193,0.1641306161514134,0.9346652359950512,0.3974723330029519,0.1444849169929511,51.93704016698757,A,525
97,97,34532,0.5704879760742188,63.98779762216498,7.999237315029789,5.399464198934887,0.1729214268767425,0.9297373233538544,0.4087356249947333,0.1347149579960387,52.48054541699821,A,525
98,98,34888,0.4191520512104034,63.84795329396523,7.990491430066441,5.37450132099723,0.1747289941274518,0.9287208044838736,0.404848584003048,0.1400721660029376,53.02551929198671,A,525
99,99,35244,0.3260982036590576,64.57162859804819,8.035647366457054,5.436964189475365,0.1653750804103442,0.9339691997720672,0.404195916999015,0.1393530409986851,53.56912599998759,A,525
100,100,35600,0.3890178203582763,64.28353146156978,8.017701133215791,5.355095624923706,0.1690988992854125,0.9318833405581312,0.4047811669879593,0.1395054169988725,54.11347520799609,A,525
101,101,35956,0.4965896606445312,64.13557832990604,8.008469162699326,5.508922217828542,0.1710112774195703,0.9308103248168514,0.3933845830033533,0.1369205829978454,54.64386916699005,A,525
102,102,36312,0.7574446201324463,65.57278871709799,8.097702681446016,5.3791717392230325,0.1524345180921811,0.9411817801951176,0.4049134170054458,0.1370721669954946,55.18594041699544,A,525
103,103,36668,0.930034041404724,65.82594765857091,8.113319151775734,5.580780271576484,0.1491622952017612,0.9429968551519896,0.4072835830011172,0.137389790994348,55.73068466699624,A,525
104,104,37024,0.7836686968803406,65.31084680860647,8.081512655970197,5.401277769432377,0.1558202658123262,0.9393000419295662,0.4020047090016305,0.1397660410002572,56.272523082996486,A,525
105,105,37380,0.5422544479370117,64.79460103820738,8.049509366303475,5.404658074321052,0.1624930351688187,0.9355803557018116,0.4019402080011787,0.1354302079998888,56.809958582991385,A,525
106,106,37736,0.5132928490638733,64.75352273898808,8.04695735908847,5.468995720751373,0.1630239954826152,0.9352837403791484,0.4028492499928688,0.1343352499970933,57.34721762499248,A,525
107,107,38092,0.5962104797363281,64.67592688769147,8.042134473365357,5.335994834359358,0.1640269658669003,0.9347231848303555,0.3933672910061432,0.1394261660025222,57.880074582993984,A,525
108,108,38448,0.4804574251174927,64.26611455576689,8.01661490629099,5.413100247441033,0.1693240226704168,0.9317570903077826,0.3984635829983745,0.1341159160074312,58.41271020799468,A,525
109,109,38804,0.4561234712600708,64.44482845592073,8.027753636972221,5.444497818888923,0.1670140441584303,0.9330517254387682,0.4049532079952769,0.135337208994315,58.95306112499384,A,525
110,110,39160,0.4763199388980865,64.90039707369871,8.056078268841404,5.364731320485412,0.1611255614108849,0.9363438477226712,0.4092324170051142,0.138395458998275,59.50074929199764,A,525
111,111,39516,0.396986186504364,64.47270287055642,8.029489577212017,5.451586125833303,0.166653751541084,0.9332534907281936,0.391038583999034,0.1374998749961378,60.02935129198886,A,525
112,112,39872,0.4269884526729584,65.49214389412103,8.092721661723022,5.408590336077609,0.1534768981645727,0.9406028450088684,0.3915919580031186,0.1377232080121757,60.55872512499627,A,525
113,113,40228,0.5402600169181824,64.58575069296775,8.036526033863622,5.38708528815976,0.1651925443245649,0.9340713257436476,0.3898207079910207,0.1344728330004727,61.083090707994415,A,525
114,114,40584,0.4660910367965698,63.26747871884361,7.95408566202575,5.351893112244394,0.1822319572105196,0.9244894259161698,0.404777458999888,0.1391552499990211,61.627086416992825,A,525
115,115,40940,0.3531306087970733,65.75322309998425,8.108836112537006,5.394985868863249,0.1501023013651554,0.9424757993640244,0.4052962080022553,0.1369510829972569,62.16943695799273,A,525
116,116,41296,0.3838008940219879,64.75934558134846,8.047319154932806,5.353504799155571,0.1629487319428481,0.9353257912755858,0.3997219579905504,0.1372025000018766,62.70641995799088,A,525
117,117,41652,0.5034013390541077,63.96965635043865,7.998103297059788,5.365578768224369,0.1731559131021111,0.9296055184341426,0.4075115000014193,0.1493621249974239,63.26335099998687,A,525
118,118,42008,0.4185068607330322,63.81241498894343,7.988267333342283,5.275612434394929,0.1751883468743958,0.9284623016224428,0.5654483329999493,0.1673349579941714,63.99619299999904,A,525
119,119,42364,0.2790915071964264,65.1568746539493,8.071980838304146,5.370570473342772,0.1578104432321919,0.9381921754799885,0.456225917005213,0.1696757079917006,64.62215370799822,A,525
120,120,42720,0.3170896470546722,64.39665441870865,8.024752607944288,5.339590602558151,0.1676367209099295,0.9327029210983224,0.4315940830128966,0.1407545410038437,65.19483599999512,A,525
121,121,43076,0.3868298232555389,64.4574644600722,8.02854061832362,5.389294068822976,0.1668507166386227,0.9331431949009636,0.4209111249947455,0.1444578749942593,65.76026908299536,A,525
122,122,43432,0.4116109311580658,64.2697856009472,8.016843867816512,5.277581300812694,0.1692765723295323,0.9317837021043212,0.4043385839904658,0.1533008749975124,66.3179778749909,A,525
123,123,43788,0.3519431054592132,64.48234051848178,8.03008969554399,5.377623225995886,0.1665291794759309,0.9333232414293782,0.3984574999922188,0.1425154580065282,66.8590173329867,A,525
124,124,44144,0.2851453125476837,63.6542870416204,7.97836368196013,5.346118148521856,0.1772322402713072,0.9273112175921976,0.4072072920098435,0.1399597080016974,67.40624770800059,A,525
125,125,44500,0.265264093875885,64.05300336594449,8.003312024777273,5.3044442030099725,0.1720786056588121,0.9302109197212172,0.4128372499981196,0.1368717919976916,67.95602483299444,A,525
126,126,44856,0.231210172176361,65.17413831862233,8.073050124867448,5.410468456233561,0.1575873005756977,0.9383164567818316,0.4072895839926786,0.1380993749917252,68.5015025419998,A,525
127,127,45212,0.3027055263519287,63.48306508870757,7.967626063559181,5.307932972425391,0.179445381116359,0.926063203038043,0.4144841670058667,0.1380075419874629,69.05406279199815,A,525
128,128,45568,0.437821477651596,65.38121149910116,8.085864919666983,5.475983871622124,0.1549107622823529,0.9398058979056576,0.4161268750031013,0.1389458750054473,69.60919649999414,A,525
129,129,45924,0.6749777793884277,63.97053175156701,7.99815802241785,5.280098881316088,0.173144598046068,0.929611879066528,0.4182010000076843,0.1411969170003431,70.16865254199365,A,525
130,130,46280,1.0018800497055054,66.9601156159568,8.182916082666178,5.567695981095194,0.1345025311414975,0.9510859843641144,0.4125581249973038,0.1472939999948721,70.72856841699104,A,525
131,131,46636,0.9555439352989196,63.6229342820461,7.976398578434136,5.354562656116872,0.1776374924696295,0.9270828170559442,0.4350731250015087,0.1444613749918062,71.30816916699405,A,525
132,132,46992,0.5886667370796204,64.58766759830067,8.036645295040753,5.295170737181598,0.165167767236019,0.9340851872610948,0.4177743750042282,0.1476816670037806,71.87368920799054,A,525
133,133,47348,0.3759161829948425,64.8693506419799,8.0541511434775,5.415346936899641,0.1615268541479499,0.936119861321588,0.4127893749973736,0.1449864580063149,72.43153237499064,A,525
134,134,47704,0.5491145253181458,62.70630910130947,7.918731533604954,5.340686309675456,0.1894853927685124,0.9203802775770276,0.4521567079937085,0.1501958339940756,73.04200262499216,A,525
135,135,48060,0.5354084968566895,64.76126812512598,8.047438606483803,5.328079429956583,0.1629238819742078,0.9353396749198536,0.4263925419945735,0.1474468749947846,73.61587437499838,A,525
136,136,48416,0.3624544441699981,66.38711507990094,8.14782885681216,5.420505629377327,0.1419088880309519,0.9470078576421912,0.4658980419917498,0.1483411670051282,74.23018366699398,A,525
137,137,48772,0.4321077167987823,63.60104465662656,7.975026310716884,5.292110344658979,0.1779204282922548,0.9269233207859728,0.4243959580053342,0.1448992079967865,74.79953412499162,A,525
138,138,49128,0.3693903386592865,64.27999796578706,8.017480774269874,5.300239828675382,0.1691445717223256,0.9318577286243324,0.4380993750091875,0.1459549589926609,75.38364324999566,A,525
139,139,49484,0.3148614168167114,65.94181520701832,8.12045658858037,5.416600446590045,0.1476646414270985,0.9438264269135226,0.43210208399978,0.152106833003927,75.96791374999157,A,525
140,140,49840,0.3501581251621246,64.50773625677326,8.031670825972219,5.34539901679344,0.1662009251560441,0.9335070134459243,0.4619322920043487,0.1548395419958979,76.58476295799483,A,525
141,141,50196,0.3708065450191498,65.74384521048997,8.108257840651712,5.363829905204927,0.1502235159052722,0.9424085878370212,0.428808291995665,0.1397879169962834,77.15367895799864,A,525
142,142,50552,0.4564733505249023,64.75023196613755,8.046752883377092,5.443334460741113,0.1630665305879766,0.9352599745258424,0.5582781249977415,0.1954522089945385,77.90747695798927,A,525
143,143,50908,0.470245748758316,64.9534033340452,8.059367427661131,5.3196116183933455,0.1604404254349157,0.9367261408834696,0.4510471660032635,0.1551325839973287,78.5137177919969,A,525
144,144,51264,0.3477087020874023,64.20332563445426,8.012697775060174,5.324764660012867,0.1701356050873308,0.9313018090150372,0.4370310419908492,0.1572841660090489,79.10809558299661,A,525
145,145,51620,0.2446994632482528,64.58124126882629,8.036245470916521,5.438323935999079,0.1652508311889847,0.9340387164043824,0.4440757090051193,0.1476836670044576,79.69992149999598,A,525
146,146,51976,0.3254030346870422,65.63832985674286,8.101748567855143,5.393608888151192,0.1515873616924807,0.941652026476416,0.4428175000066403,0.1559194580040639,80.29872041699127,A,525
147,147,52332,0.398579865694046,65.06508995012321,8.066293445574814,5.406204495835401,0.1589968125822245,0.9375311397981122,0.41647329099942,0.1439079579868121,80.85916837499826,A,525
148,148,52688,0.2535815834999084,65.15321128075448,8.071753916018158,5.409447813806263,0.157857794408313,0.9381658007006846,0.4215149160008877,0.1518853750021662,81.43262995799887,A,525
149,149,53044,0.2709708511829376,65.71387079714948,8.106409241899245,5.3204007882338304,0.1506109521968325,0.9421937284462584,0.4219577920011943,0.1494210419914452,82.00407379199169,A,525
150,150,53400,0.3931992948055267,65.00833353086759,8.062774555379034,5.430100910576732,0.15973042148889,0.9371221453623984,0.422638249990996,0.1441305420012213,82.57091195799876,A,525
151,151,53756,0.3299628496170044,64.78292375755717,8.048783992477198,5.320569991582801,0.1626439706436595,0.9354960467742084,0.441007792003802,0.1534301250067073,83.1654319169902,A,525
152,152,54112,0.2587807178497314,64.93971160677677,8.058517953493482,5.359448682924032,0.1606173987747334,0.9366274079908468,0.4350827500020386,0.1420879590004915,83.74266816698946,A,525
153,153,54468,0.1939062178134918,65.31185204540756,8.081574849335219,5.426258244977789,0.155807272556581,0.9393072705553024,0.414265624989639,0.1441863750078482,84.30121279199375,A,525
154,154,54824,0.2421817481517791,65.07318477152674,8.066795198313066,5.319704936100886,0.1588921824248363,0.9375894576388608,0.4267709170089802,0.1505546249973122,84.87860399999772,A,525
155,155,55180,0.2965410351753235,64.56422361971583,8.03518659520212,5.4103305986535695,0.1654707939548123,0.9339156451372478,0.4207528330007335,0.141914124993491,85.44132745800016,A,525
156,156,55536,0.3461945354938507,64.9699198766877,8.060392042369136,5.323021374250713,0.1602269397543751,0.9368452300539208,0.4252284579997649,0.1581152500002645,86.02473508298863,A,525
157,157,55892,0.2667471766471863,65.1756496291145,8.073143726524043,5.350768614877091,0.1575677660304895,0.9383273359382106,0.4342011670087231,0.1508932919969083,86.60989004198927,A,525
158,158,56248,0.1724812388420105,64.82208141619772,8.051216145166997,5.402130344136041,0.1621378356985797,0.9357787316156186,0.4265459169982932,0.1603295829991111,87.19684233299631,A,525
159,159,56604,0.2341238558292389,65.24207653800615,8.0772567458269,5.361431901754155,0.1567091605609354,0.9388053849580036,0.423191833004239,0.1544694579934002,87.7745662919915,A,525
160,160,56960,0.3174038827419281,64.08711175661205,8.00544263339711,5.308013135122384,0.171637735365832,0.9304585566242504,0.5450372920022346,0.1495697080099489,88.46922699999413,A,525
161,161,57316,0.4285953640937805,65.0164027665674,8.063274940529276,5.432056458855447,0.1596261220412329,0.9371803042507912,0.4322798749926733,0.1439717909961473,89.04554141699919,A,525
162,162,57672,0.464790940284729,65.24779564431797,8.07761076335806,5.30634252841656,0.1566352378684272,0.9388465317947428,0.4218866669980343,0.1556277920026332,89.62311062499066,A,525
163,163,58028,0.3859206438064575,64.9476377943391,8.059009727897038,5.395693855247035,0.1605149483053788,0.9366845660672546,0.4235764170007314,0.1650430409936234,90.21179083299648,A,525
164,164,58384,0.2827792167663574,64.19301328687514,8.012054248872454,5.362558861975728,0.1702688980281448,0.931227013094912,0.49457320800866,0.1699005420086905,90.87632416699488,A,525
165,165,58740,0.3382178544998169,65.23567273848398,8.076860326790602,5.32728538435963,0.1567919333014923,0.9387593098686896,0.4678558329906082,0.152954375007539,91.4971916249924,A,525
166,166,59096,0.33001509308815,64.81236806280526,8.050612899823545,5.366044177700151,0.1622633862998286,0.9357086174673744,0.4252154999994673,0.1425822500023059,92.06504849999328,A,525
167,167,59452,0.2020902633666992,63.957201970515165,7.997324675822232,5.330537840422348,0.1733168930257688,0.9295150206533164,0.4189961249940097,0.1438475000031758,92.6279559579998,A,525
168,168,59808,0.3062639832496643,65.71115072857452,8.106241467448063,5.344125102406089,0.1506461106257735,0.9421742283160552,0.416354417000548,0.1450526249973336,93.18941674999952,A,525
169,169,60164,0.4070972502231598,64.65169702748919,8.040627900076535,5.358392954837938,0.1643401505512902,0.9345480784593578,0.4156255409907317,0.146089416986797,93.75118358299368,A,525
170,170,60520,0.2342161983251571,64.46601705527432,8.029073237632991,5.341798868256542,0.1667401694952749,0.9332051003091368,0.4101381250075064,0.144298291997984,94.30568033299642,A,525
171,171,60876,0.2116643637418747,65.26252688335565,8.07852256810338,5.326915622240136,0.1564448282494627,0.9389525092610876,0.4205425840045791,0.1433246249944204,94.86960974999238,A,525
172,172,61232,0.2495111376047134,64.5996009255574,8.037387692873686,5.37997054667608,0.1650135222135786,0.9341714748591337,0.4183735000115121,0.1499576249916572,95.43799345799198,A,525
173,173,61588,0.334640771150589,64.41388214755206,8.02582594799763,5.351786290103124,0.1674140427444128,0.9328276735302036,0.4132721249916358,0.1457533749926369,95.99707683299494,A,525
174,174,61944,0.3248959481716156,64.23032954980708,8.014382668041693,5.318339113281806,0.169786564166894,0.9314976411711644,0.4204443329945206,0.1423928750009508,96.5599707079964,A,525
175,175,62300,0.1931761503219604,65.17883642173346,8.073341094103077,5.393753778596639,0.1575265749285909,0.9383502756257608,0.4187935410009231,0.1409252500016009,97.11975520799751,A,525
176,176,62656,0.2354499995708465,64.30319045376011,8.018927013869131,5.336825654091623,0.1688447956623151,0.9320258225164108,0.4096903750032652,0.1405814169993391,97.67011058299975,A,525
177,177,63012,0.22481469810009,64.36023323963397,8.022482984689589,5.355819868775997,0.1681074853047039,0.9324391267680954,0.40888287499547,0.1438840839982731,98.2229350419948,A,525
178,178,63368,0.1625073105096817,65.00930855651163,8.062835019799898,5.363051921129227,0.1597178187294826,0.9371291730359876,0.4225069589883787,0.144802750000963,98.79030991699256,A,525
179,179,63724,0.1736689954996109,64.24244771865229,8.015138658729011,5.30946385908706,0.1696299299620952,0.931585508642828,0.4175848750019213,0.1452897499984828,99.35325141699286,A,525
180,180,64080,0.2015849202871322,64.49258597733476,8.030727611949914,5.397015236649919,0.1663967511098361,0.9333973853344042,0.4214075420022709,0.1480082499911077,99.9227351249865,A,525
181,181,64436,0.3474571406841278,64.26721782661394,8.016683717511496,5.265665784779831,0.1693097622690299,0.9317650881152548,0.4265120830095839,0.1444951669982401,100.4938055419916,A,525
182,182,64792,0.4987711608409881,66.437118631666,8.150896799228045,5.481980816555409,0.1412625637662985,0.94736443920836,0.40844054101035,0.1474404579930706,101.04973979199713,A,525
183,183,65148,0.5524209141731262,64.1383143392478,8.008639980623913,5.34723962849451,0.1709759129471785,0.9308301786846306,0.4186535409971839,0.1445963750011287,101.61304625000048,A,525
184,184,65504,0.4384800791740417,64.92606164432476,8.057670981389396,5.335450108234699,0.1607938322806132,0.9365289659086836,0.412881333992118,0.1426793330028886,102.1686633329955,A,525
185,185,65860,0.3030079007148742,65.09256441358518,8.06799630723671,5.373895384522102,0.1586416895606192,0.9377290604224444,0.4166751250013476,0.1471675829961896,102.73256404198764,A,525
186,186,66216,0.3820347785949707,63.44935037775408,7.965510051324653,5.308491733875352,0.1798811628757709,0.9258172626472738,0.4147065419965656,0.1437092089909128,103.29103774999383,A,525
187,187,66572,0.4235906898975372,64.78021820501601,8.048615918592215,5.345394179888582,0.1626789414446312,0.9354765118413398,0.4103301249997457,0.1493051249999553,103.8507308329863,A,525
188,188,66928,0.2229582518339157,66.01485686541483,8.12495273004187,5.399650024499005,0.146720536568828,0.9443490055498608,0.4237676660122815,0.1459690420015249,104.420523666995,A,525
189,189,67284,0.3391577899456024,64.05356208489594,8.003346930184643,5.282441187966691,0.1720713838995029,0.9302149767154956,0.4421334159997059,0.1444626670127036,105.00717591699504,A,525
190,190,67640,0.3231859803199768,64.03608280767713,8.002254857705866,5.322356907462302,0.1722973134704306,0.9300880470466608,0.4124668750009732,0.138514792008209,105.55821945799109,A,525
191,191,67996,0.2067567855119705,64.72543739870393,8.045212079162608,5.364453890545648,0.1633870144335883,0.9350808895543922,0.4261135830020066,0.141417958002421,106.12580949999392,A,525
192,192,68352,0.3119384944438934,64.18408626018605,8.01149712976208,5.374225450430805,0.1703842849108101,0.931162260117838,0.4084486669889884,0.1465711670025484,106.68088779199752,A,525
193,193,68708,0.6182347536087036,66.46952835881322,8.152884664878636,5.426328637339325,0.1408436496626669,0.947595485346433,0.4115389999933541,0.1470091249939287,107.23949112498669,A,525
194,194,69064,0.7701576352119446,63.9397426404495,7.996233028148286,5.338305230082771,0.1735425647684292,0.9293881403588022,0.4308183750108583,0.1551936659961938,107.82555129200044,A,525
195,195,69420,0.3509319126605987,64.32252948922807,8.02013276007499,5.333598703507953,0.1685948276613084,0.932165964283173,0.4252390409965301,0.1802341250004246,108.43107616699126,A,525
196,196,69776,0.3419876098632812,65.89567960165108,8.117615388871974,5.401493080231825,0.1482609702909648,0.9434961992545638,0.4425989580049645,0.1508756250113947,109.02460912498644,A,525
197,197,70132,0.4347517490386963,63.75068141729431,7.984402383227834,5.327818720929535,0.1759862882983975,0.9280130852493328,0.4928757080051582,0.2531141670042416,109.77066108299186,A,525
198,198,70488,0.3388052880764007,64.01591396726705,8.0009945611322,5.381876760166183,0.172558007170914,0.9299415649863236,0.515807332994882,0.1700699579960201,110.45658412500052,A,525
199,199,70844,0.3233424425125122,65.42074499697001,8.088309155625174,5.353936691515841,0.1543997694021006,0.94008998716416,0.4284838330058846,0.152085249996162,111.03721420798684,A,525
200,200,71200,0.3017229735851288,64.80414687532198,8.050102289742782,5.349063937963262,0.1623696498104627,0.9356492701532404,0.4494607920059934,0.1520899159950204,111.6388330829941,A,525
201,201,71556,0.2634202539920807,65.0513713269278,8.065443033518234,5.395580072634616,0.1591741335671516,0.937432297896304,0.4348656670044875,0.1506550000049173,112.22444887500023,A,525
202,202,71912,0.2473686635494232,66.47160795417729,8.153012201277347,5.410746362527855,0.1408167697132032,0.9476103086783706,0.4274501249892637,0.1474037910084007,112.79936604198885,A,525
203,203,72268,0.2895520627498626,65.20525983901578,8.074977389381086,5.343201406571547,0.1571850372749281,0.938540459356044,0.4308859589946223,0.1465660840040072,113.37688791699476,A,525
204,204,72624,0.1662135273218155,64.8139340877496,8.050710160460977,5.382716493567957,0.1622431445392969,0.9357199219006788,0.4257778330065775,0.1459781659941654,113.94872170798772,A,525
205,205,72980,0.2742304801940918,65.70425427284579,8.105816076919448,5.332576218042297,0.150735251227196,0.9421247859210018,0.4314167499978794,0.1876983749971259,114.56789916699928,A,525
206,206,73336,0.4245867133140564,66.14140089041823,8.132736371629061,5.467184479178687,0.1450848832798197,0.9452536845598992,0.4662381249945611,0.1624770830094348,115.1966712079884,A,525
207,207,73692,0.4404539763927459,64.28196366363998,8.017603361581314,5.289456742012549,0.1691191639627871,0.9318719767325364,0.4584083329973509,0.1486567499960074,115.8037934169988,A,525
208,208,74048,0.3843591511249542,64.90461014533966,8.056339748629005,5.371053545098556,0.1610711050706019,0.9363742390597776,0.4582880000089062,0.1473448749893577,116.40948762498738,A,525
209,209,74404,0.2296638488769531,65.4117528925219,8.087753266051203,5.450079840687122,0.1545159974517082,0.940025377093946,0.5748153750027996,0.1916903749952325,117.17605520799408,A,525
210,210,74760,0.3072988986968994,64.50238065596656,8.031337413903525,5.333705878450803,0.1662701493337469,0.9334682615459478,0.4604659159958828,0.1471495830046478,117.7837334999931,A,525
211,211,75116,0.253399908542633,64.50958953042776,8.031786198002768,5.355981364423929,0.1661769705430281,0.9335204229346854,0.4407965420105029,0.1491700829938054,118.37376662499446,A,525
212,212,75472,0.2483452260494232,64.49274962915618,8.030737801046438,5.425302754529574,0.1663946358172335,0.9333985695952228,0.4495639170054346,0.1492825829918729,118.97267816698876,A,525
213,213,75828,0.2754641771316528,63.71768798777869,7.982335998176141,5.290530564813961,0.1764127470861707,0.927772912938984,0.4144362079969141,0.1505076249886769,119.537696082989,A,525
214,214,76184,0.2979395687580108,65.02096888957794,8.063558078762622,5.368408735464459,0.1595671023117747,0.93721321291106,0.4100171250029234,0.1410665000003064,120.08883941698878,A,525
215,215,76540,0.3407210111618042,64.27966927204179,8.017460275675944,5.404660704406167,0.1691488202753924,0.931855346108712,0.4266618749970803,0.1440786669991212,120.65965104199132,A,525
216,216,76896,0.3756478726863861,65.1419405857916,8.071055729320149,5.324076773666659,0.1580034745325615,0.9380846516853169,0.4233011670003179,0.1461965409980621,121.22921316699647,A,525
217,217,77252,0.1989407986402511,64.9958161794416,8.061998274586866,5.323065330142434,0.1598922153549302,0.9370319196074348,0.4284963340032846,0.1495705420093145,121.80733649998729,A,525
218,218,77608,0.2772478461265564,63.49151109053104,7.968156065899502,5.354234020719644,0.1793362117528815,0.9261248042804936,0.4242514580109855,0.1425492080015828,122.37419849999424,A,525
219,219,77964,0.3317194879055023,64.3768558110453,8.023518916974353,5.340657836512516,0.1678926291421949,0.9325595313606436,0.4242078749957727,0.1483932499977527,122.9468672919902,A,525
220,220,78320,0.1954986453056335,64.75997455433766,8.047358234497683,5.320600505782525,0.1629406021102587,0.9353303334248704,0.4240922500030137,0.1488963329902617,123.51991941699816,A,525
221,221,78676,0.2609434723854065,63.70029665811701,7.981246560413793,5.405690732755159,0.1766375398850451,0.9276462894986188,0.4125429580017226,0.1464121669996529,124.0789389579877,A,525
222,222,79032,0.4654749035835266,65.3488459189598,8.083863304074345,5.3872576353521,0.1553291057608966,0.939573253635936,0.4207896250009071,0.1487405420048162,124.64852712499852,A,525
223,223,79388,0.3728905916213989,64.30780961321925,8.019215024752688,5.28345874205292,0.1687850904066808,0.9320592975162676,0.431973333004862,0.1430402910045813,125.22360074998868,A,525
224,224,79744,0.1944397091865539,63.81899261630181,7.988679028243769,5.306523801826755,0.1751033273104747,0.9285101521987756,0.42168991699873,0.1417781249911058,125.78713487499044,A,525
225,225,80100,0.2659445106983185,64.88926322777992,8.055387217743162,5.362894771552762,0.1612694726836291,0.9362635280655492,0.4176653750037076,0.1506597089901333,126.35553854198952,A,525
226,226,80456,0.3415127098560333,64.30960712945534,8.019327099542414,5.2950567540369535,0.1687618564899192,0.9320723237725106,0.4188082500040764,0.1495362080022459,126.9239740419871,A,525
227,227,80812,0.1588464528322219,64.27113842284692,8.016928241093774,5.328177618594305,0.169259086339264,0.931793508662356,0.4222261249960866,0.1491297500033397,127.49539262498728,A,525
228,228,81168,0.2477868646383285,65.60091376691017,8.099439101994049,5.392854943449198,0.1520709858730382,0.9413836013099272,0.425615915999515,0.1495884580072015,128.07065195799805,A,525
229,229,81524,0.3988417685031891,64.15349507388422,8.009587696872057,5.313161284334747,0.1707796933426814,0.9309403300819634,0.4277078329905635,0.146880542000872,128.64530033299525,A,525
230,230,81880,0.3139728605747223,64.51634702344954,8.032206858855762,5.346182303872668,0.166089626113402,0.9335693156078364,0.4343779159971745,0.1458600830083014,129.2255927919905,A,525
231,231,82236,0.1934683322906494,64.8356442288801,8.05205838459211,5.352930851793483,0.161962528652897,0.9358766236268052,0.4249962500034598,0.146763083001133,129.79740845799097,A,525
232,232,82592,0.2627092003822326,63.73097100641598,7.983167980596173,5.295340976251764,0.1762410565371981,0.9278696127964596,0.4297229160001734,0.1452425830066204,130.37242912499642,A,525
233,233,82948,0.2611663937568664,64.61212747074413,8.038166922299146,5.406842274463129,0.1648516095129673,0.934262043328573,0.4232437499886146,0.1497799580101855,130.9455164999963,A,525
234,234,83304,0.2132265567779541,64.43053514351286,8.02686334401632,5.322701604742753,0.1671987933273472,0.9329482482499786,0.4342239999969024,0.1447099159995559,131.52450887499435,A,525
235,235,83660,0.1631442755460739,64.09902563378346,8.006186709900254,5.270809091054476,0.1714837417467755,0.9305450393311836,0.4227749169949675,0.1442629999946802,132.09160395798972,A,525
236,236,84016,0.2416871786117553,65.21332074547146,8.075476502688337,5.44896905914492,0.1570808454874751,0.9385984704203568,0.4261312080052448,0.1437749160104431,132.66157016699435,A,525
237,237,84372,0.3879492580890655,65.1336967810204,8.070545011399194,5.253944822651172,0.1581100303844684,0.9380252918371064,0.43791633399087,0.1458817079983418,133.2454252079915,A,525
238,238,84728,0.4942270219326019,65.75293639341695,8.108818433866734,5.452067421394804,0.1501060072101356,0.9424737446031848,0.4345451249973848,0.1473830830072984,133.8274084579898,A,525
239,239,85084,0.4712916016578674,64.61038426313344,8.038058488412076,5.384284721212349,0.1648741414599458,0.93424944024806,0.4350786249997327,0.1481356250005774,134.41070179198869,A,525
240,240,85440,0.4715458154678345,64.99497213093329,8.061945927065828,5.336859099657429,0.1599031251605781,0.9370258353468764,0.4283950829994865,0.1502119579963619,134.98938979199738,A,525
241,241,85796,0.283393383026123,64.63771266610064,8.039758246744777,5.3847339578003055,0.1645209063530694,0.9344470001778828,0.4289321249962086,0.1478000839997548,135.5661824169947,A,525
242,242,86152,0.3274107575416565,63.73686614839669,7.983537195278587,5.361552078231626,0.1761648584838354,0.9279125259714353,0.4328737500036368,0.1471675840002717,136.14628212498792,A,525
243,243,86508,0.3409962058067322,65.0015021030566,8.062350904237336,5.319333869918638,0.1598187215675968,0.9370729051332358,0.4266850830026669,0.146401040998171,136.71942287498678,A,525
244,244,86864,0.2563084363937378,66.02183770509738,8.125382311319104,5.414721920422697,0.1466303052569465,0.9443989350282762,0.4283221249934286,0.1528994999971473,137.30070329199953,A,525
245,245,87220,0.3137058317661285,63.80886226233139,7.988044958707443,5.306461004110483,0.1752342678806842,0.9284364554086556,0.4283796250092564,0.1497266660007881,137.87886979199538,A,525
246,246,87576,0.2141472250223159,63.7408817881712,7.983788686342543,5.29169238723724,0.1761129540623943,0.9279417563367116,0.4254804170050192,0.1458434579981258,138.45024920799187,A,525
247,247,87932,0.1801449656486511,65.4973362933176,8.093042462097774,5.359093855568754,0.1534097834602358,0.9406401310737776,0.4476280829985626,0.1623679170006653,139.0603157079895,A,525
248,248,88288,0.2117336541414261,64.46700276438045,8.02913462113947,5.344172347382254,0.1667274286460611,0.9332122348064348,0.4378845000028377,0.1485050839983159,139.64676258299733,A,525
249,249,88644,0.1742302030324936,63.87944354792019,7.992461670093901,5.292244790536672,0.1743219647362834,0.9289498020266836,0.4307429170003161,0.1486036659916862,140.22644429199863,A,525
250,250,89000,0.1830478459596634,65.05007672632107,8.065362777105632,5.31262224888512,0.1591908670141896,0.937422969834228,0.4230011670006206,0.148116292009945,140.79763516699313,A,525
251,251,89356,0.208590492606163,64.10746210478568,8.006713564552292,5.3053331558520975,0.1713746955745673,0.9306062747233456,0.4500135840062285,0.1467746670095948,141.39450233298703,A,525
252,252,89712,0.2347396910190582,64.88637419292715,8.055207892595147,5.331048845762183,0.1613068150975346,0.9362426854181118,0.4154836249945219,0.1519696670002304,141.9620173329895,A,525
253,253,90068,0.1765998303890228,64.68578682809714,8.042747467631763,5.306731495116404,0.1638995205453731,0.9347944320788164,0.4408809589949669,0.1565271669969661,142.5594855419913,A,525
254,254,90424,0.1604411751031875,63.80361070607583,7.987716238454883,5.317786499556259,0.1753021472235578,0.9283982488302396,0.4315591250051511,0.1526137910113902,143.14372233299946,A,525
255,255,90780,0.1782565116882324,63.85000089310673,7.99061955627389,5.322658891137312,0.1747025277473103,0.9287356963682464,0.4286056669952813,0.1485202079929877,143.72092479199637,A,525
256,256,91136,0.155109092593193,64.75502449988772,8.047050670891027,5.330664103813017,0.1630045843713063,0.935294585846301,0.4245390839932952,0.1471099580085137,144.29264200000034,A,525
257,257,91492,0.1390293836593628,64.41218157801421,8.025720003713948,5.355567743179769,0.1674360235701188,0.9328153598119256,0.4213693339988822,0.1508084579982096,144.86488379199,A,525
258,258,91848,0.1690205931663513,64.39950555648318,8.024930252437287,5.355455254736217,0.1675998683372522,0.932723568406175,0.5284640839963686,0.1759849999943981,145.569393999991,A,525
259,259,92204,0.2193911671638488,63.94032304429664,7.996269320395395,5.265568144408315,0.1735350627195454,0.9293923585430311,0.4596468749950873,0.1511417080037063,146.1802458329912,A,525
260,260,92560,0.2156771123409271,64.96220673175925,8.059913568504271,5.345965478101722,0.1603266365268655,0.9367896178757974,0.4831722919916501,0.1528141250018961,146.81629308300035,A,525
261,261,92916,0.1926047652959823,64.29613678746237,8.018487188208407,5.318774588194936,0.1689359682994992,0.93197470235127,0.4419605000002775,0.1574774579930817,147.41579304198967,A,525
262,262,93272,0.1830184757709503,63.85288529266607,7.990800040838594,5.30931452242469,0.1746652452472007,0.928756673772652,0.4366641249944223,0.1576158329989994,148.01013483299175,A,525
263,263,93628,0.1603147834539413,64.61575827213822,8.038392766725089,5.344657463583387,0.1648046793458426,0.9342882928300944,0.4939736250089481,0.1908262079959968,148.69499845799874,A,525
264,264,93984,0.1916707754135131,64.00429269783554,8.00026828911603,5.292043908284261,0.1727082186689882,0.9298571516636848,0.4923200830089627,0.1500677919975714,149.33744741699775,A,525
265,265,94340,0.2968447208404541,65.12065705466877,8.069737111868562,5.445337084623484,0.1582785762426726,0.937931391091627,0.4398815839958843,0.1529078329913318,149.93029937498795,A,525
266,266,94696,0.4131946861743927,64.15641998290612,8.009770282780032,5.223873924388577,0.1707418872347946,0.930961551721812,0.4414314169989666,0.1494052920024842,150.52120049999212,A,525
267,267,95052,0.4415603578090668,64.97511299396963,8.06071417394077,5.365456139027831,0.1601598157683771,0.9368826708415088,0.4218206670047948,0.1435900830110767,151.08667066699127,A,525
268,268,95408,0.2206448316574096,65.28593161345005,8.079971015631804,5.441321940557194,0.1561423088396665,0.9391208597769004,0.4405387080041691,0.1452609169937204,151.67253337499278,A,525
269,269,95764,0.3412786424160003,63.913756485828735,7.9946079632355165,5.267652814687505,0.1738784505542101,0.929199261914174,0.4365775409969501,0.1458685409888858,152.25506279199908,A,525
270,270,96120,0.3454605042934418,64.45539117070254,8.028411497345072,5.312159044660538,0.1668775150795326,0.9331281873960908,0.4238917920010863,0.1510752079921076,152.83009149999998,A,525
271,271,96476,0.2321256846189499,64.67166282897897,8.041869361596156,5.406831291523057,0.1640820812439991,0.934692371354398,0.4382132920000003,0.1480412499950034,153.41640254198865,A,525
272,272,96832,0.3181421160697937,63.215911837949655,7.950843467076286,5.263817524620396,0.1828984883907616,0.9241125912836428,0.4375665419938741,0.1476516250113491,154.00168149999809,A,525
273,273,97188,0.399061769247055,64.5182571678158,8.03232576330267,5.327606968551512,0.1660649364141839,0.9335831356631554,0.4375249160075327,0.1528127499914262,154.59207816699927,A,525
274,274,97544,0.2551677227020263,64.76635430955616,8.047754612906395,5.401343090814135,0.1628581401559629,0.9353764037921112,0.4339448749960866,0.1494917499949224,155.17557662499894,A,525
275,275,97900,0.2791051268577575,63.07625042647918,7.942055806054197,5.301949650652496,0.184703691339009,0.9230912168556248,0.4294911659962963,0.1494408750004368,155.75456641698838,A,525
276,276,98256,0.3150497674942016,64.14950209743817,8.009338430696893,5.32989904465463,0.1708313048277496,0.9309113583116092,0.4456055000046035,0.159086790998117,156.35934641699714,A,525
277,277,98612,0.2900506854057312,64.19744672868309,8.012330917322567,5.336963744298649,0.1702115932784771,0.9312591697836228,0.4383819579961709,0.1524394169973675,156.95022704199073,A,525
278,278,98968,0.3526430130004883,63.96249732147397,7.997655739119681,5.255582275660897,0.1732484476115188,0.9295534995597308,0.4349588330078404,0.156097499988391,157.54134116698697,A,525
279,279,99324,0.2305796146392822,63.33129977091352,7.958096491681507,5.305696102289053,0.1814070339182243,0.9249555976125096,0.4396742500102846,0.1513535840058466,158.1324325829919,A,525
280,280,99680,0.2363303005695343,63.36843361934111,7.96042923587297,5.3032436226061,0.1809270578678932,0.9252267283785096,0.4388699999981327,0.1579806250083493,158.72937608299253,A,525
281,281,100036,0.2168998420238495,63.78549890884154,7.986582429853306,5.267007560382488,0.1755362524744009,0.9282664682450524,0.4500354999909177,0.160167875001207,159.33963891699386,A,525
282,282,100392,0.2044727653264999,63.70909758328302,7.981797891658434,5.290164911795242,0.1765237829360806,0.9277103697622098,0.4405115830013528,0.1531150419905316,159.93333066698688,A,525
283,283,100748,0.2089747637510299,64.07827477112924,8.004890678274704,5.323313467415721,0.1717519584148418,0.930394403848441,0.496487333002733,0.1592508750036358,160.58912908298953,A,525
284,284,101104,0.180876076221466,64.21454327625666,8.013397736057824,5.336391821563968,0.1699906107052687,0.9313831642541404,0.4419310839875834,0.1515256669954396,161.18264879198978,A,525
285,285,101460,0.2225698232650756,63.57092786002429,7.973137892951827,5.2918490118343335,0.1783097049682224,0.9267038333012148,0.4390472500090254,0.1593962500046473,161.78114904199902,A,525
286,286,101816,0.2129586488008499,64.5593133988247,8.034881044472575,5.319232822429796,0.1655342613445221,0.9338801315118548,0.4403939170006197,0.1551060420024441,162.37670858298952,A,525
287,287,102172,0.2014462202787399,64.71481389340384,8.044551814327747,5.335828368963018,0.1635243292644107,0.9350041481306672,0.4337036250071833,0.1546645000053104,162.96514079198823,A,525
288,288,102528,0.1797570139169693,63.32700485542272,7.9578266414532255,5.357938823429679,0.1814625481366817,0.9249242333937636,0.4174981660034973,0.1547240000072633,163.537422333,A,525
289,289,102884,0.183300033211708,63.86943596191106,7.991835581511363,5.321549728573093,0.1744513184609687,0.9288770328488248,0.4411353329924168,0.1506048339942935,164.12922587498906,A,525
290,290,103240,0.1647485196590423,64.10018798393695,8.00625930031853,5.346554341586495,0.1714687177118476,0.930553476388184,0.4348620829987339,0.1468610829906538,164.71101279198774,A,525
291,291,103596,0.1591442376375198,64.12305601248428,8.007687307361863,5.386812334842528,0.1711731354739223,0.9307194511422652,0.446804000006523,0.1525017090025358,165.31038704198727,A,525
292,292,103952,0.1520566791296005,63.820850540683765,7.988795312228482,5.300051016363538,0.1750793125841692,0.9285236676823696,0.44691995800531,0.1544544589996803,165.91181954198692,A,525
293,293,104308,0.1516446620225906,63.86381826160309,7.991484108825037,5.29705636800542,0.174523930423368,0.9288361817949372,0.4199932080082362,0.1538601249922067,166.48573066698737,A,525
294,294,104664,0.185148537158966,65.07172969036132,8.06670500826461,5.373060808189003,0.1589109901741071,0.937578975007712,0.4385676250094548,0.1516470839997055,167.07600424998964,A,525
295,295,105020,0.2535336911678314,63.57604473604433,7.973458768692814,5.300970003189828,0.1782435664437729,0.9267411281258096,0.4581495839956915,0.151583707993268,167.6857991249999,A,525
296,296,105376,0.2620755732059479,64.67184346731719,8.041880592704494,5.329981997910782,0.164079746391034,0.934693676726422,0.4272602499986533,0.1527453330054413,168.26585516698833,A,525
297,297,105732,0.1803384125232696,64.48176056460971,8.030053584168023,5.329715680496896,0.166536675708632,0.9333190442674848,0.4269777919980697,0.1608978750009555,168.8537896249909,A,525
298,298,106088,0.2165281921625137,63.35677650626348,7.959697010958613,5.320035149211343,0.1810777326654212,0.9251416231609548,0.4451449170010164,0.1527589579927735,169.45175287500024,A,525
299,299,106444,0.2173691987991333,63.86743246177693,7.991710233847129,5.345769109996224,0.1744772148364304,0.9288624639096568,0.4420423330011545,0.1536857500032056,170.04754154199327,A,525
300,300,106800,0.2187051624059677,64.27285709384877,8.017035430497284,5.298530876395191,0.1692368715418697,0.9318059670987276,0.4380988749908283,0.3971733749931445,170.88287804198626,A,525
1,2,356,275.6404573247674,180.5355518293359,13.436351879484844,10.228652045794345,-1.3335243929899612,1.5616836130865872,0.4280972499982454,0.1569931249978253,0.6998407500068424,B,525
2,4,712,130.62550422582734,207.6560675178508,14.410276455288802,11.546517084303655,-1.6840724388919803,1.6748811583769585,0.3962717499962309,0.1487448749976465,1.244920541997999,B,525
3,6,1068,102.82268704189345,257.5795551090443,16.04928518997168,13.506872114042944,-2.329361828692109,1.8653802689702248,0.4024745419883402,0.1377104999992298,1.785170792005374,B,525
4,8,1424,72.7782377607367,265.2626099993643,16.286884600787356,13.720540560208834,-2.42866967037523,1.8929960317664056,0.3750752909982111,0.1450387499935459,2.3053447090060217,B,525
5,10,1780,61.2812852323725,256.60257339569245,16.01881935086642,13.446848829424852,-2.3167337859796877,1.861839277924712,0.3806502090010326,0.1560870420071296,2.8421403749962337,B,525
6,12,2136,59.59550673238347,201.9436829201631,14.210689037487349,11.37456644373203,-1.6102366283506555,1.6516834628600152,0.4576962920109508,0.2124836250004591,3.512387875001877,B,525
7,14,2492,50.77462352795547,131.63492900297572,11.47322661691016,7.901947620426595,-0.701456110363919,1.3335130069207763,1.0205140830075834,0.3283362920046784,4.873748250000062,B,525
8,16,2848,42.81663341736525,107.11636553728252,10.349703644901265,6.6309782971254725,-0.3845397725649584,1.2029279024184445,0.503210000009858,0.145838915996137,5.530936541996198,B,525
9,18,3204,37.7337526900045,80.22588772834497,8.956890516710862,5.723985293616168,-0.0369650967159074,1.041043675368102,0.3728971669916063,0.1430735000030836,6.055875000005472,B,525
10,20,3560,33.3182924249199,84.29041981068548,9.180981418709305,6.313322876146448,-0.0895014789637536,1.0670893678768767,0.6352168330049608,0.218296958002611,6.909422041993821,B,525
11,22,3916,28.39362408070082,80.36393925851277,8.964593647149478,6.182990365665451,-0.0387494910353189,1.0419389967085488,0.4345999579963973,0.1254447499959496,7.469511333998525,B,525
12,24,4272,37.0340366792143,88.3110827628749,9.397397659079608,6.466579118720916,-0.1414708278252694,1.0922430479251155,0.3679503330058651,0.1413444579957286,7.978856834000908,B,525
13,26,4628,31.422708661368723,77.21521101499887,8.787218616547495,5.816527560654922,0.0019496072236324,1.021323007997745,0.3991636669961735,0.1840905419958289,8.572583417000715,B,525
14,28,4984,25.322708451346067,83.85971760037239,9.157495159724212,6.622975514485286,-0.0839344086349664,1.0643596011873242,0.560844666993944,0.3667956669960404,9.500262458997897,B,525
15,30,5340,20.072856442312176,88.00131717219259,9.38090172489791,6.75397054386525,-0.1374669318909691,1.0903257544272096,2.392174083011924,0.6422277920064516,12.534770084006595,B,525
16,32,5696,19.528710986791037,70.45291108816969,8.393623239589068,5.894996132445239,0.0893561688236834,0.975576107656357,1.6465485419903416,0.440620499997749,14.640379667005618,B,525
17,34,6052,14.99266090821684,91.9976260758732,9.591539296477558,7.111704081176264,-0.1891214908638037,1.114807789937052,1.030935041999328,0.4176800839923089,16.08906987500086,B,525
18,36,6408,13.84522332502215,77.67887090811514,8.813561760611606,6.275082387422261,-0.0040434598463972,1.0243848254293737,1.030505082992022,0.5300714589975541,17.649751499993727,B,525
19,38,6764,11.555171173610043,67.76136867540379,8.231729385457456,5.561814698613125,0.1241458809402957,0.9567594689344436,1.1801999580056872,0.6119353329995647,19.459737708995817,B,525
20,40,7120,10.597124051511958,76.5982814744122,8.752044416844113,6.193630878741924,0.0099237714097312,1.0172347724578528,1.2463620839989744,0.4781339589972049,21.18430945900036,B,525
21,42,7476,9.027159835515397,70.46639586038401,8.39442647596511,5.779837016634613,0.089181870495309,0.9756694664115572,1.253259958990384,0.5076500839932123,22.945365499996115,B,525
22,44,7832,7.646977081727446,73.2424873935191,8.558182481901113,5.9106278931081055,0.0532993130483001,0.994702539771688,1.2852243750094203,0.4691796249971958,24.699920416998797,B,525
23,46,8188,6.386561937546462,69.73564322869792,8.350786982596187,5.807246019965724,0.0986272626853917,0.9705973246361022,1.0490285409905482,0.2907767500000773,26.040345999994315,B,525
24,48,8544,6.206140475326709,69.47931438569753,8.335425267237271,5.656864479003165,0.1019404583507735,0.9688118594026748,0.6771089160029078,0.2468167500046547,26.96436804199766,B,525
25,50,8900,5.697270363904117,69.40177905127804,8.33077301642999,5.772539829918247,0.1029426465201021,0.9682711364508746,0.6890510419907514,0.2347073749988339,27.88821074999578,B,525
26,52,9256,4.934455341167665,70.15464831085258,8.375837170746133,5.818564161115329,0.0932113843717458,0.973508864069528,0.6387967920018127,0.2366377909929724,28.763767708995147,B,525
27,54,9612,4.374529859992896,66.03751815783941,8.126347159569262,5.50971632640854,0.1464276265125336,0.9445110776481556,0.6712213329883525,0.2373521670087939,29.688371708994964,B,525
28,56,9968,4.256049890196725,74.83229322389647,8.650566063784293,5.917536473949912,0.03275017107758,1.005440121463448,0.6700650830025552,0.2244917919888394,30.582979917002376,B,525
29,58,10324,4.055215358734131,66.79538343830862,8.17284426857068,5.572155556698077,0.1366317879607628,0.9499153550766356,0.6919465829996625,0.2361544580053305,31.511161917005666,B,525
30,60,10680,3.5708512536595376,69.88646130752412,8.35981227705049,5.7432899359266765,0.096677853484386,0.9716463187811638,0.6926413750043139,0.2502312500000698,32.454114584004856,B,525
31,62,11036,3.118805590640293,65.70475020541836,8.10584666801799,5.537887892742389,0.1507288410174411,0.942128341470732,0.6869397499976913,0.2417293330072425,33.397676791995764,B,525
32,64,11392,2.839946452151524,69.76276575913967,8.352410775287556,5.7499706262519,0.0982766885976618,0.9707860552126684,0.6861496249912307,0.2291888330073561,34.31307479199313,B,525
33,66,11748,2.5777377533109003,66.63349252155388,8.162934063285938,5.5524061276362495,0.1387243198716395,0.9487635092977872,0.6551370410015807,0.2379517499939538,35.20626112500031,B,525
34,68,12104,2.2965285349427984,64.51293396024282,8.031994394933479,5.38913195432439,0.1661337418909703,0.9335446212987876,0.8539797920093406,0.2377985420025652,36.31218012499448,B,525
35,70,12460,2.053479646029097,64.87631926192853,8.05458374231273,5.510328046706041,0.1614367807830597,0.9361701415254764,0.8059548340097535,0.2616596659936476,37.37985216699599,B,525
36,72,12816,2.0580284300814853,66.15712450367866,8.13370300070507,5.538204794470598,0.144881646661229,0.9453660341620438,0.7405784169968683,0.264121416999842,38.38540845899843,B,525
37,74,13172,1.9712741307997967,64.0610837486441,8.00381682378127,5.478668833551136,0.171974162129861,0.9302695916240904,1.1880340839998098,0.493164124985924,40.086041333997855,B,525
38,76,13528,1.614653418573101,65.55985606826466,8.096904103931617,5.5611353441771225,0.1526016799127352,0.9410889629312352,1.173092999990331,0.4664442499924917,41.72565483399376,B,525
39,78,13884,1.4924414492724989,62.700353835157074,7.918355500680496,5.342835860696399,0.1895623679608917,0.9203365719297376,1.1396349590067985,0.4511979170056293,43.333898458993644,B,525
40,80,14240,1.386430391434873,65.17688958592811,8.073220521324071,5.5449432815134765,0.1575517388854674,0.9383362616631284,1.2163529170065883,0.3490891249966807,44.89941570900555,B,525
41,82,14596,1.2981427064102686,63.14261824755421,7.946232959557265,5.353121145534129,0.1838458496129947,0.923576720081024,0.7156657919986174,0.2355417920043692,45.85072391699941,B,525
42,84,14952,1.1852637797259211,62.81124265197956,7.925354418067343,5.342999350204159,0.1881290671160272,0.9211500438222888,0.6785528749896912,0.2247362089983653,46.75410854199436,B,525
43,86,15308,1.0185562934768333,62.42966513673266,7.901244530878199,5.312455515147221,0.1930611729014123,0.9183477939203536,0.6264824589889031,0.2531575839966535,47.64814975000627,B,525
44,88,15664,0.97170121214363,63.27774941108454,7.954731259513708,5.337937868558443,0.1820992026885748,0.924564462579889,0.6266602920077275,0.2391278330032946,48.513993417000165,B,525
45,90,16020,0.9857418075036468,62.451903382488034,7.902651667794047,5.332735493115568,0.1927737309632362,0.918511342976121,0.6845829999947455,0.2410032499901717,49.43968866700016,B,525
46,92,16376,0.9468977900033586,65.61582650715668,8.100359652951015,5.391445523814151,0.151878230248016,0.9414905953331112,0.7092574170092121,0.2476330839999718,50.3966881249944,B,525
47,94,16732,1.1112848064872656,61.04683542607874,7.813247431515192,5.223621322075847,0.2109350311440955,0.9081200453985108,0.6644039170059841,0.2453883749985834,51.32084483400104,B,525
48,96,17088,1.3995290740152424,63.89045428990088,7.993150460857151,5.402848394293534,0.1741796446517544,0.9290298589690336,0.6963959999993676,0.2366428340028505,52.253949208999984,B,525
49,98,17444,1.3970124507218264,65.97388598226873,8.122431038935863,5.428488459181689,0.1472501084689605,0.9440559138153756,0.7029169160086894,0.2388841249921824,53.19584616700013,B,525
50,100,17800,1.2811144697532226,63.103805375289646,7.943790365769331,5.391910251818206,0.1843475279986293,0.9232928216890902,0.6740949579980224,0.2465715830039698,54.11659133399371,B,525
51,102,18156,1.381192678146148,64.93788527064254,8.058404635574124,5.447288019454431,0.1606410052050231,0.9366142372478268,0.8443446250021225,0.2746385829959763,55.2356962920021,B,525
52,104,18512,1.5147287383508146,63.20579094626366,7.950206975058175,5.370634654272906,0.1830293066555786,0.9240386129327138,0.7462074160139309,0.2554053329949965,56.238144500006456,B,525
53,106,18868,1.1788528494620591,63.96173855772255,7.997608302344054,5.303156608512045,0.1732582550633172,0.9295479860664986,0.7631154169939691,0.2397737080027582,57.241113416996086,B,525
54,108,19224,0.8874506494972143,60.96157699244451,7.807789507437077,5.232066050232181,0.2120370447507101,0.9074856804555028,0.7885529169871006,0.3199582500092219,58.36630666699784,B,525
55,110,19580,0.9063992815071278,64.55525208461356,8.034628310296224,5.411304999942239,0.1655867561339599,0.9338507566618052,1.4212977080023848,0.5016571250016568,60.28933004199644,B,525
56,112,19936,1.063644973749525,60.45191728056865,7.775083104415582,5.149288308765241,0.2186246855656939,0.9036842725957058,1.65624187499634,0.5092201249935897,62.471892667002976,B,525
57,114,20292,1.3098853993951605,70.05635995902946,8.36996773942585,5.731757662074286,0.0944818170604986,0.972826670361501,1.057066167006269,0.3694790829904377,63.89850162499352,B,525
58,116,20648,2.3846550804845403,62.58666044267926,7.911173139470483,5.147516905054872,0.1910319195366365,0.91950177868336,1.0386724160052836,0.4147694160055835,65.35204749999684,B,525
59,118,21004,2.865748341163892,67.47598924272594,8.2143769844539,5.574619564450222,0.1278345719524733,0.9547426297999804,0.8264599579997594,0.2677703329973155,66.4464070420072,B,525
60,120,21360,3.0671492533737355,60.83144864221296,7.799451816776161,5.123797628078384,0.2137190274760402,0.9065166052933662,0.6629848750017118,0.2274780410079984,67.33696662500734,B,525
61,122,21716,1.7557268557923564,71.66566362222798,8.4655574903386,5.521508154116179,0.0736806545429248,0.9839368994563046,0.7113995830004569,0.2567693749879254,68.30523258399626,B,525
62,124,22072,2.5558612942695618,63.70824101890791,7.981744234120002,5.2397937552649,0.1765348545164049,0.9277041332406272,0.677319249996799,0.2549050000088755,69.2375509590056,B,525
63,126,22428,3.0416991777634355,68.8187091407795,8.295704258276057,5.487269940163925,0.110479155784787,0.964195156197342,0.6342103330098325,0.2421441670012427,70.11399020900717,B,525
64,128,22784,2.1591706476854475,62.91067387500208,7.931624920216669,5.137587734562183,0.1868438621688751,0.921878853289342,0.6616980410035467,0.2452058749913703,71.02098070899956,B,525
65,130,23140,1.6323340006088942,64.99100256354629,8.061699731666163,5.445451958459398,0.1599544340702823,0.9369972204873728,0.6515587090107147,0.2357682080037193,71.9083954999951,B,525
66,132,23496,1.421074080333281,63.88955712964405,7.993094340094082,5.288715963904192,0.1741912409568727,0.9290233361511716,0.703857832995709,0.2463039169961121,72.85865249999915,B,525
67,134,23852,1.0869315286700645,62.36027400515704,7.896852157990362,5.161947234922092,0.1939580926302307,0.9178372761233335,0.6949960829952033,0.2275983750005252,73.78134149999823,B,525
68,136,24208,0.933699887120322,65.83149501821715,8.11366101203502,5.449373838872562,0.1490905924323065,0.9430365889703416,0.7290881659864681,0.2589767919998849,74.7695089589979,B,525
69,138,24564,1.0494746220915503,61.59593078380435,7.848307510782458,5.136107887816332,0.2038376622417005,0.9121950169202678,0.6959472919988912,0.4494531249947613,75.91501520900056,B,525
70,140,24920,0.876612315686901,64.69607368981225,8.04338695387784,5.358174414769841,0.1637665570238048,0.9348687584436104,0.7449319159932202,0.2777479999931529,76.93777016700187,B,525
71,142,25276,0.6024195813061146,63.89371478856766,7.993354414047188,5.333956089096996,0.1741375008573872,0.9290535640906004,0.7051392499997746,0.2568766670010518,77.89986995900108,B,525
72,144,25632,0.5805282807082273,62.489140199897165,7.905007286517652,5.223075050091454,0.1922924239804229,0.9187851324088724,1.0566687090031337,0.4789394169929437,79.43556699999317,B,525
73,146,25988,0.5225527845741658,64.36703662066299,8.0229069931455,5.343905785788409,0.1680195477465602,0.9324884085272624,1.121597290999489,0.4738461670058314,81.03114308399381,B,525
74,148,26344,0.5054189428854524,61.41689326304612,7.836893087381384,5.1822626359066986,0.2061518237335309,0.9108683385079892,1.1500217499997234,0.4820991250016959,82.66339891699317,B,525
75,150,26700,0.4436719551515043,62.41538791007555,7.900340999607267,5.2368186659175855,0.1932457141528776,0.9182427780654264,1.0823387919954257,0.3355957079911604,84.08146066700283,B,525
76,152,27056,0.4287262371416842,62.08768917941177,7.879574175005383,5.232350225873321,0.197481406091708,0.9158290864646488,0.7433834999974351,0.3104115419992013,85.13539187499555,B,525
77,154,27412,0.4320409599314914,62.61276510096086,7.912822827598307,5.256752826906891,0.1906945020238334,0.9196935190410878,0.7328964589978568,0.2318871250026859,86.1002683340048,B,525
78,156,27768,0.3849906238277307,61.81550623240373,7.862283779691733,5.163302946669853,0.2009995250425924,0.9138194541427724,0.6638835420017131,0.2287019579962361,86.99293408400263,B,525
79,158,28124,0.3637663316860627,63.07713868810061,7.942111727248655,5.285948924207494,0.1846922100537995,0.9230977164779772,0.7838218329998199,0.2578923330001998,88.03474337499938,B,525
80,160,28480,0.3206722056597806,61.90761133359855,7.868139000653112,5.21957815031291,0.1998090143748648,0.9144999962057077,0.7365976250002859,0.2523229999933392,89.023772792003,B,525
81,162,28836,0.2895773351192474,63.02052649631995,7.938546875613946,5.291623396429456,0.1854239547385567,0.922683380024828,0.7290015000035055,0.2510720420104917,90.0039464589936,B,525
82,164,29192,0.2740645617916343,61.41512632678763,7.836780354634652,5.202504385820768,0.2061746623867394,0.9108552357785574,0.7127329580107471,0.2417267919954611,90.9585010419978,B,525
83,166,29548,0.2808113521739338,61.86841079211772,7.865647512577571,5.201426405655711,0.2003157036049747,0.9142104149164804,0.6826571249985136,0.2471460419910727,91.88839458400616,B,525
84,168,29904,0.2618507968910624,61.82718075772349,7.863026183202209,5.215521722670026,0.20084862518196,0.913905742400702,0.7443046249973122,0.2453327090042876,92.87812533399848,B,525
85,170,30260,0.2498700046137477,62.29097396720258,7.892463111551589,5.21224802418759,0.1948538349223347,0.917327144953654,0.7170527080015745,0.2574364169995533,93.85272179200548,B,525
86,172,30616,0.2700143263915951,61.688207978209455,7.854184106462584,5.173681213788176,0.2026449271716321,0.912878043329274,0.94919091599877,0.3082073330006096,95.1102251669945,B,525
87,174,30972,0.2874325560719779,62.607501008557605,7.912490190108143,5.250374763118111,0.1907625434035256,0.9196548571690152,0.7501744170003803,0.2437693750107428,96.10426904199994,B,525
88,176,31328,0.300646890750092,60.71511961983649,7.79199073535361,5.145538939155548,0.2152226460629474,0.9056494168855296,0.8029465419967892,0.2823109159944579,97.1896075419936,B,525
89,178,31684,0.3780525551083382,63.09771280225348,7.943406876287622,5.279518738449344,0.1844262779603509,0.923248249379229,0.8544824999989942,0.4137922079971758,98.45796329200677,B,525
90,180,32040,0.4541091470236189,61.416182289598986,7.8368477265798,5.192878508857388,0.2061610134685433,0.9108630663015792,1.1512903340044431,0.4650806659919908,100.07445979199838,B,525
91,182,32396,0.6286610914080331,64.96803346325405,8.060275024045646,5.362494680080337,0.1602513227178307,0.9368316292194186,1.1729999160015725,0.2991247079917229,101.5467526249995,B,525
92,184,32752,0.903314197331332,61.84552435794866,7.864192543290676,5.279686938413241,0.2006115237459991,0.9140413063881186,0.7370565000019269,0.2503624999953899,102.53426845899958,B,525
93,186,33108,0.938600900467862,64.50726093759772,8.031641235612913,5.380230107288129,0.1662070689259518,0.9335035742103605,0.678014916004031,0.3156623329996364,103.52802879200316,B,525
94,188,33464,1.5421853520896998,61.53437547243525,7.844384964574039,5.34440161824709,0.2046332995504877,0.9117391062541728,0.7229918340017321,0.2627697499992791,104.51386700000148,B,525
95,190,33820,1.6585171128926652,65.41338667876359,8.087854269134898,5.44264488374656,0.154494879837979,0.9400371165052156,0.7017719580035191,0.2482449999952223,105.4639829170046,B,525
96,192,34176,1.368331930610571,62.05178213456287,7.87729535656515,5.256322001638683,0.1979455250100376,0.9155642233941343,0.7709149590082234,0.2740620420081541,106.5090423340007,B,525
97,194,34532,0.7462947750359439,63.1896946417144,7.949194590756626,5.309159354159706,0.1832373605204382,0.9239209452809544,0.7020035839959746,0.2421413330012001,107.45327458399696,B,525
98,196,34888,0.813247333416778,63.40092137436798,7.962469552492366,5.295330807265,0.1805071352096661,0.9254638708006936,0.7758635420032078,0.2611116670013871,108.4903526249982,B,525
99,198,35244,0.7921847979004464,62.00573568784741,7.87437208213121,5.251411522930933,0.1985407014477657,0.9152244563337756,0.7616892499936512,0.245199875003891,109.49732850000146,B,525
100,200,35600,0.5733227793420299,62.13842890967218,7.882793217487833,5.20428461198382,0.1968255663024994,0.9162032301265416,0.7097291669924743,0.2394655829994008,110.44736954200198,B,525
101,202,35956,0.4347796058386899,61.678219982995685,7.853548241590911,5.209036540405953,0.2027740276741771,0.9128041378704757,0.6988317499926779,0.3861487090034643,111.53248900000472,B,525
102,204,36312,0.4488055153509204,63.68291545535038,7.980157608427943,5.283701456510103,0.1768622017880577,0.927519722519204,0.7924974170018686,0.2647628329868894,112.58984254200186,B,525
103,206,36668,0.4360498186577572,61.05933716586086,7.814047425365478,5.138961079632223,0.2107734390674061,0.9082130272806294,0.7139437920122873,0.2486059170041699,113.55249195899523,B,525
104,208,37024,0.4524971243370785,64.27928009505871,8.017436005049165,5.378307125346381,0.1691538506086094,0.9318525251763295,0.6960932920046616,0.2624439579958562,114.51111062499696,B,525
105,210,37380,0.5716404834490144,60.2731317349896,7.7635772511767795,5.103279246975053,0.2209355901354328,0.902346967453746,1.6379104999941774,0.5989690410060575,116.76778429199476,B,525
106,212,37736,0.6930372236150034,65.7074396872904,8.10601256397314,5.429053338433084,0.1506940779389822,0.942147623266636,1.2684990419948008,0.4636157500062836,118.500223791998,B,525
107,214,38092,0.67776647779379,60.78232008625494,7.796301692870469,5.096896638754409,0.2143540419236586,0.9061504719167744,1.1110535000043456,0.473212415992748,120.08464183399336,B,525
108,216,38448,0.4931480918037757,65.23811629939394,8.07701159460564,5.297663082478017,0.1567603488909348,0.9387768914615244,0.8829011250054464,0.2657776249980088,121.23345020899431,B,525
109,218,38804,0.4535920064101058,60.185498039100544,7.757931298941783,5.0980792586137404,0.2220683053537532,0.9016907483278442,0.646794125001179,0.2374048749916255,122.13174320899998,B,525
110,220,39160,0.4320040731952431,63.43294233903888,7.964480041976304,5.222028021870354,0.1800932460815167,0.925697546467237,0.6444209589972161,0.2342814580042613,123.01050170899543,B,525
111,222,39516,0.3974476403064942,61.16773320751813,7.82098032266532,5.139250329631543,0.2093723587552584,0.9090188257742596,0.7141912500082981,0.2498208329925546,123.97459958400576,B,525
112,224,39872,0.294393719916933,62.60452545802883,7.9123021591714275,5.233561703068042,0.1908010040816087,0.919633002663026,0.6628574999922421,0.2372322500013979,124.8747777499957,B,525
113,226,40228,0.2894609963960862,61.51986634981345,7.843460100606967,5.16816961137872,0.2048208381888101,0.9116316109373884,0.6813933750090655,0.2509677089983597,125.80722870900354,B,525
114,228,40584,0.231630553857664,61.974803905555135,7.872407757830836,5.18543288099621,0.1989405122759726,0.9149961463655494,0.6678204159979941,0.2241727499931585,126.69933662499534,B,525
115,230,40940,0.2064059308070815,61.472943351998985,7.840468312033344,5.157137646848856,0.2054273445466035,0.9112838805987404,0.6554170830058865,0.2486282079917146,127.60347154199552,B,525
116,232,41296,0.1786901264378194,61.90325699699843,7.867862288893879,5.177687707700227,0.199865296644859,0.9144678344832536,0.6849791669956176,0.2471084999997401,128.53564854200522,B,525
117,234,41652,0.1797660749949766,61.893883615856,7.867266591126552,5.186637594632292,0.1999864529119713,0.9143985975765448,0.6548933330050204,0.2399885000049835,129.4306207089976,B,525
118,236,42008,0.1856180884864892,62.26777878751003,7.89099352347409,5.202627463861998,0.1951536457743465,0.9171563373089,0.6798637080064509,0.2550260830030311,130.36559795899666,B,525
119,238,42364,0.172168677609958,61.68830757590535,7.85419044688282,5.211817153552283,0.2026436398149288,0.9128787802651976,0.8964007500035223,0.2834958330058725,131.54559545899974,B,525
120,240,42720,0.1812602748696723,62.315978542460016,7.894047031938689,5.214221879055626,0.1945306366064997,0.9175112412422264,0.7149888749991078,0.2508317500032717,132.5115183750022,B,525
121,242,43076,0.1666063016720032,61.728382993349285,7.85674124515688,5.190421264663882,0.2021256423168345,0.9131752550747751,0.8173650410026312,0.2753817500051809,133.60435562499333,B,525
122,244,43432,0.1849623881698994,63.065935825030216,7.941406413541006,5.259552470102967,0.184837013412369,0.9230157391027788,0.9096206249960233,0.3999305000033928,134.91401141700044,B,525
123,246,43788,0.1981320526827587,61.79077717052408,7.860710983780289,5.186515144973631,0.2013191621917699,0.9136366508324943,1.621562707994599,0.5468932920048246,137.08304675000545,B,525
124,248,44144,0.2204415963941745,62.489205384479725,7.905011409509775,5.214298865090497,0.1922915814327257,0.9187856116170158,1.2351547080033924,0.4591257080028299,138.77746349999506,B,525
125,250,44500,0.2081282421779096,62.587541430638126,7.911228819256723,5.221110733897097,0.1910205322676408,0.9195082502472588,1.1002622919913847,0.3428004159941338,140.22066541700042,B,525
126,252,44856,0.1901583929410141,62.43680659883156,7.901696438033516,5.2124033505134735,0.1929688654537071,0.9184003182964212,0.9178592079988448,0.2783500410005217,141.41701370899682,B,525
127,254,45212,0.2110031672408071,61.84490322899502,7.864153052236142,5.202864882434428,0.2006195521899807,0.914036716412113,0.6956092080072267,0.2389937919942895,142.35170275000564,B,525
128,256,45568,0.2195756604497352,62.18256193460084,7.885592047183321,5.1796595278056525,0.1962551219265084,0.9165285331932124,0.6572831660014344,0.2668961660092463,143.27632716699736,B,525
129,258,45924,0.1970773756169201,62.78868155183418,7.923930940627523,5.228699256534036,0.1884206821302915,0.9209845955360796,0.6807269579876447,0.239807167003164,144.19695320900064,B,525
130,260,46280,0.1851521187953734,62.82429790741046,7.926178013860808,5.214649621291682,0.1879603205356665,0.9212457689168676,0.6711207089974778,0.2429169170063687,145.11109091699473,B,525
131,262,46636,0.21989331185148,63.06023109718089,7.941047229250112,5.242367498305162,0.1849107502550955,0.9229739917426176,0.7448358750116313,0.2638945840008091,146.11991804199351,B,525
132,264,46992,0.2387189865112304,61.69042597635798,7.854325303701011,5.162130487109968,0.202616258287688,0.912894454436652,0.6896838339889655,0.250129541993374,147.05982562499412,B,525
133,266,47348,0.2380734050876639,62.53309469627431,7.907786965787224,5.218084870079751,0.1917242871872078,0.9191082096551269,0.622337166001671,0.2505690840043826,147.93282804200135,B,525
134,268,47704,0.2254371666506435,62.34763990986154,7.8960521724379165,5.189772282534765,0.1941213954769923,0.9177442952056584,0.6875197920016944,0.2425604590098373,148.86300120899978,B,525
135,270,48060,0.1856986830073796,63.5361638777068,7.970957525774855,5.2595446196644895,0.1787590491550782,0.9264504130483568,0.6665698339929804,0.2371284999971976,149.76679654199688,B,525
136,272,48416,0.2378620714618918,61.78527286069682,7.860360860717326,5.156217433180403,0.2013903085178998,0.913595956642963,0.7034856660029618,0.2448815000097965,150.71528370899614,B,525
137,274,48772,0.2614930697371451,62.4825082564059,7.9045877980073,5.222671524233181,0.1923781456111654,0.9187363759950504,0.8905342499929247,0.2487336670019431,151.85462866700254,B,525
138,276,49128,0.2622706190253911,62.43146611158515,7.901358497852452,5.207597659184382,0.1930378942800721,0.9183610401018856,0.7264415829995414,0.2533991669915849,152.8349432919931,B,525
139,278,49484,0.3155826899442779,62.78073945336212,7.923429778407967,5.23787050980788,0.1885233382571777,0.9209263463302833,0.7200351670035161,0.2957121250074124,153.85078645900649,B,525
140,280,49840,0.2763983910338262,62.58088958670856,7.910808402856724,5.26683979574968,0.1911065111228345,0.9194593859864504,1.0062925840029493,0.4592367079894757,155.31641970899364,B,525
141,282,50196,0.2890212549252456,63.57644026095803,7.973483571247766,5.272627342085124,0.1782384540599526,0.9267440108832706,1.9212202499911653,0.5752171250060201,157.81300845899386,B,525
142,284,50552,0.277007612786936,63.22214457871735,7.951235412105301,5.258959514409424,0.1828179266816177,0.9241581463669372,1.1552464999986114,0.4734958749904763,159.4418952499982,B,525
143,286,50908,0.3761276790265287,62.810054812956025,7.9252794785392915,5.268272659556586,0.1881444206090554,0.9211413337323788,1.0847706670028856,0.3450507079978706,160.87181804199645,B,525
144,288,51264,0.4774954305605942,63.984692948646966,7.999043252080024,5.308965723524209,0.1729615565426902,0.9297147677575682,1.0645148339972366,0.2949890000018058,162.23146333399927,B,525
145,290,51620,0.3897017200341385,63.42287919528084,7.963848265460665,5.283710405411508,0.1802233179216147,0.92562411619089,0.7012419999955455,0.3028082919918233,163.23561074999452,B,525
146,292,51976,0.3779873107926229,62.035047191864,7.876233058503538,5.150998266119706,0.1981618336351666,0.915440754353586,0.7436680419923505,0.2330682500032708,164.21245445900422,B,525
147,294,52332,0.4893842999185069,64.43855819374433,8.027363090937417,5.373657976567504,0.1670950908530611,0.9330063329581172,0.6617812499898719,0.2315073750069132,165.1058495000034,B,525
148,296,52688,0.6223554108919722,63.25628341547645,7.953381885429396,5.201724737761957,0.1823766628556374,0.9244076271967214,0.6648578750027809,0.2375145839905599,166.00832033400366,B,525
149,298,53044,0.6014890448096093,64.30326695627377,8.018931783989297,5.357326304864304,0.1688438068239396,0.9320263769391112,0.6981796249892795,0.2385471669986145,166.9451418749959,B,525
150,300,53400,0.6742570939358701,61.7328150038287,7.857023291541695,5.130489084884705,0.2020683560678995,0.9132080368314044,0.6179667500109645,0.2460953749978216,167.80929266700696,B,525
1,3,356,209.1448139662153,149.78962801608836,12.2388573002584,8.644144781205336,-0.9361158910288216,1.4225009184153268,0.6018079999921611,0.2456600419973256,0.9420945419988128,C,525
2,6,712,117.14080124758604,241.4212168893612,15.537735256122792,12.875851065478464,-2.1205061434614425,1.805923717360625,0.6992943750083214,0.2342070839949883,1.875705833997927,C,525
3,9,1068,75.32519454098819,262.5525843827259,16.20347445403997,13.642571657831942,-2.3936410523663425,1.8833014167020723,0.6927622079965658,0.226140500002657,2.7947157500020694,C,525
4,12,1424,65.3375843348128,251.3206449354096,15.853095752420396,13.232356825815174,-2.248461865135256,1.84257751473808,0.6103596660104813,0.2276830420014448,3.632859916993766,C,525
5,15,1780,56.46416284796897,166.25004570733117,12.893798730681784,9.600826725062088,-1.1488761247451658,1.4986236121790526,0.8668650000035996,0.2510432080016471,4.750856874990859,C,525
6,18,2136,46.84558688388782,99.18480574369546,9.95915687915877,6.396094587650376,-0.2820198640746336,1.1575353368117598,0.6019581669970648,0.2952789580012904,5.6645021669974085,C,525
7,21,2492,40.42971548873387,77.04872040169897,8.777740050929907,5.9042478370280405,0.0041015928209423,1.020221330940362,0.6411310830008006,0.2266862910037161,6.548590209000395,C,525
8,24,2848,32.81822273168671,80.24482993059233,8.957947863801861,6.323206694019951,-0.0372099354224846,1.0411665689660197,0.5785194580093957,0.2606550409982446,7.387824624995119,C,525
9,27,3204,27.605476400825413,90.14422497366226,9.49443126120055,6.724072385896073,-0.1651652305140853,1.103521093313493,0.972486291997484,0.407613916991977,8.768034416993032,C,525
10,30,3560,21.22055808078037,114.68844228448364,10.709268989267365,7.895833177605138,-0.482413158810175,1.2447195517565164,1.3246672499954002,0.4695496249914868,10.562379374998272,C,525
11,33,3916,19.804780338587385,74.95351266917618,8.657569674520452,6.236945807692493,0.0311833410011845,1.0062541388557582,1.0090117920044577,0.2548553329979768,11.843730666994816,C,525
12,36,4272,19.56573237729876,83.14746760625752,9.118523323776582,6.71245660086875,-0.0747281735287355,1.0598299730473943,0.6010753340087831,0.2220681659964611,12.666934583990953,C,525
13,39,4628,24.7654440376196,101.63946450757358,10.081639971134338,6.719631496952613,-0.3137477206875569,1.171771331770367,0.5772126670053694,0.2197195420012576,13.463959458997124,C,525
14,42,4984,21.55562820863188,87.41149127676792,9.349411279688573,6.8384455263855966,-0.1298430976896494,1.086665675211265,0.5565880830108654,0.2114560419868212,14.23210883399588,C,525
15,45,5340,15.314869794952736,156.48903019452754,12.509557553907634,9.699391106844914,-1.0227094635602656,1.453963934118857,0.592969584002276,0.2252267500007292,15.050399542000378,C,525
16,48,5696,10.866863690065534,77.19749892992249,8.786210726469204,6.037052560914384,0.0021785459681488,1.0212058627016722,0.5695869170012884,0.2290107500011799,15.84907654199924,C,525
17,51,6052,10.0924556496438,70.36907943104636,8.388627982634965,5.832494812938366,0.0904397405347389,0.9749955177017064,0.5510124590073247,0.2224109579983633,16.6379399169964,C,525
18,54,6408,7.893916392594241,69.77010656768407,8.352850206228055,5.696497473639515,0.0981818044840948,0.9708371295001696,0.5466599579958711,0.2236702919908566,17.423536667003646,C,525
19,57,6764,6.767836324284586,70.9686946070468,8.424291935055836,5.755025502641192,0.0826893743302662,0.9791406763409806,0.5940579580055783,0.2032324580068234,18.22088341700146,C,525
20,60,7120,6.237039062414277,74.0368967190784,8.60446957802039,5.680313876283313,0.0430311219888249,1.000082407771216,0.5353925409872318,0.218606666996493,18.97498774999985,C,525
21,63,7476,5.193258156937159,73.3435432335174,8.564084494767517,5.768297116283463,0.0519931090053806,0.9953885203756764,0.6166074999928242,0.2114355000085197,19.803120875003515,C,525
22,66,7832,3.9853105196792087,74.78360938172031,8.6477516951934,6.114720891844406,0.0333794373473615,1.005113012338218,0.5652904579910683,0.222859708010219,20.591371417001938,C,525
23,69,8188,3.3158401933948647,80.6814889936157,8.982287514526336,6.102805381120458,-0.0428540014508114,1.0439955238806866,0.770860457996605,0.3152083330060122,21.67755279199628,C,525
24,72,8544,3.3912435622697465,75.23445902347021,8.673779973199125,5.89837746533305,0.0275519500412119,1.0081382334401203,0.6580502919969149,0.2460966250073397,22.581967916994472,C,525
25,75,8900,3.206895086202729,78.92835556889632,8.884163189006397,6.084324249854455,-0.0201937576966282,1.0325907056246515,0.6603714999946533,0.2366111250012181,23.479051083995728,C,525
26,78,9256,2.9489872937791803,79.30766961917907,8.905485366849977,6.0092800832711735,-0.0250966069136917,1.0350689449586836,0.5700348340033088,0.226557000001776,24.275766334001677,C,525
27,81,9612,2.8468138582251044,74.38090312041442,8.624436394363078,6.044771993691139,0.0385846441581257,1.0024031158151527,1.413134833012009,0.6053168329963228,26.294322917005047,C,525
28,84,9968,3.316942528392492,85.32411994450685,9.237105604273822,6.242175226970783,-0.1028626394269811,1.073612583529465,1.503548332999344,0.4668847499997355,28.264893917003064,C,525
29,87,10324,3.219022501720471,75.72307023229988,8.701900380508839,6.220101859405456,0.0212363730651589,1.0114066190616633,1.1283312500017928,0.3226517090079142,29.715970584002207,C,525
30,90,10680,2.5686189405034097,76.4180777828,8.741743406369235,6.013210143154932,0.0122530063212097,1.0160375040771836,1.0314758750027977,0.387138624995714,31.1347133340023,C,525
31,93,11036,2.2917471601721946,72.32505897122746,8.504414087474073,5.824071446893669,0.0651575956998167,0.9884531335912132,1.0885339999949792,0.3391867500031367,32.56257737499254,C,525
32,96,11392,2.5878703969248225,70.63889148501926,8.404694609860567,5.733722662636143,0.0869522667209183,0.976862913605062,1.0860069999907864,0.3530787500058068,34.001769291993696,C,525
33,99,11748,2.342361908280448,81.64646102052734,9.03584312726418,5.992413196969129,-0.0553268121550429,1.0502201988186215,1.0993994579912396,0.3788082079991,35.48010808399704,C,525
34,102,12104,2.257005978166388,72.02737381985803,8.486894238757664,5.923477539649377,0.069005345104921,0.98641683230277,1.1379831660015045,0.3466096250049304,36.96480787500332,C,525
35,105,12460,2.388338967655482,74.69962500044707,8.642894480464694,5.829014912428644,0.0344649831046677,1.0045484667893143,1.0955652499978896,0.2738233749987557,38.33433250000235,C,525
36,108,12816,2.5556103165230053,72.71668791958345,8.527408042282453,5.655000736838893,0.0600955694411126,0.9911256806297534,0.6270815830066567,0.2348818750033388,39.19637637499545,C,525
37,111,13172,2.2093852155664,71.15007671523115,8.435050486821709,5.687057057855583,0.0803449077162873,0.9803911239434254,0.5917775830021128,0.2086364169954322,39.99688199999218,C,525
38,114,13528,1.529970268185219,72.01340955027062,8.486071502778575,5.5789791408338045,0.0691858412087759,0.9863212071429078,0.57844420899346,0.2245553329994436,40.79996862499684,C,525
39,117,13884,1.3754846621095465,73.02156435275693,8.54526561042762,5.729212170187761,0.0561548686403606,0.9932012344550788,0.6068573749944335,0.2121506660041632,41.61907041700033,C,525
40,120,14240,1.3287825437074297,72.37929184062315,8.507602002951428,5.612790475972751,0.0644566051062506,0.9888236594158972,0.6247492499969667,0.2508050410106079,42.494711749997805,C,525
41,123,14596,1.29316557391306,72.31578546563105,8.503868852800533,5.646017248089979,0.065277461018855,0.9883897619213888,0.5796304999967106,0.2379011249868199,43.31234424999275,C,525
42,126,14952,1.34939090321573,71.22605895565003,8.439553243842356,5.63656983201803,0.0793627941677096,0.9809144714946004,0.5734886249992996,0.2343260839988943,44.1202408340032,C,525
43,129,15308,1.1461285379495514,73.89930839092864,8.596470693891106,5.65368418534275,0.0448095291594621,0.999152711498022,0.6521707079955377,0.2314813749981112,45.003975958999945,C,525
44,132,15664,0.9681702992889318,70.32528696581006,8.386017348289357,5.602182161470174,0.0910057829835676,0.9746920882504786,0.6000212090002606,0.2125497090019052,45.816649291999056,C,525
45,135,16020,0.8728186983740731,73.54130745441786,8.575622861018193,5.585607855908783,0.0494368942938976,0.996729604447982,0.569281249991036,0.2281971250049537,46.61422508399119,C,525
46,138,16376,0.9499110974622575,72.21089147699362,8.497699187250253,5.633882758588444,0.0666332753096318,0.9876726725153864,0.6415357079968089,0.2273151670087827,47.483186666999245,C,525
47,141,16732,1.0836281608999443,71.03262782336323,8.428085655910435,5.540813486344419,0.0818630012514738,0.9795816138621464,0.6236287079955218,0.5308885839913273,48.63779974999488,C,525
48,144,17088,1.1112562578715637,72.64634354846325,8.5232824397918,5.680986575993449,0.0610048103316476,0.9906461690881124,0.8072543750022305,0.3592183330038097,49.80450512499374,C,525
49,147,17444,1.299573681327734,72.19232346381376,8.496606585208813,5.5551030027721575,0.0668732774103012,0.9875456812964122,0.6834744160005357,0.2559151250025024,50.743976958998246,C,525
50,150,17800,1.4489459053853924,76.0058204245635,8.718131704933317,5.808034006159315,0.0175816664764342,1.0132931574315835,0.6493741250014864,0.2985492919979151,51.69200029199419,C,525
51,153,18156,1.449702323152778,69.33681881776968,8.326873291804654,5.510727522344242,0.103782294378544,0.9678178782973548,0.9921845829958328,0.4540820830006851,53.1560031669942,C,525
52,156,18512,1.4671273325266465,80.4266097005827,8.968088408383512,5.890640980801602,-0.039559542040829,1.0423451866773583,1.918697000000975,0.2956822090054629,55.37045049999142,C,525
53,159,18868,1.5059959834881045,69.21883386644674,8.31978568632911,5.496782689442036,0.1053073167861972,0.9669940983438036,0.6207270409940975,0.224991790993954,56.23004241699528,C,525
54,162,19224,1.6729097607430448,82.43235058586734,9.0792263208859,5.977959890597262,-0.0654848804819436,1.0552625513239804,0.5346184590016492,0.2180264170019654,56.98274133399536,C,525
55,165,19580,1.9009725953755756,68.98396773331612,8.30565877780421,5.475391025967926,0.108343094754548,0.9653521525429798,0.5852347920008469,0.2583302920102142,57.85226458399848,C,525
56,168,19936,1.9338721907540648,78.48937796338569,8.859423116850538,5.786545521817227,-0.0145197231917584,1.0297152104293092,0.5968413749942556,0.242854541997076,58.69202029200096,C,525
57,171,20292,1.8177342481827468,70.9818453913248,8.425072426473543,5.643426909620462,0.0825193929853803,0.9792313914895656,0.6413896250014659,0.2129620409978088,59.54644558399741,C,525
58,174,20648,1.6243368186307756,72.97669165208691,8.5426396185305,5.655472275699198,0.0567348737447948,0.9928960200225742,0.5794830000086222,0.222349290997954,60.34837154200068,C,525
59,177,21004,1.1525556304481592,76.84167146565551,8.765938139506547,5.806124262481566,0.0067778177412107,1.018849615474864,0.6286939169949619,0.2376414999889675,61.21480724999856,C,525
60,180,21360,0.8635695583364936,70.04749954192378,8.369438424525494,5.538556099179303,0.0945963429765225,0.972765149018992,0.6331957499933196,0.2264566669909982,62.074547500000335,C,525
61,183,21716,0.7405281703123886,75.54198810689057,8.691489406706458,5.690008582856491,0.023576962231644,1.010196569836302,0.5326682919985615,0.2161200830014422,62.823425833994406,C,525
62,186,22072,0.7484882319911143,71.55324107661902,8.458914887656633,5.6914517831223215,0.0751337797021651,0.9831648413969654,0.62599941699591,0.2198223750019678,63.669345333997626,C,525
63,189,22428,0.7819867234551505,71.9775240550664,8.483956863107355,5.6666620839462585,0.0696496815857269,0.9860754262827648,0.6087276659964118,0.2236502500018105,64.50182041700464,C,525
64,192,22784,0.7026995902650812,71.92365175214195,8.480781317316344,5.659688331820221,0.0703460116531676,0.9857063381650294,0.9334158749989,0.2903252079995582,65.72565495899471,C,525
65,195,23140,0.6644684170069319,71.67491236220725,8.466103729709863,5.604538928159335,0.0735611093335333,0.9840003879003832,0.9267769169964596,0.2455034580052597,66.89823487499962,C,525
66,198,23496,0.7335255413912656,72.37845915208044,8.507553064899474,5.60789045486373,0.0644673680779007,0.9888179714319504,0.650378834005096,0.2324699169985251,67.78117645900056,C,525
67,201,23852,0.5958473749375075,72.26631315719072,8.500959543321608,5.649691018981007,0.0659169186622568,0.9880516179832582,0.6132806670066202,0.2287833750015124,68.62334658400505,C,525
68,204,24208,0.5363890816656391,71.87350242603246,8.47782415635241,5.605397693541368,0.0709942201338947,0.9853626325327224,0.5969937500049127,0.2195879579958273,69.44002629199531,C,525
69,207,24564,0.5443042017770617,72.89146451965344,8.537649824140917,5.64049230896027,0.057836482765638,0.9923160649722172,0.6119736249966081,0.2058656660083215,70.25793658399198,C,525
70,210,24920,0.6125000581312715,71.43564817424742,8.451961202836145,5.611658890237693,0.0766537346547834,0.9823566268062692,0.6194031249906402,0.2256561249960214,71.10308345899102,C,525
71,213,25276,0.6235149161199506,73.34668093867951,8.56426768256805,5.581941853650668,0.0519525523867004,0.9954098119724412,0.6203532080107834,0.2221081659954507,71.94563720899168,C,525
72,216,25632,0.4889346357811703,71.75220814151751,8.47066751451841,5.606495624973706,0.0725620175498489,0.9845308286043102,0.6041152499965392,0.2269751249987166,72.77681145899987,C,525
73,219,25988,0.4846816404481952,73.55283434853904,8.5762949079739,5.6169199596049815,0.0492879026502315,0.9968077152869482,0.6276407909899717,0.2125849169970024,73.61712616699515,C,525
74,222,26344,0.4585725866007001,71.77046097866379,8.471744860338028,5.607924020242112,0.0723260892781565,0.9846560466193796,0.6276624589954736,0.2356586250098189,74.48052879200259,C,525
75,225,26700,0.4436720904339565,73.04066633372629,8.546383231152596,5.629198167005531,0.0559079647031873,0.9933311335517604,0.6110306249902351,0.2200074580032378,75.31167137499142,C,525
76,228,27056,0.4983077852913503,73.07170608802505,8.54819899674926,5.659210676123739,0.0555067582755631,0.99354217680241,0.5329707500059158,0.2091193749947706,76.05389762499544,C,525
77,231,27412,0.4499303879362814,73.03649418013717,8.546139138823868,5.632584282261157,0.0559618921544451,0.9933027631285032,0.6410267089959234,0.2087930839916225,76.90380474999256,C,525
78,234,27768,0.4123900348550818,73.81896621084196,8.591796448406,5.700430256152442,0.0458479974008613,0.9986094321433944,0.8676181249902584,0.215434333003941,77.98693979199743,C,525
79,237,28124,0.367541865184066,71.78418038620634,8.47255453722231,5.556809678734073,0.0721487581550976,0.9847501539435564,0.5792390830029035,0.2254198340087896,78.79171679199499,C,525
80,240,28480,0.4488245566909233,71.57074176359846,8.45994927665636,5.57864143491274,0.0749075733979395,0.9832850666162004,0.6214062090002699,0.2370992500073043,79.65031137499318,C,525
81,243,28836,0.5166584668534525,73.74916406382225,8.587733348434979,5.602858360962347,0.0467502297373905,0.9981371851599878,1.0756585829949472,0.4850849159993231,81.21113916700415,C,525
82,246,29192,0.4869033128358005,71.14418763749151,8.434701395870011,5.589163123354738,0.0804210273858945,0.9803505497143764,1.2115656669921009,0.4476505000056932,82.87051349999092,C,525
83,249,29548,0.4673220146907849,71.450184943639,8.452821123366979,5.546908896461672,0.0764658386662823,0.9824565738613632,1.1641355830070097,0.4231222919916035,84.45791862500482,C,525
84,252,29904,0.3839666639151198,71.79170525716904,8.472998598912255,5.611457441499842,0.0720514949303885,0.984801766454944,1.1442417919897707,0.3339925409964053,85.9362993340037,C,525
85,255,30260,0.3244909195417768,71.6374489863764,8.46389088932368,5.554287697139539,0.0740453447124336,0.9837431933433732,1.100708542013308,0.3673659589985618,87.40450645900273,C,525
86,258,30616,0.2988056707917974,73.2791393034534,8.560323551329903,5.612947104913503,0.0528255663263124,0.9949513925161988,1.1606199160014512,0.3627961250022053,88.92802154200035,C,525
87,261,30972,0.3195840589116128,72.43739512866473,8.511016104359381,5.614743056084945,0.063705587156688,0.9892204744345896,1.142334333009785,0.3670172079873737,90.4374664999923,C,525
88,264,31328,0.3080625138925702,71.79997207667394,8.47348641803797,5.562693817412805,0.0719446415999964,0.9848584648163454,1.0968668749992505,0.3898085419932613,91.92428516699874,C,525
89,267,31684,0.2974433793445651,74.22678286734393,8.615496669800525,5.660243759271104,0.040576735833973,1.0013640673085291,1.1012269999919226,0.4019822499976726,93.42760116700084,C,525
90,270,32040,0.3175326455175207,71.90103936680677,8.479448057910773,5.578378315396637,0.0706382895575949,0.9855513757627083,1.151181583001744,0.3291474580037175,94.90803774999222,C,525
91,273,32396,0.3334978731830468,72.49000031542394,8.514105961016925,5.612340561291467,0.063025635284292,0.9895796030546312,1.1291255000105591,0.3554176670004381,96.39274858399584,C,525
92,276,32752,0.316827090603582,72.41524485240834,8.509714733903149,5.594219784022343,0.0639918920392003,0.9890692184289208,0.7805037910002284,0.2435252089926507,97.41686987499996,C,525
93,279,33108,0.2883087691296352,72.107762147672,8.49162894547754,5.588323514953799,0.067966280377975,0.9869671389606726,0.5731966250023106,0.2302882090007187,98.22044812499372,C,525
94,282,33464,0.2637354939171437,71.64902391807168,8.464574644840205,5.577961936170755,0.0738957321558791,0.9838226650478276,0.6769234999956097,0.2249617500056047,99.122416875005,C,525
95,285,33820,0.2386276346913884,72.5810270447096,8.519449926181244,5.592563716023557,0.0618490631850584,0.99020072275296,0.64301895799872,0.2377514580002753,100.00328058400191,C,525
96,288,34176,0.2749191060494841,72.91005346221121,8.538738399916653,5.579242427098124,0.0575962101408896,0.99244258822539,0.566307458007941,0.2253274169925134,100.79499554200449,C,525
97,291,34532,0.3030806932221637,71.60994633448993,8.462266028345477,5.599896277493311,0.0744008320854119,0.9835543386017018,0.5859380000038072,0.2168547500041313,101.59787404199596,C,525
98,294,34888,0.3430700084466613,74.33876580062794,8.621993145475583,5.594081226630732,0.0391292929133463,1.0021191412821455,0.6332371669996064,0.2326804589974926,102.46386062499369,C,525
99,297,35244,0.3644599552904622,71.15262413784991,8.435201487685395,5.615104016022161,0.0803119808342416,0.980408674508973,0.5846727919997647,0.2284477499924833,103.27704820899817,C,525
100,300,35600,0.3325549635324585,73.1611718890874,8.553430416452068,5.596983459314354,0.0543503620588516,0.9941502155391394,0.5857664579962147,0.2145431250100955,104.07743991700409,C,525
1,2,356,275.6404573247674,180.5355518293359,13.436351879484844,10.228652045794345,-1.3335243929899612,1.5616836130865872,0.7033761670027161,0.2302253329980885,1.0292267079930753,D,525
2,4,712,130.62550422582734,207.6560675178508,14.410276455288802,11.546517084303655,-1.6840724388919803,1.6748811583769585,0.7098217500024475,0.2484632090054219,1.987637457990786,D,525
3,6,1068,102.82268704189345,257.5795551090443,16.04928518997168,13.506872114042944,-2.329361828692109,1.8653802689702248,1.046850874990923,0.2835303339961683,3.318105749989627,D,525
4,8,1424,72.7782377607367,265.2626099993643,16.286884600787356,13.720540560208834,-2.42866967037523,1.8929960317664056,0.9861640410090332,0.3097730419976869,4.614128832996357,D,525
5,10,1780,61.2812852323725,256.60257339569245,16.01881935086642,13.446848829424852,-2.3167337859796877,1.861839277924712,0.7133697079989361,0.2696153329889057,5.597202790988376,D,525
6,12,2136,59.59550673238347,201.9436829201631,14.210689037487349,11.37456644373203,-1.6102366283506555,1.6516834628600152,0.8776070839958265,0.914300207994529,7.389213000002201,D,525
7,14,2492,50.77462352795547,131.63492900297572,11.47322661691016,7.901947620426595,-0.701456110363919,1.3335130069207763,1.748143707998679,0.3687321249890374,9.52456891599286,D,525
8,16,2848,42.81663341736525,107.11636553728252,10.349703644901265,6.6309782971254725,-0.3845397725649584,1.2029279024184445,0.7752419169992208,0.2386192080011824,10.552518665994285,D,525
9,18,3204,37.7337526900045,80.22588772834497,8.956890516710862,5.723985293616168,-0.0369650967159074,1.041043675368102,0.692432458003168,0.2323668329918291,11.49152141599916,D,525
10,20,3560,33.3182924249199,84.29041981068548,9.180981418709305,6.313322876146448,-0.0895014789637536,1.0670893678768767,0.6843113749928307,0.2398698330071056,12.415758707997156,D,525
11,22,3916,28.39362408070082,80.36393925851277,8.964593647149478,6.182990365665451,-0.0387494910353189,1.0419389967085488,0.6694482080056332,0.2343895829981193,13.319678665997344,D,525
12,24,4272,37.0340366792143,88.3110827628749,9.397397659079608,6.466579118720916,-0.1414708278252694,1.0922430479251155,0.7157911249960307,0.2516979579959297,14.287254333001329,D,525
13,26,4628,31.422708661368723,77.21521101499887,8.787218616547495,5.816527560654922,0.0019496072236324,1.021323007997745,0.7204362920019776,0.2520333749998826,15.274140290988726,D,525
14,28,4984,25.322708451346067,83.85971760037239,9.157495159724212,6.622975514485286,-0.0839344086349664,1.0643596011873242,0.8067637909989571,0.3022546660067746,16.3832205409999,D,525
15,30,5340,20.072856442312176,88.00131717219259,9.38090172489791,6.75397054386525,-0.1374669318909691,1.0903257544272096,0.6890872919902904,0.2445869160001166,17.316999749993556,D,525
16,32,5696,19.528710986791037,70.45291108816969,8.393623239589068,5.894996132445239,0.0893561688236834,0.975576107656357,0.6264630829973612,0.3085839580016909,18.26943479100009,D,525
17,34,6052,14.99266090821684,91.9976260758732,9.591539296477558,7.111704081176264,-0.1891214908638037,1.114807789937052,0.6576122910046251,0.4329993749997811,19.36010749998968,D,525
18,36,6408,13.84522332502215,77.67887090811514,8.813561760611606,6.275082387422261,-0.0040434598463972,1.0243848254293737,0.825921041003312,0.2541894169989973,20.44053441598953,D,525
19,38,6764,11.555171173610043,67.76136867540379,8.231729385457456,5.561814698613125,0.1241458809402957,0.9567594689344436,0.7579330420121551,0.2550636659871088,21.47143416600011,D,525
20,40,7120,10.597124051511958,76.5982814744122,8.752044416844113,6.193630878741924,0.0099237714097312,1.0172347724578528,0.7295684999990044,0.2842060840048361,22.485264832997927,D,525
21,42,7476,9.027159835515397,70.46639586038401,8.39442647596511,5.779837016634613,0.089181870495309,0.9756694664115572,0.7531670840107836,0.2480422500084387,23.486561790996348,D,525
22,44,7832,7.646977081727446,73.2424873935191,8.558182481901113,5.9106278931081055,0.0532993130483001,0.994702539771688,0.7282814999925904,0.2438135000120382,24.45874620799441,D,525
23,46,8188,6.386561937546462,69.73564322869792,8.350786982596187,5.807246019965724,0.0986272626853917,0.9705973246361022,0.6875886659981916,0.2513621670077555,25.397810750000644,D,525
24,48,8544,6.206140475326709,69.47931438569753,8.335425267237271,5.656864479003165,0.1019404583507735,0.9688118594026748,0.6745113340002717,0.2424952500005019,26.314908290994936,D,525
25,50,8900,5.697270363904117,69.40177905127804,8.33077301642999,5.772539829918247,0.1029426465201021,0.9682711364508746,0.6516853329958394,0.2494585000094957,27.21613358300237,D,525
26,52,9256,4.934455341167665,70.15464831085258,8.375837170746133,5.818564161115329,0.0932113843717458,0.973508864069528,0.6966459170071175,0.2475129590020515,28.16041612499976,D,525
27,54,9612,4.374529859992896,66.03751815783941,8.126347159569262,5.50971632640854,0.1464276265125336,0.9445110776481556,0.7017204580042744,0.2526869589928537,29.13067025000055,D,525
28,56,9968,4.256049890196725,74.83229322389647,8.650566063784293,5.917536473949912,0.03275017107758,1.005440121463448,0.6885082079970744,0.2342838750046212,30.053516915999356,D,525
29,58,10324,4.055215358734131,66.79538343830862,8.17284426857068,5.572155556698077,0.1366317879607628,0.9499153550766356,0.686204750003526,0.2476955839956645,30.98749320799834,D,525
30,60,10680,3.5708512536595376,69.88646130752412,8.35981227705049,5.7432899359266765,0.096677853484386,0.9716463187811638,0.945372166999732,0.290215500004706,32.223184374990524,D,525
31,62,11036,3.118805590640293,65.70475020541836,8.10584666801799,5.537887892742389,0.1507288410174411,0.942128341470732,0.8995853340020403,0.2597716660093283,33.40028775000246,D,525
32,64,11392,2.839946452151524,69.76276575913967,8.352410775287556,5.7499706262519,0.0982766885976618,0.9707860552126684,0.742246542009525,0.2699814579973463,34.41262287499558,D,525
33,66,11748,2.5777377533109003,66.63349252155388,8.162934063285938,5.5524061276362495,0.1387243198716395,0.9487635092977872,0.7841698750125943,0.263393500004895,35.4602722080017,D,525
34,68,12104,2.2965285349427984,64.51293396024282,8.031994394933479,5.38913195432439,0.1661337418909703,0.9335446212987876,0.7362394160008989,0.2672428750083782,36.4808417079912,D,525
35,70,12460,2.053479646029097,64.87631926192853,8.05458374231273,5.510328046706041,0.1614367807830597,0.9361701415254764,0.6945626249944326,0.2306838749937014,37.406149457994616,D,525
36,72,12816,2.0580284300814853,66.15712450367866,8.13370300070507,5.538204794470598,0.144881646661229,0.9453660341620438,0.7196600830066018,0.2448327500023879,38.37073604098987,D,525
37,74,13172,1.9712741307997967,64.0610837486441,8.00381682378127,5.478668833551136,0.171974162129861,0.9302695916240904,0.6549642499885522,0.2533946250041481,39.29366674998892,D,525
38,76,13528,1.614653418573101,65.55985606826466,8.096904103931617,5.5611353441771225,0.1526016799127352,0.9410889629312352,0.7131702079932438,0.2640616249991581,40.27095624999493,D,525
39,78,13884,1.4924414492724989,62.700353835157074,7.918355500680496,5.342835860696399,0.1895623679608917,0.9203365719297376,0.7275439170043683,0.2393671250029001,41.25329187499301,D,525
40,80,14240,1.386430391434873,65.17688958592811,8.073220521324071,5.5449432815134765,0.1575517388854674,0.9383362616631284,0.6825842079997528,0.2489757910079788,42.18491233298846,D,525
41,82,14596,1.2981427064102686,63.14261824755421,7.946232959557265,5.353121145534129,0.1838458496129947,0.923576720081024,0.6865672919957433,0.2409815410064766,43.11256449999928,D,525
42,84,14952,1.1852637797259211,62.81124265197956,7.925354418067343,5.342999350204159,0.1881290671160272,0.9211500438222888,0.7103790830005892,0.4165815839951392,44.23961449999479,D,525
43,86,15308,1.0185562934768333,62.42966513673266,7.901244530878199,5.312455515147221,0.1930611729014123,0.9183477939203536,0.8663313339930028,0.2697968749998836,45.39257454099425,D,525
44,88,15664,0.97170121214363,63.27774941108454,7.954731259513708,5.337937868558443,0.1820992026885748,0.924564462579889,0.7292980420024833,0.2509322919941041,46.37334349998855,D,525
45,90,16020,0.9857418075036468,62.451903382488034,7.902651667794047,5.332735493115568,0.1927737309632362,0.918511342976121,0.7585394170018844,0.2982117499923333,47.43019187499885,D,525
46,92,16376,0.9468977900033586,65.61582650715668,8.100359652951015,5.391445523814151,0.151878230248016,0.9414905953331112,1.0859847920073662,0.4695857920014532,48.98590724999667,D,525
47,94,16732,1.1112848064872656,61.04683542607874,7.813247431515192,5.223621322075847,0.2109350311440955,0.9081200453985108,1.282481165995705,0.298603750008624,50.58514129099785,D,525
48,96,17088,1.3995290740152424,63.89045428990088,7.993150460857151,5.402848394293534,0.1741796446517544,0.9290298589690336,0.7119795420003356,0.2423804999998537,51.539565040991874,D,525
49,98,17444,1.3970124507218264,65.97388598226873,8.122431038935863,5.428488459181689,0.1472501084689605,0.9440559138153756,0.6544950419920497,0.2352042910060845,52.429342791001545,D,525
50,100,17800,1.2811144697532226,63.103805375289646,7.943790365769331,5.391910251818206,0.1843475279986293,0.9232928216890902,0.6430039169936208,0.2391730420058593,53.31160779099446,D,525
51,102,18156,1.381192678146148,64.93788527064254,8.058404635574124,5.447288019454431,0.1606410052050231,0.9366142372478268,0.733610833005514,0.2448092500126222,54.290167375002056,D,525
52,104,18512,1.5147287383508146,63.20579094626366,7.950206975058175,5.370634654272906,0.1830293066555786,0.9240386129327138,0.685317750001559,0.2383377500082133,55.21392275000108,D,525
53,106,18868,1.1788528494620591,63.96173855772255,7.997608302344054,5.303156608512045,0.1732582550633172,0.9295479860664986,0.6935272089904174,0.2464106249972246,56.15393704098824,D,525
54,108,19224,0.8874506494972143,60.96157699244451,7.807789507437077,5.232066050232181,0.2120370447507101,0.9074856804555028,0.6682134579896228,0.2450555840041488,57.08445608300099,D,525
55,110,19580,0.9063992815071278,64.55525208461356,8.034628310296224,5.411304999942239,0.1655867561339599,0.9338507566618052,0.6931703750015004,0.2383791660104179,58.01606312498916,D,525
56,112,19936,1.063644973749525,60.45191728056865,7.775083104415582,5.149288308765241,0.2186246855656939,0.9036842725957058,0.6683573339978466,0.2438907920004567,58.94339408299129,D,525
57,114,20292,1.3098853993951605,70.05635995902946,8.36996773942585,5.731757662074286,0.0944818170604986,0.972826670361501,0.6692472910071956,0.2526917909999611,59.86538641600055,D,525
58,116,20648,2.3846550804845403,62.58666044267926,7.911173139470483,5.147516905054872,0.1910319195366365,0.91950177868336,0.704260709011578,0.2468982910068007,60.81663891598873,D,525
59,118,21004,2.865748341163892,67.47598924272594,8.2143769844539,5.574619564450222,0.1278345719524733,0.9547426297999804,0.6755510419898201,0.2405821249994915,61.73287058300048,D,525
60,120,21360,3.0671492533737355,60.83144864221296,7.799451816776161,5.123797628078384,0.2137190274760402,0.9065166052933662,0.6549394160101656,0.2347672920004697,62.622680374988704,D,525
61,122,21716,1.7557268557923564,71.66566362222798,8.4655574903386,5.521508154116179,0.0736806545429248,0.9839368994563046,0.6541250000009313,0.2455707920016721,63.52246824999747,D,525
62,124,22072,2.5558612942695618,63.70824101890791,7.981744234120002,5.2397937552649,0.1765348545164049,0.9277041332406272,0.7139352919912199,0.2453421660029562,64.48182654099946,D,525
63,126,22428,3.0416991777634355,68.8187091407795,8.295704258276057,5.487269940163925,0.110479155784787,0.964195156197342,0.6392580420069862,0.2381387920031556,65.35932233299536,D,525
64,128,22784,2.1591706476854475,62.91067387500208,7.931624920216669,5.137587734562183,0.1868438621688751,0.921878853289342,0.6999200419959379,0.2260773750022053,66.28541174999555,D,525
65,130,23140,1.6323340006088942,64.99100256354629,8.061699731666163,5.445451958459398,0.1599544340702823,0.9369972204873728,0.6786118329910096,0.2410538749973056,67.20517375000054,D,525
66,132,23496,1.421074080333281,63.88955712964405,7.993094340094082,5.288715963904192,0.1741912409568727,0.9290233361511716,0.6752157079899916,0.2389450830087298,68.11942537499999,D,525
67,134,23852,1.0869315286700645,62.36027400515704,7.896852157990362,5.161947234922092,0.1939580926302307,0.9178372761233335,0.650428249995457,0.2305783329939004,69.00052837499243,D,525
68,136,24208,0.933699887120322,65.83149501821715,8.11366101203502,5.449373838872562,0.1490905924323065,0.9430365889703416,0.7135872500075493,0.2237642919935751,69.93797845799418,D,525
69,138,24564,1.0494746220915503,61.59593078380435,7.848307510782458,5.136107887816332,0.2038376622417005,0.9121950169202678,0.7007202079985291,0.237665584005299,70.87648112500028,D,525
70,140,24920,0.876612315686901,64.69607368981225,8.04338695387784,5.358174414769841,0.1637665570238048,0.9348687584436104,0.6950826249958482,0.2268435830046655,71.79849383299006,D,525
71,142,25276,0.6024195813061146,63.89371478856766,7.993354414047188,5.333956089096996,0.1741375008573872,0.9290535640906004,0.6772520419908687,0.242351624998264,72.71818391598936,D,525
72,144,25632,0.5805282807082273,62.489140199897165,7.905007286517652,5.223075050091454,0.1922924239804229,0.9187851324088724,0.6992459169996437,0.2447682079946389,73.66228645799856,D,525
73,146,25988,0.5225527845741658,64.36703662066299,8.0229069931455,5.343905785788409,0.1680195477465602,0.9324884085272624,0.6739981669961708,0.2448786660097539,74.5812460409943,D,525
74,148,26344,0.5054189428854524,61.41689326304612,7.836893087381384,5.1822626359066986,0.2061518237335309,0.9108683385079892,0.6972307909891242,0.2430284579895669,75.521584874994,D,525
75,150,26700,0.4436719551515043,62.41538791007555,7.900340999607267,5.2368186659175855,0.1932457141528776,0.9182427780654264,0.716078582991031,0.2880333749926649,76.5257710829901,D,525
76,152,27056,0.4287262371416842,62.08768917941177,7.879574175005383,5.232350225873321,0.197481406091708,0.9158290864646488,0.7156569170037983,0.2461049580015242,77.4876589159976,D,525
77,154,27412,0.4320409599314914,62.61276510096086,7.912822827598307,5.256752826906891,0.1906945020238334,0.9196935190410878,0.6895530000037979,0.2405102920019999,78.41780979098985,D,525
78,156,27768,0.3849906238277307,61.81550623240373,7.862283779691733,5.163302946669853,0.2009995250425924,0.9138194541427724,0.657280458995956,0.2426712919987039,79.31784550000157,D,525
79,158,28124,0.3637663316860627,63.07713868810061,7.942111727248655,5.285948924207494,0.1846922100537995,0.9230977164779772,0.7284915420023026,0.2442876669956604,80.29072054100106,D,525
80,160,28480,0.3206722056597806,61.90761133359855,7.868139000653112,5.21957815031291,0.1998090143748648,0.9144999962057077,0.6760147089953534,0.2394520420057233,81.20627920799598,D,525
81,162,28836,0.2895773351192474,63.02052649631995,7.938546875613946,5.291623396429456,0.1854239547385567,0.922683380024828,0.6858787079981994,0.2377657920005731,82.13001191600051,D,525
82,164,29192,0.2740645617916343,61.41512632678763,7.836780354634652,5.202504385820768,0.2061746623867394,0.9108552357785574,0.6953749999956926,0.2594406249991152,83.0849223749974,D,525
83,166,29548,0.2808113521739338,61.86841079211772,7.865647512577571,5.201426405655711,0.2003157036049747,0.9142104149164804,1.0159448330086889,0.271803750001709,84.37276454099629,D,525
84,168,29904,0.2618507968910624,61.82718075772349,7.863026183202209,5.215521722670026,0.20084862518196,0.913905742400702,0.7601727920118719,0.3122296660003485,85.4460022909916,D,525
85,170,30260,0.2498700046137477,62.29097396720258,7.892463111551589,5.21224802418759,0.1948538349223347,0.917327144953654,0.8137942500034114,0.264481958001852,86.52436508299434,D,525
86,172,30616,0.2700143263915951,61.688207978209455,7.854184106462584,5.173681213788176,0.2026449271716321,0.912878043329274,1.011079082993092,0.4620748750021448,87.99762887498946,D,525
87,174,30972,0.2874325560719779,62.607501008557605,7.912490190108143,5.250374763118111,0.1907625434035256,0.9196548571690152,1.3550580000010086,0.4845717919961316,89.83741924999049,D,525
88,176,31328,0.300646890750092,60.71511961983649,7.79199073535361,5.145538939155548,0.2152226460629474,0.9056494168855296,1.1547289169975556,0.4640451669984031,91.45632270799253,D,525
89,178,31684,0.3780525551083382,63.09771280225348,7.943406876287622,5.279518738449344,0.1844262779603509,0.923248249379229,1.1170336669893004,0.4019119160075206,92.97538262499438,D,525
90,180,32040,0.4541091470236189,61.416182289598986,7.8368477265798,5.192878508857388,0.2061610134685433,0.9108630663015792,1.011867583001731,0.4409913749987026,94.4283373329963,D,525
91,182,32396,0.6286610914080331,64.96803346325405,8.060275024045646,5.362494680080337,0.1602513227178307,0.9368316292194186,1.0663134580099722,0.4284786250063916,95.923248082996,D,525
92,184,32752,0.903314197331332,61.84552435794866,7.864192543290676,5.279686938413241,0.2006115237459991,0.9140413063881186,1.0602387090038974,0.4547430409875233,97.43833287499729,D,525
93,186,33108,0.938600900467862,64.50726093759772,8.031641235612913,5.380230107288129,0.1662070689259518,0.9335035742103605,1.1126944590068888,0.4296647919982206,98.98081929099862,D,525
94,188,33464,1.5421853520896998,61.53437547243525,7.844384964574039,5.34440161824709,0.2046332995504877,0.9117391062541728,1.0217368749872549,0.3938540829985868,100.39653708299738,D,525
95,190,33820,1.6585171128926652,65.41338667876359,8.087854269134898,5.44264488374656,0.154494879837979,0.9400371165052156,1.0940895410021767,0.4509378329967148,101.94166408300224,D,525
96,192,34176,1.368331930610571,62.05178213456287,7.87729535656515,5.256322001638683,0.1979455250100376,0.9155642233941343,0.9637843749951572,0.2707094579964177,103.17624654099929,D,525
97,194,34532,0.7462947750359439,63.1896946417144,7.949194590756626,5.309159354159706,0.1832373605204382,0.9239209452809544,0.6867922079982236,0.2338202079990878,104.09694562500226,D,525
98,196,34888,0.813247333416778,63.40092137436798,7.962469552492366,5.295330807265,0.1805071352096661,0.9254638708006936,0.6923634170088917,0.2319491670059505,105.02134504099376,D,525
99,198,35244,0.7921847979004464,62.00573568784741,7.87437208213121,5.251411522930933,0.1985407014477657,0.9152244563337756,0.6614141250029206,0.2389220409968402,105.92176370800009,D,525
100,200,35600,0.5733227793420299,62.13842890967218,7.882793217487833,5.20428461198382,0.1968255663024994,0.9162032301265416,0.6829960420000134,0.2453727090032771,106.8502214159962,D,525
101,202,35956,0.4347796058386899,61.678219982995685,7.853548241590911,5.209036540405953,0.2027740276741771,0.9128041378704757,0.666504332999466,0.2415882080094888,107.75844841598882,D,525
102,204,36312,0.4488055153509204,63.68291545535038,7.980157608427943,5.283701456510103,0.1768622017880577,0.927519722519204,0.6729768329969374,0.2388001249928493,108.6703012910002,D,525
103,206,36668,0.4360498186577572,61.05933716586086,7.814047425365478,5.138961079632223,0.2107734390674061,0.9082130272806294,0.682333375007147,0.2440330000099493,109.59675558299932,D,525
104,208,37024,0.4524971243370785,64.27928009505871,8.017436005049165,5.378307125346381,0.1691538506086094,0.9318525251763295,0.6790445829974487,0.2448637920024339,110.52074095798888,D,525
105,210,37380,0.5716404834490144,60.2731317349896,7.7635772511767795,5.103279246975053,0.2209355901354328,0.902346967453746,0.6785856660135323,0.2405269590090029,111.45443308299582,D,525
106,212,37736,0.6930372236150034,65.7074396872904,8.10601256397314,5.429053338433084,0.1506940779389822,0.942147623266636,0.6993238340073731,0.2424160830123582,112.39623058299183,D,525
107,214,38092,0.67776647779379,60.78232008625494,7.796301692870469,5.096896638754409,0.2143540419236586,0.9061504719167744,0.9923454579984536,0.3160500829981174,113.70470037499037,D,525
108,216,38448,0.4931480918037757,65.23811629939394,8.07701159460564,5.297663082478017,0.1567603488909348,0.9387768914615244,1.0306814169889549,0.3057021669956157,115.04117450000194,D,525
109,218,38804,0.4535920064101058,60.185498039100544,7.757931298941783,5.0980792586137404,0.2220683053537532,0.9016907483278442,0.9021434999885968,0.3665215420041932,116.32695958299156,D,525
110,220,39160,0.4320040731952431,63.43294233903888,7.964480041976304,5.222028021870354,0.1800932460815167,0.925697546467237,1.4086375830083853,0.6238668750011129,118.35952199999883,D,525
111,222,39516,0.3974476403064942,61.16773320751813,7.82098032266532,5.139250329631543,0.2093723587552584,0.9090188257742596,1.4242697500012582,0.4893451249954523,120.27326849999372,D,525
112,224,39872,0.294393719916933,62.60452545802883,7.9123021591714275,5.233561703068042,0.1908010040816087,0.919633002663026,1.1379741669952637,0.4546935410035075,121.86607537500096,D,525
113,226,40228,0.2894609963960862,61.51986634981345,7.843460100606967,5.16816961137872,0.2048208381888101,0.9116316109373884,1.022517791003338,0.4078495410067262,123.29653691599378,D,525
114,228,40584,0.231630553857664,61.974803905555135,7.872407757830836,5.18543288099621,0.1989405122759726,0.9149961463655494,1.0290925829904154,0.4621152089966927,124.78786724999372,D,525
115,230,40940,0.2064059308070815,61.472943351998985,7.840468312033344,5.157137646848856,0.2054273445466035,0.9112838805987404,1.0812244999979157,0.4936720000114292,126.36288508299911,D,525
116,232,41296,0.1786901264378194,61.90325699699843,7.867862288893879,5.177687707700227,0.199865296644859,0.9144678344832536,1.0689042910089483,0.4546012080099899,127.88652045799245,D,525
117,234,41652,0.1797660749949766,61.893883615856,7.867266591126552,5.186637594632292,0.1999864529119713,0.9143985975765448,1.1078179589967476,0.3993742919992655,129.39404408299015,D,525
118,236,42008,0.1856180884864892,62.26777878751003,7.89099352347409,5.202627463861998,0.1951536457743465,0.9171563373089,1.0585837079997873,0.4081888749933569,130.86091674999625,D,525
119,238,42364,0.172168677609958,61.68830757590535,7.85419044688282,5.211817153552283,0.2026436398149288,0.9128787802651976,1.0060331669956213,0.4524441250105155,132.31952879099117,D,525
120,240,42720,0.1812602748696723,62.315978542460016,7.894047031938689,5.214221879055626,0.1945306366064997,0.9175112412422264,1.0884939170064172,0.4542534999927738,133.86241175000032,D,525
121,242,43076,0.1666063016720032,61.728382993349285,7.85674124515688,5.190421264663882,0.2021256423168345,0.9131752550747751,0.761448624994955,0.2663525410025613,134.89031099999556,D,525
122,244,43432,0.1849623881698994,63.065935825030216,7.941406413541006,5.259552470102967,0.184837013412369,0.9230157391027788,0.6978709579998394,0.2308771250100108,135.81916516600177,D,525
123,246,43788,0.1981320526827587,61.79077717052408,7.860710983780289,5.186515144973631,0.2013191621917699,0.9136366508324943,0.6456354160036426,0.228888999990886,136.69378416599648,D,525
124,248,44144,0.2204415963941745,62.489205384479725,7.905011409509775,5.214298865090497,0.1922915814327257,0.9187856116170158,0.692834874993423,0.2334415420045843,137.62015395799244,D,525
125,250,44500,0.2081282421779096,62.587541430638126,7.911228819256723,5.221110733897097,0.1910205322676408,0.9195082502472588,0.69146054200246,0.2431385829986538,138.5548370829929,D,525
126,252,44856,0.1901583929410141,62.43680659883156,7.901696438033516,5.2124033505134735,0.1929688654537071,0.9184003182964212,0.7053348750050645,0.2393510840047383,139.49965533299837,D,525
127,254,45212,0.2110031672408071,61.84490322899502,7.864153052236142,5.202864882434428,0.2006195521899807,0.914036716412113,0.6866652500029886,0.2350214170000981,140.42143654100073,D,525
128,256,45568,0.2195756604497352,62.18256193460084,7.885592047183321,5.1796595278056525,0.1962551219265084,0.9165285331932124,0.7118714999960503,0.2436086249945219,141.37701512499189,D,525
129,258,45924,0.1970773756169201,62.78868155183418,7.923930940627523,5.228699256534036,0.1884206821302915,0.9209845955360796,0.6657799579988932,0.2426709579885937,142.2855599159957,D,525
130,260,46280,0.1851521187953734,62.82429790741046,7.926178013860808,5.214649621291682,0.1879603205356665,0.9212457689168676,0.6915760830015643,0.237908499999321,143.21513549999509,D,525
131,262,46636,0.21989331185148,63.06023109718089,7.941047229250112,5.242367498305162,0.1849107502550955,0.9229739917426176,0.6733233749982901,0.4986787910020211,144.3872277079936,D,525
132,264,46992,0.2387189865112304,61.69042597635798,7.854325303701011,5.162130487109968,0.202616258287688,0.912894454436652,1.2461666659946786,0.3116510000108974,145.9451279999921,D,525
133,266,47348,0.2380734050876639,62.53309469627431,7.907786965787224,5.218084870079751,0.1917242871872078,0.9191082096551269,0.6912807500048075,0.2459609580109827,146.88316399999894,D,525
134,268,47704,0.2254371666506435,62.34763990986154,7.8960521724379165,5.189772282534765,0.1941213954769923,0.9177442952056584,0.8475564169930294,0.3565655829879688,148.08737912499055,D,525
135,270,48060,0.1856986830073796,63.5361638777068,7.970957525774855,5.2595446196644895,0.1787590491550782,0.9264504130483568,1.2757068339997204,0.4777976249897619,149.840989874996,D,525
136,272,48416,0.2378620714618918,61.78527286069682,7.860360860717326,5.156217433180403,0.2013903085178998,0.913595956642963,1.250234333012486,0.4754122500016819,151.5668074159912,D,525
137,274,48772,0.2614930697371451,62.4825082564059,7.9045877980073,5.222671524233181,0.1923781456111654,0.9187363759950504,1.098249874994508,0.4176465829950757,153.08284470799845,D,525
138,276,49128,0.2622706190253911,62.43146611158515,7.901358497852452,5.207597659184382,0.1930378942800721,0.9183610401018856,1.0317517499934183,0.3894857499981299,154.5041871249996,D,525
139,278,49484,0.3155826899442779,62.78073945336212,7.923429778407967,5.23787050980788,0.1885233382571777,0.9209263463302833,1.0307127080013745,0.4629035410034703,155.99793437500193,D,525
140,280,49840,0.2763983910338262,62.58088958670856,7.910808402856724,5.26683979574968,0.1911065111228345,0.9194593859864504,1.0345798749913229,0.4531415420060511,157.48576295799285,D,525
141,282,50196,0.2890212549252456,63.57644026095803,7.973483571247766,5.272627342085124,0.1782384540599526,0.9267440108832706,1.0689096249989234,0.4358982499979902,158.99071166598878,D,525
142,284,50552,0.277007612786936,63.22214457871735,7.951235412105301,5.258959514409424,0.1828179266816177,0.9241581463669372,1.0441455410036724,0.4110792499996023,160.44607279099,D,525
143,286,50908,0.3761276790265287,62.810054812956025,7.9252794785392915,5.268272659556586,0.1881444206090554,0.9211413337323788,1.174851290998049,0.450646790995961,162.0716801249946,D,525
144,288,51264,0.4774954305605942,63.984692948646966,7.999043252080024,5.308965723524209,0.1729615565426902,0.9297147677575682,1.1237059999984922,0.4577411670034053,163.65326129099412,D,525
145,290,51620,0.3897017200341385,63.42287919528084,7.963848265460665,5.283710405411508,0.1802233179216147,0.92562411619089,1.0819609579921234,0.3769671670015668,165.1123221250018,D,525
146,292,51976,0.3779873107926229,62.035047191864,7.876233058503538,5.150998266119706,0.1981618336351666,0.915440754353586,0.8942497089883545,0.268485624997993,166.27515991599648,D,525
147,294,52332,0.4893842999185069,64.43855819374433,8.027363090937417,5.373657976567504,0.1670950908530611,0.9330063329581172,0.6689660419942811,0.247631749996799,167.19186741599697,D,525
148,296,52688,0.6223554108919722,63.25628341547645,7.953381885429396,5.201724737761957,0.1823766628556374,0.9244076271967214,0.6740407920005964,0.2362606249953387,168.10226108299685,D,525
149,298,53044,0.6014890448096093,64.30326695627377,8.018931783989297,5.357326304864304,0.1688438068239396,0.9320263769391112,0.658003375006956,0.2369601670070551,168.997321791001,D,525
150,300,53400,0.6742570939358701,61.7328150038287,7.857023291541695,5.130489084884705,0.2020683560678995,0.9132080368314044,0.7222564999974566,0.2394342920015333,169.9591212499945,D,525
151,302,53756,0.6341640567511655,65.91509732033407,8.118811324346321,5.370823674839035,0.148009985264781,0.9436352007372096,0.6671347920055268,0.2400242919975426,170.86641683299968,D,525
152,304,54112,0.5558440320277482,61.1009267828053,7.816708180737292,5.124810324024092,0.2102358696820324,0.9085222822108264,0.6873958749929443,0.234555500006536,171.78846450000128,D,525
153,306,54468,0.5668650356571326,65.42902344226272,8.088820893199621,5.339835560756174,0.154292765801808,0.9401494655249072,0.6225773750047665,0.2384464580100029,172.6495792909991,D,525
154,308,54824,0.703031685245171,60.77146176385956,7.795605285278338,5.07884669303894,0.2144943918986073,0.9060695296837624,0.7263024999992922,0.2420821249979781,173.61804937499983,D,525
155,310,55180,0.7697799728157815,65.5165531904007,8.094229623033973,5.364847333807695,0.153161394167121,0.940778112707244,0.7219418330059852,0.2487695419986266,174.58886420799536,D,525
156,312,55536,0.7151501155301426,61.00513335399927,7.81057829830796,5.108658147726947,0.2114740540758651,0.9078098167271968,0.7022876669943798,0.4292540829919744,175.72051174999797,D,525
157,314,55892,0.884409224719144,69.03266751510745,8.308589983571668,5.5123220735233325,0.1077136224562008,0.9656928414483228,2.488098166009877,0.2541052080050576,178.4628154999955,D,525
158,316,56248,0.9600766957475898,61.27797994827164,7.828025290472153,5.210152348043465,0.2079473571077207,0.9098376500263584,0.6165675840020413,0.1724069999909261,179.25201995798852,D,525
159,318,56604,0.9513234275110652,68.1554147398346,8.255629275823534,5.491699158904041,0.1190526120855262,0.9595373112739448,0.446471625007689,0.1720014159946004,179.8705494159949,D,525
160,320,56960,0.8466869518997964,60.91412258926124,7.80475000171442,5.177534341812134,0.212650419824267,0.9071324040363132,0.4557833330036374,0.1919788329978473,180.51836175000065,D,525
161,322,57316,0.6518767921442397,64.0584560101287,8.00365266675964,5.242915272230079,0.1720081271404194,0.9302505119413796,0.4661782500043046,0.1701930419949349,181.15478262500253,D,525
162,324,57672,0.5268597994627577,61.90569431265411,7.868017177958759,5.16031171918398,0.1998337929577553,0.9144858369676064,0.6188109590002568,0.169655125006102,181.94330374999845,D,525
163,326,58028,0.430588698788975,61.6036684011289,7.848800443451783,5.125641345977783,0.2037376491496114,0.9122523096198744,0.4278642499994021,0.1587103330093668,182.52993816600065,D,525
164,328,58384,0.4372828462150659,62.708852526456695,7.918892127466865,5.192522328874843,0.1894525175560534,0.9203989431199338,0.4167626670096069,0.1594532500021159,183.1062099159899,D,525
165,330,58740,0.3189169011089239,62.95059551434623,7.934141132746898,5.239035537851001,0.1863278523399314,0.9221713082585736,0.5089236249914393,0.1715374999912455,183.78673004099983,D,525
166,332,59096,0.2554833418532704,63.33809389897102,7.958523349150332,5.245610572065901,0.1813192159599848,0.9250052105074508,0.5530885409971233,0.2008927499991841,184.54076599999095,D,525
167,334,59452,0.2693648273020648,62.720238394901656,7.9196110002260625,5.23023006307934,0.1893053487492313,0.9204824964399124,0.4365424999996321,0.1515353330032667,185.12889133299177,D,525
168,336,59808,0.2223405509852291,62.45425316414846,7.902800336852024,5.19592083900081,0.1927433587026635,0.9185286225199808,0.3852215420047287,0.1499089160060975,185.66407304099997,D,525
169,338,60164,0.2140077208535055,61.063746542372655,7.814329564484253,5.152865751552196,0.2107164453753389,0.908245819815564,0.3763427499943645,0.1533855830057291,186.1938570409984,D,525
170,340,60520,0.2414584692274586,63.59440196057391,7.974609831244028,5.252433154264442,0.1780062889059511,0.9268749141073016,0.38265479200345,0.152119833001052,186.72868466599903,D,525
171,342,60876,0.2469092692886845,62.24220207260415,7.8893727299833,5.22356981304493,0.1954842393196102,0.9169679553241572,0.4684546659991611,0.2519145419937558,187.4491084159963,D,525
172,344,61232,0.254700430825855,61.8495701559604,7.864449768163085,5.181147244295128,0.2005592295122384,0.9140712031838948,0.6146025000052759,0.1902288749988656,188.25405733298976,D,525
173,346,61588,0.2622989397705271,61.727234288835696,7.856668141702034,5.193236447538924,0.2021404899741277,0.913166758388434,0.3770986250019632,0.1452233330055605,188.77642562499383,D,525
174,348,61944,0.2157421627741181,61.92778321446868,7.869420767405227,5.185349600517798,0.1995482813747108,0.9146489737072296,0.3779972499905852,0.1405114170047454,189.29499787499665,D,525
175,350,62300,0.1817168650332461,62.509436801645535,7.906290963634309,5.21099619151127,0.1920300788921857,0.9189343319487148,0.36516233299335,0.1440845420002006,189.8043035409937,D,525
176,352,62656,0.1795498204700062,61.63319033942194,7.850680883810138,5.164206755788703,0.2033560613546474,0.9124708699046428,0.3708720840077149,0.1440445000043837,190.3193037079909,D,525
177,354,63012,0.1855167867092604,62.737433843592335,7.920696550404664,5.232696249417448,0.1890830878229954,0.920608668033237,0.3719692080048844,0.1374520829995162,190.82877833300157,D,525
178,356,63368,0.1823007809312156,62.485183554769655,7.904757020602825,5.194332740567474,0.1923435658625946,0.9187560444405308,0.3647152080084197,0.1403447500051697,191.33389254099168,D,525
179,358,63724,0.1940888546490937,63.08672932435781,7.942715488065641,5.224556099548031,0.1845682456411191,0.923167890538806,0.3716437499970197,0.1357492910028668,191.84134183300196,D,525
180,360,64080,0.1791151438871126,61.54446352384159,7.845027949207166,5.123933987096254,0.2045029057649097,0.9118138392303576,0.3744441660091979,0.1439604159968439,192.35980908299095,D,525
181,362,64436,0.1887215347437376,62.67474059093465,7.916738001913076,5.198914502796374,0.1898934336682883,0.9201485728849134,0.4110117079981137,0.1579243750020396,192.9287978749926,D,525
182,364,64792,0.1994568946656216,62.09481494252615,7.880026328796506,5.154485228573263,0.1973893015622811,0.9158816395067636,0.4139488329965388,0.1858789999969303,193.52867824998972,D,525
183,366,65148,0.2427749884932228,62.37674653503908,7.8978950698929316,5.208715344247548,0.1937451758395795,0.9179584919446178,0.4810666659905109,0.181899916002294,194.1916925409896,D,525
184,368,65504,0.2700894662503446,61.90702304249041,7.868101616177209,5.158896605495499,0.1998166183710699,0.9144956510736416,0.4695112499903189,0.1793630830070469,194.84062258299676,D,525
185,370,65860,0.2796375076757388,63.20946937595086,7.950438313448565,5.21849515660089,0.1829817608657546,0.924065500988087,0.4251993340003537,0.1468915000004926,195.41276837499757,D,525
186,372,66216,0.294455361500215,61.37347779025326,7.834122656063872,5.130216782874907,0.2067129933412271,0.9105463361349831,0.3791204580047633,0.1398723329912172,195.9318148750026,D,525
187,374,66572,0.2540825871604212,63.21336095841778,7.950683049802563,5.218719518136399,0.1829314599553698,0.924093946265272,0.3539537080068839,0.1381086249893997,196.4239234580018,D,525
188,376,66928,0.2260519863849275,61.39008573376319,7.8351825590577775,5.149237379854025,0.2064983262526395,0.9106695268010128,0.4312637919938424,0.1520737079990795,197.00731220799207,D,525
189,378,67284,0.2041730977845995,63.640859946969584,7.977522168378448,5.237120814651613,0.1774057930844633,0.92721340994452,0.365875582996523,0.1493024170049466,197.5225470829901,D,525
190,380,67640,0.236155769798193,62.06586465484989,7.87818917358868,5.182057186659531,0.1977635004488276,0.9156681101791238,0.3775704580039019,0.1438200830016285,198.04398562500137,D,525
191,382,67996,0.2123193735821863,62.37040464693148,7.897493567387787,5.205055356508325,0.1938271483399912,0.9179118260126355,0.3715562500001397,0.1486748339957557,198.5642595829995,D,525
192,384,68352,0.2109008217125796,62.50447978324021,7.905977471713426,5.199104660435727,0.1920941511663063,0.9188978953325804,0.4600264159962535,0.1456188750016736,199.1699550829944,D,525
193,386,68708,0.2070365355590756,62.293284835303375,7.892609507336808,5.203990617744354,0.1948239656415888,0.917344160279008,0.404034416002105,0.1526217909995466,199.7266659579909,D,525
194,388,69064,0.2228489668851488,63.52046636890231,7.969972795995122,5.235580846848276,0.1789619483587713,0.926335959633165,0.4035027500067372,0.1746452079969458,200.3048718749924,D,525
195,390,69420,0.2245081333297022,62.32657046386636,7.8947178837414045,5.210537404666545,0.1943937300154162,0.9175892131706568,0.3707279160007601,0.1482880420080619,200.8239389579976,D,525
196,392,69776,0.1994828742541624,61.66756690698424,7.852869978993937,5.171291449774615,0.2029117247232137,0.9127253045984264,0.3892796670115785,0.146991750007146,201.360263458002,D,525
197,394,70132,0.1785290120692735,61.71835961984005,7.856103335613658,5.146036971435856,0.2022552001039123,0.913101111967389,0.3910140839871019,0.1462687500024913,201.89761104100037,D,525
198,396,70488,0.1870018926899085,62.75216604194879,7.921626477053105,5.251786214619996,0.1888926658042915,0.9207167517765976,0.4098680419992888,0.1459627500007627,202.4534963749902,D,525
199,398,70844,0.1964749171492758,61.80096672521142,7.861359088936939,5.156746906790174,0.2011874564187202,0.9137119789581476,0.3969605830061482,0.1637723330059088,203.01428499999747,D,525
200,400,71200,0.2332402226630221,62.33868242239241,7.895484939026381,5.210750017088917,0.1942371760825146,0.9176783666611,0.4003530420013703,0.15161887499562,203.5662912909902,D,525
201,402,71556,0.2670573404665743,61.82137369117542,7.862656910432721,5.1539396689488335,0.2009236848104061,0.9138628224743676,0.3980154170130845,0.1511194170016097,204.1155009159993,D,525
202,404,71912,0.2875849326674858,63.70611297095107,7.981610925806335,5.272375622258978,0.1765623607431089,0.9276886390491376,0.3948126250033965,0.1441794590064091,204.65455429100257,D,525
203,406,72268,0.2334144574202848,61.23416273293841,7.825226049957816,5.122807144636084,0.208513719465588,0.9095122992109334,0.4270922080031596,0.1485834159975638,205.2302871659922,D,525
204,408,72624,0.2202769310286875,63.81700387140621,7.988554554574076,5.261990451619693,0.1751290329661103,0.92849568484246,0.3916880409960868,0.1508905420050723,205.77292191599557,D,525
205,410,72980,0.2730759730499782,61.07866960074336,7.81528435827791,5.109369107103541,0.21052355638271,0.9083567938235988,0.4633523749944288,0.1669307499978458,206.4032578329934,D,525
206,412,73336,0.3205198337522785,62.9393523227307,7.933432568739127,5.264089354619324,0.186473176967818,0.9220889531066928,0.4502698750002309,0.1605627919925609,207.0141490829992,D,525
207,414,73692,0.3185288825731598,62.3526525763876,7.896369582053996,5.201135315875775,0.1940566039193519,0.9177811871686342,0.4117248749971622,0.1514923329959856,207.5774228329974,D,525
208,416,74048,0.2780465031607767,62.481357647929485,7.904515016617369,5.212589408704626,0.1923930178782579,0.9187279167417493,0.4214505410054698,0.1539197499951115,208.1528522500012,D,525
209,418,74404,0.2994722007365709,62.01395804190266,7.87489416067941,5.171501975310476,0.1984344228585275,0.9152851366077652,0.464975000009872,0.1451914159988518,208.76307195799015,D,525
210,420,74760,0.2439598554975531,62.24380837132687,7.889474530748348,5.171527666601575,0.1954634769976526,0.9169797874485314,0.3768877919937949,0.1414220000006025,209.2814403329976,D,525
211,422,75116,0.2405720413400885,61.46722296831248,7.840103504948929,5.145854841842342,0.2055012837499042,0.91124147971115,0.3691315420001047,0.141992915989249,209.79262212499447,D,525
212,424,75472,0.1976164951083365,62.57134852566707,7.910205340297246,5.198370002059319,0.1912298347477367,0.9193892930828668,0.3887098340055672,0.1482550420041661,210.32964329099923,D,525
213,426,75828,0.1730891060963105,61.544966882341726,7.845060030512305,5.169049717636726,0.2044963995708301,0.9118175679841868,0.3725347500003408,0.1470785419951426,210.8493198329961,D,525
214,428,76184,0.2273831568407208,63.71794173882204,7.982351892695664,5.259148603508829,0.1764094672100277,0.9277747603311108,0.4033199160039658,0.1486234160111053,211.4013185829972,D,525
215,430,76540,0.2289307361908173,62.220192333352784,7.887977708725652,5.1794367222650814,0.1957687276816307,0.9168058144500928,0.3939958330010995,0.1446322919946396,211.9400021659967,D,525
216,432,76896,0.2079299666573492,63.35598830856242,7.959647499014163,5.235237226795088,0.1810879205677112,0.92513586847449,0.5113401249982417,0.2328167500090785,212.6842154999904,D,525
217,434,77252,0.2366322359342253,61.74156009267026,7.857579785956377,5.166157009147922,0.2019553208350942,0.9132727172011936,0.6163660840102239,0.1549761250062147,213.45561608299613,D,525
218,436,77608,0.2745966609944119,63.194394979339066,7.94949023392941,5.231929331173299,0.1831766059909768,0.9239553073684016,0.3954118749970803,0.1419122090010205,213.9930039579922,D,525
219,438,77964,0.2363438033655788,61.42475977399989,7.837394960954812,5.136682202458864,0.2060501446181858,0.9109266703931984,0.3840141249966109,0.1436887080053566,214.5207648749929,D,525
220,440,78320,0.2131930552841572,63.50253751119078,7.968847941276755,5.246049697582539,0.1791936890125337,0.9262052197421192,0.5228212920046644,0.2262575829954585,215.2699022500019,D,525
221,442,78676,0.2389534582917609,62.446899278694936,7.902335052292767,5.187829338104619,0.1928384118426971,0.9184745433117156,0.5995282499934547,0.2277518330083694,216.0972549579892,D,525
222,444,79032,0.32429281881686,64.62836879095498,8.03917712150659,5.287546083512094,0.1646416812384395,0.9343794570106772,0.6084944579924922,0.2051205419993493,216.91102141598824,D,525
223,446,79388,0.3746350625257813,61.85609643124539,7.864864679779646,5.208709525675909,0.2004748737029889,0.9141194276333792,0.8544307080010185,0.2358533329970669,218.0013942910009,D,525
224,448,79744,0.3717790128809682,65.00975221027122,8.062862532021194,5.330041203904249,0.1597120842530345,0.9371323707332156,0.7659270000003744,0.2834469169902149,219.05082591599785,D,525
225,450,80100,0.4500572165746367,60.94273201212624,7.806582607782117,5.1354704868455645,0.2122806268087177,0.9073454046253746,0.7647116250009276,0.2799591249931836,220.09580137499145,D,525
226,452,80456,0.5631844310948019,68.968135430676,8.30470561974812,5.5676182493989765,0.1085477362450108,0.9652413686538536,0.7737351670075441,0.213495290998253,221.0831311249931,D,525
227,454,80812,0.7386553468329183,60.8728494917931,7.802105452491212,5.115332766583092,0.2131838980159043,0.9068250327183448,0.4621529169962741,0.1485920830018585,221.693925915999,D,525
228,456,81168,1.0146514873826102,65.69469044465097,8.105226119279521,5.388404758352983,0.1508588691304665,0.9420562161792332,0.403775166007108,0.1482719580089906,222.24602966599923,D,525
229,458,81524,1.0056079867180814,60.48495338380874,7.777207299783692,5.080627187543552,0.2181976751958307,0.9039311640977388,0.4314013750117738,0.1545084999961545,222.83198849999465,D,525
230,460,81880,0.8766504579715515,67.69824723473775,8.227894459382531,5.419163015689927,0.1249617613584312,0.9563137422027886,0.3919667089940049,0.1495434579992434,223.37360112500028,D,525
231,462,82236,1.1948256345277422,61.59903593725945,7.848505331415622,5.1182443053133575,0.2037975263722939,0.9122180092655052,0.4067037920030998,0.2138186250085709,223.994177332992,D,525
232,464,82592,1.4255783353628737,69.27035688101766,8.322881525110018,5.485908070073919,0.1046413526030578,0.9673539222555518,0.4307121250021737,0.143839125012164,224.56877987500047,D,525
233,466,82948,1.0822735689999012,60.0999381704086,7.752414989563484,5.116900859091446,0.2231742151794389,0.9010495973637972,0.4753338750015246,0.1564513750054175,225.2081031659909,D,525
234,468,83304,0.883335402842318,64.38248400945115,8.023869640606778,5.265405518805933,0.1678198814859269,0.93260029535331,0.4257147919997806,0.1648074580007232,225.79889254100272,D,525
235,470,83660,0.5987432585673386,62.16765891920394,7.884647038340013,5.094756866756239,0.1964477518523341,0.9164186964727952,0.4080805419944227,0.1626073750085197,226.36966266599484,D,525
236,472,84016,0.5138182546315568,61.2443393247413,7.825876265616605,5.110638923490578,0.2083821812451716,0.9095878726365484,0.454153042010148,0.1551017089950619,226.97896449999823,D,525
237,474,84372,0.4264806884058406,63.55711497414936,7.9722716319847855,5.198824369955642,0.1784882443517407,0.926603149308341,0.432117707998259,0.1632649170060176,227.57440691599916,D,525
238,476,84728,0.3535934695032205,60.783531414016025,7.796379378533091,5.117986459963717,0.2143383848253766,0.906159501185089,0.4103440000035334,0.1541365419980138,228.138946082996,D,525
239,478,85084,0.3054730172237653,63.40215651446195,7.962547112228721,5.213413080223176,0.180491170323477,0.9254728854328192,0.7133249159960542,0.1680292920063948,229.02035458300088,D,525
240,480,85440,0.3233583382006441,60.30194275603262,7.765432554341878,5.147799788216347,0.2205631913491018,0.90256260608663,0.448728667004616,0.1567190420028055,229.62586745800215,D,525
241,482,85796,0.4093676865770576,61.70650797154587,7.855349003802814,5.178519714216471,0.202408389379439,0.9130134373040286,0.4266799999895738,0.1517312080104602,230.204343874997,D,525
242,484,86152,0.4106855096107119,62.13211946030384,7.882393003416148,5.1438156940676425,0.1969071195138096,0.9161567139469208,0.4103167499997653,0.1496975419868249,230.76441687499755,D,525
243,486,86508,0.3956356316470028,63.59009260888527,7.974339634658488,5.256734792037531,0.1780619897204528,0.9268435096320587,0.4493325840012403,0.1513073329988401,231.3651207079965,D,525
244,488,86864,0.3301516824893737,60.85609704717542,7.80103179375494,5.093876220919342,0.2134004328632596,0.906700243246506,0.4158030419930583,0.1473285829997621,231.92830824998964,D,525
245,490,87220,0.2668416131748242,62.700278513086566,7.918350744510284,5.2252926112186575,0.1895633415413697,0.9203360191284158,0.4255980830057524,0.1543166250048671,232.5082827909937,D,525
246,492,87576,0.2408767530087674,62.052296296628974,7.877327992195639,5.170071464801124,0.1979388791737408,0.9155680165762268,0.4040887500013923,0.1489437499985797,233.06137379100252,D,525
247,494,87932,0.2360394940282521,62.82310971233055,7.926103059658671,5.201974872635444,0.1879756786309253,0.9212370571214148,0.4022506670007715,0.1491392910102149,233.6128391249949,D,525
248,496,88288,0.2166783856541922,62.19193268010003,7.886186193598274,5.178067935140509,0.19613399972658,0.9165975897889556,0.413166333004483,0.1613627089973306,234.1874266660016,D,525
249,498,88644,0.1968850583842631,62.63631503829253,7.9143107746848385,5.1827789289266,0.1903901057281455,0.9198664605212618,0.3986200840008678,0.1484042499942006,234.73450924998903,D,525
250,500,89000,0.1932705562101321,62.80667650861453,7.9250663409598365,5.2028197267277525,0.1881880871085782,0.9211165611253384,0.4146896659949561,0.150816624998697,235.30007020800255,D,525
251,502,89356,0.2058972867017381,61.84392643806209,7.864090947977528,5.147725368800916,0.200632177766748,0.9140294981430584,0.4453043749963399,0.1465273329959018,235.89198183298868,D,525
252,504,89712,0.2416690092408255,63.32712070645156,7.95783392051201,5.232078632362458,0.1814610506964324,0.9249250794259996,0.4573189580114558,0.174811499993666,236.52417070799856,D,525
253,506,90068,0.254070955213536,62.41688835598491,7.900435959868601,5.173227005159324,0.1932263200385641,0.9182538151300516,0.4555144170008134,0.1484144580026623,237.1284066249937,D,525
254,508,90424,0.3199179123961523,62.39813489539364,7.89924900831678,5.1954627278362695,0.1934687191521973,0.9181158578329645,0.4141904579882975,0.1482968329946743,237.69095795799512,D,525
255,510,90780,0.3845087062107043,63.079463140245856,7.942258063060269,5.176834060112957,0.1846621651915755,0.9231147248327044,0.4074890000047162,0.1535469160007778,238.25205237499904,D,525
256,512,91136,0.4481524329506949,63.2223720342207,7.951249715247327,5.2412857719761154,0.1828149866902421,0.9241598087960488,0.4137307909986703,0.1996286670037079,238.8654705829977,D,525
257,514,91492,0.3331625567058499,62.811129723425736,7.925347293552866,5.177326089457462,0.1881305267816294,0.9211492157524668,0.4566452500002924,0.2096169169963104,239.5317922079994,D,525
258,516,91848,0.2557549342680513,63.40630366647992,7.962807524138702,5.242891404310218,0.1804375660317054,0.9255031526523828,0.4362668749963632,0.14152533300512,240.109649541002,D,525
259,518,92204,0.2548368670297473,62.90036281431788,7.930974896840733,5.212126193258927,0.1869771384758428,0.9218033022124256,0.3756234589964151,0.1429327090008882,240.6282682500023,D,525
260,520,92560,0.2276800663283701,61.68488254058884,7.853972405132885,5.181546122438995,0.2026879103388059,0.9128534376550236,0.3729829579970101,0.1375417499948525,241.1388516659936,D,525
261,522,92916,0.2064361193876588,63.34471935181086,7.958939587144186,5.232743919619664,0.1812335782245929,0.9250535891194412,0.371925708008348,0.143632332998095,241.65446487499867,D,525
262,524,93272,0.2006047222386585,62.21546440837336,7.88767801120034,5.184111172371065,0.1958298387932979,0.916770981132362,0.3629184160090517,0.1499128330033272,242.16734841599828,D,525
263,526,93628,0.1919859739836682,63.05576119642775,7.9407657814865535,5.229299042388978,0.1849685262573067,0.9229412795626872,0.3698311659973115,0.1378949579957407,242.67510929099808,D,525
264,528,93984,0.2019029977951157,62.48701742978765,7.904873017942012,5.177689664276988,0.1923198619879571,0.918769526607818,0.3599562090093968,0.1442026250006165,243.17932366600144,D,525
265,530,94340,0.207629560921969,63.548324378566655,7.9717202897848,5.230898888970193,0.1786018677849828,0.9265390677714296,0.368975750010577,0.1429707089992007,243.69132620799064,D,525
266,532,94696,0.2228625967596354,61.630345230352354,7.850499680297577,5.141133570960659,0.2033928360028944,0.9124498089381886,0.3821788750065025,0.143987332994584,244.2175489579968,D,525
267,534,95052,0.2088102787063362,62.675204164455415,7.916767279922747,5.1848188112621845,0.1898874417176301,0.920151975816627,0.3804220000019995,0.1411716250004246,244.7391957910004,D,525
268,536,95408,0.2032076364822602,62.54618892053836,7.908614854735205,5.167201892567067,0.1915550369125787,0.9192044337355256,0.3729407079954399,0.1393477079982403,245.2515489579964,D,525
269,538,95764,0.2006966260711798,61.93560336662384,7.869917621336569,5.144671476804293,0.1994472014731286,0.914706722168243,0.3784465409989934,0.1492593329894589,245.7793153329985,D,525
270,540,96120,0.161798882350493,62.56581820595995,7.909855763916302,5.187372935445685,0.1913013172663145,0.919348662433228,0.3977363339945441,0.1644258750020526,246.3415330829885,D,525
271,542,96476,0.2037009201692731,61.82059190155853,7.86260719491687,5.158284941182928,0.2009337898845741,0.9138570441271558,0.4168524580018129,0.1481676670082379,246.90660512499744,D,525
272,544,96832,0.2380903942531414,62.95910888121757,7.934677616716232,5.2347396752129685,0.1862178122450059,0.922233662849396,0.4004672089940868,0.1532017919962527,247.46033249999164,D,525
273,546,97188,0.2324512805161851,61.48267150507812,7.84108866835965,5.12469546804544,0.2053016026510109,0.911355983526511,0.4033703749882988,0.1530080000084126,248.0167717079894,D,525
274,548,97544,0.2427148802226849,63.51218712586731,7.969453376855109,5.276776241387433,0.1790689622703356,0.9262755884575248,0.3873135830071987,0.1383496250055031,248.54248799999183,D,525
275,550,97900,0.2352365858099434,61.29706520052341,7.829244229203954,5.116513632569719,0.2077006693987093,0.9099793251372726,0.3877766669902485,0.1441335830022581,249.07445808299235,D,525
276,552,98256,0.1986113823531718,63.563888304857166,7.972696426232292,5.231982602764238,0.1784006952110407,0.9266525223986868,0.3762096660066163,0.141116917002364,249.5918709999969,D,525
277,554,98612,0.2128578174984857,61.23761529362177,7.825446651381745,5.097619862691594,0.2084690931607343,0.9095379393275262,0.3828131670015864,0.140276249992894,250.11501854099333,D,525
278,556,98968,0.236272571461924,63.73145356404471,7.983198203980953,5.260029014788176,0.1762348192061779,0.9278731256074644,0.3839929160021711,0.1419265000004088,250.64099166599044,D,525
279,558,99324,0.277842326445526,61.00646097391112,7.810663286425239,5.105223960722023,0.2114568938355826,0.9078196947470084,0.3817496670089895,0.1414205000037327,251.1642232909944,D,525
280,560,99680,0.2861284302191788,63.7709623116757,7.98567231431867,5.276897343546755,0.1757241462367864,0.9281606871127028,0.3757264589949045,0.1427633749990491,251.68276187499575,D,525
281,562,100036,0.3936553143718269,60.84948425601406,7.800607941437261,5.063849617112504,0.2134859069392762,0.9066509796350118,0.388852541000233,0.1428148330014664,252.2144846250012,D,525
282,564,100392,0.4554596938443987,65.07023764800239,8.066612526209648,5.347447023700606,0.158930275667766,0.9375682259806668,0.3885021659953054,0.1444248749903636,252.74746512499405,D,525
283,566,100748,0.589927619762635,60.63957062428855,7.787141364087886,5.033215285312791,0.2161991596758655,0.905085782968572,0.4008962090010755,0.1500531249912455,253.2984705830022,D,525
284,568,101104,0.7076227197821221,67.17458075623367,8.19601005100858,5.421860206465007,0.1317304475756235,0.9526078733391884,0.3853349169949069,0.1503784590022405,253.83424620798905,D,525
285,570,101460,0.7298540913321999,60.33976772360844,7.767867643285926,5.028583107689614,0.2200742821918313,0.9028456322037216,0.370084542009863,0.1363629580009728,254.3407470829989,D,525
286,572,101816,0.5254387085357409,65.94703364819357,8.120777896740778,5.31435721798947,0.1475971901154182,0.943863771997468,0.401050957996631,0.1467792079929495,254.8886274999968,D,525
287,574,102172,0.3580915505966444,61.43687931539921,7.838168109666902,5.149523105698559,0.2058934926723467,0.911016532111988,0.36549012499745,0.1369967500068014,255.39116895799816,D,525
288,576,102528,0.3204598323013005,63.59737199927645,7.974796047503437,5.209751478573572,0.1779678994713479,0.92689655769653,0.3850121660070726,0.1384214169956976,255.91466124998988,D,525
289,578,102884,0.3463798145229896,62.46026549424608,7.903180720080117,5.1899581032725965,0.1926656459264302,0.918572833795432,0.3827615829941351,0.1425670419994276,256.44004408299224,D,525
290,580,103240,0.2509851140922375,61.63565631337677,7.850837937021549,5.120974905577748,0.2033241872427745,0.9124891239239512,0.3932953330076998,0.1330166670086328,256.96641208299843,D,525
291,582,103596,0.2426801615216758,63.31439383879936,7.957034236372202,5.21554392262509,0.1816255526785176,0.9248321335409866,0.383604083006503,0.1483805419993586,257.4984562909958,D,525
292,584,103952,0.2879855815279349,62.624847825940606,7.913586280943717,5.139851617427008,0.1905383259510968,0.9197822538844124,0.3915002919966355,0.1514854170090984,258.0415402910003,D,525
293,586,104308,0.3051881683006715,62.41607529134179,7.900384502753128,5.214496555598641,0.1932368293601829,0.9182478343597702,0.410694667007192,0.1455344579881057,258.5978256660019,D,525
294,588,104664,0.2736542713776063,62.734052129360606,7.920483074242417,5.165075826258795,0.1891267983972834,0.9205838560733124,0.4616049169999314,0.1858580000116489,259.2453427909932,D,525
295,590,105020,0.2874280986156357,61.817616534176814,7.862417982667725,5.153078243317392,0.2009722481953777,0.913835052319295,0.5145295419933973,0.1942136660072719,259.9541387909994,D,525
296,592,105376,0.2986971288919449,64.14218712087735,8.008881764695827,5.228203438554216,0.1709258550482786,0.9308582808232468,0.5101158750039758,0.1989552080049179,260.66326504098834,D,525
297,594,105732,0.2884769839852044,61.37499675945802,7.834219601176496,5.137554079897491,0.2066933598028156,0.9105576038953924,0.5341785409982549,0.2019320830004289,261.3994671249966,D,525
298,596,106088,0.2882250282871589,63.169294119506674,7.947911305463006,5.194898793571873,0.1835010488395484,0.9237717912820164,0.6803020410006866,0.2093929999973625,262.28920429099526,D,525
299,598,106444,0.277185261416971,62.047870116588086,7.877047042933544,5.1795108723736965,0.1979960900609512,0.9155353623362472,0.5715938750072382,0.1633854170067934,263.0243981660024,D,525
300,600,106800,0.3089150150170487,63.08655714612861,7.942704649307351,5.19561601650377,0.1845704711423774,0.92316663076894,0.444092207995709,0.1723462919908343,263.6408985829912,D,525
1,3,356,209.1448139662153,149.78962801608836,12.2388573002584,8.644144781205336,-0.9361158910288216,1.4225009184153268,0.415258792010718,0.1423066670104162,1.375475834007375,E,525
2,6,712,117.14080124758604,241.4212168893612,15.537735256122792,12.875851065478464,-2.1205061434614425,1.805923717360625,0.3690638749976642,0.1372437079990049,1.8818429999955697,E,525
3,9,1068,75.32519454098819,262.5525843827259,16.20347445403997,13.642571657831942,-2.3936410523663425,1.8833014167020723,0.3748851249984,0.1364870830002473,2.39326991699636,E,525
4,12,1424,65.3375843348128,251.3206449354096,15.853095752420396,13.232356825815174,-2.248461865135256,1.84257751473808,0.3536075829906622,0.138639749988215,2.885576166998362,E,525
5,15,1780,56.46416284796897,166.25004570733117,12.893798730681784,9.600826725062088,-1.1488761247451658,1.4986236121790526,0.3537652500090189,0.1387416250072419,3.3781441250030184,E,525
6,18,2136,46.84558688388782,99.18480574369546,9.95915687915877,6.396094587650376,-0.2820198640746336,1.1575353368117598,0.3806743329914752,0.1376830000081099,3.9036563749978086,E,525
7,21,2492,40.42971548873387,77.04872040169897,8.777740050929907,5.9042478370280405,0.0041015928209423,1.020221330940362,0.3798694589931983,0.1405268749949755,4.430956166994292,E,525
8,24,2848,32.81822273168671,80.24482993059233,8.957947863801861,6.323206694019951,-0.0372099354224846,1.0411665689660197,0.3810587500047404,0.1365265409986022,4.948570624997956,E,525
9,27,3204,27.605476400825413,90.14422497366226,9.49443126120055,6.724072385896073,-0.1651652305140853,1.103521093313493,0.3743193749978672,0.1367106669931672,5.459659416999784,E,525
10,30,3560,21.22055808078037,114.68844228448364,10.709268989267365,7.895833177605138,-0.482413158810175,1.2447195517565164,0.377894916004152,0.1371083749982062,5.974722250000923,E,525
11,33,3916,19.804780338587385,74.95351266917618,8.657569674520452,6.236945807692493,0.0311833410011845,1.0062541388557582,0.3590122080058791,0.1351166669919621,6.475899666998885,E,525
12,36,4272,19.56573237729876,83.14746760625752,9.118523323776582,6.71245660086875,-0.0747281735287355,1.0598299730473943,0.3675859590002801,0.1346554159972584,6.978167709006812,E,525
13,39,4628,24.7654440376196,101.63946450757358,10.081639971134338,6.719631496952613,-0.3137477206875569,1.171771331770367,0.3872907079930883,0.1416222080006264,7.507137000007788,E,525
14,42,4984,21.55562820863188,87.41149127676792,9.349411279688573,6.8384455263855966,-0.1298430976896494,1.086665675211265,0.355262583005242,0.1410865419893525,8.003542834005202,E,525
15,45,5340,15.314869794952736,156.48903019452754,12.509557553907634,9.699391106844914,-1.0227094635602656,1.453963934118857,0.3716997080045985,0.139961332999519,8.515289458999177,E,525
16,48,5696,10.866863690065534,77.19749892992249,8.786210726469204,6.037052560914384,0.0021785459681488,1.0212058627016722,0.4006664999906206,0.1373761249997187,9.053394500006108,E,525
17,51,6052,10.0924556496438,70.36907943104636,8.388627982634965,5.832494812938366,0.0904397405347389,0.9749955177017064,0.3885288749879692,0.1353427090070909,9.584805709004286,E,525
18,54,6408,7.893916392594241,69.77010656768407,8.352850206228055,5.696497473639515,0.0981818044840948,0.9708371295001696,0.3822905829874798,0.1404403330088826,10.11507004199666,E,525
19,57,6764,6.767836324284586,70.9686946070468,8.424291935055836,5.755025502641192,0.0826893743302662,0.9791406763409806,0.378361875002156,0.1333852920070057,10.62684724999417,E,525
20,60,7120,6.237039062414277,74.0368967190784,8.60446957802039,5.680313876283313,0.0430311219888249,1.000082407771216,0.3881209160026628,0.1402171660010935,11.15524637499766,E,525
21,63,7476,5.193258156937159,73.3435432335174,8.564084494767517,5.768297116283463,0.0519931090053806,0.9953885203756764,0.3859725840011379,0.1415112079994287,11.682785375000094,E,525
22,66,7832,3.9853105196792087,74.78360938172031,8.6477516951934,6.114720891844406,0.0333794373473615,1.005113012338218,0.3921090000076219,0.1405927500018151,12.21554983399983,E,525
23,69,8188,3.3158401933948647,80.6814889936157,8.982287514526336,6.102805381120458,-0.0428540014508114,1.0439955238806866,0.3755891670007258,0.1360920000006444,12.72730029199738,E,525
24,72,8544,3.3912435622697465,75.23445902347021,8.673779973199125,5.89837746533305,0.0275519500412119,1.0081382334401203,0.3941204160073539,0.1455824580043554,13.267066875007004,E,525
25,75,8900,3.206895086202729,78.92835556889632,8.884163189006397,6.084324249854455,-0.0201937576966282,1.0325907056246515,0.3862486250000074,0.1434756249946076,13.796850124999764,E,525
26,78,9256,2.9489872937791803,79.30766961917907,8.905485366849977,6.0092800832711735,-0.0250966069136917,1.0350689449586836,0.3833111669955542,0.1388604170060716,14.319139084007476,E,525
27,81,9612,2.8468138582251044,74.38090312041442,8.624436394363078,6.044771993691139,0.0385846441581257,1.0024031158151527,0.3625831249955809,0.1409436249959981,14.82273204199737,E,525
28,84,9968,3.316942528392492,85.32411994450685,9.237105604273822,6.242175226970783,-0.1028626394269811,1.073612583529465,0.3947958329954417,0.1429661670117639,15.360551208999825,E,525
29,87,10324,3.219022501720471,75.72307023229988,8.701900380508839,6.220101859405456,0.0212363730651589,1.0114066190616633,0.3739864579983987,0.1406452499941224,15.875248459007707,E,525
30,90,10680,2.5686189405034097,76.4180777828,8.741743406369235,6.013210143154932,0.0122530063212097,1.0160375040771836,0.3945077090029372,0.139032249993761,16.40885116699792,E,525
31,93,11036,2.2917471601721946,72.32505897122746,8.504414087474073,5.824071446893669,0.0651575956998167,0.9884531335912132,0.3751565420097904,0.1386327910004183,16.92270529200323,E,525
32,96,11392,2.5878703969248225,70.63889148501926,8.404694609860567,5.733722662636143,0.0869522667209183,0.976862913605062,0.3685170829994604,0.1378855840011965,17.429169249997358,E,525
33,99,11748,2.342361908280448,81.64646102052734,9.03584312726418,5.992413196969129,-0.0553268121550429,1.0502201988186215,0.3610225409938721,0.1416681659902678,17.931923249998363,E,525
34,102,12104,2.257005978166388,72.02737381985803,8.486894238757664,5.923477539649377,0.069005345104921,0.98641683230277,0.3981415420130361,0.1429740409948863,18.473103666998213,E,525
35,105,12460,2.388338967655482,74.69962500044707,8.642894480464694,5.829014912428644,0.0344649831046677,1.0045484667893143,0.4015286670037312,0.1369890000059967,19.01168445899384,E,525
36,108,12816,2.5556103165230053,72.71668791958345,8.527408042282453,5.655000736838893,0.0600955694411126,0.9911256806297534,0.3745202499994775,0.1418724590039346,19.52813837499707,E,525
37,111,13172,2.2093852155664,71.15007671523115,8.435050486821709,5.687057057855583,0.0803449077162873,0.9803911239434254,0.4090299170056823,0.1446937920118216,20.08192258399504,E,525
38,114,13528,1.529970268185219,72.01340955027062,8.486071502778575,5.5789791408338045,0.0691858412087759,0.9863212071429078,0.4087232500023674,0.1374310829996829,20.62814654200338,E,525
39,117,13884,1.3754846621095465,73.02156435275693,8.54526561042762,5.729212170187761,0.0561548686403606,0.9932012344550788,0.376710708005703,0.1384697500034235,21.14338866699836,E,525
40,120,14240,1.3287825437074297,72.37929184062315,8.507602002951428,5.612790475972751,0.0644566051062506,0.9888236594158972,0.3997093329962808,0.1425332499929936,21.68569300000672,E,525
41,123,14596,1.29316557391306,72.31578546563105,8.503868852800533,5.646017248089979,0.065277461018855,0.9883897619213888,0.4045125830016332,0.1426100829994538,22.232890583996777,E,525
42,126,14952,1.34939090321573,71.22605895565003,8.439553243842356,5.63656983201803,0.0793627941677096,0.9809144714946004,0.3818420000025071,0.1408489169989479,22.755640375005896,E,525
43,129,15308,1.1461285379495514,73.89930839092864,8.596470693891106,5.65368418534275,0.0448095291594621,0.999152711498022,0.3658507499931147,0.1398933330056024,23.261444999996456,E,525
44,132,15664,0.9681702992889318,70.32528696581006,8.386017348289357,5.602182161470174,0.0910057829835676,0.9746920882504786,0.3829059580020839,0.1476544589968398,23.792072583994013,E,525
45,135,16020,0.8728186983740731,73.54130745441786,8.575622861018193,5.585607855908783,0.0494368942938976,0.996729604447982,0.3977360419958131,0.1395720830041682,24.32944524999766,E,525
46,138,16376,0.9499110974622575,72.21089147699362,8.497699187250253,5.633882758588444,0.0666332753096318,0.9876726725153864,0.4005051669955719,0.1441492500016465,24.87417704200197,E,525
47,141,16732,1.0836281608999443,71.03262782336323,8.428085655910435,5.540813486344419,0.0818630012514738,0.9795816138621464,0.4164682080008788,0.1419364160101395,25.43264712499513,E,525
48,144,17088,1.1112562578715637,72.64634354846325,8.5232824397918,5.680986575993449,0.0610048103316476,0.9906461690881124,0.3822463749966118,0.1439792500023031,25.958929750006064,E,525
49,147,17444,1.299573681327734,72.19232346381376,8.496606585208813,5.5551030027721575,0.0668732774103012,0.9875456812964122,0.3925211250025313,0.1424524580070283,26.493954083998688,E,525
50,150,17800,1.4489459053853924,76.0058204245635,8.718131704933317,5.808034006159315,0.0175816664764342,1.0132931574315835,0.3968588749994524,0.1413625840068562,27.032231999997748,E,525
51,153,18156,1.449702323152778,69.33681881776968,8.326873291804654,5.510727522344242,0.103782294378544,0.9678178782973548,0.4026775000093039,0.143093457998475,27.58563499999582,E,525
52,156,18512,1.4671273325266465,80.4266097005827,8.968088408383512,5.890640980801602,-0.039559542040829,1.0423451866773583,0.3878490829956718,0.143232040994917,28.1167462089943,E,525
53,159,18868,1.5059959834881045,69.21883386644674,8.31978568632911,5.496782689442036,0.1053073167861972,0.9669940983438036,0.4149226669978816,0.1395469999988563,28.679120166998477,E,525
54,162,19224,1.6729097607430448,82.43235058586734,9.0792263208859,5.977959890597262,-0.0654848804819436,1.0552625513239804,0.3721246670029359,0.1452700830122921,29.196548709005583,E,525
55,165,19580,1.9009725953755756,68.98396773331612,8.30565877780421,5.475391025967926,0.108343094754548,0.9653521525429798,0.3904748750064755,0.1435488749993965,29.73857937499997,E,525
56,168,19936,1.9338721907540648,78.48937796338569,8.859423116850538,5.786545521817227,-0.0145197231917584,1.0297152104293092,0.3639333750033984,0.143109208001988,30.245662417000855,E,525
57,171,20292,1.8177342481827468,70.9818453913248,8.425072426473543,5.643426909620462,0.0825193929853803,0.9792313914895656,0.3881504999881144,0.1475062079989584,30.78137183400395,E,525
58,174,20648,1.6243368186307756,72.97669165208691,8.5426396185305,5.655472275699198,0.0567348737447948,0.9928960200225742,0.3818012919946341,0.142635458993027,31.305863500005216,E,525
59,177,21004,1.1525556304481592,76.84167146565551,8.765938139506547,5.806124262481566,0.0067778177412107,1.018849615474864,0.4023637500067707,0.1468934159929631,31.85517383400293,E,525
60,180,21360,0.8635695583364936,70.04749954192378,8.369438424525494,5.538556099179303,0.0945963429765225,0.972765149018992,0.4111593340057879,0.1424662499921396,32.408858042006614,E,525
61,183,21716,0.7405281703123886,75.54198810689057,8.691489406706458,5.690008582856491,0.023576962231644,1.010196569836302,0.3709891250036889,0.1374302089971024,32.91733362499508,E,525
62,186,22072,0.7484882319911143,71.55324107661902,8.458914887656633,5.6914517831223215,0.0751337797021651,0.9831648413969654,0.3779564160067821,0.1452967499935766,33.44064887499553,E,525
63,189,22428,0.7819867234551505,71.9775240550664,8.483956863107355,5.6666620839462585,0.0696496815857269,0.9860754262827648,0.3816586670000106,0.1398425420047715,33.96220620900567,E,525
64,192,22784,0.7026995902650812,71.92365175214195,8.480781317316344,5.659688331820221,0.0703460116531676,0.9857063381650294,0.405566750006983,0.1365648750070249,34.50439445899974,E,525
65,195,23140,0.6644684170069319,71.67491236220725,8.466103729709863,5.604538928159335,0.0735611093335333,0.9840003879003832,0.3977179999928921,0.1436562079907162,35.04582429199945,E,525
66,198,23496,0.7335255413912656,72.37845915208044,8.507553064899474,5.60789045486373,0.0644673680779007,0.9888179714319504,0.398170915999799,0.1362175420072162,35.58026808399882,E,525
67,201,23852,0.5958473749375075,72.26631315719072,8.500959543321608,5.649691018981007,0.0659169186622568,0.9880516179832582,0.4123226660012733,0.1462505419913213,36.13892054199823,E,525
68,204,24208,0.5363890816656391,71.87350242603246,8.47782415635241,5.605397693541368,0.0709942201338947,0.9853626325327224,0.4114065829926403,0.1451384160027373,36.69553312500648,E,525
69,207,24564,0.5443042017770617,72.89146451965344,8.537649824140917,5.64049230896027,0.057836482765638,0.9923160649722172,0.3870864999917103,0.1407330410002032,37.22341116699681,E,525
70,210,24920,0.6125000581312715,71.43564817424742,8.451961202836145,5.611658890237693,0.0766537346547834,0.9823566268062692,0.3796459159930236,0.1470744590042159,37.75019325000176,E,525
71,213,25276,0.6235149161199506,73.34668093867951,8.56426768256805,5.581941853650668,0.0519525523867004,0.9954098119724412,0.4039353749976726,0.1502864999929443,38.30447195899615,E,525
72,216,25632,0.4889346357811703,71.75220814151751,8.47066751451841,5.606495624973706,0.0725620175498489,0.9845308286043102,0.4735020420048386,0.1476976249978179,38.92572129200562,E,525
73,219,25988,0.4846816404481952,73.55283434853904,8.5762949079739,5.6169199596049815,0.0492879026502315,0.9968077152869482,0.4205312080011936,0.152391625000746,39.49870008400467,E,525
74,222,26344,0.4585725866007001,71.77046097866379,8.471744860338028,5.607924020242112,0.0723260892781565,0.9846560466193796,0.4129657500016037,0.1617839999962598,40.07350137499452,E,525
75,225,26700,0.4436720904339565,73.04066633372629,8.546383231152596,5.629198167005531,0.0559079647031873,0.9933311335517604,0.4226014590094564,0.1449872909870464,40.64114391700423,E,525
76,228,27056,0.4983077852913503,73.07170608802505,8.54819899674926,5.659210676123739,0.0555067582755631,0.99354217680241,0.4656942919973517,0.1449411659996258,41.25199654200696,E,525
77,231,27412,0.4499303879362814,73.03649418013717,8.546139138823868,5.632584282261157,0.0559618921544451,0.9933027631285032,0.4058177499973681,0.1431273750058608,41.80100045900326,E,525
78,234,27768,0.4123900348550818,73.81896621084196,8.591796448406,5.700430256152442,0.0458479974008613,0.9986094321433944,0.40805170800013,0.1455611669953214,42.35467179199623,E,525
79,237,28124,0.367541865184066,71.78418038620634,8.47255453722231,5.556809678734073,0.0721487581550976,0.9847501539435564,0.4053886250039795,0.1462717499962309,42.90640008400078,E,525
80,240,28480,0.4488245566909233,71.57074176359846,8.45994927665636,5.57864143491274,0.0749075733979395,0.9832850666162004,0.3856265420035925,0.1579575829964596,43.45004937499471,E,525
81,243,28836,0.5166584668534525,73.74916406382225,8.587733348434979,5.602858360962347,0.0467502297373905,0.9981371851599878,0.4097346249909606,0.1477873330004513,44.00762445900182,E,525
82,246,29192,0.4869033128358005,71.14418763749151,8.434701395870011,5.589163123354738,0.0804210273858945,0.9803505497143764,0.3822511249891249,0.1449731660104589,44.53491058399959,E,525
83,249,29548,0.4673220146907849,71.450184943639,8.452821123366979,5.546908896461672,0.0764658386662823,0.9824565738613632,0.411535332998028,0.1436967500048922,45.090198709003744,E,525
84,252,29904,0.3839666639151198,71.79170525716904,8.472998598912255,5.611457441499842,0.0720514949303885,0.984801766454944,0.3974969169939868,0.1443750830076169,45.63212991699402,E,525
85,255,30260,0.3244909195417768,71.6374489863764,8.46389088932368,5.554287697139539,0.0740453447124336,0.9837431933433732,0.4316369160078466,0.1481135829963022,46.21194262499921,E,525
86,258,30616,0.2988056707917974,73.2791393034534,8.560323551329903,5.612947104913503,0.0528255663263124,0.9949513925161988,0.4357737920072395,0.1492194999882485,46.7969972090068,E,525
87,261,30972,0.3195840589116128,72.43739512866473,8.511016104359381,5.614743056084945,0.063705587156688,0.9892204744345896,0.4141540830023587,0.1420092920016031,47.35323070900631,E,525
88,264,31328,0.3080625138925702,71.79997207667394,8.47348641803797,5.562693817412805,0.0719446415999964,0.9848584648163454,0.3899944169970695,0.1443615419993875,47.88764695900318,E,525
89,267,31684,0.2974433793445651,74.22678286734393,8.615496669800525,5.660243759271104,0.040576735833973,1.0013640673085291,0.4327725830080453,0.145634374988731,48.4661293340032,E,525
90,270,32040,0.3175326455175207,71.90103936680677,8.479448057910773,5.578378315396637,0.0706382895575949,0.9855513757627083,0.401231750001898,0.1470261250069597,49.01444749999792,E,525
91,273,32396,0.3334978731830468,72.49000031542394,8.514105961016925,5.612340561291467,0.063025635284292,0.9895796030546312,0.4148627919930732,0.149442124995403,49.57883408399357,E,525
92,276,32752,0.316827090603582,72.41524485240834,8.509714733903149,5.594219784022343,0.0639918920392003,0.9890692184289208,0.404816333000781,0.1451172919914825,50.12882524999441,E,525
93,279,33108,0.2883087691296352,72.107762147672,8.49162894547754,5.588323514953799,0.067966280377975,0.9869671389606726,0.4054882920027012,0.1439735830063,50.67834691700409,E,525
94,282,33464,0.2637354939171437,71.64902391807168,8.464574644840205,5.577961936170755,0.0738957321558791,0.9838226650478276,0.4268641670059878,0.1500928340101381,51.25536616699537,E,525
95,285,33820,0.2386276346913884,72.5810270447096,8.519449926181244,5.592563716023557,0.0618490631850584,0.99020072275296,0.380414416998974,0.1872744170104852,51.8231099590048,E,525
96,288,34176,0.2749191060494841,72.91005346221121,8.538738399916653,5.579242427098124,0.0575962101408896,0.99244258822539,0.4093387079919921,0.1459584170079324,52.37847154200426,E,525
97,291,34532,0.3030806932221637,71.60994633448993,8.462266028345477,5.599896277493311,0.0744008320854119,0.9835543386017018,0.3948547909967601,0.1418253330048173,52.91521829200792,E,525
98,294,34888,0.3430700084466613,74.33876580062794,8.621993145475583,5.594081226630732,0.0391292929133463,1.0021191412821455,0.4032830000069225,0.1455484170001,53.46411533400533,E,525
99,297,35244,0.3644599552904622,71.15262413784991,8.435201487685395,5.615104016022161,0.0803119808342416,0.980408674508973,0.3954658750008093,0.1387662920024013,53.99841979199846,E,525
100,300,35600,0.3325549635324585,73.1611718890874,8.553430416452068,5.596983459314354,0.0543503620588516,0.9941502155391394,0.4102284590044291,0.1429807499953312,54.55169362500601,E,525
101,303,35956,0.2607842158065753,71.75820529526685,8.471021502467506,5.551641719061354,0.0724845009365238,0.984571972002778,0.3751837500021793,0.1430946250038687,55.07032112500747,E,525
102,306,36312,0.2545548386118385,73.48303336801864,8.57222452855842,5.565710349121557,0.050190119909096,0.9963346222264796,0.384691583996755,0.1405542499996954,55.59562950000691,E,525
103,309,36668,0.3316033298379919,73.88310283351366,8.595528071823956,5.618283943608705,0.0450189951795709,0.9990431521884112,0.4034181250026449,0.1405559999984689,56.13967466700706,E,525
104,312,37024,0.3190731811389494,71.34483600142518,8.446587239910873,5.587211397495347,0.0778275334900476,0.981732020520798,0.4164671250036917,0.1445851669996045,56.700783459004015,E,525
105,315,37380,0.393618558230025,75.69753454180909,8.70043300886853,5.658906144169178,0.0215664363465918,1.0112360690295168,0.3978979579987935,0.1467438750114524,57.24549079200369,E,525
106,318,37736,0.4361331680517518,70.53855515336907,8.398723424031123,5.552655407291675,0.0882491707103892,0.9761688931489012,0.3981964160047937,0.1473844169959193,57.79113325000799,E,525
107,321,38092,0.4167765864495481,74.75886480647283,8.64632088269183,5.607729935453006,0.033699275015616,1.0049467115106463,0.4071310829895083,0.1429172920034034,58.34124300000258,E,525
108,324,38448,0.352612121721332,71.67333783935536,8.466010739383417,5.610595655827387,0.07358146093434,0.9839895797978352,0.3915386670123553,0.1486950830003479,58.8815432919946,E,525
109,327,38804,0.3003637244862117,72.97854314867114,8.542747985787193,5.581841309784878,0.0567109421014201,0.9929086153587556,0.3916802080057096,0.1434027499926742,59.41669300000649,E,525
110,330,39160,0.3106350640902358,73.08558921367731,8.549011007928186,5.65348476919568,0.0553273110030886,0.9936365554375594,0.3826796250068582,0.1557397919968934,59.95517479200498,E,525
111,333,39516,0.3198067773593945,72.01071233183747,8.485912580968382,5.534188555319783,0.0692207042866753,0.9863027359396402,0.4828181670018239,0.1813604159979149,60.61942958399595,E,525
112,336,39872,0.2959116797768668,72.3901646715224,8.508240985745667,5.64336164567152,0.0643160676006611,0.988897927265367,0.6269710420019692,0.1463314579887082,61.39305199999944,E,525
113,339,40228,0.3174851523356491,73.32716126510084,8.563128007048642,5.565150586699668,0.0522048552377318,0.9952773494856844,0.4029957919992739,0.1585406670055817,61.95466883400513,E,525
114,342,40584,0.3034341383850976,72.39412163816651,8.508473519860452,5.648562364732689,0.0642649215627052,0.9889249542976896,0.423790500004543,0.1418474169913679,62.52037495900004,E,525
115,345,40940,0.3674797685293669,73.43800154031572,8.569597513320899,5.621571024419808,0.0507721818206743,0.9960292888529148,0.4210781250003492,0.1463273330009542,63.08784058400488,E,525
116,348,41296,0.4261378538742494,71.18912079427037,8.437364564499413,5.5779649873494135,0.0798402408519678,0.9806600851332704,0.4233043749991338,0.142571250005858,63.65377154199814,E,525
117,351,41652,0.5310188049680731,74.15965036872414,8.611599756649408,5.604898097544064,0.041444461450918,1.000911135927727,0.3882188749994384,0.1465716249949764,64.1886245420028,E,525
118,354,42008,0.6108663333265969,71.25993503493179,8.441559988232731,5.572777350421859,0.0789249266311395,0.9811477118754874,0.3925107090035453,0.1468977079930482,64.72808829200221,E,525
119,357,42364,0.5831227449888594,75.8033130689206,8.70650980984462,5.608156172370139,0.0201991888943968,1.0119423649489352,0.3904552080057328,0.1408606659970246,65.2594619589945,E,525
120,360,42720,0.5231875740410237,72.18473656664067,8.496160107168453,5.615669419408327,0.0669713423589561,0.987493787936854,0.3723610000015469,0.1469813339936081,65.77886091699474,E,525
121,363,43076,0.5507376100240129,74.98601139864688,8.659446367906373,5.656920123196807,0.030763276492047,1.0064722636364924,0.3892528750002384,0.1442057920066872,66.31237654200231,E,525
122,366,43432,0.5988137038905968,74.94492980985767,8.65707397507135,5.690682938224391,0.0312942793254001,1.0061965245781908,0.4199508330057142,0.1413733340014005,66.87375666700245,E,525
123,369,43788,0.8477089458637024,73.37382165065127,8.565852067987823,5.591365824826815,0.0516017432923838,0.9955939623109458,0.3803262920118868,0.1397765000001527,67.39389495899377,E,525
124,372,44144,0.8272468092736234,73.70324594604512,8.585059460833403,5.583858873197424,0.0473437474508124,0.997826403893758,0.3947175420034909,0.1499192500050412,67.93858874999569,E,525
125,375,44500,0.4964669165986307,74.0671357343967,8.606226567689042,5.549120605715856,0.04264026556664,1.000286619598839,0.4094924160017399,0.1437994169973535,68.4919391250005,E,525
126,378,44856,0.4394850375946988,71.60765961545813,8.462130914578085,5.565225789904112,0.0744303892257455,0.9835386345654924,0.4178234999999404,0.1486477500002365,69.05849745900196,E,525
127,381,45212,0.5821799897076039,73.62420524347804,8.580454838962678,5.61679016337221,0.048365393357175,0.997291216769718,0.424669415995595,0.1633037089923164,69.64653137499408,E,525
128,384,45568,0.5784510809384035,74.61518722422839,8.638008290354229,5.60839336314182,0.0355563892487736,1.003980553482609,0.5579854590032483,0.1712646670057438,70.37584383400099,E,525
129,387,45924,0.586071941959724,72.4670066345782,8.51275552536182,5.605007536256844,0.0633228416494346,0.9894226442869524,0.4739988749934127,0.1965122499968856,71.04666725000425,E,525
130,390,46280,0.52411345953352,72.88941760949314,8.537529947794804,5.601686158160931,0.0578629402403065,0.992302131954758,0.6967899590090383,0.2292626659909729,71.97277658400708,E,525
131,393,46636,0.4452862257368109,71.45401855634162,8.453047885605619,5.559547935902831,0.0764162870479765,0.9824829300386446,0.4703626670088852,0.1617306669941172,72.60493129200768,E,525
132,396,46992,0.4015229685922687,72.30857262210719,8.50344475034131,5.615305350377009,0.0653706911119595,0.9883404692363816,0.4166012079949723,0.1498100830067414,73.17140200000722,E,525
133,399,47348,0.4687151734748583,71.1480914232663,8.434932804905223,5.557384480348966,0.0803705687408347,0.9803774459806732,0.4635341670073103,0.1640048330009449,73.79900766699575,E,525
134,402,47704,0.4947712227199854,73.45794630376591,8.570761127447545,5.590777617717079,0.0505143844419762,0.9961645336820052,0.4129034159996081,0.1473293750023003,74.35930879200168,E,525
135,405,48060,0.4168414527110839,71.64579701042254,8.464384030183327,5.598790022043081,0.0739374417672934,0.9838005102405756,0.4229404159996193,0.1478265000041574,74.93014766700799,E,525
136,408,48416,0.3835498409324817,73.05420160378003,8.54717506570329,5.598393528567635,0.0557330136616002,0.993423167092798,0.4288944159925449,0.1482343329989817,75.50733633400523,E,525
137,411,48772,0.3363020403331585,72.33410185905595,8.50494572934219,5.587147376797943,0.0650407112462176,0.9885149253931038,0.4047637080075219,0.1539207500027259,76.06607866700506,E,525
138,414,49128,0.3515497372391518,71.50397248035617,8.456002157069035,5.575280117119855,0.0757706042501434,0.982826299829374,0.3949111249967245,0.1464546250062994,76.6075071249943,E,525
139,417,49484,0.3056532784124439,72.03505116961544,8.487346532905054,5.573887680223597,0.0689061110053163,0.9864694016582476,0.4513821250002365,0.1497838750074152,77.20873329200549,E,525
140,420,49840,0.363977877276667,70.42231812535599,8.39180064857096,5.540732800719226,0.0897516002179781,0.9753642710989442,0.4207203340047272,0.1476885840093018,77.77720450000197,E,525
141,423,50196,0.4028826560197251,74.29170801386887,8.619263774468726,5.653006555580417,0.039737541494691,1.0018019112770318,0.402885083007277,0.157660124998074,78.33781016699504,E,525
142,426,50552,0.4240633979272307,71.91974821555088,8.480551174042338,5.5993258547686375,0.0703964670773867,0.9856795890159372,0.4391977500054054,0.1536518749926472,78.93071854200389,E,525
143,429,50908,0.4468711905934837,72.96193264844796,8.54177573157057,5.615631928328078,0.0569256422369767,0.9927956119563832,0.3923955420032143,0.1419999580102739,79.46517758400296,E,525
144,432,51264,0.5196409905224704,74.82578243321828,8.650189733943312,5.631727766894136,0.0328343267395054,1.0053963813060718,0.4053480419970583,0.1505335830006515,80.02111812500516,E,525
145,435,51620,0.5487551689147949,71.45007635981044,8.452814700430292,5.604182030568238,0.0764672421738464,0.9824558273346972,0.4426536670071073,0.1717056249908637,80.63580058400112,E,525
146,438,51976,0.5086056241828404,76.12367746361846,8.724888392616748,5.659586449866353,0.016058297407386,1.0140784753905503,0.44808566600841,0.1490579579985933,81.23301029199501,E,525
147,441,52332,0.514986579002959,70.73854073470727,8.410620710429598,5.592103135730573,0.0856642436554675,0.9775516938804796,0.3939936660026433,0.1504884169989964,81.77756375000172,E,525
148,444,52688,0.5517940079228262,74.24864509431141,8.616765349846276,5.630335160112574,0.0402941541518792,1.001511523765123,0.4365156669955468,0.1523907910013804,82.36653258399747,E,525
149,447,53044,0.5612165100788802,74.06210674870275,8.605934391378007,5.707174723930205,0.0427052680587806,1.000252660458652,0.432228292003856,0.162798165998538,82.96161908400245,E,525
150,450,53400,0.4719709707110116,70.63796795023796,8.404639668078458,5.524266625705518,0.0869642039317231,0.9768565278180892,0.4352546250011073,0.1525828750018263,83.54952191699704,E,525
151,453,53756,0.4077312551187665,71.11710174921336,8.433095620779676,5.561184578096336,0.0807711278528798,0.9801639132919776,0.4324190830084262,0.1542264590098057,84.13625633400807,E,525
152,456,54112,0.3871594446428706,74.26255805882569,8.617572631479568,5.632478629046606,0.0401143211951903,1.0016053526934787,0.4136891660018591,0.1489755000075092,84.69898366699636,E,525
153,459,54468,0.378440014097128,71.61647848428015,8.462651977027068,5.60648529587487,0.0743164003448505,0.983599196740052,0.5181266250001499,0.1543424580013379,85.37151516700396,E,525
154,462,54824,0.5635620556520612,72.70462215783532,8.526700543459663,5.555263121601058,0.0602515262544606,0.9910434492824548,0.4674076669907663,0.1658956669998588,86.00488183400012,E,525
155,465,55180,0.6236196140225014,74.25515934399799,8.61714334010976,5.699934445894682,0.0402099537803087,1.001555456910495,0.4247007090016268,0.1544861250004032,86.58413116699376,E,525
156,468,55536,0.7060315475035249,72.68549622643864,8.525578937904372,5.597752891450758,0.0604987397644899,0.9909130870359346,0.4641952909878455,0.146641625004122,87.19503387500299,E,525
157,471,55892,0.7568500577733758,75.13595041838391,8.668099585167669,5.777318652342205,0.0288252296283016,1.0074780119019926,0.4344483339955332,0.156781083001988,87.78642625000793,E,525
158,474,56248,0.7861536620707994,72.00470884718021,8.485558841183073,5.584198541969423,0.0692983027305755,0.986261621384814,0.5199090000096476,0.1965455839963397,88.50294791700435,E,525
159,477,56604,0.7296746641062619,74.57568879913698,8.635721672167126,5.715453865074435,0.0360669287934869,1.0037147838611955,0.5820568329945672,0.1791484590066829,89.26420125000004,E,525
160,480,56960,0.5693204476592246,71.13273970032036,8.434022747201976,5.509167877768698,0.0805689984662031,0.9802716715699648,0.4181467500020517,0.1674784170027123,89.84988720899855,E,525
161,483,57316,0.5157159238718869,71.67830826755629,8.4663042862607,5.570060616080095,0.0735172153310058,0.9840236982365332,0.4431306249898625,0.1651955830020597,90.45827204200032,E,525
162,486,57672,0.4251137402620208,70.67953307277504,8.407112053064063,5.511167442267723,0.0864269511504558,0.977143888788678,0.608069791996968,0.1667580000066664,91.23316587500447,E,525
163,489,58028,0.4638850213436598,75.12240903826898,8.667318445647938,5.697800863126994,0.029000259645895,1.007387221425646,0.4911268750001909,0.1856815419887425,91.9100364170008,E,525
164,492,58384,0.6828357403197985,69.46098588444129,8.334325760638427,5.485218809201167,0.1021773646239984,0.9686840656791031,0.5067681249929592,0.1485771250008838,92.56543033399794,E,525
165,495,58740,0.6947309783335482,72.48350257460926,8.513724365670365,5.6185265543007175,0.0631096222693308,0.9895352508967764,0.4075165420072153,0.148299374995986,93.12131283400232,E,525
166,498,59096,0.5737299711516733,70.71290830952714,8.409096759434222,5.506161485123731,0.0859955572876203,0.9773745677291276,0.3862409160064999,0.1504393749928567,93.65833358399686,E,525
167,501,59452,0.6061505802561727,70.34816571354966,8.387381338269392,5.6119782528896565,0.0907100621940031,0.9748506224135716,0.4797952090011677,0.1658309170015854,94.30402562499512,E,525
168,504,59808,0.6719032907753848,76.2459051683094,8.731890125757962,5.573892326007488,0.0144784350062946,1.0148922745532931,0.4537586660007946,0.1542130000016186,94.91206012500334,E,525
169,507,60164,0.7924632235859217,70.49894288058056,8.396364861092005,5.664536170148656,0.088761181801153,0.9758947615151444,0.4450566250015981,0.1532827920018462,95.51046304199554,E,525
170,510,60520,0.8372410743424062,72.99944494326995,8.543971263017564,5.592772537880098,0.0564407745523731,0.9930507947257494,0.4401268749934388,0.1500005000125384,96.1006535839988,E,525
171,513,60876,0.7653694802455688,72.63286438210861,8.52249167685769,5.709483426592128,0.0611790362011067,0.9905542600991912,0.4551121249969583,0.151679917005822,96.70751391700468,E,525
172,516,61232,0.5910807667153605,72.85970356319686,8.535789568821203,5.612290698024426,0.0582470111401612,0.9920998507590876,0.4098480840038974,0.1564782909990754,97.27390616699996,E,525
173,519,61588,0.5068372333987375,73.83216236952971,8.592564365166531,5.664443693662944,0.0456774295659968,0.9986986857616303,0.4286191669962136,0.1596535839926218,97.86224083400155,E,525
174,522,61944,0.4849394472797265,72.25679383444302,8.500399627925914,5.5635580003020255,0.0660399613073835,0.987986539998846,0.4176248750009108,0.1463305000070249,98.4262602920062,E,525
175,525,62300,0.4471463530920864,70.60064475602954,8.402418982413906,5.496330006402514,0.0874466273836537,0.9765984214181338,0.4177972079924075,0.1499951250007143,98.9941222500056,E,525
176,528,62656,0.4555609115723814,75.23065891381381,8.67356091313215,5.620086072427541,0.0276010686136447,1.0081127724727428,0.4319154580007307,0.1496794999984558,99.57580700000108,E,525
177,531,63012,0.5156093748767724,70.57844834656582,8.401098044099106,5.4573371892998574,0.0877335285640333,0.9764448910745834,0.4516255419875961,0.1527401659986935,100.18023549999634,E,525
178,534,63368,0.5440215146943425,72.62238436417194,8.521876809962224,5.535390277623165,0.061314496376382,0.9904827951983391,0.456779666012153,0.153930999993463,100.791014041999,E,525
179,537,63724,0.5826934455485826,74.51363173657725,8.632127879994437,5.6675213869766665,0.0368690515209667,1.0032970837000756,0.4300543749995995,0.1594016669987468,101.38053608400514,E,525
180,540,64080,0.6824662531359812,72.11189399250185,8.491872231286917,5.555269631598643,0.0679128739402913,0.9869954156436004,0.4914388750039506,0.1616302920010639,102.03368995900382,E,525
181,543,64436,0.6228568132004041,72.0299460684021,8.487045779798887,5.561475972897611,0.0689720973337114,0.9864344456522052,0.4731676249939482,0.1543618330033496,102.66135345899966,E,525
182,546,64792,0.4981248660034008,71.19100657132843,8.437476315304739,5.529039810543601,0.0798158661140275,0.9806730737333748,0.453537082998082,0.1579119580128463,103.27286991699656,E,525
183,549,65148,0.5847502444567305,73.00796893494429,8.544470079235124,5.615105904548274,0.0563305971258432,0.9931087712598484,0.4462222500005737,0.1548270839994074,103.87398479200785,E,525
184,552,65504,0.7018768131063226,70.04547347705056,8.369317384174803,5.485842487590033,0.0946225310140338,0.9727510807113224,0.3883533750049537,0.1554322090087225,104.41783495900744,E,525
185,555,65860,0.7318289356954982,74.43128258796177,8.627356639664422,5.627681525130021,0.0379334609687959,1.0027425308047426,0.4364541249960894,0.1540607079950859,105.00841641699662,E,525
186,558,66216,0.9181600454148282,70.58745616065217,8.401634136324443,5.503253178075258,0.0876170974584422,0.9765072001336884,0.3999805409985129,0.1482389579905429,105.55669924999528,E,525
187,561,66572,0.9443953800737188,72.46538932633207,8.51266053160421,5.661483134335352,0.063343746275726,0.9894116033291138,0.447143709010561,0.1536870830022962,106.15759166699718,E,525
188,564,66928,0.9386246365107848,71.0467117399062,8.428921149228186,5.438451111557995,0.0816809586428634,0.9796787217851064,0.4364156670053489,0.1900438330048928,106.78411658400728,E,525
189,567,67284,0.933969697925482,71.97739675486109,8.483949360696414,5.651163770119671,0.0696513270130751,0.9860745542906992,0.5924137919937493,0.162138915999094,107.53874195899698,E,525
190,570,67640,0.7663395943936337,68.58739700939009,8.2817508420255,5.42702760291003,0.1134689962650821,0.9625733750992792,0.4474717089906335,0.1564212499943096,108.15166008399684,E,525
191,573,67996,0.5967309793059745,74.75379498478435,8.646027699746535,5.624436211489472,0.0337648053361446,1.004912635371125,0.4578654590004589,0.1560676249937387,108.76563458400778,E,525
192,576,68352,0.4906964151377088,67.55511738138327,8.21919201511823,5.447393781984383,0.1268117958850574,0.9553022723690676,0.4726841660012724,0.1580576669948641,109.4061458340002,E,525
193,579,68708,0.5197271075141564,77.88904889859732,8.825477261802748,5.65986960040413,-0.0067601295698398,1.0257697432343569,0.4478242909972323,0.152870999998413,110.00687879200268,E,525
194,582,69064,0.5616716688938355,70.87052587489305,8.418463391551516,5.549814275401807,0.0839582608669536,0.97846323495209,0.5564547499961918,0.1709387910086661,110.7343356670026,E,525
195,585,69420,0.614886279856221,70.90476673503203,8.420496822339643,5.506936106121975,0.0835156783309285,0.9786995770461828,0.5071015409921529,0.190128583999467,111.43163191700296,E,525
196,588,69776,0.5479270839289333,75.56850506424271,8.693014728173576,5.643477384860699,0.0232342155195303,1.010373855275181,0.4678394579968881,0.1684260000038193,112.06796299999404,E,525
197,591,70132,0.421761274002911,72.19925653617963,8.497014566080232,5.578397925083454,0.0667836635180777,0.9875931001975442,0.5187485420028679,0.1653264579945244,112.75209933400038,E,525
198,594,70488,0.3899571189049924,72.8189380879097,8.533401319984295,5.516812559081475,0.0587739280272254,0.9918222687854964,0.4406650839955546,0.1578723749989876,113.35073033400111,E,525
199,597,70844,0.41871832093496,73.00988901276395,8.544582436419228,5.5636954375124175,0.0563057790311064,0.9931218303382948,0.4591036250058096,0.1521250829973723,113.96202487499976,E,525
200,600,71200,0.3702540600232863,69.93116700961318,8.36248569562981,5.459731629985547,0.0961000069313192,0.9719570455337594,0.480247416999191,0.1594130829907953,114.60175041700133,E,525
201,603,71556,0.3561984404419245,74.4566405122056,8.628826137558086,5.605593224768697,0.0376056954169198,1.0029133279675877,0.4362721670040628,0.1567717080033617,115.19488916700357,E,525
202,606,71912,0.4439419678757699,72.40331289393902,8.509013626381087,5.516464732436516,0.0641461193692868,0.988987729931296,0.4341621670027962,0.208814000012353,115.8379347500013,E,525
203,609,72268,0.4916794343610828,70.91487170875777,8.421096823381012,5.559184083089172,0.0833850658147755,0.978769314114886,0.475734999999986,0.153132541992818,116.4668591249938,E,525
204,612,72624,0.4546231624115719,71.58972192221482,8.461070967803947,5.535941639409857,0.0746622440837671,0.9834154388109628,0.4390704590041423,0.1749988329975167,117.08098895900184,E,525
205,615,72980,0.4198165756932805,71.91979515550413,8.48055394154793,5.569180069182083,0.0703958603518702,0.9856799106782584,0.4469572919915663,0.1583980419964064,117.6864021250076,E,525
206,618,73336,0.3623847750465521,71.45884273463822,8.453333232201262,5.478526588393609,0.0763539318075975,0.98251609537299,0.4563062910019653,0.168601708006463,118.31136737500492,E,525
207,621,73692,0.366793323433801,71.69352309787766,8.467202790643299,5.549102947296884,0.0733205550204446,0.984128129825046,0.4668490830081282,0.1562855829979526,118.93457720900189,E,525
208,624,74048,0.3445524780937795,69.27516482989199,8.32317035929771,5.434769036316196,0.1045792071371661,0.9673874929466044,0.4687135419953847,0.1740756669896654,119.57743179200044,E,525
209,627,74404,0.412238204412246,74.72867834637822,8.644575081886803,5.63607462794192,0.0340894521317299,1.0047438001450184,0.4810633749875705,0.1541965409996919,120.21274812500631,E,525
210,630,74760,0.3805103603373752,69.58166087057533,8.3415622559911,5.486822328104181,0.1006175719908346,0.9695251508419368,0.5426016249984968,0.1612672909977845,120.91667983400112,E,525
211,633,75116,0.3299107320522994,71.76521992235875,8.471435529020967,5.518362304942328,0.072393832903215,0.9846200935829303,0.4803869159950409,0.15399599999364,121.5511274169985,E,525
212,636,75472,0.3321388645118542,71.7045889988602,8.467856222141481,5.555179229149451,0.0731775219745348,0.9842040770220336,0.47872670799552,0.1580728749977424,122.18799841699364,E,525
213,639,75828,0.3705541183439533,70.73918911549671,8.410659255700276,5.519042189787274,0.0856558629660531,0.9775561739296864,0.4574264590046368,0.1770456250087591,122.82253420900088,E,525
214,642,76184,0.3392881660648946,71.64319996344477,8.464230618517242,5.504917019291928,0.0739710100723222,0.9837826794716936,0.4922314580035163,0.1763985839934321,123.49122850000276,E,525
215,645,76540,0.2844680375262592,71.0074433276015,8.426591441834681,5.505157537305886,0.0821885251418633,0.9794079439808068,0.4305381250014761,0.1619460000074468,124.08377912499418,E,525
216,648,76896,0.3091050440006042,70.75846843010657,8.411805301485916,5.485900336431588,0.0854066668910066,0.9776893768213144,0.551173458006815,0.1695280000130878,124.80453208400286,E,525
217,651,77252,0.3722441270110312,71.2195264335477,8.439166216727083,5.572788961503187,0.0794472307206162,0.9808694880117949,0.4772293330024695,0.1597915000020293,125.44186674999946,E,525
218,654,77608,0.3246085985323017,69.19249250049758,8.318202480133408,5.475575155574783,0.1056477938798455,0.9668100850644444,0.443530082993675,0.1539700839930446,126.03942995899706,E,525
219,657,77964,0.2736531313550606,72.8447147632981,8.534911526389603,5.570738977748856,0.0584407498793232,0.9919977974272514,0.5281325830001151,0.1703253329906147,126.73794720899603,E,525
220,660,78320,0.24482875677307,69.45864537197257,8.334185345429544,5.460142155890523,0.1022076170750113,0.9686677454656474,0.4823705419985344,0.1635327499971026,127.38392033400304,E,525
221,663,78676,0.2405749959557244,71.4255291920357,8.451362564228072,5.547332664250362,0.0767845282385624,0.9822870480907984,0.4591904579865513,0.1566339999990305,127.9998091669986,E,525
222,666,79032,0.2493028488386882,71.17454324416256,8.43650065158313,5.496854436542341,0.0800286639543534,0.9805596740502176,0.5493588329991326,0.1637861659983173,128.71302404199378,E,525
223,669,79388,0.3107762634754181,71.78183335991638,8.472416028496026,5.551626426488282,0.0721790948009446,0.9847340553172296,0.4539430839940905,0.1618587910052156,129.32889575000445,E,525
224,672,79744,0.3414992425548896,69.24095109563213,8.321114774814257,5.457547904750114,0.1050214390558197,0.9671485759673588,0.5086572090076515,0.1586977090046275,129.99632145899523,E,525
225,675,80100,0.3496060806713747,74.52213949409695,8.632620662006234,5.609450273668236,0.0367590839300923,1.003354358889022,0.4953919580002548,0.1636652080051135,130.655439167007,E,525
226,678,80456,0.2981260733658008,69.01202900313692,8.307347892266034,5.450052704405688,0.1079803869279641,0.9655484753543588,0.5202651250001509,0.1553914589894702,131.33118179200392,E,525
227,681,80812,0.2742238605625174,72.18743031436519,8.496318633053093,5.548177028957166,0.0669365241419341,0.9875122131223888,0.4919614579994231,0.2073887080041458,132.03059258400754,E,525
228,684,81168,0.2250736200072792,71.52874768698125,8.457466978178587,5.516455064418345,0.0754503706539618,0.982996553417804,0.4939215000049444,0.1824445840029511,132.70702908400563,E,525
229,687,81524,0.1663615484251065,71.04704494663736,8.428940914885889,5.51653435934893,0.0816766517568947,0.9796810191128345,0.4644428750034421,0.1603233749920036,133.33186379200197,E,525
230,690,81880,0.1925824336456449,71.82050962596178,8.474698202647795,5.512332174942078,0.0716791821281654,0.98499930841621,0.4556588330015074,0.1596819999977015,133.9472727090033,E,525
231,693,82236,0.2332790448759379,70.77564559869695,8.412826255111712,5.523207238811231,0.0851846422454338,0.9778080404706015,0.4126354999898467,0.1521632499934639,134.5121404590027,E,525
232,696,82592,0.2229183689596947,69.66372281387518,8.346479665935524,5.48144375964215,0.0995568748345906,0.9700966927751874,0.4807805419986835,0.1762272090127226,135.16921166700195,E,525
233,699,82948,0.2547922891177488,73.13574026149836,8.551943654017977,5.579851229663802,0.0546790802682635,0.9939774117490408,0.4797976669942727,0.1555270410026423,135.80459870900086,E,525
234,702,83304,0.2658769963832383,71.23204302731844,8.439907761777876,5.487329401950604,0.0792854466476997,0.9809556764924612,0.4035550830012653,0.1565609589888481,136.36478391700075,E,525
235,705,83660,0.3017887751038154,70.40424669148491,8.390723847886123,5.477004245225235,0.0899851837494606,0.975239116443934,0.4203379579994362,0.1589127500046743,136.94410150000476,E,525
236,708,84016,0.2696565912010964,70.43690216045958,8.392669549104122,5.492129201348494,0.0895630932933441,0.9754652618839588,0.4545222080050735,0.1564125830045668,137.5551010420022,E,525
237,711,84372,0.2630719904149516,72.17808715151956,8.495768779311238,5.561779371639978,0.0670572898204228,0.9874483045863554,0.485025082991342,0.157092334004119,138.19728279199626,E,525
238,714,84728,0.308540379063467,68.91094881121676,8.301261880655058,5.454452509822151,0.1092869057332839,0.9648411088990022,0.4269295840058476,0.1635617080028168,138.7878432090074,E,525
239,717,85084,0.3097090322649881,71.4712203407368,8.454065314435228,5.54081836113563,0.0761939442291667,0.9826011840070532,0.4419856669992441,0.1593642919906415,139.38925745899903,E,525
240,720,85440,0.2979027446401253,70.92176488308947,8.421506093513765,5.472975386299103,0.0832959676272706,0.9788168828646016,0.4522132910060463,0.1581683330005034,139.9997040839953,E,525
241,723,85796,0.3039330168721381,70.38088954833022,8.389331889270457,5.511088330736045,0.0902870880710738,0.9750773315353756,0.4381295839993981,0.1705437079945113,140.60844483399703,E,525
242,726,86152,0.2773961498496238,70.8314173537979,8.416140288386233,5.474188303657871,0.084463760681392,0.9781932247456536,0.4619907500018598,0.1543809589929878,141.22488583400263,E,525
243,729,86508,0.2551007331087348,72.2792109737855,8.50171811893252,5.553745187245882,0.0657502070681402,0.9881397858960572,0.4513023329927819,0.1636825000023236,141.8399360839976,E,525
244,732,86864,0.2698510791478532,68.46062890688023,8.274093842039758,5.441776036250929,0.11510754588294,0.9616834154204622,0.4232398330059368,0.1498434169916436,142.4130886250059,E,525
245,735,87220,0.3229577357179663,73.88522609235048,8.595651580441734,5.570179446988743,0.0449915508549594,0.9990575073784352,0.4328246250079246,0.1552809999993769,143.00125537499844,E,525
246,738,87576,0.3422070008315397,71.30514735375854,8.444237523528015,5.52897066239886,0.078340531769425,0.9814589171067594,0.4560212079959456,0.1579465420072665,143.6152978750033,E,525
247,741,87932,0.36767471439383,69.30710979645708,8.325089176486765,5.471077611089235,0.1041663003276343,0.9676105137030964,0.4358808749966556,0.1589484160067513,144.21018729200296,E,525
248,744,88288,0.4083774605493867,72.82825458855012,8.533947186885452,5.5956775418177305,0.05865350697286,0.9918857139380282,0.4302496660093311,0.1534659579920116,144.79396458399424,E,525
249,747,88644,0.4119947823915588,69.96003219135262,8.364211390881547,5.461629876241028,0.0957269080872712,0.9721576200661912,0.5595965000102296,0.1717945839918684,145.52541862499493,E,525
250,750,89000,0.3812026850293191,71.3971608073574,8.449684065535077,5.547886184352612,0.0771512056988507,0.9820919591316116,0.5088980000000447,0.1572171669977251,146.1915980000049,E,525
251,753,89356,0.4043023638176114,70.75878379453135,8.4118240468124,5.49243616768223,0.0854025906269664,0.9776915555577346,0.4640904170082649,0.1745844170072814,146.83036666699627,E,525
252,756,89712,0.4790693106276266,70.55865652528644,8.399920030886392,5.54259693284749,0.0879893490784369,0.9763079726649738,0.5430734170076903,0.1672924579906975,147.54079879200435,E,525
253,759,90068,0.5443039898122295,71.19977410014522,8.437995858030817,5.468966785712763,0.0797025408318164,0.9807334592732068,0.5135914589918684,0.1624348339973949,148.21688670900767,E,525
254,762,90424,0.4583543974362062,71.04395885765301,8.42875784784763,5.528784762509921,0.081716541207205,0.9796597415520568,0.4891825000086101,0.1768630409933393,148.8829944589961,E,525
255,765,90780,0.3084768018360888,70.43820616397085,8.392747235796563,5.466605834150121,0.0895462383084326,0.9754742912719672,0.4626447920018108,0.1658036669978173,149.51150283400784,E,525
256,768,91136,0.3210631649145919,72.3297192489131,8.50468807475695,5.599901042003864,0.0650973589677864,0.9884849786525588,0.4842854169983184,0.1703992499969899,150.1662497500074,E,525
257,771,91492,0.3672540505950371,71.26286774192734,8.441733692904991,5.501341821693698,0.0788870197300207,0.9811679012648856,0.4781911250029225,0.1682152919966029,150.81271612500132,E,525
258,774,91848,0.3076151421900545,69.39005572630865,8.330069371038194,5.50120135888397,0.1030941771438812,0.9681893529811018,0.4983384579973062,0.1823783750005532,151.49349779200566,E,525
259,777,92204,0.2811497617303655,71.08609344065347,8.431256931244206,5.545065184836446,0.0811719278264953,0.9799502056321266,0.522830875008367,0.1755227500107139,152.19191458400746,E,525
260,780,92560,0.2376023870840501,70.52359574170906,8.39783280029491,5.471654126518651,0.0884425295898996,0.976065377514096,0.5036095840041526,0.1644252910045907,152.86001091700746,E,525
261,783,92916,0.2544433025831586,68.79798139371859,8.29445485813978,5.469675568916537,0.1107470736707009,0.9640499406108114,0.4919642500026384,0.1611961669987067,153.51323504200263,E,525
262,786,93272,0.2927959092547385,70.82180889352408,8.415569433705842,5.485591289968143,0.0845879554795958,0.9781268753073676,0.4906155409989878,0.2120898330031195,154.216003249996,E,525
263,789,93628,0.3220454394147637,71.48890704919513,8.455111297268365,5.5101824598273765,0.0759653334918297,0.9827227567572112,0.5137790830049198,0.1864056670019636,154.91626533400267,E,525
264,792,93984,0.3056676628884305,68.0762586693731,8.250833816613513,5.415198071282885,0.1200757491873516,0.9589799434606658,0.4744139579997863,0.1664841669989982,155.55748812500678,E,525
265,795,94340,0.326669204770849,76.61990031831898,8.753279403647468,5.609714473307374,0.0096443355917243,1.0173783128079774,0.5449198749993229,0.1846146669995505,156.28709300000628,E,525
266,798,94696,0.3941652376330301,68.85487646337496,8.297883854536346,5.506625141692065,0.110011672628974,0.9644484868479062,0.4675533330009784,0.1606411670072702,156.91535791699425,E,525
267,801,95052,0.390196766076463,73.04815314890106,8.546821230662372,5.513913601516229,0.0558111933711193,0.9933820414665794,0.4511313749972032,0.2159064169973135,157.5824664170068,E,525
268,804,95408,0.3919475507200434,71.5263232573837,8.45732364624789,5.526864679236161,0.0754817077814561,0.9829798941988874,0.5284104579914128,0.1671325829956913,158.27808058400117,E,525
269,807,95764,0.3191634292682905,71.44919756772208,8.452762718053908,5.492082752196895,0.0764786010599704,0.9824497855142614,0.4886778340005548,0.1649518749909475,158.93179012500332,E,525
270,810,96120,0.2879836522461323,69.9136540389676,8.361438514930764,5.45285424240205,0.096326372008896,0.9718353335577478,0.4432550409983378,0.1628222919971449,159.5379347919952,E,525
271,813,96476,0.3012943451993921,71.78226359732409,8.472441418937288,5.512881625519108,0.072173533738453,0.9847370064036852,0.4867880420060828,0.1597392919939011,160.18452525000612,E,525
272,816,96832,0.3388211911313989,69.0614655988283,8.310322833610515,5.453418790570155,0.107341390892096,0.9658942475691118,0.481606457993621,0.1672742910013767,160.83346887500377,E,525
273,819,97188,0.3289229545030701,70.52611571132417,8.397982835855535,5.475416822472082,0.0884099575534951,0.9760828158841618,0.5405471669946564,0.1800615419924724,161.5541452920006,E,525
274,822,97544,0.2185736517892794,69.95919204986285,8.364161168333789,5.493522607363188,0.0957377673924887,0.9721517827875502,0.5456387080048444,0.1721326659899205,162.271981124999,E,525
275,825,97900,0.18611762429891,70.62751191698678,8.404017605704237,5.461470747766224,0.0870993540913364,0.9767842265993616,0.5471631249965867,0.1770804999978281,162.9962891250034,E,525
276,828,98256,0.1929969648631771,71.67718352309127,8.46623786123986,5.518017430054514,0.0735317532910833,0.984015977772863,0.5469083329953719,0.1664725000009639,163.7097786249942,E,525
277,831,98612,0.2680760585190205,71.819984279807,8.474667207613937,5.521217112599114,0.0716859725251506,0.9849957059177864,0.5212595420016441,0.1714702499884879,164.40258316700056,E,525
278,834,98968,0.2613144433230496,70.7487646963961,8.411228489132613,5.47670479245514,0.0855320931524104,0.9776223349331548,0.5074075419979636,0.1771668750006938,165.08723045900115,E,525
279,837,99324,0.2430369184258279,72.05354860000065,8.488436169283519,5.5164870588403,0.0686670212272966,0.9865960481834156,0.5121703750046436,0.1854291669878875,165.78489999999874,E,525
280,840,99680,0.2701765154854635,69.64112529358628,8.345125840488343,5.435226341008175,0.0998489605998644,0.9699393400179208,0.5277117920049932,0.1807060840073973,166.49340491699695,E,525
281,843,100036,0.3073140526755472,70.77715525458868,8.412915978101093,5.481491432498824,0.0851651290868753,0.9778184688162932,0.5835191670048516,0.1901254589902237,167.2671187090018,E,525
282,846,100392,0.3458192181051447,69.8426060613148,8.357188885104536,5.490670336402863,0.097244707412895,0.9713414065364232,0.5800321669958066,0.2241261669987579,168.07134770900302,E,525
283,849,100748,0.4005029111096028,73.52784138550349,8.57483768858067,5.555803201459198,0.0496109508715133,0.9966383452326738,0.5348637499992037,0.1707647089933743,168.7773926249938,E,525
284,852,101104,0.4955550361885114,70.52362375169818,8.397834467986266,5.542683743272233,0.0884421675449051,0.9760655713469374,0.5203688749897992,0.1729468329867813,169.47078570899612,E,525
285,855,101460,0.4793342880988389,74.58692114991139,8.636371990014753,5.574435817326611,0.0359217442896199,1.0037903691640404,0.4661421660130145,0.1689901249919785,170.10598920899793,E,525
286,858,101816,0.3956002623177646,69.88216295629019,8.359555188901512,5.465790337396537,0.0967334121117715,0.971616437876512,0.4670567919965833,0.1660355000058189,170.7391549169988,E,525
287,861,102172,0.4040987665733594,72.36600759508374,8.50682123916353,5.514055364045055,0.0646283115136289,0.9887329126102028,0.5449231660022633,0.1759928329993272,171.46014383400325,E,525
288,864,102528,0.3667903261238269,70.31170872116351,8.385207732737664,5.446453482515899,0.0911812894961391,0.9745979880548808,0.500145457990584,0.1759754999948199,172.13634066699888,E,525
289,867,102884,0.372248909111773,71.52800551152181,8.45742310112967,5.565495836589983,0.0754599636926787,0.982991453665364,0.4957514160050777,0.1767488749901531,172.80890937500226,E,525
290,870,103240,0.4604058332657546,69.90723304807474,8.361054541627793,5.454157276192174,0.096409366957668,0.9717907050141898,0.4713262500008568,0.1708345000079134,173.45118608399935,E,525
291,873,103596,0.4446117462736837,72.52275417402652,8.51602924924677,5.5996722151875975,0.062602273086436,0.9898031434723528,0.5107631249993574,0.1628977919899625,174.12493604200426,E,525
292,876,103952,0.3656219649180937,69.50964699026599,8.337244568217127,5.470327735429834,0.1015483922344538,0.9690233135647118,0.4736592499975813,0.2423771250032587,174.84104545900482,E,525
293,879,104308,0.3524547048499075,73.4886424271936,8.572551687052904,5.592297076213698,0.0501176196382413,0.9963726472844938,0.6065280830080155,0.1686680419952608,175.61631191699416,E,525
294,882,104664,0.3927991339999638,71.25821099494216,8.441457871419022,5.554088782685006,0.0789472108257457,0.9811358430173316,0.4998151670006336,0.1725594999879831,176.28876279199903,E,525
295,885,105020,0.3217562363388833,70.29727418246284,8.384346974121648,5.470303149358464,0.0913678640949826,0.974497943590616,0.5760627499985276,0.1674880409991601,177.0323847499967,E,525
296,888,105376,0.3412729488329941,73.34946664134816,8.564430316217662,5.559900027055007,0.0519165455998762,0.9954287145962942,0.5620829580002464,0.1819812920002732,177.77651983400574,E,525
297,891,105732,0.368709165728494,68.33718975494122,8.266631100692786,5.446515689494639,0.1167030669267508,0.9608160340825216,0.5141365829913411,0.2123212910082657,178.503053834007,E,525
298,894,106088,0.3886998138400945,72.86676137979802,8.536202983750915,5.533977266506628,0.0581557848579515,0.9921479012512842,0.5541214999975637,0.1730145829933462,179.23026116700203,E,525
299,897,106444,0.3274597254361999,73.31378458509607,8.562346908710023,5.575243576335521,0.0523777564129961,0.9951865637957464,0.511584457999561,0.1723675000102957,179.91428979199554,E,525
300,900,106800,0.3066105336955424,69.72191944604732,8.349965236217892,5.449766347282811,0.098804650359203,0.9705018144958047,0.503134083992336,0.1814010829984909,180.59889704200032,E,525
1,1,356,318.32159423828125,154.38601337586465,12.425216834158856,8.801411178913193,-0.9955267785129618,1.4441611601866933,0.6132170829951065,0.1743582089984556,0.9082253749947996,A,1525
2,2,712,138.6268310546875,131.78548558269054,11.479785955438826,7.880438647289508,-0.7034021395406083,1.3342753873336135,0.6079914589936379,0.2151629580039298,1.7431484999979148,A,1525
3,3,1068,178.06838989257812,130.62167340680617,11.428983918389516,7.73504551605657,-0.688359207144378,1.3283707556684916,0.5644626249995781,0.1837119579868158,2.5031904999923427,A,1525
4,4,1424,105.86026000976562,138.5490579825125,11.770686385360564,7.981465330973328,-0.7908251485757387,1.3680862340964357,0.5546349579963135,0.1722249169979477,3.230094625003403,A,1525
5,5,1780,106.27294158935548,152.68869510944828,12.35672671501026,8.744015128023712,-0.9735879773338224,1.4362006737620991,0.529630624994752,0.1747143329994287,3.93452054199588,A,1525
6,6,2136,98.57975006103516,173.7062190385261,13.179765515308915,9.780864594918995,-1.2452513936071807,1.5318610300023476,0.5272222500061616,0.1979288330039708,4.659742249990813,A,1525
7,7,2492,79.86927795410156,200.2337608238976,14.15039790337705,11.000437895537388,-1.5881349155228128,1.6446759300863147,0.573594540997874,0.1683893330045975,5.4017973329901,A,1525
8,8,2848,67.21973419189453,223.12706937178376,14.937438514410152,11.979826961451696,-1.8840439117920853,1.7361522799250462,0.545675500005018,0.1901979999965988,6.137731875001919,A,1525
9,9,3204,62.09959030151367,231.25052055690855,15.20692344154164,12.334577694444762,-1.9890441253437725,1.7674740403589662,0.577908874998684,0.1860621670057298,6.90177841699915,A,1525
10,10,3560,59.43210220336914,220.70568945472127,14.85616671469196,11.944361397080304,-1.8527462031474045,1.7267062011854932,0.5932646669971291,0.1957357919891365,7.690852332991199,A,1525
11,11,3916,56.70708465576172,197.9858881969393,14.070745829448391,11.048913269888171,-1.5590798870024454,1.6354181092344604,0.578816541004926,0.1787043329968582,8.448453707998851,A,1525
12,12,4272,53.93341445922852,171.85016613123943,13.109163441319946,9.945754272252442,-1.2212608571729624,1.5236550747707909,0.5501164159941254,0.1837217910069739,9.182366791996174,A,1525
13,13,4628,50.24011993408203,146.71770550789893,12.1127084299053,8.756928902647273,-0.8964095504571243,1.4078388564652662,0.5976800000062212,0.1845748749910853,9.964703874997213,A,1525
14,14,4984,44.98933410644531,122.9615710479242,11.088803860107014,7.486860795542296,-0.5893480399469686,1.2888322241322818,0.5768519580014981,0.1870275840046815,10.73927958299464,A,1525
15,15,5340,39.89480972290039,101.31908366037877,10.065738108076266,6.4045718797305335,-0.3096066165426923,1.1699230861172254,0.5926800830056891,0.1846798339975066,11.527399999991758,A,1525
16,16,5696,36.60219192504883,83.92625200092392,9.161127223269194,5.821510713592715,-0.084794403495185,1.0647817495629222,0.5810907499981113,0.1890295830089599,12.308914875000482,A,1525
17,17,6052,34.00349807739258,77.17810582560206,8.785107046906262,6.101895048550749,0.0024292128397369,1.0210775839618027,0.5674368750042049,0.1787704169983044,13.0680723330006,A,1525
18,18,6408,31.06883811950684,100.58433854886802,10.029174370249429,7.82266433808485,-0.3001096192866548,1.1656733469983394,0.6317374589998508,0.1870711660012602,13.886931916989852,A,1525
19,19,6764,28.18143653869629,168.24458902150857,12.970913191503078,10.725653275787106,-1.1746567282293352,1.507586490710129,0.5695365830033552,0.1946006670041242,14.651142957998673,A,1525
20,20,7120,24.6434326171875,236.4278036169351,15.37620901317796,12.96752139141685,-2.055963445043232,1.787149805442202,0.5943335420015501,0.1854932499991264,15.431055708002532,A,1525
21,21,7476,20.53669166564941,307.9167067664841,17.547555578099306,15.056347682891104,-2.979998061146263,2.0395216083827727,0.5521774169901619,0.1927524999919114,16.176064999992377,A,1525
22,22,7832,17.227699279785156,433.9708492764573,20.83196700449713,17.946984613472633,-4.60931934110403,2.421262987980856,0.6393140839936677,0.1962609580077696,17.011715624990757,A,1525
23,23,8188,15.027194023132324,592.3595014738833,24.3384367097372,21.06736228147499,-6.656582496368268,2.8288138118632613,0.5959441250015516,0.1766838329931488,17.784427124992362,A,1525
24,24,8544,13.603824615478516,712.2144808255252,26.68734683001525,23.221049870556666,-8.205776076825796,3.1018235154162266,0.5706198340049013,0.1770200000028126,18.53244820800319,A,1525
25,25,8900,12.926944732666016,784.6778723321042,28.01210224763761,23.917818148609115,-9.142406507596757,3.255797514132896,0.6448133749945555,0.1987916669895639,19.37613158299064,A,1525
26,26,9256,14.93004035949707,871.4232259787839,29.519878488550454,25.72695892928583,-10.263639398636531,3.4310437021424613,0.573355000000447,0.1919167500018375,20.141509624998434,A,1525
27,27,9612,31.48032760620117,529.1422237132484,23.0030916120692,19.720949904638747,-5.839463329433679,2.673608993208008,0.5885954169934848,0.1857098750042496,20.91590354200161,A,1525
28,28,9968,14.339850425720217,485.38122672859953,22.0313691523836,18.526464209382837,-5.273827625604154,2.5606673960118065,0.6412924580072286,0.1944945830036886,21.751767541994923,A,1525
29,29,10324,22.607738494873047,431.7331950060407,20.778190368894997,17.995228622606408,-4.580396390637014,2.4150126239430527,0.5901419580040965,0.188779208008782,22.53076416699332,A,1525
30,30,10680,11.561917304992676,371.364891616813,19.270830070778292,16.507636529713988,-3.800101833167527,2.239814780235166,0.5726797499955865,0.1812750410026637,23.28479645799962,A,1525
31,31,11036,14.566656112670898,387.673125679445,19.689416590631755,16.31210070003865,-4.0108950071774645,2.28846635728356,0.6362395420001121,0.2026207920134766,24.12372858299932,A,1525
32,32,11392,14.495075225830078,372.4822238394772,19.299798544012763,15.83120137766788,-3.814543985808604,2.2431817350717296,0.6184005830000388,0.1978001660027075,24.940366291994,A,1525
33,33,11748,9.614694595336914,294.16019996876446,17.1510990892352,14.07434282225636,-2.8021874091747514,1.99344216602266,0.5919782919954741,0.1746960000018589,25.70711512499838,A,1525
34,34,12104,11.498358726501465,212.5636600989628,14.57956309698486,11.89577748418337,-1.7475058562041963,1.6945570478313607,0.5894702500081621,0.1901856250042328,26.48684699999285,A,1525
35,35,12460,10.744104385375977,196.42236696425863,14.015076416639998,10.890572405054504,-1.5388704883635165,1.628947751021696,0.5668322910059942,0.1857311250059865,27.23949162499048,A,1525
36,36,12816,8.434592247009277,194.1594476069741,13.934110937084364,10.560448748862695,-1.509620972320358,1.6195372753373851,0.6275755410024431,0.1893386659940006,28.05646441699355,A,1525
37,37,13172,8.802302360534668,140.72417105638303,11.862721907571762,8.857127913579285,-0.8189397186089384,1.3787833614229796,0.6546855829947162,0.1835829580086283,28.894813374994555,A,1525
38,38,13528,7.980900287628174,104.67700895175628,10.231178277781904,7.572116251416534,-0.3530097052854275,1.189151906878465,0.5781991249968996,0.1987269999954151,29.67182012498961,A,1525
39,39,13884,7.536799430847168,95.67472739515392,9.781345888739132,7.304865524353769,-0.236650110778781,1.1368686772559746,0.6157785419927677,0.2147433750069467,30.50242612499278,A,1525
40,40,14240,7.299910545349121,99.13454644749704,9.956633288792805,7.573195505721366,-0.2813702341681403,1.1572420243296202,0.6044152090034913,0.2080696670018369,31.31504595799197,A,1525
41,41,14596,6.545156002044678,93.8885308371322,9.689609426449149,7.499935572929228,-0.2135625072758507,1.126206309139556,0.6015663339931052,0.1855982499982928,32.10228316699795,A,1525
42,42,14952,5.764568328857422,86.62274976902363,9.30713434785507,7.258983000087352,-0.119648166389775,1.0817519015732904,0.623640207995777,0.1776725410018116,32.903675957990345,A,1525
43,43,15308,5.665953159332275,86.1519061850992,9.281805114583005,7.245533196067038,-0.1135622460420249,1.0788079292147343,0.611724750007852,0.2553892080031801,33.7708674579917,A,1525
44,44,15664,4.954862594604492,98.28319277156255,9.913788013245115,7.743934459531838,-0.2703660050857004,1.1522621930985577,0.7199906669993652,0.2217919169925153,34.71272962499643,A,1525
45,45,16020,4.730776786804199,104.68584758855778,10.23161021484682,7.952736061111636,-0.353123949678668,1.189202110165951,0.5855127920076484,0.2154480830067768,35.513772666992736,A,1525
46,46,16376,4.8763861656188965,93.50804574627476,9.669955829592746,7.468058505038983,-0.2086445216952366,1.123922006047158,0.7146869169955608,0.1992090420098975,36.42774783298955,A,1525
47,47,16732,3.899566888809204,89.15629561776805,9.44226114962767,7.271838352265146,-0.152395683313159,1.0974574527459469,0.6358855419966858,0.2009381250099977,37.26466549999896,A,1525
48,48,17088,4.017002582550049,87.59846687333457,9.359405262800331,7.0732811974127765,-0.1322598633131568,1.0878272583400104,0.5837902079947526,0.1856726660043932,38.03450174999307,A,1525
49,49,17444,3.883799552917481,85.3816353297392,9.240218359418742,6.900479673856665,-0.1036060583993219,1.073974373600533,0.6334667080081999,0.1796963329979917,38.847744124999736,A,1525
50,50,17800,3.3139002323150635,77.95093622343862,8.8289827400125,6.607493080108272,-0.0075600583410466,1.0261771788184575,0.5808288749976782,0.1903078750037821,39.61895504199492,A,1525
51,51,18156,3.1841278076171875,69.52035306558686,8.337886606663997,6.227310931634324,0.1014100101392861,0.9690979365673276,0.557381250007893,0.1798696250043576,40.36711708299117,A,1525
52,52,18512,3.039611577987671,65.8575152753422,8.115264337983218,5.9514412339399705,0.1487542658523174,0.9432229407332454,0.5532283750071656,0.1830035000020871,41.11354945799394,A,1525
53,53,18868,2.8060519695281982,64.61436726283382,8.038306243409355,5.8805494018894455,0.1648226589299735,0.9342782363768588,0.5706194579979638,0.1871241250046296,41.88231095799711,A,1525
54,54,19224,2.74262809753418,64.79329441809054,8.049428204418655,5.9678496522942055,0.1625099239748411,0.935570922398288,0.5744445419986732,0.1804920840077102,42.63729191699531,A,1525
55,55,19580,2.443103313446045,65.42475990326598,8.088557343758279,6.009086892672396,0.1543478744612854,0.9401188336355764,0.5729785410076147,0.1886913750058738,43.39903933300229,A,1525
56,56,19936,2.430462598800659,64.19504331561865,8.012180933779431,5.851723286787025,0.1702426587553621,0.9312417374594586,0.5545222079963423,0.1840251249959692,44.148529582991614,A,1525
57,57,20292,2.18141770362854,63.85027427404529,7.990636662622403,5.763843847189838,0.1746989941436393,0.9287376846091312,0.5644386249914533,0.2166509590024361,44.94235699999263,A,1525
58,58,20648,2.1485321521759038,62.198119548361305,7.886578443682742,5.719212974131349,0.196054030945597,0.9166431803283104,0.616195417009294,0.1959686249902006,45.7653267919959,A,1525
59,59,21004,1.955952882766724,61.31171598179779,7.83017981797339,5.722377694087473,0.2075112997419647,0.9100880669790256,0.610425375009072,0.196080959009123,46.58242791699013,A,1525
60,60,21360,1.8113447427749636,61.28278853027475,7.828332423337345,5.699642218076265,0.20788520345828,0.9098733475406028,0.6414667920034844,0.2136971250001806,47.447874042001786,A,1525
61,61,21716,1.836392164230347,60.21785933587913,7.760016709768036,5.602487786096117,0.2216500172401022,0.901933131970601,0.6172828749986365,0.2232427499984624,48.30032133299392,A,1525
62,62,22072,1.6244428157806396,59.93438753987376,7.741730267832493,5.479398773749348,0.2253140509664264,0.899807730896817,0.6186055839934852,0.2084597079956438,49.13825745799113,A,1525
63,63,22428,1.577483057975769,59.93474350900281,7.741753258080679,5.4339814523936285,0.2253094498635557,0.8998104030130414,0.6460941249970347,0.1941018329962389,49.97849587499513,A,1525
64,64,22784,1.4853739738464355,60.26518739229181,7.763065592424929,5.504785039646905,0.2210382752702092,0.9022874982544108,0.578848791992641,0.1897739999985788,50.74719749999349,A,1525
65,65,23140,1.400191068649292,60.77423716124505,7.795783293630285,5.558837032511167,0.2144585183134122,0.9060902192823024,0.5838471250026487,0.1885183749982388,51.51963641699695,A,1525
66,66,23496,1.363409399986267,59.895545804232455,7.739221266008128,5.434090372039239,0.2258161024275743,0.8995161140152811,0.5837130830041133,0.1783435410034144,52.29346133299987,A,1525
67,67,23852,1.2607018947601318,59.44790088040305,7.710246486358464,5.422380821907568,0.2316021669371371,0.8961484261951397,0.5823297089955304,0.1983355839911382,53.08575958300207,A,1525
68,68,24208,1.228011131286621,58.41182378916872,7.642762837427884,5.42385904605572,0.244994050922951,0.8883049200387487,0.6113489999988815,0.1861740830063354,53.89435775000311,A,1525
69,69,24564,1.1395981311798096,58.16916298748245,7.626871113863302,5.417638077909647,0.2481305794029077,0.886457852881152,0.5669514589972096,0.1866457079886458,54.65859924998949,A,1525
70,70,24920,1.1274938583374023,59.06289061288129,7.685238487703637,5.46471464489153,0.2365786429924622,0.8932417903727359,0.5755471660086187,0.2034596250014146,55.437646833001054,A,1525
71,71,25276,1.025303840637207,58.98445142220514,7.680133554971888,5.354592765391114,0.2375925140165041,0.8926484529948086,0.6241794999950798,0.2228658340027323,56.28476941699046,A,1525
72,72,25632,0.9922218918800354,58.50735603100566,7.64901013406347,5.322614328098683,0.2437592425188188,0.8890310323696399,0.6380546250002226,0.2050735419907141,57.12797549999959,A,1525
73,73,25988,0.9424707889556884,57.897730767651744,7.60905583943578,5.362883293676956,0.2516389947792714,0.8843872147804499,0.5979419999930542,0.2037553330010268,57.940108124996186,A,1525
74,74,26344,0.8897861242294312,56.75102797732425,7.533327815602096,5.29453729424882,0.266460778664079,0.8755854793887872,0.6124474170064786,0.2266685420036083,58.79006262499024,A,1525
75,75,26700,0.8602661490440369,56.71832638669079,7.531157041696235,5.303640280657934,0.2668834652687921,0.8753331741450049,0.5793020830024034,0.1893280410004081,59.570845583002665,A,1525
76,76,27056,0.8079335689544678,56.754285606101625,7.533544026957141,5.233321378105565,0.2664186719646602,0.8756106092553735,0.6061214999936055,0.1972535419918131,60.374287832994014,A,1525
77,77,27412,0.7676076889038086,57.62678382187747,7.591230718524992,5.331872304924104,0.2551411377132467,0.8823154322402674,0.642932374990778,0.2150579580047633,61.23237216699636,A,1525
78,78,27768,0.7263078093528748,57.89167396836019,7.608657829628047,5.373075657045311,0.2517172823450561,0.884340954798562,0.6092615420056973,0.2007002090103924,62.04240912500245,A,1525
79,79,28124,0.7069703340530396,56.91401822147939,7.5441380038729,5.21956185290688,0.2643540373230995,0.8768419286116356,0.6019782920047874,0.1929779579950263,62.83744166699762,A,1525
80,80,28480,0.6927682757377625,57.1877995452084,7.562261536419406,5.259871431690478,0.2608152584466229,0.8789483950128567,0.6032784169947263,0.200442417000886,63.64123679199838,A,1525
81,81,28836,0.731278121471405,56.58940259595687,7.5225928107240305,5.226903501309846,0.2685498783794836,0.8743377685998136,0.6352451249986188,0.2020997079962398,64.49096212499717,A,1525
82,82,29192,0.7475681304931641,57.86417774350944,7.606850711267406,5.408479971441663,0.2520726866449525,0.8841309166009892,0.606784666000749,0.2286692909983685,65.32645754200348,A,1525
83,83,29548,0.6735579967498779,56.590935203334105,7.522694676998004,5.194793957930345,0.2685300685599583,0.8743496083381754,0.6092119160020957,0.1955352500081062,66.13128462499299,A,1525
84,84,29904,0.595302939414978,56.6921642377517,7.52941991376173,5.177899059496428,0.2672216258809474,0.8751312708119064,0.6200611250096699,0.2096462920017074,66.96106791700004,A,1525
85,85,30260,0.5641351342201233,56.88848055073255,7.542445263356742,5.232640973952135,0.264684126200465,0.8766451843503209,0.6168926249956712,0.1995689579925965,67.7776018329896,A,1525
86,86,30616,0.5801541805267334,56.45273251476531,7.513503344962675,5.17502515711765,0.2703164166874281,0.8732813159362827,0.6285728749935515,0.1989564999967115,68.61705087499286,A,1525
87,87,30972,0.5598667860031128,56.5930656940434,7.522836279890943,5.16048165950698,0.2685025307592933,0.874366066594066,0.6750288750045002,0.2254859169916017,69.51761558299768,A,1525
88,88,31328,0.5036219358444214,57.09626983708244,7.556207371233431,5.19909682833714,0.2619983318326174,0.8782447300116228,0.6074427080020541,0.1899154999991879,70.31509066699073,A,1525
89,89,31684,0.5055760145187378,57.08805004904664,7.555663442017956,5.197431220699419,0.262104577254599,0.8781815100728996,0.564703833006206,0.1907445410033688,71.07061033300124,A,1525
90,90,32040,0.5203502178192139,57.1043036548617,7.556738956379378,5.216606795546497,0.2618944901816697,0.8783065152207952,0.574710041997605,0.1881582920032087,71.83354912500363,A,1525
91,91,32396,0.5046010613441467,56.89233470888433,7.542700756949352,5.1816671966058525,0.264634309020577,0.8766748799224827,0.573971083998913,0.1866912499972386,72.59430070799135,A,1525
92,92,32752,0.4730165004730224,57.2994633835241,7.569640901887229,5.202687445922419,0.2593719400094271,0.8798060857185959,0.5758627909963252,0.1932790419959928,73.3635239580035,A,1525
93,93,33108,0.4383101463317871,57.17605091554733,7.561484703121955,5.154919592475119,0.2609671161478928,0.8788581050411732,0.5875542080029845,0.1877520419948268,74.13891345799493,A,1525
94,94,33464,0.4363076090812683,57.07358749768213,7.554706314456051,5.158676024873247,0.2622915139330093,0.8780702648150744,0.5837599160004174,0.1920424589916365,74.91480062500341,A,1525
95,95,33820,0.4350347220897674,57.49192914436448,7.582343248914842,5.155640884932236,0.2568842108990909,0.8812824572351123,0.5880248750036117,0.1857034170097904,75.68860383299761,A,1525
96,96,34176,0.4108548164367676,57.6717527575378,7.594192041128391,5.164186623415001,0.2545598887169858,0.8826596215726301,0.5993887920049019,0.2108377080003265,76.49890741700074,A,1525
97,97,34532,0.3732236325740814,57.34519237172961,7.572660851492665,5.15352203681884,0.2587808669029777,0.8801570891645802,0.6027387089998228,0.2097624580055708,77.31148908298928,A,1525
98,98,34888,0.3743805885314941,57.32379111240918,7.57124765890069,5.174868045065567,0.259057490316809,0.8799928362681976,0.6216726249986095,0.1882402079936582,78.12148733300273,A,1525
99,99,35244,0.392116367816925,57.3193845250308,7.570956645301226,5.166476852980702,0.2591144479577451,0.8799590122679374,0.6915122920036083,0.2281145000015385,79.04119733299012,A,1525
100,100,35600,0.4479682743549347,58.02322961348019,7.617298052031323,5.218408325905742,0.2500168510238432,0.8853451926945062,0.6430470420018537,0.2172643749945564,79.90159687500272,A,1525
101,101,35956,0.4574082791805267,57.92581267180979,7.610900910655045,5.207453663049922,0.2512760202421767,0.8846016641722154,0.6699123340076767,0.2029722919978667,80.77458899999328,A,1525
102,102,36312,0.4452927410602569,58.02051432235852,7.61711981803874,5.159216431953646,0.2500519477014908,0.8853244768701508,0.6865991250087973,0.2070408750005299,81.66830525000114,A,1525
103,103,36668,0.4766547083854675,58.33672877454861,7.637848438830703,5.28024651164468,0.2459646965749145,0.8877337281091067,0.6606763329909882,0.2619591250113444,82.59102487500058,A,1525
104,104,37024,0.6878980398178101,57.66674668606949,7.593862435287427,5.184476555117711,0.2546245950297646,0.8826213120638269,0.6213762090046657,0.2031787919986527,83.41569579199131,A,1525
105,105,37380,0.9727619290351868,59.02938840956971,7.68305853222333,5.3429523325159485,0.2370116779700847,0.8929884179706591,0.5869928329921095,0.1875310839968733,84.19030183299037,A,1525
106,106,37736,1.37437903881073,59.31239888463109,7.701454335684338,5.235561093820734,0.2333536070785868,0.8951265299427399,0.6082020000030752,0.2102539170009549,85.00884424999822,A,1525
107,107,38092,1.433236002922058,58.68398310282719,7.660547180379949,5.266329314544616,0.2414762374465129,0.8903719630283089,0.6646566249983152,0.231153250002535,85.90473466699768,A,1525
108,108,38448,0.7496689558029175,58.56140849751709,7.652542616511004,5.143313481257512,0.2430605837348418,0.8894416066089357,0.6124652919970686,0.2418159999942872,86.75909370799491,A,1525
109,109,38804,0.6250931024551392,57.35826957694135,7.573524250766042,5.172454392861741,0.2586118366092516,0.8802574405478187,0.6492046670027776,0.2003288749983767,87.60871066700201,A,1525
110,110,39160,0.8786819577217102,57.370311099224296,7.574319183875492,5.307976847235491,0.2584561931047381,0.8803498342289058,0.5949701250065118,0.1955028329975903,88.3992702079995,A,1525
111,111,39516,0.594669759273529,57.699961252611786,7.596049055437424,5.20046681431141,0.2541952779205102,0.8828754590887726,0.6015356249990873,0.2407284170039929,89.24162083299598,A,1525
112,112,39872,0.5739870667457581,58.710361987203605,7.662268723244024,5.189582800575596,0.2411352754059149,0.8905720549360057,0.6244251659954898,0.2116915840015281,90.0778286249988,A,1525
113,113,40228,0.6966822743415833,58.38618786342237,7.64108551603909,5.320255161779612,0.2453254098019077,0.8881099679155643,0.6338655419967836,0.1982829589978791,90.9100618329976,A,1525
114,114,40584,0.5450037121772766,57.76855361125034,7.600562716750013,5.23442426866848,0.2533086827849043,0.8834000740266752,0.5964607920031995,0.1906606669945176,91.6972726249951,A,1525
115,115,40940,0.5361579656600952,58.66563746749773,7.659349676538977,5.155934384959912,0.2417133651873506,0.890232779257161,0.5849576250038808,0.1884392499923706,92.4707408749964,A,1525
116,116,41296,0.5169912576675415,58.311900098237096,7.6362228947456146,5.246222474797052,0.2462856212971175,0.8875447939711202,0.6493102920067031,0.2150901249988237,93.33521445799852,A,1525
117,117,41652,0.4473029971122741,57.84585635580616,7.605646347011288,5.272230422448533,0.2523095009714708,0.8839909354558215,0.6665876250044676,0.2036171249928884,94.20550045800336,A,1525
118,118,42008,0.4366738498210907,57.53494236824379,7.585179125653117,5.182647864345597,0.2563282405867263,0.8816120662145899,0.6092230829963228,0.1889422090025618,95.00373870799376,A,1525
119,119,42364,0.4232559502124786,58.21235759069402,7.62970232647998,5.223396018449112,0.2475722646598094,0.8867869197579565,0.618379499996081,0.1957623749913182,95.8179499580001,A,1525
120,120,42720,0.3974114060401916,58.06818775372212,7.620248536217314,5.223672122607829,0.2494357415644876,0.885688122296623,0.6788504589931108,0.2123453329986659,96.70921391699812,A,1525
121,121,43076,0.3739743232727051,57.43558117966054,7.578626602469641,5.136987986352279,0.2576125402990327,0.8808504779373709,0.6367581669910578,0.212458832989796,97.55850537499646,A,1525
122,122,43432,0.378822386264801,58.05399742845915,7.619317385990634,5.181282488440695,0.2496191595661504,0.8855798963389098,0.6213739169907058,0.2551525000017136,98.43511379200208,A,1525
123,123,43788,0.3379161655902862,58.2972510112562,7.63526365040895,5.197280863518657,0.2464749690541579,0.8874333026842774,0.6375092499947641,0.2303439579991391,99.30304250000336,A,1525
124,124,44144,0.3125014901161194,57.82482461474231,7.604263581356337,5.125865299209409,0.2525813481522742,0.8838302190289635,0.6225775420025457,0.2329731250065378,100.15872745799425,A,1525
125,125,44500,0.3263457119464874,57.78408921743614,7.601584651731252,5.134570361148973,0.2531078762643765,0.8835188517371844,0.7386268749978626,0.2168793749879114,101.114308624994,A,1525
126,126,44856,0.2921541035175323,57.96712114159438,7.613614197054798,5.160504392284131,0.2507420848432891,0.8849170246916563,0.6790424580103718,0.2317384169873548,102.02529791700364,A,1525
127,127,45212,0.273130863904953,57.93761859110752,7.611676463901203,5.120214277916109,0.2511234220398628,0.8846918053657823,0.6833299580030143,0.2169153750000987,102.92563645799235,A,1525
128,128,45568,0.3266910314559936,58.10699380983439,7.622794357047447,5.1872611586381545,0.248934151281487,0.8859840185866229,0.6459890000114683,0.1907645419996697,103.76247520800098,A,1525
129,129,45924,0.2984990179538727,58.756696437254185,7.665291673332084,5.267860818005767,0.2405363763617475,0.8909234071228228,0.595059333005338,0.2033421660016756,104.56094408300125,A,1525
130,130,46280,0.3647474348545074,57.85333267650672,7.606137829181557,5.153973130562044,0.2522128652864337,0.8840480595664667,0.6517194170010043,0.2015852920012548,105.41436695799348,A,1525
131,131,46636,0.3761408030986786,58.22453558662716,7.630500349690521,5.160544580776199,0.24741485715597,0.8868796725960738,0.6324826249910984,0.1989448329986771,106.2458717499976,A,1525
132,132,46992,0.2574618458747864,58.52344957638624,7.650062063564337,5.190272560969055,0.2435512243177789,0.8891532962905583,0.6169707910012221,0.1887797910021618,107.05170070799068,A,1525
133,133,47348,0.2723344266414642,58.015304633406565,7.616777837997283,5.168437747337557,0.2501192858857215,0.8852847291297272,0.6091031669930089,0.1896801660041092,107.85056279199488,A,1525
134,134,47704,0.3300742208957672,57.8951289103749,7.608884866416031,5.157590327475235,0.251672625260144,0.8843673428862321,0.6492636659968412,0.2128897090005921,108.71279320798932,A,1525
135,135,48060,0.2454084903001785,58.2170044308218,7.630006843432174,5.173654041792217,0.2475122016158347,0.8868223132292212,0.6561008330027107,0.2031358329986687,109.5721162080008,A,1525
136,136,48416,0.2437297105789184,57.77364399127042,7.600897578001589,5.124369968769521,0.2532428867362809,0.8834389943626365,0.625799667002866,0.2045622910081874,110.40257120798924,A,1525
137,137,48772,0.2551150023937225,57.73289250608755,7.598216402951916,5.171112405143768,0.2537696227933135,0.8831273660890957,0.6491064170113532,0.211915833002422,111.26399629199295,A,1525
138,138,49128,0.2254859805107116,58.064296492439375,7.6199932081622865,5.17475429913293,0.2494860383233851,0.8856584459646042,0.6763535419886466,0.2200138750049518,112.16045020800084,A,1525
139,139,49484,0.2052497118711471,58.10490161122407,7.622657122763956,5.14216771203014,0.2489611941350565,0.8859680680865464,0.6224773330031894,0.222311332996469,113.00532749999547,A,1525
140,140,49840,0.2594256699085235,58.3126140243846,7.636269640628505,5.2453363163751145,0.2462763933967779,0.8875502271631015,0.7472936660051346,0.2632852919923607,114.01599241700023,A,1525
141,141,50196,0.3329112231731415,57.9602511905513,7.6131630214091235,5.194119707292874,0.2508308828566179,0.8848645853376714,0.7284847499977332,0.2152226250036619,114.95981491699058,A,1525
142,142,50552,0.2897982001304626,58.6401143364571,7.657683353107329,5.187978650876867,0.2420432661307676,0.8900391054072465,0.6334207500040065,0.1940912499994738,115.78741229198933,A,1525
143,143,50908,0.263482391834259,58.47109771055144,7.646639635196067,5.201144675011577,0.2442279018735632,0.8887555134438727,0.6542932089942042,0.2124079579953104,116.65419924999878,A,1525
144,144,51264,0.2338703721761703,57.96697761729733,7.6136047715452975,5.160683749658376,0.2507439399762241,0.8849159291812184,0.6480587090045447,0.2359479159931652,117.53829762499664,A,1525
145,145,51620,0.2586497366428375,59.04806532558637,7.684273897095702,5.194659630779313,0.2367702682384884,0.8931296776981601,0.6721563329920173,0.2009022919955896,118.41143724998985,A,1525
146,146,51976,0.1976816803216934,59.39690320581981,7.706938640330531,5.213126545492937,0.2322613408030038,0.8957639610529069,0.6356942080019508,0.2218069579976145,119.26903045800282,A,1525
147,147,52332,0.2198778837919235,58.28766220921803,7.634635695907043,5.163813560115181,0.2465989097585171,0.8873603166338832,0.6518889580038376,0.2259559169906424,120.14695545799624,A,1525
148,148,52688,0.3032390475273132,59.20844016380284,7.694702084148732,5.249724779051808,0.2346973325025192,0.8943417275894542,0.6585203750000801,0.2064077499962877,121.01196591700136,A,1525
149,149,53044,0.2892573177814483,59.39867652812515,7.707053686599384,5.185819084345088,0.2322384196065179,0.8957773326789573,0.701318874998833,0.2212501250032801,121.93462512499536,A,1525
150,150,53400,0.2336696088314056,58.81847386202933,7.669320299872038,5.208464360912802,0.239737868111222,0.891391647319799,0.6924519159947522,0.2050518329924671,122.8322132500034,A,1525
151,151,53756,0.1766600161790847,58.90047640411368,7.674664579257759,5.231546828621312,0.2386779387493759,0.89201280353953,0.6765089580003405,0.2164777500001946,123.72571383300236,A,1525
152,152,54112,0.2096044570207595,59.01583157000155,7.6821762261745565,5.160735636104939,0.2371869078098786,0.8928858690860767,0.6792828750039916,0.2622555419948185,124.66733520799608,A,1525
153,153,54468,0.2182814180850982,58.74149875877172,7.664300278484117,5.198203787629904,0.2407328149750638,0.8908081790384399,0.7526392500003567,0.2340217089949874,125.654054832994,A,1525
154,154,54824,0.200365349650383,59.0462988203103,7.684158953347484,5.287749845489317,0.2367931013210049,0.8931163179879033,0.742244250010117,0.2453908750030677,126.64176370800124,A,1525
155,155,55180,0.2481645941734314,58.700425740031264,7.661620307743739,5.200582392302602,0.2412637070356768,0.8904966907396562,0.6965762089967029,0.2495957079954678,127.58800133300248,A,1525
156,156,55536,0.2653287649154663,59.109027113537216,7.6882395327888435,5.199742065267524,0.2359823025564822,0.8935905965794902,0.713828583000577,0.2335322909930255,128.53542995799216,A,1525
157,157,55892,0.1856279820203781,59.20075722162144,7.694202832108173,5.253332448874408,0.2347966388873756,0.8942837004004125,0.7354272910015425,0.2416093750071013,129.51253970799735,A,1525
158,158,56248,0.2023039758205413,58.43707116302458,7.644414376721383,5.181759993557023,0.2446677142975353,0.888496875554216,0.708641166012967,0.2380708330019842,130.4593734999944,A,1525
159,159,56604,0.3006208539009094,58.97860149373978,7.679752697433673,5.262361433824547,0.2376681276595392,0.8926041865911235,0.7357055419997778,0.2417206250102026,131.43686324999726,A,1525
160,160,56960,0.2478005737066269,58.28125363797584,7.634215980569048,5.195966445482695,0.2466817441762611,0.887311533856282,0.6986714579979889,0.2173532919987337,132.3529503329919,A,1525
161,161,57316,0.2260751724243164,57.9775860810233,7.614301417794235,5.214528151369288,0.2506068195662779,0.8849968991528924,0.6554447500093374,0.2211981249856762,133.2296645000024,A,1525
162,162,57672,0.2162127792835235,58.30893846164216,7.636028972027422,5.2460359156373055,0.2463239021297147,0.8875222546737035,0.728716457990231,0.2266472080082167,134.18509649999032,A,1525
163,163,58028,0.2176269590854644,58.3660562165528,7.639768073479247,5.20429427710622,0.2455856227547869,0.8879568438774813,0.6690056250081398,0.25589395800489,135.1100709169987,A,1525
164,164,58384,0.1872065812349319,58.483307251629576,7.647437953434442,5.2129649633338095,0.2440700866308349,0.8888483005725578,0.718961374994251,0.2408082500041928,136.06992616699426,A,1525
165,165,58740,0.1944031715393066,58.6218659543196,7.656491752383698,5.258576581352635,0.2422791368189448,0.889900607745074,0.7110907500027679,0.2165463749988703,136.9976539999916,A,1525
166,166,59096,0.191642016172409,58.405507815486686,7.642349626619204,5.210093761745252,0.2450756884647159,0.8882568932711816,0.7198149589967215,0.2419717500015394,137.9595846250013,A,1525
167,167,59452,0.1770771145820617,58.23744408694481,7.631346151692034,5.181013277185108,0.247248007468676,0.8869779786792671,0.759913208996295,0.3054204170039156,139.02498775000277,A,1525
168,168,59808,0.1881465017795562,58.60112860115765,7.6551373992344285,5.260245919710229,0.2425471788691623,0.8897431936539191,0.8607537079951726,0.2933572080073645,140.17916074999084,A,1525
169,169,60164,0.2166060507297516,58.61705477423479,7.656177556341989,5.144219379193388,0.2423413240500647,0.889864089290211,0.7772964579926338,0.1980297080008313,141.154581166993,A,1525
170,170,60520,0.3387405574321747,59.68862347429263,7.725841279387807,5.286476761705963,0.2284906908921518,0.8979609816374088,0.6292362910025986,0.2156801670062123,141.99957379199623,A,1525
171,171,60876,0.4215271770954132,58.79922967185086,7.668065575609722,5.1242441889728125,0.239986610183073,0.8912458129194368,0.660102084002574,0.2137849580030888,142.87354166699515,A,1525
172,172,61232,0.3527427017688751,59.0050848244593,7.681476734616808,5.213410728856137,0.2373258155907227,0.89280456840915,0.6365552920033224,0.2071299160015769,143.71731245800038,A,1525
173,173,61588,0.2405603677034378,59.994583007004685,7.745617019127959,5.306365951352756,0.2245359904156145,0.9002594811829598,0.6977493750018766,0.2365032920060912,144.6516461249994,A,1525
174,174,61944,0.3335858881473541,59.10862871082987,7.688213622866489,5.126632548536849,0.2359874521374174,0.8935875851146581,0.8351375000056578,0.276069749990711,145.76294020799105,A,1525
175,175,62300,0.2744901180267334,58.47078816496178,7.6466193945404255,5.150509389305887,0.2442319029258595,0.8887531609079674,0.7500176250032382,0.2106354580027982,146.7236869999906,A,1525
176,176,62656,0.2329779714345932,59.1682590773021,7.6920906831174385,5.279315281493461,0.2352166958331,0.8940382090276937,0.6549663339974359,0.1963248329993803,147.5750989579974,A,1525
177,177,63012,0.2745076417922973,58.60883393220944,7.655640661121017,5.190818118662969,0.2424475830954588,0.8898016869003319,0.5974072079989128,0.1970407089975197,148.36963487499452,A,1525
178,178,63368,0.1874556094408035,58.40465955283136,7.642294128913867,5.199861137490523,0.245086652740604,0.888250442870227,0.6074145839957055,0.2747800840006675,149.25190791700152,A,1525
179,179,63724,0.1636559516191482,58.95300739665826,7.678086180595934,5.285249334597877,0.2379989458792809,0.8924104902619582,0.6515998329996364,0.2127362089959206,150.1163308749965,A,1525
180,180,64080,0.1877857893705368,58.228781192598696,7.630778544329451,5.187871201318285,0.2473599802910133,0.8869120066710343,0.6276084589917446,0.1998883329943055,150.94392129199696,A,1525
181,181,64436,0.1686751842498779,58.35088898200669,7.638775358786688,5.19578590470287,0.2457816678629604,0.8878414623898763,0.7598909580119653,0.2679764579952461,151.97186587499164,A,1525
182,182,64792,0.2055892348289489,58.523557648290776,7.650069127026943,5.228407168677944,0.2435498274271229,0.8891541172644285,0.7672919169999659,0.2774368749960558,153.0166603329999,A,1525
183,183,65148,0.2378674298524856,58.76833838933617,7.666051029659023,5.228069966621245,0.2403858975286863,0.8910116657768765,0.7811235830013175,0.3032856249919859,154.1011867079942,A,1525
184,184,65504,0.3403880596160888,59.14753223289829,7.690743282212604,5.260175750323152,0.2354846020516584,0.893881602983716,0.8219761249929434,0.2944097089930437,155.21766354198917,A,1525
185,185,65860,0.3567403852939605,58.694960257199895,7.661263620134729,5.254050735519965,0.2413343515008652,0.8904552335644513,0.7783261669974308,0.2422218339925166,156.23829941698932,A,1525
186,186,66216,0.3216872811317444,58.68246858942644,7.660448328226386,5.181331817920391,0.2414958133911307,0.8903604736158759,0.706548832997214,0.2412055830063764,157.18611737499305,A,1525
187,187,66572,0.1957170963287353,58.891097937143485,7.674053553184489,5.1802532489483175,0.238799160753696,0.8919417850507056,0.6845668329915497,0.2305752920074155,158.10135512499255,A,1525
188,188,66928,0.2470838278532028,58.70427200623351,7.661871312299203,5.23819436428518,0.2412139918637125,0.8905258645589037,0.6575857499992708,0.2390505829971516,158.99805787499645,A,1525
189,189,67284,0.310270607471466,59.03816998378951,7.683630000448324,5.238410997969901,0.2368981711430741,0.8930548387201585,0.7308819169993512,0.232381791996886,159.9613907079911,A,1525
190,190,67640,0.2293406873941421,58.53366503775744,7.65072970622786,5.1621533009687415,0.2434191836861483,0.8892308952263687,0.6824876669998048,0.2608004579960834,160.90475812499062,A,1525
191,191,67996,0.2034880369901657,58.92318189129141,7.676143686206728,5.2801754860742856,0.2383844574508332,0.8921847175460197,0.7208076669921866,0.2446426669921493,161.87028129199462,A,1525
192,192,68352,0.2286541908979416,58.63752890672726,7.657514538460065,5.248597275390316,0.2420766842762786,0.8900194843768772,0.7488750420016004,0.255290667002555,162.87451291699836,A,1525
193,193,68708,0.1659768223762512,58.43519189593831,7.644291458071069,5.200081030849503,0.244692004890398,0.8884825889350756,0.7913260829955107,0.2272118749970104,163.89316537498962,A,1525
194,194,69064,0.1934877783060073,59.08052046670792,7.686385396706824,5.3198518588958,0.2363507671334834,0.8933750935946255,0.8852640419936506,0.3351670840056613,165.11369929199282,A,1525
195,195,69420,0.2321972548961639,58.112078524826295,7.62312787016106,5.183764965428032,0.2488684284565655,0.8860227822308733,0.8911161249998258,0.2927932079910533,166.29768758299178,A,1525
196,196,69776,0.2441281378269195,58.75739372912723,7.665337156911445,5.26859810091706,0.240527363468839,0.8909286935994788,0.836193999988609,0.2713262920005945,167.40527249999286,A,1525
197,197,70132,0.3487087786197662,59.065775942775055,7.685426204367267,5.238071692617316,0.2365413484672526,0.8932636083513154,0.6977108749997569,0.2493073330115294,168.35236620799697,A,1525
198,198,70488,0.3482755124568939,58.65532130298023,7.658676210872231,5.233376999133029,0.241846707464258,0.890154503523899,0.7559109580033692,0.2317507910047425,169.34010954199766,A,1525
199,199,70844,0.2310247421264648,58.82083663196041,7.669474338698866,5.279833208694149,0.239707327969885,0.8914095509824743,0.6649384170013946,0.2249202090024482,170.23005020800338,A,1525
200,200,71200,0.2568275332450866,58.27896967935396,7.634066392123791,5.20600710417095,0.2467112656367311,0.8872941474536513,0.6717861250072019,0.2288766249985201,171.1307910829928,A,1525
201,201,71556,0.2666125297546386,58.28145200119582,7.634228972279769,5.221280152981098,0.2466791802191468,0.8873130438600331,0.6634354160050862,0.2346813329932047,172.02901787500014,A,1525
202,202,71912,0.2032843083143234,58.37842038189585,7.64057722831828,5.238952452354585,0.2454258089057438,0.8880508905252547,0.7155225000024075,0.2264900419977493,172.97111124999356,A,1525
203,203,72268,0.2236839681863784,58.29643721762438,7.635210358439666,5.207514274458171,0.2464854877983691,0.8874271086521558,0.6823315840010764,0.3052555839967681,173.9587853330013,A,1525
204,204,72624,0.2593566477298736,59.097265792847466,7.687474604370896,5.2939984315802695,0.2361343242964951,0.8935016902910715,0.7866227079939563,0.2790688329987461,175.02454004199535,A,1525
205,205,72980,0.3086287975311279,58.278550119067525,7.634038912598463,5.227779540938404,0.2467166886913747,0.8872909535566184,0.9272886249964358,0.3204714999883435,176.2724719169928,A,1525
206,206,73336,0.3483807444572449,58.69357106114306,7.661172955960664,5.275149256594268,0.2413523076477428,0.8904446958265146,0.9739957909914664,0.3037647090095561,177.55029008300335,A,1525
207,207,73692,0.2784240841865539,58.65541459643268,7.658682301573338,5.257975787768962,0.2418455015934766,0.8901552114354062,0.7883400409918977,0.2896245840092888,178.62834174999443,A,1525
208,208,74048,0.2609672546386719,57.29265541161132,7.569191199303352,5.1500783101749805,0.259459936907347,0.8797538175760002,0.8254739580006571,0.2712029160029487,179.7251147920033,A,1525
209,209,74404,0.264482706785202,58.11382860013136,7.6232426565164095,5.229497077494015,0.2488458077407422,0.8860361236476331,0.7681249169982038,0.3188457079959335,180.81215704198985,A,1525
210,210,74760,0.2138280123472213,58.95287234507655,7.678077385978637,5.263874601256027,0.2380006914975652,0.8924094680790146,0.839141832999303,0.2756986250024056,181.92706216700023,A,1525
211,211,75116,0.2509306967258453,57.8218442142526,7.604067609789684,5.146307240613559,0.2526198715188525,0.8838074415974838,0.8102041660022223,0.2575852080044569,182.994929708002,A,1525
212,212,75472,0.2443135529756546,58.30970081865335,7.636078890284813,5.218018176584591,0.2463140482329961,0.8875280565852091,0.7944445839966647,0.3190889590041479,184.1085652079928,A,1525
213,213,75828,0.1519758105278015,59.01422416524498,7.682071606360161,5.250981062530023,0.237207684427951,0.892873709308541,1.0025309579941677,0.2788488330115797,185.3900330420001,A,1525
214,214,76184,0.2076791822910308,58.26600912146285,7.633217481603864,5.150099509158115,0.2468787881976849,0.8871954800728148,0.6967916669964325,0.2560622919991147,186.34296650000036,A,1525
215,215,76540,0.2397519052028656,58.67710614508439,7.660098311711436,5.265306866603342,0.2415651260254092,0.8903197918102332,0.7027175830007764,0.2225870830006897,187.26835262498932,A,1525
216,216,76896,0.2093918472528457,59.125289039046464,7.689297044531864,5.247383171730196,0.2357721079467872,0.8937135093146236,0.7443219170090742,0.2401167920033913,188.25285612499283,A,1525
217,217,77252,0.216635912656784,58.42687662925824,7.643747551381995,5.234572644175788,0.2447994844280047,0.8884193716145563,0.7158472079900093,0.2430081669881474,189.21177875000285,A,1525
218,218,77608,0.2694876194000244,58.756466414906285,7.665276669168979,5.260257249901652,0.2405393495310448,0.8909216632152608,0.7095870829944033,0.244582083003479,190.16601233299295,A,1525
219,219,77964,0.3205304741859436,58.88492662318753,7.673651453068971,5.225122424755019,0.2388789284864616,0.8918950496595178,0.743375209000078,0.2242306669941172,191.1336918750021,A,1525
220,220,78320,0.2519004046916961,57.946559626362976,7.612263764896943,5.165174735219855,0.2510078540885325,0.8847600663304566,0.8020872920023976,0.2471734579885378,192.1830234999943,A,1525
221,221,78676,0.1895220279693603,58.43460057654802,7.644252780785576,5.237721891055705,0.2446996480288674,0.8884780935420185,0.7197420839947881,0.2581892080052057,193.1613444169925,A,1525
222,222,79032,0.2020488679409027,59.10886232269803,7.688228815708988,5.234787409122173,0.2359844325715351,0.8935893509520952,0.7551370000001043,0.2400776669965125,194.1566269169998,A,1525
223,223,79388,0.2707496583461761,57.72350473745656,7.597598616500911,5.107282233141694,0.2538909650268747,0.883055561853424,0.701196791997063,0.2262311250087805,195.08413291699253,A,1525
224,224,79744,0.4646883308887481,59.13545029590267,7.689957756444613,5.323511840843478,0.2356407679392534,0.8937903027014272,0.6706967079953756,0.219549041998107,195.974456416996,A,1525
225,225,80100,0.509414553642273,58.627684909218594,7.656871744336494,5.173395135624689,0.2422039235268209,0.8899447735432839,0.6608164579956792,0.2210150419996353,196.8563776249939,A,1525
226,226,80456,0.2580046057701111,58.362262072691934,7.639519754061242,5.125719728740121,0.2456346642159294,0.8879279821470513,0.7100476670020726,0.2703436250012601,197.8368935000035,A,1525
227,227,80812,0.2994360625743866,58.03311671871055,7.617947014695662,5.253689391410303,0.2498890545815507,0.885420620486774,0.7025869170029182,0.16961045798962,198.709170874994,A,1525
228,228,81168,0.3505345284938812,57.8779760673722,7.607757624121065,5.176214088795156,0.2518943354837002,0.8842363254913458,0.5105390420067124,0.1587684580008499,199.37882116700348,A,1525
229,229,81524,0.2755257189273834,58.79855557652812,7.668021620765562,5.126909516600945,0.2399953232474133,0.891240704124992,0.6185526250046678,0.1962982080003712,200.19374591700037,A,1525
230,230,81880,0.2888320684432983,58.41337480027795,7.642864306022838,5.18259078964048,0.2449740032247525,0.8883167135555755,0.6076290829951176,0.188529582999763,200.9900630829943,A,1525
231,231,82236,0.2618962228298187,58.73300932790783,7.663746428993318,5.304078414855216,0.2408425456835184,0.8907438060835147,0.6918250409944449,0.3359582920093089,202.0179236249969,A,1525
232,232,82592,0.3780273795127868,58.10166843954792,7.622445043393092,5.175155855866096,0.2490029847125719,0.8859434184732344,0.718198290996952,0.2067510419874452,202.9429775000026,A,1525
233,233,82948,0.2433139532804489,58.858065025853264,7.6719010046958545,5.174514683634646,0.2392261298657969,0.8916915981152022,0.7375057919998653,0.2361135840037604,203.91668358299648,A,1525
234,234,83304,0.2697897255420685,59.015935356112095,7.682182981165711,5.329989756649805,0.2371855663155403,0.8928866542068511,0.7136328750057146,0.2256740829907357,204.8561701250001,A,1525
235,235,83660,0.2632836401462555,58.40782776037601,7.642501407286492,5.206232740811491,0.2450457018613308,0.888274534471934,0.6702128330070991,0.2040489170030923,205.7305217499961,A,1525
236,236,84016,0.2218222320079803,58.7662968194259,7.665917871946314,5.153903534537868,0.2404122859775948,0.8909961890894721,0.6421120419981889,0.1970204160024877,206.5697431669978,A,1525
237,237,84372,0.281339019536972,58.758030638280026,7.665378701556762,5.2425185070346725,0.2405191310568345,0.8909335222607393,0.6390274160075933,0.1996871250012191,207.4085406249942,A,1525
238,238,84728,0.2153253108263015,59.04084425841332,7.683804022644859,5.274117118433902,0.2368636046269228,0.893075065014846,0.6149475410056766,0.1976564999931724,208.2212248750002,A,1525
239,239,85084,0.1700468808412552,58.68542976353275,7.660641602603058,5.185252311258664,0.2414575385364611,0.8903829375576947,0.5862617500097258,0.1922892500006128,208.9998581249965,A,1525
240,240,85440,0.2054509222507476,57.60342471832532,7.589692004180757,5.188349642734296,0.2554430673741082,0.8821365901707707,0.6567459999932908,0.1917078339902218,209.84839583300345,A,1525
241,241,85796,0.1607165485620498,57.80671193198974,7.603072532337814,5.21450857208808,0.2528154648489431,0.8836917854905081,0.56344316600007,0.1835215000028256,210.59543654198933,A,1525
242,242,86152,0.1795003861188888,58.41557255911911,7.643008083151496,5.152289377050361,0.2449455959453341,0.8883334245190705,0.5713151669915533,0.2186827089899452,211.3855206250009,A,1525
243,243,86508,0.1371674984693527,58.540545710656815,7.651179367303894,5.193837019113394,0.2433302470867463,0.8892831585445806,0.7368315420026192,0.2697617079975316,212.392181999996,A,1525
244,244,86864,0.1586896777153015,58.47826323366561,7.647108161499065,5.235399113010298,0.2441352834235902,0.8888099694343272,0.7643850000022212,0.2500332920026267,213.40669458299817,A,1525
245,245,87220,0.2210999578237533,58.11423632126128,7.62326939844456,5.201899421359846,0.2488405377139106,0.8860392318150396,0.7129148340027314,0.2383465000020805,214.35802258299373,A,1525
246,246,87576,0.2444450408220291,58.22018678098007,7.630215382345381,5.24306039192416,0.2474710679352599,0.8868465513413493,0.726574750005966,0.2332428340014303,215.31790724999155,A,1525
247,247,87932,0.2533028423786163,59.57725310181463,7.718630260727264,5.350285454800255,0.2299302161169644,0.897122857585818,0.7704757079918636,0.2454123749921564,216.33391595799185,A,1525
248,248,88288,0.3188432157039642,58.25355878829921,7.632401901649258,5.169924786216335,0.2470397158146766,0.8871006866451273,0.7209574169974076,0.2304529589891899,217.28539212499163,A,1525
249,249,88644,0.2661387622356415,58.14503000742176,7.625288847474682,5.166768865546717,0.2484425118565244,0.8862739488339219,0.7086237909970805,0.225507833994925,218.21958383299352,A,1525
250,250,89000,0.276680052280426,58.71898044539424,7.662831098581923,5.237883083250841,0.2410238769460877,0.8906374188351859,0.6648282090027351,0.2671985830093035,219.1516725419933,A,1525
251,251,89356,0.2663383185863495,58.93433432152258,7.67687008627361,5.223925493989396,0.2382403059653123,0.8922691457517685,0.7346792080061277,0.2346129579964326,220.1210782499984,A,1525
252,252,89712,0.2585578560829162,59.232678023748015,7.696276893651112,5.221991822787142,0.2343840444169159,0.8945247649358752,0.7590340000024298,0.2445817919942783,221.1247618329944,A,1525
253,253,90068,0.2610595822334289,58.49010619465956,7.6478824647518975,5.232208089789881,0.2439822064363455,0.8888999653433622,0.7486518340010662,0.2487880000117002,222.122299249997,A,1525
254,254,90424,0.1792068183422088,57.94098343095742,7.611897492147238,5.255544372898364,0.2510799295765298,0.88471749509116,0.7336324999923818,0.2819555419991957,223.13796387499315,A,1525
255,255,90780,0.2120621800422668,58.90813105474289,7.675163259158914,5.241945753213365,0.2385789980488762,0.8920707642298124,0.7595944159984356,0.2641655830084346,224.1617993330001,A,1525
256,256,91136,0.2032540440559387,58.67561535523449,7.660001002299836,5.236519367588676,0.2415843953296781,0.8903084817079928,0.8138719999988098,0.3765617910103174,225.35233020799933,A,1525
257,257,91492,0.1992066353559494,59.22581936041963,7.695831297554516,5.29537788093814,0.2344726965301308,0.8944729740830938,0.7897972089995164,0.2623314579977887,226.4045439579932,A,1525
258,258,91848,0.2765721976757049,57.88951335923871,7.608515844712338,5.208965102670646,0.2517452094432794,0.8843244521408349,0.7712191249884199,0.267313042000751,227.44319158299183,A,1525
259,259,92204,0.2865935862064361,58.462425172540726,7.646072532518948,5.235141877703339,0.2443399993457348,0.8886896000943463,0.8121470839978429,0.2898976249998668,228.5456205829978,A,1525
260,260,92560,0.2191418707370758,58.90766047087586,7.675132602820349,5.274176466320208,0.2385850806122357,0.8920672010973486,0.992176500003552,0.3036394999944605,229.84153574999075,A,1525
261,261,92916,0.2112396508455276,58.14278151533206,7.62514140953019,5.235541876511053,0.248471574891952,0.8862568123802234,0.9912147909926716,0.356679874996189,231.1895227079949,A,1525
262,262,93272,0.2224695980548858,58.13131944246097,7.624389775087641,5.204892967394007,0.248619728684199,0.886169451227249,0.9918552500021178,0.3862167089973809,232.5676957919932,A,1525
263,263,93628,0.1876319348812103,58.508872711647975,7.64910927570315,5.207861720791713,0.2437396385613747,0.8890425554285364,0.9693082500016316,0.3272091249964433,233.86431674999767,A,1525
264,264,93984,0.2138821333646774,58.14265874485863,7.625133359152391,5.22386875036757,0.2484731617699468,0.8862558766989312,0.8553497080138186,0.3004965829895809,235.02096908299427,A,1525
265,265,94340,0.2274177372455597,58.57326126951015,7.6533170109116835,5.272555692958446,0.2429073799348696,0.889531613111925,0.8509817089943681,0.3554363750008633,236.2274795830017,A,1525
266,266,94696,0.1665334999561309,58.94872581793923,7.67780735743866,5.268469432104937,0.2380542877124,0.8923780831354131,0.912162292006542,0.2832943749963306,237.42302983299305,A,1525
267,267,95052,0.1810504794120788,58.27726291331,7.633954605138152,5.250133112857216,0.2467333265557929,0.8872811546483724,0.9214702500030398,0.3340725830057636,238.67867062499863,A,1525
268,268,95408,0.3030189573764801,59.05502977301632,7.684727046097103,5.274275658101688,0.2366802488057684,0.89318234641182,1.0358727499988163,0.3407437920104712,240.0553902919928,A,1525
269,269,95764,0.4186140596866607,57.58239993544684,7.58830678975533,5.129607565489858,0.2557148246164195,0.8819755891276152,0.9675441250001312,0.3720639579987619,241.39525575000152,A,1525
270,270,96120,0.4034603238105774,58.626323576455256,7.656782847675338,5.293504861684946,0.2422215195248281,0.8899344412402725,0.8738872079993598,0.3430241250025574,242.6122613329935,A,1525
271,271,96476,0.2509499788284302,58.91958196193207,7.675909194481919,5.2890556042010965,0.2384309885794002,0.8921574629841177,0.9216613750031684,0.4105161670013331,243.94452720799015,A,1525
272,272,96832,0.2926400303840637,57.61780872274301,7.590639546358594,5.113437666101494,0.2552571459595314,0.8822467213362172,0.8526007079926785,0.3299492499936605,245.1271731250017,A,1525
273,273,97188,0.3164167702198028,57.32052071504189,7.571031681022204,5.168866914293544,0.2590997620574937,0.8799677335381823,0.9077146250056104,0.3156651659955969,246.35065249999752,A,1525
274,274,97544,0.2563709616661072,59.03435825212464,7.683381954069746,5.352176635371529,0.2369474399365576,0.8930260087246221,0.8519997080002213,0.3348040420096367,247.53754687499892,A,1525
275,275,97900,0.437070220708847,58.3581470950408,7.639250427564264,5.181949833626689,0.2456878526357625,0.8878966788006762,0.968153916997835,0.2922623749909689,248.79804920799504,A,1525
276,276,98256,0.2395819127559662,58.07604979514203,7.62076438391465,5.122749971474713,0.2493341202204024,0.8857480783697449,0.9187277919991176,0.3114148750028107,250.02845945800075,A,1525
277,277,98612,0.3154385685920715,59.18051973413194,7.692887607012853,5.3665507042456255,0.2350582198902919,0.8941308340943419,0.7933868750114925,0.3215337910078233,251.1434802079893,A,1525
278,278,98968,0.2756258845329284,58.461372350866725,7.646003684989089,5.229767366942124,0.2443536076629489,0.8886815980667016,0.8270860829943558,0.2897207089990843,252.26038791699105,A,1525
279,279,99324,0.2586650848388672,57.96293596249035,7.613339343710508,5.122537201715384,0.2507961806567137,0.8848850789695116,0.8399249159992905,0.3564581669925246,253.45689208299157,A,1525
280,280,99680,0.360817939043045,58.41595007084997,7.643032779652981,5.248381664878444,0.2449407163921177,0.8883362949501231,0.8675445830012904,0.4370350410026731,254.7615649579966,A,1525
281,281,100036,0.2540523111820221,58.774915169751,7.666479972565702,5.242508282062978,0.240300888911991,0.8910615210586016,0.9434584580012596,0.3452683749928837,256.0503912080021,A,1525
282,282,100392,0.2422091960906982,58.33310582221007,7.637611264146014,5.131564149972398,0.2460115252885443,0.8877061617114832,1.0233282499975758,0.3430782909999834,257.4170549999981,A,1525
283,283,100748,0.2390133738517761,58.13663227179838,7.624738177262114,5.222030303738861,0.248551057351993,0.8862099454009293,1.8352432919928103,0.4613973329978762,259.7137999169936,A,1525
284,284,101104,0.2555499374866485,57.881329493330135,7.607978016091407,5.180706493285021,0.2518509905513939,0.8842619412635155,1.1762049999961164,0.3243720409955131,261.21445762499934,A,1525
285,285,101460,0.2203644216060638,58.45701196034042,7.645718537870748,5.192576904528536,0.2444099681833728,0.8886484559172532,0.7778783329995349,0.2645999579981435,262.25702154199826,A,1525
286,286,101816,0.1988843381404876,58.21447829505052,7.629841302088171,5.201975810865641,0.2475448533533045,0.8868030726491489,1.1331688329955796,0.3831006670079659,263.7733858749998,A,1525
287,287,102172,0.2080437391996383,57.75389968787736,7.599598653078816,5.198962933621426,0.2534980930550554,0.8832880225970324,1.0670805840054527,0.3458656670118216,265.18642737499613,A,1525
288,288,102528,0.1908502876758575,58.05356420480658,7.61928895664199,5.164024715964128,0.2496247592275502,0.8855765920455788,1.0984720830019796,0.416961541006458,266.70264404200134,A,1525
289,289,102884,0.1544349044561386,58.19825095723533,7.628777815432517,5.198901413905959,0.2477546008974381,0.8866794654603996,1.5509253750060452,0.56124541698955,268.81491312499566,A,1525
290,290,103240,0.1563678979873657,58.15491438352686,7.62593695119012,5.192951366486337,0.2483147506897236,0.8863492767920654,0.9233860000094865,0.3458585000043968,270.08426849999523,A,1525
291,291,103596,0.2083099037408828,59.295618684648176,7.70036484100904,5.204648405916778,0.2335705006797783,0.8949998998874824,0.9359996660059552,0.3605616249988088,271.3809462499921,A,1525
292,292,103952,0.2592980563640594,58.0055813501414,7.6161395306376445,5.168112708489422,0.2502449648362069,0.8852105397848365,0.9569566249992932,0.3663154160021804,272.7043119579903,A,1525
293,293,104308,0.3135600984096527,57.87054527414442,7.607269238967714,5.216138250914662,0.251990382700332,0.884179561341545,0.9258192920096916,0.3674754999956349,273.9976805829938,A,1525
294,294,104664,0.3680630326271057,58.73105109876551,7.663618668668575,5.195576569329389,0.2408678569057369,0.8907289567250471,0.9416119160014204,0.3332849580037873,275.27268266699684,A,1525
295,295,105020,0.3450466990470886,58.02962686223229,7.617717956332611,5.136327977122566,0.2499341629557049,0.8853939974349795,0.9372105829970678,0.3796194589958759,276.58964587499213,A,1525
296,296,105376,0.208143949508667,57.697032707181,7.595856285316422,5.171303222053929,0.2542331310310443,0.882853053755706,1.013777875006781,0.3522266249929089,277.95575879199896,A,1525
297,297,105732,0.3085014522075653,58.189328069736376,7.628192975386528,5.212027161710175,0.2478699342787237,0.8866114905275986,0.934362667001551,0.3056071250030072,279.1958283749991,A,1525
298,298,106088,0.2868300080299377,58.19446914659364,7.62852994662757,5.151568277644725,0.2478034829447282,0.8866506561039348,0.95190258299408,0.3279125830013072,280.4757435829961,A,1525
299,299,106444,0.1833633184432983,58.39018541164849,7.641347094043595,5.144406505924487,0.2452737392239894,0.8881403706682491,0.9351717079989612,0.3008704579988261,281.7118973329925,A,1525
300,300,106800,0.2475043982267379,58.26406484465144,7.633090124232219,5.186625094548893,0.2469039190781135,0.8871806775488791,0.9025266249955166,0.3795478340034606,282.9943696669943,A,1525
1,2,356,275.5047698288821,117.09796895443677,10.82118149530987,7.339334853747595,-0.5135576575137362,1.2577269460517555,0.997661874993355,0.4283678749925457,1.532845042005647,D,1525
2,4,712,156.41140987096207,136.05158333427778,11.664115197231112,7.876022887133393,-0.7585438723756965,1.3556996518141535,0.8926590409973869,0.3190378750005038,2.744663874997059,D,1525
3,6,1068,102.67887998430916,176.6379312786406,13.290520353945537,9.85668688988396,-1.2831454369477495,1.5447338706454206,0.8066862499981653,0.2944671250006649,3.845898459010641,D,1525
4,8,1424,75.08431201034718,210.1382894137696,14.49614739900811,11.48503701008766,-1.7161565646181751,1.6848617875573744,0.8351371250028023,0.3424674999987473,5.02359900000738,D,1525
5,10,1780,66.60210024372915,205.590258372638,14.338418963492384,11.324225529907686,-1.657370684125291,1.6665292881355045,0.9745462499995484,0.3520138330059126,6.350296959004481,D,1525
6,12,2136,64.55964197737447,181.46410906136643,13.470861481782316,10.273247913551716,-1.3455265218187402,1.5656946036356203,1.0019685839943122,0.3703129579953383,7.722677249999833,D,1525
7,14,2492,55.21320750204365,158.33658360021934,12.5831865439649,9.183248402136057,-1.04659013911612,1.4625217024961583,0.9535279590054416,0.7615654169931076,9.43787441700988,D,1525
8,16,2848,45.95466009418616,136.20376796206472,11.670636998984447,8.079586217277928,-0.7605109449970195,1.3564576693934294,1.702226667010109,0.4597984579886542,11.600008084002184,D,1525
9,18,3204,42.14331389009283,115.62934566463204,10.753108651205569,7.073894856429776,-0.4945748686051443,1.2498149587737055,0.9899365000019316,0.3720702919963514,12.978050709003584,D,1525
10,20,3560,38.11360665653529,88.30207182747714,9.396918209044768,5.992301105005056,-0.1413543563749582,1.092187322288468,0.976691000003484,0.3805962089973036,14.349972167008673,D,1525
11,22,3916,31.936542125230424,85.27024244532451,9.234188781117943,6.536982279557448,-0.1021662421949609,1.0732735662898407,1.088779459008947,0.3686496250011259,15.82194779200654,D,1525
12,24,4272,27.84917404946317,86.1620916737516,9.282353778743383,6.705427934283669,-0.1136938992592668,1.0788716994877998,0.930748541999492,0.4064990419865353,17.159274083998753,D,1525
13,26,4628,23.803239350908257,95.449281195474,9.769814798422434,7.376332491515619,-0.233736090792527,1.135528438852714,1.0620224580052309,0.3754291250079404,18.596854667004663,D,1525
14,28,4984,19.44044576066264,135.14533791097875,11.625202704081282,9.4331239128885,-0.7468301363282785,1.3511769209835316,1.087924292005482,0.3665880420012399,20.05146670900285,D,1525
15,30,5340,16.474883604585454,136.08553673620827,11.665570570538256,9.288215438364006,-0.7589827393513535,1.3558688073010805,0.8901233749929816,0.3261229589988943,21.26781029200356,D,1525
16,32,5696,14.274803033035791,113.0171485842803,10.630952383689822,8.269999388258467,-0.4608107399084302,1.2356169500488494,0.9786240419925888,0.3337117500050226,22.58024745900184,D,1525
17,34,6052,11.993129301606938,78.0380947062973,8.833917291117078,6.294186846930006,-0.0086866311614459,1.0267507130386893,0.9741727500077104,0.3358205410040682,23.905916083997,D,1525
18,36,6408,12.066012457515416,94.04017450756378,9.697431335542612,6.584908354137591,-0.2155225877165669,1.127115435914731,0.9267742920055752,0.3322174590139184,25.16496900000493,D,1525
19,38,6764,16.850563842259096,82.00321331166771,9.05556256185488,6.558839368434088,-0.0599380378399323,1.0525121541154048,0.9166273339942564,0.441030125002726,26.52272416700725,D,1525
20,40,7120,14.144368477081985,154.84415517854185,12.44363914530399,9.487947770941112,-1.001448521134638,1.4463023531004089,0.9142476660053944,0.3544924580055522,27.791560459008902,D,1525
21,42,7476,13.044764518737791,98.95725611710344,9.947726178233063,7.269469074874754,-0.2790786561026421,1.1562067664913422,1.089327374997083,0.3760839160095202,29.25707154200063,D,1525
22,44,7832,10.274767672077994,88.49887321028886,9.4073839727253,6.839222772883983,-0.1438981258580978,1.0934037396452714,1.055654208001215,0.3623027919966262,30.6751730840042,D,1525
23,46,8188,8.862201621023457,72.79237810123135,8.53184494123231,6.133619611562505,0.0591172309177835,0.9916413736128682,0.9001029580103932,0.36077870799636,31.95191420899937,D,1525
24,48,8544,7.109638144460956,73.05542388807388,8.547246567642347,6.199653095561966,0.0557172149439182,0.9934314776377682,1.0162402499991003,0.3530098750052275,33.321236375006265,D,1525
25,50,8900,6.883359828691804,87.041965230696,9.329628354371678,6.757299748509519,-0.1250667639779985,1.0843663404987316,0.9521966250031256,0.3309835839900188,34.60451612500765,D,1525
26,52,9256,5.861143688137612,78.36593669459657,8.852453710389938,6.384108704593983,-0.0129241747864596,1.028905168539957,0.8807175840047421,0.3349858749861596,35.8204255419987,D,1525
27,54,9612,5.217907474282082,69.87463002224928,8.359104618453419,5.989524044005977,0.0968307795563394,0.9715640688635806,1.0346249170106605,0.3701301659893943,37.24020600000222,D,1525
28,56,9968,4.654653203621339,75.52565914296035,8.690549990821085,6.051802136154793,0.0237880233509486,1.010087383175576,0.9326526670047316,0.3303792500082636,38.50331575000018,D,1525
29,58,10324,3.735291566741601,63.26719774699199,7.95406799989741,5.614236754444447,0.1822355889310469,0.9244873730779702,0.935204875000636,0.3393739580060355,39.79042862499773,D,1525
30,60,10680,3.4674830918901423,65.49255593899558,8.092747119427097,5.624298416168584,0.1534715722508899,0.940605803913163,0.8965522080106894,0.3379049170034705,41.02494583399675,D,1525
31,62,11036,3.2096390255381557,62.021161782722224,7.87535153391404,5.417440231995061,0.1983413104230382,0.9153382962966444,0.9221032920031575,0.3755258330056676,42.338159417005954,D,1525
32,64,11392,2.719473540113213,62.33962395052672,7.89554456326647,5.448007819140971,0.194225006297418,0.9176852966819512,0.9689163330040174,0.3709708749956917,43.67810904199723,D,1525
33,66,11748,2.614762641070934,64.3807049753851,8.023758780981959,5.711529887156931,0.167842876510159,0.9325874103335527,1.0054759579943493,0.3435544170060893,45.02724758400291,D,1525
34,68,12104,2.485689185978321,69.42208042156453,8.331991383910843,5.645059192711525,0.1026802397958053,0.968412745166293,1.293194832993322,0.5417970839916961,46.862344916997245,D,1525
35,70,12460,2.6269182140907543,62.26483565434107,7.890807034412961,5.562909239216855,0.1951916874396694,0.9171346620124062,1.3294495409936644,0.5171565000055125,48.709111042000586,D,1525
36,72,12816,2.085605874490202,64.09342115634966,8.005836693085218,5.424285127083782,0.171556182796027,0.9305043574906624,1.5002818750072038,0.5493109999952139,50.75882070900116,D,1525
37,74,13172,2.059894963596644,61.289466985609096,7.828758968419522,5.5015198286728335,0.2077988806355878,0.9099229241273916,1.4954407500044908,0.527344499991159,52.808159874999546,D,1525
38,76,13528,2.0327453948138805,63.40248361233606,7.962567651978604,5.440349241982587,0.1804869423979498,0.9254752727319236,1.3572821249981644,0.4904423330008285,54.65602754200518,D,1525
39,78,13884,1.7718217654174633,59.9510001234246,7.742803117955706,5.330811914644744,0.225099323902678,0.8999324263849784,1.2005551250040298,0.4767935419949936,56.35090662499715,D,1525
40,80,14240,1.6206893653012393,61.13153590712959,7.818665864911327,5.335509021272544,0.2098402293910481,0.9087498204088144,1.3222964159940602,0.4622589999926276,58.135546667006565,D,1525
41,82,14596,1.4652058341529932,66.18179208516476,8.135219240141273,5.496419418195964,0.1445628041810052,0.9455422640123984,1.2190596660075244,0.4755207499983953,59.83022883400554,D,1525
42,84,14952,1.436392024661718,58.94612412240348,7.6776379259772,5.306041838186473,0.238087916102677,0.8923583904138114,1.4295687910052948,0.4911251669982448,61.77678187499987,D,1525
43,86,15308,1.29897735962707,62.64050407812837,7.914575419953263,5.372851402653374,0.1903359600125725,0.9198972197766524,1.804895834007766,0.7373009159928188,64.31907741700707,D,1525
44,88,15664,1.270505378755291,58.76180398610495,7.6656248268556,5.22790953311843,0.2404703583962506,0.8909621289725469,1.377654292009538,0.4950466669979505,66.20911008400435,D,1525
45,90,16020,1.1256083504537515,62.80554658672826,7.924995052788883,5.429227204457951,0.1882026919897613,0.92110827542626,1.3435104999953182,0.6226934580045054,68.17538079200312,D,1525
46,92,16376,1.2536969385790022,58.5262594357352,7.650245710807934,5.238825237220116,0.2435149052921621,0.8891746412875847,1.4938549999933457,0.4569997090002289,70.14376058400376,D,1525
47,94,16732,1.1711847695072046,60.55535142113548,7.781731903704694,5.307117883975689,0.2172877406391411,0.9044570508758252,1.3137507920037024,0.4918857500015292,71.94951274999767,D,1525
48,96,17088,1.02720363086529,60.40778978069398,7.772244835354454,5.281029000456034,0.2191950585272287,0.9033543855607388,1.28076358299586,0.4622387919953326,73.69261504200404,D,1525
49,98,17444,0.9713158379779772,59.40127566563783,7.707222305450767,5.192771761040938,0.23220482428014,0.8957969309523148,1.2914853749971371,0.4914645829994697,75.47569600000861,D,1525
50,100,17800,0.8691270833604792,63.97259605981258,7.998287070355288,5.479221157699461,0.1731179156912805,0.9296268780819608,1.3545812090014806,0.5548009170015575,77.38521600000968,D,1525
51,102,18156,0.9452131758914905,59.21566031373218,7.695171233554987,5.1986760707036686,0.2346040079699801,0.8943962560021074,1.5681884579971666,0.5341976660129149,79.48816504199931,D,1525
52,104,18512,1.0041684896758434,62.65689408686235,7.915610784194884,5.476357116390337,0.1901241098545594,0.9200175583465424,1.4077404580020811,0.5634563329949742,81.45950183400419,D,1525
53,106,18868,1.1189757860108709,61.01358774711707,7.811119493844469,5.262923301472838,0.2113647762501491,0.9078727189352086,1.4965711670083692,0.5315937919949647,83.48778941700584,D,1525
54,108,19224,1.3173212362139413,63.72737107614293,7.982942507380529,5.535685920522281,0.1762875876775752,0.9278434064400604,1.4634565839951392,0.5326514170010341,85.48401683400152,D,1525
55,110,19580,1.4092520766713643,62.38865881463004,7.898649176576336,5.370095013606886,0.193591202870156,0.9180461404418108,1.4504185839905404,0.5339144580066204,87.4684516670095,D,1525
56,112,19936,1.2598598619525352,63.401770395628255,7.962522866254655,5.454721899650358,0.1804961611283788,0.9254700673657782,1.526631249987986,0.5360834159946535,89.53128266699787,D,1525
57,114,20292,1.0622728071855696,60.64470696444369,7.787471153361898,5.304062440810416,0.2161327695664311,0.9051241137974768,1.531926083000144,0.5788830840028822,91.64221295900644,D,1525
58,116,20648,0.829509937361385,60.26141140288094,7.762822386405665,5.258620831647865,0.2210870820747897,0.902259230845348,1.5258986670087324,0.5387155000062194,93.7069229589979,D,1525
59,118,21004,0.7688400551174464,58.971140846145,7.679266947186105,5.2862367852014085,0.2377645607607955,0.8925477286918005,1.4345687500026545,0.5384538340003928,95.68006312500802,D,1525
60,120,21360,0.770958472503705,58.812093505591534,7.668904322365193,5.175981658672997,0.2398203378366178,0.8913432989837566,1.4699370410089614,0.5101369170006365,97.66026429200429,D,1525
61,122,21716,0.7575962268904354,58.4308548361197,7.644007773159293,5.247037652050436,0.2447480638481934,0.8884496167353316,1.5032947919971775,0.5583129580045352,99.74229654199736,D,1525
62,124,22072,0.6052595303299722,58.98674243887952,7.680282705661265,5.225209509312865,0.237562901326703,0.8926657885178411,1.4682383329927688,0.5461520420067245,101.75686987501103,D,1525
63,126,22428,0.5334849263844865,58.56873679961361,7.653021416382788,5.241256589348982,0.2429658612742067,0.8894972566782713,1.6930405000020985,0.5668446250056149,104.01685433399687,D,1525
64,128,22784,0.6210794549309806,60.92002153986841,7.805127900288912,5.352844607009579,0.2125741725422476,0.9071763265248344,1.4610450830077752,0.5422292500006733,106.02030183401077,D,1525
65,130,23140,0.9499905102708368,58.05863574895894,7.619621758916839,5.204701257620746,0.249559206643199,0.8856152730702864,1.4417914579971691,0.5927012080064742,108.074630084011,D,1525
66,132,23496,1.1057893781179793,60.25330453797378,7.762300209214649,5.385609011901052,0.2211918679012923,0.902198539106277,1.457331958998111,0.5325468749942956,110.0645827499975,D,1525
67,134,23852,1.1764801097719857,60.65604692605052,7.788199209448261,5.326407101472863,0.2159861941315269,0.9052087344794656,1.470189708008547,0.5392832079960499,112.07415862500784,D,1525
68,136,24208,1.1275725096799014,59.14866963424041,7.690817227983019,5.3507646896578525,0.2354699004942669,0.8938901975709187,1.378602457989473,0.4849672920099692,113.93787904200144,D,1525
69,138,24564,0.8132029081998247,59.56751193060295,7.717999218100696,5.298241545796877,0.2300561262793032,0.8970495126081106,1.297783541987883,0.4868982080079149,115.72272991700449,D,1525
70,140,24920,0.7213815899377458,59.54421561218827,7.716489850455858,5.247537562721654,0.2303572444066564,0.8968740814540139,1.2988584169943351,0.4957533749984577,117.51748500000394,D,1525
71,142,25276,0.7454067167271389,58.04725272489212,7.618874767634137,5.225465207930036,0.2497063386848207,0.8855284515836375,1.3419193750014529,0.5042834170017159,119.38098204199925,D,1525
72,144,25632,0.8271888440914368,57.81698375633077,7.603748007156127,5.150112387622416,0.2526826956939627,0.8837702947439329,1.2983472500054631,0.49608229099249,121.19384395900124,D,1525
73,146,25988,0.7664624020624696,57.16573851232588,7.560802769040195,5.135409464237661,0.2611004098079157,0.8787788450388867,1.368463332997635,0.5013039160112385,123.08143187500536,D,1525
74,148,26344,0.4860118952360046,59.592911799984215,7.719644538447623,5.304968284691876,0.2297278185627379,0.8972407453063251,1.4478587079938734,0.8359077499917476,125.36526204200344,D,1525
75,150,26700,0.5767581251899848,58.05976623552988,7.619695941146856,5.177875078641451,0.2495445944631464,0.885623895140774,1.4505351670086384,0.5949364579864778,127.41085445899807,D,1525
76,152,27056,0.7541677272051908,59.55140563147776,7.716955723047643,5.322510085125201,0.2302643093297249,0.8969282290082684,1.6043804999935674,0.4878566249972209,129.50346537500445,D,1525
77,154,27412,0.6958575268809715,58.19484403620733,7.628554518138238,5.224339642505414,0.2477986372838633,0.8866535120075241,1.5892975840106374,0.5718767090002075,131.66477404200123,D,1525
78,156,27768,0.6895366950651233,58.1880743129408,7.628110795796086,5.167038864452347,0.2478861397963391,0.8866019389379354,1.8580461249948712,0.5677405409951461,134.09065762499813,D,1525
79,158,28124,0.4700822980886095,58.2923489745192,7.634942630728747,5.228295786660692,0.2465383306590339,0.8873959911298803,1.6066930829983903,0.5324748340062797,136.22991529200226,D,1525
80,160,28480,0.5197060637259752,56.60156460878349,7.523401133050363,5.076129927808939,0.2683926774663604,0.8744317184860958,1.3337406250066124,0.4672089169907849,138.04966258400236,D,1525
81,162,28836,0.5181827019439654,57.16567915486058,7.560798843697706,5.140199274186664,0.2611011770368178,0.8787783888032138,1.349715667005512,0.4702704170049401,139.86974224999722,D,1525
82,164,29192,0.4197930901238088,57.50523526427968,7.583220639298298,5.192258391785718,0.2567122217530002,0.8813844347805363,1.3634275829972466,0.585242165994714,141.81855808400724,D,1525
83,166,29548,0.3669060508856612,56.65521904545447,7.526966124904142,5.083573558552545,0.2676991634438024,0.8748460712366616,1.4668944169970928,0.5912904159922618,143.87684966700908,D,1525
84,168,29904,0.3011315622356501,58.2397888050652,7.631499774295037,5.227340085303736,0.2472177006572301,0.8869958339649772,2.874583625001833,0.6124843750003492,147.36401941700024,D,1525
85,170,30260,0.2906375940930977,58.03828410086625,7.6182861655930365,5.201436802443222,0.2498222632366546,0.8854600394007429,1.8004948750021867,0.7770762500003912,149.9417301670037,D,1525
86,172,30616,0.32126104496838,56.94931633682579,7.546477081183364,5.154485226642747,0.2638977891639266,0.8771137954649495,1.9366179579956224,0.7636984999990091,152.64213920899783,D,1525
87,174,30972,0.3372764769899711,57.6935453765223,7.595626727039863,5.177488821238159,0.2542782067575481,0.8828263725998411,1.7590884999954142,0.5594692500017118,154.9608153750014,D,1525
88,176,31328,0.305127463816257,58.31819249703139,7.63663489352682,5.219124750569764,0.2462042884741463,0.8875926798668597,1.6878742499975488,0.5658353330072714,157.2146477089991,D,1525
89,178,31684,0.3149231966961636,57.14062304021293,7.559141686740164,5.165866604700745,0.2614250415285002,0.8785857803565076,1.504765874997247,0.5377922920015408,159.25734516700322,D,1525
90,180,32040,0.363539053315527,58.22583786926849,7.63058568324008,5.265430953338561,0.2473980244142783,0.8868895907648736,1.624301417003153,0.6324107079999521,161.5141875840054,D,1525
91,182,32396,0.4490262336945266,58.918701825420165,7.67585186317585,5.186631413123869,0.238442364842961,0.8921507994669658,1.5435497909929836,0.5593985839950619,163.6172621669975,D,1525
92,184,32752,0.6101326580797688,59.21904980492894,7.695391465346577,5.331557592399689,0.2345601968740086,0.8944218531569819,1.3821587079874007,0.5139274999964982,165.51356595900145,D,1525
93,186,33108,0.8932548292567221,58.4986628769216,7.648441859419577,5.156624749604507,0.24387160646543,0.8889649828044707,1.448373207997065,0.4872049580008024,167.44926233400474,D,1525
94,188,33464,1.0907142564152064,61.56055581239776,7.846053518323576,5.436730264169484,0.2042949038090381,0.9119330393300238,1.495361374996719,0.5787679170025513,169.52351425000234,D,1525
95,190,33820,1.0195197121480877,58.13091935286529,7.6243635375594,5.156444201102624,0.2486249000691224,0.8861664016853592,1.4778717080043862,0.5360982499987585,171.53762808399915,D,1525
96,192,34176,0.7164875181873193,59.14120748263693,7.690332078827086,5.232179754658749,0.2355663530356886,0.8938338095354222,1.3992098340095254,0.5285906250064727,173.46638195900596,D,1525
97,194,34532,0.532055651873685,57.25301428495124,7.566572162145237,5.151919131336907,0.2599723209507645,0.8794494114806122,1.45932808300131,0.5261104169912869,175.45196700000088,D,1525
98,196,34888,0.4579265506080027,58.11539775274396,7.623345574794833,5.151142108778239,0.2488255255533242,0.8860480856586269,1.473482375004096,0.5142465829994762,177.43993120900996,D,1525
99,198,35244,0.4080553396364276,59.46869741252476,7.711594997957605,5.244615680293033,0.231333359965303,0.8963051613331686,1.3753442909946898,0.5473160830006236,179.3627044169989,D,1525
100,200,35600,0.4685810737395554,57.572128621872,7.587629973968947,5.103049111269746,0.2558475871694572,0.8818969240158235,1.319743959000334,0.5173639160057064,181.1999196250108,D,1525
101,202,35956,0.4378647127847992,57.76802194538564,7.600527741241764,5.167192963936068,0.2533155548677249,0.8833960088846946,1.4621035419986583,0.5646081669983687,183.22825033401023,D,1525
102,204,36312,0.3400033042671975,58.78343553441727,7.667035641916455,5.283209866357718,0.2401907583665972,0.8911261055326575,1.4935537919955095,0.5073696670006029,185.2292920000036,D,1525
103,206,36668,0.3522566493307607,56.74180223213241,7.532715462045039,5.098373977761519,0.2665800266528021,0.8755143066088504,1.437581582998973,0.4792655409983126,187.14628187500057,D,1525
104,208,37024,0.3601994897877232,58.760183109975856,7.665519102446739,5.256409695273952,0.2404913091394527,0.8909498408099338,1.439609916997142,0.5304906660021516,189.11652066699756,D,1525
105,210,37380,0.3696484518854805,56.404415965882414,7.510287342431208,5.0768831702861705,0.2709409354830939,0.8729075256025608,1.492632458001026,0.4901804580003954,191.119726334,D,1525
106,212,37736,0.3520767086007622,57.487581027230405,7.58205651701637,5.149977013167099,0.2569404127789597,0.8812491308894488,1.3748771660029888,0.5486799170030281,193.04335870900832,D,1525
107,214,38092,0.3148624669300036,57.881761819068366,7.608006428695258,5.149587932385896,0.2518454024960461,0.8842652436106286,1.4538648330053547,0.5820262500055833,195.07977208400555,D,1525
108,216,38448,0.3420523307966382,56.41955875848337,7.511295411477528,5.101515048911215,0.2707452063009232,0.8730246916997737,1.4036748340004124,0.5285160839994205,197.01212062500417,D,1525
109,218,38804,0.2857195709863405,57.41272419205683,7.577118462321731,5.155795904306265,0.2579079798265,0.8806751894530892,1.407525041999179,0.5386891670059413,198.95844729201053,D,1525
110,220,39160,0.2588089284267318,58.364600162010255,7.639672778464419,5.2123740858394605,0.2456044430855092,0.8879457679050448,1.431407791998936,0.5815281249961117,200.9719043750083,D,1525
111,222,39516,0.3000172594290101,56.90363033044808,7.543449498104172,5.131501874460382,0.2644883067058756,0.8767619047936988,1.5257852079957956,0.5282920839963481,203.0261406250065,D,1525
112,224,39872,0.4067674245727196,57.87953278256332,7.607859934473249,5.170067885626666,0.2518742140570084,0.8842482168441391,1.6134555419994283,0.536882833999698,205.17661729200336,D,1525
113,226,40228,0.4485019371750649,58.27549709895035,7.633838948979101,5.171123057724493,0.2467561507078226,0.887267712135854,1.4701397919998271,0.5060200419975445,207.15316958400945,D,1525
114,228,40584,0.3637877307581098,57.27036689264722,7.567718737680941,5.064882672267404,0.2597480286552567,0.8795826759441613,1.7366067080001812,0.6383946249989094,209.52829512499736,D,1525
115,230,40940,0.3981942588023925,57.61768579941224,7.590631449320421,5.164753643607321,0.2552587348132941,0.8822457802316716,1.6272808329958934,0.6892961669946089,211.84502633400552,D,1525
116,232,41296,0.5155972657578715,58.66098674177827,7.659046072571849,5.252071861313422,0.2417734784548013,0.8901974919005494,1.979375541995978,0.5679013750050217,214.39257533400087,D,1525
117,234,41652,0.7021852932619245,57.48995141003065,7.58221283069993,5.241123005446152,0.2569097742369716,0.8812672989547322,1.5815799580013843,0.6173826670128619,216.59167883401096,D,1525
118,236,42008,0.9056816683726364,59.362697273804606,7.70471915606303,5.273409425488368,0.2327034718732202,0.8955059942892236,1.540139624994481,0.7700920839997707,218.9020832920069,D,1525
119,238,42364,0.779118970538793,57.000640212948845,7.549876834290004,5.131351442954801,0.2632343989581617,0.8775089428057455,2.029102915999829,0.6276178330008406,221.5591940840095,D,1525
120,240,42720,0.5990991910521903,57.9704207522334,7.61383088545007,5.095258860452938,0.2506994355044996,0.8849422100037915,1.636685250006849,0.5452317500021309,223.7412410840043,D,1525
121,242,43076,0.4673433025901237,56.99760539628955,7.5496758471002945,5.150717304785725,0.263273625684593,0.8774855824171949,1.430399375007255,0.5287793329916894,225.7005922090029,D,1525
122,244,43432,0.350520607125893,56.74286734336951,7.532786160735582,5.091042200080779,0.2665662594860151,0.8755225237936546,1.4041612919972977,0.5648482919932576,227.6697479590075,D,1525
123,246,43788,0.3321542287810465,57.224477447461226,7.564686209451204,5.089828842564633,0.2603411757591776,0.8792302105067359,1.450473791002878,0.5451692089991411,229.6657362090045,D,1525
124,248,44144,0.3572580067629224,57.393355530343946,7.57584025243035,5.124178298571814,0.2581583307635238,0.880526625359252,1.4907370830042057,0.5600728749996051,231.71678116700787,D,1525
125,250,44500,0.3894428818413381,58.35881647949677,7.639294239620357,5.099717917229965,0.2456792004620469,0.8879017709991144,1.5717557909956668,0.5561215829948196,233.84479345900763,D,1525
126,252,44856,0.4139449887731102,56.82009318757243,7.537910399279925,5.160659580578206,0.2655680716532543,0.8761181050523195,1.644598999992013,0.5788024590001442,236.0688340839988,D,1525
127,254,45212,0.4282884925938724,57.99312013529078,7.615321407221811,5.116031229737317,0.2504060331051743,0.8851154507351116,1.561146958003519,0.56844883399026,238.1985684590036,D,1525
128,256,45568,0.5038071924381042,59.1625131683896,7.691717179433316,5.247928997765668,0.2352909649644226,0.8939947973495721,1.3905207079951651,0.5398914999968838,240.1291302919999,D,1525
129,258,45924,0.5270622037769703,57.21214789647743,7.563871224212997,5.063615606863972,0.2605005421979967,0.8791354862018925,1.5704201660118997,0.5594512090028729,242.25914100000227,D,1525
130,260,46280,0.5572533507025643,59.33902194240293,7.703182585295699,5.240799427997728,0.2330094889583769,0.8953274013639109,1.6928060829959577,0.5921159589925082,244.5443862920074,D,1525
131,262,46636,0.3802269121234337,57.52260475870349,7.584365811239823,5.139999631928046,0.2564877111869583,0.8815175361067956,1.527719750010874,0.5602653329988243,246.6325158749969,D,1525
132,264,46992,0.2749965817071079,56.91189047454121,7.543996982670474,5.089884939463998,0.2643815396589664,0.876825537964613,1.5110537089931313,0.5472969580005156,248.6909940839978,D,1525
133,266,47348,0.2781460924764697,57.57822488490634,7.588031687131146,5.185451130152714,0.2557687895124163,0.8819436144321057,1.3915928750066089,0.5041265839972766,250.5868264169985,D,1525
134,268,47704,0.2725350625729293,58.51555471080668,7.649546046060948,5.154108144011092,0.243653269932743,0.8890933204811766,1.4889997909922386,0.5271722500037868,252.6034424170066,D,1525
135,270,48060,0.3243388148506036,57.85280742808207,7.606103301170848,5.1258617055560896,0.2522196544202019,0.8840440464363404,1.573302542004967,0.5487766669975827,254.7257000840036,D,1525
136,272,48416,0.3333404904670929,57.306366751991554,7.570096878639767,5.107376504040923,0.2592827100569365,0.879859083096811,1.575187958005699,0.5389029170037247,256.8399904590042,D,1525
137,274,48772,0.2727842729413107,56.39484581087017,7.50965017899437,5.071930467358485,0.271064635164068,0.8728334692138109,1.4661923329986166,0.6010702089988627,258.9309774590074,D,1525
138,276,49128,0.2608334679951828,57.94303089876984,7.612031982248225,5.166679805106963,0.2510534648938911,0.884733126639717,1.5713581669988343,0.5825327079946874,261.0854092920053,D,1525
139,278,49484,0.2667377447144369,57.40685522971013,7.576731170479135,5.12694579290475,0.257983839493246,0.8806301752014911,1.5764113340119366,0.5285247499996331,263.1905403340061,D,1525
140,280,49840,0.3162434762448407,57.42434012792485,7.577884937627705,5.18853759379522,0.2577578372677588,0.8807642755335903,1.957178458003909,0.5181262080004672,265.6660384590068,D,1525
141,282,50196,0.3654701172300938,58.32149189557224,7.636850914845218,5.131058926524421,0.2461616418768458,0.8876177876458198,1.5433908749982947,0.6422543749940814,267.85182829199766,D,1525
142,284,50552,0.3744937214958533,57.28811465926139,7.568891243720007,5.117213987628458,0.2595186287066282,0.8797189542646368,1.814645833990653,0.5349895000108518,270.2015804590046,D,1525
143,286,50908,0.3000612037905146,57.32352279829741,7.571229939600132,5.12022222391507,0.2590609584288701,0.8799907767849713,1.7831718749948775,0.6977374580019386,272.68263312500494,D,1525
144,288,51264,0.268601936570714,56.15352673807647,7.493565689181384,5.015053834027125,0.2741838210371649,0.8709639971732527,1.8340708750038173,0.689611416994012,275.2451985840016,D,1525
145,290,51620,0.3455884573834665,58.26880587623946,7.633400675730278,5.191132344697651,0.2468426385560972,0.8872167724048257,1.6821578750095796,0.5467024999961723,277.4741221250006,D,1525
146,292,51976,0.3672953783796074,56.65283034652986,7.526807447153797,5.045027407557376,0.2677300387320855,0.8748276284000421,1.4261325830011629,0.5445617079967633,279.44505812499847,D,1525
147,294,52332,0.3100410344895352,57.86238774974154,7.606733053666439,5.202376406202432,0.2520958233295468,0.8841172414643871,1.537722749999375,0.5579635419999249,281.54128120900714,D,1525
148,296,52688,0.2762583792209625,55.86857298034157,7.474528278115052,5.032442263746068,0.2778670099592956,0.8687513122745134,1.4719405409996398,0.5352532910037553,283.5657782089984,D,1525
149,298,53044,0.3173957329787565,57.92464009608554,7.610823877615717,5.18448894323125,0.2512911764484057,0.8845927107571617,1.4971690000093076,0.5187262499966891,285.58174054200936,D,1525
150,300,53400,0.3115659784734919,57.05529974274813,7.553495862363872,5.081186542626817,0.2625278935369105,0.8779295760913988,1.5497167090070434,0.5160765000036918,287.647698959001,D,1525
151,302,53756,0.3367498212316063,57.20190692549858,7.563194227672497,5.102535114597212,0.2606329125557733,0.8790568000813668,1.5641480840131408,0.5138590830028988,289.7265361250029,D,1525
152,304,54112,0.2806357135263722,57.31189492303439,7.570462001954332,5.119889415710079,0.259211255311063,0.8799015207392772,1.366041540997685,0.510563292002189,291.6034464999975,D,1525
153,306,54468,0.3433849982331308,58.62843645054404,7.656920820443688,5.154116864146491,0.2421942094289743,0.8899504775731489,1.5191074579925044,0.5259692499967059,293.64866854200955,D,1525
154,308,54824,0.4457896525940198,57.36493221495506,7.573964101773592,5.144687642935317,0.258525718234399,0.8803085636589765,1.5118345829978352,0.5603716670011636,295.7209846670012,D,1525
155,310,55180,0.3652884344036659,58.23744273655453,7.631346063215489,5.126031187381821,0.2472480249232361,0.8869779683957935,1.4757668340025702,0.5830350829928648,297.77990541700274,D,1525
156,312,55536,0.4283849325742614,57.13286303272721,7.55862838302871,4.996404088943111,0.2615253440261205,0.8785261199664028,1.532952583002043,0.5523374159965897,299.8655572090065,D,1525
157,314,55892,0.7292495229271021,61.62317068408608,7.850042718615363,5.304506484313532,0.2034855710822256,0.9123966970833248,1.5748133329907432,0.7015764170064358,302.142128624997,D,1525
158,316,56248,1.2605021924115298,55.63673596355232,7.459003684377178,5.0754398469500215,0.2808636348810569,0.8669469159727701,1.4973697079985868,0.5644173339969711,304.2243026250071,D,1525
159,318,56604,1.4134822186459317,65.29850061542686,8.080748765765884,5.557696355016608,0.1559798473609646,0.9392112563108972,1.6780071249959292,0.5915055840014247,306.4939184590039,D,1525
160,320,56960,1.9601855746815715,56.75738076041775,7.533749449007297,5.147759913432936,0.2663786653397954,0.8756344850999757,1.5376997080020374,0.5591342080006143,308.59116608400655,D,1525
161,322,57316,2.503097532170542,73.44070916502207,8.56975549038723,5.876251982291218,0.0507371842357926,0.9960476502502604,1.4381842500006314,0.5914200830011396,310.6209785000101,D,1525
162,324,57672,2.55719033586845,57.1390801534544,7.559039631689624,5.121265051335941,0.2614449842148585,0.8785739186769764,1.440826750011183,0.5625378749973606,312.62457658399944,D,1525
163,326,58028,1.812402240345987,61.92126214700647,7.86900642692624,5.36847361668884,0.1996325698698974,0.914600815640064,1.5405990420113085,0.506328957999358,314.6716789170023,D,1525
164,328,58384,1.1452499239632252,60.4158924302136,7.772766073298077,5.261644349889717,0.2190903271870005,0.9034149681327328,1.4581750420038588,0.5061731250025332,316.63707125000656,D,1525
165,330,58740,0.9361497136983978,56.11388310917479,7.490920044238543,5.0111397596505975,0.2746962374234741,0.8706564985017131,1.4312841670034686,0.51538791701023,318.5839643750078,D,1525
166,332,59096,0.8509499135981785,58.954284540834905,7.678169348277941,5.153050772091638,0.237982438066502,0.892420156695771,1.5700052920001326,0.5941115419991547,320.7482077500026,D,1525
167,334,59452,0.8438940811692999,57.72475102183254,7.597680634366815,5.08187367558962,0.2538748560945204,0.8830650946461279,1.5311028750002151,0.5321435000078054,322.81157420900126,D,1525
168,336,59808,0.6330089073502616,57.43512197269888,7.57859630622313,5.012547123287371,0.2576184758094384,0.8808469566577752,1.3948333330044989,0.5473726250056643,324.75423333400977,D,1525
169,338,60164,0.4954332749495345,59.28469910764877,7.699655778516905,5.220674045655409,0.2337116424052229,0.8949174867976383,1.6144829580007354,0.584962834007456,326.9538689170004,D,1525
170,340,60520,0.5192378270492125,56.67374342068793,7.528196558319125,5.0767617235299545,0.2674597253883384,0.8749890823544418,1.6596775419893677,0.4792691670008935,329.09294108400354,D,1525
171,342,60876,0.6179859058910542,59.14211446935848,7.690391047882967,5.213150208778227,0.235554629717941,0.8938406634053622,1.6338286670070374,0.8323131250072038,331.559243709009,D,1525
172,344,61232,0.4608874033006389,57.00569127242262,7.550211339586635,5.056073843226259,0.2631691111498988,0.877547821769688,1.906341458990937,0.5562183750007534,334.02245212500566,D,1525
173,346,61588,0.4115681119179458,56.02846825205359,7.485216646968449,5.019695298391798,0.2758002728923687,0.8699936026401341,1.4253446250077104,0.5277295409905491,335.97565866699733,D,1525
174,348,61944,0.3430356604329656,57.38332678480586,7.575178333531552,5.121909700424565,0.258287957987121,0.8804496916865767,1.4938600410096117,0.520301542012021,337.9899998750043,D,1525
175,350,62300,0.3306557785594061,56.921727705219965,7.544648945127928,5.063229644829445,0.2642543878735385,0.8769013144175734,1.5660269579966553,0.5696500410122098,340.1258539590053,D,1525
176,352,62656,0.295788601877984,55.898854177146944,7.476553629657648,5.050237203899183,0.2774756083174677,0.8689867153320681,1.6985687079868512,0.627821917005349,342.4525077090075,D,1525
177,354,63012,0.3053272908992981,56.5885841426597,7.522538410846415,5.051844944355459,0.268560457352512,0.8743314457974496,1.7886404169985326,0.5592136659979587,344.8004689170048,D,1525
178,356,63368,0.2296170076627409,57.33991723544292,7.572312542113071,5.110751867294312,0.2588490510311265,0.8801166057762859,1.580106249995879,0.5556564580037957,346.9365311669972,D,1525
179,358,63724,0.226184848821565,56.38302094640984,7.508862826447813,5.069994184169692,0.2712174782433529,0.8727419566082533,1.5030191250116332,0.5242497080034809,348.9639515840099,D,1525
180,360,64080,0.2319921511277723,56.39472284246157,7.509641991630597,5.038387115185078,0.2710662246004872,0.8728325176108793,1.4394451249972915,0.4881673339987173,350.8916992500017,D,1525
181,362,64436,0.205633099829213,57.064648527880685,7.554114675319715,5.087692531979519,0.262407055187175,0.8780014996359273,1.6037674580002204,0.5901792500080774,353.0858333750075,D,1525
182,364,64792,0.236121397172467,56.64416350647145,7.526231693647987,5.061854344147903,0.2678420625549921,0.8747607095798694,1.5286621670093157,0.5597630830015987,355.17440533400804,D,1525
183,366,65148,0.2786592199896159,56.629767786960805,7.525275263202058,5.073918691048255,0.2680281353937895,0.8746495453466115,1.4535672909987625,0.6197950000059791,357.24788983400504,D,1525
184,368,65504,0.3264489893832903,57.15625027273253,7.560175280556168,5.060233641249931,0.2612230506856446,0.8787059131529331,1.4981061659927946,0.5551573749980889,359.30147466700873,D,1525
185,370,65860,0.3041420630859525,57.27860450797002,7.568262978251352,5.141715472526396,0.2596415528054806,0.8796459320711226,1.533953083999222,0.5273427919892129,361.3629285420029,D,1525
186,372,66216,0.2720533539070172,56.82416225600582,7.53818030137286,5.049562716773647,0.2655154766360966,0.8761494752992031,1.4616022909904132,0.5174132090032799,363.34207637500367,D,1525
187,374,66572,0.2371207236239079,57.88937615077835,7.608506827937946,5.160806254336708,0.2517469829404433,0.8843234041369616,1.4219890420063166,0.5909792919992469,365.3552347500081,D,1525
188,376,66928,0.2607797750931107,56.031721462525546,7.485433952853071,5.038400805430856,0.275758223302053,0.8700188597219733,1.5575835000054212,0.5516628750046948,367.4649732090038,D,1525
189,378,67284,0.3385629421204663,59.691973057300565,7.726058054227949,5.2963777138636665,0.2284473956321536,0.8979861769968795,1.4254604580055457,0.5569554590038024,369.4475510000048,D,1525
190,380,67640,0.3662373537427923,56.17804693252668,7.495201593855009,5.045574704645134,0.2738668836179662,0.8711541355042735,1.4203393749921815,0.5548405840090709,371.42284712500987,D,1525
191,382,67996,0.3362108134151844,56.956694837209255,7.546965935871796,5.139724548046406,0.263802417861964,0.8771706141879893,1.5672612499911338,0.5268118329986464,373.51714837500185,D,1525
192,384,68352,0.2476018282134881,57.34632282735758,7.572735491706916,5.114885146801289,0.2587662551228805,0.880165764465772,1.4430088340013754,0.5235336249897955,375.4845645000023,D,1525
193,386,68708,0.1927243906460451,57.16072091769392,7.560470945496314,5.040643920782607,0.2611652650641196,0.8787402777703629,1.4464664580009412,0.5115734999999404,377.4427425000031,D,1525
194,388,69064,0.212038187498457,57.437486441783264,7.578752301123402,5.15729995584681,0.2575879137055814,0.8808650876714361,1.5008169999928214,0.5697677910065977,379.5134951670043,D,1525
195,390,69420,0.2769902728581696,57.09506610594863,7.556127719007178,4.993126501438589,0.262013890740184,0.8782354721730666,1.531520374992397,0.4961467920074938,381.5413297500054,D,1525
196,392,69776,0.3060944080352783,57.25755177837112,7.566871994316483,5.097244307097153,0.2599136712750024,0.879484260448004,1.4917032080120407,0.4768139999941923,383.5102087090054,D,1525
197,394,70132,0.293567765127407,57.23520261431196,7.565395073247131,5.071863840466087,0.2602025468951588,0.8793126005024683,1.6126484999986133,0.5541325420053909,385.6770842090045,D,1525
198,396,70488,0.2795654292521852,57.070467144004205,7.554499794427438,5.096229128509398,0.2623318462739161,0.878046261354362,1.5182939999940572,0.5319182500097668,387.7274146670097,D,1525
199,398,70844,0.2640480988481071,58.20395768390785,7.62915183253734,5.125620225180499,0.2476808382187885,0.8867229368125086,1.4040736250026384,0.5455129590118304,389.67764987499686,D,1525
200,400,71200,0.2766473244750098,57.53146909531717,7.584950170918539,5.11490189401727,0.2563731346090707,0.8815854552073509,1.4189352500106909,0.5451448329986306,391.64190975000383,D,1525
201,402,71556,0.3542347243997488,57.38616676839106,7.57536578446157,5.081819048777283,0.2582512495886666,0.8804714787794047,1.5072132500063162,0.5188500829972327,393.66821795899887,D,1525
202,404,71912,0.3427859461039639,57.86215956235139,7.606718054611423,5.132732282283335,0.2520987727809745,0.8841154981505293,1.4000491250044431,0.5614016250037821,395.6298221670004,D,1525
203,406,72268,0.2808186594354972,56.613410735113234,7.524188377168214,5.011847612828861,0.2682395595653551,0.874523218489175,1.410681084002135,0.5681630000035511,397.6088746250025,D,1525
204,408,72624,0.2579196967770544,57.35484828146387,7.573298375309392,5.112257020193556,0.2586560587935882,0.8802311874396526,1.5215435839927522,0.5566121660085628,399.6871328749985,D,1525
205,410,72980,0.2377427076355794,55.75229909526664,7.466746218753296,4.971082833131798,0.2793699158653109,0.8678468171637626,1.4005667090095812,0.5019629160087788,401.5902282090101,D,1525
206,412,73336,0.1958318419670791,57.18038598898136,7.561771352598633,5.149121424447187,0.2609110828652445,0.8788914218070961,1.4054152090102434,0.5077919160103193,403.50358862499706,D,1525
207,414,73692,0.2019403489787926,55.240919153461846,7.432423504716469,4.978701975664147,0.2859797916277056,0.863857548309483,1.5230674580088817,0.5237388750101672,405.5733425840008,D,1525
208,416,74048,0.1818712581409497,57.13874595351439,7.559017525678478,5.140069394941754,0.2614493039386151,0.8785713493340725,1.4845374999858905,0.6577895840018755,407.7157340840058,D,1525
209,418,74404,0.1935055130318309,56.4209255723162,7.511386394821944,5.045882410366043,0.2707275394569843,0.8730352665343204,1.650195750000421,0.5402739580022171,409.9063464170031,D,1525
210,420,74760,0.1981735155823525,56.09714986746095,7.48980305932412,5.032449280202147,0.2749125240624069,0.870526673304177,1.4925421250081854,0.5443108750041574,411.943393834008,D,1525
211,422,75116,0.2130834731493103,56.41936435326975,7.511282470608448,5.07668927710066,0.2707477190985605,0.8730231876052573,1.529336792009417,0.5060469999880297,413.9788838340028,D,1525
212,424,75472,0.176918976427464,56.99965498967379,7.549811586369145,5.092235872137402,0.2632471335277331,0.8775013591543418,1.3732926660013618,0.6791947079909733,416.03149495901016,D,1525
213,426,75828,0.1766413908995939,56.98813766751973,7.549048792233346,5.09462390737495,0.2633960014482954,0.8774127009297938,1.7605125829868484,0.6024302500009071,418.3946023750032,D,1525
214,428,76184,0.1543495931317297,55.81259250513676,7.470782589872146,5.006310136694657,0.2785905893490497,0.8683159574995607,1.6763045830011831,0.5771855420025531,420.6482310420106,D,1525
215,430,76540,0.1609745385606637,56.93504092831903,7.545531189274817,5.056887267572194,0.2640823069147677,0.8770038561074082,1.512486708990764,0.5294246249977732,422.6903597920027,D,1525
216,432,76896,0.1747223383255219,56.45400113504744,7.513587767175375,5.014502163358062,0.2703000190508197,0.8732911281819976,1.6668332499975804,0.7546887499920558,425.1122479589976,D,1525
217,434,77252,0.1771811492992251,56.82957896086733,7.538539577455791,5.070396887628656,0.2654454626538318,0.8761912333281918,1.5484173330041813,0.5039776250050636,427.164746459006,D,1525
218,436,77608,0.1860762071073725,56.55040094867639,7.520000063076887,5.025446119578744,0.2690539967892571,0.874036418088177,1.475044374994468,0.5236928749945946,429.16362004200346,D,1525
219,438,77964,0.1892390791954619,56.46952710671809,7.514620889088024,5.00869758602096,0.2700993370618639,0.873411206129924,1.4056512500101237,0.5308270840032492,431.10048608400393,D,1525
220,440,78320,0.1796783970647983,57.4473391309368,7.579402293778632,5.0854199724158775,0.2574605621106001,0.8809406351777387,1.600014249997912,0.7038751670042984,433.4045275840035,D,1525
221,442,78676,0.1577100996555907,56.8802970639628,7.541902748243496,5.071500677811472,0.2647899024079954,0.8765821287702196,1.4630037500028266,0.5720034999976633,435.4396424169972,D,1525
222,444,79032,0.1817279185137052,56.478215596338686,7.515198972504899,5.018179700442171,0.2699870334060884,0.8734783957515733,1.5862980419915402,0.6017745419958374,437.62790337500337,D,1525
223,446,79388,0.1912741505363014,56.49592647839109,7.516377217675487,5.05650637893059,0.2697581102113388,0.8736153411212398,1.434398583995062,0.4874673750018701,439.5501383750088,D,1525
224,448,79744,0.1753686103927955,55.92363503948511,7.478210684347233,4.984228186279173,0.2771553016179868,0.869179311892349,1.3879438750009283,0.5147260829980951,441.45292204200814,D,1525
225,450,80100,0.2073240074213971,56.40839781114179,7.510552430490169,5.049635363976482,0.2708894678749264,0.8729383363227189,1.4136506250069942,0.5522247909975704,443.4189265419991,D,1525
226,452,80456,0.1850987168845166,56.222467093094906,7.498164248207351,5.027512873715235,0.2732927278509931,0.87149847962348,1.5150596250023227,0.5290407080028672,445.4633795840055,D,1525
227,454,80812,0.2153663225053401,57.34465590029507,7.572625429815941,5.083119850892287,0.2587878011005137,0.8801529721652204,1.3226601249916712,0.4815869579906575,447.2685617500101,D,1525
228,456,81168,0.2532131084230509,55.80530823504995,7.470295056759803,5.0476078948511285,0.278684742670988,0.868259292380992,1.4107559580006637,0.5079333339963341,449.1873615840013,D,1525
229,458,81524,0.2744714038425617,56.74833074064576,7.533148793210297,5.047433343493504,0.2664956419778095,0.8755646719301737,1.3979859160026535,0.4988672079925891,451.0843658340018,D,1525
230,460,81880,0.2979087089554647,55.88918310160624,7.475906841421062,5.033841894705769,0.2776006124535064,0.8689115402697243,1.3828892910096329,0.5596677080029622,453.0270882920013,D,1525
231,462,82236,0.3730882014451402,57.21400946263848,7.563994279654003,5.059471967249264,0.2604764803996309,0.8791497887199752,1.269816207990516,0.5023081669933163,454.79970216700167,D,1525
232,464,82592,0.4350548113664884,56.062524342879314,7.487491191505958,5.067745017619268,0.2753600786045045,0.8702579689624308,1.3396316669968655,0.5350595409981906,456.6745913339983,D,1525
233,466,82948,0.4589261713992343,58.26770411089719,7.633328507990285,5.141683418258482,0.2468568794979809,0.8872083844749805,1.4203051250078715,0.5162786660075653,458.61135037500935,D,1525
234,468,83304,0.5206928730345843,56.89652444693116,7.542978486442286,5.2353133959808815,0.2645801542802313,0.8767071599343398,1.398732083995128,0.4690319999936037,460.479230500001,D,1525
235,470,83660,0.6848157962386527,58.664888898306025,7.659300810015626,5.183734162133715,0.2417230408686831,0.8902270995868585,1.4604477079992648,0.475914583003032,462.4161330420029,D,1525
236,472,84016,0.4855091709099459,56.31279122493289,7.504184914095127,5.0633761419458425,0.2721252372222285,0.8721982510600383,1.3960325000080047,0.4934290410019457,464.3057158340089,D,1525
237,474,84372,0.3254581924234883,56.16482984332061,7.49431983860581,5.0374473280269605,0.2740377219916503,0.8710516506381595,1.443433125008596,0.5213621669972781,466.270624124998,D,1525
238,476,84728,0.2170435019423452,56.45157258403751,7.513426154826938,5.040629799066768,0.2703314094499067,0.8732723442621888,1.293114583007991,0.5106028330046684,468.0747685420065,D,1525
239,478,85084,0.2100829832004697,56.96343558422753,7.547412509213176,5.118701587804416,0.2637152898839301,0.8772225186242179,1.3560851660004118,0.5441302089893725,469.975083917001,D,1525
240,480,85440,0.2662757779105326,56.503014704112296,7.516848721646079,5.047961935823263,0.2696664908740068,0.8736701432007763,1.452106291995733,0.5011464580020402,471.9285197499994,D,1525
241,482,85796,0.2568052776074142,56.35464056029101,7.506972796027105,5.026113081557548,0.2715843108290664,0.8725222816873575,1.4302040839975234,0.4840091660007601,473.8428698339994,D,1525
242,484,86152,0.1936961027343621,56.11056966258101,7.49069887677919,5.004535636438532,0.2747390655998255,0.8706307925958156,1.3697539159911685,0.4832482920028269,475.6967280840036,D,1525
243,486,86508,0.2192928466234314,56.857800566486695,7.540411166938226,5.088491239045796,0.2650806823961217,0.8764087648911756,1.439597791992128,0.5597501250013011,477.69619016700017,D,1525
244,488,86864,0.2281775960091794,56.06629924709735,7.487743267974493,5.010914255250321,0.2753112858266571,0.8702872673682546,1.4656319170026109,0.5207115840021288,479.6826738340024,D,1525
245,490,87220,0.1993915565897909,56.1256157770258,7.49170312926412,5.078045668389633,0.2745445860376514,0.8707475151007918,1.3626595000096131,0.5247907500015572,481.5710065000021,D,1525
246,492,87576,0.1871358057421245,55.62042932325071,7.457910519927864,5.008703814826996,0.2810744074548019,0.866819859386115,1.3734217080054805,0.5127689170039957,483.4573274170107,D,1525
247,494,87932,0.1620505316538757,56.62757825264504,7.525129783109726,5.069152555967632,0.2680564363665528,0.8746326364506357,1.4992236669932026,0.5018594580033096,485.4585376250034,D,1525
248,496,88288,0.1701677351185445,56.35756306085855,7.507167445905183,5.061860196503551,0.2715465358518178,0.8725449055012922,1.3268157499987865,0.4903265419998206,487.27581708400976,D,1525
249,498,88644,0.1836288661769267,56.81355023178546,7.537476383497693,5.0552428241683405,0.2656526430674522,0.876067660159166,1.3571050419996027,0.5418595840019407,489.1749054590037,D,1525
250,500,89000,0.1539148999733871,56.23338639397044,7.498892344471312,5.040271096866623,0.2731515896946063,0.8715831049752404,1.6488684999931138,0.5056893339933595,491.32959000000847,D,1525
251,502,89356,0.1728300157557712,56.15366831203045,7.493575135543144,5.0182712937173575,0.2741819911135201,0.8709650951073121,1.5185394580039429,0.5300457500125049,493.3787388750061,D,1525
252,504,89712,0.2149738208966308,56.500824832341536,7.516703056017414,5.009585446191703,0.2696947962085674,0.8736532127402379,1.3657682499906514,0.4668220419989666,495.21147120899695,D,1525
253,506,90068,0.2153267178977473,56.831631734175375,7.538675728148504,5.074579340243629,0.2654189293946535,0.8762070578844127,1.4545662500022445,0.5119850000046426,497.1781543340039,D,1525
254,508,90424,0.2044405967332004,56.15938253446816,7.493956400624984,4.9831551028649335,0.2741081315478542,0.8710094088790779,1.3903405830060365,0.5242238749924581,499.0928481250012,D,1525
255,510,90780,0.1767921432685316,56.65088904227412,7.526678486708072,5.075481648387214,0.2677551311905466,0.8748126395536178,1.287299792005797,0.5121690000087256,500.8924102919991,D,1525
256,512,91136,0.1773471179303158,55.8014988609721,7.47004008429487,4.989746014598893,0.2787339809913221,0.868229657378586,1.3212633749935776,0.5410292499873322,502.754833125,D,1525
257,514,91492,0.165610473142581,56.77080706853449,7.534640473740899,5.030370859964656,0.2662051226930384,0.875738047342004,1.4299339590070304,0.5090762909967452,504.6942716670019,D,1525
258,516,91848,0.1657641516642624,56.482290448367095,7.515470075009753,5.042708242470436,0.2699343636326849,0.8735099055202289,1.398717874995782,0.4700651669991202,506.5631681250088,D,1525
259,518,92204,0.1858442735471082,56.54713328543981,7.519782795097197,5.045567327182785,0.269096233189752,0.8740111654119614,1.3672785829985514,0.4952474580059061,508.4258012500068,D,1525
260,520,92560,0.1683929872311902,56.33473358343162,7.505646779820618,5.002058017591716,0.2718416197946489,0.8723681611493623,1.441171000013128,0.5258220000105212,510.3929051669984,D,1525
261,522,92916,0.1645478646406966,56.1504343892798,7.493359352738917,5.029611235205461,0.2742237913990993,0.870940015050436,1.380324666009983,0.5090674579987535,512.2824605839996,D,1525
262,524,93272,0.1610381370514966,56.7554847519082,7.533623613634291,5.054717873754772,0.2664031723250486,0.8756198594752724,1.3089150840096409,0.5110934169933898,514.1029009589984,D,1525
263,526,93628,0.1757339592395203,56.10997456303776,7.490659154109053,5.017808718237317,0.2747467575989157,0.8706261756995347,1.3506654999946477,0.5092980000044918,515.9630054169975,D,1525
264,528,93984,0.193057847324382,57.13123605398609,7.5585207583221,5.051463364589552,0.2615463736490439,0.8785136109355153,1.570460875009303,0.4952002079953672,518.0288228749996,D,1525
265,530,94340,0.1804281349262494,55.72835716978909,7.465142809738411,5.008836960502964,0.2796793788300893,0.8676604557461634,1.3445332080009391,0.4885417080076877,519.8620864590048,D,1525
266,532,94696,0.1637045213680588,56.703233529196986,7.530154947223662,5.05156734501302,0.2670785490113837,0.8752167024620199,1.364741584009607,0.4849944169982336,521.7119681250042,D,1525
267,534,95052,0.1562741167759627,55.633138826892925,7.458762553325647,4.9806656074910025,0.2809101299123933,0.8669188897335676,1.495766958993045,0.5652647910028463,523.7735580000008,D,1525
268,536,95408,0.1589783666174063,56.912546911191534,7.544040489763528,5.076564425881575,0.2643730548429818,0.8768305947177322,1.444284791010432,0.4645634159969631,525.6825866250001,D,1525
269,538,95764,0.1662894614626852,56.33676134567556,7.505781861050557,4.999552659177587,0.2718154098176584,0.8723838614038006,1.3818017909943592,0.498848708011792,527.5633956250094,D,1525
270,540,96120,0.190650023771136,56.69192202639229,7.529403829413872,5.073802834097673,0.2672247566001312,0.8751294013563651,1.4029634580074344,0.5355605000077048,529.5020747920062,D,1525
271,542,96476,0.2822035514236836,56.14063691200761,7.492705580229855,5.007422703963059,0.2743504293492027,0.8708640282183518,1.4252407500025583,0.5121113749919459,531.4399477920088,D,1525
272,544,96832,0.4244185642579968,56.08473188859204,7.488974021092077,5.086196274892521,0.2750730334817906,0.8704303156445073,1.353996207995806,0.5203749579959549,533.3144389170047,D,1525
273,546,97188,0.4290073714899213,56.44353611822669,7.512891328791245,5.051436341243234,0.2704352853281642,0.8732101823700856,1.3377192079933593,0.5157401250035036,535.1681289590051,D,1525
274,548,97544,0.4320726813225264,57.8064499920506,7.603055306391674,5.142247536887042,0.2528188505712083,0.8836897833490006,1.4234795829979705,0.5261340419965563,537.1178917090001,D,1525
275,550,97900,0.2930347430572081,55.25175890120989,7.433152689216729,4.977164634326209,0.285839681740608,0.8639423001450397,1.42124666601012,0.4783494170114863,539.017874875004,D,1525
276,552,98256,0.2554410414749317,57.27827774877289,7.568241390757359,5.075999082341368,0.2596457763534158,0.879643422994558,1.370014166997862,0.4980269999941811,540.8873065420048,D,1525
277,554,98612,0.2625179690089119,55.19586159591746,7.429391737949848,4.990566840538611,0.286562186112077,0.8635051713755801,1.387080499989679,0.5301969169959193,542.8254157089978,D,1525
278,556,98968,0.2508694415681817,56.9467119112815,7.546304520179496,5.060256407811091,0.2639314528411123,0.8770937390021227,1.3881238339963602,0.5448774579999736,544.7585287920083,D,1525
279,558,99324,0.2366291093692351,56.43448862296144,7.512289173278771,5.046208879725653,0.2705522293354967,0.8731401948909845,1.323000417003641,0.5349926659982884,546.6166291670088,D,1525
280,560,99680,0.2049621206321073,56.17261965271944,7.494839534821239,5.022144261642024,0.2739370342874019,0.8711120540177895,1.3205510830011915,0.533215375005966,548.4709437920101,D,1525
281,562,100036,0.2037790431065506,56.48173069546949,7.515432834871821,5.034455093777615,0.2699415987563344,0.8735055771643121,1.4578183330013417,0.4874976669962052,550.4164689169993,D,1525
282,564,100392,0.1946966849016339,56.587231471688426,7.522448502428476,5.018117474158284,0.2685779413919444,0.874320995899722,1.338025707998895,0.4702475410012994,552.2248744170065,D,1525
283,566,100748,0.1784110373995277,56.188040468594046,7.495868226469436,4.9994075558928825,0.2737377114967462,0.8712316170438488,1.4988490410032682,0.504026916998555,554.2278702500043,D,1525
284,568,101104,0.2049785105699903,56.91014776664301,7.543881478830577,5.053518372508679,0.2644040651468778,0.8768121131558827,1.4054747500049416,0.5212645839928882,556.1547580000042,D,1525
285,570,101460,0.2144696146584628,55.92197435480685,7.478099648627775,5.015300122349851,0.2771767669092633,0.8691664064054206,1.3114139169920236,0.5380246249987977,558.0046040419984,D,1525
286,572,101816,0.2157540269447176,56.21550510691064,7.497699987790298,5.01893251627563,0.2733827154707168,0.8714445194494671,1.32079800000065,0.4991883749898989,559.8247430420015,D,1525
287,574,102172,0.2018883650222521,55.77711499987403,7.468407795499254,5.0241696815259065,0.2790491562246271,0.8680399393147246,1.3920982500130776,0.5212320830032695,561.7381778749987,D,1525
288,576,102528,0.1960942244596695,56.58546778177257,7.522331273067716,4.988295232718773,0.2686007380843335,0.8743073705367281,1.4649015420000069,0.5459087079943856,563.7491186249972,D,1525
289,578,102884,0.1923908477418878,56.57366477598768,7.521546701044119,5.065760549746062,0.2687532986278417,0.8742161811064775,1.3581798750092275,0.500079542005551,565.6074925840076,D,1525
290,580,103240,0.2473418493284268,55.29351034559329,7.435960620228787,4.98104351541774,0.2853000206438101,0.8642686610417727,1.3686805839970475,0.5132152500009397,567.4895674170111,D,1525
291,582,103596,0.2772748644432325,56.33194084850941,7.505460735258656,5.022112808729473,0.2718777174773386,0.8723465375162269,1.5450548749940936,0.5461923749971902,569.5809350420022,D,1525
292,584,103952,0.2186283127645428,56.47398946333347,7.514917794848688,5.011557796223443,0.2700416585719117,0.8734457149657462,1.4346918749943145,0.4666838749981252,571.4833566250018,D,1525
293,586,104308,0.2106340596180283,55.2185486227576,7.430918423906805,4.989930531273969,0.2862689434238674,0.86368261540672,1.3038295410078715,0.4963416669925209,573.2837347919994,D,1525
294,588,104664,0.2562183920252189,57.334075802971945,7.5719268223466045,5.058423020096443,0.2589245548586157,0.8800717742443391,1.3992051249952056,0.5242556660086848,575.2073813340103,D,1525
295,590,105020,0.2931389698151792,56.01602423640221,7.48438536129736,4.963394638015191,0.275961118851932,0.869896983764566,1.6124656250030966,0.5776170000026468,577.3975788340031,D,1525
296,592,105376,0.3195821150635066,56.35649620388877,7.507096389676156,5.035586309819086,0.2715603255831897,0.8725366467604171,1.3298639159911545,0.5847511250030948,579.3127141250006,D,1525
297,594,105732,0.3031545375170332,56.8233074614201,7.53812360348516,5.028941500042132,0.2655265253408896,0.8761428854031575,1.2657126669946592,0.5265032919996884,581.1050992090022,D,1525
298,596,106088,0.2706209509895089,56.17477945229323,7.494983619214469,5.019751888537696,0.2739091176530419,0.8711288006941067,1.4650304579990916,0.5106850830052281,583.0809922920016,D,1525
299,598,106444,0.2363408942905704,55.38170010711642,7.44188820845331,4.967596510643901,0.2841601179618124,0.8649576142247789,1.4224762499943608,0.4679124999966007,584.9716058750055,D,1525
300,600,106800,0.2058800606245405,56.324544977546,7.504968019755047,5.0406198453324045,0.2719733133038982,0.8722892700574106,1.3749522919970332,0.4555795840133214,586.802261667006,D,1525
1,1,356,340.425537109375,128.86447741680584,11.351849074789792,7.570083124917528,-0.665646452429971,1.3194055080828275,1.3075076249951962,0.4899340419942746,1.9268060000031253,A,2525
2,2,712,165.20521545410156,107.17472197096724,10.352522493139883,6.892991876795224,-0.3852940625655225,1.2032555322052734,1.2576139589946251,0.4641876249952474,3.666962208997575,A,2525
3,3,1068,116.71080780029295,106.12522017282733,10.301709575251444,6.89692025918227,-0.3717286566295135,1.1973496358793032,1.3099848749989178,0.4189177499938523,5.41230875000474,A,2525
4,4,1424,95.82282257080078,122.61631382090488,11.073225086708248,7.348272437508772,-0.5848853944849417,1.2870215306235782,1.3064791249926202,0.4573802090017125,7.176237624997157,A,2525
5,5,1780,101.00960540771484,160.30136773705132,12.661017642237583,9.126090646755358,-1.0719860883560313,1.4715678745413074,1.2485017500002868,0.4773839999979827,8.902287417004118,A,2525
6,6,2136,91.3400650024414,199.92602793367007,14.139520074375582,10.999127101439695,-1.584157293394679,1.6434116190999757,1.2866294999985255,0.5051590829971246,10.694191125003272,A,2525
7,7,2492,75.52869415283203,229.37230976773407,15.145042415514526,12.28757020672934,-1.964767185719943,1.760281717236268,1.1564622500009136,0.4910078339889878,12.342029459003244,A,2525
8,8,2848,60.34760665893555,235.9705130215588,15.361331746354503,12.701326889913483,-2.0500527047586568,1.7854206468123823,1.256232125000679,0.485991291992832,14.084519124997314,A,2525
9,9,3204,51.53959655761719,218.6643407834427,14.78730336415138,12.097785235099826,-1.826360613878376,1.7187023347308148,1.2667360420018667,0.4679729170020437,15.819321709001088,A,2525
10,10,3560,46.47389221191406,188.05540683030048,13.713329531164211,10.774951650329342,-1.4307227835489944,1.5938762397533026,1.2746892079885583,0.4552109579963144,17.54932745899714,A,2525
11,11,3916,43.146484375,156.9777080141711,12.52907450748742,9.262310994298836,-1.0290259015188647,1.4562323554028709,1.443803249989287,0.4552154579869238,19.448756666999543,A,2525
12,12,4272,38.440711975097656,134.62569908874315,11.602831511693305,8.13846563206993,-0.7401135098525269,1.3485767565288589,1.2887245840101968,0.4774167919968022,21.21500179200666,A,2525
13,13,4628,32.57880783081055,114.27860874207558,10.690117339958228,7.135389774434479,-0.477115827849131,1.2424935891471771,1.2828963750071125,0.460353207992739,22.958446208998797,A,2525
14,14,4984,27.625490188598636,85.41354586254747,9.241944917740392,6.046275236345978,-0.1040185201330183,1.0741750484460673,1.268522708007367,0.4600631249923026,24.701984084007563,A,2525
15,15,5340,22.969945907592773,88.66625823601426,9.416276240426162,7.062806442198966,-0.1460616722432484,1.0944372723240947,1.224257125009899,0.4194147079979302,26.346193334000414,A,2525
16,16,5696,20.0502872467041,127.32262290884977,11.283732667377835,9.052923966998511,-0.6457171084957727,1.3114884575179342,1.1502792499959469,0.4557713749964023,27.95238716699532,A,2525
17,17,6052,17.80531883239746,190.72438336293249,13.810299901266898,11.249107665861183,-1.4652208188672795,1.6051469357950998,1.0714556250022724,0.4219109999976353,29.445872374999453,A,2525
18,18,6408,16.582353591918945,201.45019966806265,14.19331531630516,11.747936847238888,-1.603858077452287,1.6496641457185828,1.128109959012363,0.3760852089908439,30.950185791996773,A,2525
19,19,6764,17.692960739135742,368.0690473225382,19.18512567909156,14.967858086713411,-3.757501176519813,2.2298535091053813,1.103379041000153,0.4006377089972375,32.454323583995574,A,2525
20,20,7120,20.481843948364254,188.5340522185554,13.730770270402,11.148912570737153,-1.436909546642287,1.5959033462857948,1.077195666002808,0.4516758339887019,33.98329512499913,A,2525
21,21,7476,11.810137748718262,133.43729233873722,11.55150606365842,9.030650781716412,-0.7247526786376632,1.3426112897228883,1.1532753330102423,0.4230497499956982,35.56013912499475,A,2525
22,22,7832,12.530396461486816,191.491355144995,13.838040148265035,9.895777071535829,-1.475134364116637,1.6083711360503872,1.1781978749932025,0.4583757500076899,37.19682749999629,A,2525
23,23,8188,10.665689468383787,215.52644467607703,14.680818937514251,10.543752759091769,-1.7858015271222785,1.7063258365846157,1.0448741250002058,0.4158025829965481,38.65762962499866,A,2525
24,24,8544,10.038561820983888,148.70002536051524,12.194261985069668,9.448477380188852,-0.9220321587684293,1.4173176831461605,1.0202289590088185,0.4507378330017673,40.12871975000599,A,2525
25,25,8900,8.920570373535156,116.43345117584362,10.790433317334555,8.349683209469443,-0.50496838836309,1.2541531392545668,1.0910767080058577,0.4231272920005722,41.64303925000422,A,2525
26,26,9256,8.40245532989502,126.06373610069028,11.227810832958056,8.463269384283768,-0.6294452825585166,1.3049887607839974,1.1349240830022609,0.4481824169924948,43.22632745900773,A,2525
27,27,9612,7.181987762451172,153.87341578259847,12.404572374032025,9.252787012802926,-0.9889011639148724,1.4417616907942372,1.029567333011073,0.3889580830000341,44.64521895900543,A,2525
28,28,9968,7.179767608642578,161.9036791645807,12.724137658976373,9.916497926480377,-1.0926968722621335,1.4789042033813715,1.046422415995039,0.401138750006794,46.092892166998354,A,2525
29,29,10324,5.983096599578857,147.87089037505982,12.160217529923544,9.576210237225055,-0.911315118861128,1.413360755834712,1.055021125008352,0.4315365419897716,47.579571791997296,A,2525
30,30,10680,5.928464889526367,129.1822445820202,11.36583673039606,8.670256529742407,-0.6697537732529621,1.3210312687611527,1.1574521659931634,0.3853829580039019,49.12254112500523,A,2525
31,31,11036,5.597309589385986,134.06483712236718,11.578637101246724,8.687960286854732,-0.7328640508602291,1.3457646826369565,1.0845121669990476,0.3966289169911761,50.60378033400048,A,2525
32,32,11392,5.136090755462647,129.97307528972095,11.400573463195654,8.672141948692229,-0.6799757086471043,1.325068658290086,1.0254809580073925,0.4518069999903673,52.08116050000535,A,2525
33,33,11748,4.822941303253174,108.97431523231386,10.439076359157156,7.843236044833534,-0.4085548260564855,1.213315536246612,1.024086499994155,0.4398627920018043,53.545217999999295,A,2525
34,34,12104,4.415230751037598,94.4122245669097,9.71659531764649,7.213713620838366,-0.2203315457312065,1.1293428319431729,1.1254876669991063,0.4046297499880893,55.075475042001926,A,2525
35,35,12460,4.266774654388428,86.51529086945561,9.301359624778284,6.808907056144375,-0.1182591991706045,1.081080715638297,1.107690332995844,0.4203802499978337,56.60398966699722,A,2525
36,36,12816,3.9067540168762207,78.32526617378728,8.850156279625082,6.318242560514071,-0.0123984852398719,1.0286381421915958,0.9625719160103472,0.4645519590121694,58.05028133399901,A,2525
37,37,13172,3.905874252319336,75.02317215938716,8.661591779770458,6.128453190268775,0.0302829525848116,1.0067216210946413,0.994231958000455,0.4050419160048477,59.4611338340037,A,2525
38,38,13528,3.4824328422546387,77.08080098497874,8.77956724360482,6.295923084382586,0.0036869330884626,1.0204337023402743,1.1117022079997696,0.4264975420082919,60.99938879199908,A,2525
39,39,13884,3.2723896503448486,74.38174558733361,8.62448523607836,6.156954931947384,0.0385737547954136,1.002408792602057,1.056137416002457,0.4074770839943085,62.479372292000335,A,2525
40,40,14240,3.194727659225464,71.03109987858664,8.427995009406843,5.804168346198464,0.0818827508042411,0.9795710781780176,1.050506833998952,0.3893526250030845,63.9343925419962,A,2525
41,41,14596,2.94948410987854,70.41977474474656,8.391649107579902,5.788670812541174,0.0897844748547608,0.9753466577553396,1.1170956659916556,0.3793879580043722,65.44674416699854,A,2525
42,42,14952,2.8661792278289795,71.13610948425054,8.434222518065939,5.923262583099396,0.0805254420978287,0.9802948905871072,1.1678252080018865,0.4432265420036856,67.05826920899563,A,2525
43,43,15308,2.7054147720336914,69.5859840432062,8.34182138643631,5.962352728071483,0.1005616925328165,0.9695552691190976,1.0529137499979695,0.5186956249963259,68.67288912499498,A,2525
44,44,15664,2.5388431549072266,66.81739228313005,8.17419061945157,5.713632749159809,0.1363473111597561,0.9500718390781718,1.178490124992095,0.3913024159992346,70.2572821250069,A,2525
45,45,16020,2.4919376373291016,66.79388030039475,8.172752308763233,5.6215353137568425,0.1366512168707609,0.9499046667495032,1.0966040000057546,0.4028908329928526,71.77100704199984,A,2525
46,46,16376,2.2428481578826904,67.07268542226747,8.189791537167931,5.66566073797975,0.1330475025541732,0.9518851063820708,1.1002013749966864,0.7679197499965085,73.63924308400601,A,2525
47,47,16732,2.3372890949249268,64.97894854269857,8.060952086614742,5.507794172657646,0.1601102391258335,0.9369103230143324,2.019976666997536,0.4682534169987775,76.14242870900489,A,2525
48,48,17088,2.051112174987793,64.96421904330897,8.060038402098899,5.538925323409107,0.1603006262588604,0.9368041270655568,1.136671500004013,0.6394570830016164,77.94531691700104,A,2525
49,49,17444,2.0477640628814697,66.90658271207835,8.179644412324924,5.697978108518036,0.1351944742837878,0.950705723858496,3.232452583004488,0.6367287499888334,81.81456729200727,A,2525
50,50,17800,1.9803507328033447,66.91973826748733,8.180448537060014,5.618363578551211,0.1350244312693285,0.9507991858661102,1.6157415409979876,0.4523240830021677,83.88282995899499,A,2525
51,51,18156,1.8150721788406368,66.83212279340428,8.175091607646014,5.555380561573785,0.1361569109604721,0.950176559355779,1.294206666003447,0.5012080419983249,85.67851820899523,A,2525
52,52,18512,1.8044474124908447,66.26621556694614,8.14040635146343,5.590384221752646,0.1434715828006076,0.9461451528637568,1.5764534580084728,0.5293777920014691,87.78445412500878,A,2525
53,53,18868,1.6391816139221191,66.33110364117923,8.14439093125933,5.693818054701152,0.1426328676417222,0.9466082735849248,1.4546700419887202,0.5583387090009637,89.79755175000173,A,2525
54,54,19224,1.63866126537323,66.45006296975951,8.151690804352157,5.644165530861148,0.1410952508554274,0.9474567250313388,1.5052658329950646,0.5113805840082932,91.8143469170027,A,2525
55,55,19580,1.5292145013809204,66.79992437983368,8.173122070533003,5.616654446250514,0.1365730937162853,0.9499476435114826,1.5569304999953602,0.5716143330064369,93.94299745900209,A,2525
56,56,19936,1.4303045272827148,66.61465985028192,8.161780433844195,5.594726740107363,0.1389677428282427,0.9486294249711112,1.6097076250007376,0.5160068750119535,96.0688178749988,A,2525
57,57,20292,1.4248100519180298,66.46180836603763,8.152411199518681,5.585223876030339,0.1409434349474656,0.9475404552980512,1.2858005419984693,0.5427508330030832,97.89754925000308,A,2525
58,58,20648,1.2886347770690918,66.41880572865801,8.149773354434958,5.606203637142413,0.1414992684233178,0.9472338631904564,1.198197333011194,0.5105732920055743,99.60646095899574,A,2525
59,59,21004,1.255683183670044,66.90254769320391,8.179397758588582,5.661242166994072,0.1352466291910861,0.9506770557273242,1.2392937499971597,0.5070130420062924,101.35289395900328,A,2525
60,60,21360,1.1958707571029663,67.3533770820872,8.20691032496927,5.63898116905197,0.1294194036647235,0.953874793063772,1.3637171250011306,0.4782195419975323,103.19494654200388,A,2525
61,61,21716,1.1105294227600098,66.78034394600016,8.171924127523466,5.582019241232621,0.1368261819280689,0.9498084086965428,1.3188518339884467,0.4454448750038864,104.95953816700784,A,2525
62,62,22072,1.090928077697754,66.41786106758838,8.14971539795031,5.631351542858942,0.141511478703381,0.9472271270098952,1.262668332987232,0.4940196670067962,106.71640991700406,A,2525
63,63,22428,1.018423080444336,65.97329623406057,8.122394735178817,5.602102796075798,0.1472577312990098,0.9440516942933668,1.1883857080101734,0.4978805419959826,108.40277899999636,A,2525
64,64,22784,0.9798166751861572,66.178893891584,8.135041111855797,5.577606354647802,0.1446002649766645,0.9455215604741948,1.1817035830026723,0.4696865410078317,110.05427849999978,A,2525
65,65,23140,0.9225876927375792,66.53360240981242,8.156813250884957,5.605156749366266,0.1400154562157295,0.948052098007645,1.3369790420110803,0.462219166001887,111.8535770419985,A,2525
66,66,23496,0.8938608169555664,66.18451292302298,8.13538646426972,5.602737298378577,0.1445276358086419,0.9455617001795552,1.2056403330061585,0.4561152919923188,113.51563829199586,A,2525
67,67,23852,0.8254270553588867,65.91034345737084,8.118518550657555,5.607435291595305,0.1480714316395985,0.9436011721648568,1.1522850830078823,0.48721266699431,115.15522045899706,A,2525
68,68,24208,0.8045011758804321,66.68033100062225,8.165802532551362,5.662541042937924,0.1381189059665717,0.9490969064495316,1.001919665999594,0.4214702500030398,116.57879254200088,A,2525
69,69,24564,0.7857033014297485,66.42620255019257,8.150227147153174,5.606642010240902,0.1414036603100874,0.9472866067221928,1.0951499579969095,0.4053359999961685,118.07941558399762,A,2525
70,70,24920,0.750330924987793,66.49955028836456,8.154725641513917,5.614528883323978,0.1404555991971338,0.9478094588318836,1.0747558340081014,0.4901057909883093,119.6444066670083,A,2525
71,71,25276,0.7177435159683228,66.00335247288623,8.124244732458903,5.595082393059363,0.1468692373666483,0.9442667162325418,1.0869268749956973,0.4199992080102674,121.1514374170074,A,2525
72,72,25632,0.7102768421173096,66.18686376122054,8.135530945256157,5.623154632958324,0.1444972498917276,0.9455784929512052,1.0686303330003284,0.421629042000859,122.64179812499788,A,2525
73,73,25988,0.7445592880249023,66.06919563716228,8.128295986070038,5.597480798539845,0.1460181771273051,0.944737586334316,1.0379151249944698,0.4355232499947306,124.11534641700564,A,2525
74,74,26344,0.9544627666473388,68.00105595750898,8.246275277815371,5.647123074724607,0.1210477868872714,0.9584501124913276,1.0360533329949249,0.4377273749996675,125.58926541700204,A,2525
75,75,26700,1.337315559387207,66.8881990295604,8.178520589297333,5.623233048056784,0.1354320938061144,0.9505751038790596,1.198227750006481,0.4378454160032561,127.2257992090017,A,2525
76,76,27056,2.052241563796997,69.03548342427436,8.308759439547782,5.734131554360332,0.1076772252332559,0.9657125370192196,1.057471166990581,0.4326987079984974,128.7161924999964,A,2525
77,77,27412,2.242799997329712,67.58083661167322,8.220756450088594,5.655645256100396,0.1264793602476311,0.9554841039018284,0.9990240000042832,0.5179887919948669,130.2333014169999,A,2525
78,78,27768,1.507948637008667,67.15743406393703,8.194963945249365,5.465733373213394,0.1319520782978158,0.952486286301548,1.151585375002469,0.4540474590030499,131.8390384999948,A,2525
79,79,28124,0.9374233484268188,68.64312145416764,8.285114450275726,5.616442952561475,0.1127487262138001,0.9629643213868084,1.2798996250057826,0.4735916670033475,133.59266983400448,A,2525
80,80,28480,1.2925095558166504,67.61178060259856,8.2226382993902,5.66159338314041,0.1260793916159178,0.9557028279455996,1.1727670000109356,0.4892328749992884,135.2548176249984,A,2525
81,81,28836,1.1659454107284546,65.46019328888569,8.090747387533842,5.4362758296704,0.1538898778571154,0.9403733785825172,1.1236877079936676,0.4505709170043701,136.8291799590079,A,2525
82,82,29192,0.8843715786933899,68.20552808699574,8.25866381971053,5.580224600398106,0.118404868653111,0.9598900109876782,1.2043784580018837,0.4347965000051772,138.46850116700807,A,2525
83,83,29548,0.8946807384490967,68.18070652082856,8.257160923757546,5.630189065991143,0.1187257014726658,0.959715332026975,1.2170123339892598,0.461295582994353,140.14689229200303,A,2525
84,84,29904,0.8943791389465332,66.07037135704864,8.128368308402901,5.428857613189018,0.146002980280998,0.9447459922322192,1.1624020410090452,0.4977825420064619,141.80716933400254,A,2525
85,85,30260,0.7423950433731079,66.23523267132742,8.138503097703374,5.459080644947314,0.1438720542975464,0.9459239410173208,1.106398916002945,0.4813273330073571,143.39497599999595,A,2525
86,86,30616,0.6489555835723877,67.11759354566765,8.19253279185794,5.6275902542508085,0.1324670395908628,0.952203717606835,1.2417679159989348,0.4564847500005271,145.09330133399635,A,2525
87,87,30972,0.8157902359962463,65.20595696475601,8.07502055506709,5.412341939775567,0.157176026529381,0.9385454764280204,1.2198839589982526,0.4614152499998454,146.77501841699996,A,2525
88,88,31328,0.6398571133613586,64.89495200656083,8.05574031399727,5.414698611386874,0.1611959419916568,0.9363045678238724,1.153509750001831,0.4813990419934271,148.42938766699808,A,2525
89,89,31684,0.5184917449951172,66.18984373928103,8.135714089081612,5.596674480901556,0.1444587319852859,0.945599779436824,1.112949208007194,0.4773453749949112,150.01978404200054,A,2525
90,90,32040,0.6454269886016846,65.43067999351551,8.088923290124312,5.471868690691497,0.1542713539373994,0.9401613669398712,1.290690750000067,0.4867401250085095,151.79741916700732,A,2525
91,91,32396,0.4433901906013489,65.84942871029475,8.1147660909169,5.438403237686466,0.1488587892916211,0.9431650303505972,1.2212327080051182,0.4887875419954071,153.5076976249984,A,2525
92,92,32752,0.5725188255310059,65.81588833202592,8.112699201377179,5.542315433865134,0.1492923177022158,0.9429247994044896,1.0279953330027638,0.407602166000288,154.9433994590072,A,2525
93,93,33108,0.5033717751502991,65.16112598711783,8.072244172912377,5.507724816982563,0.1577554923399661,0.9382227823996436,0.9769720420008524,0.4080897500098217,156.32855454200762,A,2525
94,94,33464,0.3965722620487213,65.09340488902286,8.068048394067977,5.418510924466708,0.1586308259389354,0.9377351143834882,1.0897720000066329,0.3860789589962223,157.80449679199955,A,2525
95,95,33820,0.5632932782173157,65.63920280079887,8.101802441481702,5.5764653494483545,0.1515760783954916,0.9416582881135426,1.0576097080047475,0.4318997920054244,159.29411095900286,A,2525
96,96,34176,0.4647197127342224,65.1569500796175,8.071985510369645,5.506661325331159,0.1578094683126553,0.9381927185059672,1.0909502080030506,0.4312778750027064,160.8164513340016,A,2525
97,97,34532,0.3584671318531036,64.85867956923342,8.053488658291723,5.405749281408333,0.1616647838149932,0.9360428618303704,1.057186833000742,0.3842586249957094,162.27269941700797,A,2525
98,98,34888,0.4854301810264587,65.80386562663593,8.111958186938338,5.515436964479052,0.1494477179877162,0.94283867259592,1.0209137919882778,0.4192258330003824,163.71295170900703,A,2525
99,99,35244,0.3747537434101105,66.01262977808068,8.124815676560342,5.513734693469306,0.1467493229356508,0.9443330760640796,1.049940749988309,0.4462377499876311,165.20922904199688,A,2525
100,100,35600,0.3529694974422455,65.10116357689193,8.068529207785762,5.42783095141654,0.158530540498109,0.9377909985186124,1.2111889999941925,0.429484958993271,166.85002283399808,A,2525
101,101,35956,0.4031812846660614,65.37330023842408,8.08537570174844,5.4933238618287,0.15501301981325,0.9397490369650188,1.0760582920047457,0.3824449160019867,168.30868554199697,A,2525
102,102,36312,0.2784700393676758,65.6046417557767,8.09966923743042,5.502909473562047,0.1520227995027155,0.9414103495480648,1.0094092909857864,0.4385926249960903,169.75679112500802,A,2525
103,103,36668,0.3091917932033539,64.7583300555043,8.04725605753317,5.4113768454988,0.1629618581903105,0.935318457575492,0.9965993329969932,0.3893910839979071,171.15773979200458,A,2525
104,104,37024,0.3407647013664245,64.52996337644426,8.033054423844286,5.438344932760787,0.1659136270288187,0.933667826599918,1.209222375007812,0.4487842499947874,172.83163629200135,A,2525
105,105,37380,0.256517231464386,64.90722607516024,8.056502099246313,5.496601499526607,0.1610372926941208,0.9363931087872824,1.1678835829952732,0.4865963750053197,174.48625533400627,A,2525
106,106,37736,0.2956042289733886,64.97455795007684,8.060679744914621,5.42217801070889,0.160166990025469,0.9368786692161842,1.0287812080059666,0.4751312079897616,175.99028924999584,A,2525
107,107,38092,0.2826601564884186,64.3493215284849,8.021802885167704,5.406866853536382,0.1682485253595719,0.9323600799934856,1.2801703340082895,0.5090582500124583,177.797224791997,A,2525
108,108,38448,0.2276443988084793,64.46885341963873,8.029249866559063,5.444493042795282,0.1667035078773016,0.9332256295794268,1.2965597079892175,0.4698681669979123,179.5637159589969,A,2525
109,109,38804,0.243489384651184,64.37369255914658,8.023321790826202,5.408456165780906,0.167933515966934,0.9325366197341812,1.2007309579930734,0.4599872499966295,181.2246168749989,A,2525
110,110,39160,0.2091056853532791,64.61651265521877,8.038439690339088,5.403911465575338,0.1647949285166998,0.9342937466794506,1.0362606660055462,0.4824587920011254,182.74341312500476,A,2525
111,111,39516,0.1979613006114959,64.78218901649895,8.048738349362523,5.445949140347932,0.1626534675885242,0.9354907417550428,1.1053207500081044,0.4179722919943742,184.26679591700668,A,2525
112,112,39872,0.2467135041952133,64.4827092487235,8.030112654796538,5.418846337901436,0.166524413428442,0.9333259099430338,1.2937384590040892,0.5166931249987101,186.0772869170032,A,2525
113,113,40228,0.2566703855991363,65.5247529634429,8.09473612685694,5.44258020281309,0.1530554074502829,0.940836982758236,1.168657832997269,0.4416224579908885,187.68794666700705,A,2525
114,114,40584,0.2694745361804962,65.4039027425625,8.087267940569454,5.465836491661999,0.1546174650919223,0.9399689685644091,1.0292470839922316,0.4788970420049736,189.19620920899612,A,2525
115,115,40940,0.3325870335102081,65.08293973362714,8.067399812431955,5.415539778678523,0.1587660940074402,0.9376597308774732,1.1294704169995384,0.5353998339996906,190.86122879199684,A,2525
116,116,41296,0.3274468779563904,64.79044181285951,8.049251009433084,5.419642423811229,0.1625467955152257,0.9355503273358952,1.3386787500057835,0.4408589160011615,192.640853667006,A,2525
117,117,41652,0.2469040900468826,65.47824464393165,8.091862866110105,5.457458606615723,0.1536565538558342,0.940503028701011,1.2031019999994896,0.4592357910005376,194.3040655420045,A,2525
118,118,42008,0.2191451787948608,65.10288746180744,8.06863603478354,5.405383191610637,0.1585082583079239,0.9378034148332016,1.0215667089942144,0.4839307499933056,195.8096723750059,A,2525
119,119,42364,0.1971420347690582,64.62429909489748,8.038924001064911,5.393989368971543,0.1646942843679949,0.934350037265686,1.1854693339992082,0.4420755829924019,197.43733699999572,A,2525
120,120,42720,0.216517373919487,65.65668107461056,8.102881035447242,5.451077659603072,0.1513501617941705,0.9417836511984234,1.2077640839997912,0.4510240829986287,199.0962628749985,A,2525
121,121,43076,0.2754074335098266,65.46809142550893,8.091235469661536,5.417878000842415,0.1537877899620566,0.9404301075121771,1.148888291005278,0.4826843750051921,200.72799895900243,A,2525
122,122,43432,0.3232064843177795,65.53367401980672,8.095287148693783,5.455621004104614,0.1529400977374572,0.9409010270599012,1.0536668749991804,0.4567669590032892,202.2385227920022,A,2525
123,123,43788,0.2964883744716644,65.31632537349516,8.081851605510655,5.4336814542531,0.1557494522541282,0.939339437440174,1.1807505409960868,0.4182972090056864,203.83769983399543,A,2525
124,124,44144,0.2296175509691238,65.71706622732835,8.106606332327255,5.410767247319704,0.1505696494495736,0.9422166359210312,1.1929952920036158,0.4437502920045517,205.47528562499792,A,2525
125,125,44500,0.1883166581392288,65.50044841824504,8.093234731443605,5.425511779090171,0.1533695574805957,0.9406624782026244,1.1295447909942595,0.4700077080051414,207.0749475000048,A,2525
126,126,44856,0.2045025527477264,65.5049692190653,8.093514021675956,5.43740620979896,0.1533111235661503,0.9406949396164866,1.0706103340053232,0.4263487080024788,208.57205791700108,A,2525
127,127,45212,0.283419132232666,65.8909429598413,8.117323632814038,5.466023463951914,0.1483221940726075,0.9434622889596576,1.22151699999813,0.4282750840066001,210.2219255000091,A,2525
128,128,45568,0.4656858146190643,65.32487119152421,8.08238029243392,5.471196460337774,0.1556389927095854,0.9394008857940068,1.2019872499949995,0.474003208000795,211.89802708399657,A,2525
129,129,45924,0.655502200126648,66.41710225094037,8.149668843023033,5.498035721933311,0.1415212868388974,0.94722171601235,1.1530083329998888,0.4787762499909149,213.52991929200653,A,2525
130,130,46280,0.6158477663993835,65.56864982449932,8.09744711773404,5.41994031189907,0.1524880156262744,0.941152076473105,1.075302459008526,0.4052837499912129,215.01065104200097,A,2525
131,131,46636,0.2590699791908264,65.4138949306774,8.087885689763265,5.442035324177762,0.1544883103937524,0.9400407684697424,1.1497536249953555,0.4122833750006975,216.5727946249972,A,2525
132,132,46992,0.417529433965683,65.68962009557791,8.104913330540796,5.469785506426081,0.1509244062677401,0.942019861292728,1.216574457997922,0.4645869170053629,218.2543358749972,A,2525
133,133,47348,0.5081067681312561,65.74212749393234,8.108151916061535,5.427522667506445,0.1502457183659333,0.9423962764076848,1.152542416995857,0.4574030000076163,219.86438500000804,A,2525
134,134,47704,0.2149831056594848,65.91804919001378,8.11899311429772,5.458606472864807,0.1479718306751021,0.9436563298644212,1.2269076670054346,0.4242737500026123,221.51568054199743,A,2525
135,135,48060,0.4040198028087616,65.6940172791538,8.10518459254037,5.458803447634585,0.1508675701762841,0.942051389599175,1.1543214590055868,0.4187337079929421,223.088841417004,A,2525
136,136,48416,0.5314153432846069,65.15403118606413,8.071804704405585,5.412162614254816,0.1578471966671998,0.938171703745878,1.1603779580036644,0.5375110410095658,224.78695391700603,A,2525
137,137,48772,0.362341970205307,65.92909153504048,8.11967311749928,5.443519050293123,0.1478291021032804,0.9437353654438888,1.296418666999671,0.4755753329955041,226.55906116700496,A,2525
138,138,49128,0.2943247556686401,66.40068579126893,8.148661595088418,5.452484142925092,0.1417334788902784,0.9471046453515104,1.2030113749933662,0.4409263749985257,228.20308987500903,A,2525
139,139,49484,0.3315253853797912,65.14790170456547,8.071425010775078,5.401012676930138,0.1579264236917307,0.9381275726211444,1.2022080840106355,0.4477902500075288,229.8539725840092,A,2525
140,140,49840,0.2636970579624176,65.59534356357595,8.099095231170946,5.446051852905798,0.1521429839101149,0.9413436338072688,1.1970774579967838,0.5111427500087302,231.56236045900727,A,2525
141,141,50196,0.2844390869140625,66.52862711474968,8.156508267313267,5.4575462027599935,0.1400797647260123,0.9480166503020148,1.1066290000017034,0.4707316669955617,233.1398846670054,A,2525
142,142,50552,0.2955841720104217,65.23978086759612,8.077114637517294,5.416087416984774,0.1567388334029091,0.9387888679584202,1.2193684999947436,0.4225545000081183,234.78192779200617,A,2525
143,143,50908,0.2187368422746658,64.88874965518413,8.055355340094199,5.45265554947409,0.1612761109006878,0.93625982298232,1.160355250001885,0.4284833750134567,236.371580084,A,2525
144,144,51264,0.3338078558444977,66.35495488241503,8.145855073742414,5.468241415043109,0.1423245768221975,0.9467784482977905,1.160913083003834,0.4992994589993031,238.03189154200663,A,2525
145,145,51620,0.480578064918518,65.61058861936351,8.100036334447118,5.480056817714985,0.1519459329182617,0.941453016590468,1.1702221670129802,0.4376575839996803,239.6398955420009,A,2525
146,146,51976,0.4291906356811523,65.10664132375373,8.06886865203256,5.431552055876264,0.1584597375133719,0.9378304515280704,1.1690932079945924,0.4323821250000037,241.24151612499557,A,2525
147,147,52332,0.3158501982688904,65.45474641389676,8.090410769169681,5.446388891351368,0.1539602818053874,0.940334254020442,1.1874574160028717,0.4852488330070628,242.91428554200684,A,2525
148,148,52688,0.2988253831863403,65.39634973382383,8.086800957969958,5.448658654564305,0.1547150920133434,0.9399146919959052,1.323436374994344,0.512620749999769,244.7504941250081,A,2525
149,149,53044,0.2716819047927856,65.39836562333845,8.08692559773728,5.461852779272597,0.1546890354981124,0.9399291786574566,1.6398301250010263,0.5042279999906896,246.8946420840075,A,2525
150,150,53400,0.3184492588043213,65.19313907008198,8.074226840390477,5.441753080016689,0.1573417050873465,0.938453224363245,1.3714177920046495,0.4919829170103185,248.7581940000091,A,2525
151,151,53756,0.2746472358703613,65.37644398149698,8.085570108625426,5.423375690031631,0.1549723851511483,0.939771632535363,1.3521687500033297,0.6011700829985784,250.71172216700504,A,2525
152,152,54112,0.240543246269226,65.16415479326734,8.072431776934838,5.452492650221234,0.1577163433027824,0.9382445872861376,1.454954415996326,0.5219024999969406,252.68877516700013,A,2525
153,153,54468,0.2632101774215698,64.55666288105162,8.03471610457094,5.416723578082405,0.1655685207899051,0.933860960836374,1.378914540997357,0.4779508750070818,254.5457420000021,A,2525
154,154,54824,0.2061714082956314,65.10698852338221,8.068890166769046,5.439970841774573,0.1584552497612696,0.9378329521481578,1.3519079999969108,0.5385420840029838,256.43651554200915,A,2525
155,155,55180,0.2391922026872635,65.16796039533251,8.072667489456785,5.413002702388686,0.1576671537378512,0.93827198373915,1.5115156660031062,0.582668458999251,258.5311763750069,A,2525
156,156,55536,0.3156561553478241,64.74598238843379,8.046488823607088,5.428508080451595,0.1631214587898244,0.9352292833219064,1.3600208749994636,0.5239671250019455,260.4152765839972,A,2525
157,157,55892,0.2173504382371902,64.80199878425749,8.049968868527225,5.424532942926353,0.1623974151056998,0.9356337628393624,1.4432602079905337,0.4803305420064134,262.3389911670092,A,2525
158,158,56248,0.2134543359279632,65.12529272636213,8.070024332451677,5.449313766077945,0.1582186575570469,0.9379647742362496,1.438993208008469,0.5179556670045713,264.2960750420025,A,2525
159,159,56604,0.2251280844211578,64.922695860455,8.0574621228061,5.4191797503575625,0.1608373369459382,0.936504690641862,1.297516499995254,0.6186946660018293,266.21257954199973,A,2525
160,160,56960,0.2733137309551239,64.34488636605803,8.02152643616276,5.442678306749476,0.1683058523492152,0.9323279488105018,1.2264191660069628,0.5044173750065966,267.9679888749961,A,2525
161,161,57316,0.3782639503479004,65.7131949613088,8.106367556514373,5.479244618280696,0.1506196877583544,0.9421888834270862,1.319192416005535,0.4998186669981805,269.7870690840064,A,2525
162,162,57672,0.523788332939148,65.14677831037595,8.071355419653873,5.445116501105459,0.1579409441987314,0.938119484167182,1.3645600840100087,0.516226708990871,271.66795904199535,A,2525
163,163,58028,0.5024625658988953,65.05384338541045,8.06559628207428,5.396671459259775,0.1591421808093059,0.9374501097071922,1.2854657909920206,0.5229657080053585,273.4764876249974,A,2525
164,164,58384,0.4039850533008575,65.61761059892173,8.100469776434064,5.43421722954584,0.1518551698501556,0.9415033947924016,1.3080996250064345,0.5242192919977242,275.3089039589977,A,2525
165,165,58740,0.250510960817337,65.83042577542714,8.113595120255086,5.436961530673842,0.149104413001758,0.9430289304843268,1.3149285420076922,0.4695586249872576,277.0942504170089,A,2525
166,166,59096,0.3116747140884399,65.41981652531746,8.088251759516234,5.42510074932083,0.1544117704247658,0.9400833161150844,1.2122643330076244,0.4626156670128694,278.76925412499986,A,2525
167,167,59452,0.3322396278381347,64.79809675194291,8.049726501685813,5.439213919736114,0.1624478510862922,0.9356055929664696,1.180660790996626,0.4528987500088988,280.4029330839985,A,2525
168,168,59808,0.3041725754737854,64.50630966630642,8.031582015164037,5.395663985356628,0.1662193646468783,0.9334966911214536,1.2084322089940542,0.4641127920040162,282.0755845840031,A,2525
169,169,60164,0.294528990983963,64.98587920848448,8.061381966417699,5.445458764489363,0.1600206563400208,0.9369602871898686,1.181852291992982,0.4895953749946784,283.747156042009,A,2525
170,170,60520,0.2871569097042084,64.55654290945586,8.034708638740788,5.424030713706847,0.1655700714908188,0.9338600930960296,1.1639989579998655,0.4657440419978229,285.3770178749983,A,2525
171,171,60876,0.2330482453107834,64.28191427275276,8.017600281427901,5.3841845776870665,0.1691198023680148,0.9318716187317077,1.2080659170023864,0.4575390419922769,287.05999904200144,A,2525
172,172,61232,0.1972849071025848,64.29265460652177,8.018270050735493,5.414505206621611,0.1689809774629761,0.9319494648436282,1.2196990829979768,0.448763708001934,288.728545667007,A,2525
173,173,61588,0.2367269396781921,64.133379435842,8.008331875980291,5.446641532998336,0.1710396993723881,0.9307943682222836,1.262577625006088,0.5218397920107236,290.53055325000605,A,2525
174,174,61944,0.2275094240903854,64.30638343265842,8.019126101556106,5.436844703156939,0.168803524599247,0.9320489621290902,1.2420022080041235,0.5290641250030603,292.30172691700864,A,2525
175,175,62300,0.3276453018188476,63.88568367747661,7.992852036505906,5.385480043859134,0.1742413075228549,0.9289951736300917,1.2223300420009764,0.4685851670074044,294.0093214590015,A,2525
176,176,62656,0.3942110538482666,64.63516495054841,8.039599800397307,5.448316915797801,0.1645538370214462,0.9344285842368136,1.2297366250131745,0.4412672500038752,295.6813023750001,A,2525
177,177,63012,0.4094108045101166,64.9747590800217,8.060692220896522,5.393257494397491,0.1601643903068667,0.936880119277679,1.2834607920085546,0.5454422079928918,297.5103200839949,A,2525
178,178,63368,0.3891618549823761,64.34741985717025,8.021684352875663,5.424936131427162,0.1682731055397925,0.9323463031930742,1.3037296249967767,0.5056262919970322,299.3197763750068,A,2525
179,179,63724,0.2328650951385498,64.56184301792688,8.035038457775226,5.477905652301032,0.1655015645830251,0.9338984273839364,1.2768961249967106,0.4939937500021187,301.09076779200404,A,2525
180,180,64080,0.3524916470050812,64.18308087063284,8.011434382845112,5.404282696333974,0.1703972801409639,0.93115496715373,1.3232504170009634,0.4966764580021845,302.9108079169964,A,2525
181,181,64436,0.3033809661865234,64.4422731603607,8.02759448155926,5.416769565358336,0.167047072802707,0.9330332270842608,1.2995696250000035,0.4953702500060899,304.7059781669959,A,2525
182,182,64792,0.2221317291259765,65.24434405280628,8.077397108772496,5.461902144949446,0.1566798516461875,0.9388216990969892,1.3019688749918714,0.4522330409963615,306.4603172089992,A,2525
183,183,65148,0.2948837876319885,64.32863393584849,8.020513321218816,5.374684139784531,0.1685159242267766,0.932210196237458,1.3125244580005528,0.4475788749987259,308.22073650000675,A,2525
184,184,65504,0.3210004270076751,64.05773614255213,8.003607695442858,5.444216733036736,0.1720174318370988,0.9302452850041046,1.261608958011493,0.5906374590122141,310.0731028750015,A,2525
185,185,65860,0.2715462446212768,64.4514387939888,8.028165344210892,5.398326762774695,0.1669286017900357,0.9330995774490304,1.342793999996502,0.5399204160057707,311.95590116700623,A,2525
186,186,66216,0.1953285783529281,64.17921002036525,8.011192796354688,5.372732048575212,0.1704473130759146,0.9311268879796638,1.2770412919926457,0.5052861669973936,313.7383126250061,A,2525
187,187,66572,0.1964248865842819,63.876311086134095,7.992265704175137,5.418840168941359,0.1743624535813551,0.928927025251648,1.3399900840013288,0.5404772089968901,315.6362749999971,A,2525
188,188,66928,0.2063610851764679,64.57072152425685,8.0355909256418,5.400594110430976,0.1653868048535183,0.9339626397551012,1.4177756249991944,0.540901375003159,317.5950357090041,A,2525
189,189,67284,0.2123885005712509,64.23506616197376,8.014678169581968,5.364923562115504,0.1697253407684049,0.9315319867969136,1.4450386660028016,0.4956438329973025,319.5359250839974,A,2525
190,190,67640,0.2075900882482528,64.14926433567919,8.009323587899242,5.412946646030132,0.170834378033324,0.930909633159271,1.3978962499968477,0.4851761669997358,321.4191110840038,A,2525
191,191,67996,0.2580980360507965,64.37411311031568,8.023347998829147,5.388694178237606,0.1679280801045699,0.9325396658443976,1.4730471249931725,0.6670227499998873,323.55943020900304,A,2525
192,192,68352,0.2418237924575805,64.74060672665645,8.046154778939842,5.392517040615623,0.1631909422669499,0.9351904578961096,1.4175910000049043,0.5486081660055788,325.52579712499573,A,2525
193,193,68708,0.1808680444955825,64.47097626914129,8.02938206022987,5.403848616217795,0.1666760688435672,0.9332409942179316,1.289990749995923,0.6251722919987515,327.4411189590028,A,2525
194,194,69064,0.1736274808645248,64.02595054656116,8.001621744781565,5.384661040325397,0.1724282786915776,0.930014461441879,1.5134426250006072,0.5655092079978203,329.52018029200553,A,2525
195,195,69420,0.2762202024459839,64.77244825962532,8.048133215822494,5.424582155127275,0.1627793723953091,0.935420408145022,1.4305809590005083,0.5060508329916047,331.45693516700703,A,2525
196,196,69776,0.4039275646209717,64.42594294471238,8.026577287032897,5.427542740999446,0.1672581501011781,0.9329150003485074,1.341087790991878,0.4719079579954268,333.27082691699616,A,2525
197,197,70132,0.4691784679889679,64.57777253035134,8.036029649668507,5.435531692466273,0.1652956666009698,0.9340136318792522,1.3270759170118254,0.4812645000056363,335.0792695840064,A,2525
198,198,70488,0.3364816308021545,64.289015670475,8.018043132240871,5.399688519929585,0.1690280127750995,0.931923090504988,1.315310457997839,0.5315994580014376,336.9262789170025,A,2525
199,199,70844,0.2652667462825775,64.56699872347309,8.03535927780912,5.44461925406205,0.1654349241649285,0.9339357157337932,1.2365462079906138,0.4815685000066878,338.6445004170091,A,2525
200,200,71200,0.3689193725585937,64.83499017189284,8.052017770217155,5.4064424433688885,0.161970982710387,0.9358719030892374,1.1729129169980297,0.4868823750002775,340.3044402920059,A,2525
201,201,71556,0.2409676015377044,64.7897350640809,8.049207107788996,5.451418780122209,0.1625559306440021,0.9355452247248016,1.1394321249972563,0.4704538329970091,341.9147717500018,A,2525
202,202,71912,0.2875401377677917,63.940238910529466,7.996264059579915,5.426337994544612,0.1735361501962002,0.9293917470876748,1.2693727080040844,0.4792598750063916,343.66353362500377,A,2525
203,203,72268,0.2491848617792129,64.19371426522267,8.012097993985263,5.404528322490121,0.1702598374854632,0.9312320975126496,1.204142165996018,0.469878374991822,345.3376954590058,A,2525
204,204,72624,0.166311427950859,64.35972203200804,8.022451123690816,5.416366137956318,0.1681140929531859,0.9324354236200888,1.122035832988331,0.4865175000013551,346.94640433399763,A,2525
205,205,72980,0.2571185231208801,64.05333812302378,8.003332938409084,5.438230622635197,0.1720742787337142,0.9302133504759624,1.1740603749931324,0.4908852499938803,348.6115537500009,A,2525
206,206,73336,0.449056476354599,65.33709202416365,8.083136274006746,5.471926383161351,0.1554810315170234,0.9394887522063088,1.3489317920029862,0.5066306249937043,350.4672546250076,A,2525
207,207,73692,0.5122724175453186,64.91426193533367,8.05693874466808,5.398064633612691,0.1609463502111918,0.9364438593188268,1.3051533329999074,0.496777916996507,352.26927525000065,A,2525
208,208,74048,0.3736367225646972,64.41032803144208,8.025604527475926,5.423395126937372,0.1674599817107502,0.9328019382113126,1.2884140829992248,0.4858145829930436,354.04366533400025,A,2525
209,209,74404,0.2628104090690613,64.73875486493971,8.046039700681305,5.433652729157977,0.1632148786298694,0.9351770825519544,1.33034349999798,0.5680695829942124,355.9422889999987,A,2525
210,210,74760,0.3214326202869415,64.92873899515897,8.057837116445018,5.398438070467127,0.1607592260026976,0.9365482754948162,1.3572338750091149,0.5193918329896405,357.81900775000395,A,2525
211,211,75116,0.3029945790767669,64.30387989154966,8.018970001911072,5.376559532605684,0.1688358842878899,0.9320308189411292,1.2358056249941,0.5053546660055872,359.5602757919987,A,2525
212,212,75472,0.2390321344137191,64.37241775897635,8.023242347017591,5.408380220776145,0.1679499934821009,0.932527386119642,1.3035536669922294,0.5918221249885391,361.455825291996,A,2525
213,213,75828,0.2754365801811218,64.76660907259293,8.047770441096896,5.41753804442371,0.1628548471992315,0.9353782434749324,1.3847984169988194,0.5190737079974497,363.3597992499999,A,2525
214,214,76184,0.2015837877988815,64.33590463618201,8.02096656495849,5.373543413061845,0.168421946301595,0.9322628759623812,1.354800417000661,0.6460051670001121,365.360920792009,A,2525
215,215,76540,0.2111444771289825,64.05259214946547,8.003286334342004,5.428000130634076,0.172083920865013,0.930207933766984,1.4866329159995075,0.4747687909984961,367.3225056250085,A,2525
216,216,76896,0.3341842889785766,63.445617688782114,7.96527574467966,5.349885785145315,0.1799294099976217,0.925790029596874,1.3411377079901283,0.5626237499964191,369.2439262920088,A,2525
217,217,77252,0.3472849130630493,63.776757308496656,7.986035143204458,5.398648243684035,0.1756492426164082,0.9282028580777366,1.4747324589989148,0.5925167499954114,371.3112340840016,A,2525
218,218,77608,0.2359857708215713,63.833283960603225,7.989573452982532,5.413135660804718,0.1749186035804502,0.9286141096174404,1.2681563750084024,0.529895084007876,373.109645125005,A,2525
219,219,77964,0.2328484803438186,64.10021520276004,8.00626100016481,5.37570600953662,0.1714683658931229,0.930553673958336,1.3384396250039572,0.5346955419954611,374.9828806669975,A,2525
220,220,78320,0.2781923115253448,64.14635729214031,8.0091421071261,5.399486630551728,0.1708719532197111,0.9308885399673058,1.3673687080008676,0.5355467909976142,376.8859479999956,A,2525
221,221,78676,0.2281222492456436,64.45988488023107,8.028691355397283,5.419701048237109,0.1668194313353971,0.9331607148066594,1.4526374169945484,0.475964915996883,378.8146760420059,A,2525
222,222,79032,0.2095514982938766,64.33807135527093,8.02110162978072,5.38317266553037,0.168393940228578,0.9322785743097805,1.3498670830012998,0.4778997499961406,380.6427150840027,A,2525
223,223,79388,0.2478324025869369,64.73908084496851,8.046059957828335,5.412107282321945,0.1632106651531267,0.9351794370046248,1.4172367499995744,0.5341396670119138,382.5941860419989,A,2525
224,224,79744,0.2671548724174499,64.55483974121059,8.034602649864558,5.376830147345539,0.1655920859062923,0.933847774194838,1.3625876250007425,0.5357592920045136,384.4926973749971,A,2525
225,225,80100,0.2171321660280227,64.26410062309517,8.016489295389546,5.3714704146752,0.1693500538923431,0.9317424907730154,1.3893613330001244,0.5270667919976404,386.40926562499953,A,2525
226,226,80456,0.2013402432203292,64.65638514352139,8.040919421528946,5.413992571927276,0.1642795539928425,0.9345819614864752,1.2537016249989392,0.5223530420043971,388.18655483399925,A,2525
227,227,80812,0.2351913601160049,64.77507993755934,8.048296710333146,5.381824716382663,0.1627453564655308,0.935439410825244,1.4281442079955011,0.5293996660038829,390.1442623339972,A,2525
228,228,81168,0.1838356107473373,64.36101653066764,8.022531803032484,5.38785544291199,0.1680973608238728,0.932444800838468,1.2985429580003256,0.4930381669983035,391.9359817920049,A,2525
229,229,81524,0.1837225407361984,64.97167600791323,8.060500977477345,5.429695578239225,0.1602042407623451,0.9368578913904876,1.3724653750105062,0.481144375007716,393.789725249997,A,2525
230,230,81880,0.2505078613758087,65.24539577382969,8.077462211228827,5.3987990834935,0.1566662575555063,0.938829265841306,1.496164874988608,0.4896365830063587,395.7764024170028,A,2525
231,231,82236,0.3646291196346283,65.3053210046294,8.08117076942626,5.465953484237918,0.1558916899625323,0.9392603050561952,1.3699040419887751,0.4870282920019235,397.63351500000863,A,2525
232,232,82592,0.2917497158050537,64.52030846050747,8.032453452122052,5.380420609524376,0.1660384222928121,0.9335979767106805,1.1811090419942047,0.4927032910054549,399.3074432919966,A,2525
233,233,82948,0.2040788829326629,64.9678285764365,8.060262314368963,5.371412118919465,0.1602539709961429,0.9368301519959892,1.2561479170108214,0.5357842080120463,401.099505709004,A,2525
234,234,83304,0.2138768434524536,65.42168367953059,8.088367182536324,5.429421532009295,0.154387636397658,0.9400967315302704,1.5560830409958726,0.5048875830107136,403.1609379169968,A,2525
235,235,83660,0.2233556658029556,64.97821898779237,8.060906834084635,5.431592409427349,0.1601196690367422,0.9369050633921258,1.228257875001873,0.4681202499923529,404.85752625000896,A,2525
236,236,84016,0.2046072036027908,64.15107646358136,8.009436713251523,5.3730775170963305,0.1708109552524921,0.9309227815205572,1.2833719170012046,0.532483000002685,406.6735258749977,A,2525
237,237,84372,0.2274546325206756,65.12849167023288,8.070222529164415,5.411408383836631,0.1581773093933275,0.937987810292556,1.249597250003717,0.5031107090035221,408.4263138749957,A,2525
238,238,84728,0.2404627650976181,64.86183304701215,8.053684439249663,5.39877254422377,0.161624023326298,0.9360656171077336,1.3531037089996971,0.4731400000018766,410.2526606250031,A,2525
239,239,85084,0.2334739863872528,64.38517943204783,8.024037601609793,5.371978321056134,0.1677850416202324,0.9326198171661056,1.2239322079985868,0.4753789999958826,411.9523359589948,A,2525
240,240,85440,0.2391269952058792,64.78582821375288,8.048964418715794,5.385504100969446,0.1626064289001503,0.935517017399473,1.2629744169971673,0.4947394580085529,413.7101754589967,A,2525
241,241,85796,0.1894115358591079,64.91191963495734,8.0567933841546,5.397002830196489,0.1609766257719249,0.9364269643212912,1.3031058749911608,0.4649424170056591,415.4783294170047,A,2525
242,242,86152,0.1859790235757827,64.2489779333119,8.01554601591881,5.3743140736089545,0.1695455232341944,0.931632855054539,1.2675882500043372,0.5328347500035306,417.2788707500004,A,2525
243,243,86508,0.1976266652345657,64.07382648090812,8.004612825172003,5.386905089081058,0.1718094550886709,0.9303621094696376,1.3011091250082245,0.5017092909984058,419.0817949170014,A,2525
244,244,86864,0.1785596311092376,64.45080807410709,8.02812606241999,5.349006711712733,0.1669367542022015,0.9330950117953696,1.2228912499995204,0.5000259590015048,420.8056323339988,A,2525
245,245,87220,0.1621643751859665,64.26683417483056,8.016659789141022,5.371747090266301,0.1693147211859073,0.9317623069627224,1.328857832995709,0.4860997920040972,422.6208089169959,A,2525
246,246,87576,0.1434624344110489,63.86492774708064,7.991553525259068,5.41257113194176,0.1745095896943574,0.9288442499453158,1.2658694580022711,0.4738460000080522,424.3606978750031,A,2525
247,247,87932,0.1399528384208679,64.26330760701626,8.016439833680302,5.363230424371325,0.1693603040748995,0.9317367419253004,1.2235089579917258,0.551980166012072,426.1363397090026,A,2525
248,248,88288,0.2505860030651092,64.10042353257612,8.006274010585456,5.427134829494152,0.1714656731121018,0.9305551861367088,1.2768524589919252,0.4935999580047792,427.9069835420087,A,2525
249,249,88644,0.3354646861553192,63.90618766484693,7.994134578855108,5.378834525583244,0.1739762818578411,0.9291442412779028,1.3101715419907125,0.4770643329975428,429.6943662090053,A,2525
250,250,89000,0.3174618780612945,64.23652352184045,8.014769087243902,5.422496217465112,0.1697065035656279,0.9315425539973008,1.414879917007056,0.4881715409865137,431.5975236250088,A,2525
251,251,89356,0.26150843501091,63.96224023530542,7.997639666508202,5.4037107320932245,0.1732517705960463,0.9295516314682882,1.2772728749987436,0.4498151669977233,433.32489166699816,A,2525
252,252,89712,0.2242039740085601,64.02560204465408,8.00159996779732,5.400058859273007,0.1724327832763698,0.9300119303411948,1.3438580840011127,0.5113615419977577,435.1802189169976,A,2525
253,253,90068,0.2597828507423401,64.53812071817354,8.03356214379235,5.397849159202113,0.1658081887607637,0.9337268379989972,1.279506874998333,0.5195855829952052,436.97939691699867,A,2525
254,254,90424,0.205903947353363,64.45048884048354,8.0281061801949,5.402423737020145,0.1669408804778299,0.9330927009192186,1.2003071670042118,0.5030229590047384,438.6828473750065,A,2525
255,255,90780,0.1830263435840606,63.84111382153905,7.990063442898251,5.3709156629045,0.174817398187372,0.9286710602859568,1.2830489170009969,0.5341473750013392,440.5010922090005,A,2525
256,256,91136,0.2352690994739532,64.05685645515359,8.003552739574694,5.3718232567976365,0.1720288022956146,0.9302388975799344,1.3129035839956489,0.4988729160104412,442.3129655000084,A,2525
257,257,91492,0.3520076870918274,64.98385943900715,8.061256691050543,5.471542958788544,0.1600467630059703,0.936945726653663,1.2876718750048894,0.469899167001131,444.0707636250008,A,2525
258,258,91848,0.5041937232017517,63.87201990026638,7.99199724100718,5.357494024130014,0.1744179195923191,0.9288958222484908,1.261260500003118,0.4667846250085858,445.79899333399953,A,2525
259,259,92204,0.4328398108482361,63.61849822366531,7.976120499570284,5.394634335629853,0.1776948310399855,0.927050496437318,1.2763311250018887,0.5008494170033373,447.5763421669981,A,2525
260,260,92560,0.2284769713878631,64.37838430093139,8.023614167003009,5.451831383261121,0.1678728725435775,0.9325706021044164,1.2859780420112656,0.4976977920014178,449.3604448749975,A,2525
261,261,92916,0.2860427796840668,63.75836254949522,7.984883377325884,5.414028664832173,0.1758870053085653,0.9280689903497392,1.3414784999913536,0.4976662080007372,451.1997218750039,A,2525
262,262,93272,0.3242976367473602,63.62223683567358,7.976354858936103,5.407334996621136,0.1776465073595311,0.927077735615367,1.3760229170002276,0.4618444579973584,453.0377160000062,A,2525
263,263,93628,0.2280313968658447,64.45254577679742,8.028234287612527,5.437694792805413,0.1669142934094406,0.9331075906196832,1.3062222080043284,0.5131848330056528,454.8572180420015,A,2525
264,264,93984,0.2979272007942199,63.9936046107439,7.999600278185398,5.351057290065627,0.1728463682560918,0.929779509924834,1.2904667090042494,0.5049047089996748,456.6527308750083,A,2525
265,265,94340,0.1845428198575973,63.73053930644145,7.983140942413672,5.369439979313839,0.1762466365041952,0.9278664701959296,1.1914058750116965,0.5134150829981081,458.3576500420022,A,2525
266,266,94696,0.1731625944375991,64.5132843584192,8.032016207554564,5.460163849085449,0.1661292127958225,0.9335471565414796,1.2670849169953726,0.503333582993946,460.12816404200566,A,2525
267,267,95052,0.3160408437252044,63.77732273047454,7.9860705437952735,5.347924910093608,0.1756419342166811,0.9282069726263183,1.3116577499895357,0.509867792003206,461.9505973339983,A,2525
268,268,95408,0.3391964435577392,64.15173480334347,8.009477810902748,5.419187317975619,0.1708024458377079,0.9309275582284784,1.2918106249999255,0.4827647910133237,463.7252718340024,A,2525
269,269,95764,0.2543992698192596,64.32016249215579,8.019985192764123,5.405236243236403,0.1686254224408427,0.9321488127934476,1.2591694170114351,0.4925548339961096,465.4771136670024,A,2525
270,270,96120,0.2110747098922729,64.09954240332361,8.0062189829734,5.359809696915661,0.1714770622073975,0.9305487903738716,1.2595872499950929,0.4985630419978406,467.2354354590061,A,2525
271,271,96476,0.2920998632907867,63.77399053853956,7.985861915819704,5.360171607631421,0.1756850046871986,0.928182724162628,1.3629904160043225,0.4831695829925593,469.0817171250092,A,2525
272,272,96832,0.1850231438875198,64.25022220353841,8.015623631604619,5.39994731219674,0.1695294403358644,0.9316418761895712,1.3467673330014804,0.4891579579998506,470.91777491700486,A,2525
273,273,97188,0.2537478804588318,63.925274166652144,7.995328271350223,5.369820707722714,0.173729577997643,0.9292829820630062,1.3783560829906492,0.4785160409956006,472.7748071249953,A,2525
274,274,97544,0.2233631908893585,64.01324689739894,8.000827888249999,5.369106877670597,0.1725924805615122,0.9299221928895512,1.3516391669982113,0.5412245839979732,474.6682033749967,A,2525
275,275,97900,0.1734390556812286,64.10491240161556,8.006554340140056,5.417675755767204,0.1714076519340324,0.9305877683491732,1.348553040996194,0.5086699999956181,476.5255438339954,A,2525
276,276,98256,0.2709428668022156,63.98447612004316,7.999029698659904,5.4050044115738345,0.1729643591753624,0.9297131924673188,1.2125869169976795,0.4492254170036176,478.1883256250003,A,2525
277,277,98612,0.2409842759370803,65.38358979146645,8.086011983138935,5.433271268118731,0.1548800215047505,0.9398229908350694,1.0964710830012336,0.4920087500067893,479.7769147920044,A,2525
278,278,98968,0.3601433634757995,64.02104412387864,8.001315149641254,5.422548078814981,0.172491696987287,0.9299788264264544,1.2659188750112662,0.447430041996995,481.4904137090052,A,2525
279,279,99324,0.3108406066894531,63.11396133585659,7.944429579010477,5.363579586932533,0.1842162564486378,0.9233671163229996,1.253220541999326,0.4686872919992311,483.23017570900265,A,2525
280,280,99680,0.3023032546043396,63.98440602158544,7.999025316973652,5.393785370506256,0.1729652652376829,0.9297126831916108,1.154291374987224,0.4475827910064254,484.8321164590016,A,2525
281,281,100036,0.186367854475975,64.68233138349717,8.042532647337975,5.428161655843017,0.1639441841264843,0.9347694638928402,1.1562755839986494,0.457431999995606,486.4459344170027,A,2525
282,282,100392,0.2547007203102112,64.00435711061544,8.000272314778757,5.388233886556587,0.1727073860972782,0.9298576195594028,1.2776070410036482,0.4960155000007944,488.21969908400206,A,2525
283,283,100748,0.2663212716579437,63.76410120539087,7.98524271424425,5.3895066682143735,0.1758128299265988,0.9281107554495236,1.2662640000053216,0.4565593329898547,489.9427623340016,A,2525
284,284,101104,0.1987892240285873,64.45617469233588,8.028460294000082,5.4037348953818505,0.1668673876180698,0.9331338589457188,1.2134827499976382,0.481078458004049,491.6374966250005,A,2525
285,285,101460,0.2178869098424911,64.48419254673989,8.030205012746555,5.379496418995413,0.1665052409603697,0.9333366445455786,1.183635499997763,0.5022711670026183,493.3235075420089,A,2525
286,286,101816,0.1659111380577087,63.936568006686,7.99603451760221,5.380137418445788,0.1735835987102255,0.9293650678261972,1.2798782079917146,0.4818186670017894,495.0853080000088,A,2525
287,287,102172,0.1788246631622314,64.09872450954188,8.006167904156262,5.42296688083695,0.1714876339483717,0.9305428535725424,1.235362457999145,0.4457540000003064,496.76650966699526,A,2525
288,288,102528,0.1726362258195877,64.40944864213527,8.025549740805005,5.3692079961058585,0.1674713483162611,0.9327955704526412,1.306068707999657,0.4716939170029945,498.54438837499765,A,2525
289,289,102884,0.1277236491441726,63.82923117250659,7.989319819140212,5.341140377376727,0.1749709881650226,0.9285846302007932,1.2302199170080712,0.4999985000031302,500.2749511669972,A,2525
290,290,103240,0.1581795662641525,64.68666531350519,8.042802080960664,5.392926130217579,0.1638881656232661,0.9348007796902488,1.355527792009525,0.490715124993585,502.1212813750026,A,2525
291,291,103596,0.2204544693231582,64.1248921059462,8.007801952217987,5.33695474134283,0.1711494029246388,0.9307327761128182,1.2167799589951755,0.4619296660093823,503.8001652499952,A,2525
292,292,103952,0.3143394291400909,64.38424082988618,8.023979114497132,5.432732795414172,0.1677971735854732,0.932613019311581,1.240180542008602,0.4695817920000991,505.51004004200513,A,2525
293,293,104308,0.2441311031579971,63.804081258647706,7.9877456931632285,5.392357371596672,0.175296065064706,0.92840167229933,1.3191615410032682,0.5107749160088133,507.34016274999885,A,2525
294,294,104664,0.1887775212526321,63.83720390186323,7.989818765270162,5.340001184448057,0.1748679361165817,0.9286426218343812,1.2539348330028588,0.5787193340074737,509.1729200420086,A,2525
295,295,105020,0.2371442914009094,64.35332718782982,8.02205255454175,5.392858464708213,0.1681967499408435,0.9323890986269386,1.1800051250029355,0.5124051669990877,510.8654106670001,A,2525
296,296,105376,0.2380495965480804,64.20038785641385,8.012514452805302,5.373520773914661,0.1701735775345799,0.9312805017908804,1.1845430839894109,0.5197732499946142,512.5702326669998,A,2525
297,297,105732,0.254367470741272,64.45698398652866,8.028510695423446,5.340280226850316,0.16685692703166,0.9331397170147576,1.3352442500035977,0.4964825409988407,514.4020617500064,A,2525
298,298,106088,0.2961969077587127,64.43728637001479,8.027283872519694,5.413904914971788,0.1671115298960438,0.9329971255403656,1.2683632919943193,0.4695344579959055,516.1400864589959,A,2525
299,299,106444,0.3531459271907806,63.64894059218072,7.978028615653162,5.345324418805389,0.1773013461624016,0.9272722734230078,1.229814083999372,0.5028342910081847,517.8728320840019,A,2525
300,300,106800,0.219231978058815,64.01713463992071,8.001070843325955,5.3279585268816,0.172542229284596,0.9299504311319132,1.2342332499974873,0.4936376249970635,519.6008430000074,A,2525
1,2,356,291.6336654491639,101.56630063712484,10.078010748015942,7.0114472559106495,-0.3128020361692016,1.171349513532569,1.5222435420000693,0.5557609170064097,2.463179833997856,D,2525
2,4,712,116.29900951599808,121.72191549456446,11.032765541538732,7.326557511742781,-0.5733247888844573,1.2823189886500652,1.3198127499927068,0.5338982079993002,4.317031624988886,D,2525
3,6,1068,97.92103225193668,183.42316848512743,13.543380984271522,10.217484293196366,-1.3708484758956017,1.5741234182188035,1.36386537499493,0.5335437089961488,6.214570166994236,D,2525
4,8,1424,72.59743053993482,230.017627833883,15.1663320494404,12.392282027894488,-1.9731082876986767,1.7627561740478237,1.4602632079913749,0.5327442909911042,8.207693459000438,D,2525
5,10,1780,55.11291902520684,198.95538062012156,14.105154399017458,11.209287250090224,-1.571611126392089,1.6394173569266712,1.338653458005865,0.4784449170110747,10.02490645898797,D,2525
6,12,2136,49.02189019021024,150.35260838335233,12.26183544104847,8.936531759346062,-0.9433927315539874,1.4251716274182549,1.4019023750006454,0.5020380829955684,11.928973999994923,D,2525
7,14,2492,42.18754333324647,114.22918823027476,10.68780558535169,7.098828347829672,-0.4764770397066697,1.2422248979638195,1.4503255000017816,0.527247707999777,13.906662374996811,D,2525
8,16,2848,34.21320604474357,85.3095651936483,9.236317729141213,6.252896312759956,-0.1026745110178219,1.073521010184647,1.4283638749911916,0.506370833987603,15.856865833993652,D,2525
9,18,3204,28.58485391166773,105.7794942403032,10.284915859660844,7.792619575855703,-0.367259952883024,1.195397731770516,1.5088746669935065,0.5869234159908956,17.9527264169883,D,2525
10,20,3560,23.091423988342285,268.363963238238,16.38181806876874,12.81040350724811,-2.4687564198318226,1.904029982247144,1.299500708002597,0.4937238339916803,19.746080749988323,D,2525
11,22,3916,19.711213326186275,196.2668132274379,14.009525803089764,11.135600877676898,-1.5368598680972374,1.6283026129439104,1.2696682499954477,0.4674242079927353,21.483286791990395,D,2525
12,24,4272,20.62618759240997,226.0652326305618,15.03546582685624,11.828755811158462,-1.9220213382073923,1.747545822521658,1.253185499997926,0.4406605000112904,23.177312208994408,D,2525
13,26,4628,16.897796523704958,343.97034311299217,18.54643747766649,13.910031830250976,-3.4460117577177733,2.155619899641775,1.2802215419942513,0.4558074999949895,24.913435541995568,D,2525
14,28,4984,16.78106788035189,113.46959189284512,10.652210657551096,8.300758803904298,-0.4666588262619655,1.2380877619350985,1.3107457500009332,0.5058595410082489,26.730176249999204,D,2525
15,30,5340,14.602469572860205,122.99879465196,11.090482164989943,8.503507652746038,-0.5898291761394376,1.2890272905652649,1.3233475419983731,0.4777673749922542,28.53150124999229,D,2525
16,32,5696,10.70201850741097,147.90730115240316,12.161714564665756,9.407042043894409,-0.9117857488076264,1.4135347535571672,1.197590499999933,0.4588965000002645,30.188135666991,D,2525
17,34,6052,10.199078233054514,115.91311404384872,10.7662952794287,8.1544988744172,-0.4982427358376726,1.2513476174442018,1.2473897500021849,0.4576170420041308,31.893431624994264,D,2525
18,36,6408,8.42369044764658,111.53194307547275,10.560868481118057,8.074765462141771,-0.4416136164150936,1.2274712209722989,1.2997907499957364,0.4689292080001905,33.662247916989145,D,2525
19,38,6764,8.114262848757626,126.80114798063516,11.260601581648965,8.547359514815605,-0.6389767493089469,1.3087999719930177,1.2908826250059064,0.474815875000786,35.42810212499171,D,2525
20,40,7120,6.847052059816511,79.03904043196388,8.890390341934593,6.460575993727093,-0.021624422323544,1.0333144766877624,1.1861887499981094,0.5009481249871897,37.12903633399401,D,2525
21,42,7476,6.196475071853467,71.53093631845032,8.45759636767151,5.986363520023794,0.0754220813510038,0.9830115921316318,1.2428172910003925,0.4757830419985112,38.86325579199183,D,2525
22,44,7832,5.276499922355909,67.88275260667548,8.2390990166811,5.855657290833199,0.1225769247891699,0.9576160282460549,1.4174853340082336,0.5509396249981364,40.84888487499848,D,2525
23,46,8188,4.76218782382065,64.05454765853575,8.003408502540386,5.801659038674976,0.1720586448012687,0.9302221331624126,1.438823374992353,0.5113899590069195,42.81511233399215,D,2525
24,48,8544,4.392516401376617,67.23066368405973,8.199430692679812,5.906935817316959,0.1310055439276364,0.9530054485212108,1.5075734999991257,0.5067268749990035,44.82947549999517,D,2525
25,50,8900,3.98888038249498,71.48141787615165,8.454668407226368,6.215804198492877,0.0760621353006882,0.9826712804244098,1.4920168340031523,0.5758383749925997,46.89745912500075,D,2525
26,52,9256,3.4411326633410506,70.31370632690127,8.38532684675447,6.200262242483224,0.0911554693090931,0.9746118324681414,1.564872375005507,0.5134562919993186,48.97703266699682,D,2525
27,54,9612,3.108870420563087,73.96352805325067,8.600205116928937,6.34770581982879,0.0439794536035977,0.9995867569379464,1.3881274159939494,0.5102120410010684,50.875570624994,D,2525
28,56,9968,2.826684531201137,68.17173077124372,8.256617392809462,6.098190133870855,0.1188417181263907,0.959652158378172,1.4735904160042992,0.5238060420088004,52.87311979199876,D,2525
29,58,10324,2.8816229627373517,65.0408916677594,8.064793343152656,5.794072470684283,0.1593095891051432,0.9373567855245976,1.5682822919916362,0.5657994999928633,55.00734079199901,D,2525
30,60,10680,2.678015853581804,71.65837697817452,8.46512710939266,6.080687750688932,0.0737748385497284,0.983886877033798,1.3928115840099051,0.54337591699732,56.943714291992364,D,2525
31,62,11036,3.1093567730335705,64.63031284953054,8.039298032137541,5.705072929019387,0.164616553178833,0.934393510241249,1.42891645799682,0.5511082080047345,58.92392375000054,D,2525
32,64,11392,6.255342049545117,89.2452500691426,9.44697041750119,6.443102506973482,-0.1535454700451579,1.0980048026913545,1.5247609999933047,0.5277707079949323,60.976679416999104,D,2525
33,66,11748,7.167012691497803,64.155966110241,8.009741950290346,5.552508258626529,0.1707477537963923,0.9309582586862278,1.4772822499944596,0.5144940839963965,62.96863016700081,D,2525
34,68,12104,3.6898546285843583,70.9889938726216,8.42549665435941,5.8423808036062885,0.0824269948105611,0.9792806987526914,1.4362746249971678,0.5212677910021739,64.92634408400045,D,2525
35,70,12460,3.1801416900720487,63.0641313278385,7.941292799528204,5.540788127343181,0.1848603375619411,0.9230025339453372,1.457528625003761,0.5498636249976698,66.9529561669915,D,2525
36,72,12816,2.784850664353103,69.95442330236514,8.363876093197767,5.742232911982517,0.0957994061583558,0.9721186490044804,1.451259499997832,0.504146250008489,68.90842341700045,D,2525
37,74,13172,2.4968928741605096,62.78567192318116,7.923741030799856,5.3528197651449965,0.188459583287457,0.9209625226498904,1.4320154169981834,0.5100464160059346,70.86659249999502,D,2525
38,76,13528,2.153268275635966,60.775558814861725,7.795868060380558,5.333620296316108,0.2144414351908784,0.9061000715730152,1.5020720419997815,0.5479384580103215,72.93367274999036,D,2525
39,78,13884,1.7426617413424377,61.69327548056373,7.854506698740776,5.322789912281731,0.2025794268298135,0.9129155376639772,1.4937523749977115,0.5028247919981368,74.93032824998954,D,2525
40,80,14240,1.4621474193723014,61.16593408435615,7.820865302788186,5.282017934660197,0.2093956134424486,0.9090054572156724,1.461747875000583,0.525892167002894,76.91809433398885,D,2525
41,82,14596,1.37877198417535,61.90833121949755,7.868184747417764,5.344738704472901,0.1997997094413574,0.9145053132719284,1.519939459001762,0.5371814999962226,78.97534554199956,D,2525
42,84,14952,1.2555895635251249,61.2848730400101,7.828465561015779,5.341120814504894,0.2078582599877804,0.9098888218994584,1.4836547080049058,0.5303931670059683,80.98957362498913,D,2525
43,86,15308,1.2051976490556524,64.83051070491047,8.051739607371221,5.579156711999222,0.1620288823615361,0.9358395727095212,1.4841292499913834,0.5422902080026688,83.01615033399139,D,2525
44,88,15664,1.11274376210202,63.83092654370027,7.9894259207843135,5.595134029504258,0.1749490745308627,0.9285969622087966,1.4217178749968298,0.5517672080022749,84.99011400000018,D,2525
45,90,16020,0.9705139726735232,61.44774791445322,7.8388613914556,5.383285108848139,0.2057530098657571,0.9110971110383492,1.5925008750054983,0.5372556669899495,87.12000304200046,D,2525
46,92,16376,0.9388717566983084,64.55226612275213,8.034442489852804,5.474069118499756,0.1656253513844222,0.9338291590775748,1.4498571250005623,0.4989637499966193,89.06902970898955,D,2525
47,94,16732,0.9933753462319964,61.03477007509967,7.812475284767284,5.286353129124352,0.2110909826480204,0.908030300136261,1.4444574999943145,0.5227414580003824,91.03635199999552,D,2525
48,96,17088,1.038539706321245,63.747177719197424,7.984182971300033,5.529105215420125,0.1760315755833225,0.9279875833857886,1.535298167000292,0.5710816670034546,93.1428553339938,D,2525
49,98,17444,0.9578363071666676,60.28824720709937,7.764550676446086,5.43208621098445,0.2207402140861045,0.9024601069655178,1.4616049589967588,0.4955690420028986,95.1177094589948,D,2525
50,100,17800,1.291058259733607,68.4048332843416,8.270721448842393,5.832713548953716,0.11582873594715,0.9612914480739349,1.4533846249978524,0.502593707991764,97.07419149999625,D,2525
51,102,18156,2.006079227736827,61.28765995797905,7.828643557984937,5.428870113272416,0.2078222374925104,0.9099095101749968,1.4764068329968725,0.5590937499946449,99.11080616699472,D,2525
52,104,18512,3.5090808332636114,69.8022147795383,8.35477197651368,5.9742052854314025,0.0977667876366208,0.9710604934898964,1.457885041992995,0.5283961250097491,101.09727874999226,D,2525
53,106,18868,3.652315646744846,62.72770350735655,7.920082291703575,5.348726582913264,0.1892088579371259,0.9205372738217508,1.380375124994316,0.5392552499979502,103.01702883398684,D,2525
54,108,19224,3.531419648213333,68.37464999556909,8.268896540383674,5.618074060934275,0.1162188720721274,0.9610793421644642,1.4464417499984847,0.5526220830070088,105.01622779198806,D,2525
55,110,19580,1.4835075474856945,65.96190617781244,8.121693553552266,5.556441595679836,0.1474049542355632,0.9439701971827072,1.511728249999578,0.5137622920010472,107.04185637499904,D,2525
56,112,19936,2.0099505567818543,66.96273317010638,8.183076021283584,5.477280919851079,0.1344686977696428,0.9511045737491008,1.4326060830062488,0.5329148330056341,109.00825745899056,D,2525
57,114,20292,1.7215451028909576,65.64573882967004,8.10220580025403,5.42122748506214,0.1514915965156091,0.9417051697962038,1.4256442919868275,0.5724897080071969,111.00652016699314,D,2525
58,116,20648,1.0677166380239336,63.76071452001856,7.985030652415716,5.4619753013255625,0.1758566047556982,0.928086107875126,1.490564332998474,0.565290875005303,113.06249954199302,D,2525
59,118,21004,1.3500607643234597,63.04119052304722,7.93984826826352,5.294709668950996,0.1851568604740924,0.92283463860999,1.4858148750063265,0.524919207993662,115.07338904199425,D,2525
60,120,21360,0.8554464598719993,62.75055478193438,7.921524776325223,5.381102675851057,0.1889134922537581,0.9207049312793676,1.4737888339877827,0.5086199170036707,117.05591612499848,D,2525
61,122,21716,0.9841356110037044,61.32437673486533,7.830988234882321,5.3760270493233255,0.207347652328381,0.9101820278584776,1.5031355410028482,0.5104494590050308,119.0696210419992,D,2525
62,124,22072,0.8013511179538255,61.269484070998125,7.827482613905835,5.318216138523117,0.2080571711396756,0.9097745756808496,1.521852999998373,0.5085231670091162,121.10041408399412,D,2525
63,126,22428,0.5984578430652618,62.30398721622931,7.893287478372323,5.293797362671207,0.1946856312985708,0.9174229596633802,1.472549790996709,0.5054533329966944,123.0785209589958,D,2525
64,128,22784,0.7161221628108722,60.67365570619079,7.789329605697193,5.29446117791087,0.2157585906618957,0.9053401184528896,1.4618460839992622,0.5224558749905555,125.06292791699524,D,2525
65,130,23140,0.5513585310303764,61.31700250384616,7.830517384173676,5.382857792773227,0.2074429684463891,0.9101273017064314,1.4593502089992398,0.5576537079905393,127.08003483399808,D,2525
66,132,23496,0.4797488384032517,61.184275081721566,7.822037783194451,5.277317368549856,0.2091585456499262,0.9091417325568926,1.435395000007702,0.5289429590047803,129.04449620899686,D,2525
67,134,23852,0.4481411007013214,61.139620052735886,7.819182825125391,5.329749431687328,0.2097357372243937,0.9088099057878044,1.4219654999906195,0.797240249987226,131.26381487499748,D,2525
68,136,24208,0.3858613331666153,60.196425111094506,7.7586355186395055,5.322228920121908,0.2219270667512535,0.9017725985481876,1.598421292001149,0.5284296249883482,133.40556045899575,D,2525
69,138,24564,0.4035890855815973,60.740516486582976,7.793620242646095,5.252702296986754,0.2148943771571395,0.9058388116601608,1.4236601250013337,0.547083333003684,135.37638333399082,D,2525
70,140,24920,0.3429144691215472,61.016774461306085,7.811323476934372,5.286724828032829,0.211323586162002,0.9078964275319844,1.4233199580048677,0.5457191250025062,137.3456555839948,D,2525
71,142,25276,0.3496933177615819,60.15603943188516,7.756032454282612,5.265276143425389,0.2224490745586222,0.9014700489434708,1.492510249998304,0.5383217079943279,139.3921857089881,D,2525
72,144,25632,0.337228479345193,60.17248816622688,7.757092765090983,5.25831846669618,0.2222364653388242,0.9015932870090608,1.4053992080007447,0.509384749995661,141.30706445898977,D,2525
73,146,25988,0.3015684803550163,61.33721264425048,7.831807750720805,5.324436801647851,0.2071817409200578,0.9102772787470448,1.4549498749984195,0.4806778750062221,143.24288466699363,D,2525
74,148,26344,0.2908564025766394,60.52452761951444,7.779751128379007,5.283565396722029,0.2176861557559342,0.90422682883378,1.5014409590075957,0.528003291998175,145.27251933398657,D,2525
75,150,26700,0.2848446041010739,61.36161503498485,7.833365498620937,5.337909769915376,0.2068663261806953,0.9104583330533608,1.5187951250118203,0.5012267919955775,147.2926425839978,D,2525
76,152,27056,0.2838335372089,61.41091332183541,7.836511553097807,5.282592839075003,0.2062291178650326,0.910823993447378,1.4889417080121348,0.5078444170067087,149.2896226249868,D,2525
77,154,27412,0.3272905557343129,60.30636048401457,7.765716997419785,5.270719814879691,0.2205060897095465,0.9025956664066936,1.5554823749989737,0.559828416997334,151.40506045898655,D,2525
78,156,27768,0.3395916809526722,62.963060340758304,7.934926612184785,5.378182178566813,0.1861667373894842,0.9222626031559956,1.434380291000707,0.570936583011644,153.41053574999387,D,2525
79,158,28124,0.3614448620362228,60.64206307054437,7.787301398465606,5.2739193246432166,0.216166943394489,0.905104383483612,1.4305638340010771,0.5556816250027623,155.39689974999055,D,2525
80,160,28480,0.4279977401320854,62.33803075135842,7.895443670330276,5.375103933125855,0.1942455993002058,0.9176735700729324,1.3716489579965128,0.5595222909905715,157.32817991699267,D,2525
81,162,28836,0.4355575539422839,60.74590982100607,7.793966244538532,5.289573899164856,0.2148246652510451,0.9058790268532698,1.537758958991617,0.5307688750035595,159.39682908399843,D,2525
82,164,29192,0.5067450578293103,62.09950682193257,7.880324030262497,5.358981535019662,0.1973286563600873,0.9159162408260204,1.4662984589958796,0.5832661249878583,161.4465455419995,D,2525
83,166,29548,0.4661137177033371,61.7473026997643,7.857945195772512,5.323125440099461,0.2018810943816478,0.9133151881432348,1.8500398750038585,0.6546392919990467,163.95134387500002,D,2525
84,168,29904,0.4876196086406708,62.61875221820239,7.9132011359627645,5.326964777008242,0.1906171151380638,0.9197374891587778,3.222887083000387,1.1069527090003248,168.28154054199695,D,2525
85,170,30260,0.4550982335310303,61.76530420366058,7.8590905455822675,5.328719982734094,0.2016484147347482,0.9134483101428066,2.215598124996177,0.6253220000071451,171.12259387499944,D,2525
86,172,30616,0.4684915860717216,61.43265597703291,7.837898696527846,5.2658763906733705,0.2059480817158772,0.910985218695356,1.7569862079981249,0.5528153329942143,173.43265837499348,D,2525
87,174,30972,0.5568259984589694,61.74098127814726,7.857542954266764,5.309471869758267,0.2019628023410622,0.9132684363185084,1.6596066249912838,0.5982971250050468,175.69070529199962,D,2525
88,176,31328,0.5227294222692426,61.50027312779211,7.842210984651721,5.260407549166969,0.2050740916951735,0.9114864283807206,1.7312789160059765,0.6249626659991918,178.04705862498668,D,2525
89,178,31684,0.4675356216644973,62.87914750646758,7.929637287194641,5.330728080108581,0.1872513583614654,0.9216478341892788,1.56258795800386,0.5566290840069996,180.1666238339967,D,2525
90,180,32040,0.5316190552175715,61.32875566564072,7.831267819813132,5.269668922733199,0.2072910521647234,0.9102145235246246,1.6460138340044068,0.527621083005215,182.3403781249945,D,2525
91,182,32396,0.6593275709768359,62.88202484304539,7.929818714387196,5.310390949249268,0.1872141671543978,0.9216689211536664,1.5253822910017334,0.5175294579967158,184.38342941699372,D,2525
92,184,32752,0.6814499504110786,61.88005109137205,7.866387423167769,5.260580168079268,0.2001652461356485,0.914296413426658,1.4693730419967324,0.5398520410089986,186.3928221249953,D,2525
93,186,33108,0.6592721410011977,61.94414231253496,7.870460108058166,5.283480621059897,0.1993368307546074,0.914769774448433,1.4033889590064064,0.5225245420006104,188.31889529198816,D,2525
94,188,33464,0.6187193032061116,62.298281434681606,7.892926037578308,5.313002934822669,0.1947593817609464,0.9173809500338188,1.538936750002904,0.5539960830064956,190.41194358399665,D,2525
95,190,33820,0.4229909047651826,61.46791836146673,7.840147853291207,5.24763211354553,0.2054922953990133,0.9112466342411908,1.46250179198978,0.5151552500028629,192.3900386669993,D,2525
96,192,34176,0.3906003384107954,61.46195331701468,7.839767427482442,5.276275515073706,0.2055693969814612,0.9112024180166628,1.4078325829905225,0.6605598750029458,194.45855429199585,D,2525
97,194,34532,0.375880995158399,61.89933914723117,7.867613306920414,5.2655602408806805,0.199915937074998,0.9144388957451643,1.503941709001083,0.5762209170061396,196.5388934169896,D,2525
98,196,34888,0.3124680797035774,60.93197506402465,7.805893610857417,5.2294545994113815,0.2124196664634273,0.9072653237212408,1.5510962919943267,0.5717633750027744,198.66188749999856,D,2525
99,198,35244,0.3612487426634584,61.97587356139569,7.872475694557315,5.331913003072082,0.1989266863676085,0.9150040425321146,1.4538941659993725,0.6183285419974709,200.73420899998743,D,2525
100,200,35600,0.4145380342274569,60.79455476201752,7.797086299510703,5.237965751756058,0.2141959018008795,0.906241665370456,1.4598427500022808,0.5472407500055851,202.7414397919929,D,2525
101,202,35956,0.3197372040052093,61.65389904586748,7.851999684530526,5.295806917584377,0.2030883895794859,0.9126241517993438,1.5369257909915175,0.5557515419932315,204.8350727919897,D,2525
102,204,36312,0.3019813630688056,60.14509609051641,7.755326949298554,5.228047399868367,0.2225905234520173,0.9013880493365511,1.4761085000063758,0.491597542000818,206.82234012499976,D,2525
103,206,36668,0.3504179548681452,62.725747202981424,7.919958787959785,5.37946455777898,0.1892341442806369,0.920522919198222,1.4309131250047358,0.521892916993238,208.77527699999337,D,2525
104,208,37024,0.4503412702110376,60.67957018127011,7.789709248827591,5.2809581853117535,0.2156821427172695,0.905384243708084,1.4548486249987036,0.5545949170045787,210.78486624998916,D,2525
105,210,37380,0.5030759271610988,62.54601189744166,7.908603662938336,5.337300285154026,0.191557325036497,0.9192031329326046,1.4982345839962363,0.5238695829903008,212.8071071249869,D,2525
106,212,37736,0.4613493768016943,60.22820042277294,7.76068298687512,5.272746529173754,0.2215163528273469,0.9020105721901815,1.5332588330056751,0.527904957998544,214.86837133399968,D,2525
107,214,38092,0.4969249973806102,64.13136913420962,8.00820636186466,5.410354724297156,0.1710656836610721,0.9307797799367616,1.4315186669991815,0.5363950000028126,216.83690512499012,D,2525
108,216,38448,0.6394054829404595,60.25087404133466,7.762143649877569,5.242629960480972,0.2212232834487397,0.9021803424891158,1.626969167002244,0.5641618750087218,219.0281531669898,D,2525
109,218,38804,0.7380091792412018,63.70555651139454,7.981576066880184,5.409121637884905,0.176569553298457,0.9276845874572898,1.3458708749967627,0.5513459580106428,220.9254982499988,D,2525
110,220,39160,0.6548073268338536,60.31018692380552,7.765963360962085,5.256612389676484,0.220456630805192,0.9026243008091208,1.3010900840017712,0.5384430830017664,222.7651577499928,D,2525
111,222,39516,0.5709598553314638,63.140591975261295,7.946105459611098,5.363009442201993,0.1838720403315233,0.9235619009859016,1.3507298749900656,0.4915583749971119,224.60755224998863,D,2525
112,224,39872,0.4741679520419474,60.256737868112765,7.762521360235524,5.238310011774905,0.2211474901621305,0.9022242431015588,1.258177583993529,0.4558462499990128,226.3217023749894,D,2525
113,226,40228,0.3583526594585247,62.16402282838941,7.884416454525307,5.323094670106525,0.1964947503882171,0.91639189612043,1.2678090419940418,0.4428010410047136,228.03270704198803,D,2525
114,228,40584,0.2938408225439907,60.815001984988,7.798397398503618,5.264803771547943,0.213931609847926,0.906394052106881,1.3069697499886388,0.5608657500124536,229.90064870899369,D,2525
115,230,40940,0.2908761049254557,61.56833306907311,7.846549118502548,5.293627475437365,0.2041943783558597,0.911990642069598,1.2888854170014383,0.4888640419958392,231.678521083988,D,2525
116,232,41296,0.2380100327931093,61.61243399024611,7.849358826697,5.30634163941449,0.2036243489391174,0.912317209525124,1.1206784160021923,0.4387751670001307,233.2395280419878,D,2525
117,234,41652,0.2201013503114829,61.91687976934429,7.868727963867113,5.3202557177678775,0.1996892145865219,0.914568450367095,1.3088832089997595,0.4429070409969426,234.99140454200096,D,2525
118,236,42008,0.2259191627917664,62.71123037511002,7.919042263753239,5.330692705355193,0.1894217825136799,0.9204163931971766,1.3846877080068225,0.4984547499916516,236.8749812919996,D,2525
119,238,42364,0.2522165728419014,61.83552837810251,7.863556980025166,5.2903435375043735,0.2007407274544459,0.9139674359844756,1.322589584000525,0.4944577909918735,238.69216312500063,D,2525
120,240,42720,0.2380141162135627,61.843342029664925,7.864053791122294,5.244738941733171,0.2006397315767119,0.9140251794669436,1.1793955419998383,0.5456221670028754,240.41733304198715,D,2525
121,242,43076,0.2393020172132535,61.78631056732383,7.86042686928158,5.299889901388995,0.2013768955712399,0.9136036287026148,1.3127673330018297,0.4917733749898616,242.22197212500032,D,2525
122,244,43432,0.2136964779556467,62.515239330382514,7.906657911556723,5.3186393797638924,0.1919550779175214,0.9189769816621512,1.3206358330062358,0.4703863340109819,244.01389445899983,D,2525
123,246,43788,0.1997661706102028,61.09145736694887,7.816102440919571,5.240673011131133,0.2103582672522862,0.908451878134213,1.3037842080084374,0.441723791998811,245.759581374994,D,2525
124,248,44144,0.2178748460967889,62.20452493283926,7.886984527234681,5.332224869052408,0.1959712377185881,0.916690378707327,1.2730318329995498,0.4678274580073776,247.50055408399203,D,2525
125,250,44500,0.2424940086817473,62.08217376869456,7.879224185711088,5.295349040977386,0.1975526959031359,0.9157884078228152,1.294602042005863,0.4960215409955708,249.29127941699696,D,2525
126,252,44856,0.251084356160646,61.94118757281431,7.87027239508356,5.289611622389511,0.1993750224411932,0.914747956898622,1.310595207993174,0.4874044579919427,251.0901967499958,D,2525
127,254,45212,0.244827902049161,61.57566897930331,7.847016565504581,5.265680007123754,0.2040995575557818,0.9120449726147944,1.2402103749918751,0.4502838750049704,252.7807946249959,D,2525
128,256,45568,0.2367128060105141,62.33304498570072,7.895127927127002,5.321197101461743,0.1943100431488666,0.9176368717941944,1.25398562499322,0.4417398749938002,254.4767076249991,D,2525
129,258,45924,0.2162957333781746,61.68358162378698,7.853889585663079,5.2912682772648,0.2027047254262477,0.9128438116933044,1.3286082919948967,0.4804510410031071,256.28614499999094,D,2525
130,260,46280,0.2622667495789152,61.74952362240427,7.858086511511837,5.273672136700588,0.2018523876969932,0.9133316130237644,1.3330100840103114,0.4874076670093927,258.10667862498667,D,2525
131,262,46636,0.3344344148475132,61.710943273465126,7.855631309669842,5.238443607260824,0.2023510605867776,0.9130462492198202,1.2894355000025826,0.4595365420100279,259.85579133399006,D,2525
132,264,46992,0.295537988791305,63.194003652708055,7.949465620575263,5.3240849624278574,0.1831816641096125,0.9239524466014184,1.2391951250028796,0.4895501249993685,261.584742084,D,2525
133,266,47348,0.2598088812292292,61.89989014159483,7.867648323456942,5.239642970475108,0.1999088151603668,0.91444296565579,1.355705374997342,0.4871168749959906,263.4277134589938,D,2525
134,268,47704,0.2837141368831141,62.93050392518772,7.932874883999351,5.300209398694366,0.1865875475241777,0.9220241343875056,1.313538749993313,0.4544920420012204,265.19598862499697,D,2525
135,270,48060,0.2478214647997631,61.811458380755504,7.862026353349084,5.241953852688253,0.2010518458207694,0.9137895339304636,1.3213015830115182,0.5514620829926571,267.0691340839985,D,2525
136,272,48416,0.2047276818350459,61.9929425149294,7.873559710507656,5.291613180145078,0.1987060604630146,0.9151300358047794,1.31202754098922,0.5092792080104118,268.89056804199936,D,2525
137,274,48772,0.1969352279151423,61.28118433101994,7.828229961557079,5.231346579215788,0.2079059386434244,0.9098614385875888,1.3709933750069467,0.4646802909992402,270.72633870899153,D,2525
138,276,49128,0.2443749162923084,63.48819186281374,7.967947782384981,5.365290093518462,0.1793791146535328,0.9261005958529068,1.4252847089956049,0.481276374994195,272.6331046669948,D,2525
139,278,49484,0.2982590381014213,61.16221524435282,7.820627547988257,5.218333444132013,0.2094436815585255,0.9089778233922722,1.3256935410026929,0.4980210830108262,274.4576704589999,D,2525
140,280,49840,0.3515285759159688,63.65809099992836,7.978602070533933,5.403701103650606,0.1771830719528703,0.9273389250780236,1.3365847500099337,0.4959582080045948,276.29035083399503,D,2525
141,282,50196,0.4271383426162634,61.30825087063408,7.829958548462059,5.22566315133562,0.2075560882688946,0.9100623492118056,1.2940352920122675,0.5085117920098128,278.0930735000002,D,2525
142,284,50552,0.4277718468998255,63.19761598928672,7.949692823580463,5.365260116484484,0.1831349726106994,0.923978854008224,1.2328196659946116,0.4654537079914007,279.7914854999981,D,2525
143,286,50908,0.4353784835070706,62.19620538363069,7.88645708690732,5.270860115043548,0.1960787726103042,0.9166290752431494,1.2767209580051713,0.4742687079997267,281.5425758749916,D,2525
144,288,51264,0.4235263440046417,61.53915894961704,7.844689856815057,5.259391358024196,0.2045714703951001,0.9117745433445992,1.3844069999904605,0.483062459010398,283.4101780839992,D,2525
145,290,51620,0.3746027065796798,61.73977748380453,7.8574663526994835,5.3064849473204205,0.2019783620656398,0.913259533052694,1.3036841249995632,0.4836497499927645,285.1977857499878,D,2525
146,292,51976,0.3702763821301835,63.31765686607639,7.957239274150074,5.286048721205368,0.1815833762004289,0.9248559647222953,1.272816333002993,0.4851641660061432,286.9558711669961,D,2525
147,294,52332,0.4396207556965645,62.384250806673535,7.898370136089694,5.37752309887998,0.1936481788728701,0.9180137080554542,1.2667296250001527,0.477028583001811,288.6997448339971,D,2525
148,296,52688,0.5014066749744202,63.75885515262803,7.984914223247989,5.321902009639663,0.175880638133708,0.9280725755171648,1.3595759580057347,0.4383647500071674,290.49813970898686,D,2525
149,298,53044,0.4577462385209758,61.820787713582405,7.86261964701221,5.264808118102039,0.2009312589031163,0.9138584914123576,1.296306458010804,0.4443831670068903,292.2389349169971,D,2525
150,300,53400,0.4265124483054943,63.59323632602571,7.974536746797629,5.363118767255713,0.1780213553935431,0.9268664196302784,1.2748825829912676,0.4607580830052029,293.9746894169948,D,2525
151,302,53756,0.4702194425162305,61.57599326933664,7.847037228746696,5.294580641063119,0.2040953659231892,0.9120473742671844,1.400068957998883,0.5235870409960626,295.89853241699166,D,2525
152,304,54112,0.4666885418838329,63.6119720997528,7.975711385183945,5.357894200545091,0.1777791848926598,0.927002945789735,1.2987760840042029,0.5196366250020219,297.71707195899216,D,2525
153,306,54468,0.456377792559313,61.02964192651933,7.812147075325664,5.252589761486903,0.2111572668767045,0.9079921529285044,1.2994091250002384,0.5014942080015317,299.51813341699017,D,2525
154,308,54824,0.3387442214435406,64.09381833874797,8.0058614988487,5.417650508494512,0.1715510489882782,0.9305072406210454,1.2477092080080183,0.5022579170035897,301.2682949999871,D,2525
155,310,55180,0.3666404668199882,60.55690818452744,7.78183192985607,5.256049022983443,0.2172676185894257,0.9044686767399648,1.6220398750010645,0.489948500005994,303.3804030839965,D,2525
156,312,55536,0.4253817855307225,64.00851446150818,8.000532136146207,5.397136552131128,0.1726536499792661,0.9298878181412435,1.3035849169973517,0.4620057499996619,305.1460912919865,D,2525
157,314,55892,0.54275788584452,60.96311488137893,7.807887991088174,5.270349748704115,0.2120171666640629,0.9074971270375406,1.274836457989295,0.4774968749989057,306.8985399999947,D,2525
158,316,56248,0.603456467724918,64.25059012193555,8.015646581651136,5.44834412833457,0.169524684781927,0.9316445436332262,1.3243847919948166,0.5183189579984173,308.74136120898766,D,2525
159,318,56604,0.5732278535875042,60.590779611379965,7.78400794008973,5.2595773891881406,0.216829811188142,0.9047215905929434,1.3327197499893373,0.4931297909934073,310.567325666998,D,2525
160,320,56960,0.4888782477780674,63.338824635186185,7.958569258050481,5.397995257667202,0.1813097707799876,0.925010546418396,1.249609959006193,0.4322232090053148,312.24956262498745,D,2525
161,322,57316,0.3843974792555477,61.15552606645253,7.820199873817327,5.215478251337522,0.2095301429764636,0.908928115573478,1.2971397090004757,0.4753582499979529,314.02225920899946,D,2525
162,324,57672,0.2941754343134634,61.43058925414693,7.837766853775821,5.275414039248879,0.2059747952812616,0.9109698948435258,1.3815537500049686,0.488660916002118,315.89264433398785,D,2525
163,326,58028,0.2578794206126352,61.48518541580716,7.841248970400517,5.268835103463547,0.2052691089291451,0.911374615151569,1.3137673339952016,0.4995959579973714,317.7062446669879,D,2525
164,328,58384,0.2128099782413311,60.62170016040727,7.785993845387194,5.231020553874584,0.2164301455562556,0.9049524088826107,1.2584112499898763,0.4865236250043381,319.4513226669951,D,2525
165,330,58740,0.2240799672148201,62.46409171904671,7.903422785037297,5.374259073242002,0.1926161898009476,0.9186009685808502,1.2873887500027197,0.504769999999553,321.2435949169885,D,2525
166,332,59096,0.2333582776985811,61.8345442810966,7.863494406502531,5.300690080472815,0.20075344746635,0.9139601631736868,1.3755860829987796,0.4734763339947676,323.09315462499217,D,2525
167,334,59452,0.2033808104107889,62.426643408595694,7.901053310071746,5.283521697588777,0.1931002304512694,0.9183255686613996,1.300563166005304,0.432193874992663,324.82605008399696,D,2525
168,336,59808,0.1890037553698829,61.703306670648885,7.855145235490486,5.278733568152918,0.2024497680090593,0.9129897536704736,1.404459917001077,0.5098056670103688,326.7404659169988,D,2525
169,338,60164,0.1656785431537735,61.97890775836351,7.872668401397553,5.30960492373478,0.1988874676510411,0.9150264405101692,1.411716582995723,0.5246860000042943,328.6769719589938,D,2525
170,340,60520,0.1622180104925391,62.09076176622354,7.879769144221393,5.289427078687227,0.1974416911646357,0.9158517473946712,1.4160082089947537,0.5176524589915061,330.6107577090006,D,2525
171,342,60876,0.1877632725439714,61.68588533335702,7.854036244718827,5.251462282922104,0.2026749486735718,0.9128608576181302,1.274745791000896,0.428516165993642,332.3142837919877,D,2525
172,344,61232,0.2007803677508,61.30486571107046,7.829742378333432,5.267994774497955,0.2075998433760513,0.9100372241368936,1.1231709580024472,0.4141252910048933,333.8516960419947,D,2525
173,346,61588,0.2096865595726484,61.62178554041685,7.849954492888277,5.27418092580942,0.2035034748496953,0.9123864427618038,1.219175666992669,0.4528764170099748,335.52384995899047,D,2525
174,348,61944,0.2035813249563903,61.77863609664029,7.859938682753211,5.260944370316108,0.2014760924571822,0.9135468876386472,1.1808394160034368,0.4505948330042884,337.15543512499426,D,2525
175,350,62300,0.216331387671192,61.50633126372291,7.84259722692189,5.245610670522157,0.2049957868525687,0.9115313206423564,1.0456872499926249,0.4281838330061873,338.6294902089867,D,2525
176,352,62656,0.3001863370450695,61.99543295542006,7.873717861050144,5.304235357021996,0.1986738701072904,0.9151484173649544,1.122695541009307,0.3972225419856841,340.15041249999194,D,2525
177,354,63012,0.2932853578181749,62.56435943642138,7.909763551233461,5.289928056933136,0.1913201726899002,0.919337944714832,1.2490194169949973,0.4305415410053683,341.83009479199245,D,2525
178,356,63368,0.2670702790276388,62.31225104544515,7.893810932968002,5.280647617602638,0.1945788166193606,0.9174837998729548,1.1206681249896064,0.448594208995928,343.3994657500007,D,2525
179,358,63724,0.2881892182853784,62.75745143838998,7.921960075536229,5.255517374648739,0.188824349057827,0.9207555253431964,1.074579541993444,0.4179058330046246,344.89205254199624,D,2525
180,360,64080,0.2385703005482641,61.98996124249696,7.873370386467092,5.255267076646751,0.1987445950999475,0.915108031003598,1.1320037499972386,0.4083488750038668,346.43258887498814,D,2525
181,362,64436,0.2324386280909013,62.83207691778866,7.926668715027055,5.289289813292654,0.1878597724148841,0.9213028022527854,1.1917555000109132,0.4481653340044431,348.0726403749868,D,2525
182,364,64792,0.2565904721785127,62.200645795771855,7.886738603235932,5.219357021424452,0.1960213777651265,0.9166617953922755,1.2313962080079364,0.4241922499932116,349.72834633399907,D,2525
183,366,65148,0.2196931874149301,62.24301908852459,7.889424509336824,5.297035706670661,0.1954736789254911,0.916973973547602,1.218399125005817,0.470951082999818,351.41779462499835,D,2525
184,368,65504,0.2465479608332173,61.60429967761111,7.848840658187113,5.214207782436479,0.2037294895430684,0.9122569837080295,1.270670625002822,0.475981875002617,353.164545541993,D,2525
185,370,65860,0.3249226610982016,63.06700448716488,7.941473697442111,5.343871416833236,0.1848232003482172,0.9230235593925958,1.3746572500094771,0.4991680420062039,355.0385139589925,D,2525
186,372,66216,0.3396243700820408,61.46886775724363,7.840208400115626,5.196279929234431,0.205480023920174,0.9112536714924008,1.379086291999556,0.489413749994128,356.90745733398944,D,2525
187,374,66572,0.2979577269112126,63.03403471413769,7.939397629174249,5.288928427676923,0.1852493533624614,0.9227822616190148,1.2616242910007711,0.50422304100357,358.673437541991,D,2525
188,376,66928,0.2703763226444801,61.436968922186814,7.838173825719025,5.197451908096128,0.205892334453799,0.9110171964787008,1.3382975410058862,0.5178948750108248,360.5297378749965,D,2525
189,378,67284,0.2393623870075418,61.81232497755605,7.86208146597045,5.273084853824816,0.2010406445656566,0.9137959395737836,1.3529593749990454,0.5166237079974962,362.39945287499,D,2525
190,380,67640,0.2187804896175191,60.52511278824348,7.779788736735946,5.211326620356757,0.2176785921182493,0.9042311999871464,1.2896063340012915,0.4483009169925935,364.1374872919987,D,2525
191,382,67996,0.2152027313628893,61.68190128056938,7.853782609709119,5.245599438786989,0.2027264448152939,0.9128313780657994,1.359472166004707,0.457402041007299,365.9544940839987,D,2525
192,384,68352,0.2509633202231332,61.74618401189565,7.857874013490904,5.247163594975645,0.2018955540567819,0.9133069147514892,1.3288329999923008,0.5005224580090726,367.78394087500055,D,2525
193,386,68708,0.3793513547168688,61.02279862327544,7.811709071853318,5.214675000804639,0.2112457204521164,0.9079412445531228,1.3924159170128405,0.508539833012037,369.68505887499487,D,2525
194,388,69064,0.3673672766497965,63.21885100957186,7.951028298878822,5.33630526982821,0.1828604979306772,0.9241340739598772,1.2790190419909775,0.5451477080059703,371.5094003339909,D,2525
195,390,69420,0.3268706842084949,63.31544509770232,7.957100294560973,5.284160142002801,0.1816119645610053,0.9248398113684088,1.3383531660074368,0.5049563749926165,373.3528264589986,D,2525
196,392,69776,0.3124412087242255,62.31114586692351,7.893740929807838,5.258233991229099,0.1945931016785234,0.9174756635284268,1.405563207998057,0.4904197909927461,375.2490221669868,D,2525
197,394,70132,0.2505427592256096,62.97095987833204,7.935424366619094,5.330830186967425,0.1860646313863457,0.9223204562808895,1.335264332999941,0.4918082090007374,377.07625062498846,D,2525
198,396,70488,0.2839329048488917,61.59257254764432,7.848093561346241,5.275958352725998,0.2038810693485967,0.9121701499525398,1.331233417004114,0.4641019580012653,378.871692834,D,2525
199,398,70844,0.3305820702167039,62.392244301747965,7.89887614168927,5.264669040919316,0.1935448584157501,0.9180725201988154,1.3485534170031317,0.5154093750024913,380.7357557919895,D,2525
200,400,71200,0.3211556974421726,61.5501511173504,7.84539043753403,5.262239988033588,0.2044293903932514,0.9118559706128248,1.3819883749965811,0.4959286249941215,382.6138661669975,D,2525
201,402,71556,0.307281442237704,62.97358210986607,7.935589588043605,5.3173799341024175,0.1860307375566446,0.9223396596772804,1.4212625840009423,0.5592388340010075,384.59542637498816,D,2525
202,404,71912,0.3218120490567068,61.66051740617502,7.852421117475489,5.27522341925123,0.2030028435190964,0.9126731342113904,1.3169998340017628,0.5645295419963077,386.4770873749949,D,2525
203,406,72268,0.3118473485614476,63.00933950536771,7.93784224492826,5.3097222160231246,0.1855685529409976,0.9226014820360744,1.4284163750126029,0.5128995419945568,388.4185527919908,D,2525
204,408,72624,0.3409174158332053,61.56821181773616,7.8465413920871,5.252944090105744,0.2041959455981539,0.911989744041882,1.4279213749978226,0.442345417002798,390.2889604589873,D,2525
205,410,72980,0.3311863930037852,63.18165899844215,7.94868913711199,5.368113408687144,0.1833412257669182,0.9238621972903476,1.3448862500081304,0.4717719579930417,392.1061001669877,D,2525
206,412,73336,0.2852715695841928,61.01637321290074,7.81129779312636,5.230557252520974,0.2113287725251976,0.9078934423480256,1.3502363750012591,0.5442597079963889,394.0007230839983,D,2525
207,414,73692,0.3117803485875719,63.68236082380108,7.9801228576884125,5.37302110262728,0.1768693707153761,0.9275156835016974,1.319380082990392,0.5192899999965448,395.83952537499135,D,2525
208,416,74048,0.3439109941546837,61.3722789912273,7.834046144313122,5.270554900652002,0.2067284884985025,0.9105374433083866,1.282349457993405,0.4576746670063585,397.5796675419988,D,2525
209,418,74404,0.3265862783019462,63.35525651611408,7.959601529983399,5.354478459609182,0.1810973794001213,0.9251305255746688,1.4081100829935167,0.4639484579965938,399.45223312499,D,2525
210,420,74760,0.3523697047755959,61.61006618968079,7.849207997605923,5.256522962438916,0.2036549541042549,0.9122996789244054,1.357163332999335,0.5065679169929354,401.316158458998,D,2525
211,422,75116,0.510539167382744,64.61772390700739,8.038515031211137,5.427531427700028,0.1647792724004051,0.9343025034168696,1.3428518750006333,0.4867200419976143,403.1458151249972,D,2525
212,424,75472,0.5616455302479562,61.14767475238975,7.819697868357175,5.264515295685062,0.2096316256633742,0.908869768359306,1.2760742919926995,0.5074442090117373,404.9294736669981,D,2525
213,426,75828,0.6297723389743419,63.80021401768298,7.987503616129572,5.3951080791380726,0.1753460513473704,0.9283735361102844,1.3596104169992032,0.4750959590019192,406.7645761249878,D,2525
214,428,76184,0.6254563010140751,61.42293486425211,7.837278536855259,5.298684203190359,0.2060737326116212,0.9109131386243025,1.4356133330002194,0.458871499999077,408.6592242089973,D,2525
215,430,76540,0.5781486496496736,62.4775299420001,7.90427289141766,5.29404591066152,0.1924424931481695,0.9186997749544478,1.27482483300264,0.4951401669968618,410.4293187500007,D,2525
216,432,76896,0.4915803719437524,61.60026544973912,7.848583658835467,5.3037523740698935,0.2037816342262114,0.912227113124136,1.317717583006015,0.4855730410054093,412.23274266699445,D,2525
217,434,77252,0.3858281466063489,62.408917834476384,7.899931508214257,5.321583846320025,0.1933293435493159,0.9181951835990192,1.3954316250019474,0.4842456250044051,414.1126475839992,D,2525
218,436,77608,0.3224064053109522,62.46003879799233,7.903166377977395,5.298431430268384,0.1926685761040741,0.9185711668379872,1.3514582079951651,0.4732008750142995,415.9377973749943,D,2525
219,438,77964,0.4170801375019416,61.8720885217332,7.865881293391936,5.26513329980827,0.2002681668639752,0.9142375868505084,1.3147085410018915,0.4997481669997796,417.7523649169889,D,2525
220,440,78320,0.4191639892170938,61.802569614138655,7.861461035592471,5.291031561399761,0.2011667381703029,0.9137238280391168,1.2732762500090755,0.5007042500074022,419.5265488749865,D,2525
221,442,78676,0.4145240659794111,61.83159945117139,7.863307157371597,5.273165264592962,0.2007915110632097,0.9139383995356124,1.3555348750087433,0.5205091249954421,421.40279533399735,D,2525
222,444,79032,0.3937047321474954,62.04042894904381,7.876574696468244,5.26473785315448,0.1980922713715074,0.9154804623350288,1.3052813329995845,0.4583189170080004,423.1665143749997,D,2525
223,446,79388,0.3131175945314128,63.32134472574656,7.957471000622406,5.283393197696701,0.1815357085227275,0.924882897883752,1.3602237500017509,0.4464383329905104,424.9732879999938,D,2525
224,448,79744,0.3024011435133688,62.172191321010594,7.884934452550039,5.284468210660494,0.1963891679885605,0.916452102122334,1.336285792000126,0.5103137079859152,426.8200364589866,D,2525
225,450,80100,0.288708093461026,63.28230569419645,7.9550176426074914,5.354678596079591,0.1820403101453873,0.9245977483845954,1.3244779579981696,0.4926280000072438,428.63735587499104,D,2525
226,452,80456,0.3423971952347273,61.587084128508046,7.847743887800369,5.278326210222747,0.2039520102785338,0.9121295080095916,1.285063875009655,0.4787908750004135,430.40137649999815,D,2525
227,454,80812,0.4484179301208325,64.77600755635113,8.048354338394349,5.402403683797551,0.162733366466574,0.9354461088337244,1.28211575000023,0.4790336250007385,432.1626373339968,D,2525
228,456,81168,0.5967761773741647,60.73266058825276,7.793116230895877,5.282098330949482,0.2149959190983066,0.9057802312584134,1.3919705000007525,0.4967538329947274,434.0514520419965,D,2525
229,458,81524,0.6426654287268606,65.27032101502074,8.079004952035909,5.477311471213214,0.1563440846774713,0.9390085758995176,1.457248791004531,0.466948625005898,435.97573879199626,D,2525
230,460,81880,0.625254128086433,60.93739158333933,7.806240553771023,5.258137104482303,0.2123496548794603,0.90730564828759,1.390539333995548,0.4892192920087836,437.8555874589947,D,2525
231,462,82236,0.5412518248129427,62.98014448928211,7.936003055019706,5.359662387052528,0.1859459150810256,0.9223877162187376,1.3256423750135582,0.515132790998905,439.6964735419897,D,2525
232,464,82592,0.4890276555264933,60.70961068481147,7.791637227490219,5.249874099546116,0.2152938521723815,0.9056083292865812,1.381242832998396,0.4731275409867521,441.5509426669887,D,2525
233,466,82948,0.4811791559953368,64.03514524408581,8.00219627627852,5.371923579860796,0.172309432011561,0.9300812382301058,1.2837367500032997,0.4630071660067187,443.2978142499924,D,2525
234,468,83304,0.5600691678818692,60.842757618615856,7.800176768421076,5.249153456707233,0.2135728525424688,0.90660086515157,1.344851292000385,0.4474121249950258,445.09021341698826,D,2525
235,470,83660,0.5971080707700065,65.48139702040258,8.092057650585701,5.374381884872189,0.1536158076021669,0.9405256681589792,1.4209623749920866,0.4782637089956552,446.98955745899,D,2525
236,472,84016,0.5789799358737603,61.23873853750727,7.825518419728323,5.24341874952741,0.2084545745964984,0.9095462808365752,1.4499816249881403,0.4955102920066565,448.9351613749896,D,2525
237,474,84372,0.5143149881885293,66.26313544845956,8.140217162242022,5.438981261813206,0.1435113950788484,0.9461231637323694,1.179133624988026,0.5025613330071792,450.6170527919894,D,2525
238,476,84728,0.5223781084746457,60.97427217029786,7.808602446680062,5.184515948237678,0.2118729523772472,0.9075801669579102,1.828499875002308,0.4903142089897301,452.936003291994,D,2525
239,478,85084,0.5601592077298111,66.6950608010913,8.166704402700718,5.493045226765065,0.1379285149419226,0.9492017292352114,1.5473099170048954,0.4873640840087319,454.9716611669865,D,2525
240,480,85440,0.4848977916696098,61.07645763202736,7.815142841434657,5.211268326531537,0.2105521473328192,0.908340345569112,1.1995299580012215,0.4531767500011483,456.6244627089909,D,2525
241,482,85796,0.6671682723452536,65.56896620320907,8.097466653417541,5.476117085831368,0.1524839262520253,0.9411543470713348,1.2834811249922495,0.5241455419891281,458.43222116699326,D,2525
242,484,86152,0.6707552237791962,62.67187466905023,7.916556995882126,5.206983408947223,0.1899304773339705,0.9201275348714004,1.3109749580034986,0.4835324169980595,460.2269500419934,D,2525
243,486,86508,0.6865013127916315,63.534104146143655,7.970828322460825,5.328118001883812,0.17878567235365,0.9264353959737752,1.3628788750065723,0.4710529169969959,462.0610101249913,D,2525
244,488,86864,0.4928425172071778,61.99950646514849,7.873976534455033,5.167123258837804,0.1986212176838754,0.9151784825211202,1.3537650420039429,0.4639767080079764,463.8789391249884,D,2525
245,490,87220,0.3082704229301281,62.81011220429452,7.925283099315413,5.21578414237451,0.1881436787934575,0.9211417545688372,1.2501515000039944,0.5059119159996044,465.6351044999901,D,2525
246,492,87576,0.3337634999430581,61.96593154339194,7.87184422758682,5.25920229884777,0.1990551925886394,0.9149306482336568,1.2568014589924132,0.5052816249954049,467.3975849589915,D,2525
247,494,87932,0.4830091696106985,62.91543944209519,7.931925330088225,5.220353251044084,0.1867822645115411,0.9219137694018272,1.2288069159985753,0.44480820800527,469.071341124989,D,2525
248,496,88288,0.4480798308099253,61.747473959585946,7.857956093004462,5.2532718799374845,0.2018788807513278,0.9133164547093916,1.2160010840016184,0.4580824590084376,470.7455343749898,D,2525
249,498,88644,0.3405053716027335,61.40713606451736,7.836270545643339,5.162284011300276,0.2062779410580323,0.9107959815736452,1.287678250009776,0.4606720419978956,472.4939752089995,D,2525
250,500,89000,0.3265720897176292,61.89872760643923,7.867574442383067,5.248228844360784,0.1999238415865517,0.9144343785881528,1.296268958991277,0.446022374992026,474.2363788340008,D,2525
251,502,89356,0.2710345576653319,61.36137390891977,7.833350107643585,5.20554162326612,0.2068694428718342,0.9104565441870572,1.1794712499977322,0.4564098749979166,475.8724498749944,D,2525
252,504,89712,0.2796492687102114,62.269358131403074,7.891093595402546,5.267690633472643,0.1951332318588489,0.9171679684936296,1.264807458006544,0.4472842089890037,477.5846559999918,D,2525
253,506,90068,0.3228103639034743,62.369703444563136,7.897449173281404,5.259455141268279,0.193836211778269,0.917906666163513,1.3349633750040084,0.4703117499884683,479.3900528339873,D,2525
254,508,90424,0.340087372265505,62.62042390271944,7.913306761570629,5.281237384085713,0.1905955076676326,0.9197497658379244,1.2809914169920376,0.4899041250027949,481.1610520419927,D,2525
255,510,90780,0.2387325452284866,62.68595735270793,7.917446390895737,5.291517943023187,0.1897484506611019,0.9202309076939326,1.18884645900107,0.461325249998481,482.8113829169888,D,2525
256,512,91136,0.2130391972788264,62.63847237803667,7.914447067106878,5.314156371089611,0.1903622208884786,0.9198823015504336,1.214174708002247,0.4441087080049328,484.4698378339963,D,2525
257,514,91492,0.2538680445947004,62.79006267850308,7.924018089233711,5.321647575509693,0.1884028302848293,0.9209947246657276,1.3377567080024164,0.4710257910046493,486.2787781669904,D,2525
258,516,91848,0.2840909192736229,61.63206866438715,7.850609445411684,5.302531183489903,0.2033705596405982,0.9124625667448856,1.285335833003046,0.4820597499929135,488.0462831249897,D,2525
259,518,92204,0.2307844220587376,61.97680569715323,7.872534896534485,5.266736745834351,0.1989146379843082,0.9150109234740874,1.1877386669948464,0.473081332995207,489.7077897919953,D,2525
260,520,92560,0.1949570031648271,61.65078883883485,7.851801630125079,5.253645621813261,0.2031285907692479,0.9126011322831642,1.2299671249929816,0.4620993329881457,491.39999179200095,D,2525
261,522,92916,0.184150206908751,62.76746469894871,7.922592044208051,5.267237946089463,0.1886949219863699,0.9208289779535196,1.3367232079908715,0.46103462499741,493.1979158339964,D,2525
262,524,93272,0.2262688198786103,63.49654155785334,7.968471720339687,5.322788765555934,0.1792711901098544,0.9261614922424536,1.309581875000731,0.4758695000055013,494.98347408398695,D,2525
263,526,93628,0.1916652588027247,61.88409111168465,7.866644209043946,5.219342944110453,0.2001130265819258,0.9143262591986724,1.2281264580087736,0.4897322080068989,496.7018439589883,D,2525
264,528,93984,0.1864324908577994,62.36231631678079,7.896981468686677,5.274842351071747,0.1939316945942549,0.9178523056787696,1.2541934170003517,0.485706207997282,498.4419173339993,D,2525
265,530,94340,0.179982869645183,61.96162368844303,7.871570598580885,5.25330310794506,0.1991108740569313,0.9148988448142116,1.3098513330041897,0.4376193329953821,500.189527124996,D,2525
266,532,94696,0.1887738900573066,62.62988770993853,7.913904706902815,5.269343816317045,0.1904731825921971,0.9198192639751548,1.2795187080046162,0.441250542004127,501.91043241698935,D,2525
267,534,95052,0.1816058751572384,62.73812583151362,7.920740232548573,5.279332785471248,0.1890741434866715,0.92061374513221,1.249222500002361,0.4898547909979243,503.6499131669989,D,2525
268,536,95408,0.2751625521799152,63.14512407270356,7.946390631771355,5.256065370582858,0.1838134604018322,0.9235950460459282,1.2796910829929402,0.460531707998598,505.39024758400046,D,2525
269,538,95764,0.3233331036701631,62.67020835953232,7.916451753123511,5.269891941595657,0.1899520153294894,0.9201153026901508,1.3602856249926845,0.4414022919954732,507.1920909999899,D,2525
270,540,96120,0.3076931529500511,62.14455576489817,7.883181830003553,5.240890412195491,0.196746373224032,0.9162483978776608,1.2655212499957995,0.4246011249924777,508.8823539589939,D,2525
271,542,96476,0.2741694942619023,63.23901263371339,7.9522960604918,5.267215501924276,0.1825998975045569,0.9242814236686406,1.246586249995744,0.4827554999938002,510.6121419589908,D,2525
272,544,96832,0.2518391143739893,62.13504575833553,7.882578623669765,5.228508442519647,0.1968692954521834,0.9161782882634412,1.3004298750020098,0.4875327089976053,512.4002423749916,D,2525
273,546,97188,0.2460545996266804,63.35973537740478,7.959882874603418,5.284110131051376,0.1810394875778803,0.9251632257664064,1.227891082991846,0.4680773330037482,514.0963390839897,D,2525
274,548,97544,0.2635582494601775,62.76481355068402,7.922424726728807,5.253996860643148,0.1887291895812145,0.9208095309363632,1.2583991669962415,0.4653334159957012,515.8201928749913,D,2525
275,550,97900,0.2104090278068285,63.595109448774906,7.974654189917887,5.279991161485433,0.1779971442197213,0.926880069838164,1.1851565419929102,0.4713786659995094,517.4768447919923,D,2525
276,552,98256,0.2237980072752813,62.67181113019546,7.916552982845214,5.226083202400671,0.1899312986097027,0.9201270684431586,1.333123208998586,0.4828759160009213,519.2930692089867,D,2525
277,554,98612,0.2041057508982969,62.93663299133911,7.933261182599443,5.291187433096079,0.1865083258682456,0.9220690331962696,1.3122069999953965,0.4759223749861121,521.0813227499893,D,2525
278,556,98968,0.1885399416591344,62.544379782245485,7.908500476212003,5.209348678588867,0.1915784210510154,0.919191139720381,1.2469265830004588,0.4592590000102063,522.7876112499944,D,2525
279,558,99324,0.19814321130849,62.92608806675519,7.932596552627341,5.30541720274489,0.1866446249987465,0.9219917844202992,1.2301498749875464,0.6085396669950569,524.6264196669945,D,2525
280,560,99680,0.228958650084024,63.84167842453075,7.990098774391387,5.298308469988556,0.1748101003735059,0.9286751668034364,1.3091694999893662,0.4866203330020653,526.4223867919936,D,2525
281,562,100036,0.2367603445655844,62.27006944584872,7.891138665987864,5.276962053437948,0.1951240377162373,0.9171732069687124,1.2610094999981811,0.4456595829979051,528.1292098749982,D,2525
282,564,100392,0.2184669514385502,61.762014756037125,7.8588812661877725,5.239832291236291,0.2016909327107978,0.9134239859658372,1.2626805000036256,0.4494315000047209,529.8414481249929,D,2525
283,566,100748,0.1832994066932228,62.55198691148991,7.908981407962084,5.2853705998857015,0.1914800945913642,0.919247037574192,1.320469708007295,0.4849792909953976,531.6473982089956,D,2525
284,568,101104,0.1923834448784924,61.88483967757882,7.866691787376624,5.245008204147401,0.2001033509432157,0.9143317891448324,1.3449487080069955,0.4690758749929955,533.4615339999873,D,2525
285,570,101460,0.2159956080859966,63.029109988885104,7.939087478349455,5.288538147080765,0.1853130082292686,0.9227462133326192,1.239780083997175,0.4606694159883773,535.1621859589941,D,2525
286,572,101816,0.2295355381590596,61.11122068813564,7.817366608272612,5.21829623732007,0.2101028151177428,0.908598810088448,1.2508992919902084,0.4560344589990563,536.8692234169866,D,2525
287,574,102172,0.2453172176741482,64.0539653748816,8.003372125228315,5.351056608593899,0.172066171147724,0.9302179050912324,1.3488397920009447,0.4501966670068213,538.6692124169931,D,2525
288,576,102528,0.233825426255719,61.42515218471551,7.83741999542678,5.207027549203108,0.2060450724871418,0.9109295801059676,1.2549480839952594,0.5161644579929998,540.4404512499896,D,2525
289,578,102884,0.2383403757984718,62.57745304663129,7.910591194508239,5.309114061386479,0.1911509303522689,0.9194341402410652,1.2570584579952992,0.4997048749937676,542.1973135000007,D,2525
290,580,103240,0.2272566006089864,62.60705203844292,7.912461819082789,5.298387995615662,0.1907683465968787,0.919651559654498,1.2361846249987138,0.4461972089920891,543.8798608340003,D,2525
291,582,103596,0.2235147057289488,61.87144674712795,7.865840498454564,5.286177751989017,0.2002764621647123,0.9142328453264874,1.3419314579950878,0.4587735419918317,545.6814074589929,D,2525
292,584,103952,0.2238961058888542,62.58510203489992,7.911074644755915,5.25764618711433,0.1910520628409909,0.9194903308154346,1.290392458991846,0.4762882919894764,547.4482076249988,D,2525
293,586,104308,0.2040424845024441,62.74568335733958,7.9212172901227484,5.323756308690739,0.1889764581793356,0.9206691926973504,1.1601084160065511,0.498041832994204,549.1064890839916,D,2525
294,588,104664,0.1855673263414522,62.73580943990783,7.9205940080216095,5.263468125571124,0.1891040841618521,0.9205967497119024,1.1653966250014491,0.4595247090037446,550.7315374169993,D,2525
295,590,105020,0.2012006228559472,62.69121155748429,7.9177781957746385,5.298798533103727,0.1896805370845947,0.9202694727930584,1.23446583400073,0.4072444589983206,552.3733731249959,D,2525
296,592,105376,0.206247864646858,63.05413335209592,7.940663281621751,5.262283707437245,0.1849895670684812,0.9229293661831746,1.1317624160001287,0.3756566250085598,553.8809206669976,D,2525
297,594,105732,0.2776408498541692,62.39105317881419,7.89880074307576,5.322172616657458,0.1935602543551805,0.918063756750208,0.9528206669929205,0.4349840830109315,555.2688194169896,D,2525
298,596,106088,0.3038164095932178,62.946270081888414,7.933868544530368,5.29834544610398,0.1863837610074944,0.9221396258082558,1.0188302079914138,0.3689334590017097,556.6566911669943,D,2525
299,598,106444,0.2271819975268974,62.66720794788976,7.916262246028094,5.283070267935996,0.1899907973515676,0.9200932766128248,1.1803948749875417,0.404899374989327,558.2421157089993,D,2525
300,600,106800,0.2156171656391594,63.230756318243984,7.951776928350291,5.2999160241501535,0.1827066150643332,0.9242210858503332,1.1106819590058876,0.4277525840007001,559.7806575419963,D,2525
