sample_index,central_prediction,full_gradient_norm,sketch_gradient_norm
0,11.325093269348145,638.9705731129593,646.436695443824
1,10.23606014251709,604.0903956550998,608.1391994622609
2,10.500198364257812,503.1195954850279,497.111623448633
3,10.145147323608398,519.8968017704187,515.7604335353343
4,3.705061197280884,558.5566712150265,561.9410114507662
5,3.9500415325164795,599.1558182673677,599.4671470338636
6,12.644469261169434,1070.4845571829349,1018.6408793341301
7,12.3503999710083,1066.0302265476669,1010.1283788979811
8,15.16978931427002,886.0511785840265,888.1506093375064
9,14.837698936462402,913.7915485810912,913.6477556003733
10,21.657543182373047,2338.756794217819,2184.6954893401244
11,22.624313354492188,2371.0380959753484,2207.634860782138
12,8.853382110595703,858.9195383068788,856.467545652708
13,6.524388790130615,700.5248985772233,692.0038530607587
14,10.212669372558594,892.6274205594115,891.8157043347536
15,8.199066162109375,774.5081900543087,756.8241940169847
16,8.574727058410645,854.5594390351637,855.8027374228012
17,6.210797309875488,677.3184094302499,666.7757832198812
18,6.37734842300415,252.43269575397204,245.42049469303444
19,5.516713619232178,214.74136491406463,209.3112769663797
21,9.968636512756348,494.64657397987054,470.32559490671497
22,11.645289421081543,562.9522933669979,554.0964624671918
23,11.697049140930176,521.7636810253613,514.5081049945647
24,15.888463020324707,1283.4095171096274,1296.3735277250587
25,9.207547187805176,585.0152547482788,583.6417068681608
26,7.125810146331787,391.53395060980006,396.0140346566526
27,7.321984767913818,400.21094304040344,399.91560909712945
28,7.38098669052124,479.88535274270737,459.10373790343004
29,7.300312042236328,431.8252898922272,425.7052440191368
30,8.313990592956543,582.102900777709,599.2720392594886
31,10.172266960144043,652.775636998963,670.1727028993107
32,5.417739391326904,302.93923165553167,307.5671770299921
33,5.451747417449951,339.596712466166,353.41826162496284
34,6.829695701599121,404.1951604023157,400.48323887633745
35,5.549361705780029,238.918951748751,229.63334169062833
36,8.39519214630127,696.4465966225514,674.2127885676939
37,8.095731735229492,622.2781457851294,600.0321141459522
38,9.762276649475098,514.7961027565008,485.2246410995765
39,11.312220573425293,597.2215141557908,568.1848490962154
40,10.15522575378418,610.6570819259842,592.6403329679704
41,9.858940124511719,629.6939075872158,605.7259094555042
42,10.910185813903809,447.44997445569015,453.87943962569034
43,6.306414604187012,378.3480148027747,370.1045532276515
44,8.32934856414795,551.7851288633102,556.4795815356005
45,8.114912033081055,648.9437934479377,669.6926884250012
46,11.340178489685059,917.332432676327,891.7895159371293
47,12.744283676147461,960.5745553540953,932.8935570720876
48,11.58263111114502,767.9871052213726,730.6271683355279
49,15.64195728302002,1058.0205784179805,1036.0651876256716
50,7.588174343109131,422.1932479184975,447.42196591052124
51,6.9526567459106445,409.39936514213514,432.3933402221598
52,6.703515529632568,362.05341686450083,375.3347712309279
54,8.670528411865234,669.5791718596024,690.7200025624638
55,7.975820064544678,525.969902155204,537.1432981115215
56,8.716782569885254,343.4597324998697,311.01774993171944
57,10.449337005615234,406.3203083529622,372.12869796719116
58,9.777081489562988,499.8372763414129,471.5836154790069
59,11.308358192443848,595.7244007187936,567.490938732516
60,14.03170394897461,726.1074364484676,697.7820669003116
61,14.295580863952637,758.2326759832334,731.7962191269534
62,11.751784324645996,601.7495012885956,568.6719512106226
63,11.949190139770508,567.4600130693183,539.0394928807048
64,8.521536827087402,616.8667482233607,596.1425254837142
65,7.850640773773193,531.9792535618432,507.3378897818701
66,11.790590286254883,652.8575241042528,626.0570490541322
67,13.410243034362793,731.9106678635892,702.0169026826148
68,11.795315742492676,658.1812543459295,632.6579515389292
69,13.401989936828613,731.4210552435469,701.288762773994
70,5.123804569244385,346.63299491707727,330.46805938888485
71,5.925910472869873,386.3032502494069,374.331785004084
72,14.876058578491211,643.9429069350442,655.3087803305276
73,12.945588111877441,728.0120140656837,722.6391777154249
74,14.791306495666504,1341.6610783188462,1274.3572282562952
75,16.203662872314453,1349.6713063587742,1278.8298410469974
77,17.97372817993164,1513.1513129847015,1423.3491768596764
78,14.044164657592773,833.1608736685589,819.681432308331
79,12.82790756225586,772.8556585149652,753.5533108499347
80,9.700604438781738,357.10904443524623,341.4858386190943
81,9.999832153320312,453.6330124804473,434.0181778255654
82,8.295622825622559,408.48299482412597,388.2355886602035
83,8.728442192077637,429.58849108763997,416.90153043759085
84,11.690617561340332,652.2612999215211,647.0545524262598
85,8.94429874420166,658.5125216239742,632.8543787262246
86,9.543116569519043,855.4691077811848,827.2089320250644
87,9.156330108642578,875.639435057075,846.7112442269577
88,7.779044151306152,626.1144835271986,612.9139940825846
89,7.99758768081665,562.4697760874584,542.088003325331
90,5.524657726287842,231.75375717277564,225.58158227841793
91,6.834152698516846,404.946368037142,402.2288558870152
92,5.386117935180664,388.60446520286035,374.8215268980514
93,5.853034973144531,358.2374797558587,341.3234128817026
94,8.536728858947754,409.44497669780947,408.9200766715409
95,10.192259788513184,470.8997845650928,464.46769471688174
97,8.08231258392334,735.3236803047309,735.1516264135978
98,13.770122528076172,589.6959165704781,619.3196938593836
99,14.169706344604492,547.3902485677244,554.5748098011888
100,12.766955375671387,583.2586749361352,571.2622776275966
102,4.6305437088012695,254.84896987794824,258.05268653335287
103,7.148006916046143,681.7614483366551,665.8584665749056
104,6.7045817375183105,677.4434355715636,655.5081982023083
105,5.230653285980225,379.95477571474737,367.5675069761523
106,5.127699851989746,359.0933183883172,352.510666240732
108,6.544986248016357,480.35427547447654,461.20519776448094
109,10.776511192321777,638.894193234153,648.485166294678
111,7.304164409637451,534.2126867137525,529.9949777509464
112,7.317991733551025,528.2778880885426,513.5203110723695
113,14.071917533874512,689.9325106543181,702.5949449045348
114,12.359452247619629,711.3609752513187,692.4571590676527
115,10.842235565185547,722.204569998803,687.2356136169977
116,2.6227638721466064,411.8411588910497,414.7132873306242
117,21.175045013427734,1024.402134106899,1023.5914911486183
118,19.143903732299805,961.4446202021486,939.8190452437559
119,10.025078773498535,466.8928608118635,488.64768264748955
121,6.752793312072754,593.1645859560814,594.4914600080383
122,6.633634090423584,588.7312263608698,589.3758444253884
123,8.081313133239746,487.07379078561434,480.2827044061154
124,7.557129383087158,449.31101345285384,441.49915664626803
125,13.290775299072266,688.6997991349492,694.0609516249951
126,15.049697875976562,697.6980251767236,694.2690640286394
127,6.564545631408691,421.66776902256464,434.0416256952294
128,5.34113883972168,405.1925621329497,413.8624735423048
129,8.233264923095703,782.8741890349055,777.3377257114972
130,6.969213962554932,751.9005542693637,739.1306585032373
132,17.310054779052734,810.2770800642805,776.078775534127
133,9.11348819732666,628.5628877741822,628.3150077542947
135,9.807891845703125,641.3451675159039,658.7035547968007
136,11.107836723327637,883.0117803300319,919.49781782063
137,6.707766056060791,409.27196605216386,416.65383163292637
138,6.616235256195068,320.43020161701264,329.5715752775665
139,5.953188896179199,352.0660166068144,350.6291967367009
141,23.66609764099121,1011.5098294443719,1061.0347287481723
142,24.588293075561523,909.5978066152786,968.8349014843193
143,6.229979038238525,397.38104506847765,402.88971448662386
144,7.161685466766357,342.94426169642327,357.89136712568836
146,12.933741569519043,713.1311389944119,695.1201744242682
147,16.01565170288086,839.4061692768066,808.9149909365022
149,8.591368675231934,345.3761260017388,340.3135925420621
150,16.326335906982422,793.2132866719677,829.729533266009
151,15.330639839172363,703.316716507883,735.5780610604198
152,6.983534336090088,757.2607002559764,745.589703440161
153,8.290183067321777,797.4206430345344,800.8980322936148
154,13.47719669342041,550.300831306458,549.8989126108025
155,6.068517684936523,393.7654560929429,407.2435289295424
156,6.990694522857666,429.75941199731005,434.9330383122498
157,18.35352325439453,986.499807986084,1045.4319800179896
159,10.253222465515137,573.6717236794095,565.9277831621566
160,10.599525451660156,615.3437423898955,611.634935533002
161,9.766641616821289,410.5807280436435,406.6165313809329
162,9.620931625366211,354.8580870714902,354.14607293821683
163,5.244711399078369,296.9772102961222,296.46835756847804
164,6.0769734382629395,379.40226424703627,370.83464765498815
165,3.0873186588287354,337.03822358788943,330.5017034707706
166,4.988681316375732,630.342707413644,630.910866182675
167,30.697885513305664,1079.4689766217134,1113.058764224726
168,31.826858520507812,1141.9175629953338,1170.9986875009904
169,6.873724460601807,325.9384384629118,335.74425644189284
170,7.933238983154297,386.5307969868197,406.440265896632
171,9.282245635986328,673.8416397165415,671.7859858260047
172,9.049501419067383,749.1408497560597,760.5320596381914
173,10.534539222717285,612.0274434918952,614.1577516974024
174,11.23142147064209,633.3391622868149,642.4531933310076
175,10.890188217163086,479.2489248781766,468.52884618753075
176,8.357060432434082,412.3955475719584,414.46215592903445
177,11.47053050994873,664.9012990800694,651.1071769035708
178,9.80582332611084,663.6846743163694,648.7768379684182
179,8.29095458984375,384.78551321132824,390.7883515180772
180,8.779234886169434,359.88424304164596,359.054535492403
181,8.38012981414795,441.52788539318175,426.9263505546139
182,9.679723739624023,557.6330378331953,552.2133753994051
183,8.055938720703125,433.2360051942292,439.30783864815555
184,7.509077072143555,367.29816094021885,369.8583691135499
185,9.516085624694824,355.7862845486947,330.8787765561488
186,14.634197235107422,329.937744145118,309.9601305205045
187,8.44066333770752,697.6994814137556,670.1494498063565
188,14.162948608398438,953.9712297110812,915.840556188923
189,13.257064819335938,821.4148664955756,835.5622573053728
190,19.636211395263672,1155.3718830473642,1186.3932112090922
191,5.377758502960205,396.30481337812614,403.680402713207
192,7.179725646972656,371.5135570418675,373.1504973874555
193,11.267834663391113,488.424457575477,473.7642863659581
194,11.539468765258789,493.7510760795592,473.72349097346836
195,12.467419624328613,723.2159591974196,705.4914665975735
196,8.498868942260742,492.25870417566784,469.81519646620995
198,11.393643379211426,470.53733052531237,465.55026847388973
199,10.279519081115723,496.46669250035126,483.5388749998554
200,23.176176071166992,959.3268037478933,1023.520301317094
201,6.742656230926514,341.12294881181947,337.28421984263446
202,7.407968521118164,348.43849112650514,350.6489025244451
203,6.380446910858154,385.315255298411,400.2840911723684
204,6.405324459075928,338.1953977997704,341.9131790718023
206,18.42980194091797,1053.5284123674974,1023.5946192490625
207,3.5774316787719727,389.0785327336353,400.18070527388073
208,10.707669258117676,971.3953288552387,970.6772563801769
209,9.551558494567871,632.1408119086485,638.6507301169095
210,10.407490730285645,634.9296117025101,641.2351187109814
211,15.346037864685059,652.3416789390943,649.7780873837966
212,10.077417373657227,564.7697706081283,563.4715019136519
213,17.187744140625,657.3204908092852,648.7989119361038
214,14.461287498474121,529.2769228460312,523.2399306210514
215,8.149534225463867,343.0748190335004,338.439697888786
216,13.565863609313965,768.177541287307,763.1653226606836
217,12.615180969238281,849.7198123840279,843.191615691008
218,6.884857654571533,347.0263865364816,338.60656416701863
219,7.114953517913818,316.52816027884455,313.92492543132784
220,10.37290096282959,401.665138606431,395.67109946449676
221,8.33926010131836,411.4279072793654,411.8507531577139
222,25.26694107055664,2127.401141784561,1962.2555529672509
223,23.816801071166992,2091.8287297095253,1935.7616657987635
225,11.844561576843262,565.123966798318,571.6627913004066
226,11.882875442504883,991.402554564679,990.5428087001201
227,11.801209449768066,776.5367449941353,761.6806418440028
228,19.977359771728516,936.4020673182694,998.6191593484151
229,10.025425910949707,786.0629124010783,784.6438397251172
231,15.666751861572266,1022.8359223282163,1038.8048397743048
232,29.85871124267578,2164.0677115612475,2292.0044352246164
233,5.1657257080078125,421.03204281665114,402.7915458625972
234,5.276252269744873,417.54990377832956,411.9622508625159
235,5.893858432769775,604.3484569416937,613.4590788019513
236,12.456027030944824,859.2137841110815,833.8339542997867
237,13.347946166992188,887.597396285212,841.0235620767112
238,7.218867778778076,590.9297376813755,587.996661487448
240,10.725287437438965,584.1394775962493,555.6196458813577
242,14.386277198791504,459.8544772829134,484.71019746109243
243,15.210814476013184,461.4509068387986,482.58890188003386
244,9.81475830078125,402.28827795458733,403.4443924161301
245,9.743582725524902,664.5818960586691,664.6450110516274
246,21.686473846435547,771.5937795371459,744.7421428699911
247,16.50592041015625,761.1876524650728,735.2454429633754
248,17.933780670166016,902.1645452034962,873.2669654453932
249,13.030399322509766,576.6543051921967,572.8423539592125
251,8.177070617675781,325.068171214891,323.2133263662305
252,11.418305397033691,765.0465650555989,753.7504685966934
253,11.839792251586914,853.7774988735134,833.8689371506421
254,9.178838729858398,554.0451782267675,545.2580894806858
255,10.287458419799805,693.656581691166,696.6355895672807
256,22.799575805664062,1024.9425022255455,1005.418885650809
257,22.824462890625,1158.9937651299504,1153.118487169421
258,8.707369804382324,718.4440957625999,711.6825908811489
259,8.909953117370605,775.0382995194632,774.3234893469679
260,13.651723861694336,666.0526329564556,653.2763846807036
261,21.682649612426758,884.0764631092115,855.9885204245285
262,10.297600746154785,551.5897599264629,543.5130572965597
263,9.403286933898926,593.0804473926778,572.5277740373639
264,13.382611274719238,861.0166395812187,871.3357326551629
265,9.56284236907959,594.6611443003993,597.903321878135
267,9.2510347366333,419.4679821294841,417.26655911107935
268,16.96379280090332,950.4339452552019,890.3264287288367
269,12.03287124633789,664.2527574848508,654.7969267785038
270,18.764015197753906,964.5345424551717,908.1770880551267
271,12.849379539489746,795.0850521082384,778.8208498516589
272,14.665331840515137,885.5732671369811,892.1335138928264
273,21.32010269165039,1169.3025735039075,1188.2934669590556
274,6.95779275894165,354.4488767054991,359.54656935651474
275,6.843778133392334,384.3596859505945,387.048129129622
277,12.201396942138672,1120.8698950547773,1077.606891852445
278,9.481606483459473,581.1587565686516,570.0938584845155
279,9.13650894165039,485.810185102653,488.40398248703946
280,13.228371620178223,654.6965967484119,634.9604300322859
281,20.340831756591797,917.5923148072906,865.4835376830628
282,6.1176629066467285,477.30047345006926,482.2485788904762
283,6.649866580963135,472.7280074669148,479.94330488364665
284,4.879871368408203,360.60020415779496,350.91906063094564
286,6.193382740020752,659.228311855124,645.1026364065791
287,7.250975131988525,697.13111036288,692.8247398935614
288,14.092976570129395,858.0656884596533,828.5126233311453
289,12.564974784851074,886.3236050101088,869.629102797905
290,10.890554428100586,595.9024157723235,572.1844007227913
291,8.995951652526855,484.99156061908764,450.96993985901844
292,14.252427101135254,855.6446666156166,872.0492045189334
293,10.278271675109863,597.9077293051599,598.9634346848554
294,11.332003593444824,459.93459292463785,455.59601403521634
295,10.376228332519531,414.44721607120573,402.2302270323747
296,11.041725158691406,443.0789768819294,441.6180513046105
297,10.08072280883789,418.80491121881295,404.92093319537645
298,4.829995155334473,471.8993011838361,465.4662486641494
299,12.871943473815918,1001.931878764149,1017.9694676794142
300,12.777477264404297,844.9013151365616,836.5943457293716
301,6.5917439460754395,497.93690513125205,471.0447616569284
302,10.276394844055176,662.2263665585723,634.5599281672936
303,9.994535446166992,494.1835348490651,489.55155597080585
305,10.456007957458496,409.8533706588967,411.0267816727569
306,9.477376937866211,391.7544536453503,381.1317947845578
307,20.807260513305664,984.8611873545293,970.4205933660654
308,24.598003387451172,967.7609286566085,977.7605987923451
309,10.487998008728027,619.5244006734473,599.7052740245059
310,11.536261558532715,669.6053979321209,661.3240909502512
311,18.02939796447754,768.5343320924145,742.9823646617461
312,12.759626388549805,549.6259979855007,536.6245869379203
314,13.642341613769531,977.1374032422755,962.9104618477143
315,11.80570125579834,703.3221485611745,672.793510417266
316,20.723438262939453,889.5440377569313,844.6254998695935
317,19.279701232910156,1164.5088797744822,1113.306721475651
318,15.284099578857422,1177.3538744063385,1170.7751680705364
320,14.80201244354248,661.8706324860532,617.6563304799528
321,17.369487762451172,758.4119177783712,711.9880591668685
325,7.3620285987854,543.1517438597518,518.024527925405
326,8.89256763458252,695.8367696766371,678.388974205378
328,19.87478256225586,1318.4937079177928,1290.2780032965522
329,20.03668975830078,1368.631925867734,1335.6257927868373
330,20.073698043823242,1352.5747549299638,1292.2206378759065
331,13.64538288116455,694.4057217223733,674.9954372545485
332,20.893308639526367,859.4608972923485,851.0187041190769
333,12.411025047302246,804.000415662668,810.9186981117124
334,11.521967887878418,804.901234209861,815.0185123712064
335,30.527137756347656,1789.557797582941,1807.5861381368481
336,8.092275619506836,610.9863454281439,635.871541077384
337,10.37511157989502,515.9427979995485,498.35460215042866
338,9.271829605102539,586.5475136646901,563.3534127367479
339,15.325573921203613,931.4520028395565,951.4345868151622
340,14.478998184204102,726.689386399045,726.8863463084152
341,15.074074745178223,963.3728024690117,915.6826914587198
342,11.429303169250488,853.0813581142936,822.2345344898314
343,18.041568756103516,1537.932488211227,1527.32286742945
345,9.652070999145508,770.2548364560023,757.3677279024467
346,11.536103248596191,915.0458423405316,887.154938764736
347,18.47829818725586,1080.7120234177248,1063.764397708956
348,15.735389709472656,1044.0328961453095,1000.6500511952828
349,20.3283634185791,938.0421040943155,909.9797370481715
350,13.77962589263916,674.5395789450499,667.6236251236325
351,10.6963529586792,542.8866354693416,549.9088586201598
352,11.33594799041748,507.28615713026096,507.91106875175547
353,24.626033782958984,1143.8708750177382,1128.2042365650075
354,18.096389770507812,1006.6878670122738,1033.6262332521933
355,16.93817710876465,1212.120698318724,1211.228650455331
356,10.956110000610352,715.3792526088685,719.9988135350058
357,20.466934204101562,859.1402931179451,829.4506717253032
358,19.87885093688965,885.5961926589493,855.3424599782229
359,10.136940002441406,874.5744401899979,848.9556030756165
360,15.22685718536377,1222.6343306126485,1235.216310543776
361,17.55242156982422,1551.5475481814096,1448.7124918487389
362,19.294994354248047,1597.7530318340655,1494.1001789822592
363,9.478357315063477,625.0425834863914,622.3359427540692
364,8.804935455322266,656.0603771206177,642.8736253308746
365,16.28049659729004,1076.0302065610613,1049.923615424115
366,16.09471893310547,1229.84006967367,1196.4661757149365
367,6.793896675109863,367.3935480881163,379.7465463297994
368,6.73655891418457,358.7438205799812,360.31920239683376
369,11.072708129882812,719.5920322069022,728.635612654646
370,10.353501319885254,700.9214103918084,714.7482357352964
371,15.24258041381836,588.2160951342256,571.8038953192723
372,14.60819149017334,559.3427955514437,543.191563497246
373,25.846189498901367,1036.3520449701628,1039.855687954251
374,18.593172073364258,967.5072793364341,957.5293071026505
375,19.08428382873535,1341.2519112735981,1278.8429313234324
376,18.958065032958984,1352.2164992692803,1319.500351442265
377,19.205923080444336,1284.4769284911952,1261.4907260302161
378,19.190690994262695,1282.6079602997008,1244.7308254453578
379,12.945826530456543,688.9252566997069,664.4534235332598
381,8.272751808166504,668.3399283728828,642.5946991572667
382,9.229619979858398,655.9786693880405,644.3453557414811
383,12.384353637695312,970.8757698093511,998.7533610822502
384,10.18442440032959,817.2708076734727,824.2752365633082
385,6.931829929351807,574.9965003744447,546.8789072340795
386,9.080609321594238,552.9178812235181,521.3277386160455
387,10.360823631286621,482.12973502830573,454.41964668249403
388,14.198185920715332,552.5617532476198,561.6597965556426
389,15.345379829406738,623.1613207161537,636.3228398856495
392,18.474166870117188,1335.9564920079001,1377.226329046854
393,15.34395694732666,926.7117663061972,922.4823155043196
394,8.447823524475098,685.4787883899124,672.7522084994903
395,7.908877849578857,604.3516736274703,581.7169071809236
396,9.99361515045166,868.4578639823296,860.617094187442
397,18.552654266357422,1295.9050397625026,1237.5526927908977
398,18.414531707763672,1356.2937918102373,1325.8589205304345
399,18.393692016601562,1313.6093342544063,1277.1607279562852
400,18.713130950927734,1287.2887552575535,1230.5790258022996
401,13.39632511138916,495.10707390711974,508.63565644528444
402,14.936788558959961,656.3528194319694,679.2497784849451
403,11.899168968200684,439.18669615848603,442.94902532048735
404,10.74887752532959,436.45371037451457,431.1487281995867
405,18.069482803344727,1277.01032448689,1215.734486974301
407,18.062068939208984,1286.026348232217,1259.6967212804866
408,17.965316772460938,1263.947069678367,1204.4515370804497
409,17.491580963134766,1219.5397103475825,1183.4459635928363
410,17.034032821655273,1086.6126486178125,1048.6113205240201
411,17.096473693847656,1061.3731068180327,1020.8775864724929
412,17.67576789855957,1258.1819673967138,1221.9206820871264
413,7.691843509674072,612.4623432770904,610.8278458236379
414,8.858292579650879,626.2729361728841,627.9520613906726
415,8.078059196472168,598.144567118188,596.8572055840654
416,3.8133411407470703,390.0219933535901,396.25421495442146
417,8.871536254882812,985.3270715707774,988.75101293093
418,24.53925132751465,948.8598198279294,904.0608523434147
419,22.049270629882812,912.9601877950365,876.7452637597517
420,27.80893898010254,933.9894039914576,931.5719369699272
421,19.41097640991211,1024.9180418885664,1016.8469640418424
422,26.804485321044922,776.6324970186126,744.9412935346593
423,21.70649528503418,697.9290316785228,673.3054394919824
424,10.681855201721191,525.6756598135877,502.8501993843291
426,20.66071319580078,900.8177395861642,858.6168902419557
429,17.487438201904297,1263.2148990147484,1202.5782465188793
430,8.925163269042969,787.4106254995639,796.5642213280737
431,12.9600191116333,588.8204532815614,586.1389483192697
432,17.325206756591797,824.9587626479927,843.073561019431
433,23.567018508911133,1394.5440568585827,1423.0324229409991
434,14.609952926635742,891.7837338448795,893.6193546297086
435,15.243088722229004,867.5921641067729,874.5884462679608
436,8.272200584411621,566.0014303030971,564.204237056411
437,11.599295616149902,884.2209629572086,874.543534413773
438,11.389782905578613,653.8591965665593,644.4801451941264
439,14.765481948852539,950.1352974311798,946.9625889802556
440,14.397016525268555,810.2111410344637,800.3001780619845
441,7.13890266418457,406.32241636447066,392.6812331032448
442,8.10399341583252,568.4222838061462,561.7407090018754
443,11.69115924835205,589.3347261905107,551.138035815564
444,12.19279956817627,655.2313425079675,620.0874040394027
445,9.953097343444824,432.3246760107392,407.2839650331387
446,9.681723594665527,352.9074337993439,338.3656553591197
448,14.661789894104004,654.564669984156,666.2432979521235
449,14.576623916625977,597.9410555730307,590.4922941286417
450,14.839924812316895,748.2828778496759,731.1244086360691
452,17.853818893432617,831.7758143852641,850.1751299784432
453,16.304515838623047,610.4843356989775,582.5238738734746
454,14.057901382446289,531.1359483556948,507.305119131808
455,8.140697479248047,487.36269891848735,470.76510229860133
456,10.786564826965332,628.2684063159479,612.1481405567504
458,9.972617149353027,646.7218886474319,652.9484543927045
459,10.752302169799805,442.04138673315185,432.10408743909284
460,10.020284652709961,344.44473689619457,342.60593642293634
461,9.743596076965332,725.7479048386845,708.6385180261801
462,11.585993766784668,950.4580439460325,911.7321911353123
463,10.029349327087402,525.2810606320412,519.4729902448024
464,10.27371597290039,589.7736151010063,556.5887944432081
466,20.28792953491211,754.3360300013434,717.7112897136934
467,18.813133239746094,593.9705120474106,590.6842833125556
468,16.039657592773438,533.0305110678432,524.9936281419724
469,10.613102912902832,917.8742074844665,888.7797163589602
470,13.484888076782227,1023.7845580753864,993.628132301818
473,13.484971046447754,1027.4623429277729,997.0634272359373
474,16.561315536499023,1109.2617684714394,1065.290294102978
476,19.26515007019043,1394.2845106590953,1355.9481668176572
477,6.179163455963135,335.1310496446738,322.7846326409847
478,6.011868953704834,286.71939134414174,275.56843537831105
479,15.30248737335205,638.9493266373372,644.6246094312318
480,16.05938148498535,608.0628691895661,611.6819183952272
481,12.1555757522583,351.5012748804933,336.6197705585448
482,8.427087783813477,321.4267798080689,299.09246034688215
483,11.654830932617188,694.0969770900451,691.1727677193518
484,8.982903480529785,554.4086594961994,544.9313048573498
485,10.101948738098145,559.7998828923569,574.8113358431879
486,13.66042709350586,781.6672302970051,777.0180833862875
487,30.246036529541016,1170.3977632234694,1185.612699907177
488,20.11353302001953,905.3780400081879,892.0620786020057
489,7.142028331756592,439.34184914627616,448.7699037189655
490,6.469940662384033,427.44557934682257,412.74363046594925
491,34.640533447265625,968.8145599742163,964.4754285267809
495,8.081559181213379,491.7378087213591,469.7210730107073
496,14.514330863952637,597.254922458211,575.8618949520556
497,10.00780200958252,507.7533360192918,487.6572158630927
499,9.237733840942383,578.1938834172176,581.5611314759183
500,23.596134185791016,644.6796277979207,681.03107112006
501,25.479904174804688,637.1617387959091,672.1130067770573
502,3.6890788078308105,352.5563281091179,362.19767187901346
503,15.64883041381836,1516.776900484225,1574.0720698646023
504,17.875932693481445,849.1797126792083,884.0104942159629
505,19.10883331298828,865.7876905172069,899.0808391206111
506,8.682811737060547,502.09527682233994,505.01866101138614
507,7.620723247528076,445.6658422249657,449.1775649164541
508,12.536500930786133,580.9709924493663,577.5831578123837
509,14.831046104431152,827.9257212711918,808.1705908373935
510,12.826725959777832,669.4838568600269,673.207049395471
511,15.890700340270996,846.4704978393271,821.0889193085907
512,7.486690998077393,461.6205736506276,466.3833901382667
513,6.985222339630127,492.41558243562974,468.11754044654265
514,9.611570358276367,669.8035977614811,665.2324285132239
515,8.969115257263184,580.4934567577851,561.2140125633947
516,11.402286529541016,1079.0708622306643,1081.635960703986
517,16.073219299316406,1321.4262440725265,1290.1870476005531
518,20.846309661865234,1471.7323552199077,1454.5939212870044
519,16.341415405273438,820.9522062877996,798.8252896138662
520,18.892986297607422,914.8966307485961,864.7716265192065
521,7.827476978302002,397.67212100472165,376.53739247690726
522,6.48335599899292,380.0577037941724,358.4542776467021
523,18.677024841308594,1163.3633333053053,1195.2915987090496
524,14.325654029846191,772.3483179551248,776.9339012064527
525,16.583948135375977,1123.7588692410197,1065.4155741325183
526,16.568086624145508,1097.6060769468274,1063.5261481931445
527,16.56776237487793,1097.6563797952608,1063.1182191518683
528,16.588708877563477,1136.6217904911327,1079.1048972922877
529,19.52565574645996,527.4769372024178,550.5630942954547
530,22.220783233642578,570.4810791498772,576.3966209315871
531,10.719819068908691,555.4864610235857,550.7786077879772
532,15.367128372192383,803.9382067218531,818.7442432072932
533,4.857260227203369,459.66163654937503,438.20248124137055
534,5.83067512512207,501.39150320986516,482.89071558135845
535,9.732028007507324,499.2661091580783,520.0176583713009
536,9.896732330322266,532.7080437688436,557.0819387743664
537,7.2532548904418945,581.505596871563,577.0856582389852
538,10.413020133972168,813.9773757375357,805.6139394045344
539,24.381458282470703,1207.805541331753,1237.3815996988606
540,11.862160682678223,716.7017523638841,741.095296942413
541,15.97594165802002,920.0117158631492,933.9341908137311
542,22.293563842773438,792.5881076944078,788.2113245321397
543,25.203950881958008,836.8309947063686,851.6915910095333
544,21.62491226196289,928.3118658147511,907.4562802424346
545,13.667139053344727,676.6030403345292,660.8199469772434
546,7.7824811935424805,680.7707098762082,665.9901394104352
547,7.463376998901367,565.244884117424,549.508546692476
548,20.958093643188477,725.5989209969974,723.4754680036822
549,16.01906967163086,680.948681322009,695.5412350551596
550,17.163698196411133,663.8252004031285,635.5530283285902
551,14.866994857788086,623.8002996491546,604.922714145375
552,11.801079750061035,1131.7106831139606,1089.795541425539
553,16.17478370666504,1644.5818873401352,1574.622848899729
554,8.929505348205566,701.2667057873076,666.9674934907572
555,15.246648788452148,795.9838293905099,752.293320988921
557,15.718945503234863,1068.4452237389532,1012.5786081523529
559,16.50650405883789,1083.1586947440287,1037.5088587174484
560,15.868426322937012,1103.906556129529,1043.9648724441106
561,21.769441604614258,1547.2858738130403,1536.1934562261652
562,19.713529586791992,1174.7411953839273,1164.6261609171793
564,14.853715896606445,1079.0141035160211,1041.6082933501548
565,9.610786437988281,685.0562568164802,679.6681024902242
566,10.18387508392334,705.6423983358962,692.1651666829855
567,15.197343826293945,624.4860234530266,638.7507653854153
569,9.982194900512695,504.8005820953382,484.6079297479533
570,14.499346733093262,580.341382632591,556.762677614363
571,29.763500213623047,1147.141064577316,1112.6476895585686
572,23.672943115234375,1045.4925256446845,1018.7227839135743
573,16.606109619140625,586.1488891178502,565.9639181206717
574,14.992239952087402,532.7446061294584,518.3931370525547
575,11.497551918029785,849.7031874798789,833.6603755942594
576,13.250749588012695,1014.6951970816025,985.007413026118
577,15.832696914672852,937.3561518906876,964.9410334753027
578,9.250823020935059,483.3438620395009,475.13661592132144
579,24.125492095947266,1052.6193332089417,993.93102567769
580,16.473739624023438,914.9455628916737,896.0428019741794
582,11.857501983642578,1035.513939090971,1038.6737402881324
583,15.80706787109375,617.966489892981,616.0837102307333
584,11.640616416931152,465.25488010996537,475.80374237844757
585,11.920475959777832,863.7560713287295,843.6816525924619
586,14.26499080657959,1386.311143446115,1377.4194868783636
587,9.334817886352539,604.7016867819103,593.7716619277902
588,9.948641777038574,746.9957406912015,750.6858974826368
589,15.032785415649414,743.4393254225854,728.5732896983409
590,17.067781448364258,960.1762068076604,963.4685257516475
591,10.186071395874023,543.3685686610571,542.620794057252
592,14.386281967163086,1093.8418263797319,1110.7785857366557
593,11.363696098327637,1004.2927137679496,1008.0198142533799
594,10.644372940063477,582.9806169732028,552.3723698482625
595,12.21253776550293,797.0298959843437,779.0239409628557
596,31.53742218017578,1756.5514374831318,1788.258330075306
597,28.629966735839844,1629.1521932262337,1646.3098676620245
598,4.378573894500732,386.44249050653235,380.6324500331643
599,4.519162654876709,372.67392307245296,364.0427977554217
600,16.505107879638672,948.6334146460586,929.858815555606
602,15.87436580657959,599.6163163087026,593.8998867107215
603,13.790640830993652,530.4410621901119,535.8373312927159
604,11.000706672668457,586.921616257733,577.9591114279286
605,10.953470230102539,640.1517331506961,646.8386842576504
606,13.45361328125,547.6541285161925,566.3339172642635
607,13.638190269470215,573.4891631717959,591.5183441748549
608,24.195533752441406,1003.8915216751503,957.822966285999
609,17.075153350830078,827.6201441500033,817.5654017297741
610,6.475371360778809,288.4959760504066,289.6897979947517
612,11.537291526794434,669.5407527709566,702.0129635203638
613,15.674368858337402,910.2247197377125,925.302139911239
614,22.811847686767578,1012.9520512953003,1008.7817969224748
615,16.333343505859375,864.8106667662945,849.2535686208771
616,13.365527153015137,881.129352511337,844.979790339207
617,20.21345329284668,1400.7895023129402,1377.2751709228667
618,9.539961814880371,562.7883917174319,574.8677922495103
619,11.072193145751953,525.4736073016311,494.2082484583866
620,12.199917793273926,746.0721491886487,730.1052698616235
621,11.38164234161377,897.920259348126,919.2257124492
622,9.220961570739746,575.5328723388417,590.4991769323326
623,10.296817779541016,642.5434027219259,644.2329157813199
624,12.500459671020508,1033.1090792710552,1011.0271812499307
625,18.09119987487793,533.8366937719816,547.6575156039232
627,6.670948028564453,386.32139937879293,369.483038162357
628,7.800734996795654,359.95356673714593,352.74854279378826
629,5.561020851135254,303.5099493761896,303.1761181678644
630,7.1816277503967285,312.3174088407157,309.25755302507986
632,19.884727478027344,1080.090623763374,1056.5634515454751
634,12.46739673614502,771.1700039937699,755.7456942656671
635,19.19222640991211,1048.8779046520826,1023.4078616560885
636,25.662078857421875,1129.8537612964162,1090.412972491866
637,5.960181713104248,578.5782755294156,563.9300155614661
638,8.5375337600708,743.1738247627487,731.1994634630213
639,22.008621215820312,1040.3163492116778,997.1254133901112
640,28.461214065551758,1113.239741564115,1074.0284383518554
641,12.465497016906738,490.6112360514396,488.9183555873064
642,12.520940780639648,676.0244309280224,661.5956801684804
643,13.220466613769531,709.4647237321408,699.4127459811444
644,10.503046989440918,668.2406709665427,670.6169268616854
646,10.175018310546875,524.6508598829299,505.6986623510047
647,11.379820823669434,646.0247199958183,635.4732667737296
648,24.347511291503906,1335.4473944248293,1325.0286265466186
649,27.233139038085938,1384.6648001357485,1367.8716691325303
650,15.78315544128418,985.4449616341294,959.1599448116428
651,24.00589370727539,996.819328285625,961.9091583164453
653,16.064956665039062,533.4503916546249,554.0115379141639
654,11.254748344421387,481.10438684577224,470.18478256807896
655,10.512154579162598,606.5691779451597,599.8438545921173
656,10.502461433410645,638.1063628331653,623.5922510142406
657,8.565930366516113,468.927159788712,472.45713064583424
658,7.832080841064453,454.5988935208453,461.8374944123524
659,22.084524154663086,984.3928007053551,968.9485315558169
660,22.45747184753418,955.2375359852387,929.6198439129151
661,10.131749153137207,696.509837110872,695.7605564751962
662,10.165186882019043,552.8306915967762,528.5757246986818
663,16.213163375854492,709.0478691433289,681.857158061897
664,17.775209426879883,456.9875586909072,453.33624786654104
665,12.31017780303955,742.875236018164,694.8368811925161
666,12.940367698669434,606.0559919585812,599.2694864108047
667,17.4565486907959,504.23846110942765,518.7850425931415
668,18.739269256591797,566.6913855294098,587.6250332229425
670,14.945446014404297,647.0698120345745,673.3529575964608
671,15.75388240814209,862.2530376219876,864.591256499882
672,20.36717987060547,1162.409681091834,1177.5328307918714
673,15.752878189086914,1158.6488561134543,1125.9190638674036
674,15.343843460083008,1110.414792196594,1092.9739238354678
675,9.6259765625,819.233342851207,807.0380735328049
677,14.187753677368164,789.1825001515226,806.3485783362521
678,11.571372985839844,722.1746156716522,730.5063168543218
679,17.746620178222656,867.6750255694994,848.7993755726
680,20.750076293945312,833.9909403015753,786.087826172538
681,12.707646369934082,666.2992026514615,653.3858859427252
682,13.049330711364746,774.477786191264,761.3112162397439
683,11.580082893371582,708.745061040136,672.5311229580036
684,10.387866020202637,595.8120773243398,571.9318437121963
685,19.361278533935547,445.0405743751756,467.6171531384528
686,22.070226669311523,534.9536374633916,545.5176908689257
687,13.098562240600586,810.452978893596,837.3796423883068
688,13.383723258972168,868.1669362234786,892.5314467950403
689,17.816650390625,924.2713450239597,951.4215794706665
690,24.59539031982422,1195.8058017786557,1178.932587774866
691,19.232240676879883,1319.9699966040596,1372.4443436458375
693,12.477458000183105,915.1104224794202,870.7368001732384
694,11.510917663574219,874.2996773398024,827.9378855296922
695,28.386369705200195,832.0492472975432,831.4633179643716
696,21.39946174621582,908.236118648207,903.1070674165152
697,14.50957202911377,1327.779629670351,1423.2035466879497
698,8.3631010055542,643.073694280273,666.9658105309348
699,11.42202377319336,748.8182632719015,737.5766244716873
700,10.413105010986328,887.5887850834831,878.1054552351312
701,13.123522758483887,752.4239962000836,757.3129069337336
702,23.390823364257812,739.7270896225629,726.535114050237
703,20.43951416015625,796.3892476528239,771.0857089442314
704,13.909162521362305,961.6820058295488,947.7846282283608
705,14.08699893951416,925.9927821160736,881.6203779837463
706,20.144132614135742,1454.2579453733729,1457.1213364134462
707,16.175878524780273,1451.427360127866,1548.3202244752179
708,5.878486633300781,504.8723997773013,504.8902819358415
709,13.397307395935059,627.8462934101289,614.006250788955
710,32.028411865234375,1113.4288807103073,1095.9424963842334
711,26.27132225036621,1103.796392183385,1091.5540220299852
712,7.534087657928467,380.01592054825676,368.5301563719404
713,6.762070178985596,349.6451506790571,346.97953798593477
714,10.8090181350708,701.2689654116205,694.7234256876562
715,8.085213661193848,468.373337539883,458.26629714453816
717,18.597686767578125,792.7983934258099,769.5514759664011
718,9.190658569335938,586.6440935266168,566.5674161306426
720,11.017739295959473,649.5961422239589,623.3701652013095
721,11.419189453125,830.1454172968324,827.5253451352585
723,10.100335121154785,510.03523033132143,474.5166738751333
724,13.76685619354248,999.2693295802036,982.1284540942415
725,17.89080238342285,1071.8343982047897,1027.734219098039
726,16.02400779724121,1247.081080348126,1239.7016056331388
727,19.160369873046875,1177.21686563777,1128.760860635562
728,7.458659648895264,507.6735013271777,510.007186594791
729,8.583147048950195,535.2881170019044,516.0988071074624
730,24.329397201538086,1262.058886605779,1268.1000531223347
731,22.5838680267334,1079.1225609789424,1083.6581926322287
732,15.129291534423828,517.480653174628,501.2905581309525
733,16.402647018432617,402.8446352379313,398.95814946390834
734,17.72974395751953,652.8046143827197,689.2309687711379
735,19.640058517456055,615.3055708079194,643.1469336182172
736,24.99375343322754,1216.228513719809,1194.392063743013
737,31.24414825439453,1107.0585097576418,1073.68790558138
738,14.098305702209473,686.9918910008165,696.7804072893088
739,7.3083977699279785,414.1523365437907,398.72815204267135
740,7.166090488433838,383.54084137881074,371.9480305625127
741,7.230295181274414,359.0407219177535,351.7170304458843
743,9.139876365661621,514.1579899893143,489.5876104228041
744,10.880097389221191,718.2388636369383,716.1457955376553
745,14.467576026916504,665.3375032426073,649.0744125311485
746,16.563426971435547,813.1086324029254,809.5804653696669
747,16.329774856567383,1033.8465909412723,978.7775149729666
748,21.037399291992188,1097.5728686522255,1003.9771106667088
749,18.696880340576172,1374.8848381529813,1364.8957271108281
750,19.788944244384766,1366.67525273339,1307.731135741697
751,15.857315063476562,1099.0813146418595,1111.405132122843
752,14.053627967834473,845.5512170745841,845.030820067145
753,10.558876037597656,579.0955247885944,572.6732448800033
754,9.049692153930664,451.3981831453393,435.5595410899896
755,17.625438690185547,748.0755255815038,765.824118452084
756,22.991867065429688,840.2233880103186,867.1586914953936
757,9.22986125946045,832.5804658155305,833.1429053690567
758,12.523774147033691,965.8061725319482,949.1206439032235
759,9.197813987731934,637.8048504025616,590.7819061791363
760,10.112290382385254,863.3376338133094,835.226346397229
761,18.288801193237305,745.425833493199,684.85771004876
762,20.512542724609375,642.3040683990826,610.5428482440849
764,12.576817512512207,962.1549138642887,935.7871277768946
765,11.498322486877441,577.6922967665488,590.4433649245847
766,17.437904357910156,876.0098711353065,881.8022259444451
767,10.208168029785156,527.8228515699208,531.5198167701462
768,24.980260848999023,1236.6281527997053,1270.980130945269
769,11.479595184326172,727.2700133363275,750.2696306793773
771,11.439988136291504,570.9278960263539,576.1325986569307
772,12.266674995422363,551.0811718181242,552.0211831407229
773,22.3737850189209,1165.8658501492034,1138.3768911528082
774,16.248714447021484,741.7684515072439,727.3806201115202
776,15.982649803161621,931.7125664679204,918.6861165882796
777,10.0004301071167,509.3996889537051,489.9127412129455
778,14.36715030670166,581.9689944419346,561.9732612058361
779,14.686543464660645,899.5586284864133,872.2868042375374
781,15.142653465270996,835.5068566969285,842.1458846006468
782,19.454322814941406,1050.925807616305,1069.6309305888362
783,11.748778343200684,820.2962547676946,801.4602170804715
784,12.8788480758667,890.127550918664,868.4977556132498
785,8.375967979431152,651.4439461737477,655.9717236206175
786,9.252883911132812,671.7827301687965,675.2650480466523
787,9.817442893981934,555.5096157833607,538.2498531888873
788,9.551618576049805,576.6450198733185,582.0687743356143
789,20.179927825927734,464.9219058541788,487.9577163083144
790,22.82406997680664,526.629824477028,540.5055913064322
791,16.272727966308594,373.39409976215376,397.2146703230605
792,18.79798126220703,453.4227272668744,468.55684904087923
793,11.651312828063965,539.1338191070962,534.6922324575356
794,24.764013290405273,657.5199158813263,669.4279811205778
796,16.678884506225586,1301.4334043811405,1286.380803012224
797,17.39598274230957,958.8489166239382,1008.891205966366
798,18.552900314331055,943.2421327926857,936.874286485583
799,36.086570739746094,1458.111218373285,1383.6139583238505
800,30.334693908691406,1191.0890680310363,1153.930778174173
801,20.094745635986328,1197.2236866788744,1164.4278322785174
802,27.14019203186035,1387.9522265544028,1378.1910507350851
803,25.186317443847656,901.7215906246365,900.9879588217964
804,21.733196258544922,999.2382774921674,974.4938587432523
806,20.64914894104004,891.9983640043426,871.7182269947206
807,14.2188081741333,822.5357339525873,827.517866635517
808,14.424773216247559,889.6290646445461,896.547342875662
809,22.51848030090332,1104.0251585665007,1095.781946463981
810,16.285581588745117,1125.4909668009805,1118.0254762976833
811,9.903862953186035,631.9952814026234,623.7020154999994
812,10.18288516998291,525.65322434673,505.9066755517403
813,17.502717971801758,1113.6740526707083,1067.567960711937
814,15.51073932647705,870.3127477071358,828.3370786250523
815,14.506388664245605,760.6523060864154,700.4902829551843
816,14.646218299865723,611.6729935340736,566.7904947814261
818,10.826672554016113,474.9928656379896,512.1044932365132
819,12.9295072555542,594.7628144790561,579.2357006322873
820,18.540760040283203,839.0395347712177,788.5348953087889
821,11.20134449005127,650.0185837541817,671.6658191576639
822,14.7907075881958,848.5638207905495,849.7035014115961
823,18.70391273498535,571.992376504502,591.3727710192616
824,22.435821533203125,686.5690052707494,706.1654364041327
825,17.44516372680664,608.1453448840565,637.4322572956233
826,18.682941436767578,623.5086984579059,638.8757134286376
827,11.405562400817871,838.379779223225,854.7125228494608
829,21.104129791259766,732.5334971957512,707.846881057072
830,24.28972816467285,1347.615660744858,1363.4607750797088
831,18.32660675048828,931.047891110462,937.0242539004943
832,10.090926170349121,480.1435562898983,490.9929228421972
833,9.365754127502441,570.8838708198257,569.5851669502113
834,22.056577682495117,1378.6898718305733,1355.4879713699047
835,17.312419891357422,1346.6895250679513,1340.4818677008948
836,15.53823184967041,897.2639203777417,876.3346002336177
837,22.436161041259766,870.3063288888069,827.8725354379226
838,14.284844398498535,735.2252461914102,735.5443453286889
839,16.44742774963379,930.9086920857816,926.262624448051
840,7.350940227508545,541.2602788959024,545.18377713656
842,25.22161865234375,798.4018879329867,789.342997235433
843,20.31578826904297,784.299280929282,771.9503428708744
844,16.1691837310791,758.8234774064271,737.782773582951
845,11.485199928283691,629.0943515692733,597.8003353316075
846,13.484648704528809,1101.7232706232205,1083.134875798513
847,14.090401649475098,1256.0442003444093,1239.8131868336218
848,12.619946479797363,681.7749843836951,687.3125298181571
849,13.49390697479248,744.5051076705912,735.3490962144803
850,10.052767753601074,777.7752210947174,772.3842224379798
851,7.2572340965271,608.8167205655774,596.6205797805981
852,20.804845809936523,911.0962384797339,896.6048858982842
853,25.190889358520508,952.9754010629701,942.7009792196576
854,23.332515716552734,1192.0870086590917,1187.293477830115
855,16.64128875732422,762.3021029775774,753.7345699958744
856,15.959157943725586,1082.5832299465012,1123.463252482968
857,7.479502201080322,424.7415976374347,406.2127416295619
858,7.596140384674072,466.45608189324633,452.2386514529343
859,15.992899894714355,844.9977162640761,854.7148183119999
860,20.74679183959961,1099.8184302293303,1094.1572369190867
861,18.929046630859375,755.4411508017643,699.9790085288388
862,21.23905372619629,669.136310884791,641.1509964101333
863,19.286457061767578,737.9834557195786,730.0941010535212
864,19.08823013305664,637.1041522929289,651.8047951411799
865,16.104549407958984,380.4007373015505,401.0835718277798
866,17.554841995239258,429.9270113643884,442.8356940877302
868,10.531354904174805,527.7846563261114,504.14409960881756
870,21.47475814819336,1141.0595238463936,1136.6910158667656
871,16.331674575805664,565.9059537007566,590.1079299292634
872,11.096516609191895,583.1410475448105,584.2005036155891
873,21.261520385742188,1236.9072947073394,1256.7585293249917
874,28.80164337158203,1459.5106587884716,1450.8913883621801
876,32.8173828125,987.8264143694126,958.2074853551405
877,14.94381046295166,778.6127137768038,789.218424457667
878,21.482120513916016,1032.9451086317208,991.9317251017734
879,29.386096954345703,1055.0637745005226,1018.6436750131679
880,22.174327850341797,705.0238654141235,721.0895415005764
881,26.786354064941406,964.2866233896559,960.6204278044789
882,7.780786991119385,426.2235963894203,447.76234120279264
883,6.5784077644348145,418.2652145546945,436.4420756165092
884,24.26459503173828,1439.4574200721063,1415.2979317120544
885,23.520048141479492,1453.0648241164058,1419.1441065763245
886,23.646358489990234,1398.5047834184522,1373.4175181590683
887,24.28296661376953,1444.8912677178175,1421.1332969990385
888,23.013099670410156,962.9209224343648,939.5511248179491
890,16.807723999023438,1101.1441657953053,1050.8527527996257
891,14.001818656921387,872.3716226644683,811.0134958354633
892,15.327797889709473,521.3976087276177,531.3745916671362
893,17.915206909179688,579.7524052067336,591.5029189145583
894,18.01542854309082,1216.4252514185773,1180.7836629065077
895,17.163963317871094,1205.5088483273291,1169.2879302104884
896,16.691669464111328,969.1755154622288,977.86203475053
897,18.287073135375977,956.2405409802707,918.806438682869
898,21.271739959716797,510.21634618254086,519.3373925142091
899,24.21331024169922,623.390034633579,628.6019509048136
900,11.081119537353516,491.14988328848693,478.85870318808935
901,15.822855949401855,817.1530208498224,823.0563314961942
902,16.60614013671875,1212.9291014291234,1251.7143037007013
903,21.47041130065918,1485.271103148391,1525.4188752892624
904,13.880097389221191,476.65261189104734,506.5855510338508
905,16.784198760986328,623.6930317845286,651.3707060917046
906,18.799400329589844,434.6169217001159,453.28503365785883
907,21.472166061401367,550.6027648975999,559.1114906623473
908,16.069211959838867,575.2253980119003,593.0162525877636
909,16.650997161865234,754.5316431252794,725.7943513559751
910,25.0544376373291,999.4838048089439,947.6452529606006
911,22.00902557373047,978.2712520569568,962.9752441944148
912,26.30347442626953,970.1295486464028,960.6159505293766
914,15.589594841003418,1225.7540532510832,1208.8779704628437
915,14.404321670532227,722.1067679326575,714.1949298240966
916,14.888578414916992,724.3028546913869,739.6281498867793
917,8.312689781188965,520.3393726321658,515.7925230018698
918,7.060204982757568,422.1348415135216,420.458834210333
919,24.253524780273438,970.0095651411063,969.2760871040139
920,26.790735244750977,889.0976233548831,889.483626823879
921,16.504301071166992,922.1893350022051,901.5378415645013
922,23.971450805664062,1025.4835632471495,965.6473928555152
923,17.080413818359375,982.7300226961482,966.8495844527394
925,21.76748275756836,837.8844435743993,871.4466254010105
926,25.761964797973633,913.5556677487991,933.7721793636799
927,16.57370948791504,679.847359510762,680.3003165609535
928,14.476752281188965,666.6676887852805,651.7125462785808
929,19.473432540893555,1542.6453972285406,1542.8895772069436
930,13.013497352600098,976.3245257956612,968.4925607340292
931,15.472485542297363,943.3070370725144,933.3270100628873
932,23.96001434326172,1235.5060305928835,1224.8937947157924
933,13.472758293151855,869.9571642379873,833.3099245582753
934,15.35316276550293,1118.0632607544865,1097.580247653683
935,12.352829933166504,761.9430625143518,786.424153018375
936,26.549819946289062,1005.3364564077053,1016.3270231465775
937,24.346683502197266,942.3209845183775,965.5368662228515
938,29.25459098815918,924.6540589937777,911.5153090795862
939,26.9423828125,957.2078435558499,942.6049894291575
940,19.44138526916504,1234.150574854102,1203.4364711865435
941,26.77518081665039,1484.8635602840743,1444.074946942794
942,21.793474197387695,1078.9643972449835,1117.4873475296347
943,19.815906524658203,1109.9433237387698,1089.166398099213
944,5.839023113250732,407.160039951427,412.7114943413235
945,9.736668586730957,727.2623235227198,728.1999106087635
946,32.18212127685547,2988.1580102587263,2777.868470266731
947,31.255714416503906,2937.098627694989,2714.990016964963
948,13.077455520629883,892.4180760780919,881.2520752828613
949,20.481225967407227,934.0689063202218,925.0379356124472
950,10.50052547454834,562.009900261872,582.3702034915082
951,9.874870300292969,559.068981530655,581.2267243819927
952,21.779510498046875,766.9201363538887,762.8780225583909
953,21.178607940673828,647.2095169443716,665.304856027913
954,14.342166900634766,1036.216505653302,1007.1131153430092
955,15.05029296875,904.4838878973646,885.7632997374499
956,17.069778442382812,1048.1035586605335,1057.0119938404916
957,15.053593635559082,694.3567515538106,680.3849130753478
958,22.458694458007812,1159.3626013908995,1146.4745983654682
959,21.611114501953125,1011.3344662015334,987.487638050182
961,24.358572006225586,1117.9788593088467,1091.6433092014595
962,27.432769775390625,944.9762579513798,939.0392909046874
963,9.965521812438965,708.8050211497747,722.3920643113942
964,20.502792358398438,1155.6646926789942,1184.1032373815576
965,22.78728485107422,940.5812957072179,961.876682036601
966,26.182796478271484,947.899467053202,949.8060959811991
968,5.443142414093018,394.1210975327867,396.6589873430448
969,20.10733985900879,1137.6396636155232,1088.4526920402993
970,26.788686752319336,1271.1937278451499,1233.3483978578492
971,16.36745834350586,768.8917135268678,794.1966381403824
972,18.489303588867188,847.0873786739924,857.7498001377709
973,9.50047492980957,615.6369603872803,593.3301067356106
974,10.77949047088623,665.1887430898562,641.1445768983658
975,11.53531551361084,786.3908993143883,775.7858095962417
976,8.788761138916016,580.7141039921407,556.1985597982724
977,29.12725257873535,841.9362071618993,841.4107409677107
978,33.70084762573242,907.2578110721029,892.5788517530427
979,39.827144622802734,1077.4258892928776,1076.3725206648212
980,31.241012573242188,1016.0665428548306,997.0333365218202
981,15.196270942687988,1069.4268624165693,1057.120511520939
982,13.017916679382324,870.3049216164068,848.0257597060194
983,18.697507858276367,855.6868697602686,858.9038566638744
985,33.63668441772461,1023.445169256726,1084.3975213177143
986,36.825294494628906,794.7018419500819,793.83975458006
987,29.008403778076172,1005.2615971781718,997.2981134692125
988,13.635469436645508,711.6989897698076,729.2025082209399
989,12.910391807556152,646.6195546083981,637.2293350262698
990,13.999029159545898,651.7683470881766,637.8710344935304
991,39.63603210449219,1072.8951640624862,1081.6698932301085
992,31.16988182067871,1027.149095737421,1006.2768258388307
993,14.737109184265137,705.9949045878418,690.5054980760923
994,19.379955291748047,1140.7095160913584,1153.8828648255276
995,8.682330131530762,425.4802026973978,412.1309120969357
996,11.550429344177246,670.7500758845665,647.4972400530355
997,8.136088371276855,364.18521770084163,345.45904469015903
998,7.041100025177002,337.22928442202607,336.608656785845
999,14.225573539733887,1044.6847310456567,1025.9372228712452
1000,20.424163818359375,1200.78945859453,1137.1907588031938
1001,21.96285629272461,1164.1556813683856,1128.3907338082047
1002,16.05147361755371,1013.8996057667246,982.7723975630448
1004,25.26349639892578,807.8472489506457,811.7403281560964
1005,7.686026096343994,585.1751727910191,584.8094765512491
1006,10.216410636901855,730.5767753551492,735.7076238442245
1007,15.803071975708008,1136.1656169179453,1086.813625310198
1008,15.79963207244873,1129.0965387452968,1096.3174410305755
1009,34.17829895019531,1118.2367000220922,1101.0204393068843
1010,30.238182067871094,1025.9647802990546,1002.544174062527
1011,13.397655487060547,748.7414000550848,760.1087795503737
1012,16.719873428344727,951.334426150776,969.5671731927888
1013,9.14908504486084,528.0918164469356,486.4468377362665
1014,9.445480346679688,482.4349520725427,443.13916090081386
1015,10.314567565917969,683.2150983819212,709.4555109241737
1016,32.571868896484375,1827.4195235691614,1846.181578890719
1017,8.957118034362793,800.165963950583,789.7912444536968
1018,21.394996643066406,1128.278288793533,1112.3771875769276
1019,30.24439239501953,1096.3916362200882,1061.7523037960095
1020,14.044426918029785,735.5786642329638,749.9033413059364
1021,12.101378440856934,903.1372814498337,892.9786636178288
1023,8.40644645690918,559.2762011079064,581.0220768007656
1024,31.985328674316406,1054.9735106264243,1076.0854933581893
1025,34.66623306274414,999.5236963353782,1017.9385065718436
1026,31.70809555053711,1366.0186612313396,1330.0794319835938
1027,39.796607971191406,1338.2641978075026,1298.6928607863654
1028,26.023820877075195,1157.4520636889392,1131.1097414513176
1029,28.243200302124023,1080.9649449476935,1063.329651910971
1030,26.052875518798828,1326.8708766275552,1297.3813100166699
1031,29.873455047607422,1303.6660575384763,1298.0470561327284
1032,10.966605186462402,690.2688911464002,701.527952543776
1033,13.022298812866211,901.4100600514865,923.1138416682032
1034,7.6043314933776855,295.54538940989113,296.02444235007647
1035,8.352200508117676,310.34144271282094,297.9435672372333
1036,15.45537281036377,630.8729365763442,682.0343460089894
1037,15.570700645446777,615.9332467314362,663.3495373582432
1038,11.549637794494629,588.947955223035,598.0364644964958
1039,30.741703033447266,1321.8985718036552,1247.3287769245646
1040,26.585227966308594,1123.337557980904,1075.8253957309405
1041,14.991510391235352,833.0615175609605,815.0561203779779
1043,22.92593002319336,549.3496556510094,560.6403889237546
1044,24.34903335571289,583.8759327070211,598.8908363048374
1046,26.819625854492188,642.0703112677475,653.5727688362355
1047,25.597003936767578,1198.0671632687076,1245.4562781039435
1048,32.798179626464844,1330.407687103799,1386.6156313265305
1049,38.403621673583984,1192.6758969208013,1200.120938300379
1050,41.78767776489258,1164.2276779253427,1174.421241892435
1051,30.29792594909668,945.49706722615,1045.1099677100117
1052,30.57132911682129,976.5414539466642,1075.428678624466
1053,16.650226593017578,1058.1108476035151,1056.3851458551376
1054,13.655317306518555,885.0496869694318,903.5083563550188
1055,14.963743209838867,807.0294314222509,805.6598087110236
1056,20.562828063964844,1008.9849314012214,993.1153795238697
1057,28.83780860900879,842.413705399019,865.9409822377786
1058,32.584617614746094,897.133675910818,906.9903425670869
1059,21.66179656982422,1360.2153421018966,1304.9186702729917
1060,24.66558074951172,1501.7548113890327,1467.5100289655875
1061,21.789670944213867,540.0187561991645,544.6147993294118
1062,22.553085327148438,536.136970910225,546.7597345242666
1063,10.321585655212402,534.4219627622044,512.5362026196841
1065,16.26553726196289,1159.011550968055,1177.0375115552588
1067,10.933358192443848,554.8882579672576,551.4918269490979
1068,13.062687873840332,710.6339212580058,715.0426358381264
1069,25.609210968017578,985.2281701228483,944.4389537459544
1070,25.27149772644043,998.5984016801395,971.222386705252
1071,13.626910209655762,469.90385429125047,433.060259458097
1072,12.818682670593262,401.1941603134321,364.56153098632456
1074,28.94401741027832,901.874000493946,866.112686347287
1076,15.130047798156738,701.2889385788978,669.8189383600175
1077,20.28282928466797,979.9572044400511,970.8479588742233
1078,25.14714241027832,1162.4880762578296,1126.1571337927853
1079,30.875858306884766,1237.7816021620265,1183.0887706967562
1080,10.023014068603516,517.2183611554724,517.9855105865086
1081,15.680476188659668,736.4232915888732,721.2343333236387
1082,23.59063720703125,1039.2107608438632,980.9550779481214
1083,17.525188446044922,789.0839948003519,718.1414752546939
1084,15.674493789672852,1056.982872283976,1079.8374800553781
1086,24.33420181274414,865.8713337910145,842.8850002444293
1087,23.319904327392578,838.2189132005648,792.7389611034164
1089,13.305893898010254,1041.6334793885317,1060.0684355196145
1090,27.22334861755371,895.6401122598741,860.5350902222458
1091,30.9107666015625,981.6440568707256,924.7736102859147
1092,25.072956085205078,966.4097939957667,994.431263338879
1096,12.273293495178223,897.9692511642114,921.4873244798066
1097,41.35938262939453,1048.61941980362,1033.705556682934
1098,35.95398712158203,1099.8127369223203,1094.032825217387
1100,10.900267601013184,743.3642918469245,769.5315348741615
1101,5.403819561004639,304.2585080469168,304.3592771861986
1102,19.008831024169922,1480.0865516825356,1416.5746124183374
1103,18.575103759765625,1465.352737379127,1421.7971286246047
1104,8.809752464294434,525.6002949429507,546.8587578471522
1105,7.5529961585998535,516.5002627806971,524.4919446617806
1106,16.090787887573242,647.564353132835,674.3435367976351
1107,15.350457191467285,601.048017908748,627.9131233432771
1108,23.623334884643555,1240.0416910787626,1213.7218663578349
1109,14.060957908630371,726.2113767303374,693.9234147850655
1112,11.607598304748535,875.5631923128707,859.6641381027739
1113,11.474936485290527,815.845830590744,797.4804842971855
1115,10.285438537597656,513.1516940728017,533.4708622465047
1116,14.631531715393066,929.6931711264358,980.0612103643176
1117,9.120940208435059,573.8526765011363,561.4135036847421
1118,10.16126537322998,522.7131687788064,507.2476439014229
1119,8.872064590454102,513.2519854488479,517.3513381509025
1120,6.926785469055176,485.02348127075163,485.7838559021067
1121,9.967744827270508,807.0180324883942,817.1017385270068
1123,10.012231826782227,896.6755504730855,903.1637912470209
1124,9.749824523925781,903.3656290622888,908.069877728601
1125,4.72696590423584,300.52926921352633,276.2847293726707
1126,14.969414710998535,916.1885638965055,871.9519001893989
1127,11.387134552001953,747.7412102021767,711.3330296274594
1128,5.037399768829346,355.86437746730786,345.0361135357077
1129,5.40512228012085,382.6096161491845,373.16381781999365
1130,9.396310806274414,509.2819733146544,492.1473780735804
1132,11.622773170471191,406.99189158334764,378.3517769657404
1133,11.03255558013916,390.569127950491,371.7647647115458
1134,13.18873119354248,893.6311119552921,873.9989544819131
1135,8.534771919250488,441.6032863619914,429.6158854452639
1136,9.414694786071777,377.5194854824546,369.5492236618961
1137,9.7135009765625,369.6148926527952,359.6811347775615
1138,8.261874198913574,472.1214589996938,475.31522993416246
1139,9.079007148742676,454.9079040101766,463.14068400623694
1140,11.037955284118652,947.5136978659241,957.7546028962117
1141,5.225427150726318,361.3120823120349,361.08235988055566
1142,6.71256685256958,447.55130715648284,430.62461289317787
1143,8.354706764221191,537.8037538463843,537.9864565860869
1144,11.239306449890137,1004.2035108990793,937.1968795922427
1145,13.989151954650879,977.5612084284613,951.1041525527929
1146,8.744023323059082,565.9017824972332,550.3941969841612
1147,10.882386207580566,739.1586551075229,713.3310596823709
1149,6.5933756828308105,345.62061024669225,332.9039613456473
1150,9.144203186035156,397.4642555181566,390.73319850250124
1151,9.631208419799805,381.469630479607,375.64205577875003
1153,8.158985137939453,448.0001042327788,445.0363913283146
1154,10.683834075927734,601.8330698323216,603.3548289081934
1155,8.235026359558105,472.99571083274367,478.4060883675991
1156,12.587970733642578,600.1761506152479,563.3575404770551
1157,15.420523643493652,672.3035263519556,611.6872265315899
1158,4.871982097625732,279.194197325722,275.6700939740668
1159,5.1066179275512695,313.21736218025916,301.41700086514766
1160,10.691004753112793,581.3664831080551,554.6460033327373
1161,8.847999572753906,543.5751267202555,523.9047564957489
1162,19.080060958862305,1137.753833980808,1129.5684654787485
1163,14.498929977416992,653.6939958399238,614.4113858492093
1164,5.3298420906066895,444.43906569202437,453.55201649181544
1165,6.009927272796631,403.3499093290552,422.6365646928361
1166,12.226738929748535,625.2558654101175,630.754060568804
1167,12.829800605773926,635.1388583210294,624.301357075186
1168,8.894396781921387,648.5153102323031,657.2541691071995
1169,9.565234184265137,636.5877829797043,622.2843267154532
1170,18.2719669342041,579.6294353984737,546.0025342251375
1171,19.030017852783203,627.8424778012093,599.5266781444338
1172,6.205759048461914,310.48848792374054,319.5241622728859
1173,6.734622001647949,516.7821134954801,531.6070413185486
1174,16.043048858642578,724.4425859761676,707.6232618804156
1175,11.564974784851074,533.0385775010275,502.98027396788257
1176,16.821456909179688,818.3269734174241,807.7603721146834
1177,21.939491271972656,1150.9984240538845,1124.00159954893
1178,7.136545658111572,402.730705501425,377.48110211709917
1179,6.103156089782715,485.26712739821113,477.3810005009337
1180,8.46003246307373,445.10820554049434,434.6423069401017
1181,13.386723518371582,892.5864918867575,875.7070192689114
1182,8.957235336303711,675.4573320650678,691.3420016216188
1183,8.723511695861816,752.733176523887,764.0701062801396
1184,13.017228126525879,492.7049234787016,503.0783668707077
1185,11.900161743164062,491.7377346585016,498.262960935742
1186,9.569313049316406,402.9714694989548,392.91259731832184
1187,9.997925758361816,387.6866225860166,380.28558531010555
1188,6.6897358894348145,324.66033618357187,321.1757924493572
1189,7.072817325592041,313.38296235155065,317.7537542235843
1190,13.402322769165039,783.0079898891652,791.047773159728
1191,13.513326644897461,578.2178307726072,573.5770348257026
1192,8.696001052856445,512.4669403610931,492.1099244640624
1193,11.718653678894043,612.5159923730981,593.5473289178589
1194,10.747527122497559,581.8012710777625,587.3277612505037
1195,16.32476043701172,922.4487386014596,903.9508609298576
1196,12.05286979675293,520.1183521442846,507.7567969507979
1197,14.197225570678711,597.094083975954,572.5409177991231
1198,10.14549446105957,573.7228216486465,571.1019325866812
1199,7.940755367279053,429.1620170905078,423.3068144718567
1201,14.285751342773438,483.29411995621916,528.7153125533575
1202,10.693848609924316,499.12419387679904,497.16441612415014
1204,11.756787300109863,502.1127934906736,496.13526356375235
1205,14.091395378112793,564.6479352618139,539.059497091607
1206,5.476983547210693,314.7187259710651,314.8039498776208
1207,10.774169921875,734.329823175552,760.2279005685893
1208,8.745210647583008,530.5305516560687,494.79030202721486
1209,8.958902359008789,474.82301350182973,453.8435401534636
1210,9.67463207244873,604.103501073416,554.9080983292627
1212,20.53082275390625,1432.6502435645264,1422.1526519959918
1213,9.369587898254395,635.6628857256205,649.0784713966513
1214,9.97867488861084,682.2431902442136,687.8412966717993
1215,9.36465072631836,479.76031108079593,462.2271953336057
1216,9.316202163696289,517.6307460244001,511.4289584646243
1217,8.96644115447998,442.04183696532465,434.5735426788918
1218,15.943205833435059,1049.4329094916075,1069.689150710201
1219,9.514519691467285,738.7769099996858,719.1181926712952
1220,9.350483894348145,499.5662030971399,497.75083433965864
1221,13.235257148742676,640.3926468207551,638.030726643219
1223,6.856411933898926,576.4472092600082,561.821441923636
1224,6.6777849197387695,359.9019874248707,366.0494823170208
1225,6.123467922210693,351.2809875724765,348.8403577667685
1226,12.349799156188965,655.195044354212,648.2401064100663
1227,13.894852638244629,728.8084062232633,731.8538512700586
1228,16.862380981445312,948.0086245879886,920.220362431973
1229,10.872246742248535,666.6579586611821,652.7587306853303
1230,12.513741493225098,814.3553053634162,786.0983497649155
1231,13.382966995239258,888.6592794927826,870.4116624701657
1232,7.857136249542236,449.1934438832587,430.1112836280172
1233,11.910649299621582,991.8161780355673,975.1794546650044
1234,9.70320987701416,559.8481198548293,539.3361667282516
1236,23.89608383178711,1296.1384783278268,1290.650546939638
1237,18.967885971069336,836.1372263073205,794.7056462311929
1240,10.558219909667969,497.79763424455325,494.9934680990913
1241,15.704188346862793,1013.5649102565317,962.992019232894
1242,12.677119255065918,678.7340636023463,662.402946004639
1243,21.178855895996094,1025.4214641951778,1054.0910751636331
1244,19.602407455444336,964.400578412211,973.328577499419
1245,19.616413116455078,966.8690073250431,968.6076795613251
1246,10.842513084411621,549.8930869171982,552.315453920098
1247,8.350537300109863,420.9451318830026,405.87780482293476
1248,6.241253852844238,459.20985897484746,474.8415966877417
1249,5.788488388061523,467.64910954970986,475.98987437602756
1250,8.965417861938477,439.3536596556435,446.81486052593607
1251,9.886453628540039,517.7910658526531,516.5591408905285
1252,10.395465850830078,469.1040974452619,491.54574967670175
1253,9.905085563659668,416.41676308488604,438.4416320252443
1254,10.403313636779785,763.3697787858284,764.4072001539948
1255,13.049135208129883,711.0492329575529,720.3687021938604
1256,10.243255615234375,449.0502040048006,457.9114732756871
1257,10.423650741577148,463.2999144785437,463.3996783845943
1258,9.703814506530762,496.3275242949005,459.68981645191747
1259,10.94539737701416,577.2496240498223,527.312679988539
1261,11.07660961151123,636.9135090696009,635.2444028324793
1263,16.445283889770508,903.9896791775856,877.3697855975071
1264,15.311029434204102,1232.8437375969875,1187.3338557242616
1265,22.28096580505371,1481.9543510208234,1448.68064887847
1266,9.912930488586426,1042.1609630642151,1005.6164926884458
1267,13.713981628417969,1084.0988455425286,1064.8117457771323
1268,19.813182830810547,1218.4692164119988,1208.828285964759
1269,14.000329971313477,667.3255792511492,626.3689486612111
1270,7.447494983673096,356.0713443308297,358.5383487163172
1272,10.866755485534668,453.9496655984345,438.83926244148995
1273,8.209325790405273,487.6484221383203,448.334154657777
1274,12.6056489944458,586.492732850431,600.5350423577537
1276,12.48342227935791,717.3332714656556,714.0965364195873
1277,13.981307029724121,779.197694197717,756.9076295261464
1278,19.466304779052734,1049.164568653164,1062.030460033789
1279,21.074800491333008,1382.8197033587483,1402.589425868231
1280,9.2579984664917,563.1288093549017,561.1350986837759
1281,11.757509231567383,772.4428234108883,806.1145406792616
1282,7.539872169494629,401.33427617533926,408.39900378773154
1283,11.86418342590332,842.8943763457391,834.5108678558481
1284,9.456246376037598,398.90607288084675,389.5344098291283
1285,9.885833740234375,373.27740807610377,361.424454249806
1287,13.610048294067383,590.9738169524338,616.0969747780681
1288,2.7258191108703613,336.4795909039632,347.0877663631164
1289,2.690093755722046,324.27323085561045,318.54425761376575
1290,11.290006637573242,515.7976596679503,505.49104623476467
1291,15.389810562133789,847.6503353365385,820.2792191091573
1292,11.480432510375977,570.9323618279842,570.7102772123303
1294,6.825896739959717,358.61403247823756,347.5023117492084
1295,17.75110626220703,607.5735226467878,613.8118645414401
1296,15.758728981018066,448.26402391461016,473.8782478384371
1297,10.933680534362793,932.3428271213149,947.5805648060275
1298,9.375548362731934,539.1158756436447,518.0096256417891
1299,4.198668956756592,416.337298861533,409.02515739697617
1300,6.1855597496032715,396.10271149013283,383.14050544181003
1301,13.25132942199707,977.6588639914957,932.116489714343
1302,11.264466285705566,762.444109748076,734.4785026237383
1303,4.221367359161377,394.3548648107979,398.46590027396013
1304,6.251994609832764,403.5608692304553,397.3213686320921
1305,11.888773918151855,837.9499507127816,828.3357754632358
1306,6.5205464363098145,357.2917294856694,346.9394650302918
1307,11.865274429321289,848.1835292508945,837.8722737880921
1308,6.5243988037109375,358.4452886975342,348.2064437826703
1309,8.728630065917969,450.8041869503139,448.70247224091895
1310,8.852961540222168,452.65938356797335,444.68560189831027
1312,8.634847640991211,443.25720523313606,436.8079086841773
1313,8.121110916137695,631.2556425617057,636.9992271771088
1314,9.789697647094727,667.314173466498,688.4599473083176
1315,9.335498809814453,516.3636551278448,527.1096316533857
1316,10.169060707092285,476.0683725329375,469.9370950846858
1317,11.503673553466797,514.898712358439,500.6585762413931
1318,10.273970603942871,433.1413682907611,420.9938538858088
1319,25.2285213470459,845.3671503600068,840.0686102778743
1320,25.572568893432617,908.7436561611264,903.0264226357707
1321,10.906554222106934,350.90889054822867,333.3019996472939
1322,10.760982513427734,402.27730769162963,385.7696518330686
1323,6.464165687561035,428.3431799351347,413.8895044775527
1324,7.190852642059326,454.38663009175775,460.4448356588995
1325,10.435810089111328,504.5912092070329,518.4013311649037
1326,9.585963249206543,411.22800803169065,419.59568231896253
1327,16.42235565185547,786.5960046120928,782.5447503656918
1328,15.863663673400879,839.5393713650402,837.2084277513982
1329,15.136343955993652,896.6737022893544,895.538610524549
1331,11.52221393585205,594.4207102594521,585.4096518642872
1332,12.192426681518555,706.0290585495788,706.8264399891297
1333,7.027390003204346,376.887119061374,378.0543705614742
1334,7.686838150024414,371.43311098585025,369.64567682999603
1335,9.833422660827637,634.1492666559964,602.040077249449
1336,9.572285652160645,491.7782835246711,484.12903870949873
1337,9.158108711242676,386.37850488668687,378.80392932437826
1338,9.529342651367188,397.0117675094258,381.12480846718154
1339,11.552172660827637,486.2676140181313,504.45461261458
1340,12.279370307922363,474.57662530295323,491.2065247833265
1341,11.046202659606934,516.2701546088615,488.95546427367174
1342,7.981607913970947,414.778254128939,389.0739024907749
1344,10.258538246154785,458.7397351247483,481.2476160974033
1345,12.050592422485352,749.7495316605139,757.5096205082926
1346,12.567195892333984,731.810684394762,734.7569950509055
1347,12.780243873596191,661.4035317626636,647.7325230460511
1348,10.456068992614746,632.603721699345,634.9793590749175
1349,12.688467979431152,601.2705863759966,561.5234021256473
1351,8.468457221984863,503.36145207676094,500.8312932444471
1352,8.909036636352539,554.5701351543177,554.7615880321317
1353,9.95527458190918,634.9995397696013,625.6816568173352
1354,10.163960456848145,528.7632668344626,506.8876503594919
1355,12.857831954956055,911.8143402300796,901.4149760710884
1357,10.932877540588379,668.458032937771,652.6177088165775
1358,11.487879753112793,678.1107398030448,669.8087355246416
1359,16.270959854125977,1073.2320268434282,1062.3395220656844
1360,17.393939971923828,1150.8629063918095,1141.18690306895
1361,10.969943046569824,518.5572597222788,509.41541142628614
1362,12.570297241210938,462.2809893941247,453.19925923300553
1363,11.158926963806152,453.5860718650794,441.3632538965147
1364,11.95655345916748,544.5509477682101,546.5142804096905
1366,8.06396484375,474.9037491851918,463.40482207642
1367,9.552651405334473,613.3688595618108,613.6397653055182
1369,10.415760040283203,604.82523370382,580.2690011011791
1370,16.374950408935547,1013.7547885329109,1004.7813394874485
1371,13.462950706481934,757.1530042557466,762.3131177100629
1373,8.268465995788574,652.9385847470215,645.0421316013599
1374,14.728448867797852,742.2295150327701,743.2028389646691
1375,13.184797286987305,730.3946729182438,715.1901719336637
1377,12.471330642700195,722.5159588758661,699.7438803232145
1378,8.259657859802246,366.72930835372057,361.10008587565653
1379,8.881793975830078,394.2400056683674,377.4795944455919
1380,6.015388011932373,331.0542674321357,310.4616790142956
1381,8.618146896362305,499.08110016922984,480.5665851941582
1382,8.383781433105469,700.2308870439779,692.7075522114419
1384,11.00076675415039,724.5686813796804,736.0478769930318
1385,8.992833137512207,524.7272647894888,516.7344901895636
1386,13.737421989440918,1066.9906101562226,1084.9651723283562
1387,18.240009307861328,1315.0671339460898,1262.144371085541
1388,8.581817626953125,427.5760461180121,412.8917335927079
1389,9.499924659729004,450.6425262454777,443.8680957542563
1390,10.865716934204102,696.3334930729128,709.0463451764788
1391,7.386145114898682,301.2080022490956,295.19636411774786
1392,8.803576469421387,384.806180546706,371.08816841529585
1393,8.394050598144531,358.69392360182127,354.6943935560406
1394,9.22207260131836,473.12307219775414,476.92797576451306
1395,10.585602760314941,514.1562099910599,519.0798438280979
1396,11.319310188293457,583.5357543241734,588.9918660063495
1397,9.874669075012207,496.0948416263315,491.81573255486677
1398,10.069902420043945,448.322129229605,443.8266405058785
1399,10.282570838928223,436.1985623746002,435.70618641150304
1400,10.297982215881348,537.8025286980154,532.6295910608717
1401,7.917282581329346,530.7696664045137,524.9666934434356
1402,11.854216575622559,431.25679263779926,441.2659724763992
1403,11.95460319519043,416.19403851458503,422.1984997384517
1405,13.099782943725586,646.6566764197794,627.2092222572514
1406,7.039419174194336,530.7195761688814,549.9201361404821
1407,10.358695030212402,414.9750471470885,407.80035254159003
1408,13.040804862976074,561.4746100753566,549.0492521803722
1409,28.527969360351562,904.7143658659757,881.0990734904143
1410,29.81147575378418,1076.5262292465763,1071.6608847609778
1411,40.74242401123047,1393.976584488432,1393.6187409235556
1413,10.81000804901123,880.8468621162694,858.1913330666199
1414,10.340054512023926,541.6590321554675,550.7459330724047
1415,15.098605155944824,803.832357044457,789.7187467345086
1416,10.069422721862793,707.5082256248689,744.7781261743752
1417,5.299825668334961,269.2540591156847,275.05143682066114
1418,7.820403575897217,378.8855437459482,375.67505866206625
1419,7.695796489715576,401.19633240995796,395.0849888924683
1420,7.4359331130981445,341.29914382753026,328.95122376512893
1422,12.732197761535645,667.8983948546143,661.4827169298165
1423,15.752894401550293,1113.334679959119,1133.0018361075631
1424,14.457453727722168,876.4383989886823,855.9540637574718
1426,7.889397144317627,475.77720223725385,469.23445451304923
1428,4.619838237762451,402.9804202207771,414.72945146094
1429,3.9251456260681152,358.14018421026697,377.76026688445296
1430,31.461891174316406,1484.8981912628146,1484.8270591085977
1432,10.111346244812012,504.165163177298,497.1706679230446
1433,11.734745025634766,668.739514440234,681.59895003566
1434,18.13864517211914,1160.2260071861226,1174.7439712562705
1435,20.20716094970703,1173.4449811707398,1191.6191271763553
1436,12.495771408081055,709.278348756486,690.9872200106286
1437,15.227543830871582,775.2767610725383,774.2383489894365
1438,13.218104362487793,674.7544893591325,660.7095334188148
1439,13.574666023254395,664.8685485173736,654.7877702856065
1440,8.169913291931152,408.69115130801896,406.4001447452879
1441,8.430157661437988,408.65475286330627,419.0533268124652
1442,12.09144401550293,633.0657398931135,618.1909336420664
1443,10.987680435180664,619.3078235039549,612.3616517230535
1444,9.97224235534668,461.1538974376408,481.6680588246786
1445,9.634485244750977,418.6388096674706,438.96654913017323
1448,19.438032150268555,1119.7548553545323,1085.0645099418155
1449,27.27853775024414,1523.0905737348344,1566.3864855745057
1451,9.478425025939941,390.35932513578194,379.5374945833193
1452,7.88643217086792,381.14664556669896,374.5736717722241
1453,7.991306781768799,381.411050799699,375.5282969409788
1454,4.697609901428223,312.15278643157814,311.15508443616915
1456,14.31774616241455,721.3733310259527,698.7306264129242
1457,16.544925689697266,932.9352451768252,935.7468695791447
1458,12.038780212402344,750.754066700144,759.2056127028764
1459,12.558577537536621,733.2979301330855,735.9302569070403
1460,9.185065269470215,609.3929883828157,605.5901829210451
1461,10.03126049041748,620.9373477170755,600.8253382354945
1462,11.043136596679688,691.3555907093177,698.8775204642061
1463,9.727850914001465,540.8102962070673,552.9740337445942
1464,11.29085636138916,712.4236765940058,723.6656644751613
1465,9.993932723999023,562.1404136939223,572.0822516891963
1466,11.933938980102539,761.2381238079709,736.7051028407462
1467,14.572312355041504,866.0367576835621,810.7355888534377
1468,11.920110702514648,597.821202504505,600.3818461161084
1469,9.415802001953125,616.4188232939922,616.3649244767414
1470,9.475152015686035,553.6077329419772,549.4227082047046
1471,9.495908737182617,573.8471375220116,565.094638527831
1472,11.80101203918457,616.625367288548,585.6105464402641
1473,13.074849128723145,711.227670218783,670.1051401674729
1474,12.64898681640625,700.1081158149144,714.4190258297589
1475,9.663257598876953,530.7771604519368,533.3018948210085
1476,11.74869155883789,989.4620303274415,983.9800411886745
1477,9.68993854522705,536.9523740318238,510.8384126020646
1478,12.449973106384277,701.0747821137965,651.0488568021854
1479,14.247550010681152,917.5870944169013,892.0171187561092
1480,12.704036712646484,438.31216902820205,476.46910466488254
1482,12.655247688293457,490.43352450634166,501.45629968318207
1483,11.721405982971191,453.76664551290185,464.72957816052275
1484,18.466861724853516,919.3336082509848,911.4571060316174
1485,15.706488609313965,719.880459129995,721.6231864078641
1486,10.051156997680664,747.8642755856401,721.7922213533517
1487,9.947477340698242,515.5965098764188,506.94878496096527
1489,29.04491424560547,1260.9498439203417,1292.0497249492767
1490,4.69195556640625,527.1134325578761,527.7683888074091
1491,2.2256102561950684,254.10585992242633,251.27159193175476
1492,11.832624435424805,1021.5533323069745,986.3121928659888
1493,8.785358428955078,793.847627571135,771.9201838718935
1494,10.929452896118164,630.0491454697803,626.1554554481887
1495,9.113598823547363,448.1433915465644,440.52694020806587
1496,15.657014846801758,864.1612168754623,859.793615665711
1497,7.202786922454834,455.5990044273194,461.7023663900862
1498,6.497152805328369,430.7975037687344,416.5275792691802
1499,7.34152364730835,320.72793033111884,314.04043656165334
1500,7.490073204040527,306.0838767576212,309.77755483001346
1502,7.4688215255737305,444.61298165434636,453.708915756931
1503,13.930546760559082,1032.28627979841,1003.8209374880761
1504,10.343884468078613,700.7075884482227,688.6219877984048
1506,10.903125762939453,519.7808395348878,507.3428446473614
1507,8.094684600830078,501.781274627152,479.99874564279474
1508,9.355477333068848,462.10516800445237,442.73661425862934
1509,6.568727016448975,351.8917105373956,333.4036196658748
1510,10.759306907653809,580.817334007231,547.3972613323328
1511,12.40697956085205,667.3445996878391,647.5462629125694
1512,10.140002250671387,521.7427735292673,528.0206614112136
1513,12.126559257507324,651.413488577813,628.6369445602255
1514,10.186845779418945,516.190676719381,521.6707045840445
1515,10.578469276428223,396.3960410252367,390.82949098068974
1516,11.27170467376709,424.17528092323545,412.46345947692225
1518,12.882670402526855,632.2001438206152,646.8089736351449
1520,10.009346008300781,631.9214695362355,665.5448376691236
1521,11.955958366394043,1043.3303896300583,1065.289656697257
1522,13.647534370422363,1065.5465560981881,1096.1361340966075
1523,4.8266377449035645,360.19622585792007,355.797754149632
1524,12.691621780395508,745.9373595411276,691.1390369692868
1525,14.29211139678955,914.3812047237686,890.3786540865867
1526,12.197421073913574,679.4263443768908,688.5476131329058
1527,12.800238609313965,768.5795006653519,777.4306801480444
1528,16.756591796875,543.7018480615096,546.4350308697253
1529,14.76632022857666,392.80641200903517,414.2426248583884
1530,11.96990966796875,421.6040754022384,435.1244155302487
1531,12.391615867614746,419.8504220744177,439.06733944604605
1532,7.666156768798828,387.31949566293474,393.49837353201224
1533,8.46105670928955,563.1562234447817,584.4369650076619
1534,11.81274700164795,611.3138316549276,601.5566792634824
1535,11.41418170928955,496.81823203554814,487.4513815773661
1536,9.736459732055664,718.9350738467265,695.404101449014
1537,9.846929550170898,616.7043347232797,614.9618950048308
1538,8.382372856140137,406.33573816296564,408.7852547950347
1539,20.530004501342773,1442.6453111538685,1459.7206694190363
1540,8.8324613571167,352.3525287334607,341.8110189192477
1541,11.105786323547363,602.4816799689352,593.2196105832564
1542,32.236053466796875,2023.5604433813307,2129.867346539427
1543,11.677071571350098,711.3680718363702,694.181977829657
1544,15.527050018310547,674.6849391366452,686.6743320758568
1545,15.666531562805176,595.9549276676155,610.5944482308463
1546,9.64380168914795,509.71884720503124,481.12225513871095
1547,12.0339994430542,639.8133911305971,608.5147459153912
1548,11.346366882324219,752.2951625121689,741.5308969555925
1550,18.20257568359375,944.431718909773,949.8847612977738
1551,18.11754608154297,848.5629762106837,842.7635303712119
1552,9.014423370361328,587.0217105694428,576.6350088352538
1553,9.638436317443848,596.1688300772709,579.1041340921171
1554,6.725707054138184,360.29186106075514,345.2197584300379
1555,8.986014366149902,492.97790976579074,462.8653165389959
1557,16.347270965576172,646.7126169434767,649.2846312903107
1559,11.025702476501465,606.9529320677838,595.309260746777
1561,15.389714241027832,550.9385641058584,512.1086874877933
1562,11.086545944213867,525.9189835612553,514.4480637568756
1563,11.058135032653809,685.7162587170716,659.4422320984866
1564,17.26118278503418,767.8617612854522,805.8361605805052
1565,18.584728240966797,895.3632715624923,917.709003950851
1566,4.791905879974365,269.2328024852457,275.4175482830115
1567,5.974278926849365,313.51546605127874,323.9908159234556
1568,12.417231559753418,743.5899644301102,703.9211443315207
1569,15.149446487426758,707.3346810881308,673.857779159772
1570,17.108047485351562,647.174899519513,644.7106514097941
1571,17.754690170288086,639.0535010588052,635.2010111041435
1572,19.174678802490234,1386.6064441145145,1368.22620295851
1573,22.68136215209961,1471.3194315980868,1444.785399414842
1574,10.769309043884277,602.4077215992075,609.6032144758386
1575,9.852326393127441,532.4642670285667,550.7712138193433
1576,6.709593296051025,369.4920325294865,367.64956411854644
1577,7.251471042633057,364.66342462792267,360.5302630865714
1578,10.719690322875977,770.2560175905621,760.8433793555525
1579,11.794913291931152,643.2654710415194,637.5238844739572
1580,8.29551887512207,418.45384425124104,408.3620920454043
1582,11.217833518981934,619.2192240267022,644.6242469020906
1583,10.918937683105469,547.8282072948673,570.2926775108378
1584,6.520853519439697,294.647608419632,279.78767399273573
1585,7.80531120300293,407.28421658712523,380.3058975231148
1586,7.010427951812744,451.44083579598885,442.1844605533894
1587,7.30450963973999,480.2444811056658,475.5990163393023
1588,9.160313606262207,504.6702367883072,507.1607232336013
1590,16.476991653442383,983.6225828599936,966.1762458303423
1591,21.58979034423828,1231.9529321511582,1234.8697075460575
1592,16.06133460998535,805.4039973002629,806.599168981908
1593,14.508597373962402,841.1891398358935,834.8788501939887
1594,10.896608352661133,429.06827062741456,427.7912434158628
1595,9.88608455657959,411.05682247346846,397.93811637360454
1596,20.79229736328125,957.5755290567865,943.9889525510187
1597,3.5351312160491943,331.94149192261335,335.6162089011907
1598,4.303923606872559,380.0089613831165,377.81161904042585
1599,4.690133094787598,294.99815338058136,274.9402991933126
1600,4.854525566101074,301.6092172302196,277.2301882393255
1601,7.502166271209717,451.0946759200135,451.1382790774013
1604,9.542380332946777,530.4739608971461,511.8381821525801
1606,21.705699920654297,1212.8334535224953,1210.6886720408882
1607,10.6969633102417,654.2857141640279,632.6645281226881
1608,9.481040954589844,502.99807040575035,489.32069977196176
1609,12.689981460571289,840.4027302291122,814.0149671532705
1610,12.766807556152344,664.5911418280575,682.6245439182164
1611,8.680370330810547,498.8020115545573,501.9857616820319
1612,17.550445556640625,936.1975832041786,926.8918594850783
1613,14.9204740524292,741.3724370754635,736.3299341919233
1614,12.077933311462402,616.8249902598114,609.9881536159089
1615,11.334282875061035,622.4690593102673,608.6681277324443
1616,8.785126686096191,428.0379697757197,421.6381060430109
1617,9.846035957336426,475.7394585945881,482.4460320155868
1618,14.26452922821045,560.9298210257191,597.2835516798999
1619,13.987972259521484,533.9134525461864,557.6310623573245
1620,7.331496715545654,318.2752983760019,306.84271448676844
1621,8.559178352355957,388.44023069643004,375.7027373883585
1622,8.571033477783203,511.6256179683426,516.2733597684872
1623,9.13727855682373,588.9649366430596,605.4679540005118
1624,8.747902870178223,400.78292798071533,389.2794391967521
1625,7.9932332038879395,432.5691520131625,413.6060532539661
1626,13.562294960021973,705.0333485025242,713.1666863604709
1627,8.702850341796875,680.5050965668667,657.6182686509006
1628,9.073264122009277,543.2499698034309,516.4025656136014
1629,9.008822441101074,467.0972068523448,461.4154013451387
1630,7.975274562835693,357.02726562260426,333.4366322478528
1631,6.914608955383301,507.56253898625437,487.5689441075655
1632,9.118484497070312,430.67471212257715,419.3270555490417
1633,7.7142109870910645,639.3701852046295,623.7408958894431
1634,9.887299537658691,634.6597519355184,620.199305106347
1635,6.501448631286621,371.41363979768363,380.1919071414166
1636,9.852343559265137,558.3792164352988,573.5729840123985
1637,10.796883583068848,478.63563683136397,498.708195507259
1638,11.85025691986084,489.6776755423711,485.19995476331246
1639,10.789386749267578,453.8934551046122,455.62460115694574
1640,10.241581916809082,718.6753080395479,691.0637640885186
1641,12.880829811096191,811.2410200586977,785.6961287734564
1642,6.00709342956543,540.5404703527137,544.8641269132072
1643,7.659611225128174,493.4887409927663,501.9698420689184
1644,15.951285362243652,764.9664729279507,762.732217123348
1645,14.8181734085083,875.403733701951,872.3014926584526
1646,10.994806289672852,404.3439961631424,393.4852180076792
1649,13.732964515686035,528.6295235349597,484.0619917017766
1650,11.857836723327637,679.7285401074621,681.6568244485334
1651,11.116329193115234,567.9523420590809,575.3345549997111
1652,8.588825225830078,524.9966673455598,502.9184645631316
1653,6.576279163360596,342.6227352826963,339.2208007117719
1654,14.568930625915527,667.7000066168052,685.7148914428645
1655,13.14028263092041,567.2952271862447,589.5106030329385
1656,11.87729549407959,439.8371880255849,444.2104720101041
1657,10.748265266418457,436.39315676627274,431.10459341686817
1658,17.708927154541016,1221.6850985781055,1190.5334570659058
1659,18.298831939697266,1436.9188929786217,1417.5585600259108
1660,14.775740623474121,965.3254903482771,909.0976769909889
1661,16.431411743164062,1081.9738237681581,1010.3742036932658
1662,10.660504341125488,515.2914202424885,501.7400985817764
1663,10.765096664428711,577.7346493461474,573.8968772186427
1664,11.29177474975586,459.14525265071677,438.8989125809481
1666,10.261916160583496,633.3672601001812,608.5956276819232
1667,21.42218589782715,1082.968514584582,1023.5122597354712
1668,22.533292770385742,1196.9338884141312,1159.1219722745032
1669,6.667685508728027,354.6923188259343,361.10873182579553
1670,12.573029518127441,705.6269868082799,726.9346138411019
1671,8.605691909790039,504.7892071793195,511.15196984580183
1672,6.321611404418945,363.478654428449,363.81797767544765
1673,9.789844512939453,520.0773710038179,472.2785163652176
1674,10.01546859741211,554.8448468574722,504.62945083149197
1677,6.507018566131592,313.2762683343553,317.3181612387079
1678,6.1575493812561035,321.72147092009476,323.13735385723345
1679,9.351573944091797,729.794003668851,764.4192078279118
1680,6.402735710144043,314.9122345839301,300.08411457988075
1681,7.217418193817139,362.64980578821036,354.00414250846745
1682,7.480401039123535,469.03700774332145,448.49380439505615
1683,12.010228157043457,824.1233285835584,788.3743248384189
1684,11.611886978149414,509.6376489479855,492.197939667068
1685,12.326521873474121,500.4866936628711,482.28418684871093
1686,14.10777473449707,1121.769759740068,1055.8568692816964
1687,13.13776683807373,1095.6505082978565,1029.3715816833505
1688,6.866052627563477,502.1172876116543,488.69593146796626
1689,10.894932746887207,693.4553069152008,672.3255946182034
1690,6.425666332244873,377.87167567662163,373.14976446032443
1692,11.181239128112793,442.223598918146,441.4656937105721
1693,10.171246528625488,419.6003579505497,407.0680689764033
1694,8.996291160583496,486.2954603352197,502.8064708867128
1695,9.412030220031738,499.21033656370605,509.88115506995894
1696,12.388790130615234,530.8848695630004,548.9252837392974
1697,12.401196479797363,575.0779978886231,585.0594565115039
1698,16.715221405029297,997.0664235842776,990.3288404485562
1700,13.127079963684082,794.0575829711103,773.9923372330269
1701,10.99373722076416,707.2537363114017,702.001672016479
1702,7.5657453536987305,466.3436389528984,446.503207956281
1703,9.709944725036621,472.94827664507835,448.5907789173675
1704,10.505447387695312,605.7905833682838,599.0586559262348
1705,7.264950275421143,375.0891552089345,372.0611230809687
1706,13.574946403503418,647.0044433609313,674.2971635454954
1707,12.638553619384766,561.3540951167188,583.0815524337921
1708,10.57581615447998,901.1136472752275,928.8116920071697
1710,13.192290306091309,912.4616085203456,874.6598727428246
1711,16.009510040283203,854.24755868106,883.4009610146481
1712,12.156034469604492,640.3471533041699,660.9877088518921
1714,8.849946022033691,482.86159350976453,465.3757779488716
1715,12.54629135131836,620.3272980451828,579.9637461875465
1717,10.503680229187012,507.39480545687974,488.37967604045923
1718,11.321148872375488,500.95537032528307,481.47384762278017
1719,10.976602554321289,413.76501855791054,397.1817827930275
1720,11.26053237915039,417.02794435410794,393.4643501779202
1721,12.088549613952637,603.8931325429515,614.6508331048038
1722,10.587114334106445,523.845401429494,543.3875059820798
1723,8.79983901977539,552.5986636646843,547.2700328644883
1725,11.553853034973145,772.7547189508803,768.5265683466039
1726,9.464621543884277,524.4397375973444,507.623745180919
1728,27.6923828125,1228.8529578742878,1194.2654868048019
1729,14.154117584228516,511.8680525530482,486.18452300159987
1730,17.322298049926758,590.2251518431733,559.8741488674144
1731,14.071330070495605,673.0187602350695,663.7330203890513
1732,16.406652450561523,820.8274698449513,827.3782696519858
1733,3.5717978477478027,190.84625719107544,186.063347399737
1734,3.3088278770446777,209.7880014828939,197.5587599513733
1735,8.248412132263184,416.75105514124834,388.47593267126297
1736,8.424407005310059,416.3354861681632,396.0072232910365
1737,19.011913299560547,1017.7492833749577,1057.6478923970915
1738,32.21922302246094,1162.6080347718496,1174.3192814076933
1739,20.49138069152832,756.2769404295365,753.7078126247131
1740,10.038121223449707,615.358896489496,649.1957021612792
1742,8.38339900970459,494.7266571822061,500.18291587177845
1743,9.256340980529785,507.9850242569052,510.597865029055
1744,9.89770221710205,773.7869119197359,744.7715066534912
1745,18.926864624023438,1105.8624389182837,1065.3632441915324
1746,12.48607349395752,505.8644285613769,533.6563694534917
1747,12.550036430358887,496.4957107346409,519.1505290654435
1748,15.288622856140137,776.0510048941075,775.5153474589468
1750,14.85741138458252,750.0950487002357,748.1422305542075
1752,11.808136940002441,582.5135002199407,600.7195181131665
1753,12.460006713867188,608.2874665303347,620.0244665112248
1754,12.979423522949219,617.8105102301321,637.0439906770916
1755,12.445574760437012,608.6319789696345,620.1845888563779
1756,8.937758445739746,647.7528127712169,604.8718185074409
1757,9.915205001831055,677.4521145808251,625.2006791081845
1758,9.84798526763916,485.82599410602444,498.3577439465395
1759,11.428833961486816,615.9207494883613,607.8131664281988
1760,17.288257598876953,743.85250922356,792.8162180817873
1761,17.76485252380371,846.4063510851983,878.125815191142
1762,9.347831726074219,495.8562549016663,503.7085419192407
1763,10.637535095214844,584.1487004945384,597.7482655207867
1764,17.041427612304688,1215.7841106299413,1212.3667099445013
1765,14.561854362487793,878.7131314998891,856.3956499233432
1766,9.182607650756836,677.8562137120997,667.6462194970073
1767,11.877240180969238,732.4046465046628,721.5339332446281
1768,15.902501106262207,654.1730432026662,634.9951665795589
1769,14.99864387512207,525.2037027860013,503.04679052939633
1770,10.846419334411621,405.4408180725183,384.79528536493183
1771,13.337406158447266,589.3948346247279,567.2312757613724
1773,9.988726615905762,507.3102028830045,513.7599917224924
1774,5.79524040222168,544.2571736664613,513.7627835171826
1775,7.920398712158203,526.7732176049022,499.9775268314532
1776,13.3419828414917,591.5337453203928,562.7866295989502
1777,12.516316413879395,695.4086191337756,653.0953638645857
1778,11.674878120422363,527.3049204545321,500.9690164492717
1779,15.61547565460205,561.5515944272945,529.0242798581968
1780,11.167762756347656,776.1752995625999,742.8290808405407
1781,11.698588371276855,677.9315342393094,620.3903380547276
1782,4.737098693847656,337.1070654278617,324.6666896565519
1783,14.244353294372559,910.8455069036442,900.1376072532265
1784,14.936753273010254,920.0993094450541,915.618099813247
1785,8.628357887268066,487.5272818585259,482.45344618498336
1786,8.416991233825684,469.22400112784914,461.34722846454423
1787,8.470353126525879,474.1964200150326,472.59331108520763
1788,8.7412748336792,484.049254851879,474.4712032997779
1789,14.03139877319336,851.3314763900992,840.0280127748009
1790,13.839564323425293,638.8315645504307,648.7286506664813
1791,14.138875007629395,853.1043548371937,843.1129161452278
1793,6.292520523071289,335.09144216459083,341.07090459622754
1794,13.28654956817627,798.0156978512656,820.201020376021
1795,14.301177024841309,587.3488349694695,523.9298361815846
1797,14.013168334960938,606.6358285254222,623.3516881668828
1798,9.713540077209473,486.6052017490953,492.73491691183915
1799,15.818692207336426,773.176084735023,723.6784690729633
1800,9.868485450744629,600.0348091503039,616.0250431640467
1801,15.47156810760498,1056.337355475295,1080.6289372062374
1803,12.075033187866211,708.5769282001968,707.5410089861901
1804,8.179271697998047,488.0008597277848,476.27085210331506
1805,9.596325874328613,579.9212769462289,562.423409145511
1806,6.453525066375732,500.99301385670464,491.6559084268342
1807,5.746546268463135,503.8756552191083,503.5041606371263
1809,5.739352703094482,507.8355091327218,505.80189184936944
1810,12.63591480255127,748.2597994161694,742.0021748473692
1811,13.457683563232422,694.3480331761017,685.5845691428074
1812,11.544258117675781,598.8538702336919,608.8830288660224
1813,11.057136535644531,580.4205888420171,603.0482330508393
1814,11.737435340881348,466.9178738879463,460.7000733153451
1815,9.379533767700195,618.5097969669796,611.7640476889301
1816,6.644981384277344,343.22508871660693,337.03559960953964
1817,6.413143157958984,347.93315144073176,332.49791188014086
1818,29.902191162109375,1766.121501636889,1844.505059048649
1819,31.732833862304688,1775.8557737459546,1814.492096111352
1820,32.04255294799805,1092.8045256643663,1102.3361528261005
1821,12.486715316772461,704.2737259914813,692.4299891911193
1822,14.660157203674316,698.5931195975342,686.6380383077608
1823,8.349738121032715,492.2126406923494,482.5953405081697
1824,9.182645797729492,591.213328762269,575.8104332667002
1825,13.24817943572998,631.4284213637994,601.7691968275291
1826,19.286117553710938,810.3012345466104,793.8844199121334
1827,11.5936918258667,615.7151058562742,622.8731723501376
1828,19.094898223876953,1127.1447032757515,1067.8600399585412
1829,19.552303314208984,1247.4345493409562,1174.6209154788983
1830,6.685947418212891,483.39954154137587,478.31741372918583
1831,8.338767051696777,515.3158592512863,513.6102461602586
1832,8.718762397766113,522.5223137121644,514.8867937682423
1833,13.124640464782715,824.1581734039622,803.2551961088311
1834,15.318411827087402,866.1858643314596,835.4959284937095
1835,12.45429801940918,614.5936594523441,622.7051791793202
1836,12.813075065612793,647.8141377058965,652.0868354612556
1837,9.30709457397461,529.2892813279233,518.4964881886793
1840,11.052923202514648,592.9105561863583,588.8613170100174
1841,22.335041046142578,755.3843826673123,729.9058554109562
1842,9.931352615356445,413.2975282565663,403.58848021793347
1843,9.992406845092773,410.07829435612217,401.59911964307724
1844,24.151580810546875,1136.6280162957173,1118.166333319344
1845,25.4511661529541,1182.3879113336068,1180.4744569911788
1846,5.123748302459717,337.62705923130073,336.78511287242304
1847,5.117752552032471,337.3540433589763,335.5203378581105
1848,5.706942558288574,365.3649739519156,366.7605182153211
1849,4.643087863922119,318.73560730947366,319.5673493831262
1850,9.833699226379395,579.2503584854516,545.881138241384
1851,12.590033531188965,692.5956443505422,650.461979017943
1852,12.575681686401367,511.10160131903905,517.7916250415288
1853,12.607062339782715,476.2010200658174,480.7692241877063
1854,14.681190490722656,786.4130391261223,761.1308715302209
1855,15.175103187561035,769.9110042286729,757.7466135794414
1856,9.599925994873047,514.0509216755315,491.42136594105483
1857,9.763344764709473,455.6151121150906,435.323019876688
1858,22.410484313964844,869.0055527639448,869.3984078859003
1859,19.361446380615234,786.3908581984687,793.6059854786866
1860,28.9290828704834,1037.6811052744165,1044.8819049247436
1861,8.51413631439209,471.51754919391493,463.1683113416265
1862,7.4254961013793945,437.903367931778,428.4547476498531
1863,6.0785393714904785,329.76747611701535,325.78089377363585
1864,5.697409152984619,313.51697299076204,306.72845811808503
1865,5.914157390594482,320.6654809227771,314.2260841025838
1866,5.494690418243408,318.1109421620762,313.4007201418272
1867,8.496875762939453,607.6311714990279,590.6739787035409
1868,9.979915618896484,701.9457650685141,675.1035997009808
1869,14.397285461425781,502.25024930178444,535.4004461929376
1870,13.857890129089355,553.6490845127529,594.3474250181237
1871,9.061158180236816,359.9911121342849,359.6625836267206
1873,21.490015029907227,973.5373739653251,1002.3681116194117
1874,16.63817596435547,768.6663112432293,785.0846340484608
1875,12.17078685760498,560.2431862403787,523.6911384293696
1876,11.151741027832031,529.4024794986154,502.67507840980727
1877,21.11996078491211,901.4398154378753,893.7237486276965
1879,7.470486164093018,519.6612144045624,509.3018701931719
1880,9.487436294555664,533.7662080333536,526.0682839922897
1881,8.146881103515625,418.9172711255729,396.1909041628429
1882,10.075167655944824,531.6107506839679,498.3655904650358
1883,9.652148246765137,583.1983109922684,588.555775752577
1885,11.378180503845215,471.93822871117965,451.91069696450774
1886,12.228997230529785,816.9004292491624,812.1215016909933
1887,11.182422637939453,671.9182862301029,660.637160814189
1888,28.70109748840332,2095.6993713624815,2153.2475411985015
1889,17.3084716796875,1057.2894994761173,1052.5637474654327
1890,18.061281204223633,1243.073831875767,1198.2092970528138
1891,12.415139198303223,827.2971911148039,797.4100399319435
1892,7.965299129486084,460.53069219009546,432.83702325241853
1893,10.843188285827637,639.820145123621,619.2590764392203
1894,7.810965061187744,443.67536437892744,445.31178481647714
1895,15.65079402923584,999.0436406036168,956.0681960793613
1896,12.675982475280762,677.9302948734849,661.7774093998175
1897,15.546663284301758,977.4786005219224,927.398203160531
1899,14.659051895141602,882.3270367226321,885.3612838547995
1900,48.607627868652344,2139.93561311428,2173.8741687270895
1901,10.725747108459473,697.3448960168231,651.1290884325587
1902,16.55364227294922,1351.7179924092443,1282.9386818265666
1903,18.17523956298828,1348.1761042942765,1278.1065751342667
1904,9.334389686584473,611.6581795293961,598.7716221288869
1905,11.337507247924805,656.1650183771998,646.1183608284665
1906,16.14763641357422,1119.5755656094964,1087.744575504025
1907,16.59463882446289,1042.205618327034,988.5637279497316
1908,8.288521766662598,397.5754378266112,402.5258065027771
1909,9.08383560180664,458.6849762726937,484.3104353962005
1910,28.310049057006836,1450.4712953015198,1460.455246975841
1911,15.845742225646973,841.7948071766808,838.9922844219183
1912,10.742351531982422,531.8359333390216,525.9765210281165
1914,16.089675903320312,528.1085846231135,526.707803596131
1915,15.42098331451416,492.6628399676511,474.64417137626236
1916,10.218603134155273,395.65777995953016,375.9843157408277
1917,10.337197303771973,397.7267515605978,372.2187415516525
1918,6.353156566619873,492.70173813348197,486.66295101066277
1919,5.651016712188721,489.45092605805314,491.9096412450889
1920,15.330655097961426,899.9229090033615,881.5867353162004
1921,16.660865783691406,837.5806631994799,823.6252943069362
1922,13.665364265441895,826.7973295384213,810.7548725659781
1923,14.551025390625,778.1028584762447,767.9696552996237
1924,12.772337913513184,694.7979702191283,697.2019489889589
1925,13.123757362365723,640.7954527862785,635.8653552193001
1926,8.350774765014648,427.38999815394584,420.81119956089293
1927,9.25058364868164,468.9955475914202,458.09868952403116
1928,12.21872329711914,834.7450618378817,816.979770521394
1929,9.821852684020996,669.068388248644,647.1068447048766
1930,13.807515144348145,674.1099094164721,667.0085654041543
1931,10.449464797973633,552.9652200489361,553.7126286273308
1933,4.522386074066162,424.11708278030335,423.2432246550517
1935,11.573564529418945,480.06195717884736,459.8482016378983
1936,8.987016677856445,396.51041742384575,398.76142885209885
1937,14.357745170593262,755.5550872244792,763.5897357092683
1938,13.20995807647705,845.7042887274855,864.6667777432497
1939,11.175427436828613,538.7883811592882,547.5644987897779
1940,11.477231979370117,549.2648900642547,559.918728394932
1941,15.155680656433105,733.2783756522437,727.496179488804
1942,16.161083221435547,655.4164862654038,654.6928418058484
1943,31.700794219970703,1244.4737766145272,1244.1686891618833
1944,12.766044616699219,493.42570641555494,510.75733800159384
1945,12.577644348144531,529.0814400854314,548.7678023524414
1946,8.964493751525879,592.0554088992635,589.3865461491907
1947,11.010719299316406,563.8884890134375,557.177303260841
1948,10.384354591369629,542.2003850434368,541.1382262119957
1949,11.092218399047852,508.28170436696604,497.30074827605085
1950,23.75012969970703,1851.2073690136294,1795.4876860848835
1951,29.740886688232422,2043.929161758825,1952.4784170887115
1953,8.825901985168457,577.9485213088523,563.2411911273011
1954,22.972728729248047,930.6302505900552,918.1563548440885
1955,21.415035247802734,1129.2489965033176,1144.452963964693
1956,10.578774452209473,809.5368508087463,800.2954918176803
1957,8.747601509094238,692.9433576010317,671.0512947289393
1958,13.324460983276367,796.8595090367006,775.3183403548062
1959,12.865588188171387,739.2473739421582,726.1366357955715
1960,24.30237579345703,1055.3629890198956,1126.1277268293188
1961,23.690536499023438,1002.3580573447845,1081.1145436893307
1962,7.344972133636475,343.87351124246265,347.24347432375794
1963,7.5030293464660645,278.1165696798521,281.5507523260453
1964,15.380306243896484,919.8092658772215,903.515899155134
1965,16.093713760375977,1045.5562299853398,1047.2410679178672
1967,9.721380233764648,458.7772816237352,461.6535475042009
1969,15.15994930267334,645.0732587526944,625.2205921465128
1970,15.230978965759277,701.5960496400596,676.6701827359815
1971,15.173527717590332,823.5565788320627,787.6051043099593
1972,16.383407592773438,866.24481192236,825.4660064645001
1973,15.037859916687012,662.6169755414405,664.5358558814183
1974,16.100011825561523,784.1642258648307,797.338478087369
1976,11.283402442932129,407.42625076318217,387.4980788156679
1977,9.706805229187012,381.71908608275214,372.70664382307484
1978,10.59952449798584,704.8202441957027,689.9291799501935
1979,13.881780624389648,789.6928135196066,767.5461534083503
1980,16.651233673095703,1127.270243338038,1092.5338408694388
1981,16.57988929748535,998.6761011284784,961.4182498937375
1983,9.078203201293945,565.8386451591949,551.654212405808
1984,9.201679229736328,565.0506999687357,557.3243312163424
1985,8.544245719909668,545.7684093376052,532.3830292927446
1986,23.310768127441406,1244.710010066849,1192.0986675338384
1987,19.01203155517578,1048.824006854422,993.1447061517881
1988,8.400208473205566,629.2072176925799,602.9318398255105
1990,17.374248504638672,1069.4847394900391,1080.4915909637807
1991,18.215167999267578,969.1216532018718,990.927384174522
1992,15.800780296325684,1142.5047466626136,1106.0882098444201
1993,18.384672164916992,511.70210064427476,531.3224602164182
1994,17.161598205566406,399.08421999114523,424.13881421174347
1996,10.057811737060547,413.1743022092265,392.2037372834697
1997,10.162779808044434,391.4466316438208,366.4090545644597
1998,18.744693756103516,908.1448476765546,906.6659667847169
1999,8.883052825927734,646.235519956154,647.8070499344195
2000,8.364800453186035,633.5462339528734,633.3211395351175
2001,9.482800483703613,764.0638643385397,753.0888759793994
2002,12.125855445861816,767.8092569112642,755.288144856108
2003,6.640963554382324,514.1813686328442,489.47217482546466
2004,7.79258918762207,569.6596579116119,560.9081549569052
2005,7.188354015350342,572.6604118594155,547.5154368226446
2006,9.112727165222168,718.319569701542,677.4680275416083
2007,10.441582679748535,589.7461061713863,574.5352552242241
2008,13.770468711853027,718.2694053103655,716.3870267326125
2009,12.078827857971191,723.3340018482994,732.7376511755549
2012,7.613825798034668,412.72728682082766,425.67709395413374
2013,14.497730255126953,763.0574694214669,742.0654917514402
2014,13.062752723693848,833.7024668229575,820.3344835960728
2015,7.371639728546143,427.3707279234184,412.66121182915356
2016,6.7558417320251465,393.0340936879765,379.4876163426339
2017,11.082141876220703,496.14294611716906,473.0985854375622
2018,10.713545799255371,518.8179121775652,507.2324376962967
2019,16.37024688720703,1142.125735805686,1144.193925648099
2021,19.119476318359375,556.5078186118507,543.3345402095991
2022,19.024169921875,672.3812935163119,668.219477410738
2023,9.731196403503418,478.49730527489197,477.20540883082896
2024,8.79348373413086,451.0441679684498,447.1841293827747
2026,8.775959968566895,446.38534604537733,443.09219966904016
2027,19.468441009521484,747.8286447292448,734.8367964965013
2028,19.493270874023438,1468.6154588859022,1470.5342611561177
2029,11.9310941696167,843.0346886222585,827.9465919098676
2031,19.84445571899414,1019.0711829473172,1010.7877312026667
2032,7.230391979217529,400.03394283031804,397.6160575619435
2034,19.504505157470703,1237.9495502920436,1199.3160819726381
2035,15.744478225708008,868.2537712004699,849.2510615671513
2036,14.450650215148926,877.9385915159379,857.7035286976146
2037,16.794288635253906,991.4099630363773,1019.2376999065613
2038,14.78995418548584,720.4740026976993,731.9034672739238
2039,8.869945526123047,501.6295757207137,490.8138688652363
2040,8.930034637451172,515.1303453461876,504.876152243181
2041,12.880906105041504,676.8140203146687,670.9515966684045
2042,11.464324951171875,695.91087915378,704.3415427381007
2044,11.790396690368652,792.911299481765,768.4639270964301
2045,23.85079002380371,1082.9518076897668,1114.2098156994423
2046,19.333885192871094,901.4843679556304,925.6378256322025
2047,10.779524803161621,558.8272986101321,547.9948488682348
2048,13.325925827026367,737.317478942363,724.472889749805
2049,8.7863187789917,415.7754607627492,414.2282536490188
2051,15.87148666381836,704.8635973949291,698.5569149192954
2052,15.443276405334473,698.2459992481267,691.055711226277
2053,11.470450401306152,1092.226507391244,1064.4007347488275
2054,12.146451950073242,1120.02523714304,1095.1259104526343
2055,7.766818046569824,730.533667655231,745.4916911824399
2056,4.4511847496032715,300.1491800161935,303.4110289878341
2057,9.742777824401855,531.9429228086968,529.091943228931
2058,10.962708473205566,591.3833316614094,588.3180543153788
2059,11.919899940490723,521.7460419714098,528.2740271230575
2060,11.339165687561035,532.9736097135661,535.6629276949336
2061,11.610922813415527,523.2580968736908,531.7355273945597
2062,11.779208183288574,524.354978489861,528.4623676815957
2063,9.594971656799316,511.4950464922726,512.7321505464103
2064,13.602265357971191,759.0954572134142,762.2886156247192
2066,8.827692985534668,535.9549118045798,515.6746575918654
2067,11.04002857208252,630.320938003717,618.7437121683422
2069,10.70008659362793,697.817498352624,677.0658401148174
2070,11.646563529968262,589.7800419079095,588.7030119750814
2071,12.258901596069336,625.7622586841678,621.5041535723095
2072,11.4829683303833,726.8654497849503,699.9127765183289
2073,13.474564552307129,623.3611637775703,607.4733306802583
2074,10.233439445495605,433.8447030098589,428.63488844282267
2075,11.113494873046875,413.9311696822833,417.4435979567206
2076,10.288299560546875,433.03845647041817,427.0942093322126
2077,10.880498886108398,423.5610888536303,423.13693946188755
2078,9.486992835998535,461.4437699306926,455.4340231834043
2080,14.346502304077148,756.7776904032107,764.6205078972097
2081,11.685486793518066,809.0561853682507,770.1863831270523
2082,14.711688041687012,641.261893881074,626.3888223668552
2083,14.321918487548828,751.9885804794999,723.8619454884296
2084,15.261726379394531,794.2274826426298,760.3698042424865
2085,11.855027198791504,624.9144143407786,609.6557872706727
2086,6.527406215667725,335.1211732676977,340.2510939425317
2088,12.570011138916016,685.7190666878538,688.6185030528663
2089,13.240859031677246,650.1142947630449,641.176363572046
2090,11.633515357971191,380.33277729420035,354.8293813045456
2091,11.093992233276367,501.0901505731169,457.6476593127897
2092,13.179373741149902,888.7033981168045,872.9101458576555
2093,13.105419158935547,876.5311971468417,858.0104649449311
2094,14.296034812927246,880.3358117983738,856.7564994705467
2095,13.163630485534668,761.9766270552003,744.5622980369851
2096,12.071307182312012,533.2673687722452,567.8395782399245
2097,11.735880851745605,530.5777960500337,552.5236851773295
2098,11.549735069274902,661.305693163805,631.1894082213489
2100,22.11540985107422,951.2365314498087,968.033982026661
2101,22.86840057373047,951.4201864253446,985.3817173230868
2102,11.204615592956543,604.9386227146165,599.0761437977987
2103,10.697955131530762,745.8654348781149,738.8478477505067
2104,24.28668975830078,1288.107955928972,1324.2451146893432
2105,18.6839656829834,1059.3548409048462,1082.799896907924
2106,12.960843086242676,835.8361036643743,823.2839118435465
2107,10.562674522399902,820.4657995342897,805.8146934376472
2109,10.98538875579834,819.9415493448934,801.7838433447397
2110,9.546802520751953,819.2010472483513,816.5321139051719
2111,12.071175575256348,510.34102623265466,509.5266547352362
2112,12.95873737335205,512.6476064957477,513.551955419836
2113,9.349843978881836,487.9345095880558,500.29026402271126
2115,10.117663383483887,873.1215831159384,838.7277150145566
2116,10.00123405456543,671.4512244909824,619.6408980977225
2117,9.891216278076172,513.8605623952271,513.4408856602355
2118,11.881909370422363,652.6684581943342,663.0261360429391
2119,9.311213493347168,722.411638897297,720.676078288369
2120,11.227574348449707,761.476303011476,744.2815750295521
2121,9.592222213745117,390.7571213522363,371.2894363953865
2122,8.63862419128418,415.8154844829563,407.981474863757
2123,10.127179145812988,574.0416852917749,583.7801538798462
2124,9.622456550598145,546.0051903995952,553.1733077128856
2125,10.390446662902832,580.0252740846031,591.4877037121413
2126,10.300444602966309,573.5952019921265,578.8683664519193
2127,8.84634780883789,525.6866028894624,545.5801525325634
2128,9.293183326721191,562.5096061251894,561.537125138892
2129,6.879011631011963,403.49580210630535,399.6506605103287
2130,13.696742057800293,861.5107291131591,904.5173533563631
2131,11.275336265563965,925.1497109983576,871.5280673213399
2132,12.273398399353027,988.3103188999555,927.0742586235123
2133,15.6454496383667,626.4621933754889,631.0032308321637
2134,13.471814155578613,566.4421332099677,580.5825724872456
2135,12.048145294189453,662.5131273111572,651.3515593601348
2136,10.456246376037598,515.5983223769233,509.408592343008
2137,12.099726676940918,661.3747114567379,650.0298034338231
2138,10.436470031738281,527.1515535830662,522.2615111983839
2140,15.877547264099121,640.7479019172797,625.2531727310479
2141,14.816783905029297,587.129366307253,586.8402476635612
2142,17.09716796875,741.1073398908075,729.0568080670192
2143,15.547396659851074,679.8088449232766,672.5326642231628
2144,13.46041202545166,862.2157048571069,827.2949579253115
2145,11.775437355041504,880.413169563514,861.016884101
2146,15.314665794372559,782.7526198447308,738.8611776933429
2147,16.30876350402832,924.0547292254589,920.9195708337593
2149,11.673233985900879,811.2987498632348,832.8590600413645
2150,7.181916236877441,425.9052864737676,433.2011056876944
2151,6.692436695098877,402.48682011099623,409.72813697981576
2152,11.963567733764648,655.8381924916777,645.758731195803
2153,10.31395149230957,512.1444015566611,508.26504198034326
2154,11.961997032165527,671.3698834492708,661.8979267954321
2155,10.301993370056152,503.0376805750378,500.14622171070204
2157,4.1086015701293945,171.4461182496797,167.67535194855907
2158,8.99232292175293,487.1737986405174,484.39831542595545
2159,7.999705791473389,423.9524639147139,412.4024218658131
2161,20.097806930541992,1118.0359692380403,1120.1196843630082
2162,19.154258728027344,963.5103454230391,972.7030622252547
2163,12.10482120513916,564.7744672287595,553.9902227851367
2164,10.497197151184082,475.5357910147753,458.7044780158156
2165,24.57135772705078,1300.7714564117991,1298.4002193960139
2167,20.148456573486328,1145.9820350778834,1166.460176397109
2168,15.985039710998535,919.8694956470042,942.6547572083686
2169,19.481613159179688,727.1884688868237,705.8008747551014
2170,20.745933532714844,863.9356215565094,863.1541350238199
2171,18.671945571899414,700.8918765967661,686.3959709109405
2172,13.8268461227417,556.4700756930964,556.5535586586019
2173,19.692842483520508,879.9748654602153,838.5911762312005
2174,13.806260108947754,604.2935603476611,592.4120307472642
2175,11.674274444580078,770.5782694934583,767.483710617319
2177,15.727776527404785,849.2634305994916,833.8588427875994
2178,14.522834777832031,847.6194974167004,843.9441336508805
2179,19.544784545898438,1238.0217807296526,1239.5525701500712
2180,9.154011726379395,486.5021571336594,481.62451601616954
2181,7.78903341293335,423.5365678145814,411.943526504854
2182,14.326017379760742,879.6625018758814,904.2040682221698
2183,13.766890525817871,765.391529111098,744.7896768180389
2184,21.616979598999023,1990.1072326391757,1891.5999933379358
2185,14.874749183654785,767.5613493603607,766.4978222633536
2186,21.379344940185547,927.452985555384,956.644319393857
2187,11.130115509033203,778.1813088258084,764.5793084067876
2188,9.886232376098633,767.6515137042887,770.1840758674248
2189,11.065238952636719,779.1994486758252,764.5685170612544
2190,9.808051109313965,770.8123776948466,773.2460720784824
2191,14.692286491394043,1031.3532388496765,997.851885286901
2193,8.871260643005371,444.3594104397825,446.15445769673323
2194,9.482176780700684,454.5836018934384,442.5206040208755
2195,18.93111801147461,758.9963789856188,737.3436306269731
2196,16.250885009765625,636.6736026766015,629.3082098939082
2197,15.228178977966309,814.7418674307529,819.82700990915
2198,29.63129997253418,1272.8647925341731,1282.4680387142935
2199,13.656306266784668,898.5375349927075,888.7702195264627
2200,9.886637687683105,537.5999472879223,555.0845408136415
2201,10.084356307983398,547.3096148660029,551.5815834372988
2202,9.61844253540039,475.5399582993996,495.6382833944887
2203,10.545289993286133,535.8861187598253,559.2181836055408
2204,14.514297485351562,882.8735841014208,873.6436450901459
2205,11.570552825927734,552.8763239682688,520.3475160814811
2206,10.805855751037598,619.9838482496323,586.4696693920926
2207,8.062170028686523,429.63200285174145,430.04969566489194
2208,6.405950546264648,381.84323862073944,377.00605362770057
2209,10.113893508911133,577.5212658068192,560.7403244483065
2210,10.753540992736816,546.9750027303544,529.4402010714753
2211,27.018327713012695,1074.8838662258331,1080.6719240415857
2212,14.920015335083008,586.485496750039,600.6489676240889
2213,12.885357856750488,627.7122745885121,625.8719746865271
2214,15.994767189025879,893.5893819217758,873.3467703085618
2215,22.471914291381836,1400.8460755840554,1403.82838029036
2216,17.689939498901367,1009.4545487844035,994.1745640279565
2217,22.496973037719727,1455.300217256089,1503.827751821046
2218,12.26164722442627,613.142488524012,584.6413876163056
2219,10.743376731872559,560.7264612924636,547.2748144255224
2220,15.292685508728027,709.6612130796249,720.8546386397541
2221,13.92720890045166,781.5063488709916,778.8973167658899
2222,10.138154983520508,428.9745837645065,417.65703870402564
2223,10.381417274475098,439.2213155404059,438.33468447176404
2224,10.211625099182129,543.2634403424203,533.5628082542702
2225,12.08710765838623,703.145179203442,686.9031796096053
2226,17.745290756225586,865.3443594046001,852.8900671726941
2228,8.976534843444824,526.2032763588348,516.3558901339165
2229,19.62126350402832,1259.3349543469728,1252.1906136176437
2231,12.354194641113281,532.7043743775143,511.52352581710767
2232,9.196735382080078,464.1329182791118,450.7901417690348
2233,10.953913688659668,508.4197730538375,484.764210706192
2234,11.881209373474121,647.0343238876927,624.4266491171481
2236,7.933748722076416,436.3038580413942,412.5609001862674
2237,10.876490592956543,612.520435014714,587.9111512684651
2238,7.403153896331787,621.9910338156169,598.6855359670095
2239,7.599550724029541,605.6319258700458,561.8395281274575
2240,12.589518547058105,652.4060842737466,635.9515050492442
2241,14.033699035644531,810.7298069123844,803.5552482335186
2242,14.322855949401855,1004.6844336257939,966.310872027162
2243,15.57878303527832,1163.7623052762083,1129.5536200825795
2244,8.086626052856445,457.1563083491118,468.9319098058799
2245,13.934330940246582,824.3547737314449,840.9905664560611
2246,22.864925384521484,788.7861734569291,767.1836871407824
2247,20.974056243896484,826.4092182649403,808.4554392888356
2248,14.39813232421875,613.5034342902728,624.3288125818988
2249,12.857893943786621,661.2001473358123,662.1802611054899
2250,29.176239013671875,850.6499738575528,850.37130842673
2251,26.787857055664062,771.5482055548464,788.4565399198882
2252,8.468060493469238,482.20657340846145,474.14838553989966
2253,11.581202507019043,464.8262464121737,445.4059513191964
2254,10.200435638427734,437.45110040303496,410.11154752743846
2255,8.93730640411377,522.122127466105,513.5978362980582
2256,8.325399398803711,527.9860367111598,527.9177789588111
2257,8.933196067810059,522.9516537070286,518.5492716422548
2258,8.253670692443848,511.8666776215758,514.2931012271484
2259,8.948843002319336,571.2427014533237,586.5081632427592
2260,17.78641700744629,989.4909594056188,917.9166631076098
2261,21.423892974853516,1292.2182237766588,1238.1574913765148
2262,11.080939292907715,408.3341040651731,422.1619489115497
2263,13.633267402648926,468.2037364189781,470.7849022439502
2265,16.689838409423828,909.4412614554298,882.0723009842462
2266,19.4375,986.0668325233128,977.9357028770341
2267,18.985824584960938,904.628041587225,925.243912586822
2268,18.55698013305664,814.2934961151103,831.2037988274895
2269,35.157318115234375,1069.123749969062,1083.1581345366205
2271,11.105778694152832,586.6191151205601,572.8318100094001
2272,19.853424072265625,863.1719160344418,850.1252605324456
2273,8.245262145996094,439.3722539328482,435.22736042379364
2274,12.118714332580566,653.8302415318338,664.8591621830417
2276,13.876913070678711,696.5129589420692,675.3593548713972
2277,7.113182544708252,571.8994384455318,558.7057403536812
2278,8.01950454711914,570.9647173256375,576.9664023230146
2279,7.06447696685791,574.3425058028248,559.2521817339814
2280,7.174986362457275,598.5995376750524,603.5379568387777
2281,6.70021390914917,354.0440556608948,348.97497097879767
2282,8.290035247802734,387.363744553875,366.65826523806595
2283,12.728898048400879,576.7535776690755,563.7739452185607
2284,11.449601173400879,723.7354442042378,696.3193481517092
2285,12.227368354797363,456.01682101609236,466.23380508600906
2287,12.36571979522705,640.3554681061196,655.6085381279696
2288,12.632414817810059,744.5316686548719,724.1027591941971
2289,11.20455551147461,675.6321268842764,648.7206293889693
2290,9.3876953125,471.55886791814123,461.60923739435555
2291,8.844674110412598,474.1020945020745,465.285513551994
2292,12.17223834991455,637.7159937249908,645.3318614012414
2293,18.096529006958008,945.52782109508,950.8191986028307
2294,12.420405387878418,549.0755362734567,520.1733585235752
2295,16.277912139892578,607.2872576061008,579.0213827892344
2296,11.640040397644043,647.9869663820058,651.6338219864756
2297,8.079590797424316,473.64688272115245,460.9403823676278
2298,9.989418983459473,784.5614531209907,786.1832942369401
2300,15.562758445739746,977.0748122108104,971.407164131263
2301,17.052021026611328,946.8823145049357,942.4631749353906
2302,15.262312889099121,676.5505950719421,671.2418234750194
2303,15.929353713989258,653.1392297783076,651.7736925589496
2304,19.20681381225586,1010.4977158470024,974.2441730600241
2305,14.854655265808105,802.6482137906371,810.4993829768799
2306,6.325689792633057,423.60224170194954,408.50195086081095
2307,6.803693771362305,399.99602985783116,388.65856544451157
2308,5.230433464050293,215.3781499427462,209.27519406504916
2309,6.332858562469482,277.32250754020583,266.9335804850086
2310,14.677452087402344,961.9945739339034,943.900023150234
2311,19.94770050048828,1199.9507978273864,1167.1952546104412
2312,10.432047843933105,430.2756680029159,419.42428841542494
2313,9.828607559204102,452.6079144994085,433.75965640860187
2314,32.69039535522461,1614.8298743128082,1630.1537568078886
2315,19.88843536376953,1099.5571023569364,1079.783292924238
2316,10.543137550354004,607.8944382761429,585.7710158640289
2318,12.136520385742188,372.51544547025867,358.32706592896693
2319,11.154264450073242,441.0081868152836,440.58246283230295
2320,11.635675430297852,438.73234308708203,439.8245104959899
2321,10.728045463562012,390.41196309876085,367.6649419911425
2322,17.730609893798828,907.7018347996961,901.8431406362084
2323,9.114617347717285,466.12427751768615,461.5513550767459
2324,9.002860069274902,364.0595234968253,363.6580696913242
2325,9.35579776763916,344.5890486325203,332.84836080277194
2327,11.475686073303223,747.4256588608444,755.2481803235584
2328,11.317166328430176,730.0397257226289,744.1217210407151
2329,11.719592094421387,578.4560159081253,573.1682312563063
2330,11.514126777648926,689.6654185118189,672.5226789674756
2331,16.853469848632812,604.6694532922119,637.0793204665483
2332,17.671720504760742,606.3682494133469,637.5283908534005
2334,11.59765911102295,572.2765122056783,571.4789184168974
2335,15.791925430297852,863.8122924560104,842.6711650466615
2337,7.353477954864502,401.61648055966276,399.77196199090986
2338,13.458362579345703,834.3380881682446,877.9429641270207
2340,12.804184913635254,666.8793961246001,667.2508762403859
2341,17.2208309173584,744.5533511424233,757.3232425198763
2342,19.10781478881836,739.2707723925216,752.0271594605715
2343,13.22386646270752,915.6146175228623,912.2433713579494
2344,9.917370796203613,458.79816279920215,453.30788631372053
2345,9.70791244506836,474.1276127709976,455.80124113197775
2347,10.4467134475708,338.8557074855734,334.64498597789236
2348,12.687556266784668,425.46421276759276,420.230780712262
2349,9.601462364196777,500.2612778849981,501.5411910216142
2350,7.562299728393555,407.77709873952415,396.6040691650501
2351,6.003936290740967,307.2337817997859,315.15774818412257
2352,11.69528865814209,701.113090424453,731.9194670358382
2354,34.72801208496094,1074.458694359199,1062.023943376875
2355,10.441854476928711,476.86805256638934,479.5892571227831
2356,11.181326866149902,581.1515741218724,574.5176814680407
2357,10.553387641906738,658.7124840120302,625.8437745344643
2358,11.550358772277832,599.400945037323,575.574826417073
2359,11.384751319885254,530.916903948191,515.9111204299046
2360,9.23079776763916,565.0728894308992,512.0204084505173
2361,11.914933204650879,772.9139421589807,748.0823886022278
2362,14.0903959274292,755.5779281804979,755.057703771521
2363,12.365363121032715,541.9438733313997,508.6351102012245
2364,15.924989700317383,614.3955082116789,587.3990585253333
2365,19.4123592376709,918.0164237574758,886.4774449913531
2366,12.486186027526855,652.5954381830836,649.10898735031
2367,7.502267360687256,311.5288021956742,297.99777891295815
2368,8.621261596679688,334.9212456352495,328.7583695496436
2369,9.897581100463867,489.5523164766788,479.925301805971
2370,10.742876052856445,525.8083390069136,510.5402245461258
2371,29.56739044189453,1073.3260548748362,1059.2949618191392
2372,31.891944885253906,1130.3350151058594,1137.3736133068942
2374,19.681447982788086,898.9400676745382,883.8152659025699
2375,10.991132736206055,687.3722452869691,702.8712368653544
2376,11.58582592010498,569.431549299456,582.5589557803006
2377,15.29900074005127,788.8612341848072,775.3603524319174
2378,14.01583194732666,932.9834747285973,941.4022766744456
2379,11.849089622497559,654.9071571024607,629.0006648593928
2380,12.643248558044434,852.2045811489292,846.7148133384412
2381,14.914685249328613,1258.6557467389787,1259.57518608399
2384,11.207820892333984,690.9993467909321,690.2341533020401
2386,10.558167457580566,652.4874049915323,624.8101280377728
2387,7.02831506729126,395.0786112082844,386.5036971928239
2388,11.020796775817871,521.8318038041591,519.2908973812625
2389,4.959681034088135,641.9892137064608,645.5607635589743
2390,15.69094467163086,738.7171005816613,752.834142999516
2391,16.077085494995117,783.9032349099914,783.440616084372
2392,11.716604232788086,609.1982851787185,590.490815189767
2393,12.430078506469727,557.463485793978,553.5320083784788
2394,10.220643043518066,489.6132039099718,501.57556638464615
2395,10.82991886138916,576.6961462614805,575.1108949202944
2396,9.928370475769043,495.3974875829419,478.363246510715
2397,23.133621215820312,1275.0187326469802,1238.1152585275554
2398,13.759344100952148,871.0137033179974,837.282079744854
2399,15.839713096618652,563.7972462972735,531.4342363913815
2400,11.271050453186035,531.2604007105699,507.1690677529449
2401,14.2135648727417,645.1629238287277,616.4421456328405
2402,11.636712074279785,666.9876169305961,625.848484587136
2403,14.478238105773926,938.8809838143933,892.7003805896037
2405,18.156435012817383,671.5256842447262,668.9606773672973
2406,16.728130340576172,556.1071290875898,536.7289079430072
2407,14.69519329071045,686.2063173783002,698.0890638497616
2409,9.845419883728027,491.32524516192103,453.38844482619885
2410,11.253117561340332,650.4598291372272,626.6114124780847
2411,10.11890697479248,787.2194675407223,760.3849693330089
2412,10.383780479431152,813.586637609291,793.3388738961311
2413,18.827335357666016,704.1216421227649,741.6368296788645
2414,18.522289276123047,698.5490960882632,740.274778634615
2415,15.238605499267578,662.8493328212995,666.9656523248891
2416,20.231910705566406,819.9791650738921,818.0318375459472
2417,22.44028091430664,754.7035009987399,755.2683417385874
2418,19.82846450805664,763.6723176146995,776.8668403469131
2419,11.25372314453125,918.208196706558,887.0185118909577
2420,10.171745300292969,761.2858353079782,717.9112491320661
2421,20.22341537475586,936.172846355361,912.6441393767169
2422,17.915409088134766,849.8982517976148,848.5082191212538
2423,8.954710006713867,491.4990204518332,490.9824347430931
2424,12.121047019958496,464.5265316502942,459.3193714245847
2425,11.376882553100586,848.9577642974397,857.5059688480135
2426,12.657660484313965,788.1670229129078,791.6640969052423
2427,16.966571807861328,1738.5616475929353,1632.357135760825
2429,11.655932426452637,483.4393020874941,498.50799158957165
2430,12.951883316040039,405.1273250005329,427.4595052379068
2433,7.366672515869141,373.2196915429991,373.58236933430516
2434,14.186589241027832,851.2096645141218,895.9501812583136
2435,11.016291618347168,498.90038198790705,476.00177802931216
2436,16.44902801513672,921.8274550433935,915.2817386159356
2437,10.128519058227539,583.4308152599285,582.9018640226504
2438,10.659332275390625,481.56956411527113,473.79961500366335
2439,21.238445281982422,1116.0899330866469,1091.8702259264128
2440,17.830730438232422,1080.3119838089629,1045.3733013462981
2442,9.614086151123047,465.5693496795064,467.68678949581124
2443,9.840601921081543,437.6514395515117,437.1177624289096
2444,10.087685585021973,453.92636517010556,456.911726576738
2445,9.650899887084961,432.5233688675963,431.3441426515219
2446,9.894966125488281,445.1244496113411,448.04076643705275
2447,9.686519622802734,762.9964716235784,799.2312735349827
2448,10.090129852294922,792.2674277450755,708.6466789132572
2449,12.937578201293945,683.0701463191134,636.9781408281843
2450,11.179913520812988,444.0036054718165,448.4782033275886
2451,10.217409133911133,439.9137569763451,426.89183106193275
2452,13.094527244567871,681.1594218687675,697.2047156962883
2453,10.935441017150879,539.8686450482254,551.4353336630902
2454,17.591773986816406,561.1463921043758,564.9371406056084
2455,14.805715560913086,413.6355749347535,435.5053943266892
2456,11.362868309020996,644.4324734867696,653.8655315660238
2457,9.162227630615234,465.803443108399,472.16061309011985
2459,9.670475006103516,524.8979896960955,532.5720721566637
2460,18.24184799194336,1026.7433454602585,997.3942165502735
2461,15.103157997131348,759.4571288262359,711.0355450720231
2462,7.322494983673096,480.7182189060097,479.1741478663629
2463,7.7914323806762695,417.7840816601867,411.60341873131324
2464,16.465118408203125,862.3523621638575,856.1009314412883
2465,17.323368072509766,791.5663442077246,790.1284889611985
2466,15.927742004394531,667.5965787142942,685.006651331642
2467,15.625842094421387,719.3258361270483,722.1452389917808
2468,53.920326232910156,1615.9207161644088,1628.3103310937477
2469,12.45969009399414,651.8802146837842,651.6012563640368
2470,15.123211860656738,786.5157209853043,794.725103296162
2472,13.02868938446045,821.4683748824522,824.9243047973284
2473,11.613546371459961,572.64916746888,606.9304585708984
2474,12.389235496520996,565.4507791730854,594.9920165578365
2475,27.013778686523438,1105.7650985727105,1065.2095294242192
2476,24.597339630126953,953.8652644723078,912.9135315862668
2477,27.87757110595703,1493.057826864571,1475.3509751280558
2478,22.51712417602539,1385.6510455117807,1356.5841563587096
2480,11.353696823120117,569.6937512328807,577.0464937491608
2481,21.56343650817871,639.5067576702189,658.3330503983216
2482,20.19379997253418,591.5158180711139,616.1930267105978
2483,12.057206153869629,528.0292216802035,523.6135573261339
2484,12.70821762084961,627.3004389230003,628.3002671836894
2486,19.013099670410156,938.1591961067369,921.0642498163628
2487,10.603921890258789,498.97349237725354,505.3601818952454
2488,11.348430633544922,627.0714481494285,624.713548746348
2489,5.104522705078125,404.29553895208966,395.73626704548326
2490,13.84725284576416,502.47137572394746,507.5406925446874
2491,14.365365028381348,564.4794418995308,568.5571106150196
2492,20.60132598876953,1144.823204451331,1119.3763163027252
2493,16.658132553100586,896.1202365862334,886.483985152137
2494,8.6949462890625,539.3678238196925,532.0309513180248
2495,8.457721710205078,512.195824047817,502.9153287124365
2496,33.49702072143555,1341.070424902127,1289.9779899561076
2497,27.960309982299805,1307.4749176201765,1263.5696717397773
2498,9.821261405944824,343.3424645376812,340.47388896594146
2499,9.191644668579102,269.83233240676776,268.3686591797974
2500,8.115747451782227,343.7673647219671,328.1521556256106
2501,8.565608024597168,489.15603311746963,486.13323088365394
2502,6.432243824005127,568.4540086739228,574.3043769941285
2503,7.582457065582275,772.3073514644619,776.9742503469614
2504,17.688411712646484,1107.2849377412117,1107.8934252973236
2505,15.81330680847168,961.9172759521199,976.9990908608977
2506,12.098261833190918,788.7621172555124,785.3022406069325
2507,21.75979232788086,1107.515816987012,1120.0135999685463
2508,8.851815223693848,650.6389987272063,661.3647738840002
2509,8.101033210754395,626.1947905228012,636.6389968533867
2510,12.129786491394043,719.8880701887005,725.9307586787761
2511,9.05309772491455,527.3838108670052,522.6088911368204
2512,10.136762619018555,565.0631774461294,596.1359702590423
2513,8.158452033996582,445.43381992991976,447.121387070028
2514,7.863640785217285,497.2590089310922,472.7433677185633
2517,23.045127868652344,911.4768572748512,870.3022036475261
2518,11.818976402282715,745.6385448439461,737.5784737352608
2519,11.8714599609375,724.2971736877083,710.4525649371069
2520,14.58305835723877,527.4986900558899,493.41207494388743
2522,7.595654010772705,283.83708282290826,295.833197996824
2523,16.00362777709961,1133.2432956371176,1174.626381394829
2524,15.290271759033203,1112.5493830342464,1099.0431452074768
2525,8.51962661743164,403.06063199748365,394.8934848596963
2526,9.06651496887207,527.0006773825005,510.09849414833377
2527,14.463114738464355,670.5143722675348,669.9665973107233
2528,13.987853050231934,582.1189110531,573.7975718522033
2529,19.790109634399414,796.4214313469007,782.1932933907455
2530,17.39408302307129,680.0625883413205,678.2003502442717
2531,8.416451454162598,490.11718974008744,462.8848586834935
2532,12.04105281829834,656.1346743554143,666.0476130016325
2533,11.988924980163574,616.7080311515831,612.2387774470832
2534,7.348016262054443,547.7063248428105,559.0055857097702
2536,12.412334442138672,431.18327997730324,392.8610146891507
2537,9.137927055358887,543.0205136119007,538.8967293289644
2538,11.240803718566895,624.2758317418143,629.1225429335475
2539,16.000764846801758,890.3378041616181,883.0561688472576
2540,12.97889232635498,870.9287802703889,902.5874889305484
2541,5.878997325897217,435.4273702422535,437.2411116424457
2542,5.163678169250488,359.3122600989554,335.8723891199906
2543,10.17284107208252,378.28642318461857,364.04669332795015
2544,9.198864936828613,350.2373438996169,357.1449777165917
2546,9.865878105163574,561.9381955513182,548.0014414851313
2547,25.84288787841797,1038.6646105619106,1009.0477916280338
2548,29.162424087524414,1169.6791430719975,1131.755719017089
2549,10.987726211547852,831.8154268924139,796.6780060194732
2550,14.496676445007324,1510.6145012443665,1511.8760792647602
2551,19.63671112060547,932.9456279983859,899.5111608990557
2552,13.966651916503906,605.7215997940499,585.0138356114076
2553,12.340348243713379,1110.4722899800752,1084.610295191181
2554,13.128174781799316,1132.6510167423082,1109.0535113632882
2555,13.950042724609375,647.4901509306534,658.2357135134592
2556,16.78522300720215,763.5022481183892,756.9124484420222
2558,13.432822227478027,612.2307289142982,621.9573491665659
2559,14.18165111541748,560.5004701661167,568.1352254718236
2561,12.753223419189453,817.7483395015554,793.298960537505
2562,14.575434684753418,949.2117788403931,938.3729954497089
2563,14.482884407043457,793.2409473154418,780.5398843608541
2564,16.140220642089844,780.2952542418248,760.1378193717319
2565,7.612081050872803,407.79987987479683,426.56425932051224
2566,7.571427822113037,366.916982902591,381.32483802415913
2567,12.246317863464355,865.2786290531063,834.3348556834546
2568,11.487120628356934,752.9306243163539,729.0961530468717
2569,7.137999057769775,565.9119100459271,568.8165385784902
2570,12.26119327545166,536.6590226755873,502.64165081949704
2571,12.962321281433105,552.1998489815028,506.8804270497001
2572,6.684511661529541,369.02065124290436,375.09901668439966
2573,13.924938201904297,866.6346897639605,890.4589151686699
2574,13.147374153137207,770.6552770462702,760.1125287398493
2575,9.550009727478027,803.3217370372698,799.262860047498
2576,8.693363189697266,738.4888253387421,732.9590798086936
2577,11.088423728942871,563.610765304429,570.7633767048981
2578,10.63782787322998,542.6235123221694,549.6590143137598
2579,20.00298309326172,1123.3740982135769,1114.208916040528
2580,6.46265983581543,469.8345291234705,443.2757491880229
2581,7.284027099609375,532.0454823688401,517.0804034319219
2582,8.072554588317871,486.7427727164787,477.7933731522016
2583,9.54651165008545,686.9409925996241,681.872228906592
2584,17.56385040283203,1113.236974582515,1101.8641833728407
2585,17.25640296936035,1031.918039357589,994.5548296424348
2586,22.80259895324707,1824.4553339494664,1835.3094238417575
2587,23.508472442626953,1661.9471587007163,1665.534204232486
2588,8.998089790344238,458.9163495483036,449.04684549784514
2589,9.263691902160645,508.7193187084283,495.47576837773306
2590,9.123442649841309,562.0443905878799,548.1246536732301
2591,9.251056671142578,571.8484682415772,559.8235997327952
2592,9.214629173278809,558.9157638495903,543.1572218287655
2593,9.593912124633789,577.2521206363865,568.1287782422627
2594,8.927847862243652,587.6608944170058,593.1093421683855
2596,11.633293151855469,827.513408914029,795.9819734497174
2597,11.541800498962402,709.502010485069,697.5119661687143
2598,11.873151779174805,508.0273297526391,500.77898795771694
2599,12.012398719787598,535.4821553992095,523.3304889421928
2600,13.97175121307373,747.2731790313028,735.0496498394634
2601,15.827313423156738,690.9850580132321,672.3193680983303
2602,9.680692672729492,494.1042966572992,495.4589556621004
2603,9.202713966369629,447.40253398379093,449.2155328891505
2605,7.952891826629639,785.2893716095991,738.1071926252793
2606,9.747476577758789,733.4008775840713,697.6844152810905
2607,19.95320701599121,686.0054716745619,626.3154798069479
2608,17.2266845703125,1024.3771193848995,1010.1015173222845
2609,16.095731735229492,1007.4208298472337,968.1167350541989
2610,13.775033950805664,497.1487213873857,467.8622663684313
2611,13.127497673034668,648.8546331188082,644.5802568396341
2612,27.011768341064453,832.5318657584414,818.7470177187682
2613,26.091711044311523,792.5601739875603,766.0689849734191
2614,15.855120658874512,839.6059277789636,842.3054516085095
2615,16.836782455444336,926.034503265182,923.5728003208169
2617,9.730381965637207,521.0592668892506,511.42371490303714
2618,10.355257034301758,529.0663734951656,535.2161744461936
2619,10.46448040008545,509.4813290924109,516.2978797351216
2620,11.058791160583496,683.009832687184,681.8623005985614
2621,20.63974380493164,1005.0715944408739,1013.4835293431998
2622,19.99163055419922,789.3837793943877,766.3243152823886
2623,17.78560447692871,605.1128018691929,547.2177808362278
2624,22.186704635620117,881.4928611274756,883.3029594433256
2625,13.015576362609863,612.798183695739,578.5955253000916
2626,15.683852195739746,658.6489084985243,643.9717774494627
2627,6.046557426452637,807.7761272002937,824.0328864864455
2628,14.683854103088379,704.6129229007166,690.4921855871905
2629,12.640854835510254,827.6668454982114,822.6410843239203
2630,13.163358688354492,777.0339348220189,764.7159634895215
2631,18.45166778564453,521.3605164830227,540.7423730302254
2632,17.091083526611328,398.131794220815,422.54749124725583
2633,11.221458435058594,332.7610403895785,322.11217449402363
2634,12.190430641174316,436.58754465556996,420.97080768679217
2635,26.97042465209961,1085.0869700569065,1054.018847111652
2636,28.954998016357422,1195.6723812471384,1152.2660675163345
2637,13.864611625671387,988.2735401638971,947.3584451627199
2638,15.950678825378418,797.0076999270105,778.0968158733974
2639,15.187261581420898,886.3576304277485,871.7324256088984
2640,13.368088722229004,400.2853751968943,384.4599235176409
2641,12.25719165802002,527.4129534483054,525.9773695320849
2642,10.469194412231445,476.1403633542159,481.09721026387155
2643,11.09448528289795,577.2405746915051,567.3955742119468
2644,20.55856704711914,670.2888467751704,645.0977828755797
2645,19.894363403320312,618.0209612819679,595.8316555533538
2647,11.68165111541748,956.9922643148525,921.8947562215741
2648,12.128288269042969,712.2228519745593,706.1749738815722
2649,6.92249870300293,591.309298950812,585.691705396015
2650,7.844478130340576,592.4501839925423,596.9234212281615
2652,13.24963665008545,503.9292137798844,504.7558221412202
2653,12.354784965515137,583.6675876723343,582.7169261779559
2654,12.152413368225098,633.3628075889003,635.8850933672178
2655,29.040346145629883,1255.6599675743664,1284.7318767690444
2656,9.021906852722168,454.6681198637231,444.1746717188771
2657,8.04713249206543,446.7559990538249,433.64060687700515
2658,21.555843353271484,1493.890337671097,1501.234868221755
2659,6.869235515594482,400.2956490323772,416.1301821353273
2661,13.938798904418945,1228.1413183593502,1172.6367027504925
2662,12.640237808227539,1191.2857244745537,1174.8656054254272
2664,21.244651794433594,974.7552240522415,970.2508336108622
2665,14.862187385559082,685.3703738075288,658.1656607236772
2667,7.650639057159424,513.21819880487,494.4041652802984
2668,12.65475845336914,803.9555784331509,778.0772112542252
2670,26.00798225402832,947.8381036184282,934.5680444076496
2672,12.26329517364502,571.7604801046101,540.0256065598887
2673,16.05328369140625,628.6296462614357,591.3212852665729
2674,11.564170837402344,741.7288128141612,726.5850390642246
2675,13.647954940795898,727.166439736439,713.6340529316057
2676,9.451594352722168,496.02834772777356,490.59942908487596
2677,7.831418037414551,448.6436311769595,441.5201954608167
2678,11.747303009033203,602.6712131221421,565.0074488303949
2679,10.99744987487793,656.7583049188111,629.7671144996203
2680,23.867870330810547,572.7870884957507,601.9585169539267
2681,22.909473419189453,483.5064191605218,516.4479797989089
2682,10.043684005737305,540.5078705458145,525.1491754984489
2684,16.29743766784668,1008.1485070759397,1058.2116345846393
2685,27.827184677124023,1170.5207767760314,1184.61073708461
2686,12.146347045898438,813.3685073109543,800.8505885533178
2687,16.87317657470703,1112.1942127286889,1084.995853003416
2688,23.043865203857422,1074.803897609834,1084.752161260098
2690,15.848739624023438,979.6216440368216,977.7820414838044
2691,19.791366577148438,1048.5494815046545,1048.133348043166
2692,11.454575538635254,858.3418217439374,852.000939646825
2693,14.471139907836914,1195.973769187592,1196.3632228444305
2694,9.907181739807129,740.574351514589,784.8244800728816
2695,12.057761192321777,627.2325854666936,618.5911110138496
2698,13.791735649108887,810.6345016279394,810.3783935374624
2699,13.483905792236328,682.2287053947659,678.2862751505777
2700,14.435203552246094,915.8985486955315,926.384181626972
2701,21.27989959716797,852.7184125804808,840.5963750780021
2702,38.353050231933594,1353.3841529594245,1342.9847666794865
2703,21.977886199951172,1350.4800165714087,1364.457311992743
2704,14.891498565673828,963.7988604449077,965.0586225231658
2705,13.510160446166992,774.5380148873617,773.8053898142078
2706,11.605452537536621,764.2004681348565,742.1199282127384
2707,7.882341384887695,568.9992720804597,566.84663580955
2708,9.870078086853027,679.2270328854064,683.0123077716723
2709,10.437398910522461,847.488817142752,846.7777414313293
2710,17.946870803833008,1159.6993119595368,1144.0838001754373
2713,16.95827865600586,798.3212930294164,800.733202474714
2714,14.989217758178711,704.3873257633539,685.3365662521284
2715,13.754021644592285,771.250493215793,752.6243047238055
2716,8.664558410644531,457.8231881603278,436.2401002832382
2717,8.386540412902832,465.6315008275274,442.80683236704004
2718,8.667542457580566,550.7377442067392,544.9566863220034
2720,15.592060089111328,1025.2540265412647,969.6206661743198
2721,21.700729370117188,1282.0875317715388,1227.7164215831317
2722,31.658964157104492,1365.9024024455302,1332.636009259004
2723,17.418411254882812,1211.930825293365,1234.4745065219297
2724,11.786787986755371,612.4954122470881,607.8973618800625
2725,11.559342384338379,560.0307776939425,546.3807443596833
2726,11.269125938415527,515.949108975626,490.9278223723894
2727,15.733296394348145,540.7075254522256,506.6236872411433
2728,19.55350685119629,696.7445832216633,641.0426355157099
2729,14.590052604675293,632.5780359222242,618.0553722348071
2730,15.900856971740723,629.1601928279523,607.2966249726467
2731,13.497956275939941,478.9034390573709,473.29120193193484
2733,17.561237335205078,796.5243828518827,819.991687990982
2734,13.92800235748291,519.1590411720247,542.6604967484222
2735,14.507377624511719,490.21437161631627,516.1470285545907
2736,8.116446495056152,641.98141342418,615.5844692334443
2737,8.874543190002441,560.3490243657786,538.3366722493256
2739,14.089679718017578,822.1980077511929,811.7586480067611
2740,9.02408218383789,429.31060990402426,434.8573335985524
2741,8.248906135559082,434.9927852644188,446.9625096704748
2742,15.625823974609375,824.8973107304973,871.382688067777
2744,18.21268081665039,853.1613765919576,854.679194049446
2746,5.697635173797607,457.5867815081484,455.10164082034765
2747,6.147518634796143,458.02379312172087,456.8320150645706
2749,6.158175468444824,458.33659768041366,457.742068124228
2750,12.747612953186035,764.7960665203864,758.0129280421226
2751,13.79836654663086,723.9744205519054,718.8191372383675
2752,18.696874618530273,759.6623973446572,773.5999121337447
2753,20.360305786132812,937.6684670138355,935.0605340985126
2754,12.700207710266113,579.6058157059684,581.5425424956213
2755,14.782750129699707,717.0189930017691,710.292940454805
2756,13.004050254821777,827.3405302482787,822.3287706987692
2757,16.409448623657227,649.0704317154022,680.2281653330823
2758,11.363402366638184,518.5860029245705,518.0916480694702
2759,19.179208755493164,903.2646656811781,886.9588787374271
2761,10.005207061767578,469.3096685294617,435.859621571124
2762,6.083459854125977,370.5594126635018,355.424888817986
2763,10.27099895477295,588.9572011880259,591.9504635343542
2764,10.606008529663086,608.0259426575764,609.2365531628706
2765,12.406649589538574,677.1761458630345,629.7467799358315
2766,12.654827117919922,678.8637363814172,632.8610034375628
2767,24.0322322845459,784.2624674460009,757.9044179960041
2768,18.68214988708496,535.5607631294881,544.9385540627002
2769,16.968971252441406,427.08911971591186,445.7640437387757
2770,10.998871803283691,722.0120288885178,707.5655634058623
2771,12.46449089050293,637.2712113983137,637.5329772476517
2772,11.04067325592041,465.3071840662788,455.69018138190506
2773,10.150154113769531,490.34433656313007,479.853983502242
2774,13.151448249816895,644.7825666876307,659.761930268289
2775,16.281021118164062,760.809649331446,771.7240816345834
2776,14.878695487976074,755.7495972417379,761.412187025801
2778,14.377473831176758,577.7759444107642,538.1421161634287
2779,8.382335662841797,438.25133959992877,441.4292195127087
2780,8.190489768981934,435.5542367029774,437.26301733628776
2781,8.191622734069824,513.5692083141907,509.49332861399375
2783,9.176129341125488,521.1918268658302,485.90936856040145
2784,8.86363697052002,531.9348168687536,513.3356347533147
2785,21.707422256469727,1250.2017766150063,1209.9905426312266
2786,15.964861869812012,895.1038983588182,875.8329231173965
2787,16.689308166503906,825.7720180362801,833.5774610336692
2788,16.378948211669922,794.5183006386152,795.0686585130381
2789,7.63775110244751,408.98206643303524,391.8565379647289
2790,7.229737758636475,388.02292763794196,368.79839552069444
2791,6.121640205383301,483.2389902927623,456.90335650090464
2792,10.995356559753418,920.2514105304468,866.8737328306421
2794,15.188849449157715,748.1946605809186,748.0558156945602
2795,12.734256744384766,536.549037514389,532.3364856828094
2796,12.087838172912598,660.1129106473163,616.132259780916
2797,20.938583374023438,1273.6509360724885,1256.9025336257118
2798,26.885095596313477,1417.8764530177793,1408.91917756612
2800,18.929649353027344,1174.8661376082057,1197.300929589346
2801,14.685869216918945,898.622674916981,909.5553506136267
2803,6.634030818939209,403.6852799710568,383.39596996810343
2804,8.922098159790039,581.9072683152154,562.0239758974415
2805,8.692795753479004,742.1458908436857,751.170167745518
2806,8.536612510681152,485.7190911348033,460.19697196324495
2807,20.200838088989258,737.0927725952223,728.9090394400149
2809,20.573673248291016,820.6123281283103,836.0363737686673
2810,17.106733322143555,713.866097156032,704.2074297070509
2811,20.896045684814453,842.3290515002864,845.4608871191675
2812,20.363969802856445,961.0670374321764,927.673069256331
2813,21.747493743896484,962.0321399319198,928.0782248611623
2814,11.897101402282715,675.55142870941,636.8058335758833
2815,12.349678993225098,666.5020986946923,630.9444745351727
2816,16.876420974731445,923.0261468691477,900.5362376610693
2817,18.728988647460938,896.5405188190495,878.1839691890028
2818,14.874516487121582,864.0094616707353,833.3649073969654
2820,23.64385414123535,630.024200589903,607.663241573784
2821,7.540838718414307,390.9000146445102,364.07700064234103
2822,8.29577922821045,459.52454902310416,436.38711982604303
2823,15.073274612426758,664.4472118249339,671.9390432913773
2824,13.513991355895996,689.9193765101355,700.9623901147351
2825,10.98526668548584,629.5380193232714,608.5104100673642
2826,25.97768783569336,1208.2242444244089,1227.8201600024042
2827,14.187652587890625,929.5522188163127,921.9700075138006
2828,22.526639938354492,876.9575543883178,870.6620046716124
2829,20.083045959472656,772.4867944425497,788.5179902116785
2830,14.718631744384766,825.2592558189704,807.1596186904361
2831,17.380260467529297,731.3986327553205,740.3510460356429
2832,15.133099555969238,677.4685595200988,689.5385482129476
2833,15.094670295715332,654.4171151298317,661.53634294689
2834,13.91347599029541,958.4625754229395,936.3586428636876
2835,11.601097106933594,757.5374446401236,739.9710982796987
2836,7.3206586837768555,292.99487798294996,300.127267566311
2838,13.655376434326172,897.8804281651643,840.6282209896699
2839,19.446552276611328,1156.0255585366526,1099.5820059444147
2840,26.17513084411621,1113.3889211512874,1106.8752231989113
2842,9.986530303955078,489.4149860949046,484.48812182952497
2843,10.210999488830566,641.5449548128654,642.6737923673311
2844,11.807437896728516,664.7960606145473,652.8848265859533
2845,5.819268226623535,513.4895658783124,506.0756976659649
2846,6.860755443572998,525.4527976684901,507.3563422865974
2847,19.6708927154541,829.1172266891916,813.2534834117532
2848,58.8857536315918,1667.2179375449512,1682.509133496472
2849,15.310016632080078,643.4777416324407,645.47023006929
2850,32.205909729003906,1372.761910916029,1326.048244132987
2851,32.746368408203125,1263.863839837638,1211.9129887377678
2852,10.858478546142578,736.7200717675215,710.7890488893522
2853,12.402567863464355,737.6176143337934,721.675255759154
2854,15.057853698730469,550.5915100707211,532.3532137452306
2855,14.653412818908691,602.7480478330449,579.8722353734028
2856,10.219447135925293,543.6253857531423,522.566644063511
2857,10.674162864685059,731.4493435179115,706.3257814154363
2858,27.174606323242188,1054.764216759359,1007.8946952804704
2859,19.916093826293945,967.9387839664519,949.7133658541935
2860,20.345413208007812,553.8054556049482,565.9610125670952
2861,21.299190521240234,599.9070847421791,599.373283864333
2862,19.860795974731445,761.024869173047,780.7063197329991
2863,20.4924259185791,799.1262311799311,808.0478839353734
2864,11.625515937805176,548.8456939077195,515.505441611502
2865,11.09304428100586,625.5606308466771,604.01865174496
2866,21.569503784179688,651.3260770204563,625.5875056012717
2867,16.83247947692871,607.3612871593687,605.369000507001
2868,13.129524230957031,585.6641651313406,562.9308442642947
2869,14.796881675720215,772.0771266563645,790.8824668368804
2871,9.82746410369873,542.8767984187084,540.2533262010778
2872,19.042198181152344,1023.0642154522069,1012.4508581305187
2873,11.11119556427002,613.9973343417568,587.2653142435494
2875,6.296889781951904,317.29511249218075,324.097921449946
2876,6.265743732452393,316.63844522173827,323.8174240618379
2878,14.557830810546875,574.9280887062382,588.8826510837248
2880,13.248222351074219,534.4556208991085,524.9129769406463
2882,14.728140830993652,1018.9272167824635,974.3629957651725
2883,17.080514907836914,795.7299701784308,804.5321960674212
2884,12.702311515808105,596.2328555133959,566.4321930212112
2885,4.415361404418945,290.69191546507534,269.59255326256357
2886,8.981886863708496,609.888121069732,580.7355507460209
2887,8.960972785949707,496.4299200589755,493.25536185325785
2888,12.371829986572266,325.9367068714626,324.4325962778833
2889,13.163687705993652,578.511653960317,592.318886626999
2890,11.20215892791748,640.7606317119136,635.881860869418
2891,9.24454116821289,488.57696758303337,482.93807494438266
2893,20.539234161376953,946.5368271563041,932.7796460746194
2894,10.542363166809082,573.9317323207862,525.5027540934019
2895,15.428465843200684,1019.6155208566288,1013.7119406410824
2896,21.86693572998047,668.482086385593,659.849979839551
2897,19.342994689941406,529.9788199475811,527.825162710119
2898,18.33475112915039,1711.8761518230056,1633.1651819187268
2899,21.910322189331055,1726.98487548507,1651.5290846153066
2900,9.073175430297852,805.226006938308,785.4814930679102
2901,10.804497718811035,854.6586355765684,835.3510588372618
2902,27.60404396057129,836.9680401088992,833.5031334771364
2903,20.39905548095703,764.7564548542325,758.3914729630059
2904,8.903607368469238,563.5093484394692,540.9932860031239
2905,10.443306922912598,602.0049419695397,604.8377728157823
2907,9.396027565002441,562.1197016996621,582.8599475685115
2908,10.619961738586426,453.7009944693684,460.6857195861663
2909,8.149765968322754,444.7762397213423,442.1033501335011
2910,26.919208526611328,1259.0591336455511,1237.4020300775137
2911,19.256744384765625,958.3138362102075,936.082433589892
2912,20.485591888427734,1386.4051982806782,1396.45251047462
2913,17.08646583557129,742.1225779298023,717.495892412976
2914,7.092414379119873,402.3671449884715,412.2317616205183
2916,10.424360275268555,515.5572321256387,486.98011003432987
2918,14.617207527160645,679.1794341918234,731.7867987669318
2919,15.02879810333252,620.5223567783942,676.523431600383
2921,14.100316047668457,794.3697462976502,789.8761178650825
2922,7.223622798919678,340.8969919755054,322.711376592023
2923,9.004668235778809,397.7941764650802,384.5278105825976
2924,9.78014850616455,884.3480541176694,870.2760771317422
2925,17.94453239440918,538.7906433284442,558.7434009889466
2926,18.60833740234375,548.4696351834493,564.29688515527
2927,11.304964065551758,442.97449887375853,439.96974613508655
2928,13.332054138183594,531.2437258149521,529.6459239241331
2929,22.295024871826172,1051.55140018251,1062.1032129575879
2930,17.096481323242188,879.8454998037472,851.690767498228
2933,12.117070198059082,806.2688106112361,813.275695376368
2934,12.141493797302246,618.2827659649571,595.9361035581269
2936,11.345606803894043,600.5547729529977,578.0668020170102
2937,11.970826148986816,803.8606368940218,794.4372824179451
2938,10.300572395324707,660.6741937432361,643.3247948743543
2939,14.979533195495605,959.4739084426507,951.9185141687382
2940,11.534026145935059,563.8690462814214,531.2798227175448
2941,15.09172248840332,758.8131973055921,761.4737974036268
2942,13.521600723266602,711.4872424627532,672.9173463099175
2943,17.041980743408203,945.4312701469333,960.1991746914612
2944,9.533352851867676,464.25222454062646,443.5416542420303
2945,10.866475105285645,551.9898454281929,537.8481751247359
2946,12.358447074890137,813.8178164987721,809.125991111639
2947,17.380510330200195,1017.6932672476372,1017.5455663654616
2948,18.976497650146484,732.5633062629144,746.0803592985525
2949,28.238536834716797,952.5520648455674,925.3490997878222
2950,30.52541160583496,1082.9499051814796,1082.6474397347242
2952,26.451427459716797,1612.9619713722634,1555.2623022237765
2953,8.602036476135254,611.4069358493647,605.0732681671929
2954,7.6945953369140625,524.2009835888222,510.6919937550401
2955,23.55428695678711,1808.2549842593392,1811.9779847557286
2957,12.93425178527832,789.727948619964,782.253716597637
2958,17.05431365966797,779.8568397685073,754.2000954119113
2959,20.63677978515625,913.639038904423,903.1117124142161
2960,36.71826934814453,1187.8154921952032,1202.9931293633722
2961,9.420525550842285,632.3322322429874,609.8306466028599
2962,10.118226051330566,657.3783977658431,636.8023922680379
2963,14.02548599243164,643.9707153067396,644.8779225505671
2964,17.12642478942871,1021.9655816890605,1023.9696116572738
2965,16.8946533203125,994.0867802626418,989.2329667464085
2967,8.729899406433105,521.2899109569053,512.255431617114
2968,31.762834548950195,1796.4682019505383,1842.3036961446605
2969,9.076659202575684,460.6549788545118,495.79674015856034
2972,13.486309051513672,844.3632882671119,837.1681618393513
2973,11.588621139526367,556.5923813568609,544.7049361356203
2974,13.75420093536377,746.6978574095211,774.8348633654376
2975,9.865238189697266,579.1994626628087,581.8901748629388
2976,10.418341636657715,855.1136060616592,827.4259579180333
2977,11.461902618408203,620.1740379829479,586.7190095372785
2978,13.31542682647705,757.1839835688315,724.2878687284741
2979,10.49014949798584,786.6268871310043,753.7438517604746
2980,27.59305191040039,842.7442147149918,836.6197458396673
2981,27.61568832397461,844.8906052934735,841.2248004111207
2982,7.806112289428711,565.4519929686041,538.493071131484
2983,8.036580085754395,546.433855679544,517.268694042868
2984,7.314591884613037,642.4270501761029,643.9533845497964
2985,7.93084192276001,737.6853608931557,739.6814679632447
2987,9.635043144226074,468.51726987850213,457.5712763301499
2989,9.4265718460083,516.5446478153116,534.9291658914202
2990,6.665281772613525,297.3734503243303,305.62304495419517
2991,13.184271812438965,667.2810904287251,699.1091621632821
2992,14.583381652832031,715.6580925850545,705.5942884643633
2994,15.204699516296387,961.2158609767947,944.9918107141402
2995,8.811902046203613,588.8724264814938,588.4560057870079
2996,9.706048965454102,715.3628317498827,701.6400049744843
2997,12.716156959533691,715.3562087620088,698.6497382658163
2998,8.914908409118652,691.8118337827945,678.3183836014426
2999,12.649924278259277,712.7085790347519,696.2791448645572
3000,6.4624152183532715,463.25450466224123,435.7088376379605
3001,7.847993850708008,530.0509900140981,500.9271524498922
3002,13.600171089172363,910.2551818834493,943.1677164908342
3004,20.65088653564453,786.6411042190792,758.380581173544
3005,21.628501892089844,793.7906765693567,757.7912652788847
3006,36.15402603149414,1165.0281897449483,1172.9434588024549
3007,34.76765060424805,1247.0732178642377,1247.1615877575246
3008,12.091561317443848,565.7038808201738,540.9813592837138
3009,16.39894676208496,696.7754795936955,658.1813814382374
3010,8.049424171447754,465.59681232504005,458.6369702161375
3012,13.104909896850586,802.9816402531284,771.8133615883509
3013,12.459259033203125,868.8668660699403,835.2857410385674
3014,13.631980895996094,724.5970103136704,683.9063833048799
3015,13.032073020935059,704.3225174539217,663.1592068529984
3017,15.342072486877441,632.5041904190274,614.6969608193945
3018,54.389869689941406,1748.6451069458506,1798.8426761278358
3019,17.6256103515625,857.6544457217447,839.2409944047538
3020,13.191781044006348,688.5802930217501,696.9001406879792
3021,13.942340850830078,626.4715690928367,627.1023974809664
3022,13.161412239074707,622.5188636563868,600.7180640784444
3023,12.877333641052246,857.2772069670636,852.4010180700295
3024,7.612901210784912,471.2012661131718,480.71868893942786
3025,6.743173122406006,258.73678493873444,255.27542681107977
3026,17.89011001586914,456.04008207584036,453.80292238119836
3027,20.962337493896484,515.8288945643768,502.89001981529157
3028,12.174308776855469,580.228419440529,560.0279946846457
3029,12.102309226989746,778.2309616987603,796.8870565276965
3030,14.416998863220215,774.9710200142475,757.065687233187
3031,18.258712768554688,1056.1292722150895,1037.1592553241057
3032,14.980998039245605,680.3701977344126,655.0350334224767
3033,22.801795959472656,1137.3814713710624,1093.8983335982632
3034,23.321048736572266,1169.5286634245178,1116.0645515188294
3035,9.512094497680664,589.4377177472132,571.9023464662591
3036,9.900910377502441,576.6260875352375,558.7873168964163
3037,14.164092063903809,761.3599618816442,734.3250454127602
3039,13.101527214050293,896.0367824080741,876.8519299665854
3040,11.567925453186035,616.1257446009861,600.0277479137056
3041,21.331031799316406,1327.533495089275,1375.8762615790436
3042,11.829997062683105,492.0530209736537,487.2655353316269
3043,12.14538860321045,804.8894770222006,789.8107716247553
3046,12.93570327758789,726.0326716564956,743.9534029305412
3048,13.868401527404785,614.8054425584918,627.2110620756389
3049,20.4532527923584,716.7233101118009,668.6155741601915
3051,23.1412353515625,686.0300270607897,666.0308648093257
3052,13.11270523071289,772.4832233092774,737.9717651295821
3053,13.22805118560791,789.2377782451233,749.9630169070641
3054,10.810660362243652,493.0565836675886,476.3174055819623
3055,12.642087936401367,561.1802593892178,534.2836555431513
3056,21.033958435058594,1138.7938026218123,1126.9992499332009
3057,20.182260513305664,746.0071283975445,736.6763990040206
3060,15.867437362670898,965.6583621448696,989.0624402567028
3061,15.26868724822998,667.5136063711694,659.0418015771704
3062,10.943116188049316,563.3271101361154,558.6510213626002
3064,19.6976318359375,743.8362285307895,734.7492226169725
3065,31.6933650970459,1011.933123600026,1023.4938929139952
3066,40.2674560546875,1153.9000451637364,1158.329756119031
3067,18.66611099243164,744.7706961561175,705.3784113380597
3068,11.09776782989502,611.4767150479837,589.3917675015482
3069,14.437259674072266,808.498969156965,805.999536370838
3070,9.925036430358887,804.5097243893599,808.6360415335529
3071,9.572896003723145,803.5278470570702,799.5240247331467
3072,19.223621368408203,971.0239718601994,956.7966967521354
3073,21.307567596435547,1212.295511462591,1186.7283821471335
3074,25.493377685546875,828.6085775795184,821.9603568877632
3075,19.64980697631836,913.0512515242266,908.5375473624307
3076,10.949747085571289,682.9130697008309,667.1527535942112
3077,13.523279190063477,1000.8018246179153,965.3911545336973
3078,24.007526397705078,917.3780506030116,887.2202513421026
3079,24.040504455566406,812.1836230603838,773.5611076109678
3080,12.403578758239746,358.54529900738424,350.2050940433831
3081,11.087441444396973,458.06915951794554,453.3122175034208
3082,10.872284889221191,692.9577631836308,688.8347164783399
3083,11.583914756774902,587.779987767851,578.2561416250587
3084,8.085626602172852,494.1257167958671,494.4713002993339
3085,8.4519624710083,542.1693556215032,538.2386528998027
3086,15.952638626098633,767.0711792070487,803.8862330595998
3087,14.991825103759766,840.5501613877079,854.1461183206058
3088,10.917350769042969,558.3762863681684,534.7123704279724
3091,12.370798110961914,490.61806408123925,494.371179499463
3092,20.465152740478516,949.6172242624152,935.2957050153666
3093,22.41208267211914,843.3779162143866,815.5935795483484
3094,24.179340362548828,1232.9678564553801,1225.3937192358524
3095,9.221261978149414,591.5018749369663,609.6334439950872
3096,8.51977825164795,508.4632702021576,529.1131859332162
3098,12.799084663391113,721.9905981832774,705.1499686471817
3099,9.987576484680176,618.3714710731296,614.7335275306959
3100,11.648749351501465,776.2255302636056,777.7436598509712
3101,10.649330139160156,678.4890733992595,677.4539304217393
3102,11.918234825134277,771.7314839228129,773.5479771569397
3103,11.259795188903809,597.5492065463382,578.0705256197922
3104,18.407329559326172,932.7633374290419,942.0123713937737
3105,19.868549346923828,807.8668172874203,788.0225077982249
3106,7.441919803619385,732.1883849014646,658.1797827496076
3107,7.446382522583008,639.6834551925016,569.2268866195052
3108,10.305136680603027,610.9399141837237,594.4571229381181
3109,10.998971939086914,642.1557217693698,607.0555865001689
3112,17.164941787719727,760.6068069407968,726.0022821168134
3114,14.6707124710083,698.4434727605255,658.5151427840125
3116,10.345134735107422,445.2139199279456,457.3716122348979
3117,10.981581687927246,471.96998846090014,484.68634020522416
3119,11.664856910705566,717.8496059387387,682.0650601073097
3120,11.972925186157227,530.3432050233378,508.1079668728184
3121,11.595423698425293,679.3918967431347,684.7610429463667
3122,12.437138557434082,527.9206452760635,488.462716505073
3123,12.428144454956055,626.0866816719592,609.01863515548
3124,19.572078704833984,827.3559168769835,802.6035187386273
3125,17.60976791381836,827.2930103597083,819.8517946297713
3126,11.756940841674805,555.1025019555636,550.0193786928496
3127,12.03134822845459,436.2229741919593,406.9417097573535
3128,13.51527214050293,850.6628808685358,847.6037450819211
3129,12.546402931213379,714.8779385259754,708.0751008585443
3130,20.814241409301758,940.9957020703731,967.2919614346608
3131,12.813485145568848,703.3465035099441,703.1886446945857
3132,27.70936393737793,1253.453322713032,1271.0948891855685
3133,42.29156494140625,1359.804414075547,1346.2693666486728
3134,12.588783264160156,784.6470801350196,788.2849265772446
3135,13.684715270996094,742.9610680372093,698.0910447619012
3136,13.73367977142334,838.8457544818109,792.2403360376495
3137,21.272865295410156,874.4187531606046,814.8123773021266
3138,10.34624195098877,692.4070059732413,659.7359361825545
3139,11.775834083557129,627.7937923437366,627.8968928029964
3140,13.040698051452637,880.5128173767035,866.1118968000183
3141,13.857451438903809,1075.454088663716,1064.8378836565314
3142,18.067007064819336,948.5840108188341,943.515548977233
3143,23.575990676879883,1058.960546777264,1069.2436812014796
3144,17.609188079833984,903.6840473091015,893.8661934215111
3145,10.250202178955078,546.096197479307,525.2118879065782
3146,10.49013900756836,523.3644584187495,516.8266125817561
3148,18.931772232055664,997.7112717614032,949.2778430145851
3149,25.860265731811523,1056.3361430396055,1007.4513483800773
3150,12.3995943069458,714.6585303036337,707.0108848914043
3151,22.215173721313477,1203.419959478488,1237.0505115780754
3152,19.033578872680664,1093.874172511912,1125.1493804583804
3153,14.584357261657715,794.0386538050519,778.3873273852239
3154,13.409221649169922,641.6210029282365,643.0737071759062
3156,15.423954010009766,549.5147049694647,512.7656951817002
3157,30.767166137695312,988.6443257035432,969.6065285435548
3158,27.386688232421875,914.5734844769684,908.7266022000067
3159,27.825441360473633,1226.0891728631238,1214.9381112785507
3160,15.103946685791016,878.5324417393648,861.4388241491896
3161,21.98090934753418,1531.1067444645419,1574.7062602643239
3162,14.316261291503906,806.8679567567742,792.6340051465934
3163,10.139941215515137,601.5565505367023,592.2257224666835
3164,33.38863754272461,1558.9795292955082,1607.6769138523089
3165,14.877708435058594,638.1523546224254,615.4003861481418
3166,18.33795166015625,797.3768666645656,803.7501197171805
3167,24.373233795166016,986.0119908963131,976.4237759528552
3168,10.275530815124512,413.5159606741959,398.3429962699627
3169,10.7305269241333,509.27582195306013,514.0062787380314
3170,12.189934730529785,745.0172840827684,722.2752503069551
3171,13.152377128601074,899.0040484622536,892.8309094303568
3172,11.887449264526367,653.1001076588509,624.4801804551319
3173,11.538169860839844,616.481124874618,573.0109453844034
3175,14.97162914276123,737.5734823140762,725.122648352296
3176,16.283733367919922,1027.0603045923253,994.284236584019
3177,19.448732376098633,978.6178185673181,964.7396938930316
3178,15.828547477722168,896.7143122781225,897.3029890342219
3179,23.690746307373047,935.7911389167992,888.8037571725616
3180,11.156410217285156,711.7950396809612,702.508845902057
3181,11.22465991973877,584.9933461922176,571.4597511344037
3183,16.681039810180664,969.8205141366935,995.5551985218217
3184,23.70796012878418,989.9103042006781,959.064385680391
3185,18.894134521484375,740.6385183439749,708.6358312418458
3186,34.37449645996094,1281.9103717757587,1260.249237821641
3188,12.824620246887207,706.281302153283,707.5624602709622
3189,21.535491943359375,1023.7168926824252,1048.2579515907878
3191,21.494489669799805,1380.5728284512873,1437.2061664293017
3192,14.85147476196289,536.2335645026288,534.9416026154985
3193,12.223698616027832,646.9587063524264,663.1062686935719
3194,15.236784934997559,494.125683428968,496.4646963264877
3195,15.458874702453613,493.8730214765461,504.05968034901946
3196,15.204599380493164,481.58684631460244,484.99615393991616
3198,51.254638671875,1608.9794490574855,1637.121592097619
3199,14.371562957763672,667.1299173360128,663.6163496542554
3200,21.819517135620117,775.4437794050576,770.7420474965398
3201,16.466655731201172,643.9272061641555,654.2383079330448
3203,13.415919303894043,821.0654835033831,803.8514659458834
3205,14.191276550292969,702.6787913016342,733.4366411266029
3206,12.580122947692871,601.1353365121132,598.5710682085182
3207,15.905070304870605,901.5276668769711,929.3137298564284
3208,13.87129020690918,698.1027483831627,723.065752973892
3209,6.632148265838623,287.1361944992607,294.1143157095453
3210,11.39139461517334,615.9639006722124,600.7556579519417
3211,10.647704124450684,563.328401891655,561.8891807593426
3212,15.5254545211792,462.58181088963687,468.3688014638587
3213,16.58090591430664,552.3926532043793,554.348791698168
3214,17.336715698242188,640.2730843747572,621.8033089744301
3215,23.635547637939453,814.9736261761868,796.7860763551896
3216,14.927836418151855,822.6484424247102,819.415680377814
3217,13.473010063171387,732.1441598965357,750.4778752428456
3218,14.328457832336426,851.3611849289856,850.4372130884625
3220,10.396867752075195,439.2338265897533,429.46693234076474
3222,10.77382755279541,479.06023145566456,468.1108629717638
3223,10.207290649414062,456.06266533118793,443.19554718412445
3224,17.762184143066406,918.7267288896211,942.2680271711205
3225,27.820053100585938,1214.0103951235062,1199.6038464255732
3226,12.334465980529785,816.2484656866683,825.1878464037233
3227,20.104801177978516,483.9633213548863,467.49869121699766
3230,23.053747177124023,735.6586200319808,740.545199023963
3231,36.829036712646484,1333.2095112875688,1295.908597853726
3232,13.71437931060791,618.1282798660078,619.9355690087415
3233,12.263422966003418,497.0177860765285,494.12610132626116
3234,11.071770668029785,615.0798986459353,617.3656983865512
3235,11.210644721984863,625.6872278492804,631.1582542404567
3236,12.453274726867676,843.7859423681139,830.5776052825429
3237,9.865875244140625,530.0315511418927,525.0170557971994
3238,21.001693725585938,855.68542777541,887.6466462893677
3239,23.36744499206543,949.500320920638,959.3078649909471
3240,20.9341983795166,839.2217688117144,872.8977792884017
3241,23.290861129760742,971.0334118057978,984.4083034714852
3242,14.287370681762695,821.7931483236126,834.9984303470999
3243,9.606274604797363,460.2975818597969,445.9959579057508
3244,11.138846397399902,638.5159406107751,627.3665373256241
3245,12.26921272277832,742.9845340395702,738.5576995880643
3246,11.978702545166016,756.5247213628843,742.750353440948
3247,11.711459159851074,693.5828071450337,690.583048002243
3248,10.912041664123535,478.1725529363181,466.71873838331203
3249,10.09040641784668,449.9672692700009,434.2190584486393
3250,10.321240425109863,727.9117050714206,685.5403591471188
3251,13.434934616088867,879.9307674693008,833.4411876777875
3252,9.574848175048828,562.8001470235338,538.6945509181198
3253,8.856348037719727,585.4681211791916,563.1594917390461
3254,14.240645408630371,898.4007245862533,893.6515951899466
3255,15.22350025177002,721.7539211406581,722.5647046807997
3256,26.021902084350586,1216.2276808015092,1225.1835367134977
3257,23.136533737182617,953.8258830166238,947.7336694747174
3258,27.72976303100586,928.1999229594182,922.3371330093601
3259,20.7320499420166,826.377525050661,816.4524760862671
3260,9.186400413513184,499.75421199259466,489.8894445622284
3261,8.778404235839844,492.74714773103597,488.05661353480724
3264,18.10618019104004,752.1604591935354,752.0949719751867
3265,20.610191345214844,835.9019269887291,825.3174885175363
3266,12.087210655212402,421.3291355933369,396.2513943293132
3267,12.199953079223633,540.8433065019489,533.3031817941538
3268,13.842555046081543,533.459334388425,522.1161642969624
3269,13.779909133911133,612.4861272415525,607.3355123710976
3270,12.34475040435791,619.9285645178053,587.3033255775808
3271,12.280314445495605,625.3718833937643,588.398184184661
3272,19.910249710083008,766.0067550979447,741.8866757331486
3273,19.685909271240234,880.7649566640046,854.1192594370779
3274,12.882441520690918,810.8190099605546,804.2324236104166
3275,8.30188274383545,361.97175110816994,380.17771785805274
3277,18.733901977539062,520.5525777211286,522.0727050217752
3278,20.614933013916016,630.1281197039901,616.8125126320335
3279,10.607076644897461,608.029444814803,618.9085153920172
3280,11.842184066772461,578.3622507245799,579.8198735948362
3281,19.207672119140625,666.2989006532806,639.5539416380201
3283,16.497400283813477,666.4519665160387,681.6801689880064
3285,9.786576271057129,583.9128435998174,571.1904658574706
3286,11.1512451171875,697.6639879728414,690.619787422026
3287,13.597087860107422,1026.7675632453086,1002.4015793090659
3288,11.515947341918945,634.6628208590304,593.8056659286551
3289,11.874131202697754,687.6515719662486,684.7275182530336
3290,10.8905611038208,511.60731685794593,477.75799072832893
3291,11.302178382873535,532.144359982107,508.37374027547133
3292,16.481464385986328,1147.702521953843,1123.6544518458275
3294,17.4309139251709,774.5726747238186,794.369796737473
3295,19.71055793762207,756.735308455262,794.5467975683928
3296,18.370336532592773,985.7196800552778,968.3308641052818
3297,36.9741325378418,1207.9111150594988,1180.0195358897747
3298,28.415300369262695,793.4555203367115,755.7583481064723
3299,23.240890502929688,862.8163440772862,899.1705832436107
3300,23.449462890625,835.8442051105194,870.3210009176943
3301,6.915586948394775,390.16505091597895,381.0689692838781
3302,8.435603141784668,451.1998795025711,440.8885909239637
3303,28.703975677490234,1172.227150300062,1134.027942099247
3304,10.145218849182129,601.4588292995961,574.245721507544
3305,8.987874984741211,576.1113915681863,553.8058238306689
3306,14.69865894317627,766.1786695069762,759.4161575859414
3307,16.969627380371094,659.3149658023741,655.1964893713649
3308,15.699559211730957,781.3548818719316,774.6350017000968
3309,15.886778831481934,663.2927848177607,661.9337963232474
3310,14.78490161895752,466.9827704384563,484.4937418343762
3311,13.734455108642578,360.2973411741671,390.41130002524693
3312,19.70975685119629,680.1932498826351,676.8507107374107
3313,22.945068359375,755.9594782461033,749.8236288336732
3314,8.145405769348145,352.1917857866542,374.8958374213644
3315,16.219877243041992,906.4071995744395,951.2803355338469
3316,8.402190208435059,633.1055854750384,615.08977161121
3318,11.44030475616455,480.1933938469664,477.92585988791194
3319,5.188470363616943,308.9398738851168,312.0524897463188
3320,4.655229091644287,300.4339129860198,299.2334228761106
3321,5.290774345397949,308.0013110762754,309.19225279315793
3322,4.6536455154418945,299.17920608727206,298.56447454939877
3323,5.211714267730713,371.4151339843372,383.9069559802293
3324,7.028494358062744,639.9433412666688,634.6164850191132
3325,7.280189514160156,566.041891154419,585.9894131716147
3326,7.485716342926025,622.10001126403,629.5257785568242
3327,8.78516960144043,550.1075294374494,516.6712231100104
3328,7.233798980712891,481.39772023453975,469.9946456108958
3329,8.579802513122559,495.86643055621727,491.8377624906795
3330,18.458351135253906,939.710196348782,931.8338587525466
3331,18.2838134765625,944.1587736535417,903.3838737656675
3332,26.44061279296875,1034.5827352908357,1093.1918199670183
3333,30.263717651367188,1122.3397804072192,1161.9399509547052
3334,15.105554580688477,989.3483840723163,1000.2948249864454
3335,18.819738388061523,820.6221028093165,825.2071006517579
3337,32.91640853881836,992.6220508924333,1024.1997987967977
3338,12.90146255493164,437.35157557870696,432.765558272639
3339,11.518165588378906,500.0871029884805,498.71478962991637
3340,15.387014389038086,794.2801014510517,727.3977246726595
3341,13.57569694519043,771.2655252914783,722.8038417232115
3344,12.270340919494629,548.0253214028851,542.3720952639094
3345,13.765665054321289,747.3119659346945,734.0876997062678
3346,15.948041915893555,729.8709100757923,721.7923576559565
3347,13.12220287322998,799.086398465515,771.7041229498581
3348,14.225404739379883,763.092210708242,753.1578839664478
3349,11.25568675994873,416.99496565096723,397.5914391562129
3350,10.993217468261719,501.59165078212317,497.9642770520078
3351,18.711828231811523,781.0902999686771,780.2567021818988
3352,19.302099227905273,657.7569837801826,673.9828022213509
3353,9.93630599975586,527.1736041450649,519.5999913459685
3354,9.629671096801758,501.3049315013228,492.4557868506674
3355,19.205528259277344,739.629889814506,752.0020912385392
3356,18.01735496520996,526.0927180349689,514.5141385566245
3357,16.667377471923828,836.7502353516725,860.361196217086
3358,13.605389595031738,339.56236047804106,340.7551494979682
3359,12.537886619567871,426.44362867143883,417.82408504645707
3360,32.13317108154297,1002.7781435877233,960.7886699347964
3361,17.907581329345703,1007.3038922835582,999.8120421091751
3362,34.274112701416016,1658.8887578757592,1636.6707001364307
3363,10.842411994934082,393.2683839552705,381.4779908769555
3364,10.759112358093262,392.7149688042449,391.07761256892877
3365,24.063186645507812,1345.262163274267,1328.3568051286343
3366,23.579120635986328,1281.6241311043404,1254.6759156736011
3367,23.606693267822266,1397.9627185884533,1383.092932874493
3368,24.671165466308594,1369.4967434101734,1329.6101087918514
3369,21.102018356323242,1351.4072150595,1323.0507800858688
3370,20.97835922241211,1242.6783306020561,1247.6998601919674
3371,26.26822853088379,1733.554954239485,1702.3619234241798
3372,26.9855899810791,1644.2740438560506,1625.7601937627205
3373,4.568605422973633,455.0850726671335,436.3502289010388
3374,6.21962308883667,473.835559867287,463.35197111309304
3375,14.714086532592773,858.7848744500858,887.517813707969
3376,7.854658126831055,365.2578025188229,372.22025388087843
3377,9.54793643951416,618.6145852410904,605.4617769711211
3379,42.01390838623047,1055.3528192731399,1097.769784328238
3381,13.222297668457031,748.5644565288666,754.8060739663238
3383,13.236089706420898,741.8963506895024,748.4632255022909
3384,15.500365257263184,639.4356021994342,651.564268910598
3386,15.709482192993164,817.271176981856,837.8949364459013
3387,23.929231643676758,997.2742770792153,987.8121012876452
3388,16.66602325439453,908.9721032607073,924.1629388531444
3390,43.67142868041992,1244.8501468873962,1217.801954356542
3391,26.277000427246094,1097.9814624269986,1094.0037990418496
3392,12.129090309143066,356.03917451063325,330.00909745958603
3393,15.59350872039795,609.9252164535461,587.4495960898034
3394,16.149085998535156,689.9867761302963,684.7532066481983
3395,13.059590339660645,575.1080040723616,570.6785118926778
3396,15.119544982910156,779.8394844268423,752.3620388961273
3397,15.984070777893066,883.5703770191325,847.9808380268009
3398,25.64837646484375,1395.5560894889916,1359.0876299587094
3399,28.784530639648438,1402.9062443686332,1369.5108933274162
3400,20.92755889892578,864.3204091063793,878.8470863985167
3401,20.243511199951172,933.4264515161826,916.2261569784396
3402,30.910707473754883,936.4728806925367,897.34877859031
3403,31.104841232299805,1029.4968679646397,977.6385090925011
3404,25.598222732543945,923.9049980232301,956.6328479683164
3405,18.418312072753906,872.3616795227052,886.0363559806358
3406,11.267757415771484,709.2776493176842,700.1088264019564
3407,16.955827713012695,1011.6721062605649,1000.793122356958
3408,7.911783695220947,590.3027658952909,588.7415590369691
3409,15.827051162719727,698.8572361819123,695.7489003963068
3411,12.599751472473145,869.2461006712797,876.004197598846
3412,12.738178253173828,761.8275643631675,757.205702500948
3413,12.251672744750977,688.5655095185191,676.8110275947922
3414,21.200063705444336,649.51343223891,653.4627324261489
3415,22.71173858642578,783.8578357140383,826.7849144215264
3416,17.256040573120117,761.7986940909512,688.3134470659617
3417,15.893178939819336,716.7738584442093,651.1661649556177
3418,18.511383056640625,741.9492603929216,740.8073782075185
3419,16.518978118896484,968.1906494775843,945.0025272013429
3420,6.239285469055176,375.55390496759946,369.20779943149245
3421,3.8149046897888184,412.4489244279123,394.4869483937966
3422,12.229531288146973,413.1903148268717,391.3524988786943
3424,12.198134422302246,730.4248605729468,729.1507805214793
3425,17.05238151550293,774.2097996060818,772.9562095262723
3426,14.874217987060547,636.7582474865984,614.8519826347351
3427,20.127574920654297,1458.8587270041842,1397.9907452005375
3428,27.989871978759766,1356.3970917364652,1321.1082837020797
3429,25.071624755859375,782.0317833825989,762.226638115111
3430,23.960418701171875,758.5870145985259,730.4686853147458
3431,17.773971557617188,795.4020551400913,792.77027538478
3433,26.994884490966797,1144.44592866733,1201.389288823485
3435,18.113983154296875,1147.6652254161525,1084.8199123192446
3436,25.9762020111084,1762.3469549331894,1730.4739952591965
3437,15.918780326843262,862.9724437607613,841.7970309334556
3438,25.4872989654541,1117.5403792822003,1124.084445601332
3439,29.683269500732422,1251.7663158675618,1242.4319082117477
3441,59.39715576171875,1704.307680519617,1751.6132480111496
3442,19.224000930786133,996.4174277284525,966.9445161826445
3443,14.202502250671387,743.5340139512537,727.5128371868353
3445,23.0611572265625,1144.2744665780053,1142.2296746651418
3446,7.241939067840576,465.1741136127421,460.90682687282685
3447,5.441091060638428,471.55545377015534,469.14549012948294
3448,14.204876899719238,705.525503972105,737.1376566099401
3449,6.944589614868164,291.4923914296582,298.5745625187003
3450,14.319714546203613,689.7071550139891,668.4743530118708
3451,21.237567901611328,1251.9137003793892,1256.7997989595547
3452,16.22747230529785,728.2752646259951,725.9603853444287
3453,21.890182495117188,831.0098953587241,857.4443549073702
3454,17.99275779724121,928.4533661933197,932.6781370265863
3455,32.25921630859375,1136.491354386181,1133.0854588729435
3456,31.441617965698242,1451.0019652535318,1494.9124408850944
3457,34.014801025390625,1565.5988624468155,1562.5013856621674
3458,26.053787231445312,1234.8756527152038,1249.0514623353265
3459,14.45569896697998,742.7408230582382,733.1565822674464
3460,14.455625534057617,1030.1400036758887,1020.683860092653
3461,13.915488243103027,765.746895280815,747.6905429021126
3462,16.057540893554688,871.7073262693123,860.6645935789446
3463,22.65738296508789,1303.4953074367822,1276.4305564659742
3464,23.344261169433594,653.9896711179472,653.7469789747116
3465,24.30807876586914,690.7557936212378,687.7201012342865
3466,14.694585800170898,948.2007457305632,948.5693457836919
3467,27.481924057006836,702.5528301615055,718.5864209477444
3468,26.094097137451172,581.556373242459,612.5650978908411
3469,14.206233024597168,795.0306987844783,753.1019824031096
3470,15.151989936828613,689.0662223192936,658.3001709437277
3472,11.674943923950195,564.5711564087994,554.7223658877182
3473,24.081501007080078,1211.0994397747127,1200.8135952315015
3474,16.990127563476562,767.5435475537407,752.5373065034314
3475,29.409526824951172,993.6517396109418,989.5850181392517
3476,21.136474609375,984.3736157360455,1007.81546826803
3477,33.86941909790039,1244.2323220287228,1240.6131716749576
3478,35.51493835449219,1277.750367101918,1283.5417319636003
3479,15.320518493652344,632.2316521661414,650.3138946320961
3480,14.825966835021973,615.8399418276778,631.09345500215
3481,16.749271392822266,956.2309698407337,971.6224702932577
3482,20.76409912109375,680.7329887791054,693.4399632058735
3483,23.526742935180664,786.282731084412,818.4486686606825
3484,10.874028205871582,492.9358859943051,470.9956956212007
3487,11.762809753417969,1319.4892593015325,1323.358459211275
3488,13.67199993133545,642.2725602439707,628.1802362702093
3489,17.15997314453125,735.9784968608371,710.8859124205409
3490,14.702146530151367,762.0515165383249,753.077619622737
3493,8.933993339538574,575.0622223739537,544.277196529799
3494,16.707965850830078,1433.7681389233653,1451.1286881732092
3495,11.497686386108398,694.9418855098852,664.2508235330574
3496,16.31839370727539,791.9151891008762,770.8836250195159
3497,23.9788818359375,1063.9711148520178,1062.665859694351
3498,32.7802734375,1239.958624495247,1254.5994688964959
3499,13.939579010009766,940.7473191123551,946.6368262220525
3500,13.22828197479248,813.6734800138676,819.6857988414224
3501,17.74761199951172,969.73207920331,946.4930626311216
3502,24.56090545654297,1008.3132217175938,993.4310692801988
3503,7.479452610015869,533.3992317395372,517.2430591396386
3504,9.52392864227295,487.4443065490211,473.1672696233997
3505,17.767641067504883,622.3566316134735,610.3598746356595
3506,23.459449768066406,698.4081686917286,681.4929742787409
3507,33.150962829589844,1261.2226058431208,1244.2091080642585
3508,24.11517906188965,803.3655759603911,775.0201639871259
3509,23.698074340820312,744.263434984654,706.783739024173
3510,20.458818435668945,811.1111204917623,780.0404662853092
3511,34.1800537109375,1023.7997311118139,975.8319912383047
3512,17.845664978027344,1054.3525860814277,1040.2826523246406
3513,29.42082977294922,972.1704490976466,943.9299885207483
3514,21.97860336303711,1027.8873341032345,1007.2199728682461
3515,17.651714324951172,613.0688623513435,621.2258976007714
3516,19.274614334106445,733.7898860330042,741.5092257944789
3517,10.722833633422852,629.8340247237861,608.1241525370185
3518,15.737231254577637,660.1026449553519,644.3826862512602
3519,33.07167053222656,1022.3948215511315,975.2725768939519
3520,16.605789184570312,1064.8189750720996,1042.1169763865005
3522,18.55228042602539,1090.78960161891,1108.6433312612467
3523,15.000228881835938,890.523505658741,853.8053013792152
3524,16.80681800842285,714.3974596126578,681.8330541466123
3525,16.540945053100586,645.2978268162399,640.6243302064091
3526,17.554275512695312,600.9658809413477,594.7704461781367
3527,32.838539123535156,740.7305604588148,727.3972684867284
3528,29.29853057861328,700.9127822722335,696.9447239522015
3529,15.465056419372559,622.7524575675421,609.7891581895572
3530,19.218448638916016,706.3041273108922,702.9378039681964
3532,18.407520294189453,918.5954084912852,944.5202406840307
3533,16.750041961669922,1152.064950123191,1202.7095747109668
3535,17.640254974365234,987.2739037976835,1026.1426686364205
3536,14.536483764648438,553.3160414725539,532.667114911415
3537,14.641884803771973,458.10351440326593,446.73081470782444
3538,8.300484657287598,496.62796710444553,471.7527540115706
3539,9.57073974609375,529.2941603889092,493.81368225184474
3540,12.409704208374023,509.4344180994949,485.160821680835
3541,13.231608390808105,944.9136401019565,939.9314084787683
3542,13.651037216186523,660.3527065777113,672.7469128277099
3543,9.745606422424316,514.1992049316904,508.27562664038885
3544,11.811430931091309,572.3836269674086,562.9832029644223
3545,9.831344604492188,602.6532147133638,591.9604882363212
3546,19.00044059753418,902.6016659284054,893.5239491763575
3547,19.060182571411133,733.8668086288463,730.340942368731
3548,18.913658142089844,873.5170247523599,856.0097329171911
3549,14.580042839050293,582.3567363999607,556.0279638002507
3550,6.070503234863281,390.4093336494937,368.3374477534771
3551,4.183592319488525,419.3039204810675,401.96754620501304
3552,36.35350799560547,932.6994848338812,970.0865430835663
3553,36.034542083740234,937.730032832844,960.892223957461
3554,16.240589141845703,894.5565118070537,939.9238740280866
3556,10.109728813171387,639.6900606092831,612.4829464755156
3557,10.279496192932129,547.7231357691211,539.5612885207097
3559,15.311485290527344,641.0805071383481,629.9090359086157
3560,7.523210048675537,340.2521539753932,340.04891786054617
3561,8.138550758361816,332.7037437129497,327.9139707027703
3562,10.175992012023926,770.8307184692536,789.2503561855166
3563,10.20968246459961,638.6672391567442,630.8106185346866
3564,17.846925735473633,1181.7144854753865,1180.8263125585536
3565,13.938044548034668,881.2224875790229,870.032410729727
3566,52.26960372924805,1046.384450603852,1042.2030715861122
3567,21.238040924072266,841.5264969684744,825.2682911951412
3568,60.18430709838867,1705.8583457514765,1746.4312617665191
3569,16.581857681274414,930.3332227412131,901.9672460210982
3570,18.45410919189453,773.9015466078279,747.5920755953272
3571,13.614690780639648,844.6772232342096,840.4843911465124
3572,13.586277961730957,612.1316839461896,628.7314021979672
3573,25.67017364501953,959.7915623846744,938.1650803604037
3574,18.764156341552734,877.6760642679434,892.4166640117537
3575,8.35828685760498,510.8149478346737,469.14553337661073
3576,7.246939182281494,473.10184298996586,446.62370787566346
3577,17.382457733154297,790.6039168860946,770.8540592798425
3579,14.982993125915527,1035.265922538168,1046.0542627527982
3580,9.861340522766113,597.2268344580303,560.7138982152852
3581,10.445096015930176,578.2820091770916,534.3134741639528
3582,13.951163291931152,614.0884573850037,597.7452777890454
3583,21.929248809814453,1028.083001999172,1006.167719924852
3584,27.010713577270508,941.5810014223299,910.4352231341203
3585,19.387075424194336,969.6391001741998,951.818402353777
3586,19.764429092407227,790.3104584413339,778.2735461751478
3587,17.523902893066406,641.9291503044911,637.4265033719848
3588,25.39608383178711,1179.9604508754046,1170.3216190762867
3589,27.111801147460938,1009.14345358841,991.3969548301277
3590,25.516895294189453,1182.4886202242778,1173.2737907972637
3591,27.727466583251953,986.6328824818611,968.6686497735543
3592,21.874034881591797,880.6338108363127,871.17155864095
3593,16.987821578979492,727.2142896161613,711.4060384934788
3594,18.722700119018555,995.8267772350033,1004.7196180070898
3595,22.19892120361328,1400.0516481991667,1394.4479258178637
3596,41.955787658691406,1500.724314755573,1485.5927902143171
3597,8.319673538208008,513.9186228907095,503.373723561013
3598,7.753518104553223,461.0803054784233,457.75146762877824
3599,8.077820777893066,490.9269064671193,485.14602136374725
3600,7.806659698486328,469.8214067346235,462.7122448636927
3602,30.118812561035156,1183.8549186868568,1174.2056466616552
3603,47.53206253051758,1981.1351725275867,2020.7345236628728
3604,18.1299991607666,911.1016772654879,894.134377787482
3605,7.909592151641846,447.75997836662106,435.3418499690918
3606,9.471090316772461,482.94942254753505,470.84477588679584
3607,9.03165340423584,593.3247216055377,579.5699935311068
3608,13.405808448791504,752.9265900100607,740.6645405317083
3609,7.624283313751221,455.5939157229224,450.44834025027933
3610,6.5164008140563965,324.98434901726006,312.40566106112533
3612,9.749531745910645,428.5963831320034,424.6706183374527
3613,11.796791076660156,770.7796588461478,726.4080518812947
3614,9.0589599609375,518.1253693634469,501.7765731213397
3615,7.536365032196045,447.6199329280164,440.74430108974906
3616,6.533287525177002,327.0170245625998,313.8653318486384
3617,10.0380220413208,709.3252627434653,710.7735566561964
3618,14.159125328063965,917.2856769765062,891.1763267697219
3619,7.994663715362549,433.1115449258853,416.08300283144973
3620,11.418160438537598,534.7023709157153,503.01632939113097
3621,11.650482177734375,476.8489604429035,471.74675770180835
3622,11.311457633972168,456.89980784275616,468.9184795511346
3623,7.165069103240967,568.9960518695194,565.5746808116493
3624,5.205512046813965,279.6980912438931,282.6798549689486
3625,7.28851318359375,535.8741330830693,534.4895779675858
3626,5.6544413566589355,396.3803469736579,408.5741331386591
3627,10.906821250915527,1111.2054165734467,1046.6203216813617
3628,9.635146141052246,783.4301545496867,757.0174443085904
3629,7.090559959411621,393.5848280447701,382.4313826695884
3630,7.6854248046875,376.90584810187363,369.07976293428413
3631,6.327574253082275,375.5718603341689,368.62291210787924
3632,6.904592514038086,353.8455579796491,352.50023964384343
3633,7.311595439910889,548.6467905713552,545.5891780126941
3634,12.422163963317871,1149.410029603616,1081.3193206695732
3636,12.778366088867188,595.7955376807207,554.5765743918049
3637,9.623540878295898,608.5840238700627,596.2286999762803
3638,9.404980659484863,554.390838114775,524.7387199936406
3639,12.19853687286377,1210.174378938957,1141.367786413853
3640,24.608078002929688,1003.3088575295365,1011.0725456348924
3641,6.270638942718506,271.1676472847974,268.8613991283483
3642,6.98807954788208,401.65580396678405,395.64128678904905
3643,10.704855918884277,583.6523131706939,563.6012337390528
3644,6.1515703201293945,269.7092120478403,267.5892872725304
3645,6.813625812530518,402.7546014695282,400.2200113426671
3647,15.026206970214844,886.0933402428459,872.3646171642584
3648,15.219664573669434,588.0315574578822,593.6900881687914
3650,50.73240661621094,1589.9830916452395,1619.5627960041534
3651,14.33680534362793,680.1025128408681,671.5710080152598
3653,39.57771301269531,1395.0069158247684,1374.561149868304
3655,20.049091339111328,902.1695944409931,910.4858084830306
3657,33.103363037109375,1342.6837369537038,1343.3205954573264
3659,10.163570404052734,566.9587971796982,549.3499424811387
3660,14.764395713806152,746.6424631028789,742.5980387949913
3661,20.912973403930664,914.7924023419906,912.217217749639
3662,12.154601097106934,768.6124019863247,707.2585037851173
3663,12.037919044494629,875.9171731377684,828.2751501575941
3664,29.653400421142578,822.696541543857,813.7860562336597
3665,27.676977157592773,703.2379966477309,710.154049375492
3666,39.44376754760742,1255.4864574201495,1242.6174351614598
3667,33.81130599975586,1195.3121259104344,1194.3763737493102
3668,17.758188247680664,768.0117012589045,760.1248219251374
3670,20.342124938964844,1077.7730312913452,1022.8538037728484
3671,15.512215614318848,862.6427671221836,818.0636592524547
3672,6.750364780426025,349.2399414560748,360.8035931527142
3673,14.574475288391113,866.2970196336279,897.6685997606027
3674,14.91978931427002,546.4975789677242,520.8510586817736
3675,15.179170608520508,615.3345002206999,595.4959476574684
3676,15.413955688476562,544.8582654607038,534.1759158599075
3677,14.769498825073242,646.7359806823373,646.4887548106966
3678,23.03595733642578,1099.3888264035593,1151.078495027832
3679,24.773807525634766,1340.6282876376126,1370.5226435052696
3680,18.58001136779785,780.8691845522706,770.4091079698561
3681,19.416881561279297,1071.1964440486881,1099.247121000933
3682,20.06694221496582,1201.425671441324,1232.9349518504196
3683,20.911563873291016,1206.0130531736418,1235.6038492015657
3684,22.084400177001953,884.7585785048739,927.0126672263112
3685,21.36667251586914,931.4354054336468,971.0226576584386
3686,19.661460876464844,707.330997705479,685.3057158037915
3687,20.980152130126953,1094.7078622621207,1089.3780160465478
3688,17.130374908447266,801.7809332446697,802.5262827934117
3689,7.022642612457275,267.3830665454721,263.0326547997304
3690,7.777021884918213,283.6255223440179,270.43681013242656
3691,10.479879379272461,662.5551743468261,636.4953170279654
3692,11.481857299804688,694.4292125772583,680.6707298250327
3693,20.51254653930664,603.2000280160335,593.2460435887153
3696,20.29172134399414,933.3592928833159,951.1300804411268
3697,18.16095733642578,580.5161842207733,584.3778461092263
3698,19.515113830566406,835.5737405547809,847.741683664527
3699,14.359870910644531,988.4116483582391,993.231626631828
3700,27.714096069335938,1101.9479497108289,1077.2749189435685
3702,18.393062591552734,601.2253409812739,584.6834152268912
3703,21.921890258789062,746.8084944684254,746.3895785021069
3704,9.515226364135742,575.6116907222114,547.3641332123252
3705,9.327219009399414,593.4147210157528,573.8703158100348
3706,24.02249526977539,836.2968536015087,807.0114011834214
3707,18.87449073791504,703.4950795406914,689.0955624071117
3708,18.24646759033203,987.626626981025,1013.9719814869293
3709,18.778766632080078,776.8408644753491,788.7390892594079
3711,6.891907691955566,604.0049231161677,568.5021786981134
3712,29.487567901611328,738.2168801949229,756.0697255282955
3713,27.816696166992188,689.3900220441923,699.2741319390304
3714,30.631521224975586,728.5253281089615,743.3249051170543
3715,27.350467681884766,682.8089360955305,690.4423184870404
3716,25.862112045288086,1496.5544350156217,1447.2421746910923
3717,9.069926261901855,562.9017071404905,545.6048376170878
3718,7.0657877922058105,345.3920282570168,339.0403026555661
3720,6.996251583099365,347.46129443497006,341.16774356231593
3721,25.39841651916504,963.7251769184835,943.6699325120601
3722,19.045320510864258,911.9236085115082,933.2701451876484
3723,19.944602966308594,1005.8646177955977,969.635749682835
3725,36.09950256347656,1160.1734579913277,1184.2975198619583
3727,22.317020416259766,1061.9392203675611,1110.3531246646237
3728,21.11025619506836,1335.5164993439678,1350.302987478157
3729,25.500093460083008,647.4853119126587,671.3895833009379
3730,29.881465911865234,731.796789754696,738.4952671118227
3731,25.57919692993164,897.6060131239567,883.3542816529766
3732,19.966495513916016,765.811049644279,769.5466671724757
3733,39.127044677734375,956.0919353398544,952.6159790342332
3734,28.534523010253906,841.5417436479297,856.9383764902893
3735,29.047039031982422,1111.18308182979,1073.1139405011133
3736,21.43634796142578,1043.8092029894194,1045.2561451022693
3737,13.721146583557129,1286.5536980594304,1224.3840657779829
3738,14.616048812866211,1246.8676601547295,1186.5430210815634
3739,31.395450592041016,1307.9364374644063,1336.7712166222182
3740,38.02238082885742,1380.8738319370448,1458.7803984692994
3741,23.41884994506836,938.7427991398383,892.6554497602312
3742,16.925247192382812,702.5036609862123,672.0952913299257
3743,15.943293571472168,657.7333601527245,633.5325868612429
3744,16.50521469116211,762.5779876087489,734.6468722935813
3745,17.61396026611328,954.7585509182783,941.6378881348263
3747,20.59779930114746,661.9186434270431,674.9038740525194
3748,23.98992347717285,774.4992296011292,806.5537985332542
3749,25.02147102355957,533.2548492772021,534.2093004808448
3752,55.85977554321289,1589.1212937426953,1578.190715902361
3754,18.87397003173828,795.4841551003834,795.4983319286453
3755,16.346033096313477,840.104004651012,798.2527325980351
3756,21.51634979248047,1608.2900009650925,1586.5251727075245
3757,33.95088195800781,1022.0985047105504,1023.0445219819462
3758,28.949108123779297,942.7160779571303,947.7415979099486
3759,21.076263427734375,828.3639373550542,799.4472622438279
3760,21.100839614868164,735.695153003102,713.5085522173348
3761,7.754953384399414,453.3400562996017,466.6615097484799
3764,10.712567329406738,691.8965424419393,711.2951986759293
3765,10.91484260559082,619.4983002353981,616.0362253107784
3766,7.098515510559082,539.6214845044046,534.6577978108791
3767,4.70543098449707,287.29062112733874,276.2214761889734
3768,5.535798072814941,402.9836155605443,394.7046183350012
3769,22.942005157470703,1039.2118510360724,1031.28774604269
3770,23.073766708374023,1074.7321089276209,1059.4888369320995
3771,6.955498695373535,557.6785450301902,544.2830889202367
3772,18.723085403442383,788.6604698700297,760.9433324584219
3773,15.055849075317383,729.0057520145293,708.3807404274494
3774,5.16279935836792,364.3276785386475,356.079088102018
3775,5.256356716156006,310.13402677881606,320.68950523558686
3776,7.5913166999816895,538.500100317634,536.3536130435813
3777,6.387847900390625,402.5109634809441,416.54937258005884
3778,4.382925033569336,399.1068379113983,388.78175403907574
3779,5.67068338394165,381.1237129498519,386.2639343688219
3780,7.3248162269592285,558.6186628780399,555.9756178824805
3781,7.329344272613525,627.7944508570184,607.9460051255672
3782,12.091217041015625,707.3718427317024,666.6567694286547
3783,13.686056137084961,748.8043733656638,705.9769786830873
3784,7.640364170074463,507.3709689214462,489.2388906433383
3785,7.900416851043701,491.61006318811155,470.8110088963029
3786,9.61850643157959,556.3410856228356,555.5303430081296
3787,8.704002380371094,419.96585683858,421.6108998400907
3788,8.665525436401367,416.49680800663793,414.18110682990755
3789,8.646037101745605,418.29528348577566,422.5779216243048
3791,11.130955696105957,489.9570461341216,498.99098003164914
3792,11.14853286743164,495.78180416183903,500.99822091596155
3793,11.060389518737793,490.81768059758656,502.37120588881146
3794,11.066055297851562,494.3013750220958,498.79695804944527
3795,9.925971031188965,479.7835675780126,448.8325992253492
3796,8.811694145202637,411.5637727067736,390.4484161230297
3797,8.72279167175293,575.9332440777337,562.295825187659
3798,18.150691986083984,968.3041415226025,963.7605500851373
3799,7.136335849761963,412.16566098820965,402.8718530562811
3800,7.811410903930664,388.2906998741676,380.3686760496368
3801,10.980090141296387,576.6815429115512,571.2230226844147
3802,12.480835914611816,614.2794454066035,616.3952911422219
3803,17.039464950561523,783.5090916711115,757.9165146403956
3804,17.064599990844727,828.8384705752258,803.7214089452815
3805,9.080686569213867,537.2252071525095,533.4413420987685
3806,8.132416725158691,652.5121118568889,636.6026996633759
3808,8.683119773864746,443.53349642729023,420.2880207274562
3809,7.000592231750488,328.629966426912,319.26693356339297
3810,14.152383804321289,504.5944069365358,547.8303113612906
3811,14.064385414123535,512.6315817477358,540.9610054106546
3812,9.89171314239502,531.16535194669,495.8058732077986
3814,5.6383256912231445,378.59709671554117,385.4229761022924
3815,14.62774658203125,604.1847478640599,585.0890574710457
3816,12.619447708129883,568.5372107919035,563.6552225262315
3817,9.411735534667969,512.6321033540897,506.1628010913346
3818,7.851921081542969,472.0810387965671,456.2768795212368
3819,9.43256950378418,512.4801789400433,506.6004202771013
3820,7.933421611785889,491.49492727097413,477.1088104354369
3821,9.47651195526123,430.3162795566889,420.49359396490115
3822,10.315649032592773,472.5971709860394,467.5173308516009
3823,7.314712047576904,639.4760187761624,622.7969395145316
3824,19.338356018066406,891.3771318085554,842.4850368808607
3825,15.598357200622559,817.3939758799858,753.7593647585554
3826,8.267748832702637,540.5226776340601,538.7608439768718
3827,8.565540313720703,698.2337388439564,684.4362582082105
3828,8.234503746032715,689.9584910358301,672.8707939671048
3830,10.287013053894043,646.3043565831674,622.1254906553685
3831,5.088017463684082,271.7853614680721,263.941847091018
3832,5.541039943695068,270.2155773475484,261.7437995486153
3833,14.28818130493164,864.4446744996527,846.1614805423602
3834,12.343585014343262,863.8204549987546,841.1791097821645
3835,28.074398040771484,1815.258854174152,1801.3781680070856
3836,12.677748680114746,774.5685971886116,756.3900506137335
3837,24.482942581176758,927.1195741695306,891.7849570943337
3838,9.28779411315918,704.8123091202174,741.7962772062815
3839,11.331538200378418,660.9265324225311,651.5542779924907
3840,14.484546661376953,835.820361145217,844.1335476914362
3841,7.358891010284424,584.513756953436,581.9400219404222
3842,6.94973087310791,506.4694045580177,478.7912839268211
3843,5.79848051071167,445.0779614461245,434.2267041036245
3844,6.932297229766846,495.48600457985384,485.1398703863961
3845,9.356791496276855,613.9577126385141,593.072276202681
3846,7.819619655609131,440.2028630787576,428.5398043045633
3847,5.153798580169678,259.9575323170305,251.27250238320738
3848,5.779510021209717,282.5147723881424,274.9317895700421
3849,19.51880645751953,1636.3740701447327,1531.1221259530264
3850,18.119949340820312,1596.7864692694377,1491.9030154263194
3851,24.542560577392578,954.7469696849123,932.3276113645175
3853,8.299596786499023,399.9740469720647,401.6559325865992
3855,11.136775970458984,672.3839957352184,688.0350368233738
3856,6.458690643310547,373.72945089876725,377.28156174240655
3857,7.310725688934326,427.22143095475815,427.7301126176486
3858,11.979973793029785,652.6394489456769,615.6867926312277
3859,7.796755790710449,429.71529281273223,418.87137055710315
3860,7.897628307342529,391.9656091830475,393.57439595263395
3861,7.29113245010376,441.2918642784967,420.85932281316525
3862,7.664861679077148,427.4159672999501,402.49958170233253
3863,7.375178813934326,416.4905801780764,399.5141398804308
3864,7.250938415527344,425.7298127312537,405.94268723956634
3865,7.049254894256592,556.2229428263465,544.9044716437204
3866,7.240804195404053,658.4733535675189,638.9405325690981
3867,6.008859157562256,315.1503363520489,318.31115816159064
3868,5.968062400817871,270.8426133675394,263.6844204294579
3869,10.665852546691895,620.9683535667243,645.9786021941633
3871,10.89952564239502,442.5435875288462,419.6896311665399
3873,16.533477783203125,663.3942420680028,675.3695876875942
3874,16.070423126220703,654.6956919609883,672.5152946770711
3875,7.8624653816223145,575.08802443442,564.9482450312233
3876,7.897826671600342,409.15591952196354,397.54972564310214
3877,8.89564323425293,480.3443208988857,480.79872572583264
3878,8.95840835571289,458.18228982854293,454.03803883254346
3879,9.10149097442627,492.0956161114184,482.826464371571
3880,9.15144157409668,514.1184000410207,506.906826482213
3881,24.089155197143555,964.2593262493539,937.7684674870114
3882,7.429182529449463,421.70757756793046,431.2409404531879
3883,7.357802867889404,432.98052052682215,438.1865560190433
3884,6.880075931549072,457.0570136714397,433.088097376712
3885,4.728933811187744,331.40431165902396,324.2918105008232
3886,10.740358352661133,665.3038860063042,656.2641311506634
3887,13.603322982788086,918.7474744984077,927.0117833645247
3888,11.366212844848633,481.8396614083229,476.5556746565233
3889,30.87396812438965,1445.1549600801357,1406.0757905054095
3890,35.72148132324219,1420.1222862322643,1375.030256729776
3891,25.65966033935547,889.458846205298,861.8611268620272
3892,18.673036575317383,699.8693857390491,685.5640651843048
3893,14.213067054748535,997.7190351563243,939.7899946858515
3894,11.090717315673828,788.9694857562356,711.931429240028
3895,17.069942474365234,740.1471095519067,725.9825976928356
3896,55.87261199951172,1592.6910476600676,1620.8651103302668
3897,17.215614318847656,892.0141660036371,898.8465181850576
3898,17.507184982299805,900.8330758272639,912.8056432427605
3899,18.313249588012695,861.4301634806282,840.7019419148177
3900,59.83427429199219,1669.699803178087,1679.0560867818838
3901,11.082186698913574,567.3482892652572,558.1731111992922
3902,11.256550788879395,567.8829673779848,571.8309532553207
3903,8.307080268859863,376.44694097453254,382.1808630095254
3904,7.123623847961426,365.17466457829704,381.250186892229
3905,22.912370681762695,1603.7265617307635,1669.6267742930336
3906,13.736361503601074,689.125295979041,665.4229233400396
3907,9.910124778747559,740.6502903111609,720.520004720227
3909,25.37091827392578,652.0382569761083,675.8722464312795
3910,29.445735931396484,721.9546039257121,729.9451174187806
3911,18.61893653869629,1605.2311936708923,1617.101569926639
3912,13.361162185668945,998.7082059796244,991.1565298651532
3913,14.093679428100586,772.5767954792984,772.9133723960991
3915,20.544448852539062,1066.5228855785435,1033.0197031787814
3916,16.0145263671875,877.189386258627,865.9950832450111
3918,21.35734748840332,684.2211135870548,696.6699739634038
3919,23.364715576171875,1074.839625731822,1074.8384795812021
3920,36.381248474121094,1225.6658217519282,1245.088628794153
3921,18.43528938293457,1181.4235913895986,1171.6835430937817
3922,17.412128448486328,1358.0162584911739,1340.5787910779738
3923,26.98965072631836,1384.9697897188264,1366.1239056387649
3925,14.470304489135742,737.6878255419633,763.2644183218799
3926,7.309650421142578,336.72606652960786,343.76233949099685
3929,27.403289794921875,841.7634115019499,893.2214264425268
3930,25.01938819885254,1011.7773887944219,987.8120538980829
3931,17.574085235595703,759.0970763796306,752.071493715638
3932,25.705730438232422,1301.2347786992946,1370.2931246088108
3933,20.330095291137695,814.4505544681751,804.6627144300526
3934,11.569633483886719,698.1307983758168,676.0583569662781
3935,9.99661636352539,547.7554408062583,526.311993990381
3936,22.506824493408203,858.5607549770701,873.885980664668
3937,17.127527236938477,714.2605284322366,718.4679223987719
3938,26.815750122070312,1046.1777625092943,1052.8569139515091
3939,19.92151641845703,846.1449775948032,846.5239513795191
3941,21.71255874633789,604.7408885210681,593.868992045454
3942,18.35150909423828,755.8537370201506,796.3880062847013
3943,16.15468406677246,704.8660519280606,755.5957168095597
3944,38.70646286010742,1155.628234260575,1171.86497910274
3945,23.069644927978516,1122.365059757718,1116.147405461403
3946,11.243712425231934,1184.205652613265,1172.4120985568084
3947,10.38895320892334,654.0980678304584,611.3212378800148
3948,26.529422760009766,1319.7999318892753,1280.061086090017
3949,25.390506744384766,1202.585091381058,1155.9484478425436
3951,10.999269485473633,798.66070676846,752.117479098441
3952,14.399789810180664,560.4861067305795,535.3628184988015
3953,15.096545219421387,728.5620258268162,711.8244614872923
3954,18.737295150756836,869.7845271697539,873.8692724371591
3955,14.401711463928223,699.5317316836397,695.2169893761262
3956,18.26227569580078,748.6554689083324,744.280108272745
3957,23.25642204284668,1030.1012701119118,1061.281637509589
3958,22.671890258789062,968.7772725014104,959.6437898157792
3959,21.077438354492188,831.3805638857608,812.3024395766789
3960,13.578566551208496,890.4331263398627,830.5236758936737
3961,22.937517166137695,1072.2708564832192,1077.5866736453545
3963,11.665031433105469,472.07382998897555,473.15630823101395
3964,10.806463241577148,385.7113125229529,384.49601210766014
3965,23.939315795898438,728.2490259334085,715.4278314269952
3966,20.859519958496094,668.3477710366778,649.5153743821623
3967,15.323502540588379,914.8261284338297,933.508328865933
3968,18.443748474121094,882.1150115425028,877.6242741181018
3969,18.500215530395508,965.6048832945033,967.4477176032649
3970,18.495458602905273,893.215636286411,887.6688566161098
3971,7.3330230712890625,341.77008105440893,348.3659019016968
3972,14.811620712280273,756.7417161820937,785.037873876821
3973,8.025830268859863,567.6476747213161,552.2481460565183
3974,12.25466537475586,642.907561525466,635.0206868506766
3975,7.900568008422852,391.8904040061115,393.6401860162519
3976,8.108030319213867,443.04111026405394,435.1255361551329
3977,5.819730281829834,439.9628272079575,437.772059968389
3978,8.236096382141113,670.8969212355036,649.9978155588782
3979,8.075712203979492,403.46476343903777,397.75406277306917
3980,8.493471145629883,445.29741984070876,433.1126208270201
3981,8.650138854980469,438.28957289489034,423.0064088998632
3983,7.579363822937012,550.5692910888359,568.01039167391
3985,16.06524658203125,1272.7360724010593,1257.9550855952514
3986,9.370017051696777,536.70459856879,515.6421997330606
3987,9.460976600646973,570.2773521308584,548.4696229556282
3988,22.711973190307617,916.8679712326539,937.5188875280012
3989,10.504886627197266,440.78950052863206,445.3706484736013
3991,9.674781799316406,851.3612298650504,818.0851518970968
3992,7.659346580505371,387.56035940483036,385.48542381725537
3993,8.064348220825195,443.55665468264374,435.67693118715266
3994,12.591351509094238,695.126631571625,667.2615057177702
3995,7.886129856109619,592.5815915636975,595.4046794867354
3996,14.678580284118652,1351.5619338657943,1293.1667633126726
3997,13.941576957702637,1130.9176812986655,1087.3508415121787
3998,14.90870189666748,766.7197001846242,744.9876354946405
3999,6.45911169052124,362.170089474643,358.1912675183927
4001,7.500591278076172,359.858303259816,345.1159181132605
4002,7.701755046844482,355.7755365123452,334.1764220054776
4003,5.6374640464782715,368.24183451681995,365.25218152028265
4005,6.593252182006836,341.0564409861651,342.2810914187542
4007,15.273397445678711,798.8508009066666,748.1881664898963
4009,7.277037143707275,445.324324743265,447.1935280046525
4011,5.327256679534912,435.31855564029775,427.2640384639738
4012,7.235795021057129,466.4492391660683,451.20868810867194
4013,12.063319206237793,856.8602041912454,850.995745970582
4014,11.532342910766602,667.0469282843967,655.1122446264781
4015,9.850220680236816,504.15951060382844,493.4112698628071
4016,9.083514213562012,536.2538711745771,539.8472216680581
4017,7.752279758453369,419.83602635904117,417.74350541264903
4018,5.888977527618408,363.25382728822007,380.0068173770012
4019,5.4230570793151855,467.2191271456273,453.0081068486741
4020,5.468827247619629,476.0124519689188,461.0762190570014
4021,16.89421844482422,680.1059331598341,688.2147072636693
4022,17.354690551757812,649.8103781755005,659.267383611863
4023,9.312019348144531,620.523613766448,644.2128229732073
4024,15.68032169342041,1059.2383851092375,1007.4328093943016
4025,13.875288963317871,1340.3394994627713,1287.5759518574769
4026,5.988037109375,417.8827770282223,414.3275612986634
4027,6.450071334838867,431.9436986698841,438.992192254797
4028,5.945672035217285,395.83137277305275,404.57953493919234
4029,7.669876575469971,480.7092586525802,488.8408434710824
4030,9.733792304992676,789.6297221941436,781.3306373472367
4031,6.752403736114502,522.4100791560085,512.433862508065
4032,6.772871971130371,523.6818205366267,510.7177876530507
4033,9.342888832092285,778.4172052308136,769.8385479668269
4034,10.0614652633667,648.1140421527674,635.2734690713619
4035,8.997720718383789,613.7000531747939,617.6781881667072
4036,8.366634368896484,539.0158636443924,534.6879073515842
4038,5.18208646774292,471.47653056639217,457.5946460330527
4039,5.457540988922119,462.0796784681881,448.18163340320814
4040,8.927727699279785,584.4035987583403,568.6020611342408
4042,7.129593372344971,438.6371821317853,439.5545279370592
4043,9.728318214416504,518.5587757570004,503.91400899895604
4044,11.55585765838623,587.3251048427783,589.6548419020002
4045,9.481344223022461,683.4944150363525,688.7649790737388
4046,10.332338333129883,672.116161443324,674.6911029167013
4047,5.558228492736816,389.31470599641415,381.050126930631
4048,6.933627605438232,416.62905327304793,416.8598918637985
4049,8.667571067810059,842.4725993465496,828.9680501495176
4050,8.257716178894043,703.9313398703538,669.8691060235757
4051,7.000617980957031,469.15625760906556,467.45525678601814
4052,5.601696968078613,407.71910478273,410.65702025043817
4053,11.652767181396484,683.7455030085979,679.1452612555576
4054,13.678608894348145,754.7213659607087,753.160931634519
4055,14.623860359191895,554.6798501520478,514.2304169857615
4056,14.798195838928223,534.6265893856574,491.7448328852363
4057,4.233266353607178,397.3545972580863,401.6266542865985
4058,6.333507061004639,372.9573248626725,371.8017216266619
4059,7.481444835662842,483.6389427386482,473.9153153924489
4060,7.718969821929932,456.3927524558288,431.2528126026998
4061,7.756053447723389,415.08847808676404,398.6016963474044
4062,7.450784206390381,462.71948320659897,447.97282711471723
4063,10.224678993225098,532.6972157732207,531.5423238834891
4064,5.2785539627075195,423.426755296489,430.20649315792406
4065,8.438471794128418,766.740632969313,740.9110221375269
4066,11.160768508911133,929.8606567776375,927.0473637845848
4067,11.237725257873535,773.1835310531179,772.5850779626576
4068,7.175947189331055,376.21663925901646,386.22545799876434
4070,17.031085968017578,895.2123225448609,865.6650736900314
4071,15.94998836517334,840.0480277791341,806.2156273718936
4072,29.325199127197266,1230.3735477691655,1194.7315010594157
4073,9.254505157470703,409.2443081044028,430.4323075597825
4074,13.603742599487305,998.4613967750696,974.4336677958717
4075,15.890096664428711,969.5675364875043,955.932679981725
4076,12.575708389282227,729.8811774994911,708.7797857267299
4077,11.684219360351562,703.9510776521224,691.4560231599279
4078,9.149025917053223,408.5837137452182,399.0670893149151
4079,9.391887664794922,535.9095423757868,528.0389215701618
4080,9.635144233703613,533.2077012219597,525.2162840523187
4081,9.731534957885742,581.9905306248457,576.0800628246985
4082,4.215437889099121,418.28313259185654,414.3627960499667
4083,6.19154167175293,406.4066857288848,390.52708644494203
4085,9.1934814453125,479.85268045623457,463.6424139657912
4086,8.692471504211426,420.2579378106523,431.69122402970896
4087,10.1465425491333,539.6698603974605,537.3458352983978
4088,8.023093223571777,432.66392301397224,384.89621260544925
4089,6.431893825531006,402.7016164920286,406.0086887925562
4090,7.981809139251709,452.9896517655012,454.82307317081285
4091,10.919439315795898,579.8800878411232,599.0489692351342
4092,11.40680980682373,589.9073234316775,594.3904445378843
4093,10.734182357788086,585.8835116769595,586.1497615743077
4094,6.970027923583984,384.3781889032394,387.52845664611925
4095,7.0136895179748535,352.2067900383853,349.0497578139749
4096,8.448272705078125,378.5278984654131,373.95658824965597
4097,7.145120143890381,355.60053432645833,348.1333883155987
4098,12.18956470489502,762.2820582309961,779.7699738328128
4099,6.013768196105957,408.21749273688374,417.9491966399051
4100,6.244965076446533,321.20395275163685,326.6083455861517
4101,6.048498153686523,366.66258957034074,369.0954315692324
4102,5.69814920425415,352.32126261614843,356.435887006261
4103,5.057579517364502,359.52584203476545,360.8268425280288
4104,11.297444343566895,1206.7574133953733,1177.1733703743757
4105,10.236783027648926,1195.1313166877044,1154.4532821463813
4106,12.435507774353027,1109.719561538204,1072.4053913826756
4107,13.199934005737305,1008.4578046971453,976.1309532820032
4110,11.287593841552734,696.5735652609108,662.7551585481874
4111,15.342578887939453,1659.296180782438,1719.0310477996463
4112,16.649978637695312,1680.448950650343,1736.3496536926302
4113,6.482745170593262,345.6797538223863,356.5900662235745
4115,8.715898513793945,377.49213569204227,380.3313294075139
4116,8.114859580993652,414.26437731058957,420.1572628829958
4117,9.083996772766113,432.0737955137408,437.745393547744
4118,11.5615234375,603.4148025769381,604.1526739963449
4119,4.808215618133545,373.7364572642811,367.3839432010181
4120,4.703120708465576,373.95532824324783,368.3187541420777
4121,5.953514575958252,667.2457229317665,650.5629611499469
4122,5.907707214355469,590.8752631676739,569.1759526016718
4123,9.218077659606934,616.7861673776881,640.6677443475133
4124,11.109652519226074,693.0111981850399,723.0590875689456
4126,10.895206451416016,559.9478916900916,540.4766571395231
4127,9.578720092773438,499.3414167482707,476.86685710141495
4128,9.75458812713623,498.45079536992625,475.6995868515244
4129,6.167665958404541,397.88789189738554,406.3877833406093
4130,8.073781967163086,435.0553668540806,441.825386282501
4133,9.832623481750488,451.9002305159783,444.4181463381748
4134,11.29278564453125,660.3412193469586,678.4793174671306
4135,10.191771507263184,679.4648139659898,697.6508909232193
4136,7.365867614746094,330.48518043099716,318.50665671333564
4137,9.853240013122559,454.97170637588243,429.14198603852503
4138,8.701045989990234,518.4307175064512,482.51410672441006
4139,6.421345233917236,406.97363756142283,394.3575739695802
4140,9.439854621887207,559.5311067075253,558.3942462440355
4141,9.669211387634277,508.7263543392859,496.08629029782753
4143,5.794126987457275,727.8934422484175,704.7127271013526
4144,8.685235023498535,409.83817124495584,406.0772448703092
4145,7.646910190582275,470.2563538845404,455.58436103568056
4146,5.824357032775879,269.4414611561327,260.6901701916379
4147,5.260128498077393,289.1745783162743,287.1896766172669
4148,11.046093940734863,1041.3482289894666,986.0626949799004
4149,11.973715782165527,1073.815257161125,1020.7566950141328
4150,5.928538799285889,444.9541224266217,442.66864159491416
4151,6.711467742919922,445.20675702019076,446.5335232906694
4152,13.127227783203125,752.0105063112259,757.447191756906
4153,22.863191604614258,2021.219910347828,1880.5855755514933
4154,7.4354023933410645,448.71129174838956,475.9420979156493
4155,6.256101608276367,368.2111428456815,372.29240525580974
4156,9.104317665100098,617.394862278228,581.7961746190144
4157,9.915532112121582,566.2899069176622,525.4176528130181
4158,9.586798667907715,533.1119404857425,505.31425603124353
4161,6.841456413269043,344.66515402358516,347.6342566705969
4162,20.78211784362793,1128.5855146495544,1079.5750386852887
4163,7.867751121520996,392.66967216728625,383.8142945666383
4164,7.294981479644775,421.04566923809995,430.14470648937146
4165,18.426355361938477,822.5652372028145,802.9172834943475
4166,14.300868034362793,674.2972146438411,652.1598078491744
4167,13.914628028869629,499.85987527131994,480.1753507248844
4169,20.623538970947266,792.9466473130029,750.8716759678325
4170,21.576820373535156,684.2974979510127,685.2151723565421
4171,24.36842918395996,803.2229006088864,842.9507405087227
4172,29.025007247924805,1130.0607726467888,1139.6361670364513
4174,15.953545570373535,727.0501420573627,699.2690184581054
4175,25.441505432128906,1626.742233797173,1605.7953599740501
4176,20.26505470275879,938.2871639537287,956.8019144684
4178,12.815163612365723,793.7512514114163,778.9150464398257
4180,27.173755645751953,856.8402691613563,858.7964067378598
4181,32.577877044677734,947.1436544920896,948.2843177293412
4182,24.378150939941406,975.8621298348761,995.9806997007341
4183,23.129610061645508,998.9435893508985,1025.0877847715028
4186,51.779258728027344,2015.2856542797967,1999.0823654738606
4187,24.46855926513672,1112.3818030425398,1105.2776689827497
4188,47.64847183227539,1772.5087688828448,1801.6952500101213
4189,19.25069236755371,930.3739725338337,902.2170698657947
4190,21.98678970336914,1574.5407723471596,1524.6454542527154
4191,28.866132736206055,1469.2011912722455,1449.2783593359893
4192,7.249908924102783,466.1888488256173,468.55187884495786
4193,6.029653072357178,443.1446447945847,448.3900865142461
4194,13.97515869140625,930.2299109845512,975.9323523262453
4195,9.698067665100098,478.3001226847824,482.760725341234
4196,11.448534965515137,854.1805418606983,837.9898243691459
4197,7.336258411407471,430.5531888424208,444.4389662347109
4198,6.285224437713623,332.40832560814874,333.4432704954581
4199,8.588409423828125,640.2965824732945,634.0448738570233
4200,8.593751907348633,658.3664107213671,651.6343461498175
4201,5.800448417663574,602.4701075640461,578.3942847628205
4202,5.608270168304443,661.8857693112876,637.4807109880142
4203,8.290002822875977,948.040519147285,949.1798463601597
4204,9.682560920715332,798.3703407573536,790.2967422879663
4205,8.716001510620117,495.90859838928736,463.9865385153575
4206,8.673972129821777,442.4145789874273,414.4638555415659
4207,6.444307804107666,329.3698718424523,311.06593966275733
4208,7.606018543243408,408.1602598202463,391.13661069965787
4210,8.83897876739502,486.17778228205265,467.3052197165228
4212,9.033181190490723,558.4847225544194,553.7343257798116
4213,8.998887062072754,713.7663823324053,710.3876177546083
4214,7.5433526039123535,427.5280499144573,439.8978628475977
4215,10.897236824035645,440.6544685057656,419.55982411878927
4217,6.494884490966797,473.51627412570826,478.0334004496386
4218,6.20632791519165,366.346632477472,362.8859021720572
4220,6.943970203399658,484.7920932124385,473.504880387641
4221,8.855595588684082,369.73385691389177,367.79575732133895
4222,8.202370643615723,404.05014379621275,409.88018711086573
4223,9.071563720703125,454.8923608362035,463.65367268099914
4224,9.18546199798584,454.7847599658148,452.99324225288785
4225,12.98635482788086,610.594607949374,601.0509141334492
4226,9.780118942260742,462.91472014736945,462.4399911491836
4227,6.685213565826416,578.7483643375544,554.2295509340006
4228,6.034023761749268,482.69898360719986,461.6060550053236
4229,8.589276313781738,474.34542547950696,462.00083867680326
4230,6.785933017730713,512.5143306510084,487.90051957465033
4232,14.376696586608887,793.7094110985425,775.8784263375254
4233,15.841875076293945,905.5103550081601,886.6310120250081
4235,18.474464416503906,1525.4984691136503,1445.7248794412883
4236,9.620121955871582,803.989604253025,773.7280275345103
4237,10.581334114074707,884.2217159572359,860.571167243071
4238,13.011614799499512,451.03696039608195,456.73591115377496
4239,13.196770668029785,431.19892011029697,447.92235889062516
4240,10.4744291305542,416.7289814960145,399.30847915911244
4241,11.613726615905762,737.5169840707662,724.5321804902767
4242,8.275052070617676,383.81170641885564,368.8212037641902
4243,9.342988014221191,381.5321849920535,357.73727822158304
4244,10.372361183166504,523.2993139477925,514.905981507559
4245,10.140586853027344,527.3036196181544,520.7974808676413
4246,12.765122413635254,724.7654230068416,682.4894386253468
4247,14.526555061340332,743.3480752982051,708.6093276945979
4248,7.6431779861450195,347.89870790179026,334.4556211477062
4249,7.194434642791748,306.60080284744396,302.87685904283126
4250,13.39508056640625,1145.379092300904,1177.0294073076932
4251,12.122879028320312,1092.4545703089534,1120.0752400054885
4253,7.1457414627075195,388.1427068966783,385.4305510905157
4254,9.678018569946289,594.4126156377882,564.4756478081292
4255,8.283584594726562,606.5567122269158,614.0749552014205
4256,9.223701477050781,651.3665423800906,667.9922110803403
4257,17.879283905029297,1575.4016651558527,1534.0559239129977
4258,20.64544677734375,1505.9778851271542,1459.721972724442
4259,12.771801948547363,733.3625828632767,720.6758093784074
4260,7.1259684562683105,401.168028594318,416.6945079540191
4261,6.322194576263428,342.4057481253025,343.20319086246286
4262,14.436636924743652,1213.1759983054426,1291.1063059009841
4263,8.554280281066895,467.2467537998701,469.0949094939479
4264,8.30982494354248,441.7152153160278,433.1854509113175
4265,8.833260536193848,425.5250198736522,421.8212805081536
4266,7.931460857391357,379.10988980564616,368.80347553015923
4267,8.542792320251465,347.90023845773845,335.4916382709259
4268,9.310439109802246,464.44198121394174,467.2788508549905
4269,6.783608913421631,511.5103591005747,487.06132714808905
4270,8.341297149658203,474.89552918394986,462.12596140584793
4271,4.216784954071045,249.57890246970913,245.06437979622393
4272,5.198672771453857,267.2522036217471,268.925855877271
4273,4.4769606590271,255.3696305296274,244.6830745408753
4274,4.965627193450928,356.3708830415346,341.973000890613
4275,8.351136207580566,403.0697036455542,407.5081310429904
4276,8.57785701751709,405.8878437918678,405.6499376983775
4277,9.306450843811035,607.6655073769879,587.787343378314
4278,10.068066596984863,550.5338680551423,545.1693838498991
4279,6.706535816192627,449.63541411515337,460.5589726505939
4280,8.468087196350098,558.6355661510449,555.4352246180204
4281,10.550276756286621,495.10252841732154,508.0964643150892
4282,9.883063316345215,541.977973473784,541.0854435678569
4283,12.933924674987793,603.7230070085265,591.7173733476029
4284,9.779135704040527,461.9334346949601,458.8267242656282
4285,7.112273693084717,748.7181072995677,755.966301549133
4286,7.724396228790283,750.0937913096192,754.4515364590026
4287,12.24157428741455,606.3533400310367,611.9607464627533
4288,14.897942543029785,750.8799759319741,765.6721074190027
4289,9.380398750305176,455.21721599887934,435.9346104899836
4290,9.79538631439209,456.2194348925009,433.5761199930332
4291,8.740504264831543,530.207068501489,535.4219819238272
4292,10.036499977111816,719.5944193394682,736.3762965304828
4293,9.338973999023438,372.27554410794306,353.06017803024395
4294,8.257645606994629,396.9164045414735,387.871601444664
4295,6.9208760261535645,545.289319691086,526.2888160586605
4296,8.327677726745605,549.8180407676477,541.8545053216732
4297,8.185341835021973,498.24915391878216,514.7059888839755
4298,19.92095947265625,791.417116178868,810.9703478792807
4299,20.77044677734375,711.9026179919817,763.81875754401
4300,17.16541862487793,701.4697392790223,717.4461045506373
4301,18.261066436767578,789.91197801805,809.1097515710238
4302,7.0694684982299805,333.8054924768604,328.15487515924127
4303,7.203573703765869,418.66807403758776,402.5324612538904
4304,6.790031433105469,570.4299426252943,549.1384550320204
4305,12.984305381774902,573.6559810349473,572.4608659611589
4306,13.733343124389648,669.6206987886542,677.9762491513251
4307,7.969111919403076,398.32643608327885,386.3513845021474
4308,8.437773704528809,362.13610570731237,347.4576125038098
4309,7.002480983734131,516.8142199889361,499.88309389006463
4312,11.785033226013184,717.6343495288886,703.1613975009424
4313,12.420860290527344,876.4831148680803,854.8840028276531
4314,5.352015018463135,288.72380942874133,286.8181052677857
4315,6.241740703582764,309.95500262848844,312.39976367790376
4316,5.448440074920654,306.89604346248376,316.00144266362867
4317,6.96306848526001,405.6920703501858,425.8996300438387
4318,7.573052883148193,466.0778706856553,490.4911575825459
4319,6.517348289489746,394.03896201826717,396.04156521787246
4320,7.9178996086120605,377.3813565411452,366.62288326244635
4321,8.394807815551758,341.93884966897645,330.1294720204677
4322,15.966931343078613,693.8775538094711,699.7694571954702
4324,15.814040184020996,852.4325167912345,837.3445561005849
4326,6.640316009521484,268.8635275840314,255.5249606681342
4327,6.206589221954346,321.4741787016813,319.3932795693637
4328,9.279255867004395,508.03446562725696,498.79345008310065
4329,11.369929313659668,714.0763603724531,705.5236151566523
4330,11.79554271697998,696.4787326327311,684.2164204654259
4331,9.99634075164795,497.8120786312941,489.07337417947707
4332,14.750594139099121,865.8349360954961,852.9551072281639
4334,5.18133544921875,373.4455875232688,365.6440303338823
4335,6.451425075531006,411.3520366127771,405.89759841310246
4336,18.577198028564453,789.8568797221694,755.7721083415155
4337,15.582486152648926,758.2533265592971,717.6653528281091
4338,13.920185089111328,718.1073074318563,710.9911270185229
4339,11.614775657653809,549.8218181115733,535.5313043287856
4341,6.140562534332275,375.089874686723,390.9977446401459
4342,7.554254055023193,600.9811372901314,616.8057962214825
4343,6.548455715179443,343.74254990515806,338.9079044890937
4344,6.839241027832031,368.05512266625544,381.67812271218276
4345,6.746878147125244,609.3011320505046,598.1834906949449
4346,10.55739974975586,416.19004506772984,413.62504934612474
4347,9.484598159790039,388.7008367298762,380.30860903642895
4348,15.545717239379883,629.2856591362804,616.4636703080836
4349,14.545580863952637,594.9585951114573,584.520830563283
4350,24.652099609375,994.6336719598289,939.2998097449724
4351,28.094575881958008,986.4710042786049,949.3169016095746
4352,14.936692237854004,915.0225274490296,916.854462808858
4353,15.798209190368652,870.7408958613919,859.2334915629526
4354,8.125222206115723,527.5746253281176,537.6668215822741
4355,8.932848930358887,536.5331743329858,548.1973739524592
4356,9.96313762664795,456.5399691779831,441.41895714662417
4357,10.795443534851074,441.4620858819181,423.3623017792251
4358,8.083837509155273,364.820573312714,359.70193856841223
4360,22.522672653198242,1829.5531675827215,1783.3173705612055
4361,6.763966083526611,340.11800045135124,332.47675583545015
4362,6.879379749298096,307.5278616373529,300.39173932018684
4363,8.333917617797852,439.14263972116316,432.54528135007104
4364,8.832195281982422,430.56970743143046,427.17826766953635
4365,9.9240140914917,471.9299173471343,469.14593443389697
4366,9.89491081237793,741.0516406288913,733.2114732703021
4367,9.094259262084961,648.3668045346709,646.118510947838
4368,5.416111469268799,323.9032662818395,311.12006149869114
4369,4.391108989715576,387.3333368953605,379.20626188831125
4371,9.47555160522461,468.23688440017867,454.1794716543973
4372,10.525403022766113,513.4811810350943,498.4612344107629
4373,23.43560791015625,808.6330593969694,783.6869673651743
4374,10.745658874511719,656.1639566307123,652.0542980784563
4376,10.199055671691895,544.9632694772905,561.2405557548128
4377,7.96294641494751,524.9227248035646,536.473223161936
4378,7.9327239990234375,506.7945803097215,477.00599537007787
4379,11.55909252166748,653.2673154985429,634.2788500916099
4380,11.7457857131958,603.4828968780475,578.817634460381
4382,17.147329330444336,789.4365711160428,779.1253467847215
4383,16.394100189208984,813.9049981791176,807.3593851870318
4384,8.00821590423584,636.9259632755507,644.4023855033826
4385,9.750007629394531,654.5021769967568,666.9864867920063
4386,15.8302583694458,746.16796491419,682.8712312075025
4387,18.26481056213379,740.6575471071153,682.3930260178124
4388,10.494763374328613,493.5396233538195,482.3244188355074
4390,9.094498634338379,640.1741978286602,651.434545879425
4391,10.229635238647461,708.0259986650447,741.3294055235833
4392,10.294168472290039,496.04937473705604,483.9066260797143
4393,10.605254173278809,519.8495251080119,518.215246889185
4394,8.459246635437012,418.95029013244186,421.9084958912119
4395,8.33972454071045,448.1721678657876,445.62840120373676
4396,6.8324809074401855,333.264278478411,332.979055378211
4397,6.307217597961426,353.1283573337139,342.81622467909403
4398,16.53746795654297,729.3445502711155,718.0414371157303
4399,55.17072296142578,1558.9754301874157,1592.0384819886349
4400,21.579551696777344,1217.5910341843758,1211.2156353905175
4401,22.806560516357422,1081.8889230548596,1088.9131921280207
4402,14.088030815124512,823.9805247690465,824.2289738545178
4403,15.631771087646484,761.3922734397016,753.860038653013
4405,8.20121955871582,507.4647421942886,493.87203304641827
4406,14.945194244384766,656.180078347462,688.7148841692172
4408,9.817981719970703,617.6487182271145,628.3821293618656
4410,16.630380630493164,783.5700120419165,764.4083299500805
4412,16.929655075073242,747.711072917605,733.8015901567393
4413,55.7957649230957,1575.0120442100713,1599.6237083371084
4414,20.633747100830078,724.5430277972556,711.3433809646398
4416,23.862777709960938,704.3977231077936,711.9520110070393
4418,48.30760955810547,973.6259602175555,939.348892857056
4420,23.156442642211914,668.1268934509269,678.9011352660771
4422,4.589005470275879,515.955315618354,514.5305225450588
4423,4.814253807067871,583.7350984793015,580.6210966750574
4424,19.434640884399414,690.45334503763,668.0269275004187
4425,15.581695556640625,797.3481776291459,811.7475772249313
4426,12.525660514831543,563.0568952032471,555.9605814561376
4427,12.372610092163086,484.23334929808146,447.40646706993954
4428,11.412355422973633,402.94378558197053,382.76133534748703
4429,15.685320854187012,693.9829019377494,732.2957703213283
4430,19.026016235351562,740.3699144329308,767.6257554927389
4431,10.659581184387207,544.9729101698,551.1387190436303
4432,11.421622276306152,633.7762754711687,638.5495182649925
4433,9.663843154907227,355.94514883632553,351.4318134705734
4434,9.659784317016602,350.32551244065615,347.15595866629286
4435,14.994261741638184,846.3595238912683,828.4790281652398
4436,6.33036994934082,335.9945446677199,339.1512286945086
4437,6.595154285430908,347.0735541739023,357.035404248712
4438,8.264963150024414,441.70408160140335,439.80387635076073
4439,8.559561729431152,412.45292764317685,413.3756353287549
4440,9.601042747497559,430.53996955703604,424.34424702108424
4441,7.595301628112793,341.49661431011486,335.8251158189
4442,10.094496726989746,712.6148137095321,724.3484257384039
4443,10.889936447143555,715.1541461583967,739.0411487099032
4444,17.29301643371582,822.7681124222617,819.2564377857396
4445,17.29814338684082,927.7795364088767,942.1300092519006
4446,7.699563503265381,345.96209187555155,333.2298058159916
4447,7.323103427886963,329.2681247427786,315.58608058036765
4448,9.491877555847168,463.2496504760316,451.4760208732734
4449,9.841029167175293,558.6254977643935,552.2497916223896
4450,11.686171531677246,913.0853281641254,924.92056633106
4451,7.339025020599365,420.4912636525021,407.92273569599337
4452,7.920399188995361,438.1325863398987,431.33358475263583
4453,11.06363582611084,607.1823539499187,633.8015382534305
4454,11.368414878845215,551.7646490608531,559.9064228909481
4455,13.173442840576172,592.2861229863016,619.853170568648
4456,11.801177024841309,818.1376820224218,790.5355305063453
4457,13.16579532623291,788.3420324136134,771.090720110047
4458,11.978623390197754,717.5206335882949,705.0608694605827
4459,10.190278053283691,626.6127250835021,625.6193556478534
4460,9.030736923217773,697.8432876771047,675.8941974555264
4461,6.662974834442139,565.5299821332592,559.7392177280345
4462,10.763751029968262,695.1235509402242,722.4247529539092
4463,11.474909782409668,641.0776664589054,658.6278574630509
4464,11.440773010253906,443.30694259127296,437.03064235946533
4465,10.116206169128418,406.3422621714308,397.8496430318031
4466,8.522477149963379,400.10916204090586,396.6391276953395
4468,3.8803157806396484,440.0612650467405,430.3596029856174
4469,4.438733100891113,304.3235252535699,287.3176185106909
4470,5.141841411590576,313.7857895183189,293.2877021804818
4472,9.05321216583252,471.6589693475044,466.30799467036246
4474,8.128522872924805,409.6298793706464,407.64674643649255
4475,8.252781867980957,455.9651958848018,449.81795969848747
4476,6.780393123626709,331.0483695104586,337.1549032200533
4477,6.849916934967041,390.37353549534737,390.35205545608056
4478,9.47353744506836,447.9638537015229,428.4854557706728
4479,10.255941390991211,455.3547099130781,435.37148893668984
4480,8.556225776672363,343.87244174447267,329.04821176015344
4481,9.034847259521484,334.4562534183985,318.4229948597695
4482,5.327484130859375,422.6931540628114,421.2887440031815
4484,4.349391460418701,342.6455974722968,326.7541770095489
4485,5.075528621673584,374.45599690780483,364.98351253248467
4486,11.435357093811035,591.0510703657371,601.1856124771846
4487,11.870287895202637,664.085412235908,685.641182954354
4488,12.549023628234863,569.9778409104765,529.7498353954193
4489,14.860846519470215,672.9089054874066,633.2676947851685
4490,19.647418975830078,805.0328906642301,807.3805522045212
4491,15.713808059692383,608.1463539423876,593.8405996905715
4492,14.696392059326172,597.797480024104,586.7413728806152
4493,9.368080139160156,518.2315053421797,526.8539959253393
4494,8.078286170959473,411.1491000008799,417.2641483538469
4495,10.565401077270508,407.5508942660534,433.1014406008693
4496,11.22607707977295,402.91711479687467,421.6492820155853
4498,8.580384254455566,558.3309687048453,566.1363405690224
4499,6.128585338592529,416.44115659582735,388.64994722749793
4500,9.332426071166992,823.9439065284178,788.8707094178635
4501,8.449061393737793,401.89622079245845,400.1507942684786
4502,7.8309431076049805,450.9069140738217,460.9987446953016
4503,6.51593017578125,339.3089150718226,341.4952599503837
4504,7.065089225769043,420.45777581440177,435.19586462075114
4505,7.695101261138916,427.08102075567103,441.4070543768635
4506,10.831526756286621,643.4251056621594,621.3172176241292
4507,12.630105972290039,950.94800032082,919.1734882033273
4508,7.535894393920898,365.0815688339534,359.31178239858866
4509,7.8220953941345215,381.96251248937335,375.19679650150874
4510,15.769301414489746,785.700673850892,780.954810651091
4511,14.820073127746582,789.0286430515808,779.1911870313397
4513,10.589557647705078,538.3965007867546,564.86415168541
4514,10.830309867858887,456.100847904171,473.3841483449898
4515,11.04451847076416,441.0913179707905,453.3206547582828
4516,9.602644920349121,382.59470898681235,373.3950097073317
4517,9.914459228515625,380.31577716992564,363.49491729450875
4518,8.95322036743164,493.94729960433375,493.60303659641346
4519,11.06482982635498,694.086787814931,688.5961444553915
4520,8.791504859924316,606.3185666619781,580.7155725924957
4521,8.680459022521973,377.27195459408347,356.1482310835374
4522,4.764582633972168,461.957977702438,446.7189442031828
4523,7.017816066741943,539.6778307566552,532.5619078318863
4524,11.881392478942871,597.8101320520715,584.28887186831
4525,11.312897682189941,589.5468516369029,579.5781219315859
4526,15.418993949890137,472.43986343487796,446.2659352812142
4527,16.797658920288086,532.4793414107671,505.29200506328965
4528,20.23262596130371,724.4342240516874,721.8559820400706
4529,12.007397651672363,510.62547141007053,534.1769451477379
4530,11.813162803649902,459.82123451662636,483.4462119944525
4531,11.354167938232422,472.2786026349921,487.04884305598097
4532,10.90687084197998,430.1372105295359,450.2177240442271
4534,10.591387748718262,630.4090856651821,614.9841711281978
4535,8.776297569274902,483.1844937865213,477.2892168669509
4536,9.241354942321777,463.5255459914523,465.30602197417016
4537,9.453193664550781,475.635864027803,471.05264493846164
4538,16.335742950439453,1087.4876670541166,1100.2594236272987
4539,5.351975440979004,430.1249602614015,438.4240381677571
4540,5.480743408203125,407.0634569886135,421.02586024710394
4541,10.274308204650879,420.84446606043,416.0162650378859
4543,6.741192817687988,325.86717997533145,332.10769565511595
4544,7.104189395904541,397.7795564597405,399.50104584679275
4545,15.645648002624512,643.5835936782499,656.2227093128763
4547,9.932208061218262,600.5760935892533,578.8840116535871
4548,10.549474716186523,601.4029401081696,579.6502976291728
4549,8.765661239624023,435.5010891588871,417.6777914104923
4550,9.320261001586914,442.33745677696544,426.7374850078661
4551,6.133810520172119,375.7842683402549,391.73001039625626
4552,7.5987467765808105,623.8681252181698,638.0842968298116
4554,8.503958702087402,738.7366939104762,747.0040627940108
4555,7.463984966278076,434.6987766287552,439.95517218799506
4556,9.358654975891113,461.6946350274346,457.8081718709163
4557,8.045732498168945,458.62288047915456,458.5651638361001
4558,9.728141784667969,465.7805195288717,460.00817202916613
4559,8.568442344665527,555.943393781328,558.2754480659744
4560,8.639272689819336,561.299205961042,560.3123284460755
4561,10.182411193847656,660.4692910673394,670.9367725344456
4563,8.193034172058105,510.92969054729934,505.5089083094559
4564,6.507981300354004,434.7244540241152,425.1346893225171
4565,10.74438190460205,568.3010470203367,550.2337625323986
4566,10.597253799438477,561.888606997022,565.1483739343913
4567,9.761336326599121,519.6869309719981,534.3387940770822
4568,11.292459487915039,677.1896272473863,689.79332329604
4569,10.065291404724121,564.4905366570594,576.9592568440455
4570,6.79103422164917,452.2718417961008,462.00992534374245
4571,6.713757038116455,453.46591594953196,459.33192509059444
4572,8.141849517822266,408.2896394715199,390.64892508032455
4573,7.813820838928223,377.3342339360458,350.6712399036095
4574,8.742719650268555,752.634181031737,720.5881707397326
4575,8.508769035339355,765.5408336141826,748.320862437649
4577,11.998801231384277,742.5892865605108,753.7695767543196
4578,9.250347137451172,504.17816206167686,461.07760078628155
4579,6.790543079376221,350.46617752183073,358.4271020335502
4580,7.092560291290283,391.30063228352265,392.696036821924
4581,17.432655334472656,881.6726813351451,852.5384549484634
4582,15.512017250061035,752.9130386344218,741.3185180809588
4583,16.57245635986328,926.0372733231711,900.0275271024066
4584,14.698590278625488,732.1887610557623,706.9371276893597
4585,10.407322883605957,521.5078646589684,523.9610175162907
4586,11.47497844696045,666.5301752433026,666.9124691682907
4587,12.488280296325684,648.0613968261432,653.3701131116388
4588,12.095561981201172,573.2237020425689,559.1316671399462
4589,9.057633399963379,661.0380367070522,635.4770882388109
4590,8.801423072814941,518.35129301127,488.51714168844626
4591,19.01937484741211,1205.933400493386,1214.2666838218481
4592,13.623799324035645,668.3257426218191,658.9424659804122
4593,6.788365840911865,402.6646763034444,400.7756989797252
4594,6.827950954437256,437.83054257764553,438.0709224813863
4595,6.996628761291504,412.2482713719076,407.6977282013088
4596,6.933829307556152,437.4750368124973,437.79411613331763
4597,8.614982604980469,352.49041400294163,345.8427788308659
4598,8.646734237670898,336.487017574353,324.0477439569185
4599,13.585367202758789,751.7026309488315,759.1628385885755
4600,14.266082763671875,699.4512268907758,708.1896057507428
4601,8.450939178466797,480.9170620501184,495.81811437293356
4602,10.189655303955078,442.7202492848435,468.18063170379156
4603,10.241742134094238,422.7436283889506,436.621670964414
4604,17.4400634765625,636.1745979142181,612.4302495207648
4605,12.718175888061523,567.8311031059628,530.9395161113217
4606,10.8012056350708,587.1883751851358,536.2349099858204
4607,10.626209259033203,872.8410083625783,836.144698507614
4608,13.13217830657959,791.7155317476117,780.498694554122
4609,7.988047122955322,392.5865984917731,371.85942937498714
4610,6.436476707458496,417.27808142299295,402.4797423245555
4611,10.144537925720215,625.9893028231734,602.6589184139584
4612,10.155749320983887,516.4451932030375,505.9405895679705
4613,9.50527572631836,478.2697803488075,475.79481502115317
4614,8.555380821228027,491.9207901927138,484.4571442128277
4615,10.152863502502441,477.25935610219346,472.42951501048253
4616,10.983637809753418,508.95755964155506,503.11198002499356
4617,12.819890022277832,556.8725388430262,552.3004901265874
4619,11.415907859802246,851.2017781803888,845.8761002454205
4621,9.318360328674316,793.2941932390385,767.19736736482
4622,7.693949222564697,778.1216762058109,759.3713216391914
4623,9.313960075378418,793.6656222138697,767.3230501581256
4624,7.709665775299072,782.3775770150911,762.8752562934185
4625,7.37165641784668,350.234698111324,352.69051662602834
4626,7.401681900024414,397.91238175026166,398.55804418274795
4627,4.0136919021606445,396.53727607221555,400.956270258303
4628,4.377416133880615,451.52376059447545,463.6823476707845
4629,8.341925621032715,529.6623904181945,509.20320320386475
4630,9.968733787536621,526.2152527616527,523.2555258287674
4631,9.113706588745117,571.5231766669252,592.2071916291129
4632,10.830851554870605,414.765064960093,414.9917020194187
4636,5.300721645355225,264.2855108201456,258.80772738224766
4637,5.123508930206299,261.5335812437173,252.62146128449322
4638,8.545324325561523,404.5146032291466,410.3158614649306
4639,7.599876880645752,380.0543562795456,376.6910751765778
4640,6.473049163818359,425.92541184102345,422.3264295574911
4641,5.880574703216553,499.1512891913163,498.3651221817626
4642,14.007916450500488,491.2638533667441,496.38762381452176
4643,12.956151008605957,556.966241219276,563.8917525752831
4644,13.05956745147705,572.6384138236475,578.8137499398492
4645,9.965632438659668,463.73238765966397,464.93483641226874
4646,9.694583892822266,441.77876210824013,436.3212591565177
4648,14.437932014465332,892.1701130503792,904.9095358604748
4649,6.56052827835083,372.5998302025303,356.9366530514572
4650,5.998076438903809,460.11721427546814,461.1321850257759
4651,9.989399909973145,429.614423442789,430.8979250882831
4652,10.615283012390137,437.26266526948126,440.0848421399679
4655,15.801318168640137,987.446149414394,984.5383327258717
4656,12.773676872253418,619.975772317008,590.1676137389536
4657,8.384478569030762,532.5211273309221,510.9562335615906
4658,8.952155113220215,561.5418313850606,554.2858157794087
4659,7.201353549957275,347.16931782076995,347.4902672377818
4661,8.410136222839355,482.4060591368577,475.474156753411
4662,8.846991539001465,466.5450254997394,465.3881294697537
4663,8.963683128356934,499.6600170929106,494.37862370948307
4664,9.490918159484863,475.1102263973557,475.7019756526491
4665,10.964338302612305,561.2240421106294,550.4810207068197
4666,11.929720878601074,555.8620531994302,539.3910018711437
4668,5.413572788238525,397.1535498551549,380.85898916333457
4670,10.613883018493652,736.50250436838,777.7298441633667
4671,11.713507652282715,525.434766059442,509.53544904362116
4672,14.061444282531738,844.4102077290078,837.9966740512339
4673,8.918482780456543,481.8494003578642,461.97100092694046
4674,13.81982135772705,596.7700352637777,581.6083830995202
4675,12.391122817993164,603.3734569985345,593.0336185853869
4676,14.874236106872559,648.3219740621851,619.5085912738039
4677,33.72096252441406,1931.4147054885364,1908.6442523045444
4678,17.66657257080078,1161.9071820809263,1135.722535197218
4679,10.948321342468262,741.8673418121937,720.2051005761864
4680,10.537880897521973,681.5814708158123,656.9925852761588
4682,8.806970596313477,751.5729579265749,757.4237916032149
4683,14.664834022521973,915.7133499752915,968.2421118625252
4686,9.879273414611816,482.9927321892579,483.0534878212153
4687,10.123122215270996,549.623282122119,537.5315341066679
4688,8.897767066955566,376.03750581360566,367.9008612406801
4689,8.821391105651855,370.71318062288515,355.5643050359196
4690,9.648672103881836,601.4683553087617,602.2254477071377
4691,10.722535133361816,621.7789875344542,627.097205204359
4692,8.40823745727539,516.7551976554468,536.4312312950934
4693,7.364813327789307,462.353665829521,472.10119635984574
4695,9.785783767700195,474.83274922759267,452.17126932486383
4696,8.569613456726074,552.9407046099602,533.4811103108948
4698,16.160884857177734,817.7772146745104,864.0136037175664
4699,6.8214192390441895,371.8290757565746,367.5000326927908
4700,9.363509178161621,480.03163458656087,464.2460710999007
4701,9.847700119018555,542.93214470764,548.4701588396962
4702,7.766851902008057,507.6188734523827,507.6468523718945
4703,7.768258571624756,650.9262324795517,621.8827340400042
4704,9.65542984008789,616.2862144654958,581.4703717191617
4706,25.789470672607422,769.820702658258,768.4222322437531
4707,32.16666030883789,801.915900117946,797.0052247766097
4708,23.82562828063965,1070.9514317887854,1064.3294851878502
4711,9.289372444152832,645.5224944226175,642.574865071196
4713,12.359044075012207,805.2101464292715,782.2545877847075
4714,11.250739097595215,703.8849673781411,698.4437692006622
4715,9.599238395690918,604.3419307360602,596.8853505361653
4716,8.043391227722168,509.740695137587,499.02650493481724
4717,12.812212944030762,826.4458914705904,825.1390967719024
4718,11.70845890045166,607.5620320689487,615.8725489204836
4719,18.748031616210938,1275.2575680492673,1282.968653789818
4720,12.615487098693848,1137.529618378029,1143.3302338716526
4722,6.958601951599121,319.04475084394295,324.9734121824189
4724,13.044322967529297,713.9951326345451,688.0778588998726
4725,19.138486862182617,1822.4007893015682,1923.051734930003
4727,9.15584945678711,509.79813949096996,489.25119910770525
4728,8.743180274963379,554.866903865367,539.8632623334751
4729,12.0811185836792,598.4520162190463,587.1903601355683
4730,14.604373931884766,814.4463137925144,813.0825481692393
4731,10.130691528320312,593.848875501326,580.2476044017778
4732,12.548317909240723,739.9205304193472,736.2208593978785
4734,14.00072956085205,606.5450996321524,589.9007755263308
4735,4.413097858428955,495.49323614686386,506.3824823969273
4736,5.853143692016602,453.7760221547271,456.36195678015406
4737,6.4903035163879395,446.6469789593809,454.82042885438864
4739,16.988683700561523,773.1902397962571,739.1417301471218
4740,16.813640594482422,679.0786710253863,638.0371055576836
4742,4.858616352081299,486.77015726123454,498.32700178938444
4745,8.583281517028809,432.13143363616166,424.4494766015254
4746,9.206971168518066,443.2825768707586,446.09666800532375
4747,13.50959300994873,545.6888413081243,523.2356407053092
4748,9.702881813049316,472.46190704473787,444.7695534859102
4749,11.93970012664795,697.1540111019714,730.6935878904794
4750,8.00961971282959,536.9040083066459,531.1022813958439
4751,8.385140419006348,700.9448668313073,705.2181887823177
4752,9.646739959716797,746.151195616499,742.6623456830677
4755,14.281144142150879,1060.216674488939,1029.57733533072
4756,15.810802459716797,1141.7108624429902,1110.4339680202004
4757,9.17747974395752,521.8115447031928,495.365622234107
4758,7.862542629241943,555.1116257417333,535.3626685761393
4759,10.11189079284668,614.558515129763,584.410715497609
4760,8.20193099975586,570.6726581754828,548.2969624806303
4761,9.455334663391113,732.0124908704879,713.71502084913
4762,9.430299758911133,642.994417017371,620.8302132026623
4763,8.390241622924805,462.2349587511878,464.6423657704649
4764,8.585068702697754,427.5400944352567,426.70541826883306
4765,4.127089023590088,335.7355173295221,326.2098921475084
4766,4.771000385284424,356.0882545379397,338.8080061268438
4767,6.619740962982178,388.67786461388243,373.58714172213143
4768,7.666453838348389,419.97762156609093,409.7642541756623
4769,9.570277214050293,507.7536421458928,476.23192181290926
4770,9.605059623718262,567.2988246755255,552.4873221039004
4772,13.470091819763184,606.1711530999756,613.5413568808926
4773,11.438340187072754,485.191027582088,492.93902697861023
4774,11.242598533630371,443.54939355411653,454.50511494423955
4775,4.535820960998535,511.5078062950743,518.3355726137481
4776,5.830325603485107,457.9394480311354,463.2162721522066
4777,6.4784836769104,431.0553046077341,416.5342994461098
4779,26.675735473632812,2218.0244381336233,2090.3426792267146
4780,28.04669952392578,2267.6799422446043,2128.5143727861655
4781,9.058119773864746,570.8730775591412,553.0505266775522
4782,12.793055534362793,765.877504710134,754.0462053994626
4783,11.266972541809082,512.5793087099964,496.46739987723987
4784,9.54042911529541,665.3343596246118,644.0380393737968
4785,9.540421485900879,677.8793549226787,672.5801286827307
4786,13.34006118774414,702.9934764654251,688.028257087779
4787,12.848952293395996,699.9808542301423,678.080145430813
4788,10.331130027770996,765.1211815269346,783.365712004737
4789,10.653388977050781,709.9607370833326,701.9373139044247
4790,11.260444641113281,710.4096399165186,699.0952327455343
4791,8.279845237731934,389.91491302350437,391.4872303479353
4792,8.802647590637207,378.14201668606887,378.27658357323435
4793,11.743131637573242,735.9161538041938,713.4833951038403
4794,11.930237770080566,742.9335809874208,728.2994936995959
4795,5.933095455169678,285.4002921898075,285.8767988077466
4796,7.656179904937744,374.7586969911207,384.49764624010066
4797,5.215803623199463,272.7636886884727,261.33776039441784
4798,5.686455726623535,302.88364628860694,286.8887167164249
4800,10.051656723022461,359.12291863949906,326.7589271488088
4801,21.68509864807129,1472.006095961258,1534.6704031719735
4803,15.341788291931152,731.8020543078476,715.1527021572061
4804,11.028250694274902,537.4125661055326,499.841368104814
4805,14.506388664245605,1145.0434629615013,1157.0034443976679
4806,12.95762825012207,1113.5180535676755,1111.7914168320983
4807,10.199723243713379,558.658068459963,526.5178489694528
4808,9.721755981445312,638.0907815475799,611.9928651868523
4809,10.226829528808594,615.5109243256624,620.0924130785913
4810,15.82797908782959,1155.0080828715772,1182.1084428918296
4811,8.486031532287598,710.3400831573775,711.010293549057
4812,9.577818870544434,761.9732141774134,759.4303674043713
4813,10.084715843200684,583.4704630171292,566.1705597579999
4814,10.379781723022461,545.9279417407071,517.9695183669635
4815,8.645170211791992,680.8815947003334,678.7509572756129
4816,9.947968482971191,736.2899651307725,742.1895399089565
4817,9.576443672180176,697.9876232882254,675.013567096646
4818,7.0520501136779785,465.47946085715535,439.0403849376651
4819,11.268393516540527,613.531010393524,604.4405108690116
4820,8.486035346984863,437.0291240572235,426.21103490302653
4821,8.79008960723877,460.3532241596552,457.6466559900533
4822,12.528524398803711,751.4155940756367,724.8159864066515
4823,10.129512786865234,832.0613292544244,864.5424050534567
4825,11.194446563720703,664.3373641679606,624.8722167221814
4826,12.785106658935547,580.1612617351736,585.2624713388069
4827,12.428305625915527,534.3254166720919,537.7661106574226
4828,5.893680572509766,339.6887065152373,339.6398700162607
4829,6.986112117767334,326.6992049661493,333.779104365557
4830,14.944197654724121,521.2994205039755,517.3748476004012
4831,24.00489616394043,1055.2121803504542,1088.3994861320527
4832,22.701671600341797,978.8149438190815,1012.9588369751096
4833,11.423598289489746,870.1743532313258,859.5345854419385
4834,10.145577430725098,848.2120366837677,843.0210201645232
4835,9.373682975769043,538.6570766606056,534.8446372185007
4836,7.4024128913879395,425.40572230050617,417.73689005203425
4837,12.071908950805664,612.8358207268086,634.5723479216092
4838,11.599844932556152,532.326490604584,542.947013711996
4839,8.520332336425781,345.9698063634969,351.65989649601306
4840,8.081439018249512,334.7883166221289,332.3298456309379
4841,10.691579818725586,1180.5157890361972,1152.5841351254949
4842,6.542238235473633,489.7143101354285,485.2067477702488
4843,10.049442291259766,598.2812759812485,578.2825510256541
4844,9.101724624633789,474.2445487213959,463.523527522069
4845,11.732331275939941,520.0529955672046,517.4877458174572
4846,13.710371017456055,575.4919166740067,559.1140038518988
4847,11.980354309082031,681.0285229876586,707.6510042710265
4848,7.5208821296691895,454.3483099159147,461.40670343744245
4849,7.033092021942139,423.7738778335615,439.26329438371374
4850,23.336851119995117,1239.3161641411884,1220.5784216239751
4851,13.515007972717285,697.3136501655827,662.8959147921643
4852,11.317020416259766,717.4021486787261,706.0929839914348
4853,11.32359504699707,701.5570854244852,691.7577787333819
4854,11.827361106872559,734.0298901489194,713.6099588299194
4855,12.441237449645996,705.5422802741269,691.537273703296
4856,24.042743682861328,1158.5597516520068,1145.1748174407535
4857,18.900833129882812,1042.155163106191,1036.7437038518242
4858,10.322428703308105,439.02380965213166,424.01067162297176
4860,22.561920166015625,728.9122136999151,733.841396160939
4861,17.65555763244629,457.2246175299877,461.7247951276617
4862,17.065807342529297,453.2706437059681,453.5456856137218
4863,9.367398262023926,524.1538361593259,527.5675902462414
4865,10.449459075927734,554.1592091100536,545.826357946144
4866,10.78065299987793,502.61086908686343,482.1505465877362
4867,16.08394432067871,936.4753840511306,930.1042947417216
4868,15.346301078796387,977.7698734629322,986.4598218702748
4870,6.859962463378906,409.4005502336698,428.3881542093483
4872,7.854640483856201,434.68438464121164,413.4053829535152
4873,23.296043395996094,1334.0567294991213,1335.4669539400447
4874,7.809699058532715,481.35643707841643,473.7120568979001
4875,12.657954216003418,902.0439151138162,872.5138073889902
4876,22.682689666748047,1201.2259801741368,1182.2766465839948
4877,13.84314250946045,649.8363426018117,619.7111410097452
4878,9.33981704711914,486.86388433529885,458.2960528089496
4879,12.87645435333252,842.3676630488112,827.3675000110993
4880,11.839232444763184,977.285890384284,957.7773873882574
4881,15.607895851135254,647.6740459259545,653.2336833409175
4882,13.550909042358398,660.7740705688398,681.9160656218755
4883,8.554753303527832,375.29733326691024,358.58030939296674
4884,8.21937370300293,410.3905845336481,404.8735534814861
4887,35.59956359863281,2378.5243257926713,2429.5651096623606
4888,21.634321212768555,1707.64247889444,1656.5112298059205
4889,9.788052558898926,415.1501128196252,403.9235915636811
4890,11.058860778808594,507.24346730633306,491.43046387339757
4891,7.798954486846924,640.7912996420691,638.9979279160929
4892,9.01092529296875,679.4174325158142,682.3029733446655
4893,8.106328010559082,532.0112366362267,528.2119949098036
4894,12.779067039489746,848.2190499727384,854.6754522252974
4896,13.90444278717041,586.2699805281252,542.293315822564
4897,12.846698760986328,903.1008940406944,881.962537840374
4898,9.081836700439453,443.46593412522344,444.612296233779
4900,8.49205493927002,377.861890915728,382.6143812856876
4901,8.327458381652832,453.51085242105046,449.62516387943884
4902,8.492507934570312,415.9892526054334,418.5593332159717
4903,9.627671241760254,548.4080442460844,548.3634298157825
4904,10.75556755065918,560.3763062666856,564.4792523325904
4905,11.00400447845459,724.2744948294535,699.8497875269239
4907,17.351354598999023,550.8486952867825,593.0855715226119
4908,18.705524444580078,537.4797184693491,581.6963174007786
4909,6.876842975616455,479.38470086666996,471.7043342244175
4910,7.3617448806762695,426.7616532470041,423.49135596779604
4911,8.794593811035156,486.27897740298266,493.4945748782778
4912,14.275249481201172,723.2553601051717,742.01215104726
4913,7.558902740478516,424.7713851653002,435.9170142601908
4914,7.095923900604248,420.93313307118734,422.69087182391013
4915,10.704285621643066,582.1500523136785,584.2569985526635
4916,8.251110076904297,457.94865310707144,460.0359153108429
4917,14.719924926757812,792.0350906579221,740.2367739899365
4918,10.231532096862793,441.2748973711371,430.34955869948914
4919,7.720672130584717,457.0796193161535,416.3994454730064
4921,21.615001678466797,816.4180303982265,795.584558928681
4922,12.21592903137207,817.36701784718,811.7360977475493
4923,10.813780784606934,685.8331360342751,686.0085486893652
4924,13.69080924987793,682.4889634512539,660.5722409775593
4926,8.450455665588379,683.4356883917485,684.6381749520493
4927,9.673052787780762,716.4669954731487,707.8734723029495
4928,11.846420288085938,587.3306576073928,587.4562242936097
4929,10.805550575256348,565.5408642040022,561.0489686020367
4930,9.894156455993652,489.43925500941873,487.26601881510095
4932,6.502068042755127,491.2105699875114,480.76557790757363
4933,5.819777965545654,426.5122706319571,413.9496410629163
4934,16.84535026550293,699.453747190019,698.3795974071384
4937,10.896462440490723,628.6921170692115,603.5419603141576
4938,12.216779708862305,628.6583918101675,605.2841496223238
4939,8.467256546020508,552.7041483561873,536.3542495592042
4940,7.021881103515625,523.2836525271772,515.1460815817053
4941,10.263400077819824,411.312947522081,402.5791586445873
4942,10.0872163772583,478.6557644610326,470.19291328088724
4943,13.650227546691895,576.3016816470993,577.033207033784
4944,14.496049880981445,641.3203767096924,626.6557766814302
4945,9.385971069335938,375.0601330256502,353.43846340575584
4946,8.216031074523926,382.98227502923453,377.3734214190018
4947,9.03957462310791,469.2950024238912,450.25039639358715
4948,9.127546310424805,540.4401304708223,529.1616950347396
4950,17.090438842773438,854.6171615681654,812.4735814975776
4951,12.960036277770996,800.8735678867503,777.3794567062384
4952,8.719486236572266,446.25223408055604,446.10310978067463
4953,12.054004669189453,513.0035421539869,510.1268232962035
4955,12.818709373474121,712.3506631885117,725.0074033495661
4956,9.4119234085083,451.2804556939814,483.21313139684923
4957,9.684886932373047,467.24532847296433,496.20818970320397
4958,8.64783000946045,347.88808741766405,342.47218591759327
4959,8.005608558654785,341.21126259283085,329.2161033753067
4960,10.918543815612793,498.18562240452627,511.14426218147435
4961,11.798731803894043,713.3307968204266,728.6737041180586
4962,12.236363410949707,436.38733314831444,419.4761184601273
4963,12.040986061096191,534.0003343407717,541.589886955809
4964,28.187686920166016,1818.6068073558092,1710.636447391339
4965,28.739208221435547,867.1528136165517,914.5105399293019
4966,28.777009963989258,872.6684086843484,918.9193214620547
4967,6.449265003204346,517.170254314213,535.2592655996018
4968,5.881042003631592,492.51345654677897,513.0669976117251
4971,19.69354248046875,719.5512349789948,658.6806567201638
