sample_index,central_prediction,full_gradient_norm,sketch_gradient_norm
0,9.830989837646484,739.0297877968693,722.8000901434185
1,9.099096298217773,737.4743205586464,717.7967790871273
2,8.671687126159668,723.8519708903835,709.5127852881905
3,8.787869453430176,737.503891158011,726.9391997752275
4,9.212977409362793,1880.5584943595911,1921.7296828762626
5,11.593774795532227,1941.757464525459,1968.070919741694
6,1.0017201900482178,1455.3717995865009,1426.5564153545288
7,1.431964635848999,1453.9716947736188,1428.3896009363234
8,11.874576568603516,1529.3257538825844,1528.6292474608272
9,14.248371124267578,1560.8300888225874,1552.0128997945126
10,13.20327377319336,2755.646065934706,2693.674301046018
11,15.178424835205078,2809.5478324859973,2756.129807012437
12,4.997382164001465,1200.9815741547923,1233.9032431796572
13,3.0776617527008057,992.6770160523428,983.8665154488737
14,7.759478569030762,1428.5826878989058,1468.8742213000996
15,3.6696627140045166,1077.0377243125845,1067.1793046541243
16,6.020623207092285,1341.9872000176128,1390.9266818999822
17,2.9507081508636475,1002.7835503710013,994.2937368562792
18,8.258429527282715,778.8140723279382,775.5483737045143
19,7.859138011932373,757.779300810236,749.0923621073781
21,7.699552536010742,663.9948293039677,673.0058430443786
22,7.041097640991211,461.9463371435329,458.0680763711485
23,8.75489616394043,613.8971624182252,608.348886458795
24,10.845449447631836,1188.9629065192244,1130.4481294829952
25,6.9026689529418945,715.465204209874,676.5863601888208
26,3.7094085216522217,470.8007240504173,449.0303492623535
27,3.936164379119873,478.68141801624876,451.76881919876786
28,6.990575313568115,723.3010659121448,717.2563294611754
29,8.777985572814941,1047.4219205352467,1076.2033600831714
30,6.808428764343262,774.5710997461176,769.320455089413
31,9.057914733886719,861.9762432869053,862.5656031218456
32,3.000869035720825,470.8450974601039,472.7985503315004
33,3.644516706466675,456.43729795509574,455.62498275447683
34,7.744244575500488,620.8653885741261,608.3125925608833
35,5.167925834655762,309.9409233160784,309.0916889016984
36,5.2935943603515625,974.1823184606777,957.628367657052
37,4.121463775634766,884.8222672947771,864.0340152827487
38,7.379475116729736,619.0543627333542,627.4956610056272
39,8.31990909576416,680.1729792047237,689.5315606739894
40,8.446504592895508,769.3726639236384,753.4857355596791
41,7.861324310302734,800.720902680773,782.4819451353754
42,11.05817985534668,697.1095168819421,731.2257754904372
43,6.180531024932861,535.9209178512281,556.0685228850678
44,6.291315078735352,528.7621243099046,516.3636461604377
45,6.344176292419434,581.7082726561371,570.8987659486015
46,10.457515716552734,960.8958120599174,897.9303476327142
47,9.596746444702148,890.7060071663926,835.9749574180663
48,12.211118698120117,893.0661720822492,880.3980701263749
49,16.354204177856445,1389.0429585447237,1336.420850250544
50,8.366133689880371,691.5003030483877,706.3369092941228
51,6.5985565185546875,493.47956492799557,483.3973464033456
52,9.899676322937012,744.1444635704597,721.1913375572127
54,6.938031196594238,642.5488973147546,642.8863894612105
55,6.612141132354736,590.9101069588619,589.7993991690198
56,9.416207313537598,561.8456870429164,556.8181211026712
57,10.011274337768555,574.8338964820563,568.0927658342632
58,7.398355484008789,634.6760519665553,641.388762355266
59,8.316126823425293,680.0233767707971,689.659160275562
60,13.970375061035156,883.7839297285389,903.8813105083145
61,14.64990234375,896.9527505415219,916.2698713376491
62,11.769107818603516,1089.606304402656,1081.8866869374267
63,13.963451385498047,1156.8534169207583,1149.114243936014
64,5.936908721923828,899.4269487677582,890.9473574484384
65,4.996443748474121,850.6380826236934,835.3223540524148
66,7.600884437561035,655.3887777621844,679.0582881015499
67,8.914360046386719,794.2526865469042,812.8821044377105
68,7.62987756729126,652.9321118167799,677.8938270929764
69,8.910221099853516,786.701427189329,805.7797488794525
70,5.680438041687012,407.1914962580303,394.6330919748169
71,7.490096569061279,577.8809250908769,581.9655448786456
72,14.343791007995605,953.5800211530611,959.5469448745997
73,12.596658706665039,981.2440189458948,1007.1276007824332
74,11.696601867675781,1730.1729442854644,1657.2236534343283
75,12.136547088623047,1739.708638420111,1669.1995135246018
77,13.389183044433594,1893.9260329611106,1846.9103958736976
78,13.416743278503418,1032.77614448529,973.9286722243179
79,11.7811279296875,894.450324924796,864.9140033930685
80,11.280570030212402,728.014263328303,694.0835759542642
81,10.556815147399902,625.9805861534937,608.93640623761
82,5.608597278594971,642.13114434852,639.5810147182689
83,5.285388946533203,622.6195627518518,640.23942778899
84,11.094603538513184,561.945009441415,564.6594145727229
85,9.256562232971191,659.4700326463576,651.8221511352737
86,5.06121826171875,1035.5599360082817,1011.6076288346201
87,4.249000549316406,939.2762453656906,918.9809030725761
88,4.478114604949951,851.6932537759093,838.7297486653016
89,5.242530822753906,829.8985528140812,814.9194124059468
90,5.1855573654174805,318.3019503543627,317.96225846270715
91,7.726955890655518,618.8677922723126,606.1805540138909
92,5.658936977386475,401.5748441244534,388.56670360942644
93,7.15778112411499,523.8427947984281,525.0739335230168
94,9.969937324523926,429.50942256336185,410.00923695572146
95,10.617378234863281,478.04893527648557,471.17034513810273
97,8.994189262390137,842.2453875820702,870.2544110999801
98,11.486363410949707,739.8210930470839,745.205528636276
99,11.551094055175781,742.4260943421426,745.4885243564904
100,12.999551773071289,732.555508599551,722.7729887669084
102,5.965228080749512,479.08953480188757,474.8264393464321
103,7.249866485595703,899.1928292194636,866.9627667380634
104,7.0805816650390625,890.2669274503886,858.8831458283402
105,5.186972141265869,482.83185638271345,466.7502637247048
106,4.905928611755371,435.48934648421283,417.61762788005757
108,8.402339935302734,771.9168380871804,773.0154550997
109,9.314732551574707,742.3618331701599,720.5472980561713
111,3.3027608394622803,887.4878445552428,882.1310530725999
112,4.41096305847168,947.9827613684164,959.0674177137977
113,12.147689819335938,801.358376841533,809.060879655387
114,9.489099502563477,1022.2285914545732,1074.9036136103518
115,9.258667945861816,925.2762928381084,951.5780858902916
116,0.284803181886673,581.8054888717261,572.2668728448673
117,23.07720184326172,1163.9262353415063,1190.000775277104
118,21.23419189453125,1129.2722835735258,1175.9094018511714
119,9.479202270507812,659.7663044525373,666.6154975832957
121,6.407842636108398,783.468552375161,761.3637364946535
122,5.879612922668457,802.8663775771927,786.4338233178529
123,8.787540435791016,871.6929242175107,879.6461131735166
124,8.117807388305664,834.8273403506714,847.7243898832892
125,13.63866138458252,1261.5365915775126,1244.5049316099685
126,14.718724250793457,1372.4120613785738,1352.7213856680687
127,12.46041488647461,701.129601734659,700.0847224173708
128,11.706365585327148,830.7702901447535,838.1429515661091
129,7.632635116577148,1011.0996196782176,985.0190221208235
130,6.886899948120117,998.099710605868,971.0201980835303
132,18.268848419189453,1119.1966307464534,1120.3237620763884
133,8.649707794189453,740.1973394099276,717.9593382942047
135,7.642105579376221,650.7061152006856,653.1632825914915
136,7.978515625,706.8868795646357,703.5921103478638
137,8.754081726074219,521.0884138717082,532.0920877888453
138,7.657474517822266,374.4270904794601,364.2502237279009
139,7.00383996963501,511.80933030399655,508.1670825689983
141,16.076154708862305,1166.7851742411628,1272.59195791552
142,15.906476974487305,1111.7248756820932,1195.6919952510555
143,8.424951553344727,487.79740800740075,499.62344970871044
144,7.9391093254089355,387.282377738795,378.0696329268474
146,14.176164627075195,1062.7064564829834,1110.972655973305
147,18.999610900878906,1199.194730554432,1241.8758031583077
149,8.345622062683105,488.84971546919377,488.3171182895003
150,13.360189437866211,995.373814309262,993.6439023607908
151,16.406017303466797,1004.3414601539097,985.7022492910208
152,7.036640167236328,1003.9573433316053,973.9120514988783
153,7.547374725341797,987.4684632721827,966.4710482164558
154,18.550312042236328,1076.7470337989648,1089.2397406091327
155,5.097477912902832,471.6454915617145,459.90713520741167
156,4.664236068725586,403.7959533734326,404.28691914555
157,15.679828643798828,1146.2687954597266,1259.6983613139128
159,10.335427284240723,992.2832728838372,962.3763566175936
160,9.11099624633789,968.1182915011251,939.8143508170882
161,10.312223434448242,749.1767749830257,782.6506928343823
162,8.799003601074219,535.7797827578256,536.8405367763218
163,6.140127182006836,482.11029368035224,480.8461371104168
164,8.506664276123047,752.8485698295457,784.7214452300618
165,0.3273073732852936,365.6079272424655,354.43006808969676
166,1.7127101421356201,635.982199253901,644.5192658153906
167,18.717222213745117,1157.2720115307836,1202.7325871234607
168,20.03147315979004,1243.3864448665329,1303.06897709985
169,7.083949565887451,485.3877147498299,476.3654463887749
170,8.609563827514648,546.348738754712,523.8127206089703
171,12.416794776916504,1007.5396105320547,978.3069218618157
172,14.35860824584961,1091.7972728022107,1074.2241483961498
173,9.46139907836914,735.0363264703286,712.6448542177243
174,9.610267639160156,739.1638894413231,725.2892563192611
175,11.237066268920898,931.9845308552751,933.3415173149015
176,8.244869232177734,742.434866086174,753.4883407597043
177,8.563074111938477,766.109476237376,803.3392206519637
178,8.373119354248047,695.0655481760061,717.8151756299814
179,10.082915306091309,674.2472520859837,708.7607010818433
180,8.813606262207031,515.7666924599605,519.6830734383005
181,5.21008825302124,610.7146397961676,635.6958559625474
182,5.484433650970459,740.0711510147925,779.5848557236998
183,8.23155403137207,569.3648589851302,560.2980220140005
184,7.531494140625,495.59139862194786,482.56853873584816
185,13.917112350463867,631.9574667883552,630.2205153699335
186,17.91652488708496,673.0917597211896,657.8558787200643
187,7.87121057510376,687.235175370915,653.429072118769
188,9.592536926269531,956.8297540142696,944.7379663003969
189,13.154916763305664,1241.8062002209774,1347.5292837077848
190,22.62228775024414,1962.836397320067,2148.8742599289526
191,7.8802361488342285,563.4822249708867,567.4338685038665
192,7.783597469329834,515.3432460694721,527.9923820430021
193,7.750341415405273,720.215302897274,707.5383337089037
194,7.62419319152832,720.6882057813247,703.5708622598465
195,14.513986587524414,1413.5002353280056,1475.405476863862
196,8.316301345825195,671.9211763311195,691.1327286576612
198,11.922791481018066,675.4870467249536,698.5860923793776
199,10.575887680053711,576.8318633011531,583.4598643041942
200,16.205284118652344,1140.5992686728,1229.799073771981
201,8.285173416137695,502.45690431341603,502.5728287404755
202,7.529766082763672,422.10635506861803,416.71636784759954
203,5.258404731750488,502.0774411314961,490.2572540495361
204,5.097691535949707,382.6332920037195,384.13003621999
206,14.805379867553711,1254.0815655446245,1224.1027570921558
207,0.7579042911529541,378.8569223304118,386.07045125256155
208,9.01057243347168,1395.3753824914063,1479.4305040738027
209,8.693439483642578,737.1157661954799,714.9242871218429
210,9.275374412536621,741.96585043952,723.8616588997126
211,12.73557186126709,949.3579128948878,983.0159542032542
212,11.585323333740234,886.3514323510344,918.5604946410524
213,14.873857498168945,930.3763365856448,940.0155759903447
214,17.552223205566406,976.4801633748235,980.179544296781
215,9.072105407714844,544.2636359776213,552.9810150974059
216,13.273268699645996,1166.516063519609,1180.3269715052945
217,15.300447463989258,1071.8019977490876,1069.4543915196787
218,5.989102363586426,366.21073689188177,366.2867643814799
219,6.49526309967041,393.32364908851366,385.7575068809184
220,10.978222846984863,600.1716279304437,576.5217002607438
221,8.0127534866333,491.8177074590237,471.5307949777952
222,18.86794662475586,2520.978748082275,2498.3496858558665
223,18.357017517089844,2528.2292991819545,2511.6554750496
225,12.502982139587402,881.9601429890969,936.9777830599257
226,14.067283630371094,1140.5471630528632,1117.5371685906384
227,15.455079078674316,1407.7228507660964,1383.151769598075
228,16.487916946411133,1074.3906555740336,1175.97353241933
229,7.886928081512451,881.9927900928562,904.076723138682
231,15.812544822692871,1566.4318609922234,1614.8050968738128
232,33.61765670776367,3265.314991676445,3529.3393656773374
233,4.4979987144470215,204.14445605188064,203.0406456135739
234,4.732582092285156,247.79904366040682,241.84651910031351
235,4.620173931121826,700.5274742782086,697.3694162123099
236,10.737611770629883,978.244009852953,942.1900846949446
237,12.155415534973145,1096.4898039459833,1047.6124775057785
238,6.071785926818848,800.8138085881898,784.6689285737269
240,10.972481727600098,1286.3453686988064,1292.6748994727643
242,14.062283515930176,656.2484036854851,628.9755368249511
243,14.896657943725586,719.8547888413697,714.6792686596636
244,9.709083557128906,577.4785709992818,586.8743633761825
245,8.66087532043457,935.6390368419309,970.4295413990956
246,19.525371551513672,1323.5376505515164,1406.9423431877092
247,15.06032943725586,1080.1196367194616,1180.0713187057397
248,18.84317398071289,1157.9123049649543,1146.9342808811589
249,14.548820495605469,1149.8906453923048,1143.7710918071662
251,9.565620422363281,491.1257195016431,497.19885960285114
252,11.937471389770508,976.6472765513447,947.7324698341357
253,11.557180404663086,1080.430320783974,1052.0200119611827
254,9.078584671020508,559.5407846247704,581.7507172364851
255,11.141459465026855,761.3320470586439,805.2859586030087
256,23.37454605102539,1291.03897596721,1270.0390931346997
257,24.892047882080078,1234.723940419712,1238.6347333736346
258,8.301116943359375,996.8969687998216,981.0587877799503
259,9.038551330566406,1073.7389339310184,1066.9787483497992
260,15.04460334777832,1077.5203036010594,1080.2239448117687
261,19.52585220336914,1171.0632941015315,1192.9497494984819
262,6.883444786071777,772.6752092862957,776.2117693565355
263,7.878453254699707,795.0002818657576,821.8649615691087
264,10.196510314941406,833.0701822841401,862.1020337634658
265,8.463766098022461,732.1770551407438,734.4872489861228
267,9.686225891113281,453.1741403084494,463.4126006412997
268,15.500639915466309,1111.3470431244323,1165.585367328384
269,13.43096923828125,965.2807141080267,998.9377304654979
270,16.63619613647461,1227.9514379758725,1288.0700712385838
271,13.698235511779785,971.5198241407485,1018.7014542754334
272,13.909830093383789,1281.9529351948781,1398.6387975114362
273,23.785131454467773,2069.51185403673,2259.3833694690934
274,4.937000751495361,403.14635272503546,405.66694541335715
275,5.411996364593506,320.0650893378566,305.34820023380837
277,11.291736602783203,1378.1144831066747,1377.1990131639461
278,8.781797409057617,709.3196892837861,718.351006667164
279,8.861541748046875,661.9320025430461,650.8518226889867
280,14.128849029541016,992.7578094421135,1023.4079705852107
281,18.521350860595703,1400.2143331877203,1438.995407940992
282,6.263800144195557,834.9859366125748,842.3310431625426
283,6.372814655303955,893.2861120431555,898.0315040346021
284,6.59003210067749,564.336324693701,562.7541902308486
286,6.169950485229492,896.3678665959397,868.7511451221644
287,6.660459518432617,901.5213723953897,874.0041735614519
288,12.140029907226562,1003.3885779074781,1054.2669177001787
289,11.161201477050781,875.6273944179455,921.8622422404777
290,10.90927791595459,1255.2301219121155,1270.4156916320794
291,7.839610576629639,803.2164603569437,822.4800302856391
292,11.109831809997559,820.0000297185513,854.3171354686551
293,9.526982307434082,693.2317760345869,701.9424263109614
294,12.943290710449219,875.1432696887612,876.1136843046463
295,12.08018684387207,744.9160508932698,755.1750738675756
296,12.323630332946777,821.3210583176688,821.8816301520689
297,11.513625144958496,716.2263497337465,729.7322624074885
298,4.245598793029785,543.0226022043721,526.5931088923529
299,8.470184326171875,896.6461230459425,926.5743024715762
300,9.938770294189453,957.8181681078469,966.3244917297607
301,6.047947406768799,426.6009086031188,409.4445756737241
302,6.640893936157227,593.3129473406519,588.5834988889465
303,11.172929763793945,731.2115391229299,713.6876676963818
305,11.987848281860352,753.4949875509922,754.9936649942911
306,11.096382141113281,686.8060107090739,702.817879245458
307,18.187532424926758,1292.2639729451384,1351.7286503987843
308,21.34506607055664,1278.7991373587765,1310.2449835005998
309,12.358915328979492,1178.4977588829615,1216.3963750117175
310,12.607223510742188,1304.7028198865548,1369.267320217576
311,18.046436309814453,1099.0711381752749,1117.0705060071161
312,14.437322616577148,1045.238609893513,1047.3021453539218
314,17.92554473876953,1182.3906069025134,1142.580491330724
315,12.723967552185059,981.754797230135,1022.0618355088603
316,19.211196899414062,1518.6614262337282,1626.7271372968994
317,15.014863014221191,1231.1694411989026,1190.210941613608
318,14.953826904296875,1413.0549777618276,1334.0676001722654
320,16.583654403686523,661.7652757259732,674.9875385859042
321,18.989952087402344,786.5042361560694,816.6538630726357
325,10.242437362670898,728.9459579378474,709.9971673667701
326,13.062691688537598,1122.102085205295,1145.5765378450494
328,16.112022399902344,1348.1552097253311,1342.698900566048
329,16.758119583129883,1271.1615978422233,1260.9726975827255
330,16.217050552368164,1171.807414241938,1145.4949949269114
331,16.571121215820312,1226.159101538757,1215.5947573562673
332,20.25645637512207,1469.3010242940159,1505.4698093130303
333,10.430496215820312,926.7306991171085,904.2020914451716
334,9.81059455871582,910.6407910476356,882.8379855435735
335,30.191659927368164,2151.605276585557,2298.232747913335
336,7.0034894943237305,883.2570156425422,930.5337379601672
337,12.407124519348145,830.5530383084148,831.345582631363
338,8.725845336914062,757.016388267346,746.6582325767706
339,21.303890228271484,1528.6019812500265,1571.3409199268644
340,17.086902618408203,1264.7701444064912,1281.0325148122588
341,12.568999290466309,1133.922419587826,1099.2333393347221
342,11.574533462524414,1180.7969383631846,1116.2641815421418
343,9.251708984375,1680.6763957248,1601.8755741618647
345,9.810239791870117,879.6429594273027,836.9895854107268
346,8.605646133422852,811.7894330376924,754.3359237420058
347,17.003021240234375,1545.2083144071967,1503.8781020127649
348,12.976836204528809,905.6536906771349,878.685711586011
349,18.992761611938477,1110.3601395353503,1132.9853590307416
350,15.19670295715332,1090.528470409169,1092.4618163367215
351,12.091329574584961,810.0590959372422,807.6703326834844
352,11.142581939697266,717.2821193934814,728.8209261033068
353,22.74643325805664,1685.7486866636348,1663.912786743615
354,19.02284049987793,1673.827346360281,1624.087044957502
355,9.992709159851074,775.1252542932482,742.387527807776
356,7.824283599853516,579.0264054085599,541.4028230031508
357,17.242084503173828,1176.0027143748168,1144.2949316989877
358,16.505849838256836,1214.4340864365238,1180.5350924189713
359,7.078457832336426,1187.2123671587256,1199.5282525577554
360,11.00253677368164,1569.1561353864752,1644.2613202723294
361,9.578773498535156,1957.6495484622526,1904.3415631387136
362,10.320159912109375,1980.5960904632434,1933.753962543652
363,9.26072883605957,827.1816928210271,839.2653495033596
364,11.110587120056152,939.5475782992194,957.6780520079952
365,14.39763355255127,1220.6058087869721,1187.5461012626643
366,17.20322036743164,1580.9709701267004,1502.4172672042423
367,6.331334114074707,492.11770899531945,487.07799330314043
368,5.644594192504883,352.12969638757994,346.110826165408
369,8.373040199279785,867.0662899582754,850.5642028090376
370,7.894559860229492,872.7248950744097,853.5213160255086
371,19.020870208740234,973.6038271222034,974.4199688292307
372,15.03513240814209,1066.7491598260751,1067.6519600073575
373,25.78914451599121,1674.1780800778643,1744.8219745555662
374,20.69101905822754,1590.185623998302,1581.234186711951
375,16.462627410888672,1171.9133152563963,1149.747910285868
376,16.443876266479492,1229.956869769404,1217.725478709825
377,15.810253143310547,1265.265079917836,1257.2835603131252
378,15.229084968566895,1196.946862588277,1173.1239680145131
379,12.04641342163086,817.3867334749082,835.569746221033
381,7.393813610076904,534.9458565425632,520.9937681379524
382,9.005348205566406,828.3606014839279,817.6864591432909
383,10.250109672546387,1222.1912453349478,1297.739340949645
384,9.059832572937012,1036.8477575413895,1084.5425509064044
385,5.729303359985352,573.1177587281643,545.1416434853094
386,9.086982727050781,762.7166856149056,747.5843320048441
387,10.26193618774414,769.0931707254977,760.8571033079089
388,14.696805953979492,658.8573991166237,685.7722924990328
389,14.954368591308594,695.8064458841154,726.6834754737848
392,18.266738891601562,1648.311580752173,1690.9628016715033
393,18.005586624145508,1490.905187586573,1518.3935783226282
394,5.48197078704834,942.4546455357055,929.9015646918878
395,4.856015682220459,889.7137424072217,869.4847768298998
396,10.285233497619629,970.8883761642339,1016.0990749843874
397,15.763448715209961,1134.1679300232695,1109.111352907151
398,16.17285919189453,1248.8226135591467,1235.4582231525849
399,15.7481050491333,1273.7951854392318,1267.1720725209598
400,15.814311981201172,1165.8529741832729,1143.676390551251
401,14.795867919921875,819.1534980934592,827.9979712949946
402,17.430023193359375,1061.0471759665008,1080.3292510105136
403,13.712074279785156,842.8153805718582,842.1128675818298
404,12.52315902709961,697.5209644085612,712.0580496682967
405,16.10639190673828,1139.4991140032855,1120.6886201642105
407,15.383183479309082,1238.670556679718,1234.92006921769
408,15.695985794067383,1136.1508627847227,1109.8609968166381
409,11.210746765136719,1336.9226993376024,1320.0360776264029
410,10.199100494384766,1165.0128926208754,1151.672833778911
411,10.272361755371094,1155.6964370578905,1138.3875914829275
412,11.226527214050293,1348.9128882643358,1335.4810508627102
413,7.627593994140625,744.5987281063489,725.9059123044144
414,8.612857818603516,754.8619229959725,735.7997447019699
415,7.862171649932861,768.6827019881763,774.0814543124476
416,3.2263424396514893,533.4436161553466,549.461746224555
417,6.847930908203125,896.4102080526757,933.7065639324117
418,24.005287170410156,1252.7952935049912,1263.0652450398575
419,20.46257209777832,1195.861869795938,1193.8657776179352
420,27.730989456176758,1609.0726033870092,1680.8787922976483
421,21.565818786621094,1550.9323887508488,1564.5384837978472
422,28.590421676635742,1603.9049786651137,1705.2789844942536
423,23.8504695892334,1494.8772536408485,1546.699364525946
424,10.603120803833008,812.1616703505988,814.2381952595267
426,19.63727569580078,1348.5369224253036,1392.5612556917563
429,15.538036346435547,1128.624598763792,1101.4411593351235
430,10.15145206451416,1029.7046551173198,1083.6041668444445
431,11.099888801574707,733.5902783797662,749.0925924921688
432,14.291229248046875,884.2648219693791,931.8764158048629
433,28.926517486572266,2078.7470145394914,2207.859462006403
434,16.68511962890625,1296.602391431465,1244.671094909849
435,15.02242660522461,1308.9000801772543,1267.5233187917036
436,9.070245742797852,762.4701417590788,721.2082628334525
437,12.261175155639648,1095.4199431542897,1040.9196195831491
438,7.10685920715332,799.8384448121051,847.2025766052018
439,14.251327514648438,1054.8890400262503,1094.3313851003013
440,13.646766662597656,989.432124995275,1003.2362421006821
441,9.756056785583496,695.7555190135535,724.0497366018811
442,11.826921463012695,1012.7375389623148,1041.2129302001836
443,6.652665138244629,775.7472905856038,775.4531858586986
444,6.404097557067871,907.3029035462669,950.3522513928561
445,6.945140838623047,426.84114650227457,412.1163054702155
446,7.49836540222168,460.7012062465322,439.2495599587477
448,20.45279312133789,1071.5813013222735,1104.6075002788698
449,15.670108795166016,1075.4671867064853,1117.3696450673049
450,16.87958335876465,1179.4983872995324,1207.5711821407533
452,18.948955535888672,906.5791763408637,936.7725540351258
453,14.537418365478516,1093.1362018275738,1088.8618233984064
454,15.040172576904297,1066.3080536939506,1076.9266726754838
455,7.791337490081787,480.3538537121406,497.26015477335096
456,12.60139274597168,1194.622994776499,1248.9707563972459
458,8.057607650756836,828.9699098484306,836.0955156513564
459,11.595083236694336,918.7119651969816,954.9172305526656
460,9.497047424316406,718.6812284876086,724.5072393713563
461,12.495835304260254,1286.7389629488068,1257.7612612828912
462,15.101893424987793,1632.5769447870405,1580.755390371938
463,11.771223068237305,1051.8688073044898,1084.983849379013
464,11.158543586730957,984.7410264917926,1010.6464121771477
466,17.746856689453125,1013.7244088779747,981.7689679384514
467,21.23284339904785,1165.001843642351,1166.1209466199357
468,19.803234100341797,1130.6217707085882,1151.4338491645285
469,9.000225067138672,776.9102738056345,724.0911101040456
470,10.234271049499512,935.0337842751566,876.2318528525266
473,14.26308822631836,1324.4408219371924,1270.6750853033136
474,13.770075798034668,1211.8117555074075,1177.1268892767657
476,19.72362518310547,1735.9167013558426,1644.5072192209545
477,7.607944011688232,646.2292520506504,637.947363700357
478,7.646028518676758,549.8472350164686,528.770255538298
479,15.51191520690918,938.5996195061026,1023.8537148254977
480,15.085983276367188,885.4346257116099,909.4327119694351
481,15.066051483154297,836.1366577935523,841.2057171896905
482,11.844182968139648,771.0423823632251,787.2781053565047
483,16.124622344970703,1196.7027410997125,1243.5068160860412
484,12.560710906982422,908.9984944294098,940.3083275762845
485,10.826387405395508,952.2796732093233,995.1270871522262
486,9.323790550231934,931.2410746978661,967.3201296413446
487,35.68381118774414,2056.5527066760524,2194.866092538523
488,25.01727294921875,1569.2675546834432,1658.3589503254138
489,8.78156852722168,639.1257553547584,632.720920443159
490,6.579586029052734,420.0125250206828,426.20122890151293
491,35.599918365478516,1795.103430829767,1832.9833111349703
495,7.7978644371032715,693.8876550617279,684.6752261348861
496,14.287431716918945,991.3537306948268,1016.5291723552075
497,11.983405113220215,872.9599485581072,908.4242852464541
499,6.877378463745117,696.4909469291059,729.9444952401668
500,18.927093505859375,634.7564001722327,655.7844381489423
501,20.813016891479492,701.9195560141883,736.3652280252522
502,2.4312736988067627,467.14181168555194,485.4846342048244
503,16.757104873657227,1830.7358469392882,1951.8196868188793
504,11.3703031539917,767.908142158027,780.8391817713017
505,13.164888381958008,858.0831993173148,876.2133922929221
506,7.0479230880737305,678.770144556201,688.126544327274
507,8.609821319580078,916.1765565871642,949.7658724729189
508,12.922708511352539,826.7686455126529,843.6739671313505
509,14.756074905395508,1050.4894986993122,1097.1620409437537
510,13.066575050354004,922.138575116041,958.2281428965282
511,14.989633560180664,1101.0371791539562,1142.8354758049084
512,8.833548545837402,726.3010191867677,723.258094475409
513,6.879828453063965,515.5294641548778,519.6647242527773
514,9.150253295898438,743.8544827348059,727.5251739062186
515,9.602812767028809,842.7252292573743,849.8869854938806
516,13.015420913696289,1180.7641105634991,1164.0562846219696
517,13.602814674377441,1223.7819066743184,1175.7703783756701
518,14.971896171569824,1246.191160021386,1202.1056850732548
519,19.461563110351562,1164.8855884933087,1189.4867128478288
520,22.963199615478516,1215.0598293655778,1229.107894871891
521,9.586076736450195,753.6824332263683,754.1488155400635
522,8.132930755615234,610.6681248000109,607.0622840639611
523,21.18938446044922,1547.001612436366,1537.3613694526566
524,14.284713745117188,1143.2271696475877,1122.4768639721096
525,14.743690490722656,1155.761049376402,1133.410941649176
526,15.123676300048828,1251.6293997105665,1241.4972606780987
527,15.128094673156738,1251.5596124231852,1241.9689858362308
528,14.798215866088867,1162.1863067760044,1138.797534757529
529,16.725975036621094,639.34547748687,631.0792038972899
530,19.269187927246094,798.9739528069899,788.8217295229178
531,7.425243377685547,484.87309474927645,494.0625876822622
532,10.10775375366211,805.9961845047256,836.8127907337855
533,1.5558688640594482,623.644620662382,617.110654677789
534,2.174081563949585,627.5851030929219,618.9814663959781
535,11.814949989318848,680.077783777192,650.7948008664931
536,11.625185012817383,661.948650896799,640.431101525679
537,5.844524383544922,651.3617354524221,642.696499568567
538,8.43093490600586,845.5149342127195,837.4854121797098
539,26.51608657836914,1996.6431014440652,2046.0192363008805
540,12.646414756774902,1189.5883253251018,1249.1397530150712
541,11.4239501953125,1128.8578544111992,1183.047338704636
542,25.838478088378906,913.1009827867189,938.1703222954816
543,26.315568923950195,896.603717736654,934.2138313771961
544,21.290447235107422,1505.0795851485034,1531.6441338958375
545,17.45071792602539,1248.0909150728166,1225.427375386338
546,12.64929485321045,1151.8921851770854,1136.9597772983157
547,14.086841583251953,1066.8736712802665,1055.8589267822479
548,26.243885040283203,1077.484044349269,1095.5666308407133
549,25.657012939453125,1036.7838476813224,1069.0427591040661
550,16.83939552307129,1111.7983500386506,1128.3215580073872
551,16.780080795288086,1062.9712166666352,1092.0175180864853
552,8.682540893554688,1236.668344015958,1156.1725417062712
553,13.395387649536133,1582.0095289753522,1556.2119694992487
554,9.200356483459473,1009.7099048698112,1035.7454234735028
555,13.004093170166016,1015.388943148163,1060.5398701110273
557,15.579468727111816,1194.699691747912,1177.7706690586244
559,15.543642044067383,1225.7479557574632,1211.1092155259967
560,15.275808334350586,1186.8054640483647,1163.6306444520555
561,21.21670913696289,1737.8498534411856,1718.7647564661113
562,21.033775329589844,1996.0910163918777,1957.9262543257119
564,12.211498260498047,1092.2930060383903,1125.7387552892906
565,7.64224100112915,759.5733679057189,745.2629339840572
566,7.79438591003418,821.8569039234263,799.2404951646029
567,15.98846435546875,894.7801340969448,945.6418206177536
569,11.90330696105957,856.9240295982983,892.898238798856
570,14.475597381591797,935.5643733336245,958.5670860862631
571,28.098676681518555,1827.8837597068716,1901.2796077568814
572,21.545000076293945,1696.8523255272387,1736.1029333365004
573,14.881752014160156,865.1410586834252,844.7131930820937
574,14.539362907409668,923.9781036697342,887.0281042736269
575,10.863247871398926,1012.9382988603711,939.6582450733251
576,10.338790893554688,924.5295312371672,867.2443972361717
577,11.09245777130127,886.761861887345,960.6200856963977
578,6.757796287536621,465.17738151627805,473.36679955988905
579,20.638286590576172,1421.8989783992313,1526.8607207679177
580,17.489259719848633,1121.4499066524866,1159.9582338521118
582,10.144515991210938,795.1819239442827,823.5989373229412
583,17.996305465698242,1182.6747096131494,1198.4909887402857
584,16.457857131958008,920.231557509728,945.218961829449
585,11.60026741027832,1250.4733602768838,1210.0372333119774
586,13.449067115783691,1620.3659207688336,1615.8792012513047
587,10.779905319213867,905.3091719517894,907.463163512124
588,10.782116889953613,866.9117478392124,854.1184826451902
589,15.100397109985352,1244.773821472581,1276.6746282283602
590,14.133132934570312,1174.3683510283922,1193.6177046201421
591,6.658690452575684,757.4446567495108,787.5629985820758
592,10.587172508239746,1106.4797565014733,1167.8823635828971
593,9.578557014465332,1076.4326188461264,1136.6857978950263
594,12.696354866027832,1014.4587902340886,1054.3129194317203
595,16.407522201538086,1384.9170975596976,1453.8743687950082
596,35.99656295776367,1779.608924445556,1857.7662380782674
597,35.228572845458984,1805.7226316940796,1866.470012702701
598,6.116287708282471,781.3661157585374,794.8026194953574
599,6.696849822998047,894.8406159538534,903.3842054265269
600,17.836423873901367,1564.1604784752392,1548.932623586843
602,18.740177154541016,925.6959306481617,930.397151861732
603,16.928590774536133,917.9447636823891,948.2632427655547
604,11.354244232177734,907.7564615027691,915.3776001100152
605,13.213188171386719,1213.5339367395106,1231.9190528263293
606,17.95619010925293,884.2251449105431,854.8683029279305
607,17.360177993774414,840.1833763372431,806.3791962517304
608,22.29443359375,1521.0296268002712,1640.8230667344917
609,17.248964309692383,1192.2720837469114,1256.9057729664744
610,5.741664886474609,358.02046223194725,362.9323372722232
612,11.61036491394043,1204.0079354984575,1267.2024851925498
613,10.31092357635498,1196.1216408165299,1259.5133351317409
614,19.739459991455078,1553.4864605542825,1610.3453604309636
615,13.218412399291992,1247.1399919361013,1255.1011468721047
616,16.666324615478516,1036.494544265092,1023.2121734242914
617,24.655092239379883,1464.3616866456518,1510.648956467851
618,5.7945051193237305,524.3160829821047,535.9056503675073
619,13.032983779907227,1008.9756143225699,1057.338674871274
620,16.406471252441406,1339.9289873322596,1402.3701656559238
621,7.014233589172363,565.1011720227864,542.3847340898506
622,6.4366774559021,523.2190917684194,501.12449549309747
623,6.91610860824585,670.377228168429,631.1135861494897
624,7.810454368591309,772.9648604439885,730.3060514749983
625,17.259044647216797,748.178691998832,733.3695038849377
627,6.027169227600098,405.7848753559524,397.09287446886793
628,5.726529121398926,409.6300508632983,398.59124396076487
629,7.8577704429626465,521.8345673802088,516.4350015779104
630,7.810521125793457,494.00022503229565,501.84757174704
632,16.256755828857422,1224.8970415224912,1162.0034947164052
634,16.514450073242188,1398.4727225712652,1451.5579269293253
635,21.155048370361328,1446.7632791768258,1441.2911571550164
636,25.12596321105957,1377.5046266213647,1374.953837994951
637,7.466917037963867,593.3796718975655,598.9733431972285
638,9.006734848022461,756.541329810366,750.990296146782
639,20.461994171142578,1513.9280190566421,1560.317078591593
640,26.810394287109375,1684.9142779207039,1750.3429767155951
641,15.842927932739258,1010.388223693686,1058.5591763570758
642,10.678487777709961,881.06725783467,836.3611601910508
643,11.26340103149414,941.2723572887229,896.9847982247305
644,6.670150279998779,657.8363579444401,683.5311659659598
646,9.301772117614746,887.5871594234045,891.4247377616366
647,6.780830383300781,823.1704511355281,868.7232604280749
648,29.69169807434082,1565.734860176119,1556.4684926777522
649,32.30233383178711,1541.257207094784,1567.8914109341665
650,18.549312591552734,1261.6132518844179,1220.6983590728084
651,22.816165924072266,1328.629361549577,1303.8018452464348
653,16.453060150146484,818.6767391033037,820.366014958044
654,9.00788402557373,480.25137857137696,477.21199435464433
655,8.72159194946289,871.4594035287564,842.4797240390874
656,8.048039436340332,643.4385218616034,644.4111383052569
657,7.062570095062256,671.1667992240505,679.5419355346138
658,8.859670639038086,985.0363970440843,1021.3695266825389
659,23.633453369140625,1422.1073546639905,1415.6046692040716
660,24.806686401367188,1513.0923686417564,1505.1534508226514
661,9.116655349731445,704.6246094430924,687.3837088958549
662,8.836997985839844,795.5753175518032,798.9406826447048
663,14.259283065795898,972.7202835126701,954.0447944255728
664,17.722789764404297,934.1748629437346,926.1629042865496
665,16.262588500976562,1508.2122879496217,1520.1419914999358
666,20.295400619506836,1338.319992001203,1356.1495546712144
667,16.72170639038086,637.4455391309064,656.3415073139043
668,18.461151123046875,736.5708859734076,771.0959058713003
670,17.16151237487793,1030.3262190665828,1051.2482339880944
671,15.959453582763672,1139.2361151216737,1150.1639010497697
672,17.754404067993164,1269.0139108328963,1295.5112933397982
673,15.320137023925781,1414.1080001514458,1375.18544167777
674,14.121646881103516,1265.5240379480795,1233.7412735761131
675,11.982402801513672,984.681852585605,1003.7541140995895
677,12.294844627380371,1022.6809514441749,1073.3741586942626
678,12.26295280456543,960.5886166548398,1000.6075297365495
679,22.84659194946289,1266.2402331478352,1295.5186187936433
680,26.551502227783203,1222.500987106185,1242.3593556004023
681,14.272083282470703,840.798628137941,890.1338258950328
682,16.16501235961914,1075.95540682372,1158.921127813637
683,12.832597732543945,908.234822930159,894.3915354572524
684,11.763769149780273,918.4490457728103,906.5726908659452
685,17.87874412536621,692.9081167652721,665.4278453434752
686,20.233604431152344,869.7659871653684,863.804463481313
687,15.462383270263672,834.1574147362938,859.2697975082849
688,14.371328353881836,808.7662911177462,830.4704370438216
689,19.461654663085938,1654.3024934668267,1600.4934281033375
690,21.91105842590332,1696.8121544429202,1673.1254714569993
691,23.21648597717285,1523.895144907557,1558.9686299785649
693,9.82413101196289,1010.6975539301039,995.2556837093863
694,9.495619773864746,1015.9807838274277,998.4965277093187
695,28.55844497680664,1396.347016612306,1408.6102243310118
696,22.640060424804688,1361.3894090035565,1328.532606595065
697,16.415754318237305,2135.792336969153,2274.023550931356
698,8.740326881408691,1019.9583231764811,1046.7945461579225
699,10.157448768615723,1003.2917343659228,993.7956208770107
700,9.74307918548584,919.0349538208131,931.2108812232289
701,11.278074264526367,1005.4341380563493,1015.7710410650399
702,22.0374755859375,1015.3735346518473,1048.116912309692
703,19.052162170410156,1079.5987427314697,1118.9333424537047
704,11.875822067260742,1003.2333344069256,970.3534622803127
705,12.291621208190918,1101.8089633856273,1047.971469513362
706,19.32720375061035,1875.4920568625155,1918.3988080398417
707,17.93042755126953,2258.719482515091,2420.5115619448593
708,6.003747940063477,892.7200253786984,915.2361575458968
709,9.110644340515137,877.3188974713499,900.6752381215146
710,34.00299835205078,1852.9604195103439,1917.0752276484593
711,26.849836349487305,1851.459458543023,1885.560690957566
712,6.128599166870117,401.95955480751616,385.4811182335572
713,5.443857192993164,396.2256563999364,380.63287403409464
714,9.649937629699707,755.6030672114148,771.0556666379446
715,8.17297649383545,641.7853570093373,671.0898740095001
717,17.9539852142334,1043.99682551675,1054.942438423688
718,9.85737133026123,1075.8792657678412,1070.258706951473
720,10.096517562866211,926.6382890070163,929.7775528791611
721,10.807605743408203,880.8266531380124,865.9168721366624
723,13.762126922607422,1080.8061434894325,1088.1865572859738
724,14.63843059539795,1340.9895367212055,1280.7261480436414
725,15.163045883178711,1287.8972095420563,1237.0913778883646
726,15.607063293457031,1436.9250841227793,1367.0607454210542
727,14.665968894958496,1200.4249767256285,1158.475538993087
728,6.582427978515625,721.2943778470662,721.2595657709753
729,6.613171100616455,696.6332421708182,715.8532604806722
730,29.664358139038086,1159.3910627593568,1200.384242428675
731,29.554447174072266,1017.5857662317844,1045.179189932157
732,14.143349647521973,896.6524476610056,890.1831181519282
733,18.03919792175293,892.5947157830547,870.3288526642068
734,18.977069854736328,739.8096491388761,715.0623507097544
735,20.383974075317383,697.1795861045358,695.1363944740689
736,25.579700469970703,1708.4731112787795,1770.2442586215393
737,32.62586975097656,1716.3010872137206,1803.7902771002748
738,17.065990447998047,910.4389772780229,1000.2137396698024
739,10.509765625,518.3064459054453,508.4859349062767
740,11.787834167480469,609.4103192796146,604.5975548312158
741,6.286225318908691,548.3526859738193,542.3960814059122
743,12.743264198303223,917.2684856914452,935.7302093252503
744,16.772197723388672,1365.440204593151,1407.5968078723386
745,15.353960990905762,1239.6821791491623,1263.535907750232
746,14.66775131225586,1164.1130935292256,1171.2427408357369
747,17.468021392822266,1153.7172110592153,1199.5859199317467
748,19.36870574951172,1279.6963165203488,1374.3044517983233
749,19.142040252685547,1638.4151220972828,1563.0389343650568
750,17.600082397460938,1505.9348850005188,1442.3676913716188
751,11.906648635864258,1232.0579119037016,1253.1610227024003
752,10.70610237121582,1109.3461046805014,1107.696159714838
753,10.214210510253906,850.1211490551188,840.8585869047733
754,12.088767051696777,774.4396515673465,775.3209663843617
755,21.927196502685547,774.615203894066,759.043431332728
756,25.710678100585938,800.3012940591038,806.8194635038162
757,9.50775146484375,815.9242268349975,843.0106315870539
758,12.374603271484375,1151.37830066795,1165.248006572523
759,11.077062606811523,1035.655707541593,1048.5168709177549
760,14.104360580444336,1319.19266264313,1333.4266776160428
761,16.544971466064453,951.9689770155368,936.6428988646973
762,20.266672134399414,900.944869961963,890.769644844667
764,18.35197639465332,1216.1612368236083,1241.066599729273
765,8.723113059997559,565.1996280248208,555.0545408603017
766,12.231748580932617,956.3301887928391,982.1006507807571
767,6.144020080566406,726.9762306324911,739.5043151461305
768,27.84200096130371,2036.2505409629014,2068.9082169273643
769,12.837671279907227,1174.6698834178007,1234.008087636121
771,14.648561477661133,660.0318380507833,638.4286645956925
772,15.075323104858398,654.5194889817963,642.0117532345423
773,24.788297653198242,1374.0558184156812,1490.193294763731
774,18.047286987304688,984.3007173196964,1021.0961542402139
776,14.265433311462402,964.1048541128442,984.527707313536
777,11.970951080322266,871.7425584007289,906.7979635099309
778,14.21513557434082,994.0817541374215,1022.0163346882279
779,14.95750617980957,951.9765451269277,919.0443326088537
781,13.086023330688477,962.8091050766556,990.5555211486036
782,13.865159034729004,1013.0165031532239,1040.8364448919042
783,12.36996078491211,1027.7213501967901,1024.9655555891823
784,13.600833892822266,1166.053011400687,1124.2970000675652
785,9.008416175842285,999.2616382710238,1014.7068230648875
786,9.365472793579102,746.288663916172,725.2577853222343
787,8.980716705322266,820.422806004383,816.4845696746313
788,12.283742904663086,962.9038850490299,969.0496725125663
789,17.624330520629883,659.0918639750528,640.2554996800719
790,19.86441993713379,836.7387231861027,832.2873297636756
791,17.467910766601562,600.2774817505167,575.2622615543169
792,19.63011932373047,773.7725705654192,770.7064164638186
793,9.485834121704102,597.3407561978148,610.9088257227828
794,21.10015106201172,737.0571417967045,757.9029903042418
796,12.116558074951172,1521.754916754506,1527.0626302568899
797,21.344608306884766,1282.9717120080252,1298.2171971177995
798,17.395166397094727,1285.8841419937173,1245.2435727969785
799,34.71643829345703,1607.7492854993345,1573.0953037015618
800,32.76633071899414,1573.0456710358264,1556.0236591131497
801,17.162944793701172,1475.0741744497557,1407.909685153762
802,23.9023494720459,1654.3726285527957,1570.2671714955732
803,24.300609588623047,1239.6055688724423,1294.5125978281003
804,20.839387893676758,1275.6022893413492,1315.2850937572762
806,20.234615325927734,1258.4779432870755,1321.6554153934474
807,14.392295837402344,902.8515741269796,915.6972668840936
808,15.146821975708008,840.1583374794535,854.9699934057835
809,20.81198501586914,1698.0108734528178,1694.3768904622332
810,14.850069046020508,1536.4094595034612,1566.1316318301908
811,8.545021057128906,879.9458178422028,859.5626087262331
812,9.32644271850586,892.0847207018912,896.3227777861626
813,18.695938110351562,726.6483917112049,711.1158369329536
814,17.473100662231445,680.1714220950291,660.277784918999
815,13.366897583007812,974.1543924519923,935.3813301422839
816,16.03273582458496,930.048318081961,899.2736436063808
818,12.68535327911377,630.5728982822177,626.1247076170258
819,10.984817504882812,837.8767869244235,874.870037675833
820,13.804590225219727,1051.413007315227,1137.697705617999
821,13.357542037963867,1168.65208822462,1214.7817602957145
822,11.654844284057617,1135.9726467901442,1189.5436723712833
823,17.100627899169922,786.6301799968251,792.7065434828345
824,21.940135955810547,988.9223705992115,1005.0063408620123
825,19.847471237182617,955.4767350915585,959.8671422400186
826,21.250526428222656,963.0857537113002,985.5580727546678
827,12.397222518920898,1171.154883769122,1171.6812957732654
829,22.825942993164062,1321.3554548220347,1387.1839232924392
830,21.204862594604492,1591.6678442649747,1586.474845019169
831,17.733564376831055,1414.7794225026844,1368.3093950392035
832,11.221580505371094,809.2187423475783,760.0615966740329
833,10.803316116333008,831.2633558307873,786.3566157587676
834,17.190155029296875,1591.9896838780414,1539.6423959687456
835,16.324134826660156,1654.463235322113,1600.1351533924765
836,18.944438934326172,1115.3857077482317,1113.9341848965769
837,23.763019561767578,1102.8825901461767,1089.8260383132128
838,12.369255065917969,769.5568486021714,783.6359289080996
839,15.861295700073242,1112.8222044221236,1189.60734120649
840,6.218898296356201,619.9049912091675,620.2962659612094
842,27.925996780395508,1404.0028811920886,1461.9111455205946
843,20.464664459228516,1527.8517096451355,1581.6393575260158
844,18.096694946289062,1398.1821530204513,1447.1896352546867
845,15.405763626098633,1303.0025331068214,1360.7718115748432
846,11.057148933410645,1324.16974868839,1277.5189530504574
847,12.657248497009277,1562.487488267208,1563.180676144685
848,13.962088584899902,1038.0432796193907,1081.8447830403127
849,15.354326248168945,1204.0981256370492,1244.871652896566
850,7.606081008911133,813.7271857374895,805.1248101879455
851,5.521142482757568,632.6000410659713,611.014251263945
852,20.68061065673828,1332.985034382429,1415.2231479302284
853,24.22442054748535,1274.2212374371836,1368.5249958956726
854,21.673934936523438,1349.448324770138,1434.753377938988
855,18.47516632080078,1037.688117045738,1074.6851904591224
856,17.431638717651367,1945.30078707986,2003.8553305301623
857,11.576183319091797,1040.3054551078276,1067.165379579997
858,10.753223419189453,996.1547358797472,1026.8044596237798
859,15.404040336608887,1380.216860841182,1455.3513018417036
860,13.934070587158203,1325.4413797664176,1393.3061902124764
861,17.628021240234375,954.1155936110038,940.1471671079839
862,21.804859161376953,902.403749254425,884.8701207132061
863,15.666749954223633,997.3001911940461,1021.8489014273106
864,18.556041717529297,1038.3595209751068,1064.2917205229405
865,14.950177192687988,610.2816324206767,604.1634139299028
866,18.200267791748047,832.4235721717464,855.0976481193521
868,13.873636245727539,1033.3031473739347,1067.5050009114225
870,22.348018646240234,1445.3121860495378,1495.469866890768
871,16.98588752746582,879.649443209402,884.8081516118043
872,6.037274360656738,596.816686212244,601.486559428512
873,21.677837371826172,1935.8861014394442,1893.0207464682178
874,25.190746307373047,1890.9069617962184,1845.0602303186702
876,28.39391326904297,1369.6717803805345,1422.6754714033473
877,11.023838996887207,1297.0391575042024,1374.744710663021
878,21.826194763183594,1326.9237930192764,1299.314977793587
879,25.67657470703125,1285.1747354602749,1259.104686468497
880,21.308048248291016,820.0470308856065,829.2304009939531
881,26.302242279052734,1130.2060890544756,1131.5944760601828
882,9.440720558166504,631.865689251271,628.5879268236448
883,9.119681358337402,658.1483362448338,656.741247371111
884,19.986473083496094,1363.0259170093186,1376.4299032652918
885,19.36784553527832,1328.26347652281,1325.0160176034242
886,18.97124671936035,1398.7541392655835,1403.5660463821423
887,19.970130920410156,1357.8079579500816,1372.6444426921569
888,16.15005874633789,972.419130014563,966.710499211621
890,11.959729194641113,953.3676371603356,914.5999828937548
891,10.749494552612305,922.287386183298,893.4515530183844
892,20.216320037841797,763.9548647842864,704.5833902190764
893,22.610061645507812,694.6042297819946,685.2106560493637
894,17.928661346435547,1597.276168292264,1661.6203344115418
895,16.144588470458984,1497.1043118698526,1510.9564873499846
896,12.163679122924805,1139.3403690931982,1122.6281508953484
897,16.3182430267334,1424.8119414650407,1407.0737229215044
898,19.711894989013672,711.2482072637549,693.9298209455021
899,23.97706413269043,963.8598845797858,975.6740322329978
900,13.747447967529297,958.2068224606088,986.4049843484021
901,17.531177520751953,1183.8007652190636,1218.3561419726839
902,15.884137153625488,1801.4455691082017,1934.291087027162
903,14.275483131408691,1746.206273872993,1876.5035354193544
904,12.718490600585938,636.865704137719,637.458824791249
905,13.160375595092773,693.1110563077048,683.2292215194948
906,17.651493072509766,680.2075375596248,649.5790254321015
907,19.932498931884766,861.834353566736,854.7293327597046
908,17.163082122802734,908.7596501850409,918.916901978006
909,19.36581039428711,1496.6209919995738,1533.6504983082696
910,28.121578216552734,1930.5343589852068,2039.2853272978443
911,20.736623764038086,1242.1103200206337,1311.4668151355106
912,24.801523208618164,1225.4632541719604,1297.1545915873262
914,15.956329345703125,1272.7514220226374,1227.1654950973127
915,13.684977531433105,1120.7514321125502,1127.0819688693234
916,14.672891616821289,1342.698921950807,1357.953060493768
917,11.894343376159668,880.3699969902414,887.0794589130536
918,11.753986358642578,799.9996796357511,805.3595028182613
919,24.046985626220703,1604.8109162434566,1643.654136798457
920,26.230716705322266,1332.9536337039058,1390.0366122020391
921,17.466636657714844,1111.1753382033844,1149.0979739463212
922,20.189727783203125,1412.021534425442,1523.2292698877932
923,14.174869537353516,1248.1767439871435,1320.7282217890229
925,19.761123657226562,747.3999972177095,753.1098712353358
926,22.7485408782959,917.3254504177705,936.9415696604258
927,15.695697784423828,817.5542305031837,795.9187344192866
928,12.579780578613281,799.1788456025002,788.9769867785818
929,30.949888229370117,1840.05154602898,1910.883684958746
930,20.966236114501953,1465.8037012323157,1582.3483597966965
931,14.145416259765625,938.9231626819562,904.8571532996315
932,25.220876693725586,1536.2723660341353,1572.3702733871357
933,13.333089828491211,1205.6737526973259,1243.2239339256882
934,17.224346160888672,1507.1522920349469,1567.3133893187196
935,9.91013240814209,1269.344167298486,1311.7035547788887
936,32.4571418762207,1385.820222014041,1459.1911209681575
937,29.427743911743164,1230.1773304425208,1286.8444051178758
938,28.834623336791992,1496.2194322663383,1570.6380309639371
939,26.916810989379883,1659.600769197294,1709.3333158173698
940,24.97850799560547,1535.1191700061827,1530.2027738665386
941,28.70928192138672,1578.0750706604283,1572.9876370129937
942,23.42564582824707,1435.6079322439018,1410.0868567132998
943,15.321369171142578,1156.064832434837,1105.154246587862
944,6.479733467102051,629.987486494126,625.7291107819365
945,9.089958190917969,833.7661043642705,833.6503724347564
946,19.16878890991211,3483.745425899166,3481.308130027583
947,16.555572509765625,3449.4469947477505,3449.8653764063633
948,15.421724319458008,1139.067075586558,1166.8628461156407
949,19.555421829223633,1324.8588889679177,1337.0087374477032
950,12.303627014160156,604.528045163352,612.1249696757334
951,11.98394775390625,562.4393747105825,567.027505477069
952,18.67646026611328,1149.8672776840963,1139.4597547898363
953,21.124528884887695,1257.3010543292894,1283.3088882877096
954,12.408297538757324,1446.9394072857524,1477.9212669905626
955,14.307666778564453,1294.01837353282,1285.2371454326903
956,18.72701644897461,1274.9893032128534,1218.076013547665
957,15.354612350463867,877.8084426342077,878.6885096755004
958,23.192947387695312,1560.378505048413,1633.3578635328001
959,20.9534854888916,1214.8429312896274,1240.6597498348763
961,24.600210189819336,1329.112425756942,1377.4680275656935
962,28.471824645996094,1285.5733705874209,1346.7522264946626
963,9.060277938842773,969.1649729902892,976.9219799425985
964,23.351757049560547,1748.8719100816197,1836.3636320815237
965,21.81793212890625,903.4079755708932,905.2657959014693
966,23.59468650817871,895.9353463981249,903.1702172963394
968,8.375408172607422,637.0700863667424,614.8792175234641
969,20.545976638793945,1553.101968210045,1648.7960922381992
970,24.116756439208984,1611.4624254221096,1691.8046421330766
971,20.752267837524414,1104.293572369341,1170.6784768771886
972,23.596038818359375,1161.7147843110936,1251.9647139169
973,7.927264213562012,460.58857156520895,470.1252522063449
974,6.59335994720459,378.9381870114608,372.743933275979
975,8.216636657714844,554.7373353626323,525.534329655304
976,8.190489768981934,492.1634303218285,469.90377899724325
977,24.12708282470703,939.5922170445718,935.8408365231878
978,28.879810333251953,1178.150516637539,1166.9226862372293
979,40.203922271728516,1518.465668199263,1596.7305119177158
980,32.16725540161133,1361.9244858291618,1385.903942893918
981,18.355674743652344,1244.7766832572713,1288.723483873462
982,17.246301651000977,877.2985107238123,898.7484572545254
983,23.150344848632812,1233.2590925737723,1285.8053865037027
985,29.627071380615234,1086.9234234532514,1125.2553462766978
986,37.97107696533203,1424.8613786025867,1434.8935371479904
987,32.14896011352539,1496.7735403528943,1460.6349562045814
988,11.0380220413208,1299.4770802389294,1362.362300511047
989,15.709056854248047,967.2702559090161,932.7247911065379
990,16.558685302734375,1016.1560149295238,954.9881793747613
991,39.122650146484375,1436.835374852306,1490.9727023159921
992,31.9561710357666,1355.0910152585077,1373.9538373062092
993,15.330554962158203,931.6481905363206,939.1792896170399
994,22.68374252319336,1313.1069789109936,1353.5375341072784
995,8.064983367919922,671.3770140742475,666.4736207915211
996,14.303741455078125,970.836948999232,1017.2385040875406
997,6.785123825073242,431.5177429439348,412.91613671075845
998,6.087508678436279,399.27982979846445,383.83669879312464
999,15.626302719116211,1440.5277557032305,1377.666385808063
1000,17.48357391357422,1417.7363060062557,1366.603096293022
1001,18.56365203857422,1350.8361680156347,1384.8091202456465
1002,19.071075439453125,1400.9605117995766,1433.0253990220556
1004,24.58649253845215,1375.373287279312,1427.4967813411513
1005,9.439979553222656,774.1568824470563,754.8446327808065
1006,11.461623191833496,891.825476033624,864.0648307761419
1007,21.452573776245117,1538.473146343915,1552.8010278074607
1008,20.309669494628906,1431.8190424571883,1446.1241109413172
1009,34.450523376464844,1467.6341238388015,1495.3972823679635
1010,32.64623260498047,1449.2189550764936,1510.7257325953153
1011,11.975007057189941,968.9941382974631,1016.692569200811
1012,17.549619674682617,1266.4855525120463,1359.2286987275781
1013,8.562684059143066,446.19132813498834,467.4797965595344
1014,8.210501670837402,371.4700655276212,378.45661511764615
1015,7.022471904754639,907.5370876844858,963.4350749312309
1016,28.175527572631836,2092.0179880305413,2238.9067050524604
1017,12.902704238891602,1113.2539828872013,1139.5800290458374
1018,21.51575469970703,1322.0490336190721,1297.2241358398262
1019,27.37020492553711,1351.6252932622192,1325.7104194835688
1020,11.577981948852539,1336.6502468291444,1395.9405974610822
1021,10.412331581115723,888.9709405827174,903.6998257371656
1023,7.300438404083252,770.474144408143,764.1288223712196
1024,32.2203483581543,1796.2684713516705,1882.7068285998807
1025,32.69648361206055,1728.7531852713437,1837.7565253498908
1026,33.81037139892578,1933.675038897432,1931.3193589792327
1027,37.795135498046875,1907.3019482654295,1875.6106267149644
1028,27.795339584350586,1594.4254222395302,1636.9596185862188
1029,30.209331512451172,1774.6333368606452,1780.8382125157511
1030,25.77814483642578,1763.677314712846,1818.6830911192662
1031,29.407508850097656,1710.9444692067154,1805.7649301393405
1032,13.59383773803711,1401.9655098723156,1434.7964260164247
1033,15.826807022094727,1434.5668388736126,1456.0344755585083
1034,4.171581268310547,333.65933667343165,319.66785487947817
1035,4.132865905761719,311.76375226477,301.03726676970535
1036,14.80759048461914,973.0851018158328,949.7113294146423
1037,14.85439682006836,965.873783867988,960.1076605906155
1038,7.20063591003418,906.1273140293737,928.804865327958
1039,28.791099548339844,1462.1620138832602,1434.468568816036
1040,27.27383804321289,1417.978976100192,1412.660425614658
1041,17.430891036987305,1003.5998739275055,1045.0202481926294
1043,20.703296661376953,699.9307977515338,732.2461765339997
1044,22.423192977905273,806.9252096833183,856.1189365475194
1046,19.290115356445312,736.4508028726311,757.6228277150199
1047,27.827301025390625,1637.7762872271244,1701.431738610909
1048,33.32732009887695,1642.3028660978653,1698.258360274276
1049,42.7092399597168,1703.538348783221,1749.3186812968931
1050,44.49959182739258,1672.1212600688661,1738.7660056936227
1051,30.952682495117188,1443.1862643381407,1435.27250580961
1052,31.128293991088867,1533.8245941039481,1530.5050016509422
1053,11.314512252807617,985.534703463564,994.934518974458
1054,10.078439712524414,774.645768340399,799.3697373814963
1055,16.38750457763672,1288.3792150074491,1234.0996712329097
1056,20.345237731933594,1257.7978205596207,1238.320292937129
1057,29.821720123291016,1106.0360048092236,1130.713425766187
1058,33.821929931640625,1162.1359267054434,1177.6631859928025
1059,20.940019607543945,2129.6274245423124,2199.9157469953757
1060,23.683406829833984,2289.6243560873195,2380.4983528127646
1061,15.213059425354004,623.9362487465331,648.7630279253439
1062,15.651710510253906,674.7939074606251,703.409521341317
1063,11.77217960357666,1226.8412785351607,1240.3928562764092
1065,13.750093460083008,1005.570147957475,1022.8204261529414
1067,9.288824081420898,812.3258669929386,834.4301359025368
1068,13.387727737426758,1042.5860003271785,1052.75948626885
1069,30.82192039489746,1375.9946061143617,1407.575296912126
1070,29.70895004272461,1403.7850246964217,1437.2705153472682
1071,15.356074333190918,1008.1551172720342,988.778366442441
1072,15.829015731811523,987.4470108134972,978.4050739897018
1074,30.52337646484375,1241.4659781860282,1304.469906212651
1076,12.240687370300293,987.7132059464454,994.1794968949763
1077,15.229204177856445,1030.1318280815087,1019.5134042287382
1078,30.025726318359375,1842.4851539030963,1843.7155154461598
1079,33.56209182739258,1805.413342106533,1796.6110861690452
1080,11.605143547058105,966.6903933268186,977.7576801177119
1081,17.085575103759766,1067.9627743486246,1101.6721521514896
1082,32.06992721557617,1941.9569532837422,1939.1143441650456
1083,25.184621810913086,1720.838685447802,1702.6361465045532
1084,11.574697494506836,812.995973636272,844.4549408325206
1086,28.16692352294922,930.5567503353565,906.9312513200383
1087,24.585826873779297,879.993656618305,842.4696666161763
1089,14.00278377532959,1490.799793302764,1541.3505572313068
1090,29.36073875427246,1030.9614477412272,1021.0725987774821
1091,31.06269645690918,1030.2618113766803,1035.062671959245
1092,20.95155143737793,1043.4729446492113,1063.7071652715067
1096,15.228656768798828,1196.162917647552,1209.2198546835266
1097,36.37679672241211,1295.4954184455435,1288.8035408996159
1098,34.40504837036133,1333.2746417591889,1323.9671539197454
1100,12.729219436645508,1326.6602919497084,1375.2571140053938
1101,5.202479839324951,604.1557966637981,593.3443494208116
1102,23.620235443115234,1791.6497469140102,1709.0817734441687
1103,22.051057815551758,1773.3473001818654,1700.8518393892466
1104,7.637185096740723,704.4339278000987,705.3849689924953
1105,7.038378715515137,654.5878696199278,674.2013253064594
1106,18.119441986083984,964.941144763195,1001.1009634132979
1107,15.777215957641602,957.629618395149,977.3992363289234
1108,23.121715545654297,1569.5609475604372,1743.11063805549
1109,16.687400817871094,1036.1793427170196,1068.8999478104838
1112,5.665726661682129,964.8407271895684,956.7472128925871
1113,7.445167541503906,973.3737492276995,963.4792443316262
1115,12.030763626098633,810.9960190000032,829.9162010321605
1116,14.683663368225098,1009.3215697371637,1083.3404246095113
1117,8.41514778137207,881.4367610908607,868.5154870555787
1118,9.970697402954102,962.1090144654164,965.197406673333
1119,6.658376216888428,640.2372394893888,639.1172177503131
1120,5.269845962524414,619.2974605363338,625.8739141957907
1121,6.939925193786621,906.688115780618,936.7498207309784
1123,7.023660182952881,1068.954927339101,1127.7455763554128
1124,8.951528549194336,1115.6137273712077,1170.2647724212904
1125,5.470913887023926,334.91159105172505,320.22919971706085
1126,11.486144065856934,1174.96372030607,1160.2967724888176
1127,8.279329299926758,974.968572067122,958.2766403768575
1128,4.882196426391602,316.506478342508,304.38233214884065
1129,5.198973178863525,337.7508294480496,337.69035296195267
1130,7.372058868408203,392.16318144621505,395.37373469409505
1132,12.256536483764648,504.47847753843934,507.02558004538866
1133,12.100177764892578,517.8051772893228,524.6984527302121
1134,12.23843765258789,1179.8432284251091,1248.698344792763
1135,9.258283615112305,805.1392247049239,832.9895871253567
1136,9.890869140625,540.80162831358,540.0583149792152
1137,10.112627029418945,555.0658688014936,559.2441190714726
1138,5.906102657318115,443.5350374533832,442.84894505013256
1139,6.847706317901611,507.5986510941357,503.16898313706616
1140,7.573563575744629,867.7755818489193,912.4989610239153
1141,3.0329127311706543,332.6334026592825,332.15698272955404
1142,6.332979679107666,558.8514903706666,594.5355370339544
1143,6.619948387145996,516.2921290620658,549.0118988941731
1144,8.631233215332031,631.934187561433,592.9093537422273
1145,13.59919548034668,1302.8092418786614,1239.0921986387746
1146,9.290260314941406,850.6438949062715,883.7749761119152
1147,8.171278953552246,766.3704552108347,777.5537673051343
1149,7.171922206878662,394.38301941541545,392.03818476182465
1150,9.236494064331055,570.1382474527989,569.9320794514102
1151,9.476078033447266,596.5059529034448,602.3441102783958
1153,3.2833335399627686,638.0718633436964,612.5237562901638
1154,10.433955192565918,957.9329963361146,932.3204713299265
1155,5.579589366912842,427.42466486663136,424.1353001987496
1156,9.677692413330078,598.0729818408248,586.7995842923788
1157,10.22244930267334,624.1177039424442,610.8538517791281
1158,4.486101150512695,334.91468733442275,330.11281407779074
1159,4.187251091003418,382.0999978024504,371.86294817854275
1160,9.217594146728516,825.0258360562565,849.2153840653872
1161,9.517104148864746,861.6727296828707,896.4086907911013
1162,22.61748504638672,1595.7583874806603,1719.4824409176597
1163,15.240583419799805,989.9323548070728,1013.7784164004065
1164,4.3276472091674805,715.9858137977428,709.5137524123787
1165,6.529505252838135,847.3270633919906,857.9582268609696
1166,11.387460708618164,902.9941432585875,940.9320792961414
1167,13.983532905578613,1231.0869653388622,1261.7996320749987
1168,9.815879821777344,892.7839557203852,872.0056598923122
1169,10.386034965515137,883.8239999563384,882.5912969806991
1170,18.93140983581543,684.4686348965766,710.852592519891
1171,19.940088272094727,760.1820742137771,796.5025219499161
1172,3.6231956481933594,266.4852069297754,260.3512063883655
1173,8.023969650268555,1373.2263333655912,1501.1255267981016
1174,12.559932708740234,1184.8263159583446,1153.5638710825556
1175,10.735774040222168,976.4796822198837,951.4438879042438
1176,16.99272918701172,1143.371820215882,1205.508990104034
1177,18.785442352294922,1344.8835050468542,1432.3680446278368
1178,8.332935333251953,372.6849375453664,363.4551172127093
1179,7.8357930183410645,473.45413686298843,489.47687282029483
1180,9.30485725402832,803.3353315667206,833.5410019298562
1181,12.374412536621094,1177.0047502191974,1254.645808748186
1182,8.186083793640137,699.0155091334528,726.6410442993604
1183,7.498589038848877,705.5659528018464,735.4433549839437
1184,12.240632057189941,862.0972547663166,831.7675196899007
1185,11.129339218139648,748.3032495648547,723.8969308873802
1186,9.504371643066406,586.26467912945,594.278354961452
1187,9.91502857208252,612.0863570465207,627.5697170796843
1188,7.794694423675537,653.0964272759707,661.8901532861983
1189,7.788005828857422,623.7409443428818,618.0816937044443
1190,19.13517951965332,1310.3680810845597,1407.464615110897
1191,15.369277954101562,738.7855137221819,767.0462789324449
1192,13.406797409057617,1140.108070946258,1211.1929879603601
1193,11.941802978515625,734.5296359159433,749.1095943444693
1194,13.137041091918945,894.1373454224315,889.368999212517
1195,17.636999130249023,1067.2169272096826,1081.7685576734752
1196,10.134682655334473,687.2985060590095,664.0895899985596
1197,11.38595962524414,790.5455428903388,777.0474458898626
1198,9.624004364013672,781.3359920170769,760.6220966976382
1199,5.1369500160217285,443.22490020209864,433.42255672028864
1201,13.885089874267578,754.7255103785408,753.4412306493765
1202,7.5497589111328125,514.7122418208453,532.6861777549838
1204,10.616941452026367,699.7409115580886,691.4340436270363
1205,11.849918365478516,776.5814436125959,776.6465015976169
1206,5.362591743469238,615.0280733035846,604.5812180616904
1207,12.512089729309082,1308.6099160280203,1355.6596454216613
1208,6.352414131164551,405.5438407233862,406.68246274425985
1209,5.665106773376465,352.1315443490169,340.26000053818456
1210,9.219783782958984,617.5948111064955,632.0993736785409
1212,32.36640548706055,3249.276397427174,3394.4524781063715
1213,8.612431526184082,977.9150824363829,982.0598777876136
1214,7.176672458648682,894.3867037839373,891.36566168946
1215,7.477417945861816,607.9040949931301,613.494774259327
1216,7.923113822937012,648.6233873241781,653.4138007658316
1217,8.671302795410156,599.727199464403,611.4107186282602
1218,13.33512020111084,1141.0386859113842,1212.7028908401496
1219,7.414339065551758,597.109674045327,602.8211006694419
1220,8.373578071594238,668.8686402750761,662.7285850455238
1221,14.590875625610352,1078.315103340837,1047.166026895549
1223,5.305761337280273,533.1424272232205,530.7324124492951
1224,5.538863182067871,401.319800863784,401.6242359978007
1225,6.101311683654785,397.1900621137052,404.44170159172506
1226,9.235876083374023,719.6708479329327,709.2673789494348
1227,14.981215476989746,951.6152169686651,925.874494460741
1228,17.951473236083984,1171.3517897907147,1131.8121045194323
1229,15.02128791809082,1153.9277727105552,1117.4201449621114
1230,15.864069938659668,1346.04516455787,1291.9128791339533
1231,12.365762710571289,1169.3020093674772,1246.4780062092698
1232,9.008049011230469,779.6093722424765,805.001914188006
1233,23.046289443969727,2092.799896526848,2241.2405570355304
1234,10.933204650878906,918.0129398677219,981.161823581294
1236,29.671781539916992,1762.5769120051632,1894.5484351680525
1237,24.893800735473633,1279.1997648042275,1314.8501649042214
1240,9.52896499633789,754.3222646501954,778.1239257379214
1241,13.117927551269531,1369.013334623233,1354.825108705993
1242,12.337604522705078,1339.6107254622948,1324.6742709095092
1243,24.951900482177734,1775.960904254085,1822.3638306569167
1244,7.208236217498779,1049.7266067318676,1038.6518617051095
1245,8.433856964111328,1024.11693135098,1011.9489330602112
1246,9.931160926818848,735.5812476441668,694.3955300613499
1247,7.761914253234863,613.8520469195676,586.2506102653332
1248,4.9937591552734375,652.3369597975812,652.5909630988664
1249,4.947154998779297,685.2160594928893,688.2340593381452
1250,8.823667526245117,728.9485727261622,716.4113240009577
1251,11.23442554473877,914.4622096964312,936.0847942769848
1252,10.33916187286377,612.4933758725319,627.9500581505906
1253,9.355170249938965,596.759264553888,597.3806020738443
1254,9.342279434204102,636.8304952432435,689.170382945543
1255,9.069962501525879,616.0397980844243,664.367172802442
1256,9.574257850646973,645.9522653973437,642.0990378731851
1257,9.26036262512207,705.5755793074749,705.9195401254316
1258,9.41813850402832,493.8507880697889,503.5762168668962
1259,12.068349838256836,641.6439962539416,658.4497296826512
1261,12.123147964477539,895.4343530806183,882.5257035488854
1263,15.996841430664062,1182.4031814074385,1170.023051583907
1264,22.719051361083984,1620.7190100746552,1639.738138176839
1265,24.778797149658203,1717.202171225518,1725.1276933038807
1266,12.212207794189453,1036.272456221825,1011.2012533651771
1267,14.702042579650879,1013.2899563474623,1009.0618900534575
1268,22.429141998291016,1612.341324619803,1740.222373436707
1269,15.512858390808105,990.6351771645644,995.9230139083064
1270,6.060889720916748,560.6892980937732,546.3761873965244
1272,11.281635284423828,840.5691756032454,819.3902120562259
1273,7.77716064453125,610.5173791970652,599.0925257270412
1274,10.310253143310547,733.5031686695787,742.1259954269008
1276,16.06515121459961,1074.6882477159998,1124.4948677735686
1277,15.929187774658203,1026.8480475926365,1093.3628732260147
1278,26.008159637451172,1734.0078544572705,1865.2693889426107
1279,26.279870986938477,2245.031541367783,2382.5433652311835
1280,9.749919891357422,1022.838374831751,1045.3589693862789
1281,11.223834991455078,1288.3448926758106,1325.964267410067
1282,8.170394897460938,683.2798324197759,694.7128571780216
1283,11.110898971557617,1001.3414720568619,1035.4784134174813
1284,9.414361000061035,572.1391405349716,568.0775170482186
1285,9.625222206115723,600.9538616398014,605.320221126636
1287,11.165290832519531,761.5533241456504,755.0808890795762
1288,4.45452880859375,389.7927394694412,378.2969054320505
1289,6.5235137939453125,579.7932265912347,561.4440069059665
1290,9.589241027832031,655.6125448481399,645.9006492312488
1291,15.625495910644531,1009.5953277576732,1023.372403140875
1292,13.187454223632812,903.4159968259621,908.8039297050144
1294,6.634889125823975,453.7499221010448,448.8430108962081
1295,21.48029136657715,1232.1443407545005,1289.0106783614876
1296,16.955230712890625,911.9747531540562,943.605385522661
1297,13.42943000793457,996.7015899307466,1069.8757261330518
1298,11.724482536315918,545.0297530800138,546.016882043531
1299,7.146021842956543,449.49805103596555,450.66229954298274
1300,8.20821475982666,461.18727789798913,461.8904296400339
1301,16.769115447998047,1241.888796202543,1296.905968942781
1302,13.704347610473633,1073.8488817361654,1111.861518881986
1303,6.764935493469238,379.3563114822284,377.84600636783483
1304,8.053523063659668,427.0105369718587,421.8929386652125
1305,11.117593765258789,1004.1266977954166,1036.9869853694731
1306,7.7521653175354,626.9917495001318,629.811165447938
1307,11.135025978088379,1002.1982027659559,1035.805840486165
1308,7.755343437194824,627.0347853007713,629.7093652402166
1309,7.5356292724609375,609.2293478868157,608.3111260327718
1310,7.258251190185547,527.3712145398451,535.4545557819588
1312,7.08331823348999,521.9098591162845,527.7926546626304
1313,6.411339282989502,861.0659502140007,843.1304099923611
1314,5.00433349609375,861.6952796570639,840.2571797371758
1315,11.882877349853516,1010.3497717802553,1040.4424647253131
1316,10.068199157714844,893.5192615244686,880.7083602400925
1317,9.64428997039795,620.4329749161443,623.3386373920805
1318,9.056649208068848,610.8059010178257,613.9518809873932
1319,27.529766082763672,1070.497815470445,1082.5445487104323
1320,27.68842315673828,1099.1917968785667,1120.5022183561807
1321,10.809837341308594,485.7970912735384,498.60867402737216
1322,10.958085060119629,522.9788194113785,533.3528369216626
1323,6.581210136413574,421.16310926472676,427.175938355881
1324,8.813737869262695,632.627673890353,630.705721042787
1325,9.902413368225098,422.3664831959284,421.72856772754426
1326,9.884552001953125,444.31309426387435,450.78306209831743
1327,11.286264419555664,1085.9897225645452,1060.9345307551905
1328,10.984734535217285,1083.2884027497846,1066.9355544999269
1329,15.953346252441406,1064.8086913337281,1032.6782098387168
1331,14.115683555603027,1260.3190780138602,1257.1342496982807
1332,13.041669845581055,1294.6737454763497,1382.551237437382
1333,6.641937732696533,630.7535375994742,653.8531621832257
1334,8.956487655639648,695.2305005412825,696.413993926114
1335,8.26160717010498,619.0969256198566,609.6046076743431
1336,7.685464859008789,582.8731353216683,572.7850638004792
1337,9.132838249206543,590.0969714629925,578.9686524501616
1338,9.103906631469727,570.6382252102923,563.070984172638
1339,12.713390350341797,821.3462761824028,823.2220904376197
1340,13.540563583374023,822.6939172791759,804.4754803149941
1341,10.89144515991211,914.4580895042311,884.230306593624
1342,8.320684432983398,670.6895364523485,678.6207240710149
1344,9.496237754821777,795.9279701856373,828.009069186988
1345,11.339570045471191,921.0915660822423,989.412783375067
1346,11.693207740783691,933.7426895943645,1002.4297398956223
1347,15.413536071777344,1060.056120241171,1044.8291590496096
1348,12.022497177124023,969.5204201278941,954.3474542659633
1349,10.398801803588867,577.8278200341858,547.623198821072
1351,10.800071716308594,809.5380822397124,817.7243411254816
1352,13.660940170288086,928.1426303295425,909.5433391421016
1353,8.618974685668945,900.1384057319648,880.3013433791754
1354,9.428302764892578,898.3650649062619,905.6841856436849
1355,15.586214065551758,1510.4629005762092,1583.4724390985298
1357,9.79345417022705,899.5820676954289,883.080502223328
1358,10.698942184448242,938.8394200529947,927.3100115339049
1359,15.284984588623047,1336.8661927684495,1303.9711325751678
1360,16.1650447845459,1417.8727181670267,1378.3378258856603
1361,10.272111892700195,823.5583886556337,847.5251863081003
1362,13.11392593383789,917.9063852828293,926.0073037379666
1363,12.124683380126953,827.1203427729324,845.7978223932031
1364,11.001577377319336,795.9673297913837,784.2062915806811
1366,9.709067344665527,901.7869522329701,926.5586139955135
1367,10.198013305664062,763.2936816929918,795.9510103817527
1369,8.308399200439453,812.3888290263459,782.8535794791504
1370,21.266220092773438,1525.373523581211,1608.2930888302335
1371,14.672112464904785,1002.6741024802337,1016.5266798153585
1373,6.290602684020996,834.9042949250689,814.2995744850109
1374,12.960254669189453,693.0704530843465,676.316483264243
1375,11.897205352783203,682.6804591799659,668.0627159054625
1377,11.185754776000977,645.6731006351171,624.4225424040287
1378,4.495997905731201,351.8390629080052,343.1299773093739
1379,5.541975021362305,414.9340861581597,405.77674411262143
1380,5.7379279136657715,385.3841879038717,388.0927329806859
1381,8.508864402770996,591.4383077454557,589.1412658668671
1382,7.869942665100098,978.9182008373205,962.6403945620827
1384,7.09442138671875,643.0722280367532,611.4775726048274
1385,11.622455596923828,802.1151028988794,842.5655460211045
1386,12.80315113067627,978.8099494028276,1051.4840081112943
1387,19.243179321289062,1636.7202992009238,1693.4325426717267
1388,11.86384105682373,727.0773535400537,718.0130587022259
1389,13.775154113769531,878.3694980907835,860.0995898465465
1390,8.745363235473633,726.0382724229476,767.0597086773873
1391,6.278982639312744,528.2402809038136,544.7977663477308
1392,8.676494598388672,382.66489893340076,376.62797015288965
1393,8.156756401062012,375.6001578612552,377.5498048661551
1394,6.28034782409668,451.262690292709,435.3575314357884
1395,6.539466381072998,533.3052565426245,511.8918944111037
1396,8.061899185180664,637.8029120302743,645.05692801651
1397,7.243294715881348,627.4734886327834,623.3035379513988
1398,10.124268531799316,660.4361739579624,671.0266287852262
1399,9.365785598754883,601.2884194976706,604.2980265300068
1400,11.86205005645752,918.9569973190672,880.5538704737766
1401,9.512621879577637,825.7632327591019,809.4109198559568
1402,6.290611743927002,547.1720096401515,547.7387221827003
1403,7.930717945098877,587.5731271128587,585.2256150391166
1405,12.952421188354492,1369.6023942999375,1379.9670263997277
1406,3.4615299701690674,462.48082839719194,460.3359658893544
1407,8.922994613647461,566.6840002992792,540.2764845933557
1408,11.578171730041504,741.476125680776,703.2767169431863
1409,31.150728225708008,1476.9700979018028,1609.1281513611498
1410,37.78788375854492,1730.1106437768772,1856.3116805726722
1411,57.957252502441406,2264.0995486784514,2403.6716186452427
1413,8.214227676391602,1169.7885336719123,1143.9621144358086
1414,12.908262252807617,836.8261071514311,843.1475165353767
1415,17.07361602783203,1009.4369533554308,1031.8284409683736
1416,10.632062911987305,1070.9332597016169,1096.3622635520187
1417,5.625948429107666,472.5464259584259,451.31594046349517
1418,8.304880142211914,900.4654995186966,956.5680919068197
1419,6.785245418548584,829.3439388960018,886.6963815351069
1420,6.730246067047119,327.9320534308022,328.1785426013037
1422,10.148048400878906,784.6997948898315,800.4458715759282
1423,12.21349811553955,1064.2699996529525,1107.354209907835
1424,12.434280395507812,1549.308146489345,1570.3148077640544
1426,8.363076210021973,648.3069906735468,640.703671105373
1428,9.735600471496582,884.190763772365,871.5421859924256
1429,5.7879791259765625,542.8760432721735,526.5472424460766
1430,30.515974044799805,2306.51839636601,2465.3822612960853
1432,10.497819900512695,744.5244545953237,764.428265615944
1433,12.07448959350586,918.8048546918826,935.0424252116535
1434,18.447200775146484,1336.0393748818494,1320.7578668142653
1435,18.168941497802734,1236.8341667123782,1187.3639133518109
1436,13.160160064697266,757.6263372546526,732.6486696136336
1437,14.676497459411621,804.6137404153513,755.8310531417865
1438,12.401649475097656,872.1512762622724,857.5552785460599
1439,12.84566593170166,873.0455472332495,864.4414571763084
1440,8.444490432739258,730.376718835849,727.1241795498199
1441,10.002211570739746,843.1699402442632,849.9339496271102
1442,13.818927764892578,1037.425663046214,1105.0043993576921
1443,13.489850997924805,1138.1225157833856,1206.0595515020987
1444,10.104354858398438,611.542634758378,620.5574788871145
1445,9.167802810668945,592.6978154393888,591.7692386343923
1448,17.997243881225586,1523.4234502393058,1605.323846063086
1449,27.973026275634766,2424.150760864287,2572.105698691437
1451,11.069908142089844,690.6100950157157,707.4499398427339
1452,6.7381086349487305,748.1659494097355,726.3479233128386
1453,7.151205539703369,720.6115512973174,696.5602846248596
1454,5.428252696990967,514.4655807056668,492.00833219586065
1456,14.417665481567383,1111.280334100698,1168.666038983887
1457,22.07183837890625,1446.0254004239587,1519.6538774936744
1458,11.331361770629883,923.9799613243774,994.6818170703665
1459,11.665214538574219,935.7039129557453,1001.8652400191771
1460,9.557307243347168,567.9290381324215,547.5090934031292
1461,10.285223960876465,649.1966671674113,624.0075604412489
1462,8.361906051635742,758.0420127207509,762.6821831700037
1463,9.090010643005371,684.7922573492539,676.3446174340049
1464,8.74899959564209,756.1373576073327,761.4698115608259
1465,9.500358581542969,703.2473785205243,692.6534317013121
1466,8.163992881774902,629.6459833583249,619.5946906861948
1467,11.657295227050781,1019.9086793347925,941.3631366761467
1468,13.56928825378418,880.1049821250157,889.025280478814
1469,11.868576049804688,888.90368061369,917.9405309903577
1470,10.786020278930664,722.2349718328688,708.3689685721384
1471,11.020097732543945,769.9619077302851,763.5132562226928
1472,11.135212898254395,672.0985793484523,690.0415022955731
1473,14.699581146240234,868.541593555234,898.3999289325959
1474,12.898646354675293,1109.8198100479558,1093.5417849766295
1475,9.04580307006836,588.3338629264899,560.387729278628
1476,13.255889892578125,1114.3213485221172,1188.8096916924248
1477,10.445623397827148,587.6616037080126,593.9547200690273
1478,11.564834594726562,1050.8434817737366,1064.925923994329
1479,13.016023635864258,1541.9348215906548,1538.997467991001
1480,12.941472053527832,732.1305818975533,716.7665644522149
1482,13.155153274536133,780.586916413551,743.270237389147
1483,12.320515632629395,731.0652499653728,694.197214067665
1484,29.253135681152344,1332.798530086148,1330.534306710977
1485,23.666873931884766,1252.2188572211755,1272.0604207767212
1486,7.929746150970459,639.344396523898,648.0554487032966
1487,8.9015531539917,703.4864037084067,701.8093522728318
1489,29.181133270263672,1333.476426430108,1330.0507633992017
1490,3.0154385566711426,449.04682948536424,469.37758885001966
1491,0.4601999819278717,244.0284103842556,238.5230445846807
1492,9.488370895385742,989.1833238184449,951.0762287620819
1493,9.39581298828125,896.476286950524,873.7161225894134
1494,8.536738395690918,766.751347932846,807.7780793669518
1495,7.910927772521973,756.737078248804,772.1896700909558
1496,15.747482299804688,1108.759925899815,1084.3575352208436
1497,8.824186325073242,628.8789516041892,625.618167174034
1498,6.612910270690918,417.00491514651753,422.7862013183794
1499,9.247771263122559,695.6491986623446,704.6505572711707
1500,8.481202125549316,656.3495201632577,653.6440251949539
1502,6.038393020629883,308.59393538727517,303.08076426669027
1503,14.525361061096191,1372.1949603543314,1335.8994703810245
1504,11.913790702819824,1194.6008915026898,1133.7759418182316
1506,9.01488208770752,800.9353727918683,803.9100606374606
1507,9.063531875610352,729.9119176802736,716.9797595899929
1508,10.998377799987793,814.8379740001164,820.1912509570486
1509,5.561478614807129,447.44469339579763,436.36223790596614
1510,9.32809829711914,800.3495333053017,775.5338618068845
1511,10.484566688537598,1030.3875892719848,1029.7913532602402
1512,9.361454963684082,947.1750911691252,935.9519698260874
1513,10.403209686279297,992.827530831075,988.953720247106
1514,9.352472305297852,943.3490131138117,932.0915397464584
1515,11.698368072509766,680.8146271526986,695.2308568515979
1516,11.424930572509766,616.872936571821,619.908693723723
1518,12.706358909606934,1075.66375827788,1093.7449077664255
1520,10.875649452209473,1054.6309235082476,1107.141695246191
1521,10.251089096069336,1019.0895559224936,1043.3455041734971
1522,11.109916687011719,1096.754069714887,1114.7222452321057
1523,7.1958723068237305,572.036594315831,552.4303176459273
1524,12.010900497436523,1099.785022773441,1114.258669640816
1525,13.062137603759766,1539.0550487835335,1536.3948562526757
1526,15.435020446777344,1268.1827718867494,1225.734204105096
1527,12.62721061706543,1203.730106908946,1198.5106203361288
1528,19.860836029052734,1129.2703848184462,1160.2545159517967
1529,16.091535568237305,851.7593593358134,856.7723165353304
1530,11.649818420410156,648.9857555881134,646.121770863843
1531,12.490435600280762,662.1401064637906,659.3572921306013
1532,5.043281078338623,328.12232853366646,329.24791604246855
1533,9.110361099243164,1406.5209881700916,1532.3176722595185
1534,11.984699249267578,672.4807671350159,685.5938520364884
1535,11.97593879699707,751.3494053349245,763.4467232994256
1536,19.10688591003418,1550.7021521093072,1591.8252969568043
1537,7.717632293701172,879.7068061570573,944.5240817473094
1538,9.358442306518555,937.7927011363118,1004.941800275965
1539,16.18119239807129,1864.3273660046118,1782.7488769445627
1540,7.934052467346191,515.0262220055134,512.7209746231403
1541,12.54304313659668,1011.4758481246155,1045.2372529832944
1542,39.90273666381836,2346.5402249253243,2482.265155388694
1543,13.837451934814453,1372.200677868226,1430.55688686642
1544,11.211053848266602,528.7042463802346,562.0349909687595
1545,10.674386978149414,524.659526692211,556.3227314358346
1546,9.793706893920898,646.6971751836413,658.9782795372485
1547,12.357978820800781,822.1187986049661,811.928742206198
1548,9.989936828613281,1006.2057779015709,944.5746034228691
1550,15.608299255371094,1171.851869438287,1230.883880783492
1551,15.521949768066406,927.2772741088003,946.1139225567413
1552,9.285202980041504,929.6616881220433,914.480168365438
1553,9.189334869384766,887.2518935070437,871.8418638983704
1554,9.589024543762207,780.3045562805764,771.0302976470837
1555,9.686027526855469,813.1077917218229,788.3669418310319
1557,19.273597717285156,1196.7228010008605,1239.3467028962611
1559,11.37626838684082,716.5084312848243,728.4259284256046
1561,16.60385513305664,911.5912039304919,913.8709899947999
1562,11.567399978637695,809.7714009905484,782.5968810163287
1563,9.568498611450195,756.9258758555254,747.2412843210499
1564,21.133623123168945,1407.8061280263216,1436.4929718886076
1565,20.862205505371094,1628.0345316177877,1701.2175186860238
1566,6.404288291931152,443.5876917327878,432.3624389455031
1567,6.247577667236328,402.06083333513016,387.5272797829146
1568,13.04029655456543,955.5746503000966,979.2099817561223
1569,15.577668190002441,944.304990690001,948.9012963295002
1570,15.606528282165527,755.1983202881826,761.8594771265108
1571,15.534989356994629,759.6807946494405,764.6100386207677
1572,17.444847106933594,1385.3908460542527,1403.0253370140517
1573,20.10741424560547,1624.8628544198004,1638.3744473364802
1574,8.479166030883789,636.3841293524313,637.5061951043999
1575,8.940526008605957,709.1289884407821,699.6426298852247
1576,6.602704048156738,545.0363358518433,560.9509055051975
1577,8.496135711669922,610.342652437079,609.9720966040102
1578,11.895163536071777,692.3849816529392,747.074412840922
1579,11.749831199645996,617.5875067442361,645.1228511175658
1580,11.42013931274414,713.5977958339214,711.4203973327894
1582,12.037692070007324,587.280538309855,611.3997991096699
1583,11.2550687789917,493.6215569547027,510.7945234109179
1584,7.12872838973999,429.81671958208716,414.05385708177647
1585,9.184405326843262,654.8069516105595,618.110850310284
1586,8.599433898925781,671.3968292667041,693.6590475882482
1587,8.362157821655273,707.345297162126,725.6792372678565
1588,10.447654724121094,606.9813930545114,607.5798127564316
1590,16.61575698852539,1068.8431410583812,1033.6777285617156
1591,18.713279724121094,1248.016693233133,1202.424721198828
1592,15.63857364654541,1016.4936718585664,1005.6155679565173
1593,14.138725280761719,977.6715046569701,982.7788909196673
1594,12.235235214233398,819.5429877119841,818.3868435499244
1595,11.252565383911133,715.0293807586477,729.664018754078
1596,19.07887077331543,1123.3939533825887,1095.291379052983
1597,5.350998401641846,368.62839696894116,371.8049926052313
1598,7.042514324188232,443.99573638335676,463.8470934631157
1599,6.935801029205322,370.2763057467526,367.2217793859927
1600,7.549044609069824,391.757387017858,394.5470625442958
1601,2.2195827960968018,582.0853277198598,567.6470066694247
1604,11.133589744567871,684.8121324114073,695.5023665242808
1606,17.53814697265625,1767.0911294500163,1897.0295264600466
1607,9.891066551208496,515.8344400377117,518.1525144893618
1608,9.651823997497559,540.0634797416064,544.9592703456527
1609,11.388219833374023,693.4223660300509,699.1168325404932
1610,13.74127197265625,841.1220900838206,873.4100777263187
1611,9.479042053222656,569.4803676078553,586.7534981046927
1612,14.651851654052734,1238.4087847421551,1222.5524161583762
1613,14.950871467590332,1229.1440038660257,1213.8226859255428
1614,13.56013298034668,1014.4282093049582,1086.2000849383805
1615,13.892154693603516,1150.1605081587227,1220.768772274832
1616,7.3398637771606445,556.6306310141174,543.8808533597254
1617,8.893543243408203,625.3735765506561,605.9397546017107
1618,11.419151306152344,814.5213318746022,817.5131239883452
1619,12.42611312866211,898.0195256186173,921.4225085690813
1620,8.69394588470459,721.3775992524372,730.5260601749994
1621,10.175636291503906,895.1378301416638,897.6100816041288
1622,5.4257659912109375,686.7568994991407,687.3221651675383
1623,4.7224650382995605,736.0859906333466,742.4249201885123
1624,8.83092975616455,695.4057283106888,690.424910920918
1625,8.362349510192871,666.660773580722,669.3279300954451
1626,14.14744758605957,769.8084090293809,802.6198464026452
1627,11.190964698791504,546.5199857850484,548.1737306293678
1628,11.585225105285645,558.4049232977125,542.2906014471359
1629,8.956212997436523,836.7011853402314,814.6803413900204
1630,8.309717178344727,738.8751850065036,736.3285316460103
1631,6.595816135406494,401.02543914528496,423.5347434838875
1632,6.3332109451293945,375.11533423202627,395.56182991330644
1633,7.995368003845215,645.4090241265199,687.1113281515157
1634,7.308437824249268,581.6081589243583,621.6333835380836
1635,5.374783992767334,520.8452658820881,505.9390025482205
1636,8.149160385131836,701.013567258027,715.8286462613131
1637,10.200439453125,876.3465934044335,908.3559425624203
1638,12.056169509887695,883.257645252921,879.8938664095629
1639,11.639318466186523,828.510097400194,821.774156488387
1640,12.244414329528809,899.5010929178479,903.1164064923333
1641,15.285663604736328,1051.700939250264,1028.3272212054785
1642,6.29804801940918,766.9386922878631,752.8146051264938
1643,7.205566883087158,843.0375900701412,843.4351828492574
1644,16.532642364501953,1092.0585084855022,1141.3015869382266
1645,16.477113723754883,1408.7937086356392,1457.7699837688983
1646,9.043791770935059,528.9781466221514,525.2381468736372
1649,10.590153694152832,646.7059333689687,612.9093376951067
1650,16.88385009765625,1223.8389705602924,1286.7272961257313
1651,18.02493667602539,1202.405883922502,1248.121649741101
1652,9.680400848388672,724.4646897575328,752.8749648093525
1653,7.318484306335449,557.9389033132346,575.0821768532683
1654,16.477863311767578,811.6912433031476,836.3344208919025
1655,13.643251419067383,640.5736241661243,653.1633815278742
1656,13.619997024536133,811.5721262297205,809.9151229214937
1657,12.523797988891602,697.5233425508502,712.0669235365477
1658,13.825849533081055,1283.1377185455021,1209.3977406032222
1659,16.224262237548828,1607.601772556622,1525.7379349341406
1660,9.339827537536621,936.3558095065762,908.8330883733377
1661,12.919488906860352,1192.306396379096,1163.3291419585366
1662,10.755453109741211,868.9466987304693,853.0971480180216
1663,11.729950904846191,923.88231828985,911.4739768017664
1664,8.504855155944824,585.9437243586214,602.029069596032
1666,8.929139137268066,686.1603451639585,704.7470475707959
1667,17.275659561157227,1320.3577573397706,1374.0719671978393
1668,18.226320266723633,1470.7317658533486,1540.9635066092048
1669,6.267134666442871,573.3382982256954,565.037096184544
1670,13.578128814697266,1205.1791221508881,1250.0450712081374
1671,9.612532615661621,565.249033727303,571.4369893667014
1672,10.9393892288208,632.4571276463968,662.5927158674521
1673,9.497336387634277,484.1093832900867,501.22456810724515
1674,10.634187698364258,512.0147507435121,527.2743566396651
1677,5.976574420928955,407.20137821140406,396.175578532943
1678,5.177642345428467,417.3678631978458,404.14314803833366
1679,6.602292537689209,774.7201623726459,802.6963053882637
1680,7.183464527130127,659.4810941861044,645.3730072228216
1681,7.474225044250488,783.421635052839,766.0071818887617
1682,6.393340587615967,592.9422327058444,583.8701631437938
1683,7.057703971862793,800.3614306138434,818.295431613939
1684,11.459932327270508,646.3548897001856,640.2648736898997
1685,11.885440826416016,656.8399883234816,658.2483848846871
1686,6.663074493408203,1286.4926438151113,1255.0430813248597
1687,6.938262939453125,1328.6733116497464,1301.4965230514147
1688,10.415305137634277,969.4899119782127,977.823512390182
1689,12.300405502319336,973.7516039131855,995.3126841469169
1690,9.573495864868164,494.37252732891704,505.6931815642363
1692,12.83588695526123,871.3058563880036,869.2103497441416
1693,11.822662353515625,743.9506074403843,753.6648763194279
1694,3.1029016971588135,566.2332779499881,551.9158297091685
1695,4.548708915710449,611.9582411462487,586.3199125354087
1696,7.522824764251709,811.5608038631023,800.3668458507146
1697,6.144034385681152,860.0081007877445,853.4253033958693
1698,14.674392700195312,1096.082005881713,1088.5807129644973
1700,8.293159484863281,645.4258820117052,614.8626455655783
1701,7.997034072875977,539.5524063338625,510.28218783682985
1702,8.572142601013184,557.6760079467302,599.960364669467
1703,9.345212936401367,607.914769064317,641.9116384472551
1704,8.579475402832031,708.5226803745292,732.5653223028417
1705,6.7650957107543945,541.4499405440619,543.1031686441202
1706,11.739273071289062,897.8874532109826,857.1877736048541
1707,10.969461441040039,929.8427862339609,909.0471719368778
1708,9.309633255004883,941.8136813617771,976.8589757992373
1710,14.905022621154785,845.1885884660991,859.3792730240261
1711,15.15124797821045,1182.8067840434658,1134.8538614549602
1712,12.545495986938477,1043.1665522023613,1001.7978463510673
1714,12.827272415161133,848.8238968570786,838.1932068040505
1715,12.833962440490723,1070.6434721939827,1071.2337190261485
1717,10.314355850219727,622.9563708723375,613.6696001230581
1718,10.633771896362305,627.4069265113419,622.4021091864349
1719,7.984667778015137,564.5598206468504,566.2920220867035
1720,9.787727355957031,628.4628477306817,627.9126773717918
1721,11.356244087219238,735.3606050480365,724.7547047738061
1722,10.177546501159668,517.9122215191696,500.55500941107647
1723,8.313486099243164,688.9122873903614,672.9419689007275
1725,19.02359390258789,1403.5404425061506,1484.816349661643
1726,18.120309829711914,1291.7112584040135,1338.4715651251527
1728,28.04505157470703,1379.538996035143,1426.261219986601
1729,18.92205810546875,979.4428835508195,1021.2734817738185
1730,19.31326675415039,834.4818627509756,854.8258091809879
1731,12.623922348022461,873.0738248846786,855.5420822324671
1732,15.463518142700195,1111.2969694465962,1137.6895405194655
1733,5.196719169616699,306.1241035571455,295.7027290815623
1734,5.735822677612305,320.3910407690831,315.87994439590136
1735,7.4492998123168945,495.226584563186,507.2175720112149
1736,6.952071189880371,545.6555661847215,548.8357198310853
1737,22.65283203125,1335.021659970564,1337.3046942475746
1738,32.06894302368164,1458.1994386696758,1442.549291215936
1739,25.774879455566406,1227.483264684375,1263.1434291895519
1740,13.536330223083496,684.7340468857212,656.973344931728
1742,10.643390655517578,560.2283794636757,564.9625508892083
1743,10.668753623962402,601.6675646594854,604.8450450707064
1744,9.299670219421387,816.2827648781034,774.2444320634349
1745,14.275894165039062,1265.300704788783,1251.2212313691793
1746,12.125541687011719,806.0163599633927,806.963815358926
1747,11.777595520019531,797.6941460697003,798.527292602555
1748,13.823636054992676,1416.1579239290393,1451.510636792049
1750,13.922469139099121,1452.3126206736372,1498.2811386419855
1752,9.146954536437988,741.6318268720674,745.1696736826465
1753,9.378702163696289,679.115837206392,688.2030616478531
1754,10.182865142822266,768.5173867351543,772.8997797578496
1755,9.364822387695312,677.7871629254264,687.5030686457458
1756,7.681058406829834,459.1152762359731,446.7638102042079
1757,8.640643119812012,538.1757036816612,512.1232547831175
1758,15.02534294128418,1056.2924251169843,1076.1746111951832
1759,13.505843162536621,1063.5555257965825,1105.2479684397247
1760,12.292669296264648,1105.017382302879,1105.58219701057
1761,12.322023391723633,1236.2568725563995,1229.1083888039539
1762,9.347089767456055,717.7696822687369,740.4401656152231
1763,9.707234382629395,675.4861330271924,701.9268447056866
1764,16.251815795898438,1309.088993384822,1328.4145303100465
1765,12.805926322937012,1065.7742942411332,1055.217024863544
1766,6.775237083435059,717.8165443393299,736.8495055939437
1767,11.040249824523926,1058.9258466870735,1086.8378567926552
1768,21.727453231811523,1271.5604957314779,1341.2039296487196
1769,20.25249481201172,1112.8448366194145,1175.0296376566555
1770,13.665586471557617,529.7480881808681,548.6233445670043
1771,15.081782341003418,549.015063684789,573.52671287609
1773,9.252671241760254,683.7340705295763,654.2467049874004
1774,6.1152496337890625,523.5424034368377,552.9952345770408
1775,5.360569953918457,453.64902189912846,480.1963111424237
1776,12.084247589111328,991.309618749166,936.8433519780831
1777,9.97632884979248,774.9233800113498,741.3544552953451
1778,13.63484001159668,870.215302020219,869.633350613163
1779,17.204524993896484,991.0403696341639,995.3626174665434
1780,12.113081932067871,851.4531811771283,863.1300914436669
1781,10.86271858215332,624.7866672615164,610.0278367477055
1782,6.957449913024902,430.355893759088,425.71892005804193
1783,15.006265640258789,1046.1085342614376,1047.6014103077323
1784,15.72455883026123,1060.750489502292,1070.5541739041244
1785,7.101451396942139,633.8117326361089,636.1411092258024
1786,6.560113906860352,551.9160625737958,561.7860279851279
1787,6.91801643371582,633.1212169461351,636.22484483811
1788,6.861673355102539,568.3057533638637,580.7673203823999
1789,13.447152137756348,1263.90935694904,1277.8052117045222
1790,14.375762939453125,1277.810642134873,1286.4128285314152
1791,13.399698257446289,1282.609239158774,1297.2548820053073
1793,5.660202980041504,510.2660286382633,502.6122026018512
1794,13.622770309448242,1177.6104846737014,1250.6687669625037
1795,14.80585765838623,668.0654549078391,702.5851909913573
1797,16.337671279907227,879.7643573568353,897.8708383433324
1798,11.077827453613281,636.0362222275248,655.1079278958914
1799,20.525951385498047,1132.0650910937864,1177.0539034261774
1800,12.522416114807129,943.3483716148121,1018.4458767538404
1801,15.800153732299805,1332.7324722273231,1422.7291332079321
1803,11.920461654663086,1026.2240598004087,1055.5120175931897
1804,6.361881256103516,426.5725547496631,418.4403797190275
1805,7.19590425491333,558.5602277699498,566.5137672100129
1806,5.568199157714844,623.735210845039,613.3139956461822
1807,5.2100324630737305,621.1133976628357,601.8358463041816
1809,5.224392890930176,624.9605260447506,605.9901309018085
1810,13.639057159423828,1124.7123292299598,1180.2629633256158
1811,13.726966857910156,947.6074694496509,979.3924630393901
1812,12.92059326171875,698.2217903972662,721.6364708827192
1813,11.255252838134766,594.1330823530941,616.9749491002824
1814,10.253203392028809,760.4196513015246,790.3728502894257
1815,13.521210670471191,1021.9010681274568,1014.9895775300907
1816,7.084079742431641,393.7712402511881,383.4678540003445
1817,7.56510591506958,401.8995900261489,400.15405323635844
1818,36.61427688598633,2130.7081962981533,2292.8558349750874
1819,48.955562591552734,2344.183186006972,2564.687398525301
1820,34.52870559692383,1453.154524659891,1500.6435636022134
1821,13.126455307006836,750.443982009543,724.7716271924032
1822,14.198893547058105,760.5094640974024,721.1330001399898
1823,6.367694854736328,447.36513960980693,436.572319686414
1824,7.156337261199951,443.2242490291893,449.0208423040487
1825,9.988945007324219,519.0286246633426,528.4810332983329
1826,15.522086143493652,814.293302437909,851.1618140937193
1827,10.512718200683594,655.112205322874,668.6944876949334
1828,13.285527229309082,1351.5516352856566,1370.004091673957
1829,12.929963111877441,1407.2443402126576,1420.745890437767
1830,5.756311416625977,592.2272830294681,566.0192486022926
1831,9.205120086669922,672.9797014036332,654.8174585597345
1832,11.634133338928223,765.5613324300017,735.2381438260564
1833,16.301498413085938,1305.7677137600185,1365.005045471988
1834,14.224626541137695,1198.5401189113913,1220.7209304910632
1835,14.300909996032715,1348.237697238435,1343.5080771239602
1836,12.890295028686523,1322.2336176952367,1309.0655787582969
1837,13.213623046875,517.1529281699762,503.87284740878385
1840,11.955535888671875,952.0158881159566,947.0547733778741
1841,21.74138641357422,815.0581163774168,827.3787048336379
1842,9.318387985229492,672.887555383261,682.5066877139029
1843,9.931615829467773,721.5857648649819,719.5950948854485
1844,30.369300842285156,1838.209988225882,1873.597413434632
1845,36.286930084228516,1951.6498655253056,2000.4933515040566
1846,5.64850378036499,478.3437581199577,455.0606129976666
1847,5.605937957763672,470.75135043082327,456.4792169043801
1848,5.887831687927246,496.39004018714695,478.4431440635625
1849,5.402092456817627,461.26516331617813,445.58155414145756
1850,9.554473876953125,472.91600894363137,477.3106212190627
1851,11.728240966796875,537.1160351514488,544.9593495359792
1852,11.089659690856934,684.4515847070318,662.7208926194597
1853,10.683794021606445,666.9032244514902,642.3035972326682
1854,19.83968734741211,1440.1863822688808,1491.4267021195099
1855,20.36351203918457,1505.9655278126045,1523.0858280767604
1856,10.57795524597168,646.8466144323365,661.7908961649669
1857,8.889398574829102,454.3373503212988,440.7969892171138
1858,18.092771530151367,1101.1385015234234,1131.0253455498944
1859,15.679795265197754,939.3862780704792,970.5020618967209
1860,27.82886505126953,1238.881364633057,1263.5602160605254
1861,7.71714448928833,625.1253593339378,631.3818190545411
1862,7.375728607177734,611.8713492510584,616.5143025806269
1863,6.085589408874512,382.1633207233368,349.53239149559835
1864,6.837508201599121,397.2318984920201,391.68226420082414
1865,6.088672637939453,366.11663254535733,338.20572233152905
1866,6.716229438781738,392.9558636236133,383.89086729303375
1867,9.319435119628906,598.9036415631549,574.7523811311823
1868,10.85574722290039,712.5136210392027,673.2204333840638
1869,13.105939865112305,882.7819916144306,861.8731126404798
1870,13.78046989440918,974.7043043883539,957.6609971116144
1871,13.364866256713867,776.8147488742133,824.6529078817771
1873,14.450617790222168,1208.4530555950598,1217.9551923225251
1874,13.8997802734375,1169.0007591006465,1154.0768692509355
1875,9.835277557373047,478.08289321690233,463.5683468367419
1876,10.746423721313477,632.3990526918798,631.228932233763
1877,26.461444854736328,1800.2674420804303,1941.3359234623726
1879,9.480049133300781,548.3242864080246,513.1615928272212
1880,13.464338302612305,759.0858319813117,744.2004310642055
1881,11.34599494934082,953.6324890480994,929.9430099019244
1882,11.010695457458496,836.623464042356,796.3835305560164
1883,11.861474990844727,712.8930916896741,754.8998222954265
1885,9.137029647827148,673.2213356443654,699.6192342657249
1886,9.752259254455566,762.050721559669,769.6477587942968
1887,10.82162094116211,782.0981273473615,778.3898349724548
1888,35.8973274230957,2572.4728818996787,2673.475758594652
1889,16.440269470214844,1402.8704242054553,1394.9259888108022
1890,18.636520385742188,1168.988272829386,1166.2246273280227
1891,12.538101196289062,825.3399318877812,805.2592540461321
1892,6.790801048278809,396.4212362499861,399.26661559191024
1893,9.118280410766602,552.554176543958,551.2796059737552
1894,9.036032676696777,644.4772960029056,626.0516914589032
1895,13.212209701538086,1452.5995099210186,1445.2635170333288
1896,12.333906173706055,1337.4064747421585,1321.9956978084801
1897,13.040437698364258,1407.2510490402185,1402.1738897696475
1899,15.959407806396484,1485.7159291071139,1585.5412702208394
1900,46.93180465698242,2432.566440678076,2576.0230853332732
1901,7.513236045837402,674.8878803715694,659.8786434205514
1902,12.447807312011719,1137.2258525468358,1121.8243221045848
1903,13.32921028137207,1228.7679979379477,1203.810970434914
1904,7.836097240447998,600.0805540873122,606.7779720109694
1905,9.166072845458984,686.3908930441434,697.1049032405001
1906,17.251544952392578,1249.3232569180561,1232.8842791030754
1907,14.567516326904297,1072.8577141065477,1065.892165934015
1908,8.096294403076172,469.62050982594457,467.64246410747086
1909,7.885897159576416,464.41089378616925,460.7104552959901
1910,27.595062255859375,2009.3677436962755,2087.6666085545717
1911,14.508319854736328,1224.468749854934,1275.5067378734884
1912,8.519088745117188,537.6323048982583,568.7271824384208
1914,17.329936981201172,809.1847808902146,840.3070709471972
1915,16.852794647216797,890.6022336680844,935.5560013307294
1916,12.242544174194336,676.3969667049405,679.6460566636715
1917,11.891348838806152,651.7406085281983,665.3593045775851
1918,5.2254486083984375,624.0440585700076,615.5267637026654
1919,4.761823654174805,629.1823283005373,610.2439439133976
1920,15.78256607055664,1070.0760401538666,1058.480992861139
1921,15.862715721130371,1060.5295539738704,1045.7505066387769
1922,14.08158016204834,1228.770538867126,1287.5989474251444
1923,14.229018211364746,1002.8088003922467,1032.7993926300064
1924,14.566640853881836,812.3087599704775,856.6769729816377
1925,14.264300346374512,701.0728757563179,736.3957160409473
1926,11.279844284057617,739.495488143107,736.3435897695837
1927,13.10409927368164,913.3065480146282,921.1494071755933
1928,10.897573471069336,981.7088459031214,931.8461209475342
1929,9.145703315734863,746.7374486772235,700.9862282683622
1930,13.744377136230469,774.9162254893145,792.0514578120892
1931,12.299688339233398,734.0736103721928,748.8039154971692
1933,3.6004042625427246,426.73138354481193,423.22492767117103
1935,8.059067726135254,512.292788372194,533.9217478349747
1936,8.021148681640625,520.7402363165273,519.016235392229
1937,12.683364868164062,1075.0032125646226,1079.781009199927
1938,11.046207427978516,989.8808785827492,1012.0672647952196
1939,8.957718849182129,627.2880657772465,645.1045739423884
1940,9.210214614868164,590.6972241754645,595.9675871506555
1941,14.725624084472656,1215.709619966127,1267.1395244506161
1942,11.808023452758789,714.9325195348899,713.5686244326598
1943,29.11566925048828,1662.5713183563391,1680.1523998438013
1944,11.467437744140625,784.1735064874351,779.4419286603564
1945,12.353059768676758,821.0552346445619,841.78360964946
1946,12.029397964477539,815.7785577615527,798.0060078232223
1947,11.286710739135742,693.1080297989915,674.444510585203
1948,7.127346038818359,748.0472592683549,709.593695014976
1949,7.924952507019043,756.8598295825378,724.7680773422417
1950,17.25552749633789,2157.1519570598443,2152.6178172949585
1951,21.099998474121094,2372.7386548383743,2368.641770219479
1953,7.668412208557129,668.1790577981674,661.9442566515578
1954,22.548274993896484,1419.7842162733075,1460.6640918766477
1955,20.95918846130371,1424.1001295701344,1448.6738036946192
1956,15.052787780761719,1195.7962100992424,1206.9798994184046
1957,13.152984619140625,990.0335981386937,1005.3412431708132
1958,13.475722312927246,1002.172987033917,997.0817657622998
1959,13.235434532165527,984.7460227391291,966.2239684719492
1960,22.424367904663086,1422.27966891999,1398.4663149963867
1961,24.075870513916016,1499.2391557642877,1489.2625261233793
1962,9.841623306274414,642.717328949931,673.4375557208427
1963,8.189390182495117,337.1559386302638,323.47384007557554
1964,14.730058670043945,1125.5091229947238,1143.366112664147
1965,14.365522384643555,1051.3066713698472,1067.7349951347105
1967,15.525169372558594,1009.865857645398,1049.4879983244002
1969,16.351882934570312,1283.0324241610745,1289.0780222738942
1970,13.612784385681152,1300.8070959674362,1361.9874919555978
1971,15.323554992675781,844.472498763814,879.5383119956485
1972,19.10256576538086,1036.4989474526897,1078.0878096319152
1973,23.03978729248047,1477.3492029106233,1552.5374090410633
1974,26.514917373657227,1872.624301488238,2006.3455665361482
1976,7.351112365722656,563.9139044333874,545.0886659859123
1977,5.852731704711914,473.7391983129547,459.69841444051474
1978,13.608613967895508,1244.0091968738232,1322.6192558276528
1979,13.181138038635254,1060.1161281023801,1109.2923920793098
1980,11.184781074523926,1291.258062951831,1293.5421087602956
1981,11.60243034362793,1222.719494314886,1222.0402287189715
1983,10.103513717651367,783.6883438198826,778.6629584197685
1984,10.503686904907227,842.6176732685749,831.3009955052975
1985,9.631270408630371,753.7521435358483,748.5313233902581
1986,22.775981903076172,1665.3046657270374,1663.5661449844108
1987,19.26427459716797,1499.9456090324256,1493.569024310961
1988,8.091129302978516,667.4747209452665,652.2681657128782
1990,17.262271881103516,771.4190541112926,764.5743292412847
1991,19.50087547302246,861.2634597607744,841.713878603799
1992,11.784908294677734,854.5895251447407,891.6994606027756
1993,20.115230560302734,1097.179395145898,1113.429701051031
1994,17.686874389648438,892.7381978230009,897.8794983739953
1996,12.051895141601562,659.752296154905,664.1740849031116
1997,11.685982704162598,594.8284314883721,588.9713664964838
1998,22.776165008544922,1465.9455283525524,1540.0713933140773
1999,7.559874057769775,844.6495542341919,839.760235330931
2000,8.264245986938477,886.4677348898799,878.9096230923705
2001,9.392280578613281,701.1124172282605,708.853331744571
2002,10.442243576049805,732.4505759927075,725.9947815629487
2003,7.72775936126709,476.57946909035434,472.5171572833244
2004,8.501520156860352,647.6969687477922,649.963506650645
2005,9.52084732055664,726.7268876048424,741.0340089015803
2006,13.363691329956055,1180.9100838458464,1199.922564709931
2007,9.808748245239258,774.2964731711994,804.1972018959231
2008,12.644083023071289,1166.7317448722927,1194.8078938642943
2009,12.635802268981934,1186.7978106687242,1209.0284943881318
2012,7.496142387390137,592.6814532390201,590.2277535128954
2013,15.812904357910156,1252.8287198027072,1280.0195259176796
2014,14.879085540771484,1161.1660473409395,1197.4368651493405
2015,12.942060470581055,544.5340924402572,577.8389501216451
2016,12.754461288452148,543.0009486693859,576.9018197709936
2017,12.328476905822754,943.2500592144074,935.4082467865879
2018,8.755414962768555,771.5622928958418,774.0810008139174
2019,18.241653442382812,1913.5383724150026,1871.2781131148042
2021,18.733238220214844,855.2082037050988,839.2173376955293
2022,17.034423828125,846.6216714966816,827.1263840179906
2023,8.532352447509766,644.6364496766278,644.3861624844453
2024,7.291945934295654,527.0525923833183,538.8581763588621
2026,7.320378303527832,535.9878441924615,545.1701216170284
2027,22.25944709777832,1626.881528078661,1692.583403390961
2028,29.72963523864746,2117.4323991886436,2267.2639411359464
2029,11.814486503601074,1112.5837257418864,1156.8646467684532
2031,22.123079299926758,1290.8895697996973,1299.4267112559114
2032,6.5468950271606445,668.4098976685344,653.4320696571439
2034,22.461166381835938,1992.171997452245,2047.9261333590398
2035,15.910751342773438,1662.9339418506645,1677.0635894797185
2036,12.429656982421875,1549.3367975892972,1569.8996632691317
2037,24.355411529541016,2257.4803680129144,2411.2144521806376
2038,16.83905029296875,1320.6735076761984,1275.719163115993
2039,9.910711288452148,681.0507689649793,675.6487356109133
2040,10.498193740844727,671.4642500236984,668.5430240270845
2041,11.46672248840332,754.3082390200368,753.6619523295863
2042,12.10311222076416,932.8561085374951,908.3791957806955
2044,12.155820846557617,799.29667510657,776.7784770615705
2045,28.683563232421875,1535.7568217677401,1632.0029765828237
2046,24.728755950927734,1454.6569722720283,1515.717909027921
2047,13.590551376342773,1074.1541757373434,1121.3737391839277
2048,14.64508056640625,1180.9084757606533,1249.988966373809
2049,10.54124641418457,738.8212076402824,749.3246188970776
2051,12.804047584533691,920.0275066999827,936.0433620496351
2052,13.591584205627441,1056.8121973735224,1053.454440139598
2053,3.1432836055755615,1283.7621154582607,1233.431409723701
2054,3.351722478866577,1285.9651735467403,1233.1923034321692
2055,5.852251052856445,650.7166233012207,686.5649393089766
2056,2.664731025695801,312.7934190050291,322.8570152032831
2057,9.768808364868164,667.9098712733772,706.031645089921
2058,10.086609840393066,644.6389207301384,684.8805898968797
2059,11.609169006347656,690.8288119940406,702.6752677995879
2060,10.219185829162598,647.6718032397988,663.8949688172526
2061,11.312564849853516,678.4984188799934,693.304873164876
2062,10.567427635192871,649.879739493443,669.8080492006033
2063,6.442961692810059,463.3882174603638,460.8721494667293
2064,9.270916938781738,846.1944436690068,875.3281288595189
2066,8.024221420288086,535.0418781069316,515.2001145047249
2067,9.833597183227539,760.0185110506869,751.5638788932026
2069,9.333433151245117,676.6246567554371,649.3493147818159
2070,11.925914764404297,950.830498884064,989.5070847336929
2071,13.199642181396484,993.6522370111733,1006.22169739
2072,9.328784942626953,745.0714628580146,722.8306211454119
2073,12.625372886657715,862.0794267341046,844.232595078282
2074,7.547945976257324,609.1546133849964,598.7179929688084
2075,8.54986572265625,655.7144051187215,633.3053162764868
2076,7.5934600830078125,610.1093898880306,600.2386706396294
2077,8.294130325317383,645.8839969911843,621.4288451351811
2078,9.097053527832031,470.1428456930021,469.77683840820623
2080,13.05224609375,882.230706227407,887.9588740137765
2081,10.67320728302002,719.0166317337367,709.020372994899
2082,13.558947563171387,924.4328005703937,907.0921652423233
2083,10.960190773010254,836.9001425002624,810.152725768163
2084,10.110851287841797,936.1491039534842,936.227855613507
2085,11.090706825256348,961.2263483079358,969.4805569647094
2086,6.928963661193848,366.2812728897752,370.22905859280934
2088,9.230387687683105,599.2275379215093,619.0241579206378
2089,8.06643009185791,532.7473746564286,552.9409449037219
2090,14.107189178466797,721.8244965617318,720.6927663281393
2091,12.40584945678711,809.8933376002295,838.928122356703
2092,12.901430130004883,1198.0758677948054,1148.1642423146868
2093,13.311568260192871,1211.1032891691655,1167.6795847265983
2094,15.735627174377441,1245.1237023885906,1276.641510781309
2095,15.874401092529297,1132.8688407977263,1171.4105241873349
2096,14.445487976074219,881.0180417850473,875.2869604719561
2097,12.699300765991211,739.53104141289,719.6603039847131
2098,9.248315811157227,568.4074068581752,525.4756093934966
2100,19.895559310913086,1194.6546415147093,1154.5850309368736
2101,19.75753402709961,1062.9995472824446,1022.517097760668
2102,11.887727737426758,654.9131059522467,679.557631417487
2103,12.595701217651367,761.4384207850105,818.8018609714022
2104,33.59840774536133,2136.341960912197,2272.1035336971963
2105,24.84503173828125,1742.2344833622165,1855.5226093988454
2106,11.604305267333984,875.7674818232239,910.8435856615855
2107,10.36328125,1032.3742154766585,1010.5840547968511
2109,10.814956665039062,1020.8226272738345,999.891974189203
2110,9.756917953491211,993.2788268778083,970.5877825113803
2111,11.24827766418457,695.0203596096474,711.6275262909417
2112,12.096681594848633,726.077145049983,753.401689192278
2113,7.585026264190674,502.4763539338328,500.2136825209331
2115,8.917295455932617,562.1497112774287,526.6995900948193
2116,9.21540641784668,571.5336402045103,537.4669001173465
2117,11.540155410766602,773.4635775621821,812.2071222420939
2118,14.837932586669922,1014.0523564339993,1055.5844805426898
2119,8.344566345214844,726.6410130731111,772.5492677300609
2120,8.938962936401367,837.3425998001057,865.8665086118639
2121,7.366670608520508,543.0244932508862,524.2667338229421
2122,4.391876697540283,423.3261047932846,411.4464365306972
2123,8.719871520996094,737.454033885348,739.8203172307306
2124,7.757211685180664,654.79402026257,664.4475178804586
2125,9.095246315002441,752.3179301802559,755.3614816017757
2126,8.706727981567383,678.743147984437,690.330204635671
2127,8.361881256103516,940.1886839073953,933.8597479299137
2128,7.35638427734375,945.6089873039591,952.6412427756679
2129,5.6992998123168945,606.3382168242822,588.2605749294798
2130,14.47546100616455,1364.4519501513842,1421.1928058646731
2131,11.613506317138672,1090.347864654606,1060.4427096829475
2132,12.805196762084961,1173.6837186718374,1145.9742722546257
2133,14.372296333312988,907.0471821114768,940.4748149605165
2134,12.751239776611328,981.9448507648196,1065.1028597805318
2135,12.473953247070312,1065.25537794105,1078.4677360603991
2136,12.531432151794434,1064.3699570896313,1056.94198223207
2137,12.53851318359375,1062.8421484451437,1074.6928895654632
2138,12.261262893676758,1051.1262320172268,1045.5672017575473
2140,17.80450439453125,1041.38372095535,1048.9608164985495
2141,13.40353012084961,1018.2204551265946,978.6757138460579
2142,20.627891540527344,1373.4653944870192,1352.431870773068
2143,15.513053894042969,1237.7445837025655,1222.1276795387228
2144,13.722833633422852,925.1801364208507,860.8941215195791
2145,12.062259674072266,848.467146225573,799.6867336509002
2146,11.600574493408203,866.4776376650956,864.2596388911223
2147,16.692745208740234,1132.7519294695107,1137.5191482829716
2149,11.814475059509277,997.7214060126346,1047.1630943701061
2150,5.814059257507324,392.96302527878674,388.78763994603173
2151,6.316943168640137,388.65216564628815,391.4914734128295
2152,12.444830894470215,1044.8062088352913,1056.2133716180401
2153,12.507396697998047,1046.072121769484,1036.455388584618
2154,12.55727767944336,1064.569269526772,1079.4717291133288
2155,12.48243522644043,1062.160067546248,1051.9783873006659
2157,6.307677745819092,253.47094925115454,250.02974415751024
2158,9.999210357666016,989.0748031480563,978.7956584921782
2159,9.613943099975586,853.0093544499355,845.5145982154045
2161,16.31209373474121,1289.6608412214644,1295.1533005968163
2162,16.884105682373047,1338.348747392628,1323.597648892691
2163,12.091826438903809,584.9402037574118,582.0702495748035
2164,11.985391616821289,590.1390111569697,586.0475935374426
2165,24.46510124206543,1877.8138088180435,1907.8744149097818
2167,17.526023864746094,1282.273153842467,1357.3730548680073
2168,16.11731719970703,1405.9963146342109,1478.7771502454027
2169,28.70145034790039,1617.1224499441205,1673.9656286619256
2170,32.35036849975586,2088.6698709045827,2246.56478142555
2171,13.333333015441895,1151.0631629031805,1144.4894192636364
2172,12.86378288269043,1067.1211906650742,1055.1657466994766
2173,20.114402770996094,1129.5899311240996,1186.675724446667
2174,14.500421524047852,945.2418977941991,961.9518160672626
2175,18.637550354003906,1842.1928516958521,1946.27927134141
2177,13.666669845581055,1020.9035675160412,1043.4542987247855
2178,22.51443099975586,1259.174432736676,1341.3042728098496
2179,25.661033630371094,1531.9156252415255,1621.90806093422
2180,9.971929550170898,969.1273796348313,959.6089224679805
2181,9.176958084106445,778.8050252183951,770.7291129688351
2182,15.434368133544922,1077.233055213447,1162.5142414720233
2183,13.949190139770508,710.0845731398254,753.8246802025291
2184,36.3671875,2526.591388196361,2713.4620290779762
2185,11.299068450927734,745.8254289439028,730.3988834514948
2186,18.69719886779785,1426.6187994969162,1483.8319592680427
2187,10.720520973205566,981.6307622063722,961.3472677979884
2188,9.455045700073242,964.5948779372,948.5921852508179
2189,10.674488067626953,982.1837153044064,960.8866648634726
2190,9.510282516479492,965.5200585659621,945.9754914299637
2191,14.119280815124512,1248.7812489800153,1230.4903582758184
2193,5.672230243682861,432.3150570840764,429.15837810866407
2194,7.104598522186279,566.3839030549058,571.8515337471082
2195,19.603069305419922,1307.6374850774403,1272.9311064210583
2196,16.495418548583984,1090.0168187962395,1077.9291562736428
2197,25.48563575744629,1627.9330096994752,1727.871408312091
2198,33.25037384033203,1763.9270900245851,1871.6813809296343
2199,14.127899169921875,1149.645651601641,1115.112551509679
2200,12.733015060424805,808.4715944628753,785.8707244579806
2201,13.551944732666016,914.5510684168794,891.3257737687937
2202,4.348074913024902,573.334057302499,562.3835797024651
2203,3.120861768722534,523.6986184641346,524.7810673371215
2204,14.714320182800293,1332.4719004993688,1326.551807293484
2205,12.050261497497559,533.2675536563798,544.365869255064
2206,12.904146194458008,646.9067625202445,683.2986366946799
2207,10.35151481628418,635.046144613231,621.9864011271193
2208,9.492718696594238,578.5927369136796,564.10271062229
2209,9.498973846435547,768.5695267153308,759.4644076607944
2210,8.1261625289917,512.23936384011,494.76697249426115
2211,33.2803840637207,1556.4027388703316,1640.3641723042276
2212,16.631776809692383,1148.9687339738232,1255.4945584339641
2213,19.535125732421875,1200.4005691667085,1253.856305382462
2214,18.2185001373291,1201.3006330333183,1280.3488729181486
2215,21.659809112548828,2055.721004348558,2113.6417339831623
2216,19.308094024658203,1837.3322257373493,1849.6017357969567
2217,23.449108123779297,1802.4382933030593,1793.2240941164148
2218,12.791512489318848,956.4934418072223,930.5339041273241
2219,11.094131469726562,857.9900874697411,854.1850203068781
2220,11.085742950439453,753.4905921620741,779.3003242267729
2221,11.327764511108398,771.3473587734394,803.514867656326
2222,9.755366325378418,565.2436509066683,525.7400744352664
2223,10.564735412597656,610.6764058174032,592.7492805104399
2224,9.825458526611328,549.5603132734205,550.3120078031218
2225,10.022120475769043,545.7462411056132,547.7663856385643
2226,19.192058563232422,1461.973714096791,1435.4641027962384
2228,6.960454940795898,599.7019670673695,619.4933259452016
2229,17.243118286132812,1838.7953080858097,1838.5571469558035
2231,12.916022300720215,815.218789804263,822.5949198877827
2232,10.602360725402832,827.0466513581822,801.7125122814108
2233,10.050735473632812,703.1242450637641,667.463711294962
2234,13.365838050842285,867.4424570977187,875.4174148818971
2236,6.794644832611084,389.556933654707,392.3960730042794
2237,9.14500617980957,534.7410837299681,533.7339986776863
2238,8.160179138183594,713.4836621196505,726.5921940502539
2239,12.23336410522461,1179.0401904566895,1193.7519169081297
2240,14.237550735473633,875.4265707850781,934.928693765676
2241,16.096149444580078,999.8458500516622,1079.042250428941
2242,10.893451690673828,1028.8081469085885,980.861663414215
2243,11.63629150390625,1124.5108168009667,1079.9472073815996
2244,7.435695648193359,460.13470622148844,475.5636406278982
2245,11.620335578918457,854.1706582259054,900.3660293190379
2246,26.250476837158203,1172.909571693552,1188.429108783151
2247,21.102745056152344,1001.7746189924296,1037.3369142582596
2248,14.594454765319824,984.2995941573387,1024.2954680197674
2249,12.843584060668945,958.6302190500314,995.3675989317906
2250,28.40369987487793,1336.5410466707433,1377.5088972348383
2251,24.870891571044922,1108.8078346316336,1136.5884918492802
2252,4.057765960693359,415.52567335402443,416.58508682337026
2253,10.931405067443848,925.3201546549793,895.5302658839762
2254,8.820792198181152,780.0725177222076,769.9273406411098
2255,8.894015312194824,648.6268808300799,645.5365398936481
2256,8.528017044067383,641.3379630473987,630.529440318671
2257,8.66748046875,639.9070470161997,629.6562688497821
2258,8.307989120483398,642.7086645738005,629.4325309099843
2259,10.986532211303711,640.7189686693636,620.9637552931413
2260,20.414859771728516,1672.5045818765195,1682.9808672003244
2261,22.787437438964844,2154.8508549709513,2174.4705319235677
2262,11.127087593078613,512.2442254804548,484.27753317703
2263,12.972209930419922,593.6478021344996,584.0299354849207
2265,18.446704864501953,1342.0780145909093,1369.1902771867867
2266,18.604000091552734,1234.73565839379,1245.2792543307542
2267,16.40439224243164,700.8023478712975,709.2591480112685
2268,18.43213653564453,757.5937691259057,767.5640369450559
2269,27.583595275878906,1562.8037217859594,1650.774502290297
2271,12.842024803161621,1260.215163488426,1289.3416548749103
2272,23.979249954223633,1767.2750665633662,1782.3534941474634
2273,9.306793212890625,616.8086825696477,638.1527471746613
2274,14.201032638549805,862.9885001865651,878.8985324982846
2276,15.702337265014648,1048.8379398690986,1041.3667667803402
2277,6.318381309509277,434.59610454439894,429.8929307393287
2278,7.906744003295898,727.714951481397,712.0888758733588
2279,6.293776512145996,434.2180603489108,430.1113605064307
2280,6.474869251251221,450.56808908517934,445.9984630509836
2281,7.2311553955078125,427.4078927872906,411.86752329638995
2282,6.809289932250977,425.70959067083584,435.3447109966305
2283,11.899921417236328,857.8460832847614,845.4202084802738
2284,9.30005168914795,739.5194515569494,716.6669222794395
2285,8.786598205566406,596.5060695305066,592.1093225254828
2287,12.728302001953125,1094.1248903429614,1161.5533113922806
2288,8.649024963378906,755.6464037046629,748.1510191971413
2289,9.260908126831055,838.3007285389831,854.8948057182635
2290,8.93506145477295,460.4930480462647,458.5735240221735
2291,9.662494659423828,576.53474132123,584.6431749581492
2292,12.516010284423828,836.9125582183673,824.7047103517183
2293,18.357046127319336,1174.5737350747966,1203.2471702883126
2294,14.232612609863281,1144.4401384229602,1168.2142338194083
2295,17.727397918701172,1227.6367970983536,1253.4910007519613
2296,15.890257835388184,1021.8575269026163,1042.125682549193
2297,10.256871223449707,621.1418372229876,623.1996455516379
2298,9.88656997680664,950.6502886608115,929.9478857426171
2300,18.440296173095703,1039.4868320086869,1059.0490394776125
2301,17.494503021240234,992.3605936224633,1009.1327920082247
2302,14.737401962280273,826.4834486755975,841.2394036940652
2303,15.449905395507812,838.1992095256543,862.3931552199248
2304,13.040512084960938,1095.2170160871387,1112.9551674520692
2305,15.84549331665039,1300.0881304219733,1331.6942337596283
2306,9.272380828857422,782.8581691303585,816.8204263982593
2307,9.091668128967285,827.8231080573765,859.4731201637086
2308,4.797386169433594,394.10352519605533,395.5612430791679
2309,5.806951522827148,557.0215375244355,560.4022624498828
2310,21.11313247680664,1285.965728823867,1296.9790965091652
2311,25.040546417236328,1611.7425770933066,1602.9302037426048
2312,9.25655746459961,776.0188926958592,769.015865293199
2313,7.841777801513672,638.9773788003092,639.6331437355617
2314,38.46867370605469,2648.5827530712786,2846.6529067188467
2315,18.408353805541992,1552.9489281133556,1641.1725539082486
2316,7.081919193267822,884.5390174664938,862.0993460367848
2318,12.562063217163086,437.0402690797135,428.5905980734548
2319,13.845012664794922,680.5270706768141,680.6254318898738
2320,13.100982666015625,958.1809455216758,952.4075318504522
2321,12.148591041564941,849.6921206251994,862.9440226848651
2322,18.76531982421875,1336.9506742647268,1416.1952919360517
2323,9.86559009552002,900.1212628906308,929.615385841199
2324,6.122791290283203,471.03436824293385,475.2737369269278
2325,7.91478967666626,532.6228600795938,531.5568263173159
2327,9.284591674804688,750.6564837267529,730.1905177083609
2328,9.502586364746094,795.3234146012057,771.9339171796385
2329,8.184446334838867,461.90092344992576,436.1895230657056
2330,7.942282676696777,425.8694570604893,396.15529014110865
2331,15.587627410888672,866.9022404614108,895.8593521851024
2332,16.186113357543945,882.1269222354482,910.9418948361464
2334,10.451398849487305,838.131611498222,832.3797406756911
2335,20.70670509338379,1015.4296016544511,1045.791733033289
2337,6.489195823669434,649.8106124604324,629.370966960903
2338,13.482728958129883,1289.293973870921,1331.76892723919
2340,12.842470169067383,960.0458001135867,997.4420402893273
2341,15.543657302856445,886.9732135635844,923.2313363249422
2342,14.860426902770996,864.5835106637861,898.2706062336131
2343,8.072643280029297,705.8959310469842,713.2002575592679
2344,8.322298049926758,865.4375299695075,838.1407885435711
2345,7.736486434936523,568.9425282213883,566.4890189707542
2347,12.044225692749023,467.2902831775276,424.50168809749977
2348,13.946554183959961,542.8947746700899,525.4650122132493
2349,8.076906204223633,585.877186459439,574.6005953138598
2350,6.490763187408447,541.3666570506367,532.3434874336266
2351,4.62947416305542,520.3627319913185,502.9256475079226
2352,11.386271476745605,1030.7553216296658,1078.7037199778226
2354,34.75187301635742,1354.7063476552712,1392.173140529755
2355,16.901750564575195,1194.4368435108292,1242.6162143424256
2356,15.600035667419434,1222.3672774770096,1289.1785305791009
2357,9.585655212402344,634.5876359435296,624.2638661050316
2358,10.972127914428711,771.110718508895,725.1383135030027
2359,13.042061805725098,939.58078882461,930.288119366973
2360,8.891010284423828,702.2729497911681,697.4804470241694
2361,15.041224479675293,1194.255920796294,1253.9394145903798
2362,15.719886779785156,1109.2951623432787,1152.7564927492103
2363,13.604996681213379,863.1413389830786,869.0008226143459
2364,16.52096939086914,1095.547489113652,1093.7889697340645
2365,19.84480094909668,1158.1161202224419,1206.452699874858
2366,12.592609405517578,861.5621364103625,886.5484468468072
2367,6.113417148590088,435.21959231872853,443.10041807204885
2368,8.082319259643555,454.7595814145205,451.38139926131294
2369,8.083245277404785,555.095972521822,555.0863663414119
2370,8.395734786987305,617.6040101721879,620.7340787107197
2371,41.673274993896484,1923.7877648450185,2008.884286068129
2372,47.53168869018555,2222.4322745754876,2271.5707443865617
2374,17.38797378540039,1038.4124635210203,998.6399358139819
2375,8.692955017089844,600.2121352287573,586.9886147328846
2376,10.019623756408691,733.4795166590806,730.160138845926
2377,12.819063186645508,1010.7714737294984,1076.5828973384741
2378,9.966293334960938,1059.495040322207,1083.87645893347
2379,11.699974060058594,1188.1912166426052,1155.4023557460644
2380,13.205334663391113,1381.235995415177,1343.8578837375921
2381,17.085716247558594,1340.866533103173,1326.7847346893338
2384,11.622525215148926,1099.168463343776,1127.745791726772
2386,12.759987831115723,815.1456936131534,832.280082252997
2387,7.482688903808594,433.43162068126827,413.73175455647333
2388,12.844630241394043,785.1093712590882,797.3366316991554
2389,8.193674087524414,660.1225325223543,690.2248284644095
2390,19.852279663085938,1160.4377946138607,1104.9177061390994
2391,19.764623641967773,1185.8986257821775,1130.0559780133804
2392,9.604236602783203,920.153666787502,985.3185499515502
2393,12.630109786987305,1181.476285831607,1282.0287856054701
2394,15.296893119812012,1076.3894295207172,1119.1208769815044
2395,14.000836372375488,1102.2792650881559,1168.3603952096555
2396,6.951484680175781,440.21599120868706,462.7977309944483
2397,26.89208221435547,1404.0189112411965,1440.8714175842802
2398,16.97853660583496,1091.488734505189,1133.430296038077
2399,17.540071487426758,1009.2634669833398,1015.0940094410084
2400,13.304830551147461,980.2044242715903,989.1503820025445
2401,14.400999069213867,1002.8135286147476,956.6297363279542
2402,10.066676139831543,769.0386833104023,752.4790725504563
2403,13.301095962524414,1027.2097568058532,974.135169668329
2405,26.112606048583984,1425.283289173684,1475.3011158329878
2406,24.184551239013672,1174.5991800446297,1213.9374253409378
2407,15.511678695678711,806.0064784783699,833.4778621837038
2409,10.038728713989258,550.429354297292,538.9047140502028
2410,11.710948944091797,784.6119942064842,805.6335892871342
2411,14.64792251586914,1386.6731250980597,1328.62737519055
2412,14.974554061889648,1413.586465244979,1353.400211168295
2413,13.665895462036133,979.6246835744616,1005.8529939835358
2414,14.944979667663574,993.0454154082655,1008.5592900914947
2415,20.538272857666016,1523.3592972247823,1545.0656409169287
2416,22.00181770324707,1407.8162710050926,1396.4560629422601
2417,28.675403594970703,1697.2939415196954,1749.5991251504909
2418,28.204151153564453,1712.8624998936373,1761.96319587311
2419,13.228172302246094,1073.3836183010199,1071.9041892367852
2420,10.581507682800293,819.64124115642,803.1321490851448
2421,15.071083068847656,1357.2791224800862,1376.768131895805
2422,17.697269439697266,1506.0369936380882,1534.0612134306352
2423,9.021797180175781,563.8492864870675,601.2882602409392
2424,8.535720825195312,531.9832006007358,567.0376811299287
2425,11.948995590209961,964.8296930930425,973.8432961771283
2426,11.431233406066895,836.8466827835944,845.4268555189517
2427,4.403163909912109,2002.747016553526,1959.4475789144587
2429,10.982259750366211,607.8427708143834,613.628984613743
2430,10.854217529296875,512.1978965772644,520.6517742941744
2433,6.532267093658447,641.5499831152549,628.9149164176815
2434,15.09490966796875,1397.703258888583,1451.9325275639364
2435,6.713772773742676,579.7659404791847,584.9528495195781
2436,10.271438598632812,1085.8997786998987,1170.4422986508532
2437,14.04435920715332,1198.5934038668158,1205.8781982073558
2438,13.166924476623535,921.243943150991,937.1491121053554
2439,16.37081527709961,1278.7638050715912,1285.271567282342
2440,13.341222763061523,1106.8809289184703,1090.3639511129911
2442,11.677511215209961,582.0347939664518,583.1762956941226
2443,8.6091947555542,619.4583314571541,619.850950582166
2444,9.04033088684082,689.3652377461697,669.7205112193973
2445,8.407963752746582,608.1996849669299,606.5694083827414
2446,8.884946823120117,686.1496034748241,665.1498341609865
2447,7.556109428405762,838.1412237843696,881.6351409493232
2448,8.590620040893555,592.8196363735882,566.2540838467056
2449,12.426706314086914,783.5068439344027,753.3923190348149
2450,11.82421875,764.3155846272028,760.7940402285224
2451,10.943212509155273,659.5511782191497,673.470056062816
2452,10.949532508850098,862.0188862146704,859.8643757736071
2453,9.407892227172852,791.8807834281838,770.7383182106353
2454,18.054454803466797,1154.7332987319394,1188.0015662745725
2455,14.724753379821777,796.19339618512,799.2463448399009
2456,10.541962623596191,913.4874375243024,960.0386831382723
2457,10.172707557678223,847.677756628328,874.2757821846009
2459,7.2004499435424805,492.8991348248765,485.8811481766665
2460,19.510791778564453,1324.056865587892,1354.6768818772784
2461,14.23586654663086,901.0190996043505,916.8399722078453
2462,9.576193809509277,717.8911082728382,743.569186784616
2463,7.985179901123047,576.3959287777113,577.2094367690346
2464,13.754436492919922,1130.8169754154221,1126.0978703242952
2465,15.792874336242676,1256.7446538421837,1238.8684908963944
2466,16.402942657470703,995.9630969641108,987.4638843029707
2467,16.347936630249023,1840.6713548336716,1972.9058104201595
2468,54.34210968017578,2394.5341020266947,2557.9474168267743
2469,12.826637268066406,783.7996482329179,797.296024649323
2470,12.075642585754395,1155.7444472690026,1143.2940277190214
2472,10.377389907836914,1044.2698436593814,1057.0240720783545
2473,15.45962905883789,887.0598930818893,839.5228041365176
2474,14.410125732421875,833.3271645905961,788.7934235644561
2475,20.57694435119629,1569.00667993486,1525.3612290190658
2476,19.366689682006836,1323.4865769399066,1299.3119617602715
2477,23.712726593017578,1789.538443864568,1867.6067973761883
2478,20.772293090820312,1722.873156577033,1816.54085581472
2480,10.572174072265625,612.7116398819136,648.2715939549906
2481,15.073481559753418,606.3609801288636,630.7309126121165
2482,14.595311164855957,538.6889602406641,551.6802621459102
2483,11.182604789733887,711.1727808402957,735.1512911233254
2484,12.07025146484375,755.1479417118312,786.1304097101994
2486,19.929615020751953,1948.173534551712,2032.4562055107222
2487,16.714527130126953,1176.8961093506757,1222.9488685251788
2488,15.392077445983887,1159.9671960427934,1221.8530150601505
2489,5.173565864562988,402.63293021634513,410.82125822620543
2490,15.316946983337402,757.5825504539032,775.837745701434
2491,20.917984008789062,1137.7244284296578,1250.072963663424
2492,25.97074317932129,1820.0250770539342,1866.4715522456659
2493,21.338376998901367,1471.3067326986375,1505.1131420236713
2494,7.364250183105469,657.3187586192685,661.4675455282666
2495,6.832922458648682,573.8939913651194,586.2911378292807
2496,34.199031829833984,2010.9029553519058,1982.4438224962933
2497,31.021041870117188,2016.3614978649139,1924.1249184327398
2498,10.988039016723633,592.5564437456218,590.6091931227031
2499,9.706037521362305,486.3230204615037,493.20222185169564
2500,8.283124923706055,559.6152827231796,556.6165104203974
2501,9.15617561340332,737.7532998631119,751.5963552733381
2502,8.308710098266602,889.4464699549509,896.6794458814902
2503,9.498758316040039,1083.4095011742702,1075.34622382148
2504,13.24193000793457,1484.373160447574,1409.5148770884134
2505,13.075979232788086,1491.2384798848339,1416.3137397867667
2506,13.019131660461426,1224.330508922644,1262.7246159827635
2507,24.237194061279297,1790.2847945347485,1900.2235644001632
2508,8.688417434692383,787.0143463149207,773.5268746760046
2509,8.215194702148438,772.1316135648949,753.4172378690514
2510,15.596151351928711,877.787452518253,921.047824671667
2511,11.290321350097656,713.6694426650138,755.0461542623262
2512,11.34365177154541,998.2691189467291,1048.68160096847
2513,7.609588623046875,772.0753717549726,807.3457153129523
2514,7.15369987487793,385.39184052844223,377.6913574621575
2517,15.667210578918457,1210.3362752868554,1183.0220304474271
2518,10.693197250366211,755.5556158433243,736.3373188047489
2519,12.061010360717773,778.5691336953247,751.418759188757
2520,16.026695251464844,708.2145559703891,739.4384411299347
2522,7.215524196624756,336.18367893867367,353.4334066663588
2523,15.032402038574219,1453.2256825853665,1438.0781078568768
2524,16.34476089477539,1447.6430927620904,1454.1831788566956
2525,8.49020767211914,581.5700757778698,593.1099879609119
2526,10.29559326171875,678.0937667285287,721.9038075476881
2527,11.606703758239746,795.2132310745997,781.4640524102684
2528,11.603630065917969,969.5675459701207,946.1412764268782
2529,23.085765838623047,1566.9966494686455,1531.71590309985
2530,20.277708053588867,1273.740663133209,1255.9924851513063
2531,10.144468307495117,502.7401015129799,497.85344087733534
2532,14.070611953735352,793.9440182176681,792.8334974585537
2533,12.644026756286621,918.4358934235054,932.5777975718438
2534,9.736856460571289,789.255943824966,780.2786147789519
2536,8.801490783691406,420.1153658140987,439.3302659011453
2537,11.38006591796875,721.1648000102873,760.3088822359738
2538,14.051348686218262,865.6884381715814,915.2453391803822
2539,16.103574752807617,1097.5029444649244,1096.2106965806095
2540,11.127090454101562,1284.5346622858767,1324.2948546251794
2541,8.506239891052246,773.3028703520489,807.723746641707
2542,4.692389488220215,412.6303954889768,410.17959217711115
2543,9.198471069335938,764.1428212157239,808.4974955350995
2544,6.152956008911133,660.8162530230044,669.1005914669921
2546,9.41207504272461,636.4461634105157,620.9244048556327
2547,26.048633575439453,1363.4131581477322,1371.1187397839662
2548,33.60159683227539,1703.3423348754955,1723.676802244274
2549,12.76052474975586,820.6368783671203,855.4644564119565
2550,17.392669677734375,1395.889634124171,1490.7748198399383
2551,20.27202606201172,1212.7073710648224,1254.9168071910565
2552,14.733110427856445,967.9685849765311,993.4172519417591
2553,3.7922112941741943,1268.8476375422056,1217.4414761471764
2554,4.123590469360352,1279.7189863616875,1227.811080868157
2555,17.491079330444336,1261.3145907661587,1339.1806217632848
2556,17.272422790527344,1324.0201707991434,1422.549592725648
2558,10.605976104736328,814.0157904740776,801.2813155700401
2559,10.834423065185547,844.7353725446221,816.4027395686276
2561,10.948949813842773,956.3739978986679,941.8275854729237
2562,13.933168411254883,1473.8224001592496,1449.865202251221
2563,10.505144119262695,958.6253303755964,908.0617974622064
2564,10.85219669342041,960.5600609867632,921.9304700685523
2565,5.904961585998535,350.988859407151,355.5972760646503
2566,5.528419494628906,394.59337303950286,387.20360585074036
2567,9.45274543762207,648.5562493167861,616.9295134831607
2568,9.319988250732422,680.976055953261,641.7745841054692
2569,15.225446701049805,820.2239716035377,777.1514600937753
2570,12.198774337768555,791.0488077688277,794.056399471521
2571,13.251714706420898,810.2647603507528,813.7395622973984
2572,6.428579330444336,550.6820814140465,551.259139802601
2573,15.136648178100586,1257.0444715590525,1340.8936336654915
2574,13.313796997070312,927.7738796620771,923.30780154186
2575,9.885575294494629,903.3142975754001,897.9547729318011
2576,9.812287330627441,984.4094398114199,984.1638365720967
2577,10.576644897460938,917.3967490967009,914.7170292986543
2578,10.195486068725586,887.7255366848881,887.820708408208
2579,17.895217895507812,947.2983873992725,951.2132254760231
2580,8.19378662109375,678.9704846477141,673.8766231505479
2581,8.025836944580078,681.779234391958,663.7821416084244
2582,10.94548225402832,716.40420597055,730.8181082803773
2583,12.638005256652832,965.223196615496,1033.2448561414842
2584,21.649005889892578,1341.293375207189,1423.5557847484874
2585,20.253114700317383,1067.5882946388583,1124.4162188480968
2586,21.89986228942871,1673.042701885271,1639.3788968375318
2587,20.677541732788086,1640.9994493927063,1603.054369715185
2588,8.608607292175293,433.00958904340376,430.34039553022075
2589,10.210033416748047,613.1812527286232,624.9882364732468
2590,7.322697639465332,574.3636393228337,583.0106595738273
2591,7.764499187469482,660.7222660622729,661.299206831684
2592,7.363458633422852,574.6425545841487,584.1971594726192
2593,8.037969589233398,679.0375287387075,679.1367509975037
2594,12.632108688354492,866.7328109492338,821.0548353746041
2596,10.463404655456543,846.5557336895046,816.0720254258091
2597,8.338142395019531,552.9988967394795,526.124589435995
2598,9.258781433105469,706.1880292515418,719.5311421491989
2599,8.12271499633789,618.5137914428605,623.9198926889728
2600,10.960482597351074,748.2695358882954,740.7402507444708
2601,16.802684783935547,1303.604035816556,1354.9410566535905
2602,10.020221710205078,680.2989218924488,662.7335542785837
2603,9.480653762817383,657.4676057525938,632.4993359235697
2605,12.375933647155762,694.9177845895404,714.8980350731368
2606,13.45074462890625,738.4185392685207,753.9073146535726
2607,21.388185501098633,939.8112713126081,971.6745462221676
2608,17.022632598876953,1396.2378483125344,1401.1909986726992
2609,17.852548599243164,1575.108608902075,1564.3253809760388
2610,13.725367546081543,809.2527183094714,777.9667861805916
2611,14.993581771850586,1011.0806240177277,1037.6566994533243
2612,20.543148040771484,981.5778599202208,1010.2605369146783
2613,19.159809112548828,905.7165378081617,932.7182633240199
2614,17.063447952270508,1533.4674117169166,1510.8038584923586
2615,19.184688568115234,1659.9184294061977,1663.2161989849178
2617,7.120187759399414,426.42415459635964,405.1298265931255
2618,8.745920181274414,546.4632583404932,542.5891357201592
2619,9.807100296020508,568.6775466479396,556.652741909704
2620,10.694726943969727,998.4648871080261,1023.216120944477
2621,21.878253936767578,1585.1146696097503,1697.8016987153235
2622,23.541744232177734,1224.6655129677968,1272.0175163265633
2623,22.016204833984375,1146.9646254496374,1191.4615151848768
2624,25.87150764465332,1341.5416521467619,1395.5896308053684
2625,13.152568817138672,1039.7264580267708,1011.70308018579
2626,14.414022445678711,1025.5323933852505,1027.287710821995
2627,8.966920852661133,914.6935413408429,948.9856748257293
2628,17.005422592163086,1124.451884505223,1161.8356753567473
2629,16.910079956054688,1204.5246402665537,1314.5249680977258
2630,16.42037582397461,1012.6728505827047,1090.6215439154216
2631,20.411264419555664,1112.8494834522457,1126.392175768353
2632,18.083782196044922,927.4999142679568,941.1610663848081
2633,12.38132095336914,426.5306575223597,402.46414474376485
2634,12.51577377319336,476.0412606221679,477.06629242777336
2635,29.71319007873535,1593.6735547883766,1613.5243979997767
2636,34.68796920776367,1767.6317674489867,1799.501744087597
2637,21.428632736206055,1423.6494480913345,1420.654983407106
2638,21.347909927368164,1050.5131032875634,1038.111667968228
2639,15.178140640258789,1049.9182859413834,1057.4387944927835
2640,12.57616901397705,514.6989861919117,513.8361602698138
2641,14.452253341674805,871.2710184117111,898.4187066300937
2642,16.6783447265625,1172.1356008249309,1219.684399999185
2643,15.404446601867676,1209.4501558360473,1275.2741979642346
2644,22.009326934814453,994.1746368840153,1032.9296639016782
2645,21.271862030029297,896.0801040968797,931.3667126973047
2647,9.765543937683105,938.4384925780696,901.6292768872357
2648,9.41012954711914,813.8238122875657,833.5654691008705
2649,6.319934844970703,405.2855585416259,402.613837093092
2650,7.5043535232543945,616.0587495011617,604.1209490910036
2652,9.159956932067871,765.8955576667922,757.950896991909
2653,11.423702239990234,715.6174271796108,740.718156682272
2654,12.46989631652832,800.8643149943309,834.7216563364873
2655,29.169265747070312,1343.298504946026,1340.019716535476
2656,10.567989349365234,647.6466999622587,659.119342992134
2657,9.881537437438965,700.1546977091235,732.0281024946974
2658,25.104446411132812,1880.1632529521,1963.7777586607122
2659,7.66828727722168,691.7409101703666,732.991651474399
2661,12.164584159851074,1114.9186236390326,1090.1767486161398
2662,10.240069389343262,906.4410398097185,871.5708844535538
2664,15.873090744018555,1246.0228577608689,1249.1627419211152
2665,14.507347106933594,993.2400021767663,1037.0174611893005
2667,8.470649719238281,523.201425984694,511.31111626812174
2668,11.05457878112793,1216.7495038095876,1195.9089132642898
2670,23.13910675048828,1403.253471413813,1463.4742132211968
2672,14.593925476074219,1012.9286316781145,1019.386116417957
2673,18.027084350585938,1217.6347510434953,1197.566228012389
2674,12.777509689331055,1063.0098290619728,1146.9650199256328
2675,12.921178817749023,908.0242561999984,963.9056360167443
2676,12.342412948608398,820.9563859506903,825.7880548559872
2677,11.499685287475586,769.9483519515038,769.7421653685401
2678,13.97779655456543,556.7826876102783,569.7924986476413
2679,14.681483268737793,736.3229188689041,783.0075815373598
2680,16.491268157958984,642.3457618985752,675.846969183802
2681,15.739376068115234,565.9628732535178,584.7309289776766
2682,10.777572631835938,663.0436698175689,658.9504503579168
2684,18.280670166015625,1275.1068055993192,1253.8160836400402
2685,26.098804473876953,1528.9049047404621,1514.132806661739
2686,12.131568908691406,951.7770964139568,907.019612806704
2687,17.736867904663086,1230.1355900240183,1222.4614891900508
2688,20.419986724853516,1252.6049058076424,1330.1037978673746
2690,14.030632019042969,1030.0080253431474,1010.990841963457
2691,18.040008544921875,1130.13926323953,1101.0175687322715
2692,16.094711303710938,1080.1732305966725,1101.7039191696415
2693,20.03421401977539,1448.5843534429828,1504.898189616435
2694,8.05128288269043,937.653744587956,975.1630292813992
2695,13.120858192443848,784.0178725414174,806.245904654767
2698,16.31660270690918,1352.8715753230017,1385.8716921105372
2699,17.267780303955078,870.0239858685126,887.9837204396368
2700,11.030142784118652,1170.3004538411074,1195.2051933380292
2701,21.302555084228516,1179.7337157297115,1215.8503572330658
2702,32.09885787963867,2009.4160033496823,2138.354891306894
2703,21.907180786132812,1571.8180012706487,1625.5719440465336
2704,25.577571868896484,1738.3000710693564,1793.5936769939874
2705,21.581253051757812,1466.9643665027934,1524.7405371960062
2706,10.116691589355469,879.7464722963068,874.8424071441447
2707,7.957490921020508,697.847655005899,675.4841474451775
2708,10.36505126953125,1100.2723950655268,1055.7450371768052
2709,7.333155632019043,991.2578114921522,983.2974630615395
2710,18.759967803955078,1312.1694807222375,1313.8769161867344
2713,19.771663665771484,1058.2607910689844,1104.3093520440043
2714,12.37769889831543,714.9713239166466,694.3773895505574
2715,11.524124145507812,961.0087538777215,934.1005944248285
2716,8.087021827697754,746.4672652313757,724.294214822763
2717,7.888131141662598,715.0312940732762,713.3937435894765
2718,8.968538284301758,907.4997292304415,897.1874338809213
2720,15.462398529052734,1128.8536484010883,1096.2193790196222
2721,21.735984802246094,1496.7470184744273,1472.9141288469345
2722,25.429365158081055,1516.8154132119746,1565.3187564523753
2723,19.368833541870117,1320.6531886885032,1355.4418654927008
2724,9.977672576904297,808.2648672634945,797.1523124044677
2725,11.138545989990234,961.1283757606994,971.4881169621323
2726,13.57072639465332,957.169962200292,965.2292261306216
2727,17.85736083984375,987.0367666524279,994.0486661157439
2728,21.54771614074707,958.5176190353294,993.5606257611295
2729,17.289342880249023,1166.3116036461454,1204.8054283461972
2730,19.57391357421875,1091.70062386525,1091.5430589909083
2731,18.852365493774414,1151.709767948704,1120.826419143962
2733,14.071956634521484,807.8317377398226,831.6787571650615
2734,12.619539260864258,765.0184352092039,755.1075723493695
2735,12.319025039672852,714.4464781470194,690.9418967103103
2736,10.622137069702148,668.0260159498512,698.4467078988667
2737,10.978826522827148,577.7612433673801,592.2644305165499
2739,19.724685668945312,1707.568912347588,1798.7747997915037
2740,8.64139175415039,617.1801422464173,605.6778041937889
2741,8.317829132080078,595.6236241400211,577.9790958147233
2742,16.12870979309082,1265.2342863064432,1328.682046549968
2744,23.679134368896484,1295.494216482346,1364.9810036308668
2746,6.174290180206299,616.4235239555193,628.8809104415494
2747,5.868050575256348,595.8490428049839,604.5257886136686
2749,5.866376876831055,595.628408216818,604.7824789720224
2750,13.929664611816406,1237.1820302701863,1304.4065156328368
2751,14.148728370666504,940.483463906152,961.2440108248437
2752,20.559812545776367,1204.3357237635373,1203.3581393935485
2753,20.514909744262695,1229.383826947614,1212.7684021150442
2754,10.900774002075195,712.0192856315869,711.9097103571787
2755,11.822763442993164,775.1886662704793,778.4225458201781
2756,11.12984848022461,1005.8521739282392,1014.4307973458327
2757,18.993118286132812,1364.8494252385306,1425.735667471744
2758,11.479060173034668,1101.8196622102216,1133.745651815597
2759,16.276405334472656,1197.4502933616916,1277.0984139981442
2761,9.54494857788086,647.3155086953608,649.5569238268769
2762,6.4476776123046875,452.91580059673987,454.212556393466
2763,11.907981872558594,735.905375214324,753.1419495909151
2764,11.420755386352539,720.0446408713804,737.4362930289892
2765,10.270197868347168,830.8720544982674,795.8097769412155
2766,11.087142944335938,776.5107737991893,734.8407218471947
2767,37.12730026245117,1844.778225963519,1903.185769109864
2768,18.218265533447266,1007.6901721024361,1007.930642278062
2769,15.690760612487793,821.1768857230383,811.8676241951314
2770,16.37648582458496,1194.555513747379,1255.985378643645
2771,13.120372772216797,723.006229375031,738.4466960342403
2772,10.534821510314941,561.4824896098526,547.4427387469847
2773,11.83043384552002,754.9467888787551,771.2547593061389
2774,16.259777069091797,1190.4909074513923,1264.5018571834228
2775,16.77985954284668,1294.805027003467,1390.8634592009362
2776,17.576587677001953,1304.1050950465726,1374.8929177924583
2778,11.116170883178711,614.5843273754523,658.6974685763739
2779,8.158777236938477,552.0773747499084,543.4224014916849
2780,7.979369163513184,547.0920711962459,538.5427341166287
2781,7.306732654571533,513.9099649997743,510.19838167354385
2783,7.932984828948975,727.4836521945049,725.2410470322899
2784,10.42219352722168,1059.3716935758844,1082.3386327597857
2785,18.997451782226562,1627.4943918302902,1655.3312738310158
2786,12.08095645904541,920.4768073242818,883.0666641795991
2787,14.971144676208496,1063.9141661105791,1122.1767368238811
2788,14.203934669494629,715.9549171257712,755.926244898038
2789,9.694685935974121,705.4152554645165,720.7040092711352
2790,8.73150634765625,556.6181785499851,576.0252815444414
2791,3.6462514400482178,323.54420205529124,314.1545752783605
2792,16.63290786743164,746.9969937488161,778.4184836345057
2794,17.77754020690918,945.4259351464322,997.92871865746
2795,13.081916809082031,902.4989233437257,916.661279656343
2796,10.761399269104004,718.8158106677965,787.0907710272901
2797,15.150447845458984,1591.9176485559897,1641.2529865733165
2798,22.518253326416016,1953.7660764576278,2073.9989994519365
2800,17.897951126098633,1087.9023417704955,1119.0084778175528
2801,16.67823028564453,1297.8341064887404,1357.7505513138817
2803,7.032745361328125,440.62716297435287,436.1801645216657
2804,9.36438274383545,603.406416566147,567.4169983367409
2805,12.542465209960938,893.7505499091586,944.6632027874225
2806,12.370777130126953,591.0971262828662,589.2339004192115
2807,26.799280166625977,1229.3895221609257,1237.68753130349
2809,20.570430755615234,1584.1997463121,1576.1547093444829
2810,18.06935691833496,1496.955724771283,1466.2930553724343
2811,20.099224090576172,1614.059247118992,1589.4878851538417
2812,15.562284469604492,1281.2440962467583,1245.7537955235211
2813,17.110519409179688,1374.6242724669887,1348.0357819829615
2814,5.845232963562012,485.2362087301749,475.40700952703395
2815,5.10308313369751,485.6485987174522,480.07399859923856
2816,14.450916290283203,895.5860408705784,871.8600996313236
2817,18.014925003051758,1067.6506003818447,1040.592615865164
2818,13.607258796691895,1194.9902408551195,1226.7880690944278
2820,30.906936645507812,1282.5168043907263,1331.404934912093
2821,10.077982902526855,648.1527494223075,662.3356929590399
2822,11.237249374389648,831.7225727352128,839.0125852780482
2823,12.366598129272461,827.3103993188793,844.98305396142
2824,10.464604377746582,817.2311277382959,812.194994125306
2825,12.835733413696289,1259.9920570071247,1371.0171547067707
2826,31.05230712890625,1723.3966606890704,1856.2481570631307
2827,10.545869827270508,1035.0262688752596,1061.8952582049794
2828,21.07176971435547,1161.7498700369695,1184.270593670304
2829,18.581096649169922,925.4088323970194,929.5144517229704
2830,16.378944396972656,1324.2750806986387,1382.476365151162
2831,17.176647186279297,1205.3235481593517,1261.6843040132655
2832,13.887331008911133,1041.995356301033,1077.37283571263
2833,15.549674987792969,1248.7301676750521,1311.9766859293277
2834,10.452309608459473,1186.9866506283577,1203.0958776591865
2835,7.982979774475098,841.4362453762727,844.16786925597
2836,6.979822635650635,861.6033395034095,877.4268066704043
2838,12.978580474853516,900.0851714583957,866.0182061623268
2839,19.199848175048828,1261.5217394455542,1246.04250981679
2840,23.13760757446289,1480.014337111506,1566.1960662999252
2842,8.688057899475098,687.7610575059357,672.1939531020525
2843,8.271206855773926,608.322058878081,587.9381349885878
2844,16.484642028808594,1060.6650592712147,1094.6725078676905
2845,8.401447296142578,704.3323183117703,702.0750059507474
2846,9.116987228393555,741.6925796700442,732.7532440558565
2847,20.718658447265625,1967.0070859723883,2100.4073602879753
2848,60.561527252197266,2411.0412444222893,2579.2617013525573
2849,16.598190307617188,957.6097767375185,979.8996221494715
2850,30.319255828857422,1696.3244854274974,1633.6284556768865
2851,30.219064712524414,1695.5507196991714,1662.6780860991792
2852,8.165802001953125,723.7710097049213,755.7231650981266
2853,8.620593070983887,843.8581332414876,873.9731409780302
2854,13.821901321411133,707.1643212889043,718.6962460612922
2855,14.63962173461914,685.5739490772512,709.3880242843417
2856,7.267651557922363,440.415653449749,419.5096548401126
2857,8.935750007629395,651.622269070352,629.0612699230313
2858,27.98716163635254,1802.9681756212194,1825.8744546569055
2859,24.340682983398438,1903.3055391947548,1924.040273031968
2860,21.814804077148438,948.8885579694515,958.863332635124
2861,20.19530487060547,980.4735904840201,1001.4756843045259
2862,16.35838508605957,1004.1031977841358,1004.0525870850398
2863,17.526912689208984,979.3605162387203,982.3816357896524
2864,13.408422470092773,562.0641498083347,571.8591611370957
2865,15.170775413513184,824.124161030826,853.0014784037085
2866,21.973630905151367,1096.2634237556338,1139.7846584499916
2867,21.386253356933594,1083.2028702105292,1144.8431488947033
2868,15.470937728881836,1169.2937938715932,1156.6448903568466
2869,17.967891693115234,1358.733101559007,1395.7393889327107
2871,8.498796463012695,617.3598770625625,596.2055240919842
2872,20.35049819946289,1888.348687500641,2000.2921986654974
2873,12.473295211791992,583.6743025581865,603.0373227064811
2875,5.633306503295898,392.94340829579374,398.87932147653083
2876,5.6559247970581055,391.8458388685359,398.71531636286807
2878,11.69292163848877,846.9875335148291,841.0419564453033
2880,15.130369186401367,600.7952329162003,600.8768227796554
2882,15.017766952514648,1264.346586982222,1213.702512337763
2883,19.59554100036621,1078.0831900561195,1124.2751305526285
2884,15.24506950378418,821.8313122084702,859.5805314744565
2885,6.8617095947265625,369.5916181502835,361.7349250453837
2886,8.685643196105957,640.1835242097277,616.943244920504
2887,6.693838596343994,411.10136169222136,396.1209102004803
2888,14.217046737670898,515.923263116803,510.64829194039544
2889,16.277076721191406,852.5770006413335,872.661885326995
2890,10.10013198852539,844.853075764025,890.5780176800953
2891,9.634448051452637,820.9131635407413,839.1204633356476
2893,22.186744689941406,1172.2445315009738,1141.7259657080217
2894,9.664352416992188,551.9307120094426,579.9086771781524
2895,12.539947509765625,1166.0008391448355,1180.967588880325
2896,16.880680084228516,1052.4033588611787,1093.1959853081592
2897,17.094924926757812,990.7472018289395,1018.1447657258469
2898,8.148544311523438,2117.0908829659616,2064.4776944979003
2899,9.739692687988281,2169.5004103786123,2117.346021640483
2900,11.190385818481445,1218.5670361390428,1209.9611985074048
2901,12.275197982788086,1239.9437908574087,1237.8170319768747
2902,27.379058837890625,1121.4718646055662,1117.3372794529039
2903,20.113740921020508,1242.3119676616939,1306.1196635180645
2904,8.852093696594238,649.4086402135611,705.5047559613007
2905,9.12100601196289,693.9404130664291,742.6631977143988
2907,9.30920124053955,934.0291190252437,918.5373808892471
2908,12.762956619262695,705.255559749453,725.0275454085128
2909,8.943811416625977,548.8519491197143,542.4980940396065
2910,34.67436981201172,1703.0105403387322,1789.7713596321578
2911,27.082544326782227,1453.8559815671217,1528.970904816043
2912,20.528236389160156,2052.8342029259275,2037.6252192743107
2913,16.177623748779297,1293.0163897308887,1325.4193858769545
2914,6.911846160888672,616.8330524454193,602.2736152261132
2916,12.339787483215332,609.4376771221993,621.7079258840882
2918,19.26418113708496,1036.2600727205195,991.682033739001
2919,16.214614868164062,893.9082107567101,856.4621603999019
2921,12.383710861206055,953.5254898615832,938.4070838979459
2922,7.535035133361816,383.4674011013267,377.0679397596175
2923,9.201347351074219,564.7130020054293,563.5068195048557
2924,12.285429000854492,813.1593657839076,847.0011485145463
2925,14.772130012512207,609.9834275506063,638.500808634673
2926,14.943427085876465,604.22752433436,623.6788167115928
2927,18.736038208007812,654.8140471833419,630.3248474929813
2928,20.45517921447754,890.9122741604561,907.2704045396811
2929,23.593082427978516,1306.7106742693475,1347.6476162978938
2930,18.436119079589844,1081.9616835896995,1091.900148113629
2933,14.983039855957031,1326.6848193404062,1377.1693725622606
2934,18.076379776000977,1570.2099309451164,1666.1390369932842
2936,8.284584045410156,570.0751460479397,538.4165048873484
2937,10.728291511535645,1061.7057966570778,1134.5445560890776
2938,11.516824722290039,945.6293999078758,1005.8344642507835
2939,12.593754768371582,1159.5420548765512,1249.9371719659118
2940,12.485528945922852,615.2312485074585,630.2682374626746
2941,16.56542205810547,887.1959292449183,928.1628510905426
2942,13.24564266204834,836.9505991711053,837.0026525378738
2943,18.460094451904297,1252.279953627122,1314.8804509005615
2944,8.916962623596191,617.4556614919634,614.1232823946315
2945,9.244522094726562,615.7522928795809,607.1957697947964
2946,12.082229614257812,983.6409719731422,976.6474237444443
2947,22.789457321166992,1568.2846410858695,1609.5301188071878
2948,21.669790267944336,1495.3451944536737,1490.7405668265733
2949,30.47397232055664,1414.0129097105096,1500.4826750033592
2950,37.77824401855469,1692.9504345837072,1812.6372460215339
2952,33.708980560302734,2075.1917892487654,2142.830137149745
2953,12.273640632629395,1124.2846998026318,1159.3122300150048
2954,11.003190994262695,1071.9244071802789,1120.1012771562962
2955,10.521554946899414,1289.9776489321284,1323.9017060562367
2957,11.920831680297852,1020.7866744734013,1013.8383150092935
2958,16.15254783630371,815.2191189306399,836.5887809983465
2959,22.319869995117188,903.8934678319523,955.9761002745284
2960,45.08269119262695,1685.0741904442664,1750.7110105581144
2961,7.64215087890625,517.1504101629887,509.8943308946433
2962,8.20844554901123,590.7075236388075,573.1705897304291
2963,15.732649803161621,821.328417711253,860.8279239759366
2964,15.118616104125977,921.230867988322,939.1223726175639
2965,13.65902042388916,831.0093369163583,840.3574604440618
2967,13.046817779541016,855.3658925823506,867.6995695754702
2968,48.60694122314453,2321.7216822927803,2539.9005315815143
2969,10.7481689453125,660.524679010279,644.2140300534926
2972,10.384796142578125,819.9822760701558,803.5738927082256
2973,8.149715423583984,556.0046697608453,537.1744899166735
2974,13.58644962310791,875.1929937727732,875.072122121011
2975,10.227666854858398,612.133892216487,606.1956867231581
2976,12.085866928100586,782.7288646383865,826.6528432846063
2977,12.811767578125,605.536677296103,627.4290663433742
2978,11.909635543823242,706.5133936447904,719.1656460884602
2979,9.179849624633789,643.3289312934783,659.698775685755
2980,27.568565368652344,1098.4579039423656,1097.4894734490351
2981,27.397666931152344,1126.1178365967196,1121.5491505048851
2982,7.812528610229492,626.9517219624597,607.6228874256939
2983,7.37369441986084,595.5460994861303,584.153702681961
2984,10.216411590576172,969.0369026408289,958.4666849296617
2985,10.539407730102539,1019.8376446799158,1014.0860473306702
2987,9.888497352600098,645.5626844417152,649.6339755053417
2989,10.900763511657715,793.5652306504187,820.8857881273847
2990,5.5603108406066895,538.9386435491051,537.0014913124294
2991,13.806982040405273,1090.3116084477233,1140.6502519829514
2992,14.881336212158203,924.0683512022553,927.7266224263104
2994,21.03443145751953,1880.4526382428965,1889.1036680681198
2995,11.870270729064941,714.348327257112,730.5394532878094
2996,7.075634002685547,691.4969477832454,714.5202560652593
2997,10.595067977905273,987.2693343480615,1012.1322160893742
2998,7.138252258300781,693.9756737341844,715.1836430446104
2999,10.664379119873047,990.4570975127132,1014.8956552732639
3000,6.021106719970703,611.9676376784523,603.4282439365966
3001,8.318597793579102,593.1459526023426,579.5819835724243
3002,12.677289962768555,1114.8303703419306,1166.355022049498
3004,19.854618072509766,781.6946003626091,800.037892246611
3005,19.177127838134766,817.4300728787152,840.197398927427
3006,40.21993637084961,1669.1574606615948,1722.1995563853552
3007,38.53452682495117,1736.437974132669,1782.2454838772376
3008,13.822454452514648,1160.744960978258,1191.7609207566215
3009,18.179340362548828,1384.686664867564,1399.5109402105031
3010,11.191011428833008,630.2498670936671,630.3602725839526
3012,11.126811027526855,727.2937254706867,682.0778711446477
3013,10.32999038696289,688.6610868765137,640.9426317783737
3014,12.37397575378418,913.0734393073751,901.540099351358
3015,11.718000411987305,881.3937031834143,871.9333667875395
3017,15.496201515197754,1009.5191512433577,1037.1128176066552
3018,56.987754821777344,2557.2091163705463,2743.1521275057225
3019,22.090248107910156,1874.1292820356766,1978.9231177383801
3020,18.20060920715332,1260.4364679715052,1343.1066351036563
3021,15.796606063842773,818.0142290760901,855.0530929925434
3022,9.376337051391602,777.1260133748899,776.9646614584365
3023,10.92857837677002,996.6439999649335,1008.5349694649527
3024,10.11301040649414,612.6935969922106,636.4345735773455
3025,8.9113187789917,591.363086776017,617.358581029127
3026,22.818500518798828,989.7126452668087,1042.2179194391715
3027,21.534271240234375,1127.6170956328979,1152.026654198756
3028,17.801746368408203,1479.0899357820617,1565.7291403979307
3029,14.60103702545166,1297.8503241222352,1337.8655227366676
3030,15.072554588317871,1067.3101744121348,1137.5184478376498
3031,16.501585006713867,1144.8951835839102,1180.8655625393894
3032,12.796810150146484,649.0018490119525,645.4276696414586
3033,23.641624450683594,1586.092203961721,1581.8520959351151
3034,23.760887145996094,1620.591740158731,1608.009593709276
3035,7.789787292480469,777.3666428733987,751.8566006689614
3036,8.291951179504395,768.7537291045201,745.1524452331641
3037,10.840896606445312,817.1352342980723,789.4105266270944
3039,10.83294677734375,988.0684929123327,968.6514574636087
3040,8.156898498535156,566.9081111645588,541.8368259602549
3041,23.121414184570312,1810.2257161598573,1929.8997109734362
3042,10.509652137756348,626.1050962315063,647.4433324723468
3043,19.021228790283203,1354.3319284838376,1447.2580690699774
3046,12.458697319030762,1366.7828260560793,1338.059986884532
3048,14.59358024597168,814.4546037169946,827.7759473822782
3049,23.26123046875,931.8144992493502,972.9219983414786
3051,19.43063735961914,1073.5842895737499,1101.2637592989188
3052,11.48261833190918,716.3418212740169,723.2800368037724
3053,11.86207389831543,798.637809198926,799.6971164448635
3054,14.611112594604492,595.3479396322565,580.696358325421
3055,16.72504234313965,620.7664315022878,641.2722158522167
3056,18.399456024169922,910.4229907572958,913.4388995391705
3057,22.310155868530273,1227.3135935516223,1299.1056546576492
3060,20.469144821166992,1379.724082401387,1438.6165824091233
3061,17.793529510498047,945.192055309773,985.2677278128749
3062,9.065126419067383,807.9874019468723,812.5721910997711
3064,26.711753845214844,1216.7176278447298,1233.9415007758564
3065,30.451868057250977,1375.2037801359045,1366.5192674628383
3066,41.119564056396484,1552.9015558055828,1538.688267050937
3067,17.64522361755371,1225.7699139408967,1252.3851695298522
3068,13.492276191711426,793.6234482372857,781.2165004575708
3069,13.448583602905273,726.5945629705941,705.7719870267981
3070,8.98830795288086,940.1815768889883,929.0408924988392
3071,8.528485298156738,818.3276270595632,802.4591443676427
3072,34.57300567626953,1914.3865420462537,1966.3928538176428
3073,37.41400909423828,2108.2092679437337,2177.4542137500835
3074,27.894346237182617,1335.3814227018445,1392.5280595901968
3075,21.949777603149414,1356.7203577000096,1400.4207359626237
3076,10.384387016296387,736.4099663846257,782.2900852975785
3077,11.866188049316406,1353.3534725203156,1450.8566606355755
3078,19.7199649810791,1239.7713049039921,1296.0292906836432
3079,20.130001068115234,1057.6782053243096,1108.5380403796723
3080,12.584181785583496,491.72392402264467,473.2123860328686
3081,14.076476097106934,691.4649435382244,701.1574517060102
3082,9.07352352142334,734.6268118052183,719.5173294043277
3083,7.741736888885498,525.239808755759,501.984942172071
3084,8.035099983215332,566.5350941674293,538.7402817976014
3085,8.58424186706543,601.2140387173688,582.7170687137699
3086,10.575760841369629,691.4536348904155,731.8924106813037
3087,11.752215385437012,756.003685850456,804.4494896871897
3088,13.559467315673828,954.4621260308571,986.9273417728334
3091,12.945985794067383,537.1480155799205,517.3114481806203
3092,22.004499435424805,1164.4879307662748,1133.7046417154609
3093,23.879169464111328,1136.2412750035148,1092.0600240988242
3094,25.323911666870117,1678.6218639783854,1768.3320593714952
3095,8.457601547241211,925.9245692924693,913.3166668034156
3096,8.331087112426758,968.8699022053239,969.0693864919953
3098,11.202375411987305,1006.1199770147487,1017.3696613395456
3099,11.968948364257812,1039.6867903165628,1086.2948063829717
3100,15.192853927612305,1149.8259301116939,1194.7988098721464
3101,13.797088623046875,1213.483836084614,1242.7746765570805
3102,15.493431091308594,1179.614269851984,1220.924318465461
3103,10.73572826385498,833.808918961558,835.1429055030242
3104,18.73935317993164,1459.4998856128755,1526.8851547792578
3105,14.719970703125,793.1441259781885,792.5738352083861
3106,15.189658164978027,1249.8597673318654,1300.3570037011714
3107,13.883784294128418,1059.8401118229572,1104.096708955187
3108,8.553616523742676,911.9057180407397,890.4403084292256
3109,9.919709205627441,894.0991524022661,864.6594385076313
3112,17.8638973236084,723.148930032211,754.4876837109472
3114,13.631109237670898,673.5941764785263,685.4616414130239
3116,12.631478309631348,1127.8512598299158,1126.919293993184
3117,13.18319034576416,970.192178417591,963.5551111605655
3119,20.551979064941406,1597.3042791435432,1590.9906666062557
3120,14.356367111206055,529.7865580953446,524.7988193638207
3121,16.545753479003906,1046.540656958937,1090.779165630607
3122,15.223098754882812,690.7624340656741,695.9598343349978
3123,16.33935546875,1006.3344784901468,1049.9394051016245
3124,14.97370719909668,1179.4641328756557,1165.733085299218
3125,18.280282974243164,1177.2190897979908,1158.545980563245
3126,16.049985885620117,921.130850436065,956.5578202554566
3127,14.14362621307373,549.6821362212554,549.902494749042
3128,12.839400291442871,1592.4705026978563,1621.6016090285775
3129,13.438709259033203,1504.9977996567093,1571.3128012895695
3130,23.63054656982422,1401.2710490336851,1510.5982538704386
3131,15.955629348754883,933.95901944649,981.4772798773104
3132,38.91237258911133,1798.9561785948974,1861.9279019524693
3133,47.72312927246094,1792.6905660052391,1794.421864255508
3134,13.782827377319336,833.4949569345827,828.7599631696925
3135,11.52432632446289,630.1814503619952,669.2605275494698
3136,11.096834182739258,637.3296904654937,689.3515233923381
3137,24.228580474853516,1721.6126136056387,1787.6233802358622
3138,8.932413101196289,663.276216136047,635.13673004132
3139,10.80477237701416,920.5347303546096,911.6285306577704
3140,14.407979011535645,911.698589432113,972.9505384735162
3141,16.553565979003906,1201.28651476764,1290.280269826911
3142,17.98889923095703,1226.1360295622053,1301.1473510005633
3143,23.374980926513672,1233.2900795723665,1310.7250405436396
3144,16.780174255371094,1176.9860488064721,1244.9685259098774
3145,10.713194847106934,776.1321294830618,767.9289551222753
3146,9.808333396911621,730.6427782332935,733.4969120059982
3148,25.398332595825195,1222.4769227700533,1242.2665618311655
3149,26.178651809692383,1311.5718905147532,1337.311211731321
3150,12.897368431091309,838.9600202296732,841.073755822681
3151,14.034852981567383,1287.3195259310933,1318.3758133280198
3152,16.11499786376953,1409.5493172906458,1462.814751640166
3153,15.394607543945312,1327.971966888915,1418.8698458718452
3154,13.099869728088379,1136.878462588962,1179.7641901783122
3156,16.626041412353516,892.0854904361668,896.0090009981215
3157,28.363727569580078,1433.0308938362327,1454.3016540062097
3158,28.688928604125977,1417.8339518612945,1448.0839025173182
3159,29.932750701904297,1871.1122505348799,1905.8081105030037
3160,15.131403923034668,1111.545031221614,1195.7739591707812
3161,23.990093231201172,1693.282539149079,1671.4394844646185
3162,17.367122650146484,1149.368918488826,1172.3020294613768
3163,16.325807571411133,1082.1313701852318,1094.1894406032432
3164,49.334022521972656,2887.0075139089636,2958.569701894375
3165,15.238731384277344,749.3750484011122,767.0762243582807
3166,18.45492935180664,859.9030526475349,884.2630989283549
3167,24.25058364868164,1494.0300364918376,1543.283150610899
3168,13.769227981567383,513.9430079552917,501.61514090123137
3169,14.167884826660156,732.7083058382957,759.888910586864
3170,11.788025856018066,899.617877765123,896.580287301168
3171,10.07392692565918,766.4292753042129,756.4431653324101
3172,9.298151016235352,818.5019103743812,785.7676524691598
3173,9.233656883239746,688.3799566380815,664.9333367368897
3175,14.675976753234863,1382.6980125499738,1391.9077319509427
3176,18.04353141784668,1170.064353808125,1195.8408573909358
3177,19.568798065185547,1174.1620623752335,1202.6664764573393
3178,17.74581527709961,1702.8603240013827,1828.1186043452408
3179,26.292133331298828,2075.762377847238,2121.6378098298496
3180,10.689862251281738,1035.4069528486884,1044.4239996546705
3181,9.020395278930664,811.9161575954629,804.6371675787223
3183,14.922135353088379,1423.1939319488308,1506.2723141553852
3184,26.43255615234375,1656.2594398370386,1759.9450860541672
3185,19.42930030822754,1511.1524373011518,1482.9348162391173
3186,39.62892532348633,1827.674543356022,1821.4273915427893
3188,15.955673217773438,919.0447118605507,966.1965392859819
3189,23.934627532958984,1427.3226604600768,1542.6812035188218
3191,25.714210510253906,1893.0817192152967,1973.4566332587674
3192,12.065458297729492,557.8149294536495,556.5692579785859
3193,11.559946060180664,627.671760537284,642.9351293962033
3194,13.74833869934082,743.1534102778795,756.2910588194898
3195,14.804227828979492,795.2301372010783,796.8647248841522
3196,13.7322416305542,736.3761093657205,748.486776571445
3198,51.927921295166016,2219.4624206040894,2373.1737623940885
3199,14.945935249328613,1388.5422729019456,1467.7018413125359
3200,23.05274772644043,1266.9886289864744,1267.3096885915716
3201,17.87748908996582,1224.894994458518,1266.4231296324012
3203,13.719184875488281,1079.7536797608548,1138.7262335764378
3205,15.305910110473633,1127.657250711957,1178.2859697296494
3206,12.475166320800781,820.1883821516135,836.5461617586176
3207,16.377212524414062,1341.0457413158092,1415.9411365327448
3208,14.860127449035645,1098.6435782361507,1146.6813098666444
3209,5.288822174072266,514.9003728985928,508.76998128946326
3210,9.162901878356934,464.9608533638068,469.02002772846424
3211,9.92016887664795,572.4806809223184,581.6204866449061
3212,16.35110855102539,630.3522757175025,609.7917367036375
3213,16.37912368774414,674.8310578261526,681.2511406608952
3214,19.343456268310547,1139.799556144932,1145.8424684704028
3215,25.61465072631836,1342.6376846590033,1380.288188411631
3216,13.018279075622559,1138.5128748459251,1142.596190114335
3217,14.101372718811035,1266.0820344353572,1252.065178812044
3218,13.032517433166504,1143.0727525920136,1149.32170196205
3220,15.277896881103516,584.6348630545585,553.5967544432004
3222,8.908849716186523,517.5772312107896,516.6221498204887
3223,11.161870956420898,536.5609082589266,531.691755573369
3224,10.760817527770996,724.6567991998941,745.3227121044314
3225,24.514175415039062,1655.0138531693624,1660.6389333866919
3226,13.875553131103516,1313.2737708207708,1279.2684502524874
3227,21.429672241210938,938.8231177542634,969.4944758382068
3230,14.299924850463867,779.5774393875879,800.5462493084508
3231,38.618255615234375,1651.072447901126,1669.6709860519277
3232,20.719600677490234,1409.646048429615,1499.3363290067048
3233,19.458354949951172,1220.1342244784,1287.8751848765407
3234,10.032297134399414,905.807495217685,915.3150036593651
3235,10.169116973876953,918.2541130165349,931.3172389732761
3236,10.376728057861328,960.2781831231563,942.8572288557966
3237,7.503757476806641,526.7694706866341,506.6076768150619
3238,20.753999710083008,1576.1667632101896,1609.814337808943
3239,20.218517303466797,1539.4143867940518,1548.5565238303586
3240,19.482006072998047,1525.585694840394,1550.7505409675728
3241,19.985462188720703,1521.7015601132036,1533.5346364389939
3242,15.386140823364258,1340.4398378070719,1392.2068909979118
3243,10.091985702514648,769.3860078661037,780.2883603554928
3244,16.42831039428711,1248.069252197023,1274.8623346101463
3245,13.95543098449707,1066.0447429190729,1113.1608636060735
3246,17.925373077392578,1334.5009046730115,1360.0537772509224
3247,12.863986015319824,1003.8181753074424,1039.0106640361053
3248,8.87729263305664,494.76373269694534,494.9441093268994
3249,11.04886531829834,539.958862639362,535.4496389646566
3250,8.294594764709473,570.9816003996917,554.376615041625
3251,10.498497009277344,839.1433867677633,836.1709427651014
3252,13.03909683227539,1030.2351947629027,1056.3006378300884
3253,13.26425552368164,1161.184805282163,1186.2985749066913
3254,16.987133026123047,1093.2967648628771,1051.7835908582724
3255,16.473480224609375,921.0982096315732,863.2569711481929
3256,25.429332733154297,1686.602622500826,1764.3742370107425
3257,25.22951889038086,1654.577006464958,1720.3593643371273
3258,28.56960678100586,1101.8133554497551,1133.143948347497
3259,20.378395080566406,986.263326003898,1000.5080341690785
3260,7.275962829589844,558.1670583903424,567.9250709055965
3261,7.082838535308838,605.3001811737678,608.7193030230683
3264,14.959110260009766,1051.4670807279097,1048.5985838228237
3265,19.302200317382812,1221.152796406895,1228.4648821667774
3266,13.748519897460938,548.3513471042354,549.3520588565066
3267,15.693359375,824.0709493533498,859.87959104457
3268,13.756397247314453,820.1138718335668,828.0003897659782
3269,11.544122695922852,794.7465312201756,801.2753555610657
3270,11.30618667602539,746.2196080851295,713.2203090683937
3271,10.590015411376953,769.4961059178938,727.8096317549343
3272,17.27383041381836,672.5724521516424,700.7511745178697
3273,17.89815902709961,756.3234645814581,797.1279834305898
3274,18.277851104736328,1122.8979970784437,1143.372629586027
3275,6.22783088684082,496.6677153221447,493.5792307189398
3277,18.736225128173828,1038.1680687596288,1066.658811856795
3278,17.542123794555664,1056.8621300504553,1075.8208739687516
3279,10.527257919311523,616.26251364807,653.4997635141378
3280,9.956457138061523,616.7953758717732,655.1996456524578
3281,27.06638526916504,1307.9550781203545,1381.2226860480073
3283,17.678661346435547,721.4148683178477,727.5862011537954
3285,10.329080581665039,804.9519693665113,786.6435681993934
3286,12.010370254516602,941.0957796348216,925.3900862955551
3287,17.0185546875,1419.8244072656005,1446.173123202468
3288,17.803438186645508,1357.560796644571,1377.5149410045192
3289,12.724084854125977,852.8091156914867,854.931871504652
3290,6.288836479187012,415.11225841488346,404.0723330053956
3291,5.217530250549316,345.07637109409484,333.3152160706088
3292,17.00494956970215,1231.4765179159288,1310.644495411585
3294,14.30350399017334,807.5373673620863,887.4104895794268
3295,14.450803756713867,781.9580345816559,845.945641524573
3296,19.4648380279541,1423.3729174387952,1417.7939834536758
3297,36.45911407470703,1301.3834279418202,1348.6806331461146
3298,29.954729080200195,1052.790960618118,1082.804047042217
3299,20.695999145507812,1167.174359720922,1185.432812079036
3300,20.45893669128418,1127.2722153486181,1135.155939193723
3301,7.297690391540527,553.5091257054398,555.2975881107303
3302,7.753142356872559,591.9428968420426,598.1441136247254
3303,27.798053741455078,1621.8815589072692,1718.9377565041952
3304,9.372583389282227,898.9747857368802,871.9578424645782
3305,7.652162551879883,854.7610255135125,849.1164511752115
3306,13.944620132446289,1505.8095890465033,1550.917990771786
3307,17.144304275512695,1367.8909924562056,1403.2329085339913
3308,13.726795196533203,1470.532261868494,1512.1788233624509
3309,17.779767990112305,1421.908527933601,1438.7718766059552
3310,17.06212615966797,966.741482052459,956.2425499156387
3311,15.38798713684082,696.4562208635056,688.0304835255057
3312,23.542987823486328,1074.8017955407336,1116.3993531616804
3313,24.248210906982422,1092.1701161477308,1133.2326170034266
3314,6.207498073577881,500.3197823376445,498.50882942623167
3315,17.212230682373047,1331.337470007447,1405.8861762447916
3316,11.26162052154541,791.6461404332939,807.6656129250408
3318,11.525373458862305,752.221734814104,706.8438226880195
3319,4.769618988037109,511.77215120199446,498.01176343402204
3320,4.361837387084961,484.1116447263172,484.31953986541487
3321,4.86579704284668,516.2506293263988,500.3399870934077
3322,4.367875576019287,482.31519050105544,482.89192046163924
3323,4.154276371002197,441.8711123842173,428.43514132813243
3324,5.486992835998535,685.144833299663,673.1741584443076
3325,5.593318462371826,827.1510965412944,824.7686632792445
3326,6.189069747924805,949.9648547638855,962.5933496230753
3327,7.516804218292236,683.5554954003783,660.8494979840835
3328,6.0802106857299805,551.0207633502348,539.3889269739301
3329,5.895424842834473,436.87602350101616,447.09839099543626
3330,16.725934982299805,824.8153781876484,808.8850285564632
3331,18.42826271057129,909.551423277604,896.444478706138
3332,24.66484832763672,1368.257721690578,1335.8219610902445
3333,28.273860931396484,1451.4124153810726,1438.4979460596867
3334,20.869129180908203,1348.2931981332588,1435.2879722110752
3335,18.09366798400879,1101.4951499573006,1063.9563481122157
3337,32.22609329223633,1336.8548665085027,1372.810861233409
3338,13.659846305847168,486.24529516537274,491.35049417928474
3339,14.61185073852539,749.2838851580258,778.0754306327285
3340,16.284183502197266,1570.1257091153402,1615.7126280885896
3341,15.732378005981445,1367.5007854394364,1413.7333339851334
3344,16.685653686523438,913.8191819825373,945.4047655545866
3345,11.797228813171387,812.3649500702109,814.612543372251
3346,14.626829147338867,862.1032339885896,854.9810580587583
3347,10.895278930664062,864.8029967420448,840.5293903610375
3348,9.478535652160645,706.1775978214976,685.0369086746127
3349,13.569156646728516,500.8698039534297,492.1387369137706
3350,15.148685455322266,741.4343016234175,762.3766673980969
3351,17.870275497436523,888.5564533980598,881.4476555665004
3352,13.634650230407715,786.1321866781369,777.954764301246
3353,9.03317642211914,766.8194768167148,772.9673858976249
3354,8.541145324707031,668.6810153951888,672.1311103411635
3355,22.334232330322266,1306.8116956273905,1394.0630959317293
3356,18.755422592163086,965.3771340827813,1004.9500267441337
3357,19.423969268798828,1147.3232291883342,1268.8669664232023
3358,13.78616714477539,518.8077914030694,500.76343111988353
3359,15.346823692321777,702.9929410568473,707.9671784803058
3360,27.39150619506836,1616.3685650539762,1678.3288816171678
3361,23.021957397460938,1739.550846043357,1822.2621673369479
3362,36.349388122558594,1808.9020426512343,1846.23297532615
3363,7.606561660766602,458.3683816629727,446.85203845140927
3364,6.599180221557617,412.25614601359916,400.94871059003475
3365,20.882265090942383,1378.7220596076768,1367.9697666920165
3366,19.54938316345215,1258.9716807160105,1231.9501815074611
3367,28.628393173217773,1655.9333250373168,1724.7231542531283
3368,28.459680557250977,1484.2263604457487,1531.6154322417456
3369,18.85795021057129,1437.8489226336212,1407.5407969361145
3370,20.703594207763672,1411.5163052990536,1388.895315657523
3371,27.337646484375,1451.140695244735,1492.2363981992467
3372,27.04358673095703,1444.421203264728,1470.3882578107182
3373,8.770740509033203,539.1663848877757,572.3785845696004
3374,9.160564422607422,523.9713169534899,547.1394783303692
3375,16.06218719482422,1200.2497353447257,1252.4467505963958
3376,7.378103733062744,641.9737284310629,624.5956644534168
3377,12.188785552978516,721.9534750536557,735.2431830452769
3379,37.61733627319336,1478.2043285152838,1467.2821005977833
3381,15.826744079589844,1530.0321381101548,1598.7011031754932
3383,15.799354553222656,1531.8468623590215,1601.5454580056921
3384,19.640737533569336,1398.7230295130396,1428.1219399159922
3386,17.147045135498047,1361.4166306891848,1434.7239710265865
3387,19.950246810913086,1407.6393577435151,1461.6278944992791
3388,14.645962715148926,1212.2260168931039,1262.1760317145297
3390,45.031272888183594,1755.1935783632405,1768.5628266239712
3391,32.67885971069336,1842.7926168846443,1878.8822806937958
3392,15.470629692077637,872.8485940221768,877.057063489552
3393,19.187225341796875,1143.1979630825388,1155.7034399281417
3394,16.59695816040039,1191.0724490100724,1191.5755814115528
3395,15.314285278320312,1380.119380331334,1375.1992448972771
3396,12.265365600585938,1007.980222404866,1008.4688596646128
3397,11.265593528747559,913.3516512992406,895.5085394505611
3398,24.430618286132812,1904.4049795561982,1876.7043399374897
3399,28.7156925201416,2076.1219802735573,1964.0639667042376
3400,21.40633773803711,1125.2652697158428,1077.9152399708476
3401,21.120153427124023,1496.9435284995834,1586.6774717516068
3402,31.115970611572266,1375.0415647193422,1422.3762047237033
3403,30.57353973388672,1468.5885062910656,1490.126986010706
3404,16.997949600219727,991.1181331503353,1031.4504218844372
3405,11.895485877990723,688.9309953566748,710.9834313989069
3406,12.07435417175293,923.3500249952035,981.3443829453479
3407,13.827526092529297,1218.49622170737,1296.8494438536488
3408,5.540698528289795,496.84034745344667,525.5140278319143
3409,18.14974594116211,1234.086603890608,1305.1073364344923
3411,11.327905654907227,875.2006302658407,829.7219420798197
3412,9.537731170654297,649.2739440208207,612.5406436736678
3413,8.639588356018066,733.6115602287485,715.3462837723813
3414,26.68456268310547,889.3940638019182,897.7896684623337
3415,28.37897491455078,1117.4891906300581,1180.8011028586684
3416,12.816422462463379,787.3871315999511,821.9331698910006
3417,12.94607162475586,734.1005811938938,773.7604620094831
3418,28.48240089416504,1209.9979932332492,1224.5219436367706
3419,15.860257148742676,1203.126854552227,1286.7877612929904
3420,8.361501693725586,411.8155741286902,399.72154952950393
3421,7.331268310546875,402.8961031249618,396.08377637148345
3422,13.732097625732422,675.9290316866216,667.1755766483783
3424,12.735291481018066,842.553613678169,841.7573337921986
3425,18.181472778320312,812.6029800900532,828.7028317584246
3426,15.238201141357422,742.5334946070377,760.0386754637942
3427,17.320646286010742,1527.485659639187,1430.4572595668033
3428,28.635465621948242,1976.5231755340985,1867.0514990281806
3429,28.26172637939453,1109.164528275065,1156.6665873639245
3430,25.71511459350586,1009.001238140521,1049.7955950200567
3431,19.467449188232422,974.8886626657081,1018.533109902098
3433,34.78913497924805,1457.4313435051533,1545.7654673158488
3435,17.869050979614258,1636.7479420862314,1565.5734873229271
3436,22.663368225097656,2086.869525951713,2023.5910636919496
3437,16.467422485351562,981.3936512992963,993.5902779690722
3438,29.250694274902344,1855.2874095591008,1868.3517907608273
3439,32.944068908691406,1969.2024158473446,2007.7722711159072
3441,62.2458610534668,2471.4538765867537,2655.1325647153735
3442,18.731203079223633,1195.3554626172834,1196.4916710923806
3443,14.470529556274414,990.0128460589849,993.4612148196925
3445,17.676013946533203,1216.1969466903192,1307.389387032558
3446,3.5263354778289795,514.6900194766865,502.7748344062317
3447,3.294067144393921,533.2764772479139,520.4787234777764
3448,15.36212158203125,1105.0518885704541,1157.66892807509
3449,5.904131889343262,553.6365324152954,552.4312719953792
3450,15.334264755249023,1044.9421285284757,1040.798270889726
3451,21.947200775146484,1477.5563864828443,1458.2290408595984
3452,15.280169486999512,779.6287517316224,817.4063317355804
3453,19.884679794311523,974.9755766579387,1035.1300756092505
3454,20.48479652404785,1235.5154813591978,1254.1820935515918
3455,32.530269622802734,1618.8870512756591,1710.9395386641283
3456,51.09651565551758,2809.6123134811673,3048.77061995511
3457,42.28841781616211,2223.7242877623344,2327.528119018427
3458,33.35779571533203,1875.733077073346,1986.5219865810302
3459,15.237275123596191,666.0119184940538,673.9064637795889
3460,17.35315704345703,1290.470164217451,1383.3529462714082
3461,14.647577285766602,1211.572948095194,1205.4529441497427
3462,16.771421432495117,1324.8846276794063,1344.701263895994
3463,19.047096252441406,1322.1215105299823,1373.3658436718101
3464,25.743438720703125,842.3095686227807,859.1896837397198
3465,26.506114959716797,881.6300249950068,900.5629098065497
3466,13.847334861755371,1183.447803745973,1158.273585410019
3467,26.364980697631836,1214.446684056025,1246.9063146088097
3468,25.57147216796875,1047.687176364657,1056.4104938422042
3469,14.797131538391113,688.2780643013273,709.8100292525797
3470,14.303711891174316,690.5086073030575,699.695457744838
3472,15.212120056152344,754.5542581299285,773.8885322205324
3473,26.789382934570312,1574.109051144905,1624.347623257178
3474,17.9898738861084,1173.3501956253237,1182.3044464659213
3475,27.887500762939453,1529.1746765430973,1607.144372234325
3476,20.011520385742188,1471.1562963946283,1530.2489457255185
3477,34.80055618286133,1772.4414944444427,1803.29040233253
3478,34.78928756713867,1748.7112880832688,1784.9487423044977
3479,18.515361785888672,1531.3666461452408,1593.476479238804
3480,16.03219985961914,1357.3536537671398,1392.084952123693
3481,19.220050811767578,1247.6895864655914,1343.3662658308162
3482,25.032732009887695,856.759696918917,852.3953416178794
3483,27.911548614501953,993.4102185329624,1033.917914196485
3484,15.553484916687012,606.6808715862927,590.3619452696687
3487,16.032052993774414,1784.6178382467363,1871.569477931768
3488,18.205482482910156,1508.6062769432142,1507.2150153070586
3489,18.976015090942383,1378.4538786946255,1410.832532824788
3490,12.786049842834473,1124.8102421464957,1121.751154397867
3493,8.410694122314453,745.2871398786151,754.6918215716336
3494,17.110713958740234,2148.831977474079,2154.909325519579
3495,15.372312545776367,1396.0704605300969,1468.1820511806914
3496,18.15580940246582,1426.6742316666275,1477.0686728803921
3497,27.858545303344727,1661.1395438537543,1697.3612422850194
3498,33.20124435424805,1918.6066327570147,1945.8949937419084
3499,11.446661949157715,933.7889498131659,908.8636059458213
3500,9.319257736206055,681.7501521749823,658.6361225680365
3501,26.156272888183594,1199.3624398906234,1221.962691533479
3502,26.863821029663086,1273.9283542012715,1304.220046722462
3503,9.783120155334473,548.2793765902968,547.6014149688507
3504,10.667550086975098,580.2867775248017,573.8380107378719
3505,20.08335304260254,1318.3666196557167,1392.425057647486
3506,25.72629165649414,1270.2185597164726,1354.291310288829
3507,39.2409782409668,1573.117355741293,1535.9412055917808
3508,29.506755828857422,1209.7680276808933,1240.0746343364942
3509,28.10213851928711,1058.7913896302773,1076.9188770197175
3510,25.46109390258789,1186.656589903879,1258.2782358373101
3511,27.64310073852539,1504.354745144039,1567.896057496803
3512,21.078006744384766,1446.8790893299542,1496.3832793798356
3513,29.573007583618164,1419.804062360201,1394.2402033823928
3514,22.564449310302734,1713.0190447085579,1722.8765817624999
3515,15.753767013549805,980.933874576674,991.188534046173
3516,14.738666534423828,947.2365113304486,970.4064427886092
3517,12.754084587097168,1043.2311257559766,1102.7061500691873
3518,16.03841209411621,1163.0952704057222,1205.8728190564943
3519,27.340078353881836,1488.0743219698686,1563.048494671445
3520,21.412647247314453,1517.020802752027,1581.7449030711093
3522,12.566947937011719,832.7520515653782,847.3268758657816
3523,10.301076889038086,702.0938936430872,684.4270723266017
3524,16.34658432006836,1053.8917175386364,1047.0515041585027
3525,16.575578689575195,650.7761461944265,667.0270504565599
3526,16.778738021850586,605.4429727397559,610.2261390701173
3527,32.28778076171875,1502.2867046398735,1545.7290092532048
3528,31.079544067382812,1413.7258476999145,1457.7509295316563
3529,15.140447616577148,946.7771057514096,943.1339939834678
3530,18.73168182373047,1109.1809609818404,1093.4971299265856
3532,20.313064575195312,1489.149606576078,1551.952282013609
3533,17.893878936767578,1409.8873104448705,1504.2412625280822
3535,20.427162170410156,1572.5555136526928,1665.6492318259047
3536,14.75711727142334,748.390762457085,755.1313865676204
3537,12.640542984008789,597.546759406432,596.5257772875035
3538,10.539043426513672,593.3840940985964,583.1132377898892
3539,11.008996963500977,599.280768650787,594.9883636494925
3540,12.834569931030273,529.687629895881,545.699674892367
3541,16.891767501831055,1386.371529262664,1479.7871426825304
3542,14.085434913635254,1006.6929554463366,1049.9896850601447
3543,8.767032623291016,654.1782434997046,669.9661918268398
3544,14.18563461303711,839.5856382900997,851.0271970223516
3545,10.326650619506836,618.8406522568404,602.2510759918349
3546,19.958866119384766,1463.1308396889679,1556.2738059229077
3547,19.711044311523438,1339.833869830156,1406.2437727931688
3548,29.961708068847656,1352.935110343567,1403.628996315783
3549,23.352243423461914,1100.1209279681618,1146.1223534696887
3550,8.845121383666992,511.3894742719453,507.7621213280428
3551,8.184377670288086,515.2962872147228,505.8507362041639
3552,30.376134872436523,1073.256066189414,1090.0937231491005
3553,33.120628356933594,1313.8412186696291,1346.7631888089586
3554,17.236682891845703,1322.6025078504538,1395.6585125951754
3556,9.776897430419922,744.5405102493047,711.0641170025377
3557,8.017605781555176,548.3413820547927,525.9764455587849
3559,18.995994567871094,809.3847540362849,854.1621280171813
3560,8.020554542541504,589.4305441888309,586.5738428609124
3561,10.055133819580078,641.9628148677764,619.9661282006136
3562,6.615439414978027,672.8522961681872,654.4300483765975
3563,8.082721710205078,716.0958446041391,717.9445467517921
3564,18.51565170288086,1804.0923355504276,1749.5023227396218
3565,17.95069694519043,1787.279650168078,1716.4791391422314
3566,49.77098846435547,1685.3356207703712,1682.935866619065
3567,23.930370330810547,2128.030380039721,2237.1642435341805
3568,62.9053840637207,2467.4155557015683,2651.1124571950722
3569,16.6456298828125,1553.969582978523,1644.354218621947
3570,17.071041107177734,1378.1933221550578,1463.3673676512751
3571,19.016387939453125,1406.7395432209164,1499.5533023507433
3572,15.268604278564453,781.3246382600638,804.9321939070701
3573,22.909645080566406,1447.5648299355164,1525.6540719964044
3574,17.549283981323242,1394.7139374445596,1466.2943287193843
3575,4.928543567657471,294.33249176671865,279.3907196323759
3576,4.170952796936035,255.49183981864107,244.49502430651523
3577,16.845104217529297,1340.2657719458596,1387.7760825270252
3579,21.30183219909668,1955.0685217457235,2144.373382677489
3580,10.449687004089355,787.0085248378614,805.3577422470481
3581,9.536267280578613,610.6768135308351,603.2155901141988
3582,21.657909393310547,911.6301459183936,892.4844132392963
3583,27.211048126220703,1168.6753294318867,1158.267321937072
3584,27.884071350097656,1322.6223642024893,1356.2768226131313
3585,25.950340270996094,1259.5020520304608,1275.6652001084105
3586,20.309194564819336,1262.7795676081946,1320.1909283100915
3587,19.845794677734375,1207.466919202669,1242.9793084314742
3588,20.37860870361328,1245.9472658024072,1273.3679644990461
3589,21.95391845703125,1351.2228017100454,1397.4722506055018
3590,20.369949340820312,1239.1744051439443,1264.4631847025776
3591,22.101299285888672,1356.8535631787627,1407.1886948636352
3592,19.396503448486328,1377.0928277723822,1350.4617691123392
3593,19.19422149658203,1378.4063233523857,1342.520917737571
3594,16.927303314208984,1428.687342137517,1449.9293198756664
3595,23.482187271118164,2133.908952211602,2162.393924288298
3596,50.01763916015625,2076.4350699588003,2114.277054446342
3597,6.367199897766113,639.7719851682002,630.5419561372006
3598,5.3863301277160645,527.2458720666193,528.9588313803513
3599,6.052033424377441,619.1773574851577,610.8112402821466
3600,5.438612937927246,528.1907878236932,527.7170821074169
3602,27.565109252929688,1208.8951057122342,1209.619626116538
3603,47.481685638427734,2368.6429480439087,2492.610427175586
3604,18.984962463378906,1414.4738345673868,1462.6846470429175
3605,8.547221183776855,594.82990678425,590.1828887781794
3606,8.913097381591797,636.701582188517,634.8718549500038
3607,9.199943542480469,815.2694029708522,802.5690857269234
3608,12.789917945861816,949.0353055993658,925.5226337268479
3609,6.984083652496338,642.7901950506496,649.4067335487562
3610,6.3459954261779785,625.2385507199721,630.1518955721848
3612,7.342366695404053,591.3490587699557,583.4544265024223
3613,8.996980667114258,933.7973608495124,932.5843761948996
3614,8.317703247070312,887.9718036494106,874.6390909282161
3615,6.815797805786133,623.0579577516144,628.8837361390927
3616,6.380054473876953,632.0858994245982,634.1769755728471
3617,11.338313102722168,995.8593542205762,989.5001194750466
3618,13.078898429870605,1102.3223392176694,1116.930583500951
3619,6.2375993728637695,482.59905191194525,472.7426218999696
3620,8.502128601074219,620.3385372234375,596.8875307679771
3621,11.634490966796875,750.1728127490177,702.1196055787728
3622,11.520233154296875,748.805527078414,709.8042997589181
3623,6.376552581787109,738.5440205166805,726.9485543069153
3624,4.059534072875977,284.27354972145326,284.30222038983123
3625,8.885213851928711,792.3450502863143,811.2207462885807
3626,7.796258449554443,725.6135569152298,710.89915122583
3627,12.00076675415039,1511.130829571859,1477.4222823729094
3628,9.24518871307373,950.51952391002,934.2078253874677
3629,5.592189311981201,472.3221485998924,484.18940753766464
3630,7.419816017150879,556.0217939514409,556.4921135808647
3631,4.3582987785339355,385.8571234276554,398.0033413896623
3632,6.1932902336120605,465.62515144440044,463.8656188437497
3633,5.392202377319336,709.8921556448428,695.3782744535174
3634,13.318426132202148,1530.78659901859,1499.3829926118815
3636,11.225350379943848,723.8942849501889,744.3533802846388
3637,16.33365821838379,1357.8172748131196,1389.0367978376987
3638,14.160284042358398,1061.1069193100943,1084.048962860984
3639,6.937267303466797,1615.9045521131422,1597.5966001666561
3640,15.488605499267578,1251.6745505862575,1275.695641034701
3641,5.542213439941406,392.78372139481394,389.6433602618531
3642,6.280397415161133,556.3072591767498,569.7061982981363
3643,12.876350402832031,971.0826109768992,974.5620747438865
3644,5.508601188659668,379.06316456540907,374.7461317081721
3645,6.293286323547363,556.2579558253708,572.0866206461641
3647,18.155729293823242,1040.7712210554353,1043.5726366750405
3648,15.614144325256348,867.0846050504982,860.0755025180633
3650,51.73775863647461,2226.3942819487183,2408.053732835598
3651,14.90352725982666,1397.020010051311,1482.9888642332787
3653,27.14952850341797,1710.659934592344,1727.9735577004715
3655,19.82598304748535,1370.542716111973,1433.5041028209837
3657,34.72285842895508,2029.4726405062688,2068.9074626714078
3659,6.272736549377441,691.1750586910464,676.1848587655107
3660,15.836112976074219,976.8741690694327,987.5149862182492
3661,21.213268280029297,1257.0332924700874,1278.9869214527307
3662,10.576565742492676,856.6101084612524,830.7526344606165
3663,8.447957992553711,686.1151237125534,658.7799566686645
3664,31.374868392944336,1725.3093833696237,1755.2754032497714
3665,31.12226104736328,1648.2047310474513,1671.4756174147444
3666,32.82441329956055,1282.6689226759615,1295.7314242965685
3667,28.999298095703125,1234.9938202342348,1244.580246536561
3668,22.570369720458984,1428.1632102383958,1511.5570271172521
3670,20.828811645507812,1281.0935115630955,1361.679928623922
3671,15.009894371032715,1224.5900197815724,1282.2051655909518
3672,6.636751174926758,577.3695730050573,579.6516611138597
3673,15.781427383422852,1260.170792549082,1333.1183594500603
3674,17.96390151977539,712.8838906957038,726.6886856499764
3675,18.25375747680664,742.2472527384789,789.4533926732088
3676,17.17660903930664,629.741345769154,646.8885307687044
3677,20.669958114624023,1198.384216974164,1258.2730848641172
3678,28.093914031982422,1421.064328798508,1497.631387871575
3679,32.9177360534668,1719.7283544205854,1795.623843383698
3680,23.32360076904297,1176.5073047370647,1206.3903058140822
3681,20.833301544189453,1327.6285455032612,1428.0108328502758
3682,16.588356018066406,1115.6292871105534,1155.343151541729
3683,15.92953109741211,1031.90659613617,1055.057829143279
3684,17.82666778564453,934.9052643693395,972.1650139303404
3685,19.305606842041016,1096.432057350066,1143.0504212592145
3686,21.321632385253906,1207.1942987960872,1263.756638375152
3687,16.421810150146484,1546.5384005771764,1647.613847250267
3688,14.815423965454102,1315.7119379911574,1354.5030303459082
3689,11.519087791442871,916.5346093772162,957.8217561988397
3690,9.836738586425781,613.5978505995805,641.5187722192823
3691,11.205244064331055,901.2415969753688,882.1638361794946
3692,12.206941604614258,942.239539392966,930.820948191395
3693,18.012264251708984,993.7626610329404,1006.335662086361
3696,19.895973205566406,1323.11097505155,1363.9575590920444
3697,18.33834457397461,927.4616582197953,976.4787227797478
3698,25.424713134765625,1536.496258882214,1678.3244135637685
3699,20.091453552246094,1400.6865886975302,1441.2160720338898
3700,23.76164436340332,1240.9822865400004,1255.4135850354758
3702,20.36556625366211,1207.8311252888363,1248.9202317794013
3703,25.12540054321289,1231.6006302827604,1302.493671922577
3704,7.94672966003418,710.9457014341775,739.4462089011519
3705,7.79583215713501,771.790179834754,814.6509949620206
3706,26.302642822265625,1204.6702926141509,1225.201535079185
3707,21.87049102783203,1149.2014597803,1175.394071687397
3708,27.201770782470703,1620.5108386336303,1689.0795260323953
3709,31.784719467163086,1647.4469537234238,1688.994615127555
3711,5.738078594207764,382.5814922314043,353.8748241348217
3712,16.469532012939453,956.3442912515479,1008.1809849772125
3713,16.607410430908203,950.7693206835155,992.7053158405128
3714,16.771081924438477,888.1352936973208,931.5185896125679
3715,16.618324279785156,966.4187451033986,1009.1010343899102
3716,21.366252899169922,2089.613964612666,2090.083401662377
3717,6.694361209869385,480.1239210786079,495.40907656971893
3718,5.008201599121094,333.1571056678486,322.715525641458
3720,4.886565208435059,330.3705491458342,323.37509417389464
3721,22.603775024414062,1413.0830836627629,1492.1467665088296
3722,17.728036880493164,1384.4064417280101,1449.3453616785687
3723,18.88425636291504,1476.3661274040678,1540.248360326605
3725,34.016029357910156,1074.4466353884713,1072.1366329126815
3727,24.170610427856445,1135.7530429567184,1181.3587959187162
3728,28.120033264160156,1523.9468043105812,1604.8525776341492
3729,20.718994140625,1054.6292345595286,1086.4476009675245
3730,23.154800415039062,1219.4744804767372,1234.2319391060144
3731,26.241979598999023,1382.284670722584,1412.4553696026728
3732,21.630069732666016,1275.0536822744514,1310.9473944143717
3733,40.296573638916016,1352.6314049273726,1361.41219707016
3734,28.780492782592773,1342.8108961457472,1355.236123601864
3735,25.41545295715332,1759.5759266286263,1826.0229630603324
3736,19.150150299072266,1612.1203624116526,1663.9783570646835
3737,17.066930770874023,1905.7811624673816,2009.7972467888637
3738,18.65479850769043,2076.8271891372096,2188.139153129104
3739,30.9739933013916,2005.0172362441695,2097.054803349124
3740,44.2453727722168,2505.1056858125608,2642.632696747062
3741,25.26630401611328,1315.0236807030187,1335.3109106874108
3742,19.585935592651367,1103.63182120177,1125.1005723082967
3743,21.27735137939453,1047.9157780156208,1038.7665282042421
3744,22.689699172973633,1218.0759394659865,1239.8131702409025
3745,14.870824813842773,1158.2770984517472,1141.4191583637594
3747,25.663536071777344,868.8308874692542,874.7962183071369
3748,29.07470703125,1037.4178355204558,1085.461071684602
3749,19.730453491210938,938.6078076854543,973.2429064671057
3752,51.574066162109375,2204.874426607859,2217.6472484205447
3754,18.63275146484375,1192.3137754446666,1237.178076396819
3755,17.036428451538086,1549.6063829669922,1501.7042103718472
3756,25.964916229248047,2076.1743803988716,2063.7724195918954
3757,33.8101921081543,1826.5303581073422,1800.786128170634
3758,30.336299896240234,1756.4217577693685,1765.291679544689
3759,21.655874252319336,931.2601216839569,983.3202887282335
3760,21.448883056640625,860.9913090109579,893.6626165226062
3761,8.49708366394043,758.2846855271173,768.729862695812
3764,7.504481315612793,715.8341434733028,734.7309634261778
3765,8.00738525390625,768.8545425339344,784.2456400833736
3766,5.7034807205200195,649.9729126310125,634.306998832303
3767,3.909223794937134,257.74034830451205,264.78362328408997
3768,4.689845561981201,431.14131571445887,439.68544136195385
3769,11.644397735595703,1212.1036789586183,1215.5429343211997
3770,11.067814826965332,1207.038274104666,1203.9925695355241
3771,5.847940444946289,699.930341475077,687.4876248889482
3772,20.992671966552734,1306.135088898149,1316.4205674048953
3773,18.336130142211914,1082.2630558801084,1088.4771590756573
3774,5.553797721862793,579.1936688081788,575.6993921395089
3775,4.610682010650635,496.276493582905,487.67011184293136
3776,9.406749725341797,820.3034835768724,836.5004831026359
3777,8.176290512084961,717.7859954119641,705.5925252382143
3778,7.2792229652404785,454.52164666187184,430.43935105007193
3779,8.212663650512695,428.5809754395235,409.8536133761103
3780,5.828904151916504,717.1426302692632,703.4686303776473
3781,5.920553207397461,746.7404859946515,723.7535493670797
3782,7.830305099487305,643.0907383078829,636.6612719514823
3783,9.674614906311035,776.4210622550165,765.2589427094559
3784,6.144758224487305,677.0177796159411,666.4479844320757
3785,6.26554012298584,660.3616613423281,638.8374896823185
3786,8.736303329467773,765.4606406385246,794.5073775036562
3787,10.047100067138672,694.9893565236549,705.2765178405663
3788,9.000892639160156,654.8857029302789,675.0265167429258
3789,9.914165496826172,705.8788493746953,715.9145512485106
3791,11.143024444580078,679.0144778129784,690.5466412529798
3792,10.27266788482666,644.334770244521,662.7843776179834
3793,11.07177734375,684.4037346634859,695.936491652005
3794,10.220715522766113,639.2441633536082,659.4175842511751
3795,9.034856796264648,670.4320482632015,649.609363032002
3796,6.963130950927734,481.82243129365395,472.1973572562431
3797,7.393758773803711,667.1287299541475,658.8456279283628
3798,9.59604263305664,1078.8836103954363,1067.7118641470804
3799,5.038013935089111,532.6027939832483,553.0857377224494
3800,7.3784379959106445,619.7805007500923,617.690628090091
3801,11.051178932189941,663.1109476768477,662.916953089974
3802,12.212217330932617,836.7153629547463,855.0643853991902
3803,6.631447792053223,1044.1915907204436,1034.9737943811483
3804,6.026114463806152,1019.9064834235043,1010.3560068136203
3805,8.470382690429688,637.2228456959409,624.3676859652735
3806,6.3985090255737305,772.7496403082675,759.5836815128818
3808,5.248740196228027,492.9092539912798,510.82363065387
3809,6.8480682373046875,348.9113234602606,333.184427010489
3810,13.329773902893066,786.9824456488019,793.2241578386916
3811,12.587112426757812,757.3684071784063,754.2644406069253
3812,12.507499694824219,774.5902316109541,765.5431842992425
3814,8.42372989654541,462.13463064457534,443.510483394442
3815,7.684910297393799,641.5476438421293,623.318683644816
3816,6.913022518157959,610.282611310749,589.5759107577061
3817,8.955207824707031,887.7948389851045,876.5982051854832
3818,7.641615390777588,777.4955910127132,764.8986222060345
3819,8.989727020263672,909.8857320790322,897.3343041274429
3820,8.069643020629883,905.2889163145993,884.1516005484765
3821,10.108548164367676,524.4583313964072,534.8494803374459
3822,11.694770812988281,607.3955727311424,629.359305532231
3823,5.831371307373047,768.2659293716283,747.4885530140617
3824,15.028251647949219,1046.379178402801,1041.6401762433497
3825,13.449541091918945,927.5101718049145,931.0983766583602
3826,8.29822063446045,638.2253810971894,618.913230428486
3827,8.219232559204102,910.7707303807134,947.5931102808437
3828,8.362913131713867,904.2240441674943,930.0646448791042
3830,8.520309448242188,744.6477675979788,758.0562088627687
3831,4.204161167144775,323.6357013003513,331.81161497873006
3832,4.597500801086426,326.6116152689859,336.83720354117094
3833,12.081754684448242,1431.7632386426444,1394.598113472881
3834,8.799781799316406,1192.7172477494032,1166.5058626019884
3835,29.253446578979492,2415.3360322654403,2629.0383333785426
3836,11.527610778808594,1129.984511102875,1158.047977894594
3837,19.906394958496094,1039.79335152127,1014.6684328518891
3838,8.291028022766113,890.9476830878187,963.6642471486434
3839,12.62552261352539,954.590075553783,1001.5885248395482
3840,13.773231506347656,1065.3171111804074,1126.924240328374
3841,6.547542572021484,722.224929757114,717.5887770805169
3842,6.374597549438477,724.7657877015648,711.289063099077
3843,5.4068450927734375,501.65321329588653,499.81233447495543
3844,4.8779191970825195,495.2350722584629,495.41327645999183
3845,7.605567932128906,599.9617929441498,589.3092883475625
3846,8.481565475463867,758.181875496333,729.6685826793184
3847,3.668729305267334,302.7007990216435,308.6556205924411
3848,4.922976493835449,334.69206557597914,339.7000713664812
3849,14.694612503051758,1938.0559804795291,1887.0748410360677
3850,13.89254379272461,1942.3413519667426,1898.7023409620658
3851,16.127727508544922,1272.5417455883176,1316.142494241529
3853,7.196869850158691,633.1810226237513,605.6995173194925
3855,5.750339508056641,814.8907439530857,777.8611157476167
3856,5.843388557434082,590.0465279256686,585.2282256836756
3857,6.2847676277160645,565.4393040635543,551.8112377477196
3858,7.987602233886719,550.711962739717,532.95072030041
3859,6.704187393188477,613.065568654646,599.9452393058712
3860,7.285758972167969,590.2920370925005,563.2909969666009
3861,6.712316513061523,446.37449018767245,454.899994448797
3862,7.013238430023193,450.9182177841507,451.61677632102544
3863,7.215737819671631,482.01992429118434,482.54867772091114
3864,6.772477149963379,461.2594658013694,471.7135168936932
3865,6.363944053649902,653.1035796212309,641.0308884084257
3866,5.788442611694336,821.9540371650049,799.2772706112395
3867,5.952163219451904,360.41019266075176,362.2529305643146
3868,6.668064117431641,432.55947671699704,446.31484138050075
3869,13.687767028808594,939.6773335174246,1013.1412330110334
3871,12.562704086303711,612.7969984340247,635.8265244896697
3873,11.497774124145508,779.7640814616517,785.0116040423818
3874,11.630191802978516,808.7184132537009,812.1988202066864
3875,6.033503532409668,694.708926860807,689.6491432392903
3876,7.777468681335449,760.4292520128568,795.0908892302265
3877,8.07851505279541,677.2087857822069,671.5435578059416
3878,7.810617446899414,661.9758375350616,648.9106532677558
3879,7.5316619873046875,604.0461688092879,582.5077216560497
3880,8.131889343261719,673.638039626071,657.8218552407518
3881,14.467952728271484,1099.538433696649,1096.5038325392566
3882,7.1428728103637695,633.166918012138,644.6733484526251
3883,7.985404968261719,670.6998506896864,693.4673232199893
3884,7.467151641845703,561.8585949670727,516.7306602492255
3885,5.110383987426758,329.0777464162947,311.6692998514204
3886,11.731128692626953,1220.1270725165095,1187.1094357230088
3887,14.321231842041016,1338.1091481681358,1318.1397285802032
3888,16.34723472595215,707.5189444945108,667.6081787087926
3889,28.11784553527832,1940.5458174636874,1882.2847532135436
3890,37.284854888916016,2148.2814365949325,2084.174935843846
3891,28.638853073120117,1328.0386503733487,1361.7895287185795
3892,21.848432540893555,1086.7459005829671,1114.9393288131316
3893,13.499284744262695,1545.3442693073525,1496.2387002337778
3894,9.858573913574219,1006.9595237259953,972.5017605557234
3895,18.37322235107422,1791.6767394056233,1924.9113696024397
3896,57.7557373046875,2255.4586002725405,2427.7036312546907
3897,10.737896919250488,684.8742246658495,699.8731008501866
3898,11.620035171508789,716.8868219021779,733.0905431564997
3899,20.50322723388672,2094.145887837556,2248.4766166047784
3900,61.282958984375,2513.2144782100772,2667.1045892161674
3901,15.816498756408691,953.3493475778567,943.2896056389068
3902,11.878168106079102,852.2547159045799,830.9728890836111
3903,9.836443901062012,619.3967757722003,602.4100223809648
3904,8.59818172454834,581.6050244949321,558.3650589983506
3905,34.21457290649414,2138.711820936733,2333.947317632835
3906,19.53806495666504,1073.756689710532,1166.3592021040627
3907,14.892961502075195,1003.1828300515386,1068.883632935413
3909,20.689903259277344,1077.7130287721648,1109.0815250727749
3910,23.892946243286133,1327.9248145583638,1341.7795325237705
3911,28.065975189208984,2274.5120159699964,2350.8827247742242
3912,13.325671195983887,1260.4868054873361,1270.6669535663245
3913,12.614151954650879,1074.5983652583034,1115.4285014538223
3915,21.363895416259766,1245.7018263439063,1287.7046602620887
3916,16.076946258544922,1094.76321239443,1129.0032098334395
3918,18.281002044677734,1054.5206611863669,1075.1202277172908
3919,25.548646926879883,1477.5239451410073,1554.3249531840154
3920,39.334136962890625,1565.6593698438746,1626.980503692943
3921,15.815203666687012,1239.7224048418254,1211.838018356137
3922,12.086019515991211,1113.6507525656468,1072.1329298514167
3923,26.656322479248047,1501.0594147622116,1555.9515141122633
3925,15.695337295532227,1182.4692208287704,1237.4344955842519
3926,5.706692218780518,496.49612967425304,485.5790130189446
3929,21.476499557495117,977.3717889856931,991.7775950285036
3930,22.670419692993164,1149.8518605058814,1162.3622501898565
3931,22.186779022216797,1443.3088932798155,1530.2040874004833
3932,33.752994537353516,2230.5536041868195,2346.2329690829106
3933,15.386600494384766,836.2275483274456,841.5380670151029
3934,9.089414596557617,883.2025264974135,880.9925649663711
3935,7.46278190612793,714.3816448286167,713.4407498202881
3936,30.08774185180664,1502.0708209845138,1555.496148000552
3937,25.27712631225586,1355.213631205882,1430.0254268246508
3938,23.797700881958008,1385.059890884122,1476.7694317203377
3939,22.516902923583984,1312.1365973615598,1385.5753991686504
3941,20.021621704101562,1155.0320916585065,1177.461930929324
3942,16.899444580078125,1000.5907256790833,989.3132104069481
3943,17.48670768737793,1027.0159573877977,1033.6285478871944
3944,40.889644622802734,1572.7067453172347,1631.278163856588
3945,24.985185623168945,1519.416500148223,1584.5401446860526
3946,17.30316162109375,1249.0535541791096,1270.4060738747671
3947,12.71231460571289,931.7620224703179,937.8526284657314
3948,25.211463928222656,1472.7454979442753,1534.1540514211988
3949,23.723371505737305,1286.6938495216073,1309.7825725121234
3951,11.819040298461914,800.7102677177068,756.8947035690387
3952,22.67636489868164,1139.6800445039985,1122.647973071745
3953,24.962223052978516,1252.0192212511358,1264.180290852024
3954,18.574953079223633,1546.540805891555,1618.7881333083583
3955,17.143922805786133,1411.0708076143196,1453.969807802187
3956,22.335111618041992,1468.7992328390371,1513.7702574783136
3957,27.670454025268555,1732.6670487440279,1819.0000038104658
3958,18.177265167236328,1572.3444851242914,1669.8129858479579
3959,20.856952667236328,1565.7045052924004,1619.0404988331409
3960,11.82726764678955,719.0621423047144,671.3044265320121
3961,22.597755432128906,1537.2859714694089,1572.4496409155931
3963,17.210613250732422,795.0442698472806,803.8008561652706
3964,14.671476364135742,487.1098341908469,444.863445579098
3965,34.67319869995117,1542.008307669583,1613.834692077081
3966,27.978656768798828,1385.9864984738967,1464.12511489646
3967,18.631505966186523,1699.1471553975355,1738.2206401991443
3968,21.585098266601562,1685.2359105233181,1717.5398120541267
3969,18.154544830322266,1794.360561589931,1829.3220996206135
3970,21.579835891723633,1681.0495107305696,1713.327840162551
3971,5.673746109008789,488.9491776462366,479.3124983544405
3972,15.92997932434082,1176.3327706872428,1226.3776429847974
3973,7.131037712097168,674.6882615092888,664.4089560441354
3974,12.534223556518555,1069.46870973201,1108.341791086012
3975,7.289026260375977,587.7151190650868,562.0466969464204
3976,7.034592628479004,643.0115081860316,632.2176641708612
3977,5.37740421295166,492.52480945763944,477.25444627774687
3978,8.221433639526367,774.6050855902345,741.4761560346577
3979,7.20173454284668,589.5696862096459,557.376259052456
3980,7.427806854248047,639.884887315842,623.694087461196
3981,7.1010332107543945,467.2358042782442,476.9008776828431
3983,8.316816329956055,673.9192672359665,692.1365209453536
3985,22.942703247070312,1910.3188229871653,2021.6224659138693
3986,7.003196716308594,719.0175958533354,710.7181643759741
3987,7.62973690032959,665.0923561120629,650.8325794446564
3988,17.063108444213867,1120.4464173978713,1151.1370243155525
3989,10.238363265991211,688.4534994540177,690.7027655960914
3991,6.6766357421875,1086.3569663947383,1077.2157469923548
3992,6.907395839691162,592.4436237497629,566.2141778492803
3993,6.968513011932373,623.2619546188887,614.0896802956213
3994,7.08124303817749,927.563253670639,876.2907623534855
3995,6.382666110992432,668.9622433766781,636.3585088889184
3996,13.642922401428223,931.4765237685722,906.763211252464
3997,13.77386474609375,945.8523607956977,910.6358044348327
3998,16.101959228515625,1315.321634280585,1351.3169026663786
3999,4.551363945007324,477.97826397301867,483.71410408191093
4001,8.308349609375,833.8737852883572,860.7031752261119
4002,6.905298709869385,518.7318176255988,530.4316235556824
4003,7.016087055206299,574.108190443413,574.220753145589
4005,5.0072550773620605,506.0584647572232,492.5122455954894
4007,12.548666954040527,1269.3125467027064,1314.9820421217032
4009,5.607779502868652,459.36612164622574,451.5905332796091
4011,4.487595558166504,452.84624449228977,454.20677596905585
4012,5.657792568206787,538.3312494293283,543.8222213561924
4013,8.664875030517578,813.7106947741456,786.04460737961
4014,10.88542652130127,989.6534834469536,1002.5019479281789
4015,10.942987442016602,1052.4613647899714,1037.729616771134
4016,7.839173316955566,744.3715263073498,784.776123893687
4017,7.518100738525391,758.1586111381323,769.6361402873185
4018,6.022971153259277,370.53877059154524,361.71514733783147
4019,3.805111885070801,542.0692939173134,556.8601460314649
4020,2.043548345565796,548.7155291803778,559.3762254973602
4021,13.413208961486816,974.4026951983274,938.1699886540854
4022,12.309237480163574,1035.380743478454,995.9273204831934
4023,8.080178260803223,775.012947356341,804.1613850150327
4024,14.259917259216309,957.0287003207825,927.5782529869862
4025,13.109463691711426,841.8340153491941,813.8476587760683
4026,5.650440216064453,647.8317968773409,612.6276977815221
4027,6.5279951095581055,718.4472100572943,690.6833448066428
4028,5.5232720375061035,456.0518474581009,450.94812840660626
4029,6.234099388122559,500.0968239392387,490.14523880999315
4030,5.79865837097168,556.8088295011124,573.3364578768009
4031,5.628280162811279,610.1458360206433,634.0831968704102
4032,5.56486177444458,624.0943524534193,649.2073566662172
4033,5.822253227233887,608.5161050408062,633.3749252818985
4034,7.530256271362305,834.914544375779,793.1023164214292
4035,6.522221088409424,688.5356705282845,657.4056397852224
4036,7.198361396789551,750.3188383390678,765.0454085173103
4038,1.6991193294525146,573.7368200268969,588.6913724768605
4039,3.900606155395508,561.4494923782216,576.6998562378462
4040,7.677188873291016,661.6797790690174,652.2244524046172
4042,4.938538551330566,436.37433756020977,436.7954586838524
4043,12.78806209564209,897.8871639010849,861.4820048839654
4044,11.186285018920898,921.7950789566061,910.278068381306
4045,10.39704704284668,666.3144443970727,644.3323366973099
4046,10.264595031738281,685.700617525567,659.6645047352117
4047,4.834860324859619,283.29322430602707,275.68397720763596
4048,5.270819664001465,322.90959294134586,324.33992623445516
4049,7.110615253448486,831.2325835902247,809.1427996152538
4050,9.387682914733887,936.8074671314407,929.6198105281524
4051,5.2945146560668945,591.8056559977167,560.082966651909
4052,4.381402969360352,505.67649797183975,471.16557311946394
4053,9.084988594055176,715.9872409682981,687.6651273014226
4054,11.778400421142578,793.4105343838526,751.9498622802337
4055,11.929817199707031,800.3013621518342,792.7281517546725
4056,15.174129486083984,840.1980229382609,831.4730420109495
4057,6.758488655090332,381.65506224297206,381.12226732189384
4058,7.807427883148193,398.2076406213291,389.8186746643088
4059,6.390614032745361,407.39881928201044,401.09239010096593
4060,6.940316200256348,446.91144879600773,442.7917585059586
4061,6.63063907623291,429.26142110674834,421.8128348437965
4062,6.542133331298828,421.0330959269563,420.11496012827706
4063,8.45685863494873,622.9635633265322,618.2785014883594
4064,5.260551452636719,429.57002793160814,420.8484235084241
4065,7.251278877258301,607.871060966399,590.0038993332012
4066,11.048690795898438,793.5088152400815,760.4871306557558
4067,10.872383117675781,724.0634296571128,694.67603748656
4068,5.800236701965332,465.1964926129213,464.6811942919028
4070,14.0034761428833,1198.1804565168004,1236.6365123397427
4071,14.929176330566406,1064.4453932305157,1096.5108817972089
4072,18.565155029296875,1655.9523323032986,1642.4652335579983
4073,8.702266693115234,492.36478420356025,497.74811409673543
4074,10.117886543273926,857.1788067888612,816.4541810566487
4075,13.611000061035156,1088.9046410465032,1046.6324451840997
4076,3.308356523513794,798.2385371957089,783.804876600683
4077,4.472782135009766,837.0923092136412,827.0581290001815
4078,12.755578994750977,933.2459320238262,904.163524319117
4079,10.255332946777344,930.5413583043339,926.6300851916259
4080,8.226744651794434,629.1829487763912,611.98703610531
4081,9.042500495910645,708.2412884244179,694.3740056044702
4082,6.964240550994873,414.5046642485573,414.6355352481855
4083,8.237615585327148,464.8123212469969,465.92779875937487
4085,6.8856987953186035,398.38740916407727,395.08075241987194
4086,6.772383689880371,605.808422336954,579.8984439363959
4087,8.515716552734375,773.4113101304553,772.0149664342393
4088,5.703211307525635,593.7904486653705,602.3185933763812
4089,5.056503772735596,446.87726713604775,441.20631998179596
4090,5.851041316986084,489.04912472407466,486.97196647763917
4091,9.621484756469727,865.1902969953314,887.4997162214469
4092,5.291633129119873,787.1560417118608,755.7297265315634
4093,4.873030662536621,778.4639242018363,750.2390468515885
4094,7.477689743041992,500.64384122581794,513.1599622589066
4095,8.3356294631958,556.8097349248075,566.7864696544458
4096,10.761999130249023,732.1880655741834,743.6469274697411
4097,8.827938079833984,668.3136441712361,694.6448218145114
4098,13.57891845703125,1133.8681076718124,1168.7102247576177
4099,6.677173614501953,807.7876091863365,828.8638283672699
4100,4.754725456237793,501.24980069569176,488.81218577642363
4101,4.851590633392334,511.2533321136346,498.05844948061815
4102,2.805194854736328,463.9355766512496,453.23161589341106
4103,2.8697707653045654,483.55857290208263,475.3862242771251
4104,10.97743034362793,1662.4957917849165,1628.934536360996
4105,10.540456771850586,1616.4945728974026,1592.2457337713531
4106,13.498282432556152,1161.0711681353923,1101.105690675047
4107,12.668201446533203,1135.0666898450804,1069.3462988377385
4110,16.384550094604492,1373.7296583498614,1389.7987460313502
4111,28.935773849487305,2886.022648347699,2974.2693978479715
4112,28.26404571533203,2791.5628565978977,2862.949570960121
4113,7.14326286315918,476.1916897811233,477.8351407044956
4115,8.225425720214844,485.4599789510773,478.394095515778
4116,6.629978179931641,436.1958811675612,438.2344243371827
4117,4.193910598754883,290.94389568737216,289.9733665599609
4118,7.578000068664551,652.3560954680112,640.7942360065056
4119,6.531193733215332,490.29456109080076,520.4254870982129
4120,6.63944149017334,505.04662068359806,536.6642057212206
4121,2.7360470294952393,667.2776934467337,697.3210059688698
4122,4.954975128173828,655.105926182276,675.5669897475151
4123,6.306575775146484,891.1088596394086,860.5404791554703
4124,5.428805351257324,926.604548310091,899.3193292252145
4126,15.39546012878418,1043.6940577171315,1034.7259801037299
4127,10.953743934631348,1051.3280069537047,1106.1195423278389
4128,10.876140594482422,1081.534641110524,1130.7158345809225
4129,4.8242292404174805,397.86367186573193,392.7397936023056
4130,4.982462406158447,441.30176263473606,442.99835949963415
4133,9.474390983581543,610.381950575106,607.3353327561055
4134,8.613604545593262,695.224141988978,685.1714884409487
4135,7.1210222244262695,722.1548951387135,714.1382373110705
4136,6.4866790771484375,510.3929048592656,510.3917333875906
4137,6.62171745300293,432.5895305277382,439.6397593940116
4138,8.376571655273438,681.7807438629363,677.2137109688493
4139,5.953434944152832,458.83013524697583,444.0237634460231
4140,6.637606620788574,799.1244724428562,830.7569450234098
4141,6.149883270263672,653.22798368103,658.6736142936253
4143,4.740534782409668,688.3753772541252,722.2188447210241
4144,9.06115436553955,812.6731399099151,803.2993865370998
4145,6.999000549316406,750.4651481779592,755.3008221544662
4146,5.126584529876709,295.36194113274286,281.5805147914586
4147,5.305639743804932,310.20693198712337,298.35472486155004
4148,6.732500076293945,1266.4168600289934,1237.5233014744153
4149,6.733966827392578,1281.2942070701342,1253.1904792612775
4150,5.284637451171875,356.19381392068897,349.7309230390706
4151,5.582963943481445,384.151430295582,382.1661954246098
4152,11.291259765625,1011.3551078105462,1020.1792471696241
4153,15.62728500366211,2175.4082506042632,2170.4877646158952
4154,6.32686710357666,552.6471880999152,556.3851662708764
4155,6.31375789642334,564.1798259621024,571.2873718128583
4156,7.609601974487305,620.769041897211,591.4991620867369
4157,9.003595352172852,713.1194681090302,679.8263652777515
4158,6.626884937286377,601.0198846621038,597.5816404592881
4161,8.28778076171875,591.547540858277,611.5610191963641
4162,26.361316680908203,1824.1788604346912,1867.3783463558798
4163,5.433819770812988,345.8589952138585,328.55625614825135
4164,8.253561973571777,1055.7178914523715,1137.4334731142912
4165,18.953834533691406,1305.9692645654563,1280.01170937768
4166,16.787303924560547,1257.7786706821423,1210.5124486731083
4167,15.559427261352539,583.9357116881536,595.2240631291768
4169,21.046939849853516,1252.5570774520675,1291.885124785742
4170,27.66956901550293,1073.970193800088,1119.342548429075
4171,32.23796463012695,1303.0100921664134,1369.608494481603
4172,38.65922546386719,1752.0459668851258,1825.634228278603
4174,28.45612907409668,1500.7322317455985,1573.4979811783278
4175,25.697357177734375,1367.5870962728118,1402.5117881370834
4176,19.836729049682617,1284.8326709626645,1322.9446904810713
4178,7.220897674560547,664.0717699243386,693.6563876545891
4180,28.886104583740234,1780.2739293851437,1836.5474452323833
4181,32.29408264160156,1863.3728334793018,1902.6091021578425
4182,20.05319595336914,990.4195015812284,1026.6768071921153
4183,19.335464477539062,1055.1481856692774,1096.7778075906533
4186,52.47770690917969,2620.7800379288933,2795.145567662429
4187,30.522357940673828,2131.9375659826273,2290.496627325164
4188,50.375484466552734,2230.3584269863377,2345.672154690648
4189,19.930561065673828,1481.6689928152105,1538.7893446241264
4190,19.354976654052734,1724.7561972730027,1627.3794942936029
4191,29.6138858795166,2102.7224599733854,2008.8731328150213
4192,10.447086334228516,551.9040309995028,558.4466900525225
4193,10.227827072143555,523.0457207684165,528.4808491016039
4194,15.60753059387207,1266.9391428661936,1342.8768215006419
4195,9.991917610168457,936.0242045613633,995.063797217935
4196,13.261201858520508,777.5061119301232,790.8124546072729
4197,6.055310249328613,524.8811436630031,523.6426783315147
4198,5.879327297210693,494.2045456395796,502.02358829163273
4199,6.455066204071045,689.5918636211286,696.5796081437604
4200,7.4925079345703125,843.366482998493,846.3757967401945
4201,3.1867711544036865,645.9137270309857,671.9685612507935
4202,4.810324192047119,666.5775718995793,691.7514964476691
4203,9.176139831542969,546.6679159382661,554.2906974965804
4204,7.005088806152344,500.355198294154,491.4317569622082
4205,6.788585662841797,485.39764323807606,451.4392692208088
4206,7.126270294189453,502.54650461670235,464.3503110068916
4207,6.674928665161133,387.25831113447856,388.4359702165787
4208,6.880641937255859,448.8615844013686,453.187755001859
4210,8.680205345153809,637.189301398737,634.3491936486046
4212,10.869048118591309,677.5431087323375,663.4490798585182
4213,10.20326042175293,636.7881280094043,631.3151155095379
4214,8.781021118164062,901.1781420444296,955.9248666484475
4215,12.713741302490234,675.9248812440946,685.0295318916907
4217,5.9183573722839355,338.4339787360804,332.6742766921413
4218,6.644242286682129,408.39981140244953,416.25608517630104
4220,8.893112182617188,872.3897189234416,914.594748906248
4221,7.966474533081055,475.48787105140866,470.0029641007146
4222,6.6970391273498535,450.6396537645104,445.25270600733603
4223,8.880401611328125,705.2574576686643,693.6220573075076
4224,10.353567123413086,866.9293505490464,877.5927894720454
4225,12.685758590698242,918.3356451351161,903.3184050210058
4226,8.357807159423828,611.8665408409781,605.1453537802124
4227,9.572015762329102,833.7747592477531,801.1311508051522
4228,7.088929176330566,623.5989373261443,590.1318158654541
4229,8.551605224609375,537.0968456917698,500.5819531248498
4230,6.684054374694824,405.10158543826697,392.5923684805656
4232,12.488819122314453,1013.7004964338898,1058.2299576747073
4233,13.814058303833008,1151.0314950760146,1217.7543065430355
4235,5.237918853759766,1748.4521329938184,1703.9413064092482
4236,9.330208778381348,838.6543633951065,824.7866866444041
4237,12.39780330657959,955.2199580952622,950.4154946786492
4238,13.4802885055542,733.1181087372211,739.4127882934663
4239,13.405174255371094,716.5406489238902,705.2144129407386
4240,12.125676155090332,665.6915710486119,670.3383492350266
4241,12.338544845581055,868.2007194347171,898.7561987059516
4242,6.650985240936279,444.4064524050038,439.7798517087906
4243,6.651267051696777,400.2145907822417,401.9976990805739
4244,3.874159574508667,612.0266133298478,585.6122800875961
4245,3.4408843517303467,652.6876294247279,625.9468162927836
4246,8.140356063842773,648.1877985234386,641.3365181429193
4247,10.000381469726562,777.9422072871598,765.6246153890711
4248,7.073370933532715,321.4266858948241,324.33677841666065
4249,6.366094589233398,304.0312662431341,313.4136748717591
4250,9.120149612426758,1410.3609138694646,1509.9901744174767
4251,8.113974571228027,1173.6836521974597,1252.7184513385573
4253,7.59256649017334,504.1429387870299,506.50310425731607
4254,16.258285522460938,726.1124465122198,702.2882531331206
4255,13.220069885253906,909.39001904899,891.030702379954
4256,15.868307113647461,945.3599630007031,942.3139647863943
4257,18.18710708618164,1515.236377828535,1427.6558027180765
4258,19.427675247192383,1566.4926435479856,1494.8873970693194
4259,12.109952926635742,913.4158964048354,933.182968324239
4260,5.606534004211426,477.31465300970035,477.31909502927533
4261,5.877431869506836,519.2309533309151,523.0216823270717
4262,23.03595542907715,2092.609933855609,2209.222095947827
4263,14.828922271728516,1626.0947583410402,1695.2848893751045
4264,8.394742012023926,625.630958746436,659.2478723725811
4265,8.740696907043457,635.4744951764357,656.1458993964832
4266,8.536447525024414,510.6001967687368,516.7399906626384
4267,7.977561950683594,416.03197493050675,415.94911604553124
4268,8.175446510314941,561.0732474225534,572.4911986912593
4269,6.684521198272705,403.20350449094315,391.11914005590563
4270,8.20509147644043,515.6826941036423,486.0649508861534
4271,6.086582660675049,356.3491493802829,352.7325657689763
4272,6.8016862869262695,369.2866250690985,362.57737596553426
4273,8.066532135009766,400.8873035954419,387.67214421851094
4274,7.210476875305176,403.3577348750077,391.3848481913842
4275,9.232430458068848,560.6042360787902,572.0911610113654
4276,8.324869155883789,453.53134449960294,464.86298183934366
4277,9.707706451416016,831.2636041572038,837.5509621682818
4278,10.911157608032227,875.5661579129685,888.1087417828417
4279,6.675410270690918,572.3318911463106,563.4184742036883
4280,7.444393157958984,625.1899267405765,616.9207144022863
4281,14.297830581665039,1197.3376690894243,1233.842687428206
4282,14.129926681518555,1041.939046118322,1083.0317047219557
4283,12.681831359863281,923.1516678800607,905.2971760156902
4284,8.498651504516602,609.0707188750453,597.5348965731613
4285,7.130377769470215,786.3707229534728,753.1144229883919
4286,7.729662895202637,811.3022769077893,772.2189193139415
4287,12.566515922546387,973.7953770743904,1028.9368154344627
4288,14.138100624084473,1159.731517730938,1230.450949164679
4289,9.153961181640625,755.4708454000619,762.8055621241681
4290,11.27501106262207,841.6641956961956,840.6149468823836
4291,9.238710403442383,707.3955293570133,715.9977289049164
4292,11.901219367980957,947.139951838892,965.8958891955887
4293,7.570400238037109,529.9869608403858,513.7628797181619
4294,4.326790809631348,382.71486599538656,377.77516288660826
4295,8.11060905456543,800.7070157476358,771.4381708431167
4296,12.702532768249512,1493.0835014536997,1499.2527875825003
4297,7.039784908294678,621.77896224623,628.3124477835062
4298,16.640735626220703,1069.6866888834172,1104.7939428809182
4299,17.665813446044922,1152.7992095118452,1202.5558045918172
4300,18.77061653137207,956.5643805629643,959.7249772222741
4301,18.898344039916992,979.6444721317439,975.9459867223115
4302,7.399405002593994,455.103479956326,459.30552545419295
4303,8.113696098327637,558.6360625361349,571.7382381313704
4304,6.049134254455566,572.2094186250102,565.9002570039776
4305,9.798393249511719,759.2851424165782,752.9220550572744
4306,12.262219429016113,858.1832534299195,865.1391934151134
4307,8.223907470703125,516.7649930661992,528.6578996627885
4308,7.818973541259766,430.06006923024773,434.26299506442604
4309,5.944730281829834,549.1084094903223,545.9911678698762
4312,11.324576377868652,1379.944739643007,1393.9570163219275
4313,9.784736633300781,1011.9359740235462,1036.0080501596653
4314,7.642169952392578,437.84328789815095,436.39099610168716
4315,8.158807754516602,454.2830110961714,450.0493127539072
4316,7.328722953796387,639.5003518165362,660.6302058186781
4317,9.248128890991211,783.8120006378842,808.5165166536565
4318,6.505671501159668,567.588493759443,567.2212339457992
4319,6.435816287994385,563.4276796799363,563.9381583188772
4320,8.519500732421875,510.889658788795,516.6461685685018
4321,7.732675075531006,396.41209086952523,396.64038285204873
4322,9.790545463562012,817.3113109654176,815.480664227971
4324,12.280725479125977,923.2941400111898,890.132075829234
4326,6.01578426361084,444.0948368311177,446.1506108453781
4327,3.9168307781219482,313.0614939637511,311.84633535641257
4328,10.74117374420166,1096.4060230288928,1074.206103344166
4329,12.11185073852539,1226.6847735938404,1215.4344241142526
4330,10.993093490600586,1004.0613188830733,1022.1239970406315
4331,10.920602798461914,1072.8189389767397,1058.3805611403463
4332,14.8331298828125,1110.6673386039754,1149.8017428883716
4334,5.717171669006348,443.77014437586945,438.94877462134093
4335,6.110601425170898,486.12642605279586,492.972488358928
4336,17.74141502380371,962.4201537815215,894.9865190933466
4337,18.889259338378906,972.7162106381774,921.095071694796
4338,14.728713989257812,1256.590532738693,1263.687089675265
4339,13.452460289001465,1144.4652293834797,1143.3219640513353
4341,5.794249534606934,388.42619112699924,395.3855980393451
4342,8.584449768066406,644.3296196886696,659.5908138678581
4343,4.775293350219727,360.7133032191813,366.60121335320883
4344,5.744075775146484,447.18341899270905,438.31767350362287
4345,8.889659881591797,905.4661988277201,895.5890515153072
4346,12.059822082519531,792.537324022653,783.2604278885095
4347,10.9878568649292,713.6527441221468,717.3674649711342
4348,18.57308006286621,769.0548070577987,780.2303095496709
4349,16.738554000854492,727.8486618189113,747.964448950481
4350,21.65373992919922,1272.210641175836,1254.7066357378947
4351,24.520862579345703,1253.1225911787838,1249.696497364418
4352,15.883434295654297,1052.942561758436,1021.9597273372184
4353,15.171272277832031,901.299030837405,845.3134562784356
4354,5.179317474365234,342.25777866664583,325.67310800113023
4355,5.377346992492676,377.76843103840156,368.70128367777386
4356,9.042705535888672,596.5152278124457,603.424617072401
4357,9.525579452514648,599.3209347284388,605.4658618212803
4358,7.680485725402832,671.7572180032554,676.7798403480123
4360,12.159076690673828,2125.6375242745216,2055.4791357332465
4361,5.695087909698486,504.1334136888992,497.22652387668717
4362,6.4637041091918945,579.3912706610078,580.0854491475346
4363,8.515451431274414,641.4687074315439,671.2375794041401
4364,8.745719909667969,637.6627400073277,657.7702157849933
4365,11.18231201171875,816.2189938898624,837.0641262844964
4366,10.036043167114258,1182.8542557467522,1239.7821334805674
4367,7.386212348937988,558.1190340849786,562.2222517199165
4368,3.1661434173583984,376.60411803340355,375.9390055591928
4369,1.9995157718658447,336.3232141054604,342.0688690712403
4371,8.949088096618652,657.5726562291031,658.4843817672368
4372,9.590163230895996,638.9597401116273,639.5138239396144
4373,18.51173210144043,917.4059746546892,908.2598500062657
4374,14.552780151367188,892.3238899634807,904.3008813951124
4376,10.274313926696777,811.589296025246,817.8909716789539
4377,8.195211410522461,779.7384836719095,782.1293179106459
4378,7.1552557945251465,384.57689650917706,377.75673303996945
4379,10.5404634475708,636.1398155263327,628.9071647688996
4380,11.60760498046875,794.9903624075911,753.0179016964485
4382,16.3210506439209,1042.8011731013755,1045.013533271821
4383,15.567032814025879,985.4580116390292,971.8633559241662
4384,8.052120208740234,828.8565637930626,820.2213505970966
4385,8.538016319274902,940.3720701088463,930.0520654707419
4386,11.552974700927734,681.2481795107709,662.0925891265877
4387,11.368952751159668,698.785955243091,681.515289284434
4388,9.963396072387695,672.8438558822778,671.6048856496188
4390,7.890096664428711,912.1639262624562,881.8080822534445
4391,6.566351890563965,966.9187557938328,931.8549245665901
4392,10.005035400390625,692.6154229574865,691.7168636660763
4393,10.53470230102539,709.1935661913307,712.755051431261
4394,8.340410232543945,593.5034968317029,601.0178699635486
4395,8.027558326721191,583.047723644666,605.2900300452243
4396,6.495044231414795,461.4957428595342,466.4401870611231
4397,6.240294933319092,552.1534036538023,558.441669732498
4398,18.35753631591797,1945.2081701478905,2093.8638755319625
4399,58.209407806396484,2336.163226474244,2512.1527751038816
4400,20.853286743164062,1787.1582954443613,1845.8850605107837
4401,21.003353118896484,1443.8814586621413,1444.233922751572
4402,14.564421653747559,1604.7235751791968,1662.943302271861
4403,18.256744384765625,1550.894952874608,1596.2647012990226
4405,8.299471855163574,709.860865747804,716.1996598542486
4406,16.27647590637207,847.5226149035373,873.2680232455762
4408,10.617618560791016,749.5337209619781,778.6791978227322
4410,21.953166961669922,1682.0279239544082,1776.7652495342654
4412,18.767593383789062,1996.2634632687232,2140.7908000289094
4413,58.81289291381836,2312.056243417626,2486.7458876966716
4414,18.228757858276367,752.2528760034392,772.7899335558105
4416,27.74111557006836,904.7704750179705,902.0470730457746
4418,46.32929229736328,1227.168326296003,1185.2480866852072
4420,26.973167419433594,909.0162577890871,923.4107707766307
4422,6.959758281707764,441.7531216857528,461.4181246671222
4423,8.989410400390625,631.7165678777232,673.753138196349
4424,21.510791778564453,1172.4403475341276,1236.1134577057837
4425,16.680023193359375,1295.4906144592005,1312.248399774143
4426,14.69141960144043,1056.6839871593402,1033.0529326053681
4427,13.075698852539062,768.1696418976514,777.7907965380841
4428,14.83000659942627,779.1527968785771,764.491501835468
4429,17.173290252685547,881.8988196994358,860.1372552626714
4430,20.401020050048828,911.4367089327866,911.0388804331352
4431,10.239521026611328,1059.8748379454764,1060.1424512986493
4432,10.817876815795898,979.5909285863355,1006.2384575086264
4433,10.102020263671875,583.8934283355152,573.5419785166415
4434,9.944761276245117,604.8564151907419,597.7381975240352
4435,13.612065315246582,696.848291958019,675.8690898468261
4436,5.193877696990967,314.04290341784707,315.65640009024753
4437,6.038796901702881,462.3637307027625,453.68640001460386
4438,8.020618438720703,585.034666307213,611.4024379948531
4439,8.337021827697754,583.1107608198286,591.2279765050779
4440,11.620725631713867,822.0414990039643,796.5301643770983
4441,8.604196548461914,697.6507164386622,674.3228675157835
4442,7.343944549560547,988.1108468262823,968.0824357633134
4443,5.999502658843994,1048.7558963712602,1034.6188536964492
4444,13.079442977905273,957.2333139336105,934.7697161830953
4445,12.109624862670898,1004.8162634146516,995.6337182496976
4446,8.456897735595703,791.7547114332887,771.0284767359004
4447,7.571393013000488,738.7447513503722,714.478326008461
4448,8.995025634765625,660.4341207774852,661.2575027131778
4449,9.513237953186035,719.9068799667676,730.2672156658464
4450,9.854812622070312,1079.856390291436,1141.5294941254015
4451,5.658341884613037,536.6312731071312,557.1805692566732
4452,6.946969985961914,618.8054310680859,629.1273713480923
4453,12.12428092956543,588.0166406100271,613.1179999281378
4454,12.002805709838867,469.3677508999369,489.22427223992463
4455,12.781614303588867,1237.2189582515975,1301.258377067194
4456,13.231033325195312,1118.4174458818866,1094.5300610645008
4457,14.525155067443848,1099.7465458296858,1077.7793406669455
4458,10.566308975219727,1090.450611989275,1116.1611947183303
4459,8.65502643585205,1059.2670148578127,1085.4293211657
4460,7.196924209594727,578.3006655413973,546.2735597271036
4461,6.313137054443359,480.0322360678494,449.4241556178472
4462,9.572399139404297,965.5002254275846,954.0188387319727
4463,9.98650074005127,873.2732221692919,868.7844061167993
4464,12.378259658813477,839.7042038439549,843.899919858495
4465,11.447664260864258,734.9698778543788,753.8304439565147
4466,6.7668657302856445,595.0095549220017,613.4116311851581
4468,3.1256613731384277,440.50011493687936,441.6269327471979
4469,5.188258647918701,325.8467038471651,306.19035705697223
4470,6.641661643981934,379.80820584513765,387.09668808063435
4472,8.515948295593262,735.7537593034779,705.02712183968
4474,7.339426040649414,667.7743399166111,649.8954933057908
4475,7.526177883148193,684.0252193873955,666.945784779418
4476,5.948780059814453,537.4599780509083,521.3311023763042
4477,6.0333571434021,550.4490783621906,534.7138704763933
4478,8.776171684265137,578.2602111295355,575.5992121773528
4479,9.04780387878418,582.3214964969678,583.4503857503055
4480,8.668065071105957,538.317422624453,530.5666847276242
4481,8.758357048034668,546.9981160816164,538.1833121387363
4482,6.340526103973389,396.5640834412987,376.4786954734819
4484,4.043369293212891,495.6688879441916,484.73362895813983
4485,5.962833404541016,692.4626330111471,706.591812740676
4486,9.723686218261719,753.5292331127883,752.9310658506829
4487,9.603997230529785,754.3863349421677,780.4207987825561
4488,14.722055435180664,808.2469561135877,797.2082107833219
4489,15.86922550201416,920.1892909844989,925.7136044339264
4490,19.781673431396484,1057.041765866284,1069.0938300762741
4491,18.390289306640625,763.593938156797,776.6721393229182
4492,16.693862915039062,723.0505986958141,744.4779303183797
4493,10.201749801635742,669.1390592495327,677.6539633729204
4494,8.192586898803711,556.8523754086622,569.7499764209167
4495,12.585709571838379,779.6300733604934,767.4831452838833
4496,11.310380935668945,691.4454844983377,671.821317143418
4498,4.942239761352539,666.0640142712471,668.5743471313699
4499,6.86561918258667,511.04776251296704,473.2150529799919
4500,8.827350616455078,805.9821138020204,760.592944353954
4501,6.705821990966797,580.6344598483101,594.120314268242
4502,6.421351909637451,555.2568610346639,551.7035882504719
4503,6.130851745605469,540.4054731236663,543.5554810650647
4504,6.781311511993408,782.9956567793935,829.9688603085931
4505,8.901491165161133,920.0030628001392,975.0448867871835
4506,10.598455429077148,1078.316937102027,1095.4919413709106
4507,9.799113273620605,1034.9762201621766,1065.9462285403288
4508,7.094783782958984,633.4737762507275,633.8270677010158
4509,7.131345748901367,652.4971164394781,652.580562769488
4510,15.321601867675781,1000.770892592775,1001.9853159071199
4511,14.409058570861816,982.0414427966626,970.7258460627177
4513,8.54423713684082,693.5898938952763,677.0885183311228
4514,12.120768547058105,721.7581694525827,718.3802001706423
4515,11.858773231506348,710.6184598333333,696.487963276461
4516,7.088357925415039,536.9712256349649,543.0891407962604
4517,8.97148323059082,601.9216820386689,603.1354404587576
4518,8.679926872253418,848.6912845273567,878.887469541928
4519,9.520379066467285,907.329694494726,958.3801190153573
4520,8.868073463439941,655.2409455761015,676.9944472911914
4521,10.711185455322266,749.0987084195118,763.1833806111991
4522,3.87493634223938,433.22908696709345,424.0386170169902
4523,5.313235282897949,483.2661792275958,475.5738748768312
4524,12.055614471435547,939.7690292432872,935.6915236667498
4525,13.611753463745117,1037.7026904465174,1042.8272617024925
4526,13.826276779174805,502.48360499039865,502.2183416881858
4527,15.30516242980957,571.2902590494296,588.2706112995191
4528,25.396718978881836,1161.8335666801352,1177.7441367143128
4529,12.089092254638672,673.8157714320532,702.8496191016602
4530,10.849691390991211,636.3814438416059,640.9298728148802
4531,13.147424697875977,745.7104109289203,758.9039553432365
4532,12.145434379577637,707.7570434462216,699.9296881679585
4534,8.451117515563965,696.4940058923485,710.2658939001124
4535,8.561407089233398,639.9643577682361,667.5718812416577
4536,8.904529571533203,619.6324003255186,637.1993424941464
4537,8.591985702514648,671.8400447338336,700.4229265125657
4538,14.167380332946777,1231.0747721534874,1324.2217559644657
4539,5.448038101196289,764.338739537454,754.4014048653125
4540,6.968594074249268,806.5855614238146,806.4658793509973
4541,10.962967872619629,615.8409591992296,594.2303857900431
4543,5.519216537475586,344.078565410897,343.73079400166205
4544,5.7846360206604,332.5998880575245,330.9726640935835
4545,16.84996795654297,1151.5579580871622,1152.4125608895813
4547,9.195117950439453,776.7266015343461,766.7387966711216
4548,9.606199264526367,776.4282124754989,771.2787131562378
4549,8.678897857666016,598.2124464567582,593.4052864120571
4550,8.822569847106934,602.8273791325878,598.4241416996143
4551,5.788311004638672,389.018834823241,396.4048969124468
4552,8.56198787689209,637.2228820423045,648.6550495589504
4554,7.06278133392334,810.6640124061545,808.4641677432667
4555,8.08199405670166,619.1467562314608,599.8018249613147
4556,8.977011680603027,660.5381031759632,631.668153645032
4557,8.628259658813477,668.883478680252,644.0238337136173
4558,9.436704635620117,722.0828825801924,686.1924536270571
4559,6.19901180267334,694.7361951971752,716.8648760272148
4560,4.5873308181762695,688.8180130447743,700.1981032735764
4561,8.466058731079102,965.9546747713264,941.6368931923118
4563,7.710694313049316,668.1446647181954,664.6675337892584
4564,5.310924530029297,427.1909410600001,407.39010345892723
4565,9.759674072265625,774.6136186660932,757.7497841705538
4566,8.607242584228516,591.0876977597036,593.9633588097506
4567,8.825202941894531,703.4289396979406,695.1728841920577
4568,8.786967277526855,756.0486224854039,762.633599770587
4569,9.778303146362305,708.5214918922749,709.0946062263823
4570,4.203635215759277,550.7864904528552,530.8506716751529
4571,3.4347007274627686,594.2626444898233,576.2155688019851
4572,9.582950592041016,810.1455592618332,788.7157541757821
4573,9.757564544677734,852.6404739690403,832.2891014110829
4574,8.307889938354492,646.6953916534164,641.8580330560891
4575,8.45721435546875,665.9371696446384,661.9150771352513
4577,11.5029935836792,847.9506433002531,852.6347393348339
4578,12.90178108215332,947.5313135585019,988.1478444933679
4579,5.507693290710449,352.76194313695004,353.30528020824767
4580,5.787603378295898,328.1880597815486,326.6370729433192
4581,14.115739822387695,1399.3892197964287,1376.326678210052
4582,14.205222129821777,1255.2968049009273,1231.6320484036798
4583,12.399395942687988,1231.5127054412126,1209.9328852457706
4584,12.87265396118164,1248.171677215967,1211.123381128012
4585,10.270309448242188,1109.32423071936,1110.3815794545949
4586,11.098840713500977,958.4135776373957,981.9788439500669
4587,11.48234748840332,779.182819794977,788.8209015084178
4588,11.382745742797852,800.904325319822,812.2213829939469
4589,8.945525169372559,560.8489414028537,545.4471816847623
4590,8.637935638427734,497.6722143981474,478.8712327125476
4591,20.77863311767578,1553.618036051376,1711.7662879094198
4592,14.044722557067871,975.3184327811624,985.5188544570066
4593,5.95466423034668,530.4927943515097,533.6679442892259
4594,6.289674758911133,573.7369247512366,575.3126834138142
4595,6.376976490020752,540.6904953078491,546.6765803069474
4596,6.491821765899658,577.5213996735038,579.6470891838808
4597,8.607664108276367,558.1896465599109,540.3626709698799
4598,8.660558700561523,549.3277578579416,536.3150258295758
4599,13.273442268371582,1112.696297727283,1187.1464523897503
4600,13.561115264892578,1006.1530765106478,1033.5257682247734
4601,6.821769714355469,666.6364651120824,676.5067097832308
4602,11.398693084716797,668.7736276122477,662.8564980144337
4603,10.701663970947266,697.3980908515872,688.9619742740093
4604,23.30494499206543,932.1325133982472,956.8136038592655
4605,12.023458480834961,857.7193935731608,833.5027804682372
4606,8.713663101196289,679.9187850343366,673.8174173385762
4607,8.505471229553223,760.5880638665316,765.1631903883002
4608,16.877391815185547,1226.0045636467426,1229.5925218293546
4609,7.363129615783691,396.1260304720607,388.0091992128168
4610,7.249144077301025,441.6212192595232,439.0298766400834
4611,9.869083404541016,872.4326564915922,860.5031722142145
4612,11.278724670410156,750.5208373478175,748.7141718795931
4613,10.23018741607666,727.6918675229305,718.5916706994182
4614,9.034281730651855,659.3114084063617,647.5274073209933
4615,8.810041427612305,700.2984875616199,700.1372433852753
4616,11.229001998901367,794.3768486288949,782.1680885119207
4617,12.317459106445312,834.083346327776,840.3615972929506
4619,7.109316349029541,570.3511879420186,625.3975403395377
4621,10.481069564819336,1036.95309464088,1021.3339615850879
4622,9.340755462646484,1001.4099100456153,982.9876865133411
4623,10.492076873779297,1036.9990738887273,1021.4481746587585
4624,9.355978012084961,1000.2288869638825,980.174350794297
4625,6.79594612121582,592.0445191854703,572.9241855060533
4626,6.841463088989258,596.7579120465318,579.4635596641114
4627,2.7683513164520264,607.5300795063947,592.4296721898241
4628,1.7984645366668701,626.3347334113931,625.8455399914885
4629,8.140068054199219,622.5455715608088,669.9961602724011
4630,8.548991203308105,683.3900533976655,727.0009146351857
4631,9.964599609375,914.9452686101724,1007.8544038678344
4632,12.419161796569824,878.2553558280861,864.0499339064629
4636,4.832441806793213,252.80858294095054,249.0443774347063
4637,4.7967400550842285,246.85135342259164,243.67776212535148
4638,11.311317443847656,646.6928071534398,670.648705921175
4639,9.351374626159668,596.7107610102647,630.1137685152615
4640,7.162848949432373,690.6330164312076,663.7449690667003
4641,5.71337890625,591.4984251825947,578.5343448657578
4642,11.671302795410156,755.8154386031057,737.8174277638908
4643,12.758071899414062,871.2918293767342,867.7992493385613
4644,12.180793762207031,945.8405673583048,943.4006289347003
4645,9.755203247070312,569.84054899945,573.5721907362085
4646,9.209152221679688,581.1436088538538,574.8772435871592
4648,17.149539947509766,1311.3578768428554,1370.230849360993
4649,7.544619560241699,345.82383125065223,337.6361865084124
4650,6.7482147216796875,418.75658586088315,433.7982109190243
4651,7.558908939361572,604.0666230936818,575.7538833764853
4652,8.004140853881836,624.9281222643552,609.3854155838919
4655,21.000919342041016,1336.0916413146322,1456.7785628789877
4656,17.42106819152832,894.2564970177602,909.3126941897118
4657,7.933053493499756,653.0367772560371,657.4408807285723
4658,8.399497985839844,798.7805077259188,814.3049510259137
4659,6.416094779968262,558.1294882280021,541.8485060373606
4661,6.558160305023193,540.3779748245311,556.5568500792995
4662,8.286935806274414,596.3554576586275,597.9146116476807
4663,7.678908348083496,599.991624762099,625.1401241633007
4664,9.420194625854492,663.7796001882742,676.7653112730724
4665,10.741851806640625,652.6942078434813,647.100078051549
4666,11.458527565002441,667.0290109039286,664.251255614925
4668,7.195124626159668,454.55787423395935,443.0086372542502
4670,7.162922382354736,953.3531555122036,911.3539125811989
4671,13.862639427185059,728.4868148677116,739.5865023188926
4672,15.421635627746582,1085.9825540001902,1115.4233738006776
4673,9.199932098388672,668.4114530958943,669.8690172234345
4674,13.25799560546875,905.4305178381749,900.5204654681561
4675,12.052349090576172,972.5281712687558,994.6714445855963
4676,13.389026641845703,1063.5985152430949,1096.2920762021442
4677,38.38434600830078,2821.662850304243,2956.325226491451
4678,18.264657974243164,2144.3452143295845,2124.106626856634
4679,10.888655662536621,775.5567423395602,739.9911163806684
4680,11.129717826843262,827.5310196687075,791.4180400836951
4682,7.504432678222656,846.6724113379576,836.6391632555902
4683,14.720198631286621,1036.2592552623032,1121.6772436802992
4686,10.986371040344238,839.9364358465127,837.7862172614634
4687,9.396282196044922,839.0775511357064,830.431732079336
4688,8.684520721435547,574.3559751788606,561.9521029683325
4689,8.346586227416992,534.9662151539912,529.2096878193204
4690,8.8892822265625,772.7724112529299,758.3113638714632
4691,11.400327682495117,875.6185087712605,848.6895490387036
4692,7.472240447998047,719.6281664259808,715.647899436157
4693,6.950162887573242,640.1916896763021,657.3269066101994
4695,8.020057678222656,687.3362201482333,694.0275592113157
4696,8.000545501708984,569.535812033421,548.3830605212446
4698,16.400638580322266,1134.7039772338387,1116.290121564511
4699,6.868076801300049,473.09322455292016,458.75895037182573
4700,10.110797882080078,746.8871781280881,747.238834966862
4701,6.947342872619629,700.6190260982245,699.0001185129984
4702,5.528726100921631,655.6640476954113,657.7651281244935
4703,10.194772720336914,629.0821214618419,651.7051726461045
4704,11.248224258422852,633.2890072395725,654.1813259972553
4706,28.374370574951172,1499.1685104873038,1558.0263658860197
4707,34.505855560302734,1422.4796307950198,1474.5209822151648
4708,26.261442184448242,1555.5960721154074,1687.3291852542034
4711,7.823399543762207,649.4411332338965,659.7538125486628
4713,11.76346206665039,1090.9922462847928,1137.626967105514
4714,9.439424514770508,825.2083744559324,824.7683748588444
4715,9.853780746459961,826.183672042641,821.4371835299629
4716,6.979646682739258,664.7960933368927,644.5384571691496
4717,16.43944549560547,1082.937155069025,1115.9414399356378
4718,13.583112716674805,748.862201692471,755.8688000876615
4719,12.934171676635742,1623.3302815368547,1590.526052172133
4720,9.504348754882812,1538.837549065411,1506.2546859777701
4722,9.878251075744629,546.7511767890235,550.0171552260712
4724,12.602619171142578,1250.5043501104506,1235.3053770362296
4725,26.770950317382812,2063.5235147487456,2233.3894192775356
4727,9.11803150177002,634.3553044339707,612.1229002582635
4728,8.034200668334961,581.5927732476806,563.4001869612492
4729,12.016399383544922,880.0353944132104,875.7363654658061
4730,14.304140090942383,1210.6951041497266,1224.214596045336
4731,12.07797908782959,1040.1275432914176,1090.1121674930741
4732,13.207047462463379,1109.154043137661,1180.5177119793227
4734,11.751140594482422,817.5462182807755,817.3171594744637
4735,4.463198661804199,686.564737799638,667.4676099042
4736,5.486549377441406,770.2714449323463,774.6650555451923
4737,5.909111022949219,480.4866655449406,472.12726891913235
4739,19.745925903320312,1075.9812847825672,1153.9919806194757
4740,19.264354705810547,904.0403035116512,941.0827109014491
4742,3.4503352642059326,446.39723517975693,453.71956720645767
4745,8.614583969116211,630.5661465384167,657.0430837423012
4746,8.987456321716309,637.0921468785909,649.8196074715952
4747,11.346823692321777,979.4376956643849,948.626138204078
4748,10.145968437194824,840.8353552737613,834.864337324355
4749,10.852991104125977,1130.4584712941928,1193.6715151996373
4750,5.885409355163574,621.2796037222786,622.7141427821595
4751,6.131603717803955,700.9169198571582,711.8006390805084
4752,7.132221698760986,853.4900735729033,858.1567340232696
4755,15.280227661132812,1494.1637541864516,1491.505473847766
4756,16.589771270751953,1546.0288735270033,1564.8648258954822
4757,8.832405090332031,573.4295269295893,545.3412821434418
4758,7.642724990844727,480.5585321334979,473.4718424789209
4759,9.90261459350586,646.9775900581518,619.6043302544126
4760,8.100348472595215,450.7659769899999,437.8543175760428
4761,8.139714241027832,696.4972621412435,711.8021502662797
4762,8.342498779296875,661.4883519395929,664.72365958554
4763,7.976531982421875,506.7275962925232,523.1803822070806
4764,8.177156448364258,550.7559361919103,558.4290247168036
4765,7.055449485778809,537.6301633483757,504.8323895794647
4766,8.050837516784668,447.3669598986799,425.73414424439096
4767,7.868171691894531,568.8547417986176,601.2051921447581
4768,6.995773792266846,439.5762917607364,462.9880885835478
4769,10.077431678771973,782.8002318951507,828.1519170905791
4770,12.502076148986816,1076.5013609750852,1142.1672641731834
4772,12.954469680786133,887.6158934296295,929.8968169921234
4773,14.725929260253906,1404.1003390517433,1424.7433429787598
4774,13.160432815551758,1117.2978936479342,1131.979875297184
4775,4.400918960571289,686.9819893789502,664.5539066125298
4776,5.447908401489258,762.8333832678379,768.3118057203257
4777,6.611100196838379,418.74514588209166,424.02930525472175
4779,19.68991470336914,2589.470451211732,2549.383126121432
4780,20.64950180053711,2604.401255108763,2564.1710013100437
4781,8.729009628295898,728.6107122716403,731.0240121595064
4782,16.4940128326416,986.4819506103124,976.9578866090452
4783,16.473554611206055,909.6320254746554,906.4286567380234
4784,8.370943069458008,670.0203686603551,674.5098682265686
4785,7.682694435119629,642.2580748865538,639.5970296280989
4786,12.965019226074219,924.3220102951243,915.9480983004014
4787,12.648702621459961,929.3795584021315,908.0590040729446
4788,14.42929458618164,1224.5319348024893,1293.502236863005
4789,10.257783889770508,907.467135801661,892.6721264518826
4790,11.05390453338623,938.7934122182672,934.5268024551458
4791,8.92103385925293,545.3485222131882,541.3879812289255
4792,9.176040649414062,546.2086201461243,540.2462695599452
4793,11.382964134216309,929.7246827907261,909.691956291954
4794,12.012042045593262,948.4285607641265,941.4078109968514
4795,3.2053723335266113,445.42441230375107,441.6792268867379
4796,5.218719959259033,592.0529336554413,601.7379516003306
4797,5.862492561340332,320.3749466404331,314.31270904205013
4798,5.725716590881348,365.2718335383584,370.4668398392702
4800,12.515708923339844,781.7568382809708,781.5737325833667
4801,28.349929809570312,2088.4135694103807,2221.015976626775
4803,18.989707946777344,997.964736364164,1033.7440553064914
4804,12.713339805603027,740.0057746675812,762.901351698728
4805,13.66472339630127,1151.3089555920517,1167.2287008211874
4806,9.870830535888672,1068.425737681865,1084.635161095614
4807,10.009674072265625,706.2174849823078,681.3136750370421
4808,8.878312110900879,653.2298093610898,629.6479031914805
4809,13.793968200683594,916.0728945289865,975.3462197255088
4810,17.27414894104004,1329.35318766381,1438.8020087530033
4811,6.1551947593688965,678.120137461099,688.1260304469538
4812,6.95876407623291,837.0709654408381,844.1835517707074
4813,10.477603912353516,875.3414283671372,866.4662663581754
4814,10.260516166687012,914.724294911974,907.5562890426881
4815,6.39115571975708,756.3997432637499,762.1189042035608
4816,6.554500579833984,761.8650533342477,764.4804357622774
4817,9.94127082824707,739.5842743497636,753.5712565682657
4818,9.177151679992676,710.3384734845021,730.9361465493196
4819,11.064264297485352,1015.0122982488323,999.8483726374674
4820,6.9401631355285645,547.0794816118205,513.9053255203958
4821,8.749859809875488,737.7948414213975,751.8181267506404
4822,11.832235336303711,1041.3790171677224,1077.0673306754893
4823,8.071514129638672,943.2039501384804,975.5712072251213
4825,9.736091613769531,613.0601796357491,614.5378619244647
4826,13.9309663772583,1029.631963651373,1062.0450375894466
4827,11.251506805419922,864.4080525232454,868.487877861945
4828,9.097875595092773,547.966795625742,554.2437336371942
4829,9.890226364135742,546.0626278724224,545.055929246954
4830,11.722253799438477,746.7293583202493,727.9858316627034
4831,20.796735763549805,874.257479172636,917.6829253279361
4832,19.231916427612305,824.4659974445572,847.1733551663391
4833,8.513469696044922,1060.085468645267,1027.1892451811323
4834,7.899580001831055,1058.5316540593294,1023.4333920036421
4835,8.256187438964844,662.1697286279398,654.6180269854625
4836,6.784598350524902,484.22409407593545,469.7828488564239
4837,8.247261047363281,836.4041461445852,809.6923709851616
4838,7.7430806159973145,837.3170043152962,825.7090275100493
4839,7.06898832321167,430.61862753786437,424.7130088079167
4840,6.2424235343933105,408.66563746489504,408.52290313251757
4841,8.290302276611328,707.1434215102308,651.0429857563311
4842,5.965497016906738,404.0798914047917,374.1806470727831
4843,7.239990234375,426.07971987114433,436.2006601272808
4844,7.106626033782959,428.77268868683313,436.14636811590105
4845,10.153788566589355,699.0811344394621,686.641632399289
4846,11.441873550415039,788.2750797916276,783.4265794527755
4847,9.359079360961914,797.5281576138877,816.2686052187973
4848,5.759371757507324,449.46069916715913,439.34872615663437
4849,6.106091022491455,550.391658655438,538.4910823062856
4850,22.874248504638672,1572.4988785401747,1755.13664378969
4851,17.090909957885742,1023.2492781846505,1062.7221405742953
4852,10.384462356567383,918.0394846006114,905.3567552233244
4853,10.690775871276855,932.4172172059776,927.6744797271755
4854,11.645469665527344,927.3578469665989,910.9251247009063
4855,12.1026029586792,923.2005813557704,915.0200833019647
4856,30.22425079345703,1703.1926835212118,1734.6641475066792
4857,28.300458908081055,1673.7753152735056,1728.7769268545205
4858,9.92515754699707,499.56339072317667,492.21739366127736
4860,23.422813415527344,1232.4959797670315,1251.15283997214
4861,16.773815155029297,793.0970319176504,783.2863740327518
4862,15.97475814819336,761.7876641285791,740.2818159190152
4863,10.471141815185547,571.0776856033252,545.5175692993678
4865,14.317716598510742,1499.9411125817956,1520.2611457090177
4866,10.560264587402344,1192.0270149913683,1193.5164654138503
4867,17.133268356323242,1186.2594138636448,1180.3447143611106
4868,17.555028915405273,1177.1881945465673,1179.148976267766
4870,5.817840576171875,544.9670964673496,532.9786809920639
4872,7.88272762298584,466.75778374748137,449.63867857799187
4873,20.937545776367188,1842.0340348411282,1974.0922655546005
4874,8.593029022216797,697.7414779939744,717.9683976929676
4875,12.622164726257324,1244.547794379256,1305.020524340739
4876,23.5914363861084,1641.0921759104742,1802.0520393366535
4877,16.05813980102539,947.4850694701711,971.9910407725004
4878,8.714954376220703,691.8730196811753,695.5024478942142
4879,9.372674942016602,731.717948382217,798.5748858976034
4880,11.87627124786377,1009.2679337423184,1080.470228826937
4881,12.660161972045898,940.609207289087,923.5450204543687
4882,17.186729431152344,1313.970472280395,1472.9271125883852
4883,10.400656700134277,919.9448352770883,888.1738981963368
4884,5.857522964477539,672.1644398149368,684.1164622336214
4887,42.09109115600586,2774.605854300579,2944.670889521327
4888,23.339149475097656,2095.2702983229606,2154.039807258658
4889,9.241205215454102,678.0082516238809,688.9978792006484
4890,9.718793869018555,634.6663179045692,642.414797873287
4891,6.3505144119262695,719.4572899639257,729.595177997185
4892,6.83450984954834,768.4586157881085,771.7139125013048
4893,9.26309585571289,928.6518016873226,946.9374997942139
4894,13.776392936706543,1395.6129822069397,1462.107866825363
4896,12.527786254882812,857.4237070968564,856.8993344039646
4897,13.518921852111816,1356.434676494942,1407.15628003547
4898,9.694815635681152,897.8735365233944,916.2289307973698
4900,7.708230972290039,428.4626655472995,428.31712859419946
4901,7.989967346191406,590.762081882992,613.2034557909726
4902,8.311646461486816,599.8803669372179,608.8871803884541
4903,9.17152214050293,783.0635101963389,772.0067157200104
4904,11.724271774291992,885.4893759187942,856.7192427478021
4905,10.795719146728516,934.0316520080721,917.602727401462
4907,12.315718650817871,713.160554746565,754.8678677950435
4908,13.097562789916992,723.4427048511432,759.7387288868056
4909,8.452455520629883,564.2010251753019,572.1615271262328
4910,9.576995849609375,644.5312300214728,650.6582163343418
4911,7.781060695648193,623.9062222569889,608.6194910201625
4912,13.791236877441406,1138.5769117462007,1182.0097251389507
4913,7.080778121948242,612.1193306376973,604.7669182461108
4914,7.341221809387207,754.8408226380192,758.313412322966
4915,10.316157341003418,911.7233216883702,889.9259900900804
4916,5.700100898742676,435.8256394176569,432.24418770446874
4917,17.323959350585938,879.0953439336528,928.8913277519746
4918,10.52120590209961,778.0971457020433,757.9380624761807
4919,7.022631645202637,558.8462816839718,541.7368399716687
4921,25.59051513671875,973.0053462835606,1018.9093784765597
4922,9.74962329864502,757.220458210393,765.4528036198153
4923,9.897613525390625,784.8250326029621,768.5738632289249
4924,11.648860931396484,1200.717663684447,1228.63426758446
4926,6.009308815002441,673.6534491591391,683.7920624976111
4927,7.014092445373535,810.0487392962839,813.9329691753923
4928,11.306452751159668,816.4950292286052,788.5577905255402
4929,10.127944946289062,739.156486179458,723.7206733461418
4930,9.900705337524414,573.9565155275204,579.7728680864101
4932,5.410919666290283,404.18870077010206,388.76192246052767
4933,4.637404441833496,333.60544109428344,319.4406250276826
4934,11.933955192565918,908.0591185675214,916.0456735965887
4937,9.43734359741211,800.939337182697,788.6356433966489
4938,13.798425674438477,1066.509440057504,1088.1049975032408
4939,14.589631080627441,912.0880276602247,955.1715995000928
4940,12.630826950073242,996.3234636451074,1055.16709016136
4941,9.109963417053223,425.3015193472795,426.20585878033563
4942,10.664721488952637,634.7484171647708,655.6729097119114
4943,16.522436141967773,1153.3340512711147,1192.2803341351919
4944,15.342796325683594,1142.0743812023113,1193.6561075414577
4945,7.713748931884766,549.0022510726208,531.6437747650355
4946,4.293796539306641,380.86070791087195,373.50644515365934
4947,7.310544967651367,385.22848561304784,391.05032207487477
4948,7.001712799072266,423.1252365451936,428.223120762998
4950,20.171768188476562,1210.085239797,1234.7889780254095
4951,12.827173233032227,1215.0360169023527,1253.9953858348513
4952,9.730308532714844,867.7557094817461,891.7994120333842
4953,8.662300109863281,572.0678260038675,561.4854436333762
4955,14.10954761505127,1281.5258382436198,1405.4705936665034
4956,11.518406867980957,665.2893397545542,636.4470931350178
4957,12.092698097229004,656.1599896952534,639.7702546913259
4958,6.430461883544922,417.70106413831934,410.524888661217
4959,5.902573585510254,393.4914241886356,389.5999070056875
4960,10.364980697631836,793.0524612169095,793.7431743695571
4961,11.051497459411621,839.1224238835428,836.2758575176383
4962,16.27941131591797,803.9742843003763,807.4445218324494
4963,17.52376937866211,1010.4580688047814,1044.0937063934607
4964,27.552152633666992,2643.122405569202,2541.5393417087794
4965,23.890708923339844,1074.5261478540497,1093.3264472000265
4966,24.218334197998047,1133.795443277035,1158.6436632968166
4967,9.201162338256836,565.0477954710415,541.0543531284162
4968,9.232280731201172,557.1227507134837,535.5998069567742
4971,23.025463104248047,1673.1439953027952,1650.8174741843095
