Unnamed: 0.1,Unnamed: 0,SMILES,RT,Speed,i-PrOH_proportion,Literature,Column,sample_index,sample_id,true_RTv,split,exclusion_reason
37,37,CCCOC(=O)C[C@H](B1OC(C)(C)C(C)(C)O1)c2ccccc2,4.2,1.0,0.1,10.1002/adsc.201900161,ODH,0,ODH_charity_0616:row:0,4.2,train,
38,38,CCCOC(=O)C[C@@H](B1OC(C)(C)C(C)(C)O1)c2ccccc2,3.5,1.0,0.1,10.1002/adsc.201900161,ODH,1,ODH_charity_0616:row:1,3.5,train,
104,104,CO[C@H](NC(=O)C(C)(C)C)c1ccccc1CCCC(F)(F)F,4.93,1.0,0.1,10.1002/anie.201405401,ODH,2,ODH_charity_0616:row:2,4.93,train,
105,105,CO[C@@H](NC(=O)C(C)(C)C)c1ccccc1CCCC(F)(F)F,4.32,1.0,0.1,10.1002/anie.201405401,ODH,3,ODH_charity_0616:row:3,4.32,train,
108,108,O[C@@H](c1ccccc1)C(F)(F)C(F)(F)C(F)(F)F,7.6,1.0,0.15,10.1039/D1QO00368B,ODH,4,ODH_charity_0616:row:4,7.6,train,
109,109,O[C@H](c1ccccc1)C(F)(F)C(F)(F)C(F)(F)F,4.4,1.0,0.15,10.1039/D1QO00368B,ODH,5,ODH_charity_0616:row:5,4.4,train,
115,115,CC(C)c1cc(C(C)C)c(NC[C@@H]2CCc3cccc(C)c3N2)c(c1)C(C)C,4.9,1.0,0.05,10.1002/anie.201909919,ODH,6,ODH_charity_0616:row:6,4.9,train,
116,116,CC(C)c1cc(C(C)C)c(NC[C@H]2CCc3cccc(C)c3N2)c(c1)C(C)C,4.5,1.0,0.05,10.1002/anie.201909919,ODH,7,ODH_charity_0616:row:7,4.5,train,
119,119,CC1(C)COC(OC1)c2ccc(cc2)[C@]3(C)CC(C)(C)CN3C(=S)Nc4cc(cc(c4)C(F)(F)F)C(F)(F)F,6.1,1.0,0.1,10.1002/anie.201501762,ODH,8,ODH_charity_0616:row:8,6.1,train,
120,120,CC1(C)COC(OC1)c2ccc(cc2)[C@@]3(C)CC(C)(C)CN3C(=S)Nc4cc(cc(c4)C(F)(F)F)C(F)(F)F,4.52,1.0,0.1,10.1002/anie.201501762,ODH,9,ODH_charity_0616:row:9,4.52,train,
123,123,CCC(CC)(O[Si](C)(C)C(C)(C)C)C#Cc1cc(C)ccc1[S@@](=O)c2ccccn2,4.2,1.0,0.3,10.1021/acs.orglett.1c02918,ODH,10,ODH_charity_0616:row:10,4.2,train,
124,124,CCC(CC)(O[Si](C)(C)C(C)(C)C)C#Cc1cc(C)ccc1[S@](=O)c2ccccn2,4.6,1.0,0.3,10.1021/acs.orglett.1c02918,ODH,11,ODH_charity_0616:row:11,4.6,train,
125,125,C[C@]1(CC2(CCCCC2)CN1C(=S)Nc3cc(cc(c3)C(F)(F)F)C(F)(F)F)c4ccccc4,9.87,1.0,0.1,10.1002/anie.201501762,ODH,12,ODH_charity_0616:row:12,9.87,train,
126,126,C[C@@]1(CC2(CCCCC2)CN1C(=S)Nc3cc(cc(c3)C(F)(F)F)C(F)(F)F)c4ccccc4,4.61,1.0,0.1,10.1002/anie.201501762,ODH,13,ODH_charity_0616:row:13,4.61,train,
158,158,C[C@]1(CC2(CCCCC2)CN1C(=S)Nc3cc(cc(c3)C(F)(F)F)C(F)(F)F)c4ccc(cc4)c5ccccc5,6.64,1.0,0.1,10.1002/anie.201501762,ODH,14,ODH_charity_0616:row:14,6.64,train,
159,159,C[C@@]1(CC2(CCCCC2)CN1C(=S)Nc3cc(cc(c3)C(F)(F)F)C(F)(F)F)c4ccc(cc4)c5ccccc5,4.95,1.0,0.1,10.1002/anie.201501762,ODH,15,ODH_charity_0616:row:15,4.95,train,
176,176,C[C@]1(CC2(CCCC2)CN1C(=S)Nc3cc(cc(c3)C(F)(F)F)C(F)(F)F)c4ccccc4,13.5,1.0,0.1,10.1002/anie.201501762,ODH,16,ODH_charity_0616:row:16,13.5,train,
177,177,C[C@@]1(CC2(CCCC2)CN1C(=S)Nc3cc(cc(c3)C(F)(F)F)C(F)(F)F)c4ccccc4,5.08,1.0,0.1,10.1002/anie.201501762,ODH,17,ODH_charity_0616:row:17,5.08,train,
180,180,Oc1ccc(cc1)[S@](=O)c2ccccn2,8.1,1.0,0.3,10.1021/acs.orglett.1c02918,ODH,18,ODH_charity_0616:row:18,8.1,train,
181,181,Oc1ccc(cc1)[S@@](=O)c2ccccn2,5.1,1.0,0.3,10.1021/acs.orglett.1c02918,ODH,19,ODH_charity_0616:row:19,5.1,train,
187,187,C[C@H]1CCc2cc(F)ccc2N1,5.9,1.0,0.1,10.1039/C4CY00418C,ODH,20,ODH_charity_0616:row:20,5.9,test,
188,188,C[C@@H]1CCc2cc(F)ccc2N1,5.2,1.0,0.1,10.1039/C4CY00418C,ODH,21,ODH_charity_0616:row:21,5.2,train,
197,197,C=CCN[C@H](\C=C\c1ccccc1)c2ccccc2,5.581,1.0,0.05,10.1039/C4CC03920C,ODH,22,ODH_charity_0616:row:22,5.581,train,
198,198,C=CCN[C@@H](\C=C\c1ccccc1)c2ccccc2,5.296,1.0,0.05,10.1039/C4CC03920C,ODH,23,ODH_charity_0616:row:23,5.296,train,
201,201,CO[C@H](NC(=O)c1ccccc1)c2cc(C)ccc2CCCC(F)(F)F,6.78,1.0,0.05,10.1002/anie.201405401,ODH,24,ODH_charity_0616:row:24,6.78,train,
202,202,CO[C@@H](NC(=O)c1ccccc1)c2cc(C)ccc2CCCC(F)(F)F,5.3,1.0,0.05,10.1002/anie.201405401,ODH,25,ODH_charity_0616:row:25,5.3,train,
207,207,CC(C)(C)c1ccc(cc1)[S@](=O)c2ccccn2,5.9,1.0,0.3,10.1021/acs.orglett.1c02918,ODH,26,ODH_charity_0616:row:26,5.9,train,
208,208,CC(C)(C)c1ccc(cc1)[S@@](=O)c2ccccn2,5.3,1.0,0.3,10.1021/acs.orglett.1c02918,ODH,27,ODH_charity_0616:row:27,5.3,train,
211,211,CCCCC[C@@H](CC=O)C(=O)OCC,6.0,1.0,0.02,10.1021/acs.orglett.9b04624,ODH,28,ODH_charity_0616:row:28,6.0,train,
212,212,CCCCC[C@H](CC=O)C(=O)OCC,5.3,1.0,0.02,10.1021/acs.orglett.9b04624,ODH,29,ODH_charity_0616:row:29,5.3,train,
221,221,CC(C)c1cccc(C(C)C)c1NC[C@@H]2CCc3cccc(Br)c3N2,6.0,1.0,0.01,10.1002/anie.201909919,ODH,30,ODH_charity_0616:row:30,6.0,train,
222,222,CC(C)c1cccc(C(C)C)c1NC[C@H]2CCc3cccc(Br)c3N2,5.4,1.0,0.01,10.1002/anie.201909919,ODH,31,ODH_charity_0616:row:31,5.4,train,
231,231,C[C@H](C#N)c1ccc(cc1)C(C)(C)C,4.9,1.0,0.02,10.1002/anie.201906111,ODH,32,ODH_charity_0616:row:32,4.9,train,
232,232,C[C@@H](C#N)c1ccc(cc1)C(C)(C)C,5.4,1.0,0.02,10.1002/anie.201906111,ODH,33,ODH_charity_0616:row:33,5.4,train,
233,233,C[C@@H](CCCO)c1ccc(C)cc1,6.68,1.0,0.1,10.1038/s41557/019/0346/2,ODH,34,ODH_charity_0616:row:34,6.68,train,
234,234,C[C@H](CCCO)c1ccc(C)cc1,5.42,1.0,0.1,10.1038/s41557/019/0346/2,ODH,35,ODH_charity_0616:row:35,5.42,train,
252,252,CC1(C)CN(C(=S)Nc2ccc(cc2)C(F)(F)F)[C@@](C)(C1)c3ccccc3,7.83,1.0,0.1,10.1002/anie.201501762,ODH,36,ODH_charity_0616:row:36,7.83,train,
253,253,CC1(C)CN(C(=S)Nc2ccc(cc2)C(F)(F)F)[C@](C)(C1)c3ccccc3,5.58,1.0,0.1,10.1002/anie.201501762,ODH,37,ODH_charity_0616:row:37,5.58,train,
254,254,C[C@@H]1CCc2cc(F)ccc2N1,4.8,1.0,0.1,10.1002/asia.201600445,ODH,38,ODH_charity_0616:row:38,4.8,train,
255,255,C[C@H]1CCc2cc(F)ccc2N1,5.6,1.0,0.1,10.1002/asia.201600445,ODH,39,ODH_charity_0616:row:39,5.6,train,
284,284,CC(C)(NC(=O)C[C@@H]1CCOc2cc(Cl)ccc12)c3ccccn3,6.8,1.0,0.2,10.1039/D1QO00302J,ODH,40,ODH_charity_0616:row:40,6.8,train,
285,285,CC(C)(NC(=O)C[C@H]1CCOc2cc(Cl)ccc12)c3ccccn3,5.7,1.0,0.2,10.1039/D1QO00302J,ODH,41,ODH_charity_0616:row:41,5.7,train,
305,305,CCOC(=O)[C@H](CC=O)C(C)C,11.4,1.0,0.02,10.1021/acs.orglett.9b04624,ODH,42,ODH_charity_0616:row:42,11.4,train,
306,306,CCOC(=O)[C@@H](CC=O)C(C)C,5.8,1.0,0.02,10.1021/acs.orglett.9b04624,ODH,43,ODH_charity_0616:row:43,5.8,train,
332,332,FC(F)(F)CCCc1ccccc1[C@@H](NC(=O)c2ccccc2)OCCCBr,6.95,1.0,0.1,10.1002/anie.201405401,ODH,44,ODH_charity_0616:row:44,6.95,train,
333,333,FC(F)(F)CCCc1ccccc1[C@H](NC(=O)c2ccccc2)OCCCBr,5.95,1.0,0.1,10.1002/anie.201405401,ODH,45,ODH_charity_0616:row:45,5.95,train,
338,338,CC(C)(O)C[C@@H]1CCc2ccccc2N1,5.6,0.8,0.05,10.1002/asia.201600445,ODH,46,ODH_charity_0616:row:46,4.48,train,
339,339,CC(C)(O)C[C@H]1CCc2ccccc2N1,6.0,0.8,0.05,10.1002/asia.201600445,ODH,47,ODH_charity_0616:row:47,4.8,train,
365,365,COc1cccc2[C@@H](CCOc12)CC(=O)NC(C)(C)c3ccccn3,12.3,1.0,0.1,10.1021/acs.orglett.0c03775,ODH,48,ODH_charity_0616:row:48,12.3,train,
366,366,COc1cccc2[C@H](CCOc12)CC(=O)NC(C)(C)c3ccccn3,6.1,1.0,0.1,10.1021/acs.orglett.0c03775,ODH,49,ODH_charity_0616:row:49,6.1,train,
371,371,CCOC(=O)[C@H](CC=O)Cc1ccc(cc1)C(C)(C)C,9.2,1.0,0.05,10.1021/acs.orglett.9b04624,ODH,50,ODH_charity_0616:row:50,9.2,train,
372,372,CCOC(=O)[C@@H](CC=O)Cc1ccc(cc1)C(C)(C)C,6.1,1.0,0.05,10.1021/acs.orglett.9b04624,ODH,51,ODH_charity_0616:row:51,6.1,train,
390,390,CC(C)OC(=O)[C@@H](O)c1ccc(cc1)C(C)C,5.4,1.0,0.05,10.1039/C8QO00047F,ODH,52,ODH_charity_0616:row:52,5.4,train,
391,391,CC(C)OC(=O)[C@H](O)c1ccc(cc1)C(C)C,6.2,1.0,0.05,10.1039/C8QO00047F,ODH,53,ODH_charity_0616:row:53,6.2,test,
402,402,Cc1ccc(CO[C@H](NC(=O)c2ccccc2)c3ccccc3CCCC(F)(F)F)cc1,7.59,1.0,0.1,10.1002/anie.201405401,ODH,54,ODH_charity_0616:row:54,7.59,train,
403,403,Cc1ccc(CO[C@@H](NC(=O)c2ccccc2)c3ccccc3CCCC(F)(F)F)cc1,6.26,1.0,0.1,10.1002/anie.201405401,ODH,55,ODH_charity_0616:row:55,6.26,train,
404,404,C1O[C@H](C=C1)c2ccccc2,5.772,1.0,0.05,10.1039/C4CC03920C,ODH,56,ODH_charity_0616:row:56,5.772,train,
405,405,C1O[C@@H](C=C1)c2ccccc2,6.288,1.0,0.05,10.1039/C4CC03920C,ODH,57,ODH_charity_0616:row:57,6.288,train,
406,406,C[C@@H]1CCc2cc(F)ccc2N1,5.3,1.0,0.1,10.1021/ja2023042,ODH,58,ODH_charity_0616:row:58,5.3,train,
407,407,C[C@H]1CCc2cc(F)ccc2N1,6.3,1.0,0.1,10.1021/ja2023042,ODH,59,ODH_charity_0616:row:59,6.3,train,
414,414,COc1cccc2CC[C@@H](Nc12)c3ccc(F)cc3,8.5,0.8,0.15,10.1039/C8CC03586E,ODH,60,ODH_charity_0616:row:60,6.8,train,
415,415,COc1cccc2CC[C@H](Nc12)c3ccc(F)cc3,6.3,0.8,0.15,10.1039/C8CC03586E,ODH,61,ODH_charity_0616:row:61,5.04,train,
416,416,FC(F)(F)c1ccc(CN[C@H](\C=C\c2ccccc2)c3ccccc3)cc1,7.577,1.0,0.05,10.1039/C4CC03920C,ODH,62,ODH_charity_0616:row:62,7.577,train,
417,417,FC(F)(F)c1ccc(CN[C@@H](\C=C\c2ccccc2)c3ccccc3)cc1,6.309,1.0,0.05,10.1039/C4CC03920C,ODH,63,ODH_charity_0616:row:63,6.309,train,
422,422,CC1(C)CN(C(=S)Nc2ccc(Cl)cc2)[C@@](C)(C1)c3ccccc3,8.23,1.0,0.1,10.1002/anie.201501762,ODH,64,ODH_charity_0616:row:64,8.23,train,
423,423,CC1(C)CN(C(=S)Nc2ccc(Cl)cc2)[C@](C)(C1)c3ccccc3,6.38,1.0,0.1,10.1002/anie.201501762,ODH,65,ODH_charity_0616:row:65,6.38,train,
426,426,C[C@@H]1CCc2cc(F)ccc2N1,5.2,1.0,0.06,10.1002/adsc.200900870,ODH,66,ODH_charity_0616:row:66,5.2,train,
427,427,C[C@H]1CCc2cc(F)ccc2N1,6.4,1.0,0.06,10.1002/adsc.200900870,ODH,67,ODH_charity_0616:row:67,6.4,train,
428,428,C[C@@H]1CCc2cc(F)ccc2N1,5.2,1.0,0.06,10.1039/c002668a,ODH,68,ODH_charity_0616:row:68,5.2,train,
429,429,C[C@H]1CCc2cc(F)ccc2N1,6.4,1.0,0.06,10.1039/c002668a,ODH,69,ODH_charity_0616:row:69,6.4,train,
440,440,CC(C)OC(=O)[C@@H](O)c1ccc(Cl)cc1,5.9,1.0,0.05,10.1039/C8QO00047F,ODH,70,ODH_charity_0616:row:70,5.9,train,
441,441,CC(C)OC(=O)[C@H](O)c1ccc(Cl)cc1,6.4,1.0,0.05,10.1039/C8QO00047F,ODH,71,ODH_charity_0616:row:71,6.4,train,
442,442,C1Cc2ccccc2N[C@H]1Cc3ccccc3,7.1,0.8,0.15,10.1039/C8CC03586E,ODH,72,ODH_charity_0616:row:72,5.68,train,
443,443,C1Cc2ccccc2N[C@@H]1Cc3ccccc3,6.4,0.8,0.15,10.1039/C8CC03586E,ODH,73,ODH_charity_0616:row:73,5.12,train,
454,454,Cc1ccc(c(c1)C#CC2(CCOCC2)O[Si](C)(C)C(C)(C)C)[S@@](=O)c3ccccn3,5.5,1.0,0.3,10.1021/acs.orglett.1c02918,ODH,74,ODH_charity_0616:row:74,5.5,train,
455,455,Cc1ccc(c(c1)C#CC2(CCOCC2)O[Si](C)(C)C(C)(C)C)[S@](=O)c3ccccn3,6.5,1.0,0.3,10.1021/acs.orglett.1c02918,ODH,75,ODH_charity_0616:row:75,6.5,train,
456,456,COc1ccc(c(c1)C#C[Si](C(C)C)(C(C)C)C(C)C)[S@@](=O)c2ccccn2,5.9,1.0,0.2,10.1021/acs.orglett.1c02918,ODH,76,ODH_charity_0616:row:76,5.9,test,
457,457,COc1ccc(c(c1)C#C[Si](C(C)C)(C(C)C)C(C)C)[S@](=O)c2ccccn2,6.5,1.0,0.2,10.1021/acs.orglett.1c02918,ODH,77,ODH_charity_0616:row:77,6.5,train,
458,458,C[C@@H](CC(=O)NC(C)(C)c1ccccn1)c2ccc(Cl)cc2,6.8,1.0,0.1,10.1039/D1CC01690C,ODH,78,ODH_charity_0616:row:78,6.8,train,
459,459,C[C@H](CC(=O)NC(C)(C)c1ccccn1)c2ccc(Cl)cc2,6.5,1.0,0.1,10.1039/D1CC01690C,ODH,79,ODH_charity_0616:row:79,6.5,train,
470,470,C(O[C@@H](\C=C\c1ccccc1)c2ccccc2)c3ccccc3,6.028,1.0,0.03,10.1039/C6QO00227G,ODH,80,ODH_charity_0616:row:80,6.028,train,
471,471,C(O[C@H](\C=C\c1ccccc1)c2ccccc2)c3ccccc3,6.525,1.0,0.03,10.1039/C6QO00227G,ODH,81,ODH_charity_0616:row:81,6.525,train,
481,481,C=Cc1ccccc1[S@@](=O)c2ccccn2,6.1,1.0,0.3,10.1021/acs.orglett.1c02918,ODH,82,ODH_charity_0616:row:82,6.1,train,
482,482,C=Cc1ccccc1[S@](=O)c2ccccn2,6.6,1.0,0.3,10.1021/acs.orglett.1c02918,ODH,83,ODH_charity_0616:row:83,6.6,train,
483,483,CC(C)(NC(=O)C[C@@H]1CCOc2ccc(F)cc12)c3ccccn3,8.2,1.0,0.15,10.1039/D1QO00302J,ODH,84,ODH_charity_0616:row:84,8.2,train,
484,484,CC(C)(NC(=O)C[C@H]1CCOc2ccc(F)cc12)c3ccccn3,6.6,1.0,0.15,10.1039/D1QO00302J,ODH,85,ODH_charity_0616:row:85,6.6,train,
485,485,CCCCCC[C@@H](C)c1cc2cc(ccc2n1c3ccc(cn3)c4cc(cc(c4)C(F)(F)F)C(F)(F)F)c5ccc(cc5)C(F)(F)F,13.6,0.6,0.1,10.1021/jacs.1c08562,ODH,86,ODH_charity_0616:row:86,8.16,train,
486,486,CCCCCC[C@H](C)c1cc2cc(ccc2n1c3ccc(cn3)c4cc(cc(c4)C(F)(F)F)C(F)(F)F)c5ccc(cc5)C(F)(F)F,6.6,0.6,0.1,10.1021/jacs.1c08562,ODH,87,ODH_charity_0616:row:87,3.96,train,
501,501,CC1(C)CN(C(=S)Nc2ccc(Br)cc2)[C@@](C)(C1)c3ccccc3,8.78,1.0,0.1,10.1002/anie.201501762,ODH,88,ODH_charity_0616:row:88,8.78,train,
502,502,CC1(C)CN(C(=S)Nc2ccc(Br)cc2)[C@](C)(C1)c3ccccc3,6.67,1.0,0.1,10.1002/anie.201501762,ODH,89,ODH_charity_0616:row:89,6.67,train,
503,503,C[C@H](CCCO)c1ccc(C)cc1,5.42,1.0,0.1,10.1038/s41557/019/0346/2,ODH,90,ODH_charity_0616:row:90,5.42,train,
504,504,C[C@@H](CCCO)c1ccc(C)cc1,6.68,1.0,0.1,10.1038/s41557/019/0346/2,ODH,91,ODH_charity_0616:row:91,6.68,train,
518,518,CC(C)OC(=O)[C@@H](O)c1ccc(Br)cc1,6.2,1.0,0.05,10.1039/C8QO00047F,ODH,92,ODH_charity_0616:row:92,6.2,train,
519,519,CC(C)OC(=O)[C@H](O)c1ccc(Br)cc1,6.7,1.0,0.05,10.1039/C8QO00047F,ODH,93,ODH_charity_0616:row:93,6.7,train,
520,520,CC(C)OC(=O)[C@@H](O)c1ccc(F)cc1,6.2,1.0,0.05,10.1039/C8QO00047F,ODH,94,ODH_charity_0616:row:94,6.2,train,
521,521,CC(C)OC(=O)[C@H](O)c1ccc(F)cc1,6.7,1.0,0.05,10.1039/C8QO00047F,ODH,95,ODH_charity_0616:row:95,6.7,train,
524,524,Cc1ccc(cc1)[C@@H]2[C@@H](C=O)[C@]23CCC3(c4ccccc4)c5ccccc5,7.39,1.0,0.1,10.1002/anie.201912834,ODH,96,ODH_charity_0616:row:96,7.39,valid,
532,532,Clc1ccc(cc1)[C@@H]2[C@@H](C=O)[C@]23CCC3(c4ccccc4)c5ccccc5,9.33,1.0,0.1,10.1002/anie.201912834,ODH,97,ODH_charity_0616:row:97,9.33,train,
563,563,CC(C)(C)OC(=O)N[C@H](c1ccccc1)c2ccc(Cl)cc2,7.37,0.7,0.05,10.1002/anie.201915459,ODH,98,ODH_charity_0616:row:98,5.159,train,
564,564,CC(C)(C)OC(=O)N[C@@H](c1ccccc1)c2ccc(Cl)cc2,6.9,0.7,0.05,10.1002/anie.201915459,ODH,99,ODH_charity_0616:row:99,4.83,train,
565,565,COC(=O)[C@@]1(N[C@@H]([C@H]([C@@H]1[N+]([O-])=O)c2ccccc2Cl)c3ccccc3)c4ccccc4,7.507,1.0,0.07,10.1002/anie.201802492,ODH,100,ODH_charity_0616:row:100,7.507,train,
566,566,C1CN(CCO1)[C@H](\C=C\c2ccccc2)c3ccccc3,13.509,1.0,0.1,10.1039/C4CC03920C,ODH,101,ODH_charity_0616:row:101,13.509,valid,
567,567,C1CN(CCO1)[C@@H](\C=C\c2ccccc2)c3ccccc3,6.918,1.0,0.1,10.1039/C4CC03920C,ODH,102,ODH_charity_0616:row:102,6.918,train,
588,588,CCOC(=O)C[C@H](B1OC(C)(C)C(C)(C)O1)c2cccc(C)c2,8.5,0.5,0.1,10.1002/adsc.201900161,ODH,103,ODH_charity_0616:row:103,4.25,train,
589,589,CCOC(=O)C[C@@H](B1OC(C)(C)C(C)(C)O1)c2cccc(C)c2,7.0,0.5,0.1,10.1002/adsc.201900161,ODH,104,ODH_charity_0616:row:104,3.5,train,
608,608,C[C@@H](CC(=O)NC(C)(C)c1ccccn1)c2ccc3[nH]ccc3c2,5.2,1.0,0.3,10.1039/D1CC01690C,ODH,105,ODH_charity_0616:row:105,5.2,train,
609,609,C[C@H](CC(=O)NC(C)(C)c1ccccn1)c2ccc3[nH]ccc3c2,7.1,1.0,0.3,10.1039/D1CC01690C,ODH,106,ODH_charity_0616:row:106,7.1,train,
614,614,CC(C)OC(=O)[C@@H](O)c1cccc(Cl)c1,6.1,1.0,0.05,10.1039/C8QO00047F,ODH,107,ODH_charity_0616:row:107,6.1,test,
615,615,CC(C)OC(=O)[C@H](O)c1cccc(Cl)c1,7.1,1.0,0.05,10.1039/C8QO00047F,ODH,108,ODH_charity_0616:row:108,7.1,train,
616,616,CCOC(=O)C[C@H](B1OC(C)(C)C(C)(C)O1)c2ccccc2,9.0,0.5,0.1,10.1002/adsc.201900161,ODH,109,ODH_charity_0616:row:109,4.5,train,
617,617,CCOC(=O)C[C@@H](B1OC(C)(C)C(C)(C)O1)c2ccccc2,7.1,0.5,0.1,10.1002/adsc.201900161,ODH,110,ODH_charity_0616:row:110,3.55,valid,
620,620,CC(C)(C)c1cccc(c1)C2=NO[C@@](C2)(CC(F)(F)F)c3ccccc3,6.61,0.8,0.1,10.1002/anie.201804315,ODH,111,ODH_charity_0616:row:111,5.288,train,
621,621,CC(C)(C)c1cccc(c1)C2=NO[C@](C2)(CC(F)(F)F)c3ccccc3,7.16,0.8,0.1,10.1002/anie.201804315,ODH,112,ODH_charity_0616:row:112,5.728,train,
625,625,COC(=O)[C@@]1(N[C@@H]([C@H]([C@@H]1[N+]([O-])=O)c2ccc(Cl)cc2)c3ccccc3)c4ccccc4,8.164,1.0,0.05,10.1002/anie.201802492,ODH,113,ODH_charity_0616:row:113,8.164,train,
644,644,Fc1ccc(cc1)[C@H]2CCc3cc(Br)ccc3N2,13.6,0.8,0.15,10.1039/C8CC03586E,ODH,114,ODH_charity_0616:row:114,10.88,train,
645,645,Fc1ccc(cc1)[C@@H]2CCc3cc(Br)ccc3N2,7.2,0.8,0.15,10.1039/C8CC03586E,ODH,115,ODH_charity_0616:row:115,5.76,train,
651,651,C=C[C@@H]1[C@@H](c2ccccc2)[C@@]13CCC3(c4ccccc4)c5ccccc5,3.38,1.0,0.1,10.1002/anie.201912834,ODH,116,ODH_charity_0616:row:116,3.38,train,
668,668,C[C@H](CC(=O)C1CCCCC1)[S](=O)(=O)c2ccc(C)cc2,7.8,1.0,0.05,10.1021/acs.orglett.0c03517,ODH,117,ODH_charity_0616:row:117,7.8,train,
669,669,C[C@@H](CC(=O)C1CCCCC1)[S](=O)(=O)c2ccc(C)cc2,7.3,1.0,0.05,10.1021/acs.orglett.0c03517,ODH,118,ODH_charity_0616:row:118,7.3,train,
670,670,CC(C)(C)c1ccc(cc1)[C@@H]2Nc3ccccc3OC2=O,8.8,1.0,0.2,10.1039/C8SC05797D,ODH,119,ODH_charity_0616:row:119,8.8,train,
671,671,CC(C)(C)c1ccc(cc1)[C@H]2Nc3ccccc3OC2=O,7.3,1.0,0.2,10.1039/C8SC05797D,ODH,120,ODH_charity_0616:row:120,7.3,test,
701,701,COC(=O)C[C@H](B1OC(C)(C)C(C)(C)O1)c2ccccc2F,9.9,0.5,0.1,10.1002/adsc.201900161,ODH,121,ODH_charity_0616:row:121,4.95,train,
702,702,COC(=O)C[C@@H](B1OC(C)(C)C(C)(C)O1)c2ccccc2F,7.4,0.5,0.1,10.1002/adsc.201900161,ODH,122,ODH_charity_0616:row:122,3.7,train,
705,705,[nH]1c2ccccc2c([C@@H](\C=C\c3ccccc3)c4ccccc4)c1c5ccccc5,6.86,1.0,0.15,10.1039/C6QO00227G,ODH,123,ODH_charity_0616:row:123,6.86,train,
706,706,[nH]1c2ccccc2c([C@H](\C=C\c3ccccc3)c4ccccc4)c1c5ccccc5,7.438,1.0,0.15,10.1039/C6QO00227G,ODH,124,ODH_charity_0616:row:124,7.438,train,
711,711,Cc1cc(C)c(NC[C@@H]2CCc3cccc(C)c3N2)c(C)c1,9.1,1.0,0.1,10.1002/anie.201909919,ODH,125,ODH_charity_0616:row:125,9.1,train,
712,712,Cc1cc(C)c(NC[C@H]2CCc3cccc(C)c3N2)c(C)c1,7.5,1.0,0.1,10.1002/anie.201909919,ODH,126,ODH_charity_0616:row:126,7.5,train,
727,727,CC(C)(C)OC(=O)N1CC[C@@H](C1)C#N,7.9,1.0,0.03,10.1002/anie.201906111,ODH,127,ODH_charity_0616:row:127,7.9,train,
728,728,CC(C)(C)OC(=O)N1CC[C@H](C1)C#N,7.5,1.0,0.03,10.1002/anie.201906111,ODH,128,ODH_charity_0616:row:128,7.5,train,
729,729,CC(C)OC(=O)C[C@H](B1OC(C)(C)C(C)(C)O1)c2ccccc2,8.0,0.5,0.01,10.1002/adsc.201900161,ODH,129,ODH_charity_0616:row:129,4.0,train,
730,730,CC(C)OC(=O)C[C@@H](B1OC(C)(C)C(C)(C)O1)c2ccccc2,7.5,0.5,0.01,10.1002/adsc.201900161,ODH,130,ODH_charity_0616:row:130,3.75,train,
731,731,CCOC(=O)C[C@@H](Sc1ccccc1)c2ccc(F)cc2,10.5,1.0,0.01,10.1021/acs.orglett.8b02339,ODH,131,ODH_charity_0616:row:131,10.5,test,
732,732,CCOC(=O)C[C@H](Sc1ccccc1)c2ccc(F)cc2,7.5,1.0,0.01,10.1021/acs.orglett.8b02339,ODH,132,ODH_charity_0616:row:132,7.5,train,
759,759,COC(=O)C[C@H](B1OC(C)(C)C(C)(C)O1)c2ccccc2,11.6,0.5,0.1,10.1002/adsc.201900161,ODH,133,ODH_charity_0616:row:133,5.8,train,
760,760,COC(=O)C[C@@H](B1OC(C)(C)C(C)(C)O1)c2ccccc2,7.6,0.5,0.1,10.1002/adsc.201900161,ODH,134,ODH_charity_0616:row:134,3.8,valid,
766,766,FC(F)(F)CCCc1ccccc1[C@@H](NC(=O)c2ccccc2)OCc3ccc(I)cc3,10.15,1.0,0.1,10.1002/anie.201405401,ODH,135,ODH_charity_0616:row:135,10.15,train,
767,767,FC(F)(F)CCCc1ccccc1[C@H](NC(=O)c2ccccc2)OCc3ccc(I)cc3,7.66,1.0,0.1,10.1002/anie.201405401,ODH,136,ODH_charity_0616:row:136,7.66,train,
777,777,CCCCC[C@H](F)C(=O)c1nccn1c2ccccc2,9.3,1.0,0.02,10.1002/asia.201601306,ODH,137,ODH_charity_0616:row:137,9.3,train,
778,778,CCCCC[C@@H](F)C(=O)c1nccn1c2ccccc2,7.7,1.0,0.02,10.1002/asia.201601306,ODH,138,ODH_charity_0616:row:138,7.7,train,
781,781,CCc1ccc(cc1)[C@H](O)C(=O)OC(C)C,5.7,1.0,0.05,10.1039/C8QO00047F,ODH,139,ODH_charity_0616:row:139,5.7,train,
782,782,CCc1ccc(cc1)[C@@H](O)C(=O)OC(C)C,7.7,1.0,0.05,10.1039/C8QO00047F,ODH,140,ODH_charity_0616:row:140,7.7,test,
790,790,Fc1ccc(cc1)C(=O)[C@]2(OCCC[C@H]2Cl)c3ccc(F)cc3,8.68,1.0,0.01,10.1021/ja201794v,ODH,141,ODH_charity_0616:row:141,8.68,train,
791,791,Fc1ccc(cc1)C(=O)[C@@]2(OCCC[C@H]2Cl)c3ccc(F)cc3,7.77,1.0,0.01,10.1021/ja201794v,ODH,142,ODH_charity_0616:row:142,7.77,train,
838,838,CCCC[C@H](F)C(=O)c1nccn1c2ccccc2,9.4,1.0,0.02,10.1002/asia.201601306,ODH,143,ODH_charity_0616:row:143,9.4,train,
839,839,CCCC[C@@H](F)C(=O)c1nccn1c2ccccc2,7.9,1.0,0.02,10.1002/asia.201601306,ODH,144,ODH_charity_0616:row:144,7.9,train,
849,849,Brc1ccc(cc1)[C@@H]2[C@@H](C=O)[C@]23CCC3(c4ccccc4)c5ccccc5,11.62,1.0,0.1,10.1002/anie.201912834,ODH,145,ODH_charity_0616:row:145,11.62,valid,
857,857,CC[C@H]1Nc2ccccc2NC1=O,9.4,1.0,0.2,10.1039/D1QO01598B,ODH,146,ODH_charity_0616:row:146,9.4,train,
858,858,CC[C@@H]1Nc2ccccc2NC1=O,8.0,1.0,0.2,10.1039/D1QO01598B,ODH,147,ODH_charity_0616:row:147,8.0,train,
874,874,Cc1ccc(cc1)C(=O)[C@]2(OCCC[C@H]2Cl)c3ccc(C)cc3,8.87,1.0,0.01,10.1021/ja201794v,ODH,148,ODH_charity_0616:row:148,8.87,valid,
875,875,Cc1ccc(cc1)C(=O)[C@@]2(OCCC[C@H]2Cl)c3ccc(C)cc3,8.04,1.0,0.01,10.1021/ja201794v,ODH,149,ODH_charity_0616:row:149,8.04,train,
896,896,CCOC(=O)C[C@H](Sc1ccccc1)c2ccc(cc2)C(C)(C)C,5.5,1.0,0.01,10.1021/acs.orglett.8b02339,ODH,150,ODH_charity_0616:row:150,5.5,train,
897,897,CCOC(=O)C[C@@H](Sc1ccccc1)c2ccc(cc2)C(C)(C)C,8.1,1.0,0.01,10.1021/acs.orglett.8b02339,ODH,151,ODH_charity_0616:row:151,8.1,train,
898,898,CC(C)OC(=O)C[C@@H](B1OC(C)(C)C(C)(C)O1)c2ccccc2,7.5,0.5,0.01,10.1021/acs.orglett.9b00994,ODH,152,ODH_charity_0616:row:152,3.75,train,
899,899,CC(C)OC(=O)C[C@H](B1OC(C)(C)C(C)(C)O1)c2ccccc2,8.1,0.5,0.01,10.1021/acs.orglett.9b00994,ODH,153,ODH_charity_0616:row:153,4.05,train,
910,910,Cc1ccc(cc1)[S@](=O)[C@@H]([C@@H](N=Cc2ccccc2O)c3ccccc3)c4ccccc4,9.918,0.8,0.15,10.1039/C2CC31907A,ODH,154,ODH_charity_0616:row:154,7.9344,train,
926,926,CCCCCCCCCC[C@H]1Cc2ccccc2N1,6.0,0.8,0.03,10.1021/acs.orglett.8b00312,ODH,155,ODH_charity_0616:row:155,4.8,train,
927,927,CCCCCCCCCC[C@@H]1Cc2ccccc2N1,8.2,0.8,0.03,10.1021/acs.orglett.8b00312,ODH,156,ODH_charity_0616:row:156,6.56,train,
941,941,Fc1ccc(cc1)C(=O)[C@]2(OCCC[C@H]2Br)c3ccc(F)cc3,9.42,1.0,0.01,10.1021/ja201794v,ODH,157,ODH_charity_0616:row:157,9.42,train,
942,942,Fc1ccc(cc1)C(=O)[C@@]2(OCCC[C@H]2Br)c3ccc(F)cc3,8.25,1.0,0.01,10.1021/ja201794v,ODH,158,ODH_charity_0616:row:158,8.25,valid,
951,951,CC1(C)CN(C(=S)Nc2ccc(F)cc2)[C@@](C)(C1)c3ccccc3,10.67,1.0,0.1,10.1002/anie.201501762,ODH,159,ODH_charity_0616:row:159,10.67,train,
952,952,CC1(C)CN(C(=S)Nc2ccc(F)cc2)[C@](C)(C1)c3ccccc3,8.29,1.0,0.1,10.1002/anie.201501762,ODH,160,ODH_charity_0616:row:160,8.29,train,
957,957,Clc1ccc(cc1)C(=O)[C@]2(OCCC[C@H]2Br)c3ccc(Cl)cc3,9.48,1.0,0.01,10.1021/ja201794v,ODH,161,ODH_charity_0616:row:161,9.48,train,
958,958,Clc1ccc(cc1)C(=O)[C@@]2(OCCC[C@H]2Br)c3ccc(Cl)cc3,8.3,1.0,0.01,10.1021/ja201794v,ODH,162,ODH_charity_0616:row:162,8.3,train,
963,963,CC(C)OC(=O)[C@@H](O)c1sccc1,5.9,1.0,0.05,10.1039/C8QO00047F,ODH,163,ODH_charity_0616:row:163,5.9,train,
964,964,CC(C)OC(=O)[C@H](O)c1sccc1,8.3,1.0,0.05,10.1039/C8QO00047F,ODH,164,ODH_charity_0616:row:164,8.3,train,
972,972,Cc1cc(C)cc(c1)C2=NO[C@@](C2)(CC(F)(F)F)c3ccccc3,7.59,0.8,0.1,10.1002/anie.201804315,ODH,165,ODH_charity_0616:row:165,6.072,train,
973,973,Cc1cc(C)cc(c1)C2=NO[C@](C2)(CC(F)(F)F)c3ccccc3,8.34,0.8,0.1,10.1002/anie.201804315,ODH,166,ODH_charity_0616:row:166,6.672,train,
978,978,F[C@H]1CCCO[C@]1(C(=O)c2ccc(F)cc2)c3ccc(F)cc3,9.1,1.0,0.01,10.1002/chem.201202444,ODH,167,ODH_charity_0616:row:167,9.1,train,
979,979,F[C@@H]1CCCO[C@]1(C(=O)c2ccc(F)cc2)c3ccc(F)cc3,8.37,1.0,0.01,10.1002/chem.201202444,ODH,168,ODH_charity_0616:row:168,8.37,train,
995,995,CC(C)OC(=O)[C@@H](O)c1cc(C)cc(C)c1,6.2,1.0,0.05,10.1039/C8QO00047F,ODH,169,ODH_charity_0616:row:169,6.2,train,
996,996,CC(C)OC(=O)[C@H](O)c1cc(C)cc(C)c1,8.4,1.0,0.05,10.1039/C8QO00047F,ODH,170,ODH_charity_0616:row:170,8.4,train,
997,997,CC(C)OC(=O)[C@@H](O)c1ccccc1C,6.9,1.0,0.05,10.1039/C8QO00047F,ODH,171,ODH_charity_0616:row:171,6.9,train,
998,998,CC(C)OC(=O)[C@H](O)c1ccccc1C,8.4,1.0,0.05,10.1039/C8QO00047F,ODH,172,ODH_charity_0616:row:172,8.4,train,
999,999,CCCOC(=O)C[C@@H](B1OC(C)(C)C(C)(C)O1)c2ccccc2,7.0,0.5,0.1,10.1021/acs.orglett.9b00994,ODH,173,ODH_charity_0616:row:173,3.5,train,
1000,1000,CCCOC(=O)C[C@H](B1OC(C)(C)C(C)(C)O1)c2ccccc2,8.4,0.5,0.1,10.1021/acs.orglett.9b00994,ODH,174,ODH_charity_0616:row:174,4.2,train,
1001,1001,COC(=O)[C@@H](C)CC=O,11.5,1.0,0.02,10.1021/acs.orglett.9b04624,ODH,175,ODH_charity_0616:row:175,11.5,train,
1002,1002,COC(=O)[C@H](C)CC=O,8.4,1.0,0.02,10.1021/acs.orglett.9b04624,ODH,176,ODH_charity_0616:row:176,8.4,train,
1003,1003,Fc1ccc(cc1)[C@H]2CCc3ccccc3N2,12.2,0.8,0.15,10.1039/C8CC03586E,ODH,177,ODH_charity_0616:row:177,9.76,train,
1004,1004,Fc1ccc(cc1)[C@@H]2CCc3ccccc3N2,8.4,0.8,0.15,10.1039/C8CC03586E,ODH,178,ODH_charity_0616:row:178,6.72,train,
1016,1016,Cc1ccc(cc1)C(=O)[C@]2(OCCC[C@H]2Br)c3ccc(C)cc3,9.33,1.0,0.01,10.1021/ja201794v,ODH,179,ODH_charity_0616:row:179,9.33,train,
1017,1017,Cc1ccc(cc1)C(=O)[C@@]2(OCCC[C@H]2Br)c3ccc(C)cc3,8.47,1.0,0.01,10.1021/ja201794v,ODH,180,ODH_charity_0616:row:180,8.47,train,
1028,1028,O=[S@@](c1ccccn1)c2ccccc2C#Cc3ccccc3,7.5,1.0,0.3,10.1021/acs.orglett.1c02918,ODH,181,ODH_charity_0616:row:181,7.5,train,
1029,1029,O=[S@](c1ccccn1)c2ccccc2C#Cc3ccccc3,8.5,1.0,0.3,10.1021/acs.orglett.1c02918,ODH,182,ODH_charity_0616:row:182,8.5,train,
1038,1038,COc1ccc(C)cc1[C@H](O)C(=O)OC(C)C,7.7,1.0,0.05,10.1039/C8QO00047F,ODH,183,ODH_charity_0616:row:183,7.7,train,
1039,1039,COc1ccc(C)cc1[C@@H](O)C(=O)OC(C)C,8.5,1.0,0.05,10.1039/C8QO00047F,ODH,184,ODH_charity_0616:row:184,8.5,train,
1040,1040,C[C@H](C#N)c1ccc(Br)cc1,8.1,1.0,0.02,10.1002/anie.201906111,ODH,185,ODH_charity_0616:row:185,8.1,train,
1041,1041,C[C@@H](C#N)c1ccc(Br)cc1,8.5,1.0,0.02,10.1002/anie.201906111,ODH,186,ODH_charity_0616:row:186,8.5,train,
1046,1046,CC[C@@H](C#Cc1cccc(F)c1)c2ccccc2,9.2,0.5,0.002,10.1038/s41557/019/0346/2,ODH,187,ODH_charity_0616:row:187,4.6,train,
1047,1047,CC[C@H](C#Cc1cccc(F)c1)c2ccccc2,8.53,0.5,0.002,10.1038/s41557/019/0346/2,ODH,188,ODH_charity_0616:row:188,4.265,train,
1048,1048,F[C@H]1CCCO[C@]1(C(=O)c2ccc(Cl)cc2)c3ccc(Cl)cc3,9.51,1.0,0.01,10.1002/chem.201202444,ODH,189,ODH_charity_0616:row:189,9.51,train,
1049,1049,F[C@@H]1CCCO[C@]1(C(=O)c2ccc(Cl)cc2)c3ccc(Cl)cc3,8.55,1.0,0.01,10.1002/chem.201202444,ODH,190,ODH_charity_0616:row:190,8.55,train,
1062,1062,C[C@H](F)C(=O)c1ccc2ccccc2n1,7.6,1.0,0.02,10.1002/asia.201601306,ODH,191,ODH_charity_0616:row:191,7.6,train,
1063,1063,C[C@@H](F)C(=O)c1ccc2ccccc2n1,8.6,1.0,0.02,10.1002/asia.201601306,ODH,192,ODH_charity_0616:row:192,8.6,train,
1070,1070,CC(C)(C)OC(=O)N1[C@H](CO[S]1(=O)=O)c2ccccc2,11.3,1.0,0.2,10.1016/j.isci.2019.07.004,ODH,193,ODH_charity_0616:row:193,11.3,train,
1071,1071,CC(C)(C)OC(=O)N1[C@@H](CO[S]1(=O)=O)c2ccccc2,8.6,1.0,0.2,10.1016/j.isci.2019.07.004,ODH,194,ODH_charity_0616:row:194,8.6,train,
1072,1072,Fc1ccc(cc1)[C@@H]2Nc3ccccc3OC2=O,15.3,1.0,0.2,10.1039/C8SC05797D,ODH,195,ODH_charity_0616:row:195,15.3,train,
1073,1073,Fc1ccc(cc1)[C@H]2Nc3ccccc3OC2=O,8.6,1.0,0.2,10.1039/C8SC05797D,ODH,196,ODH_charity_0616:row:196,8.6,train,
1092,1092,Clc1ccccc1[C@@H]2[C@@H](C=O)[C@]23CCC3(c4ccccc4)c5ccccc5,11.33,1.0,0.1,10.1002/anie.201912834,ODH,197,ODH_charity_0616:row:197,11.33,valid,
1112,1112,CC(C)OC(=O)[C@H](CC=O)Cc1ccc(F)cc1,10.7,1.0,0.02,10.1021/acs.orglett.9b04624,ODH,198,ODH_charity_0616:row:198,10.7,train,
1113,1113,CC(C)OC(=O)[C@@H](CC=O)Cc1ccc(F)cc1,8.7,1.0,0.02,10.1021/acs.orglett.9b04624,ODH,199,ODH_charity_0616:row:199,8.7,train,
1124,1124,Fc1ccc(cc1)C(=O)[C@@]2(OCCC[C@@H]2Cl)c3ccc(F)cc3,7.75,1.0,0.01,10.1021/ja201794v,ODH,200,ODH_charity_0616:row:200,7.75,train,
1145,1145,CC[C@H](F)C(=O)c1nccn1c2ccccc2,10.7,1.0,0.02,10.1002/asia.201601306,ODH,201,ODH_charity_0616:row:201,10.7,train,
1146,1146,CC[C@@H](F)C(=O)c1nccn1c2ccccc2,8.8,1.0,0.02,10.1002/asia.201601306,ODH,202,ODH_charity_0616:row:202,8.8,train,
1151,1151,CCCCC[C@H]1Cc2ccccc2N1,6.7,0.8,0.03,10.1021/acs.orglett.8b00312,ODH,203,ODH_charity_0616:row:203,5.36,train,
1152,1152,CCCCC[C@@H]1Cc2ccccc2N1,8.8,0.8,0.03,10.1021/acs.orglett.8b00312,ODH,204,ODH_charity_0616:row:204,7.04,train,
1153,1153,CCOC(=O)C[C@@H](Sc1ccc(Cl)cc1)c2ccccc2,11.8,1.0,0.01,10.1021/acs.orglett.8b02339,ODH,205,ODH_charity_0616:row:205,11.8,valid,
1154,1154,CCOC(=O)C[C@H](Sc1ccc(Cl)cc1)c2ccccc2,8.8,1.0,0.01,10.1021/acs.orglett.8b02339,ODH,206,ODH_charity_0616:row:206,8.8,train,
1164,1164,Cc1cccc(c1)C2=NO[C@@](C2)(CC(F)(F)F)c3ccccc3,8.02,0.8,0.1,10.1002/anie.201804315,ODH,207,ODH_charity_0616:row:207,6.416,train,
1165,1165,Cc1cccc(c1)C2=NO[C@](C2)(CC(F)(F)F)c3ccccc3,8.83,0.8,0.1,10.1002/anie.201804315,ODH,208,ODH_charity_0616:row:208,7.064,train,
1182,1182,CCOC(=O)C[C@@H](B1OC(C)(C)C(C)(C)O1)c2ccccc2,7.1,0.5,0.1,10.1021/acs.orglett.9b00994,ODH,209,ODH_charity_0616:row:209,3.55,train,
1183,1183,CCOC(=O)C[C@H](B1OC(C)(C)C(C)(C)O1)c2ccccc2,8.9,0.5,0.1,10.1021/acs.orglett.9b00994,ODH,210,ODH_charity_0616:row:210,4.45,train,
1184,1184,C1Cc2ccccc2N[C@H]1c3ccccc3,10.8,0.8,0.15,10.1039/C8CC03586E,ODH,211,ODH_charity_0616:row:211,8.64,train,
1185,1185,C1Cc2ccccc2N[C@@H]1c3ccccc3,8.9,0.8,0.15,10.1039/C8CC03586E,ODH,212,ODH_charity_0616:row:212,7.12,train,
1186,1186,CCCC[C@H](CC(=O)c1ccccc1)[S](=O)(=O)c2ccc(C)cc2,16.2,1.0,0.15,10.1021/acs.orglett.0c03517,ODH,213,ODH_charity_0616:row:213,16.2,train,
1187,1187,CCCC[C@@H](CC(=O)c1ccccc1)[S](=O)(=O)c2ccc(C)cc2,8.9,1.0,0.15,10.1021/acs.orglett.0c03517,ODH,214,ODH_charity_0616:row:214,8.9,train,
1232,1232,Cc1ccc(cc1)C(=O)[C@@]2(OCCC[C@@H]2Cl)c3ccc(C)cc3,8.1,1.0,0.01,10.1021/ja201794v,ODH,215,ODH_charity_0616:row:215,8.1,train,
1249,1249,CC(C)OC(=O)[C@@H](O)c1ccccc1Cl,7.8,1.0,0.05,10.1039/C8QO00047F,ODH,216,ODH_charity_0616:row:216,7.8,train,
1250,1250,CC(C)OC(=O)[C@H](O)c1ccccc1Cl,9.1,1.0,0.05,10.1039/C8QO00047F,ODH,217,ODH_charity_0616:row:217,9.1,train,
1253,1253,CCO[C@H](\C=C\c1ccccc1)c2ccccc2,9.905,0.5,0.05,10.1039/C4CC03920C,ODH,218,ODH_charity_0616:row:218,4.9525,train,
1254,1254,CCO[C@@H](\C=C\c1ccccc1)c2ccccc2,9.135,0.5,0.05,10.1039/C4CC03920C,ODH,219,ODH_charity_0616:row:219,4.5675,train,
1255,1255,CC(C)[C@@H](C#Cc1ccccc1)c2ccccc2,10.67,1.0,0.005,10.1038/s41557/019/0346/2,ODH,220,ODH_charity_0616:row:220,10.67,train,
1256,1256,CC(C)[C@H](C#Cc1ccccc1)c2ccccc2,9.14,1.0,0.005,10.1038/s41557/019/0346/2,ODH,221,ODH_charity_0616:row:221,9.14,train,
1283,1283,CC(C)[Si](C#C[C@H](CC(=O)NC(C)(C)c1ccccn1)c2ccccc2)(C(C)C)C(C)C,10.5,0.7,0.03,10.1021/jacs.9b01124,ODH,222,ODH_charity_0616:row:222,7.35,train,
1284,1284,CC(C)[Si](C#C[C@@H](CC(=O)NC(C)(C)c1ccccn1)c2ccccc2)(C(C)C)C(C)C,9.2,0.7,0.03,10.1021/jacs.9b01124,ODH,223,ODH_charity_0616:row:223,6.44,train,
1296,1296,F[C@@H]1CCCO[C@@]1(C(=O)c2ccc(F)cc2)c3ccc(F)cc3,8.36,1.0,0.01,10.1002/chem.201202444,ODH,224,ODH_charity_0616:row:224,8.36,test,
1304,1304,F[C@@H]1CCCO[C@@]1(C(=O)c2ccc(Cl)cc2)c3ccc(Cl)cc3,8.3,1.0,0.01,10.1002/chem.201202444,ODH,225,ODH_charity_0616:row:225,8.3,train,
1320,1320,CCOC(=O)C[C@H](Sc1ccc(C)cc1)c2cccc(C)c2,13.4,1.0,0.01,10.1021/acs.orglett.8b02339,ODH,226,ODH_charity_0616:row:226,13.4,train,
1321,1321,CCOC(=O)C[C@@H](Sc1ccc(C)cc1)c2cccc(C)c2,9.3,1.0,0.01,10.1021/acs.orglett.8b02339,ODH,227,ODH_charity_0616:row:227,9.3,train,
1326,1326,Fc1ccc(cc1)C(=O)[C@@]2(OCCC[C@@H]2Br)c3ccc(F)cc3,8.14,1.0,0.01,10.1021/ja201794v,ODH,228,ODH_charity_0616:row:228,8.14,train,
1330,1330,Cc1ccc2n(Cc3ccccc3)cc([C@@H](NC(=O)c4ccccc4)c5ccccc5CCCC(F)(F)F)c2c1,7.34,1.0,0.2,10.1016/j.jfluchem.2017.03.008,ODH,229,ODH_charity_0616:row:229,7.34,train,
1331,1331,Cc1ccc2n(Cc3ccccc3)cc([C@H](NC(=O)c4ccccc4)c5ccccc5CCCC(F)(F)F)c2c1,9.35,1.0,0.2,10.1016/j.jfluchem.2017.03.008,ODH,230,ODH_charity_0616:row:230,9.35,valid,
1332,1332,FC(F)(F)c1cc(NC(=O)N2CC3(CCCC3)C[C@@]2(CN=[N+]=[N-])c4ccccc4)cc(c1)C(F)(F)F,11.68,0.8,0.03,10.1016/j.chempr.2017.10.008,ODH,231,ODH_charity_0616:row:231,9.344,train,
1333,1333,FC(F)(F)c1cc(NC(=O)N2CC3(CCCC3)C[C@]2(CN=[N+]=[N-])c4ccccc4)cc(c1)C(F)(F)F,9.35,0.8,0.03,10.1016/j.chempr.2017.10.008,ODH,232,ODH_charity_0616:row:232,7.48,train,
1342,1342,C[C@H]1Nc2cc(C)c(C)cc2NC1=O,11.9,1.0,0.2,10.1039/D1QO01598B,ODH,233,ODH_charity_0616:row:233,11.9,train,
1343,1343,C[C@@H]1Nc2cc(C)c(C)cc2NC1=O,9.4,1.0,0.2,10.1039/D1QO01598B,ODH,234,ODH_charity_0616:row:234,9.4,train,
1364,1364,C1CN=C(N1)[C@@H]2[C@@H](c3ccccc3)[C@@]24CCC4(c5ccccc5)c6ccccc6,12.54,0.5,0.157895,10.1002/anie.201912834,ODH,235,ODH_charity_0616:row:235,6.27,train,
1386,1386,CC(C)(NC(=O)C[C@H](CCc1ccccc1)c2ccc(Cl)cc2)c3ccccn3,10.9,1.0,0.1,10.1039/D1CC01690C,ODH,236,ODH_charity_0616:row:236,10.9,train,
1387,1387,CC(C)(NC(=O)C[C@@H](CCc1ccccc1)c2ccc(Cl)cc2)c3ccccn3,9.5,1.0,0.1,10.1039/D1CC01690C,ODH,237,ODH_charity_0616:row:237,9.5,train,
1390,1390,COC(=O)C[C@@H](B1OC(C)(C)C(C)(C)O1)c2ccccc2F,7.4,0.5,0.1,10.1021/acs.orglett.9b00994,ODH,238,ODH_charity_0616:row:238,3.7,train,
1391,1391,COC(=O)C[C@H](B1OC(C)(C)C(C)(C)O1)c2ccccc2F,9.5,0.5,0.1,10.1021/acs.orglett.9b00994,ODH,239,ODH_charity_0616:row:239,4.75,valid,
1392,1392,CC(C)OC(=O)[C@H](CC=O)Cc1ccc(Cl)cc1,11.8,1.0,0.02,10.1021/acs.orglett.9b04624,ODH,240,ODH_charity_0616:row:240,11.8,train,
1393,1393,CC(C)OC(=O)[C@@H](CC=O)Cc1ccc(Cl)cc1,9.5,1.0,0.02,10.1021/acs.orglett.9b04624,ODH,241,ODH_charity_0616:row:241,9.5,test,
1394,1394,COC(=O)[C@H]1COc2ccc(cc2O1)C(C)(C)C,12.7,1.0,0.02,10.1021/acs.orglett.8b01469,ODH,242,ODH_charity_0616:row:242,12.7,train,
1395,1395,COC(=O)[C@@H]1COc2ccc(cc2O1)C(C)(C)C,9.5,1.0,0.02,10.1021/acs.orglett.8b01469,ODH,243,ODH_charity_0616:row:243,9.5,train,
1408,1408,Clc1ccc(cc1)C(=O)[C@@]2(OCCC[C@@H]2Br)c3ccc(Cl)cc3,8.28,1.0,0.01,10.1021/ja201794v,ODH,244,ODH_charity_0616:row:244,8.28,train,
1423,1423,C[C@@H]1Nc2ccccc2[C@@H]1CC3CCCCC3,8.4,0.8,0.03,10.1021/acs.orglett.8b00312,ODH,245,ODH_charity_0616:row:245,6.72,train,
1424,1424,O[C@@H]1CCCCc2ccc(F)cc12,10.4,1.0,0.02,10.1002/adsc.201800839,ODH,246,ODH_charity_0616:row:246,10.4,train,
1425,1425,O[C@H]1CCCCc2ccc(F)cc12,9.6,1.0,0.02,10.1002/adsc.201800839,ODH,247,ODH_charity_0616:row:247,9.6,train,
1426,1426,CCOC(=O)C[C@H](Sc1ccc(F)cc1)c2ccccc2,19.1,1.0,0.01,10.1021/acs.orglett.8b02339,ODH,248,ODH_charity_0616:row:248,19.1,train,
1427,1427,CCOC(=O)C[C@@H](Sc1ccc(F)cc1)c2ccccc2,9.6,1.0,0.01,10.1021/acs.orglett.8b02339,ODH,249,ODH_charity_0616:row:249,9.6,train,
1430,1430,Clc1cccc(c1)[C@@H]2[C@@H](C=O)[C@]23CCC3(c4ccccc4)c5ccccc5,8.58,1.0,0.1,10.1002/anie.201912834,ODH,250,ODH_charity_0616:row:250,8.58,test,
1439,1439,Cc1ccc(cc1)C(=O)[C@@]2(OCCC[C@@H]2Br)c3ccc(C)cc3,8.57,1.0,0.01,10.1021/ja201794v,ODH,251,ODH_charity_0616:row:251,8.57,train,
1447,1447,CC(C)(NC(=O)C[C@@H]1CCOc2ccccc12)c3ccccn3,10.9,0.8,0.15,10.1039/D1QO00302J,ODH,252,ODH_charity_0616:row:252,8.72,train,
1448,1448,CC(C)(NC(=O)C[C@H]1CCOc2ccccc12)c3ccccn3,9.7,0.8,0.15,10.1039/D1QO00302J,ODH,253,ODH_charity_0616:row:253,7.76,train,
1449,1449,NC(=O)[C@H]1COc2ccccc2O1,8.7,1.0,0.15,10.1021/acs.orglett.8b01469,ODH,254,ODH_charity_0616:row:254,8.7,train,
1450,1450,NC(=O)[C@@H]1COc2ccccc2O1,9.7,1.0,0.15,10.1021/acs.orglett.8b01469,ODH,255,ODH_charity_0616:row:255,9.7,train,
1451,1451,CC1(C)CC[C@@H](O)c2ccccc12,10.8,1.0,0.02,10.1002/adsc.201800839,ODH,256,ODH_charity_0616:row:256,10.8,train,
1452,1452,CC1(C)CC[C@H](O)c2ccccc12,9.7,1.0,0.02,10.1002/adsc.201800839,ODH,257,ODH_charity_0616:row:257,9.7,train,
1459,1459,CC1(C)CN(C(=O)Nc2cc(Cl)cc(Cl)c2)[C@@](CN=[N+]=[N-])(C1)c3ccccc3,12.72,1.0,0.05,10.1016/j.chempr.2017.10.008,ODH,258,ODH_charity_0616:row:258,12.72,train,
1460,1460,CC1(C)CN(C(=O)Nc2cc(Cl)cc(Cl)c2)[C@](CN=[N+]=[N-])(C1)c3ccccc3,9.77,1.0,0.05,10.1016/j.chempr.2017.10.008,ODH,259,ODH_charity_0616:row:259,9.77,train,
1474,1474,CCOC(=O)C[C@@H](Sc1ccccc1)c2cccc(F)c2,11.2,1.0,0.01,10.1021/acs.orglett.8b02339,ODH,260,ODH_charity_0616:row:260,11.2,train,
1475,1475,CCOC(=O)C[C@H](Sc1ccccc1)c2cccc(F)c2,9.8,1.0,0.01,10.1021/acs.orglett.8b02339,ODH,261,ODH_charity_0616:row:261,9.8,train,
1476,1476,CCOC(OCC)[C@@H](N)c1cccc(C)c1,11.5,0.8,0.05,10.1039/D1CC06601C,ODH,262,ODH_charity_0616:row:262,9.2,train,
1477,1477,CCOC(OCC)[C@H](N)c1cccc(C)c1,9.8,0.8,0.05,10.1039/D1CC06601C,ODH,263,ODH_charity_0616:row:263,7.84,train,
1504,1504,CCC[C@@H]1N[S](=O)(=O)Oc2ccccc12,7.6,0.8,0.2,10.1039/D0CC01220C,ODH,264,ODH_charity_0616:row:264,6.08,train,
1505,1505,CCC[C@H]1N[S](=O)(=O)Oc2ccccc12,9.9,0.8,0.2,10.1039/D0CC01220C,ODH,265,ODH_charity_0616:row:265,7.92,train,
1520,1520,C[C@]1(CCO)CCCn2ccc(c3ccc(F)cc3)c12,12.08,1.0,0.1,10.1016/j.tetlet.2018.09.061,ODH,266,ODH_charity_0616:row:266,12.08,test,
1521,1521,C[C@@]1(CCO)CCCn2ccc(c3ccc(F)cc3)c12,9.98,1.0,0.1,10.1016/j.tetlet.2018.09.061,ODH,267,ODH_charity_0616:row:267,9.98,train,
1532,1532,Cc1cccc(c1)[C@@H]2Nc3ccccc3OC2=O,15.4,1.0,0.2,10.1039/C8SC05797D,ODH,268,ODH_charity_0616:row:268,15.4,train,
1533,1533,Cc1cccc(c1)[C@H]2Nc3ccccc3OC2=O,10.0,1.0,0.2,10.1039/C8SC05797D,ODH,269,ODH_charity_0616:row:269,10.0,train,
1534,1534,Cc1ccc(cc1)[C@@H]2Nc3ccccc3OC2=O,33.2,1.0,0.2,10.1039/C8SC05797D,ODH,270,ODH_charity_0616:row:270,33.2,train,
1535,1535,Cc1ccc(cc1)[C@H]2Nc3ccccc3OC2=O,10.0,1.0,0.2,10.1039/C8SC05797D,ODH,271,ODH_charity_0616:row:271,10.0,train,
1581,1581,F[C@H]1CCCO[C@]1(C(=O)c2ccc(Br)cc2)c3ccc(Br)cc3,11.16,1.0,0.01,10.1002/chem.201202444,ODH,272,ODH_charity_0616:row:272,11.16,train,
1582,1582,F[C@@H]1CCCO[C@]1(C(=O)c2ccc(Br)cc2)c3ccc(Br)cc3,10.14,1.0,0.01,10.1002/chem.201202444,ODH,273,ODH_charity_0616:row:273,10.14,train,
1583,1583,Cc1ccc(cc1)c2ccn3CCC[C@](C)(CCO)c23,13.97,1.0,0.1,10.1016/j.tetlet.2018.09.061,ODH,274,ODH_charity_0616:row:274,13.97,train,
1584,1584,Cc1ccc(cc1)c2ccn3CCC[C@@](C)(CCO)c23,10.16,1.0,0.1,10.1016/j.tetlet.2018.09.061,ODH,275,ODH_charity_0616:row:275,10.16,train,
1585,1585,CC1(C)CN(C(=O)Nc2cc(cc(c2)C(F)(F)F)C(F)(F)F)[C@@](CN=[N+]=[N-])(C1)c3ccccc3,11.7,0.8,0.03,10.1016/j.chempr.2017.10.008,ODH,276,ODH_charity_0616:row:276,9.36,test,
1586,1586,CC1(C)CN(C(=O)Nc2cc(cc(c2)C(F)(F)F)C(F)(F)F)[C@](CN=[N+]=[N-])(C1)c3ccccc3,10.18,0.8,0.03,10.1016/j.chempr.2017.10.008,ODH,277,ODH_charity_0616:row:277,8.144,train,
1603,1603,C[C@@H]1N[S](=O)(=O)Oc2ccc(C)cc12,8.1,0.8,0.2,10.1039/D0CC01220C,ODH,278,ODH_charity_0616:row:278,6.48,train,
1604,1604,C[C@H]1N[S](=O)(=O)Oc2ccc(C)cc12,10.2,0.8,0.2,10.1039/D0CC01220C,ODH,279,ODH_charity_0616:row:279,8.16,train,
1605,1605,Cc1ccc2OC(=O)[C@@H](Nc2c1)c3ccccc3,14.5,1.0,0.2,10.1039/C8SC05797D,ODH,280,ODH_charity_0616:row:280,14.5,train,
1606,1606,Cc1ccc2OC(=O)[C@H](Nc2c1)c3ccccc3,10.2,1.0,0.2,10.1039/C8SC05797D,ODH,281,ODH_charity_0616:row:281,10.2,train,
1623,1623,CC(C)c1cccc(C(C)C)c1NC[C@@H]2CCc3cccc(C)c3N2,11.1,1.0,0.05,10.1002/anie.201909919,ODH,282,ODH_charity_0616:row:282,11.1,train,
1624,1624,CC(C)c1cccc(C(C)C)c1NC[C@H]2CCc3cccc(C)c3N2,10.3,1.0,0.05,10.1002/anie.201909919,ODH,283,ODH_charity_0616:row:283,10.3,train,
1636,1636,CC(C)OC(=O)[C@@H](O)c1cccc(C)c1,5.9,1.0,0.05,10.1039/C8QO00047F,ODH,284,ODH_charity_0616:row:284,5.9,train,
1637,1637,CC(C)OC(=O)[C@H](O)c1cccc(C)c1,10.3,1.0,0.05,10.1039/C8QO00047F,ODH,285,ODH_charity_0616:row:285,10.3,test,
1638,1638,CCOC(=O)C[C@@H](B1OC(C)(C)C(C)(C)O1)c2cccc(C)c2,7.6,0.5,0.05,10.1021/acs.orglett.9b00994,ODH,286,ODH_charity_0616:row:286,3.8,train,
1639,1639,CCOC(=O)C[C@H](B1OC(C)(C)C(C)(C)O1)c2cccc(C)c2,10.3,0.5,0.05,10.1021/acs.orglett.9b00994,ODH,287,ODH_charity_0616:row:287,5.15,train,
1640,1640,O=C1N[C@@H](CCc2ccccc2)CO1,11.9,1.0,0.1,10.1021/acscatal.0c02569,ODH,288,ODH_charity_0616:row:288,11.9,train,
1641,1641,O=C1N[C@H](CCc2ccccc2)CO1,10.3,1.0,0.1,10.1021/acscatal.0c02569,ODH,289,ODH_charity_0616:row:289,10.3,train,
1642,1642,CC(C)OC(=O)[C@H](CC=O)Cc1ccc(Br)cc1,12.6,1.0,0.02,10.1021/acs.orglett.9b04624,ODH,290,ODH_charity_0616:row:290,12.6,train,
1643,1643,CC(C)OC(=O)[C@@H](CC=O)Cc1ccc(Br)cc1,10.3,1.0,0.02,10.1021/acs.orglett.9b04624,ODH,291,ODH_charity_0616:row:291,10.3,train,
1666,1666,CC[C@@H]1N[S](=O)(=O)Oc2ccccc12,8.1,0.8,0.2,10.1039/D0CC01220C,ODH,292,ODH_charity_0616:row:292,6.48,train,
1667,1667,CC[C@H]1N[S](=O)(=O)Oc2ccccc12,10.4,0.8,0.2,10.1039/D0CC01220C,ODH,293,ODH_charity_0616:row:293,8.32,train,
1670,1670,CC[C@@H](C#Cc1cccc(Br)c1)c2ccccc2,11.49,1.0,0.0,10.1038/s41557/019/0346/2,ODH,294,ODH_charity_0616:row:294,11.49,train,
1671,1671,CC[C@H](C#Cc1cccc(Br)c1)c2ccccc2,10.43,1.0,0.0,10.1038/s41557/019/0346/2,ODH,295,ODH_charity_0616:row:295,10.43,train,
1672,1672,CC[C@@H](C#Cc1cccc(Cl)c1)c2ccccc2,11.49,1.0,0.0,10.1038/s41557/019/0346/2,ODH,296,ODH_charity_0616:row:296,11.49,train,
1673,1673,CC[C@H](C#Cc1cccc(Cl)c1)c2ccccc2,10.43,1.0,0.0,10.1038/s41557/019/0346/2,ODH,297,ODH_charity_0616:row:297,10.43,train,
1681,1681,OC[C@@H]1[C@@H](c2ccccc2)[C@@]13CCC3(c4ccccc4)c5ccccc5,7.75,1.0,0.1,10.1002/anie.201912834,ODH,298,ODH_charity_0616:row:298,7.75,train,
1682,1682,FC(F)(F)CCCc1ccccc1[C@H](NC(=O)c2ccccc2)c3cn(Cc4ccccc4)c5ccccc35,8.04,1.0,0.2,10.1016/j.jfluchem.2017.03.008,ODH,299,ODH_charity_0616:row:299,8.04,train,
1683,1683,FC(F)(F)CCCc1ccccc1[C@@H](NC(=O)c2ccccc2)c3cn(Cc4ccccc4)c5ccccc35,10.47,1.0,0.2,10.1016/j.jfluchem.2017.03.008,ODH,300,ODH_charity_0616:row:300,10.47,train,
1684,1684,CC[C@@H](C#Cc1ccccc1F)c2ccccc2,11.32,0.5,0.002,10.1038/s41557/019/0346/2,ODH,301,ODH_charity_0616:row:301,5.66,train,
1685,1685,CC[C@H](C#Cc1ccccc1F)c2ccccc2,10.49,0.5,0.002,10.1038/s41557/019/0346/2,ODH,302,ODH_charity_0616:row:302,5.245,train,
1712,1712,C[C@H](CC(=O)c1ccccc1C)[S](=O)(=O)c2ccc(C)cc2,12.2,1.0,0.15,10.1021/acs.orglett.0c03517,ODH,303,ODH_charity_0616:row:303,12.2,train,
1713,1713,C[C@@H](CC(=O)c1ccccc1C)[S](=O)(=O)c2ccc(C)cc2,10.5,1.0,0.15,10.1021/acs.orglett.0c03517,ODH,304,ODH_charity_0616:row:304,10.5,valid,
1728,1728,CC[C@@H](C#Cc1ccccc1)c2ccccc2,15.33,1.0,0.005,10.1038/s41557/019/0346/2,ODH,305,ODH_charity_0616:row:305,15.33,train,
1729,1729,CC[C@H](C#Cc1ccccc1)c2ccccc2,10.57,1.0,0.005,10.1038/s41557/019/0346/2,ODH,306,ODH_charity_0616:row:306,10.57,train,
1732,1732,C1Cc2ccccc2N[C@@H]1CNC(c3ccccc3)c4ccccc4,13.5,1.0,0.1,10.1002/anie.201909919,ODH,307,ODH_charity_0616:row:307,13.5,train,
1733,1733,C1Cc2ccccc2N[C@H]1CNC(c3ccccc3)c4ccccc4,10.6,1.0,0.1,10.1002/anie.201909919,ODH,308,ODH_charity_0616:row:308,10.6,train,
1736,1736,O=[S@@](c1ccc2ccccc2c1)c3ccccn3,8.7,1.0,0.3,10.1021/acs.orglett.1c02918,ODH,309,ODH_charity_0616:row:309,8.7,train,
1737,1737,O=[S@](c1ccc2ccccc2c1)c3ccccn3,10.6,1.0,0.3,10.1021/acs.orglett.1c02918,ODH,310,ODH_charity_0616:row:310,10.6,train,
1748,1748,CCOC(=O)C[C@H](Sc1ccccc1)c2ccc(F)cc2,7.5,1.0,0.01,10.1021/acs.orglett.8b02339,ODH,311,ODH_charity_0616:row:311,7.5,train,
1749,1749,CCOC(=O)C[C@@H](Sc1ccccc1)c2ccc(F)cc2,10.6,1.0,0.01,10.1021/acs.orglett.8b02339,ODH,312,ODH_charity_0616:row:312,10.6,train,
1750,1750,CC(C)OC(=O)C[C@@H](C#N)c1ccccc1,9.4,1.0,0.05,10.1039/C7SC04639A,ODH,313,ODH_charity_0616:row:313,9.4,valid,
1751,1751,CC(C)OC(=O)C[C@H](C#N)c1ccccc1,10.6,1.0,0.05,10.1039/C7SC04639A,ODH,314,ODH_charity_0616:row:314,10.6,train,
1752,1752,O=C1Oc2ccccc2N[C@H]1c3cscc3,14.3,1.0,0.2,10.1039/C8SC05797D,ODH,315,ODH_charity_0616:row:315,14.3,train,
1753,1753,O=C1Oc2ccccc2N[C@@H]1c3cscc3,10.6,1.0,0.2,10.1039/C8SC05797D,ODH,316,ODH_charity_0616:row:316,10.6,train,
1754,1754,CCOC(=O)C[C@H](Sc1ccccc1)c2ccccc2,19.0,1.0,0.01,10.1021/acs.orglett.8b02339,ODH,317,ODH_charity_0616:row:317,19.0,train,
1755,1755,CCOC(=O)C[C@@H](Sc1ccccc1)c2ccccc2,10.6,1.0,0.01,10.1021/acs.orglett.8b02339,ODH,318,ODH_charity_0616:row:318,10.6,train,
1764,1764,Cc1cccc(c1)C2(CC[C@]23[C@H](C=O)[C@H]3c4ccccc4)c5cccc(C)c5,11.95,1.0,0.1,10.1002/anie.201912834,ODH,319,ODH_charity_0616:row:319,11.95,valid,
1773,1773,COC(=O)\C=C\C[C@H]1N(CCc2c3ccccc3n(c12)[S](=O)(=O)c4ccc(C)cc4)C(C)=O,12.12,1.0,0.2,10.1038/s41467/019/11382/8,ODH,320,ODH_charity_0616:row:320,12.12,train,
1774,1774,COC(=O)\C=C\C[C@@H]1N(CCc2c3ccccc3n(c12)[S](=O)(=O)c4ccc(C)cc4)C(C)=O,10.7,1.0,0.2,10.1038/s41467/019/11382/8,ODH,321,ODH_charity_0616:row:321,10.7,train,
1783,1783,C[C@H]1Cc2cc(F)ccc2N1,7.3,0.8,0.03,10.1021/acs.orglett.8b00312,ODH,322,ODH_charity_0616:row:322,5.84,valid,
1784,1784,C[C@@H]1Cc2cc(F)ccc2N1,10.7,0.8,0.03,10.1021/acs.orglett.8b00312,ODH,323,ODH_charity_0616:row:323,8.56,valid,
1799,1799,F[C@@H]1CCCO[C@@]1(C(=O)c2ccc(Br)cc2)c3ccc(Br)cc3,9.76,1.0,0.01,10.1002/chem.201202444,ODH,324,ODH_charity_0616:row:324,9.76,valid,
1806,1806,COC(=O)/C=C/C[C@H]1N(CCc2ccccc12)C(=O)\C=C\C,8.53,1.0,0.2,10.1038/s41467/019/11382/8,ODH,325,ODH_charity_0616:row:325,8.53,train,
1807,1807,COC(=O)/C=C/C[C@@H]1N(CCc2ccccc12)C(=O)\C=C\C,10.79,1.0,0.2,10.1038/s41467/019/11382/8,ODH,326,ODH_charity_0616:row:326,10.79,train,
1808,1808,CCCCCCCCCC[C@@H]1CCC2=C(CCCC2=O)N1,8.2,1.0,0.1,10.1039/c002668a,ODH,327,ODH_charity_0616:row:327,8.2,test,
1809,1809,CCCCCCCCCC[C@H]1CCC2=C(CCCC2=O)N1,10.8,1.0,0.1,10.1039/c002668a,ODH,328,ODH_charity_0616:row:328,10.8,train,
1810,1810,CCCCCCCCCC[C@H]1CCC2=C(CCCC2=O)N1,8.2,1.0,0.1,10.1002/adsc.200900870,ODH,329,ODH_charity_0616:row:329,8.2,train,
1811,1811,CCCCCCCCCC[C@@H]1CCC2=C(CCCC2=O)N1,10.8,1.0,0.1,10.1002/adsc.200900870,ODH,330,ODH_charity_0616:row:330,10.8,train,
1824,1824,Cc1ccc2CCCC[C@@H](O)c2c1,9.6,1.0,0.02,10.1002/adsc.201800839,ODH,331,ODH_charity_0616:row:331,9.6,train,
1825,1825,Cc1ccc2CCCC[C@H](O)c2c1,10.8,1.0,0.02,10.1002/adsc.201800839,ODH,332,ODH_charity_0616:row:332,10.8,train,
1826,1826,CCOC(=O)C[C@H](B1OC(C)(C)C(C)(C)O1)c2ccc(cc2)c3ccccc3,11.2,0.5,0.01,10.1002/adsc.201900161,ODH,333,ODH_charity_0616:row:333,5.6,train,
1827,1827,CCOC(=O)C[C@@H](B1OC(C)(C)C(C)(C)O1)c2ccc(cc2)c3ccccc3,10.8,0.5,0.01,10.1002/adsc.201900161,ODH,334,ODH_charity_0616:row:334,5.4,train,
1834,1834,Fc1cccc(c1)[C@]2(CC(=NO2)c3ccccc3)CC(F)(F)F,9.27,0.8,0.1,10.1002/anie.201804315,ODH,335,ODH_charity_0616:row:335,7.416,train,
1835,1835,Fc1cccc(c1)[C@@]2(CC(=NO2)c3ccccc3)CC(F)(F)F,10.83,0.8,0.1,10.1002/anie.201804315,ODH,336,ODH_charity_0616:row:336,8.664,train,
1862,1862,C[C@H](CC(=O)c1ccc(C)cc1)[S](=O)(=O)c2ccc(C)cc2,13.2,1.0,0.15,10.1021/acs.orglett.0c03517,ODH,337,ODH_charity_0616:row:337,13.2,train,
1863,1863,C[C@@H](CC(=O)c1ccc(C)cc1)[S](=O)(=O)c2ccc(C)cc2,10.9,1.0,0.15,10.1021/acs.orglett.0c03517,ODH,338,ODH_charity_0616:row:338,10.9,train,
1864,1864,CCOC(=O)[C@H](CC=O)Cc1occc1,14.6,1.0,0.02,10.1021/acs.orglett.9b04624,ODH,339,ODH_charity_0616:row:339,14.6,train,
1865,1865,CCOC(=O)[C@@H](CC=O)Cc1occc1,10.9,1.0,0.02,10.1021/acs.orglett.9b04624,ODH,340,ODH_charity_0616:row:340,10.9,train,
1866,1866,CCOC(=O)C[C@H](Sc1ccc(C)cc1)c2ccccc2,20.1,1.0,0.01,10.1021/acs.orglett.8b02339,ODH,341,ODH_charity_0616:row:341,20.1,train,
1867,1867,CCOC(=O)C[C@@H](Sc1ccc(C)cc1)c2ccccc2,10.9,1.0,0.01,10.1021/acs.orglett.8b02339,ODH,342,ODH_charity_0616:row:342,10.9,train,
1900,1900,CO[P](=O)(OC)C(=[N+]=[N-])[C@@]1(NC(=O)OC(C)(C)C)C(=O)N(C)c2c(C)cc(Br)cc12,9.696,0.5,0.3,10.1021/acs.orglett.6b02095,ODH,343,ODH_charity_0616:row:343,4.848,train,
1901,1901,CO[P](=O)(OC)C(=[N+]=[N-])[C@]1(NC(=O)OC(C)(C)C)C(=O)N(C)c2c(C)cc(Br)cc12,11.058,0.5,0.3,10.1021/acs.orglett.6b02095,ODH,344,ODH_charity_0616:row:344,5.529,valid,
1910,1910,CC(C)(O)C[C@@H]1CCc2ccccc2N1,9.0,1.0,0.06,10.1039/c002668a,ODH,345,ODH_charity_0616:row:345,9.0,train,
1911,1911,CC(C)(O)C[C@H]1CCc2ccccc2N1,11.1,1.0,0.06,10.1039/c002668a,ODH,346,ODH_charity_0616:row:346,11.1,train,
1912,1912,CC(O)[C@@H](C)C1CCc2ccccc2N1,9.0,1.0,0.06,10.1002/adsc.200900870,ODH,347,ODH_charity_0616:row:347,9.0,train,
1913,1913,CC(O)[C@H](C)C1CCc2ccccc2N1,11.1,1.0,0.06,10.1002/adsc.200900870,ODH,348,ODH_charity_0616:row:348,11.1,train,
1938,1938,CCOC(=O)C[C@H](Sc1ccccc1)c2cccc(F)c2,9.6,1.0,0.01,10.1021/acs.orglett.8b02339,ODH,349,ODH_charity_0616:row:349,9.6,train,
1939,1939,CCOC(=O)C[C@@H](Sc1ccccc1)c2cccc(F)c2,11.1,1.0,0.01,10.1021/acs.orglett.8b02339,ODH,350,ODH_charity_0616:row:350,11.1,train,
1940,1940,C([C@H]1Cc2ccccc2N1)c3ccccc3,9.8,0.8,0.03,10.1021/acs.orglett.8b00312,ODH,351,ODH_charity_0616:row:351,7.84,train,
1941,1941,C([C@@H]1Cc2ccccc2N1)c3ccccc3,11.1,0.8,0.03,10.1021/acs.orglett.8b00312,ODH,352,ODH_charity_0616:row:352,8.88,train,
1942,1942,CCOC(=O)C[C@H](Sc1ccc(OC)cc1)c2ccccc2,18.8,1.0,0.01,10.1021/acs.orglett.8b02339,ODH,353,ODH_charity_0616:row:353,18.8,train,
1943,1943,CCOC(=O)C[C@@H](Sc1ccc(OC)cc1)c2ccccc2,11.1,1.0,0.01,10.1021/acs.orglett.8b02339,ODH,354,ODH_charity_0616:row:354,11.1,train,
1946,1946,COCCO[C@H](NC(=O)c1ccccc1)c2ccccc2CCCC(F)(F)F,13.46,1.0,0.05,10.1002/anie.201405401,ODH,355,ODH_charity_0616:row:355,13.46,train,
1947,1947,COCCO[C@@H](NC(=O)c1ccccc1)c2ccccc2CCCC(F)(F)F,11.11,1.0,0.05,10.1002/anie.201405401,ODH,356,ODH_charity_0616:row:356,11.11,train,
1949,1949,CO[P](=O)(OC)C(=[N+]=[N-])[C@@]1(NC(=O)OC(C)(C)C)C(=O)N(Cc2ccccc2)c3ccccc13,13.292,0.5,0.2,10.1021/acs.orglett.6b02095,ODH,357,ODH_charity_0616:row:357,6.646,train,
1950,1950,CO[P](=O)(OC)C(=[N+]=[N-])[C@]1(NC(=O)OC(C)(C)C)C(=O)N(Cc2ccccc2)c3ccccc13,11.119,0.5,0.2,10.1021/acs.orglett.6b02095,ODH,358,ODH_charity_0616:row:358,5.5595,train,
1951,1951,C[C@@]1(Cc2ccccc2)CC3(CCCCC3)CN1C(=S)Nc4cc(cc(c4)C(F)(F)F)C(F)(F)F,13.82,0.8,0.02,10.1002/anie.201501762,ODH,359,ODH_charity_0616:row:359,11.056,train,
1952,1952,C[C@]1(Cc2ccccc2)CC3(CCCCC3)CN1C(=S)Nc4cc(cc(c4)C(F)(F)F)C(F)(F)F,11.12,0.8,0.02,10.1002/anie.201501762,ODH,360,ODH_charity_0616:row:360,8.896,train,
1969,1969,CC(C)[Si](C#Cc1cc2ccccc2cc1[S@@](=O)c3ccccn3)(C(C)C)C(C)C,8.9,0.8,0.1,10.1021/acs.orglett.1c02918,ODH,361,ODH_charity_0616:row:361,7.12,train,
1970,1970,CC(C)[Si](C#Cc1cc2ccccc2cc1[S@](=O)c3ccccn3)(C(C)C)C(C)C,11.2,0.8,0.1,10.1021/acs.orglett.1c02918,ODH,362,ODH_charity_0616:row:362,8.96,train,
1975,1975,CC(C)OC(=O)[C@@H](O)c1ccccc1,6.4,1.0,0.05,10.1039/C8QO00047F,ODH,363,ODH_charity_0616:row:363,6.4,train,
1976,1976,CC(C)OC(=O)[C@H](O)c1ccccc1,11.2,1.0,0.05,10.1039/C8QO00047F,ODH,364,ODH_charity_0616:row:364,11.2,train,
1977,1977,CCOC(=O)C[C@H](Sc1ccccc1C)c2ccccc2,19.3,1.0,0.01,10.1021/acs.orglett.8b02339,ODH,365,ODH_charity_0616:row:365,19.3,train,
1978,1978,CCOC(=O)C[C@@H](Sc1ccccc1C)c2ccccc2,11.2,1.0,0.01,10.1021/acs.orglett.8b02339,ODH,366,ODH_charity_0616:row:366,11.2,train,
2005,2005,CC[C@H]1Cc2ccccc2N1,9.5,0.8,0.03,10.1021/acs.orglett.8b00312,ODH,367,ODH_charity_0616:row:367,7.6,train,
2006,2006,CC[C@@H]1Cc2ccccc2N1,11.3,0.8,0.03,10.1021/acs.orglett.8b00312,ODH,368,ODH_charity_0616:row:368,9.04,train,
2007,2007,CCOC(=O)C[C@H](B1OC(C)(C)C(C)(C)O1)c2ccc3ccccc3c2,10.3,0.5,0.01,10.1002/adsc.201900161,ODH,369,ODH_charity_0616:row:369,5.15,train,
2008,2008,CCOC(=O)C[C@@H](B1OC(C)(C)C(C)(C)O1)c2ccc3ccccc3c2,11.3,0.5,0.01,10.1002/adsc.201900161,ODH,370,ODH_charity_0616:row:370,5.65,train,
2009,2009,C[C@H](CC(=O)c1ccccc1)[S](=O)(=O)c2ccc(C)cc2,12.8,1.0,0.15,10.1021/acs.orglett.0c03517,ODH,371,ODH_charity_0616:row:371,12.8,train,
2010,2010,C[C@@H](CC(=O)c1ccccc1)[S](=O)(=O)c2ccc(C)cc2,11.3,1.0,0.15,10.1021/acs.orglett.0c03517,ODH,372,ODH_charity_0616:row:372,11.3,train,
2011,2011,O[C@@H]1CCCCc2cc(Cl)ccc12,13.3,1.0,0.02,10.1002/adsc.201800839,ODH,373,ODH_charity_0616:row:373,13.3,train,
2012,2012,O[C@H]1CCCCc2cc(Cl)ccc12,11.3,1.0,0.02,10.1002/adsc.201800839,ODH,374,ODH_charity_0616:row:374,11.3,train,
2028,2028,CCCCCCCC[C@@H]1CCC2=C(CCCC2=O)N1,8.7,1.0,0.1,10.1039/c002668a,ODH,375,ODH_charity_0616:row:375,8.7,train,
2029,2029,CCCCCCCC[C@H]1CCC2=C(CCCC2=O)N1,11.4,1.0,0.1,10.1039/c002668a,ODH,376,ODH_charity_0616:row:376,11.4,train,
2030,2030,CCCCCCCC[C@H]1CCC2=C(CCCC2=O)N1,8.7,1.0,0.1,10.1002/adsc.200900870,ODH,377,ODH_charity_0616:row:377,8.7,train,
2031,2031,CCCCCCCC[C@@H]1CCC2=C(CCCC2=O)N1,11.4,1.0,0.1,10.1002/adsc.200900870,ODH,378,ODH_charity_0616:row:378,11.4,train,
2046,2046,O=C1Oc2ccccc2N[C@H]1c3ccccc3,16.6,1.0,0.2,10.1039/C8SC05797D,ODH,379,ODH_charity_0616:row:379,16.6,train,
2047,2047,O=C1Oc2ccccc2N[C@@H]1c3ccccc3,11.4,1.0,0.2,10.1039/C8SC05797D,ODH,380,ODH_charity_0616:row:380,11.4,test,
2058,2058,CC(C)[C@H]1Nc2ccccc2NC1=O,16.0,1.0,0.1,10.1039/D1QO01598B,ODH,381,ODH_charity_0616:row:381,16.0,train,
2059,2059,CC(C)[C@@H]1Nc2ccccc2NC1=O,11.5,1.0,0.1,10.1039/D1QO01598B,ODH,382,ODH_charity_0616:row:382,11.5,train,
2086,2086,FC(F)(F)CCCc1ccccc1[C@H](NC(=O)c2ccccc2)c3cn(Cc4ccc(Br)cc4)c5ccccc35,9.32,1.0,0.2,10.1016/j.jfluchem.2017.03.008,ODH,383,ODH_charity_0616:row:383,9.32,train,
2087,2087,FC(F)(F)CCCc1ccccc1[C@@H](NC(=O)c2ccccc2)c3cn(Cc4ccc(Br)cc4)c5ccccc35,11.59,1.0,0.2,10.1016/j.jfluchem.2017.03.008,ODH,384,ODH_charity_0616:row:384,11.59,train,
2088,2088,O=C[C@@H]1[C@@H](c2ccccc2)[C@@]13CCC3(c4ccccc4)c5ccccc5,12.48,1.0,0.1,10.1002/anie.201912834,ODH,385,ODH_charity_0616:row:385,12.48,train,
2125,2125,Cc1ccccc1[S@](=O)c2ccccn2,13.5,0.8,0.15,10.1021/acs.orglett.1c02918,ODH,386,ODH_charity_0616:row:386,10.8,train,
2126,2126,Cc1ccccc1[S@@](=O)c2ccccn2,11.7,0.8,0.15,10.1021/acs.orglett.1c02918,ODH,387,ODH_charity_0616:row:387,9.36,train,
2141,2141,CC(C)OC(=O)[C@@H](O)c1ccc2OCOc2c1,9.1,1.0,0.05,10.1039/C8QO00047F,ODH,388,ODH_charity_0616:row:388,9.1,train,
2142,2142,CC(C)OC(=O)[C@H](O)c1ccc2OCOc2c1,11.7,1.0,0.05,10.1039/C8QO00047F,ODH,389,ODH_charity_0616:row:389,11.7,train,
2143,2143,CC(C)OC(=O)[C@@H](O)c1ccc2ccccc2c1,9.9,1.0,0.05,10.1039/C8QO00047F,ODH,390,ODH_charity_0616:row:390,9.9,test,
2144,2144,CC(C)OC(=O)[C@H](O)c1ccc2ccccc2c1,11.7,1.0,0.05,10.1039/C8QO00047F,ODH,391,ODH_charity_0616:row:391,11.7,test,
2145,2145,O=CC[C@H](Cc1ccccc1)C(=O)N2CCOCC2,14.9,1.0,0.1,10.1021/acs.orglett.9b04624,ODH,392,ODH_charity_0616:row:392,14.9,train,
2146,2146,O=CC[C@@H](Cc1ccccc1)C(=O)N2CCOCC2,11.7,1.0,0.1,10.1021/acs.orglett.9b04624,ODH,393,ODH_charity_0616:row:393,11.7,train,
2149,2149,CC1(C)CN(C(=S)Nc2ccc(cc2)C#N)[C@@](C)(C1)c3ccccc3,17.6,1.0,0.1,10.1002/anie.201501762,ODH,394,ODH_charity_0616:row:394,17.6,train,
2150,2150,CC1(C)CN(C(=S)Nc2ccc(cc2)C#N)[C@](C)(C1)c3ccccc3,11.73,1.0,0.1,10.1002/anie.201501762,ODH,395,ODH_charity_0616:row:395,11.73,train,
2151,2151,Brc1cccc(c1)[C@@H]2[C@@H](C=O)[C@]23CCC3(c4ccccc4)c5ccccc5,8.92,1.0,0.1,10.1002/anie.201912834,ODH,396,ODH_charity_0616:row:396,8.92,train,
2173,2173,CCCCCCC[C@@H]1CCC2=C(CCCC2=O)N1,9.1,1.0,0.1,10.1039/c002668a,ODH,397,ODH_charity_0616:row:397,9.1,train,
2174,2174,CCCCCCC[C@H]1CCC2=C(CCCC2=O)N1,11.8,1.0,0.1,10.1039/c002668a,ODH,398,ODH_charity_0616:row:398,11.8,train,
2175,2175,CCCCCCC[C@H]1CCC2=C(CCCC2=O)N1,9.1,1.0,0.1,10.1002/adsc.200900870,ODH,399,ODH_charity_0616:row:399,9.1,train,
2176,2176,CCCCCCC[C@@H]1CCC2=C(CCCC2=O)N1,11.8,1.0,0.1,10.1002/adsc.200900870,ODH,400,ODH_charity_0616:row:400,11.8,train,
2177,2177,COc1ccccc1[C@@H](O)C[N+]([O-])=O,9.8,1.2,0.1,10.1002/chem.201404605,ODH,401,ODH_charity_0616:row:401,11.76,train,
2178,2178,COc1ccccc1[C@H](O)C[N+]([O-])=O,11.8,1.2,0.1,10.1002/chem.201404605,ODH,402,ODH_charity_0616:row:402,14.16,train,
2200,2200,CC[C@@H](C#Cc1sccc1)c2ccccc2,12.84,1.0,0.005,10.1038/s41557/019/0346/2,ODH,403,ODH_charity_0616:row:403,12.84,train,
2201,2201,CC[C@H](C#Cc1sccc1)c2ccccc2,11.86,1.0,0.005,10.1038/s41557/019/0346/2,ODH,404,ODH_charity_0616:row:404,11.86,train,
2230,2230,CCCCCC[C@@H]1CCC2=C(CCCC2=O)N1,9.2,1.0,0.1,10.1039/c002668a,ODH,405,ODH_charity_0616:row:405,9.2,train,
2231,2231,CCCCCC[C@H]1CCC2=C(CCCC2=O)N1,12.0,1.0,0.1,10.1039/c002668a,ODH,406,ODH_charity_0616:row:406,12.0,test,
2232,2232,CCCCCC[C@H]1CCC2=C(CCCC2=O)N1,9.2,1.0,0.1,10.1002/adsc.200900870,ODH,407,ODH_charity_0616:row:407,9.2,train,
2233,2233,CCCCCC[C@@H]1CCC2=C(CCCC2=O)N1,12.0,1.0,0.1,10.1002/adsc.200900870,ODH,408,ODH_charity_0616:row:408,12.0,train,
2259,2259,O=C1CCCC2=C1CC[C@@H](CCc3ccccc3)N2,10.1,1.0,0.2,10.1039/c002668a,ODH,409,ODH_charity_0616:row:409,10.1,train,
2260,2260,O=C1CCCC2=C1CC[C@H](CCc3ccccc3)N2,12.1,1.0,0.2,10.1039/c002668a,ODH,410,ODH_charity_0616:row:410,12.1,train,
2261,2261,O=C1CCCC2=C1CC[C@H](CCc3ccccc3)N2,10.1,1.0,0.2,10.1002/adsc.200900870,ODH,411,ODH_charity_0616:row:411,10.1,train,
2262,2262,O=C1CCCC2=C1CC[C@@H](CCc3ccccc3)N2,12.1,1.0,0.2,10.1002/adsc.200900870,ODH,412,ODH_charity_0616:row:412,12.1,train,
2273,2273,COC(=O)C[C@@H](B1OC(C)(C)C(C)(C)O1)c2ccccc2,7.6,0.5,0.1,10.1021/acs.orglett.9b00994,ODH,413,ODH_charity_0616:row:413,3.8,train,
2274,2274,COC(=O)C[C@H](B1OC(C)(C)C(C)(C)O1)c2ccccc2,12.1,0.5,0.1,10.1021/acs.orglett.9b00994,ODH,414,ODH_charity_0616:row:414,6.05,train,
2286,2286,Brc1ccccc1[C@@H]2[C@@H](C=O)[C@]23CCC3(c4ccccc4)c5ccccc5,8.88,1.0,0.1,10.1002/anie.201912834,ODH,415,ODH_charity_0616:row:415,8.88,train,
2289,2289,FC(F)(F)C[C@@]1(CC(=NO1)c2ccccc2)\C=C\c3ccccc3,10.38,0.8,0.1,10.1002/anie.201804315,ODH,416,ODH_charity_0616:row:416,8.304,train,
2290,2290,FC(F)(F)C[C@]1(CC(=NO1)c2ccccc2)\C=C\c3ccccc3,12.17,0.8,0.1,10.1002/anie.201804315,ODH,417,ODH_charity_0616:row:417,9.736,train,
2293,2293,O=C1Nc2ccccc2N[C@@H]1Cc3ccccc3,13.6,1.0,0.15,10.1039/D1QO01598B,ODH,418,ODH_charity_0616:row:418,13.6,train,
2294,2294,O=C1Nc2ccccc2N[C@H]1Cc3ccccc3,12.2,1.0,0.15,10.1039/D1QO01598B,ODH,419,ODH_charity_0616:row:419,12.2,train,
2307,2307,Cc1ccc2[C@H](O)CCc2c1,13.3,1.0,0.02,10.1002/adsc.201800839,ODH,420,ODH_charity_0616:row:420,13.3,train,
2308,2308,Cc1ccc2[C@@H](O)CCc2c1,12.2,1.0,0.02,10.1002/adsc.201800839,ODH,421,ODH_charity_0616:row:421,12.2,train,
2309,2309,O[C@@H]1CCc2cc(F)ccc12,14.0,1.0,0.02,10.1002/adsc.201800839,ODH,422,ODH_charity_0616:row:422,14.0,train,
2310,2310,O[C@H]1CCc2cc(F)ccc12,12.2,1.0,0.02,10.1002/adsc.201800839,ODH,423,ODH_charity_0616:row:423,12.2,train,
2311,2311,COc1ccc(C[C@@H](CC=O)C(=O)OC(C)C)cc1,14.8,1.0,0.02,10.1021/acs.orglett.9b04624,ODH,424,ODH_charity_0616:row:424,14.8,train,
2312,2312,COc1ccc(C[C@H](CC=O)C(=O)OC(C)C)cc1,12.2,1.0,0.02,10.1021/acs.orglett.9b04624,ODH,425,ODH_charity_0616:row:425,12.2,valid,
2313,2313,Cc1ccc2N[C@H](C(=O)Oc2c1)c3ccccc3,21.0,1.0,0.2,10.1039/C8SC05797D,ODH,426,ODH_charity_0616:row:426,21.0,train,
2314,2314,Cc1ccc2N[C@@H](C(=O)Oc2c1)c3ccccc3,12.2,1.0,0.2,10.1039/C8SC05797D,ODH,427,ODH_charity_0616:row:427,12.2,valid,
2332,2332,CCCCC[C@H]1CCC2=C(CCCC2=O)N1,9.5,1.0,0.1,10.1002/adsc.200900870,ODH,428,ODH_charity_0616:row:428,9.5,valid,
2333,2333,CCCCC[C@@H]1CCC2=C(CCCC2=O)N1,12.3,1.0,0.1,10.1002/adsc.200900870,ODH,429,ODH_charity_0616:row:429,12.3,train,
2351,2351,Clc1ccc(cc1)C2(CC[C@]23[C@H](C=O)[C@H]3c4ccccc4)c5ccc(Cl)cc5,8.17,1.0,0.1,10.1002/anie.201912834,ODH,430,ODH_charity_0616:row:430,8.17,train,
2368,2368,COc1ccccc1[C@H]2CO[S](=O)(=O)N2,26.2,1.0,0.2,10.1016/j.isci.2019.07.004,ODH,431,ODH_charity_0616:row:431,26.2,train,
2369,2369,COc1ccccc1[C@@H]2CO[S](=O)(=O)N2,12.4,1.0,0.2,10.1016/j.isci.2019.07.004,ODH,432,ODH_charity_0616:row:432,12.4,train,
2385,2385,Fc1ccc(cc1)C2(CC[C@]23[C@H](C=O)[C@H]3c4ccccc4)c5ccc(F)cc5,8.33,1.0,0.1,10.1002/anie.201912834,ODH,433,ODH_charity_0616:row:433,8.33,train,
2386,2386,Cc1cc(C)c(NC[C@@H]2CCc3ccccc3N2)c(C)c1,10.3,1.0,0.1,10.1002/anie.201909919,ODH,434,ODH_charity_0616:row:434,10.3,train,
2387,2387,Cc1cc(C)c(NC[C@H]2CCc3ccccc3N2)c(C)c1,12.5,1.0,0.1,10.1002/anie.201909919,ODH,435,ODH_charity_0616:row:435,12.5,train,
2392,2392,CCC(CC)(NC(=O)C[C@H](C)c1ccc(cc1)C(C)=O)c2ccccn2,11.3,0.8,0.1,10.1002/anie.201804197,ODH,436,ODH_charity_0616:row:436,9.04,train,
2393,2393,CCC(CC)(NC(=O)C[C@@H](C)c1ccc(cc1)C(C)=O)c2ccccn2,12.5,0.8,0.1,10.1002/anie.201804197,ODH,437,ODH_charity_0616:row:437,10.0,train,
2398,2398,OC[C@@H]1[C@H](C[C@H]1c2cccn2[CH]=[C]=[CH2])c3ccccc3,9.5,1.0,0.1,10.1039/C3CC41785A,ODH,438,ODH_charity_0616:row:438,9.5,train,
2399,2399,COc1ccc2[C@H](C)N[S](=O)(=O)Oc2c1,10.3,0.8,0.2,10.1039/D0CC01220C,ODH,439,ODH_charity_0616:row:439,8.24,train,
2400,2400,COc1ccc2[C@@H](C)N[S](=O)(=O)Oc2c1,12.5,0.8,0.2,10.1039/D0CC01220C,ODH,440,ODH_charity_0616:row:440,10.0,train,
2401,2401,CCOC(=O)[C@H]1COc2ccccc2O1,14.6,1.0,0.02,10.1021/acs.orglett.8b01469,ODH,441,ODH_charity_0616:row:441,14.6,train,
2402,2402,CCOC(=O)[C@@H]1COc2ccccc2O1,12.5,1.0,0.02,10.1021/acs.orglett.8b01469,ODH,442,ODH_charity_0616:row:442,12.5,train,
2423,2423,O=[S@@](c1ccc(OCc2ccccc2)cc1)c3ccccn3,15.1,1.0,0.3,10.1021/acs.orglett.1c02918,ODH,443,ODH_charity_0616:row:443,15.1,train,
2424,2424,O=[S@](c1ccc(OCc2ccccc2)cc1)c3ccccn3,12.6,1.0,0.3,10.1021/acs.orglett.1c02918,ODH,444,ODH_charity_0616:row:444,12.6,train,
2433,2433,C=CCO[C@H](\C=C\c1ccccc1)c2ccccc2,14.56,0.5,0.01,10.1039/C4CC03920C,ODH,445,ODH_charity_0616:row:445,7.28,train,
2434,2434,C=CCO[C@@H](\C=C\c1ccccc1)c2ccccc2,12.63,0.5,0.01,10.1039/C4CC03920C,ODH,446,ODH_charity_0616:row:446,6.315,train,
2443,2443,Cc1ccccc1[C@@H](O)C[N+]([O-])=O,19.695,0.8,0.15,10.1039/C2CC31907A,ODH,447,ODH_charity_0616:row:447,15.756,test,
2444,2444,Cc1ccccc1[C@H](O)C[N+]([O-])=O,12.673,0.8,0.15,10.1039/C2CC31907A,ODH,448,ODH_charity_0616:row:448,10.1384,train,
2457,2457,C[C@@H](CC=O)c1ccccc1F,14.2,1.0,0.02,10.1021/jacs.8b00275,ODH,449,ODH_charity_0616:row:449,14.2,train,
2458,2458,C[C@H](CC=O)c1ccccc1F,12.7,1.0,0.02,10.1021/jacs.8b00275,ODH,450,ODH_charity_0616:row:450,12.7,train,
2459,2459,C[C@H](CC(=O)c1ccc(F)cc1)[S](=O)(=O)c2ccc(C)cc2,16.1,1.0,0.15,10.1021/acs.orglett.0c03517,ODH,451,ODH_charity_0616:row:451,16.1,test,
2460,2460,C[C@@H](CC(=O)c1ccc(F)cc1)[S](=O)(=O)c2ccc(C)cc2,12.7,1.0,0.15,10.1021/acs.orglett.0c03517,ODH,452,ODH_charity_0616:row:452,12.7,train,
2461,2461,C[C@H](CC(=O)c1ccc(Cl)cc1)[S](=O)(=O)c2ccc(C)cc2,16.3,1.0,0.15,10.1021/acs.orglett.0c03517,ODH,453,ODH_charity_0616:row:453,16.3,train,
2462,2462,C[C@@H](CC(=O)c1ccc(Cl)cc1)[S](=O)(=O)c2ccc(C)cc2,12.7,1.0,0.15,10.1021/acs.orglett.0c03517,ODH,454,ODH_charity_0616:row:454,12.7,train,
2463,2463,Fc1ccc2OC(=O)[C@@H](Nc2c1)c3ccccc3,21.0,1.0,0.2,10.1039/C8SC05797D,ODH,455,ODH_charity_0616:row:455,21.0,train,
2464,2464,Fc1ccc2OC(=O)[C@H](Nc2c1)c3ccccc3,12.7,1.0,0.2,10.1039/C8SC05797D,ODH,456,ODH_charity_0616:row:456,12.7,train,
2473,2473,CC(C)c1cccc(C(C)C)c1NC[C@@H]2CCc3ccccc3N2,11.9,0.8,0.1,10.1002/anie.201909919,ODH,457,ODH_charity_0616:row:457,9.52,valid,
2474,2474,CC(C)c1cccc(C(C)C)c1NC[C@H]2CCc3ccccc3N2,12.8,0.8,0.1,10.1002/anie.201909919,ODH,458,ODH_charity_0616:row:458,10.24,train,
2499,2499,Cc1ccc(cc1)[S](=O)(=O)N2CC=C[C@@H]2c3ccccc3,11.174,1.0,0.15,10.1039/C4CC03920C,ODH,459,ODH_charity_0616:row:459,11.174,train,
2500,2500,Cc1ccc(cc1)[S](=O)(=O)N2CC=C[C@H]2c3ccccc3,12.895,1.0,0.15,10.1039/C4CC03920C,ODH,460,ODH_charity_0616:row:460,12.895,train,
2507,2507,CCCC(CCC)(NC(=O)C[C@H](C)c1ccc(cc1)C(C)=O)c2ccccn2,11.7,0.8,0.05,10.1002/anie.201804197,ODH,461,ODH_charity_0616:row:461,9.36,train,
2508,2508,CCCC(CCC)(NC(=O)C[C@@H](C)c1ccc(cc1)C(C)=O)c2ccccn2,12.9,0.8,0.05,10.1002/anie.201804197,ODH,462,ODH_charity_0616:row:462,10.32,train,
2543,2543,CC(C)OC(=O)[C@H](CC=O)Cc1ccccc1,11.7,1.0,0.02,10.1021/acs.orglett.9b04624,ODH,463,ODH_charity_0616:row:463,11.7,train,
2544,2544,CC(C)OC(=O)[C@@H](CC=O)Cc1ccccc1,13.0,1.0,0.02,10.1021/acs.orglett.9b04624,ODH,464,ODH_charity_0616:row:464,13.0,train,
2545,2545,Cc1ccc(cc1)[C@@H]2CCCNC(=O)C2,13.7,1.0,0.1,10.1039/C8OB02231C,ODH,465,ODH_charity_0616:row:465,13.7,valid,
2546,2546,Cc1ccc(cc1)[C@H]2CCCNC(=O)C2,13.0,1.0,0.1,10.1039/C8OB02231C,ODH,466,ODH_charity_0616:row:466,13.0,train,
2563,2563,C[C@H](CC(=O)c1ccccc1)[S](=O)(=O)c2ccc(Cl)cc2,16.0,1.0,0.15,10.1021/acs.orglett.0c03517,ODH,467,ODH_charity_0616:row:467,16.0,train,
2564,2564,C[C@@H](CC(=O)c1ccccc1)[S](=O)(=O)c2ccc(Cl)cc2,13.1,1.0,0.15,10.1021/acs.orglett.0c03517,ODH,468,ODH_charity_0616:row:468,13.1,train,
2580,2580,CC(C)(O)C[C@@H]1CCc2ccccc2N1,10.5,0.8,0.05,10.1021/ja2023042,ODH,469,ODH_charity_0616:row:469,8.4,train,
2581,2581,CC(C)(O)C[C@H]1CCc2ccccc2N1,13.2,0.8,0.05,10.1021/ja2023042,ODH,470,ODH_charity_0616:row:470,10.56,train,
2588,2588,CC(C)=C[C@@H](CCCBr)[S](=O)(=O)c1ccc(C)cc1,15.2,1.0,0.05,10.1002/anie.201804891,ODH,471,ODH_charity_0616:row:471,15.2,valid,
2589,2589,CC(C)=C[C@H](CCCBr)[S](=O)(=O)c1ccc(C)cc1,13.2,1.0,0.05,10.1002/anie.201804891,ODH,472,ODH_charity_0616:row:472,13.2,test,
2623,2623,CCOC(=O)C[C@@H](Sc1ccccc1)c2cccc(C)c2,9.8,1.0,0.01,10.1021/acs.orglett.8b02339,ODH,473,ODH_charity_0616:row:473,9.8,train,
2624,2624,CCOC(=O)C[C@H](Sc1ccccc1)c2cccc(C)c2,13.3,1.0,0.01,10.1021/acs.orglett.8b02339,ODH,474,ODH_charity_0616:row:474,13.3,train,
2641,2641,CC(C)(NC(=O)C[C@@H]1CCOc2c1ccc3ccccc23)c4ccccn4,9.7,1.0,0.1,10.1021/acs.orglett.0c03775,ODH,475,ODH_charity_0616:row:475,9.7,test,
2642,2642,CC(C)(NC(=O)C[C@H]1CCOc2c1ccc3ccccc23)c4ccccn4,13.4,1.0,0.1,10.1021/acs.orglett.0c03775,ODH,476,ODH_charity_0616:row:476,13.4,train,
2645,2645,Cc1ccc(cc1)[C@H](O)C[S](C)(=O)=O,11.4,1.0,0.2,10.1039/c8ob02923g,ODH,477,ODH_charity_0616:row:477,11.4,train,
2646,2646,Cc1ccc(cc1)[C@@H](O)C[S](C)(=O)=O,13.4,1.0,0.2,10.1039/c8ob02923g,ODH,478,ODH_charity_0616:row:478,13.4,train,
2659,2659,COc1ccc(cc1)C(=O)[C@]2(OCCC[C@H]2Br)c3ccc(OC)cc3,15.15,1.0,0.05,10.1021/ja201794v,ODH,479,ODH_charity_0616:row:479,15.15,train,
2660,2660,COc1ccc(cc1)C(=O)[C@@]2(OCCC[C@H]2Br)c3ccc(OC)cc3,13.47,1.0,0.05,10.1021/ja201794v,ODH,480,ODH_charity_0616:row:480,13.47,train,
2714,2714,C[C@@H](C#Cc1ccccc1)c2ccccc2,19.33,1.0,0.005,10.1038/s41467/019/13705/1,ODH,481,ODH_charity_0616:row:481,19.33,train,
2715,2715,C[C@H](C#Cc1ccccc1)c2ccccc2,13.6,1.0,0.005,10.1038/s41467/019/13705/1,ODH,482,ODH_charity_0616:row:482,13.6,train,
2724,2724,C[C@@H]1Nc2ccccc2OC1=O,17.2,1.0,0.1,10.1039/C8SC05797D,ODH,483,ODH_charity_0616:row:483,17.2,train,
2725,2725,C[C@H]1Nc2ccccc2OC1=O,13.6,1.0,0.1,10.1039/C8SC05797D,ODH,484,ODH_charity_0616:row:484,13.6,train,
2743,2743,C1Oc2ccccc2N[C@@H]1c3ccccc3,9.9,1.0,0.2,10.1039/C4QO00188E,ODH,485,ODH_charity_0616:row:485,9.9,train,
2744,2744,C1Oc2ccccc2N[C@H]1c3ccccc3,13.7,1.0,0.2,10.1039/C4QO00188E,ODH,486,ODH_charity_0616:row:486,13.7,train,
2761,2761,COc1ccc(cc1)[C@@H]2Nc3ccccc3OC2=O,36.6,1.0,0.2,10.1039/C8SC05797D,ODH,487,ODH_charity_0616:row:487,36.6,train,
2762,2762,COc1ccc(cc1)[C@H]2Nc3ccccc3OC2=O,13.7,1.0,0.2,10.1039/C8SC05797D,ODH,488,ODH_charity_0616:row:488,13.7,train,
2798,2798,C[C@H]1Cc2ccccc2N1,12.1,0.8,0.03,10.1021/acs.orglett.8b00312,ODH,489,ODH_charity_0616:row:489,9.68,train,
2799,2799,C[C@@H]1Cc2ccccc2N1,13.8,0.8,0.03,10.1021/acs.orglett.8b00312,ODH,490,ODH_charity_0616:row:490,11.04,train,
2820,2820,O[C@@H]1CCc2cc(Cl)ccc12,15.4,1.0,0.02,10.1002/adsc.201800839,ODH,491,ODH_charity_0616:row:491,15.4,train,
2821,2821,O[C@H]1CCc2cc(Cl)ccc12,13.9,1.0,0.02,10.1002/adsc.201800839,ODH,492,ODH_charity_0616:row:492,13.9,test,
2845,2845,Brc1ccc(cc1)C2(CC[C@]23[C@H](C=O)[C@H]3c4ccccc4)c5ccc(Br)cc5,8.49,1.0,0.1,10.1002/anie.201912834,ODH,493,ODH_charity_0616:row:493,8.49,valid,
2846,2846,O=C1CCC[C@@]12[C@H](Cc3c(cccc23)c4ccccc4)Sc5ccccc5,15.02,1.0,0.03,10.1002/anie.201907115,ODH,494,ODH_charity_0616:row:494,15.02,test,
2855,2855,O=C[C@@H]1[C@@H](c2ccc(cc2)C#N)[C@@]13CCC3(c4ccccc4)c5ccccc5,26.11,1.0,0.1,10.1002/anie.201912834,ODH,495,ODH_charity_0616:row:495,26.11,train,
2858,2858,C1Cc2ccccc2N[C@H]1c3ccccc3,18.3,0.6,0.1,10.1021/ja2023042,ODH,496,ODH_charity_0616:row:496,10.98,train,
2859,2859,C1Cc2ccccc2N[C@@H]1c3ccccc3,14.1,0.6,0.1,10.1021/ja2023042,ODH,497,ODH_charity_0616:row:497,8.46,train,
2877,2877,Cc1ccc(cc1)C2(CC[C@]23[C@H](C=O)[C@H]3c4ccccc4)c5ccc(C)cc5,6.02,1.0,0.1,10.1002/anie.201912834,ODH,498,ODH_charity_0616:row:498,6.02,test,
2900,2900,Cc1ccc([C@@H]2C[C@@H]([C@H]2CO)c3ccccc3)n1CC=C,10.0,1.0,0.1,10.1039/C3CC41785A,ODH,499,ODH_charity_0616:row:499,10.0,train,
2944,2944,O[C@@H](C[N+]([O-])=O)c1ccc(F)cc1,12.0,1.0,0.1,10.1002/chem.201404605,ODH,500,ODH_charity_0616:row:500,12.0,train,
2945,2945,O[C@H](C[N+]([O-])=O)c1ccc(F)cc1,14.4,1.0,0.1,10.1002/chem.201404605,ODH,501,ODH_charity_0616:row:501,14.4,train,
2962,2962,FC(F)(F)C[C@@]1(CC(=NO1)c2ccccc2)c3occc3,9.92,0.8,0.1,10.1002/anie.201804315,ODH,502,ODH_charity_0616:row:502,7.936,train,
2963,2963,FC(F)(F)C[C@]1(CC(=NO1)c2ccccc2)c3occc3,14.43,0.8,0.1,10.1002/anie.201804315,ODH,503,ODH_charity_0616:row:503,11.544,train,
2964,2964,COc1cc(C[C@@H](C)c2cc3c(F)cccc3n2c4ccc(cn4)c5cc(cc(c5)C(F)(F)F)C(F)(F)F)cc(OC)c1OC,9.94,0.6,0.1,10.1021/jacs.1c08562,ODH,504,ODH_charity_0616:row:504,5.964,train,
2965,2965,COc1cc(C[C@H](C)c2cc3c(F)cccc3n2c4ccc(cn4)c5cc(cc(c5)C(F)(F)F)C(F)(F)F)cc(OC)c1OC,14.43,0.6,0.1,10.1021/jacs.1c08562,ODH,505,ODH_charity_0616:row:505,8.658,train,
2975,2975,C[C@H]1Nc2ccc(Br)cc2N(C)C1=O,7.7,1.0,0.2,10.1039/D1QO01598B,ODH,506,ODH_charity_0616:row:506,7.7,train,
2976,2976,C[C@@H]1Nc2ccc(Br)cc2N(C)C1=O,14.5,1.0,0.2,10.1039/D1QO01598B,ODH,507,ODH_charity_0616:row:507,14.5,train,
2977,2977,OC(C[C@@H]1CCc2ccccc2N1)(c3ccccc3)c4ccccc4,12.1,1.0,0.06,10.1002/adsc.200900870,ODH,508,ODH_charity_0616:row:508,12.1,train,
2978,2978,OC(C[C@H]1CCc2ccccc2N1)(c3ccccc3)c4ccccc4,14.5,1.0,0.06,10.1002/adsc.200900870,ODH,509,ODH_charity_0616:row:509,14.5,train,
2979,2979,OC(C[C@@H]1CCc2ccccc2N1)(c3ccccc3)c4ccccc4,12.1,1.0,0.06,10.1039/c002668a,ODH,510,ODH_charity_0616:row:510,12.1,train,
2980,2980,OC(C[C@H]1CCc2ccccc2N1)(c3ccccc3)c4ccccc4,14.5,1.0,0.06,10.1039/c002668a,ODH,511,ODH_charity_0616:row:511,14.5,train,
2989,2989,C[C@H]1Cc2cc(Cl)ccc2N1,8.1,0.8,0.03,10.1021/acs.orglett.8b00312,ODH,512,ODH_charity_0616:row:512,6.48,train,
2990,2990,C[C@@H]1Cc2cc(Cl)ccc2N1,14.5,0.8,0.03,10.1021/acs.orglett.8b00312,ODH,513,ODH_charity_0616:row:513,11.6,train,
2997,2997,N[C@@H](c1ccc(Cl)cc1)c2ccccc2O,11.86,0.7,0.3,10.1002/anie.201915459,ODH,514,ODH_charity_0616:row:514,8.302,train,
2998,2998,N[C@H](c1ccc(Cl)cc1)c2ccccc2O,14.52,0.7,0.3,10.1002/anie.201915459,ODH,515,ODH_charity_0616:row:515,10.164,train,
3044,3044,CC1(C)Nc2ccccc2[C@@H]3CC(=O)C=C[C@@H]13,18.23,1.0,0.1,10.1021/acs.orglett.7b03330,ODH,516,ODH_charity_0616:row:516,18.23,train,
3049,3049,CCOC(=O)C[C@@H](Sc1ccccc1)c2ccc3ccccc3c2,25.2,1.0,0.01,10.1021/acs.orglett.8b02339,ODH,517,ODH_charity_0616:row:517,25.2,train,
3050,3050,CCOC(=O)C[C@H](Sc1ccccc1)c2ccc3ccccc3c2,14.7,1.0,0.01,10.1021/acs.orglett.8b02339,ODH,518,ODH_charity_0616:row:518,14.7,train,
3075,3075,CCC[C@H]1Nc2ccccc2NC1=O,19.2,1.0,0.1,10.1039/D1QO01598B,ODH,519,ODH_charity_0616:row:519,19.2,train,
3076,3076,CCC[C@@H]1Nc2ccccc2NC1=O,14.8,1.0,0.1,10.1039/D1QO01598B,ODH,520,ODH_charity_0616:row:520,14.8,train,
3095,3095,COc1ccc(cc1)[C@H](O)C(=O)OC(C)C,8.6,1.0,0.05,10.1039/C8QO00047F,ODH,521,ODH_charity_0616:row:521,8.6,train,
3096,3096,COc1ccc(cc1)[C@@H](O)C(=O)OC(C)C,14.8,1.0,0.05,10.1039/C8QO00047F,ODH,522,ODH_charity_0616:row:522,14.8,train,
3097,3097,CCOC(=O)[C@H](CC=O)Cc1ccccc1,17.0,1.0,0.02,10.1021/acs.orglett.9b04624,ODH,523,ODH_charity_0616:row:523,17.0,train,
3098,3098,CCOC(=O)[C@@H](CC=O)Cc1ccccc1,14.8,1.0,0.02,10.1021/acs.orglett.9b04624,ODH,524,ODH_charity_0616:row:524,14.8,train,
3111,3111,CCC[C@@H]1CCC2=C(CCCC2=O)N1,11.0,1.0,0.1,10.1039/c002668a,ODH,525,ODH_charity_0616:row:525,11.0,train,
3112,3112,CCC[C@H]1CCC2=C(CCCC2=O)N1,14.9,1.0,0.1,10.1039/c002668a,ODH,526,ODH_charity_0616:row:526,14.9,train,
3113,3113,CCC[C@H]1CCC2=C(CCCC2=O)N1,11.0,1.0,0.1,10.1002/adsc.200900870,ODH,527,ODH_charity_0616:row:527,11.0,train,
3114,3114,CCC[C@@H]1CCC2=C(CCCC2=O)N1,14.9,1.0,0.1,10.1002/adsc.200900870,ODH,528,ODH_charity_0616:row:528,14.9,train,
3115,3115,O[C@@H](C[N+]([O-])=O)c1cccc(Cl)c1,11.7,1.2,0.1,10.1002/chem.201404605,ODH,529,ODH_charity_0616:row:529,14.04,train,
3116,3116,O[C@H](C[N+]([O-])=O)c1cccc(Cl)c1,14.9,1.2,0.1,10.1002/chem.201404605,ODH,530,ODH_charity_0616:row:530,17.88,train,
3121,3121,OCC[C@H]1CCCn2ccc(c3ccc(Cl)cc3)c12,16.92,1.0,0.05,10.1016/j.tetlet.2018.09.061,ODH,531,ODH_charity_0616:row:531,16.92,train,
3122,3122,OCC[C@@H]1CCCn2ccc(c3ccc(Cl)cc3)c12,14.9,1.0,0.05,10.1016/j.tetlet.2018.09.061,ODH,532,ODH_charity_0616:row:532,14.9,train,
3150,3150,Cc1cc(cc(C)c1[C@@H](N)CO)C(C)(C)C,16.7,1.0,0.02,10.1021/acs.orglett.0c01558,ODH,533,ODH_charity_0616:row:533,16.7,train,
3151,3151,Cc1cc(cc(C)c1[C@H](N)CO)C(C)(C)C,14.99,1.0,0.02,10.1021/acs.orglett.0c01558,ODH,534,ODH_charity_0616:row:534,14.99,train,
3158,3158,COc1ccc(cc1OC)[C@H]2CC(=O)N2C(C)(C)c3ccccn3,23.8,1.0,0.15,10.1002/cjoc.201900533,ODH,535,ODH_charity_0616:row:535,23.8,train,
3159,3159,COc1ccc(cc1OC)[C@@H]2CC(=O)N2C(C)(C)c3ccccn3,15.0,1.0,0.15,10.1002/cjoc.201900533,ODH,536,ODH_charity_0616:row:536,15.0,train,
3201,3201,CC(C)=CCC[C@@H]1CCc2ccccc2N1,17.5,0.5,0.01,10.1021/ja2023042,ODH,537,ODH_charity_0616:row:537,8.75,train,
3202,3202,CC(C)=CCC[C@H]1CCc2ccccc2N1,15.2,0.5,0.01,10.1021/ja2023042,ODH,538,ODH_charity_0616:row:538,7.6,train,
3209,3209,C[C@@H]1CCc2ccccc2[C@@H]1O,16.0,1.0,0.01,10.1002/adsc.201800839,ODH,539,ODH_charity_0616:row:539,16.0,train,
3232,3232,Clc1cccc(c1)[C@@H]2COc3ccccc3N2,11.0,1.0,0.2,10.1039/C4QO00188E,ODH,540,ODH_charity_0616:row:540,11.0,train,
3233,3233,Clc1cccc(c1)[C@H]2COc3ccccc3N2,15.3,1.0,0.2,10.1039/C4QO00188E,ODH,541,ODH_charity_0616:row:541,15.3,train,
3240,3240,Cc1ccc(cc1)[S](=O)(=O)N2CC[C@@H](CC(=O)NC(C)(C)c3ccccn3)c4cc(F)ccc24,17.8,0.8,0.2,10.1039/D1QO00302J,ODH,542,ODH_charity_0616:row:542,14.24,train,
3241,3241,Cc1ccc(cc1)[S](=O)(=O)N2CC[C@H](CC(=O)NC(C)(C)c3ccccn3)c4cc(F)ccc24,15.3,0.8,0.2,10.1039/D1QO00302J,ODH,543,ODH_charity_0616:row:543,12.24,train,
3245,3245,Cc1ccc2[C@H](O)CCCCc2c1,11.7,1.0,0.02,10.1002/adsc.201800839,ODH,544,ODH_charity_0616:row:544,11.7,train,
3246,3246,Cc1ccc2[C@@H](O)CCCCc2c1,15.3,1.0,0.02,10.1002/adsc.201800839,ODH,545,ODH_charity_0616:row:545,15.3,train,
3247,3247,CC(C)OC(=O)[C@@H](O)c1cccc2ccccc12,14.2,1.0,0.05,10.1039/C8QO00047F,ODH,546,ODH_charity_0616:row:546,14.2,train,
3248,3248,CC(C)OC(=O)[C@H](O)c1cccc2ccccc12,15.3,1.0,0.05,10.1039/C8QO00047F,ODH,547,ODH_charity_0616:row:547,15.3,train,
3249,3249,C[C@H](CC(=O)c1ccccc1)[S](=O)(=O)c2ccccc2,17.2,1.0,0.1,10.1021/acs.orglett.0c03517,ODH,548,ODH_charity_0616:row:548,17.2,train,
3250,3250,C[C@@H](CC(=O)c1ccccc1)[S](=O)(=O)c2ccccc2,15.3,1.0,0.1,10.1021/acs.orglett.0c03517,ODH,549,ODH_charity_0616:row:549,15.3,train,
3251,3251,C[C@H](CC(=O)c1sccc1)[S](=O)(=O)c2ccc(C)cc2,18.5,1.0,0.15,10.1021/acs.orglett.0c03517,ODH,550,ODH_charity_0616:row:550,18.5,train,
3252,3252,C[C@@H](CC(=O)c1sccc1)[S](=O)(=O)c2ccc(C)cc2,15.3,1.0,0.15,10.1021/acs.orglett.0c03517,ODH,551,ODH_charity_0616:row:551,15.3,train,
3261,3261,CC1(C)CN(C(=O)Nc2cc(cc(c2)C(F)(F)F)C(F)(F)F)[C@@](CN(Cc3ccccc3)Cc4ccccc4)(C1)c5ccccc5,17.2,0.4,0.02,10.1016/j.chempr.2017.10.008,ODH,552,ODH_charity_0616:row:552,6.88,train,
3262,3262,CC1(C)CN(C(=O)Nc2cc(cc(c2)C(F)(F)F)C(F)(F)F)[C@](CN(Cc3ccccc3)Cc4ccccc4)(C1)c5ccccc5,15.34,0.4,0.02,10.1016/j.chempr.2017.10.008,ODH,553,ODH_charity_0616:row:553,6.136,train,
3265,3265,O=C[C@@H]1[C@@H](c2ccc3ccccc3c2)[C@@]14CCC4(c5ccccc5)c6ccccc6,10.42,1.0,0.1,10.1002/anie.201912834,ODH,554,ODH_charity_0616:row:554,10.42,train,
3272,3272,Fc1ccc(cc1)[C@@H]2COc3ccccc3N2,9.9,1.0,0.2,10.1039/C4QO00188E,ODH,555,ODH_charity_0616:row:555,9.9,train,
3273,3273,Fc1ccc(cc1)[C@H]2COc3ccccc3N2,15.4,1.0,0.2,10.1039/C4QO00188E,ODH,556,ODH_charity_0616:row:556,15.4,valid,
3274,3274,C[C@@H]1CCC2=C(CCCC2=O)N1,12.6,1.0,0.1,10.1039/c002668a,ODH,557,ODH_charity_0616:row:557,12.6,train,
3275,3275,C[C@H]1CCC2=C(CCCC2=O)N1,15.4,1.0,0.1,10.1039/c002668a,ODH,558,ODH_charity_0616:row:558,15.4,test,
3276,3276,C[C@H]1CCC2=C(CCCC2=O)N1,12.6,1.0,0.1,10.1002/adsc.200900870,ODH,559,ODH_charity_0616:row:559,12.6,train,
3277,3277,C[C@@H]1CCC2=C(CCCC2=O)N1,15.4,1.0,0.1,10.1002/adsc.200900870,ODH,560,ODH_charity_0616:row:560,15.4,train,
3280,3280,CCOC(=O)C[C@H](Sc1ccc(C)cc1)c2cccc(OC)c2,26.3,1.0,0.01,10.1021/acs.orglett.8b02339,ODH,561,ODH_charity_0616:row:561,26.3,train,
3281,3281,CCOC(=O)C[C@@H](Sc1ccc(C)cc1)c2cccc(OC)c2,15.4,1.0,0.01,10.1021/acs.orglett.8b02339,ODH,562,ODH_charity_0616:row:562,15.4,train,
3298,3298,Oc1cccc(c1)[C@H]2CCc3ccccc3N2,26.6,1.2,0.1,10.1021/ja2023042,ODH,563,ODH_charity_0616:row:563,31.92,test,
3299,3299,Oc1cccc(c1)[C@@H]2CCc3ccccc3N2,15.5,1.2,0.1,10.1021/ja2023042,ODH,564,ODH_charity_0616:row:564,18.6,train,
3304,3304,CC(C)(NC(=O)C[C@H](CCc1ccccc1)c2ccc(cc2)c3ccccc3)c4ccccn4,18.5,0.5,0.2,10.1002/anie.201804197,ODH,565,ODH_charity_0616:row:565,9.25,train,
3305,3305,CC(C)(NC(=O)C[C@@H](CCc1ccccc1)c2ccc(cc2)c3ccccc3)c4ccccn4,15.5,0.5,0.2,10.1002/anie.201804197,ODH,566,ODH_charity_0616:row:566,7.75,train,
3309,3309,COc1ccc(cc1)C(=O)[C@@]2(OCCC[C@@H]2Br)c3ccc(OC)cc3,13.34,1.0,0.05,10.1021/ja201794v,ODH,567,ODH_charity_0616:row:567,13.34,train,
3312,3312,Cc1cccc2c1C[C@H](Sc3ccccc3)[C@@]24CCCC4=O,11.75,1.0,0.03,10.1002/anie.201907115,ODH,568,ODH_charity_0616:row:568,11.75,valid,
3325,3325,C1Cc2ccccc2N[C@@H]1c3ccccc3,12.9,0.6,0.1,10.1002/asia.201600445,ODH,569,ODH_charity_0616:row:569,7.74,train,
3326,3326,C1Cc2ccccc2N[C@H]1c3ccccc3,15.6,0.6,0.1,10.1002/asia.201600445,ODH,570,ODH_charity_0616:row:570,9.36,train,
3329,3329,COc1ccc2[C@H](O)CCCc2c1,17.2,1.0,0.02,10.1002/adsc.201800839,ODH,571,ODH_charity_0616:row:571,17.2,train,
3330,3330,COc1ccc2[C@@H](O)CCCc2c1,15.6,1.0,0.02,10.1002/adsc.201800839,ODH,572,ODH_charity_0616:row:572,15.6,train,
3337,3337,C1C(Cc2ccccc12)O[C@H](\C=C\c3ccccc3)c4ccccc4,16.95,0.5,0.01,10.1039/C4CC03920C,ODH,573,ODH_charity_0616:row:573,8.475,train,
3338,3338,C1C(Cc2ccccc12)O[C@@H](\C=C\c3ccccc3)c4ccccc4,15.63,0.5,0.01,10.1039/C4CC03920C,ODH,574,ODH_charity_0616:row:574,7.815,train,
3344,3344,CC(C)(O)C[C@@H]1CCc2ccccc2N1,13.0,0.8,0.05,10.1039/C4CY00418C,ODH,575,ODH_charity_0616:row:575,10.4,train,
3345,3345,CC(C)(O)C[C@H]1CCc2ccccc2N1,15.7,0.8,0.05,10.1039/C4CY00418C,ODH,576,ODH_charity_0616:row:576,12.56,train,
3366,3366,CCOC(=O)[C@@H]1N[S](=O)(=O)Oc2ccc(C)cc12,9.2,1.0,0.15,10.1039/D0CC01220C,ODH,577,ODH_charity_0616:row:577,9.2,train,
3367,3367,CCOC(=O)[C@H]1N[S](=O)(=O)Oc2ccc(C)cc12,15.7,1.0,0.15,10.1039/D0CC01220C,ODH,578,ODH_charity_0616:row:578,15.7,train,
3380,3380,O=C1Nc2ccccc2N[C@@H]1c3ccccc3,27.1,1.0,0.2,10.1039/D1QO01598B,ODH,579,ODH_charity_0616:row:579,27.1,train,
3381,3381,O=C1Nc2ccccc2N[C@H]1c3ccccc3,15.8,1.0,0.2,10.1039/D1QO01598B,ODH,580,ODH_charity_0616:row:580,15.8,train,
3398,3398,COC(=O)[C@H]1COc2ccc(F)cc2O1,12.0,1.0,0.02,10.1021/acs.orglett.8b01469,ODH,581,ODH_charity_0616:row:581,12.0,test,
3399,3399,COC(=O)[C@@H]1COc2ccc(F)cc2O1,15.8,1.0,0.02,10.1021/acs.orglett.8b01469,ODH,582,ODH_charity_0616:row:582,15.8,train,
3400,3400,C[C@H](CC(=O)c1occc1)[S](=O)(=O)c2ccc(C)cc2,18.1,1.0,0.15,10.1021/acs.orglett.0c03517,ODH,583,ODH_charity_0616:row:583,18.1,train,
3401,3401,C[C@@H](CC(=O)c1occc1)[S](=O)(=O)c2ccc(C)cc2,15.8,1.0,0.15,10.1021/acs.orglett.0c03517,ODH,584,ODH_charity_0616:row:584,15.8,train,
3404,3404,CC1(C)CN(C(=O)Nc2cc(cc(c2)C(F)(F)F)C(F)(F)F)[C@@](CN)(C1)c3ccccc3,25.43,0.8,0.03,10.1016/j.chempr.2017.10.008,ODH,585,ODH_charity_0616:row:585,20.344,train,
3405,3405,CC1(C)CN(C(=O)Nc2cc(cc(c2)C(F)(F)F)C(F)(F)F)[C@](CN)(C1)c3ccccc3,15.81,0.8,0.03,10.1016/j.chempr.2017.10.008,ODH,586,ODH_charity_0616:row:586,12.648,train,
3410,3410,Cc1cccc(c1)[C@H](N)c2ccccc2O,11.1,0.7,0.3,10.1002/anie.201915459,ODH,587,ODH_charity_0616:row:587,7.77,train,
3411,3411,Cc1cccc(c1)[C@@H](N)c2ccccc2O,15.82,0.7,0.3,10.1002/anie.201915459,ODH,588,ODH_charity_0616:row:588,11.074,train,
3420,3420,COc1ccc(cc1)[C@@H]2COc3ccccc3N2,10.5,1.0,0.2,10.1039/C4QO00188E,ODH,589,ODH_charity_0616:row:589,10.5,train,
3421,3421,COc1ccc(cc1)[C@H]2COc3ccccc3N2,15.9,1.0,0.2,10.1039/C4QO00188E,ODH,590,ODH_charity_0616:row:590,15.9,train,
3426,3426,OC[C@@H]1[C@H](C[C@H]1c2cccn2CC=C)c3cccc(Cl)c3,10.1,1.0,0.1,10.1039/C3CC41785A,ODH,591,ODH_charity_0616:row:591,10.1,train,
3433,3433,FC(F)(F)CCCc1ccccc1[C@H](NC(=O)c2ccc(Cl)cc2)c3cn(Cc4ccccc4)c5ccccc35,7.72,1.0,0.2,10.1016/j.jfluchem.2017.03.008,ODH,592,ODH_charity_0616:row:592,7.72,train,
3434,3434,FC(F)(F)CCCc1ccccc1[C@@H](NC(=O)c2ccc(Cl)cc2)c3cn(Cc4ccccc4)c5ccccc35,15.98,1.0,0.2,10.1016/j.jfluchem.2017.03.008,ODH,593,ODH_charity_0616:row:593,15.98,train,
3439,3439,COC(=O)[C@H]1COc2ccc(Cl)cc2O1,11.8,1.0,0.02,10.1021/acs.orglett.8b01469,ODH,594,ODH_charity_0616:row:594,11.8,train,
3440,3440,COC(=O)[C@@H]1COc2ccc(Cl)cc2O1,16.0,1.0,0.02,10.1021/acs.orglett.8b01469,ODH,595,ODH_charity_0616:row:595,16.0,train,
3447,3447,CCOC(=O)[C@](C[N+]([O-])=O)(O\N=C\c1ccc(OC)cc1)c2ccc(cc2)c3ccccc3,14.09,1.0,0.1,10.1021/ol102580n,ODH,596,ODH_charity_0616:row:596,14.09,train,
3448,3448,CCOC(=O)[C@@](C[N+]([O-])=O)(O\N=C\c1ccc(OC)cc1)c2ccc(cc2)c3ccccc3,16.05,1.0,0.1,10.1021/ol102580n,ODH,597,ODH_charity_0616:row:597,16.05,train,
3471,3471,C[C@H](CCCCOc1ccccc1)CCN(Cc2ccccc2)Cc3ccccc3,7.2,1.0,0.15,10.1021/acs.orglett.0c01550,ODH,598,ODH_charity_0616:row:598,7.2,train,
3472,3472,C[C@@H](CCCCOc1ccccc1)CCN(Cc2ccccc2)Cc3ccccc3,16.1,1.0,0.15,10.1021/acs.orglett.0c01550,ODH,599,ODH_charity_0616:row:599,16.1,train,
3473,3473,COc1ccccc1C[C@@H](CC=O)C(=O)OC(C)C,18.5,1.0,0.05,10.1021/acs.orglett.9b04624,ODH,600,ODH_charity_0616:row:600,18.5,train,
3474,3474,COc1ccccc1C[C@H](CC=O)C(=O)OC(C)C,16.1,1.0,0.05,10.1021/acs.orglett.9b04624,ODH,601,ODH_charity_0616:row:601,16.1,test,
3477,3477,C[C@H]([C@H](CCO)c1ccccc1)[N+]([O-])=O,12.03,1.0,0.1,10.1002/adsc.201500582,ODH,602,ODH_charity_0616:row:602,12.03,train,
3478,3478,C[C@@H]([C@H](CCO)c1ccccc1)[N+]([O-])=O,16.16,1.0,0.1,10.1002/adsc.201500582,ODH,603,ODH_charity_0616:row:603,16.16,train,
3493,3493,CCOC(=O)[C@@H](CCOCc1ccccc1)CC=O,18.0,1.0,0.02,10.1021/acs.orglett.9b04624,ODH,604,ODH_charity_0616:row:604,18.0,train,
3494,3494,CCOC(=O)[C@H](CCOCc1ccccc1)CC=O,16.2,1.0,0.02,10.1021/acs.orglett.9b04624,ODH,605,ODH_charity_0616:row:605,16.2,train,
3495,3495,CC(C)(C)OC(=O)N1CCC[C@H](CC1=O)c2ccccc2,19.6,1.0,0.02,10.1039/C8OB02231C,ODH,606,ODH_charity_0616:row:606,19.6,train,
3496,3496,CC(C)(C)OC(=O)N1CCC[C@@H](CC1=O)c2ccccc2,16.2,1.0,0.02,10.1039/C8OB02231C,ODH,607,ODH_charity_0616:row:607,16.2,train,
3499,3499,O=C1Nc2ccccc2N[C@@H]1c3sccc3,23.2,1.0,0.2,10.1039/D1QO01598B,ODH,608,ODH_charity_0616:row:608,23.2,train,
3500,3500,O=C1Nc2ccccc2N[C@H]1c3sccc3,16.3,1.0,0.2,10.1039/D1QO01598B,ODH,609,ODH_charity_0616:row:609,16.3,train,
3515,3515,CCCC[C@@H](/C=C/c1cccnc1)C#N,25.52,1.0,0.1,10.1021/jacs.1c01260,ODH,610,ODH_charity_0616:row:610,25.52,train,
3516,3516,CCCC[C@H](/C=C/c1cccnc1)C#N,16.31,1.0,0.1,10.1021/jacs.1c01260,ODH,611,ODH_charity_0616:row:611,16.31,valid,
3533,3533,FC(F)(F)c1ccc(cc1)[C@@H]2COc3ccccc3N2,11.3,1.0,0.2,10.1039/C4QO00188E,ODH,612,ODH_charity_0616:row:612,11.3,train,
3534,3534,FC(F)(F)c1ccc(cc1)[C@H]2COc3ccccc3N2,16.4,1.0,0.2,10.1039/C4QO00188E,ODH,613,ODH_charity_0616:row:613,16.4,train,
3545,3545,O[C@@H]1CCCc2cccnc12,12.1,1.0,0.02,10.1002/adsc.201800839,ODH,614,ODH_charity_0616:row:614,12.1,train,
3546,3546,O[C@H]1CCCc2cccnc12,16.4,1.0,0.02,10.1002/adsc.201800839,ODH,615,ODH_charity_0616:row:615,16.4,train,
3598,3598,CCCCCC(=O)C[C@H]1CCCCN1C(=O)OCc2ccccc2,18.8,0.5,0.05,10.1002/adsc.201100282,ODH,616,ODH_charity_0616:row:616,9.4,train,
3599,3599,CCCCCC(=O)C[C@@H]1CCCCN1C(=O)OCc2ccccc2,16.7,0.5,0.05,10.1002/adsc.201100282,ODH,617,ODH_charity_0616:row:617,8.35,train,
3602,3602,Cc1ccccc1[C@H]2C[C@H]([C@@H]2CO)c3cccn3CC=C,10.6,1.0,0.1,10.1039/C3CC41785A,ODH,618,ODH_charity_0616:row:618,10.6,train,
3607,3607,COC(=O)[C@H]1COc2ccc(Br)cc2O1,12.1,1.0,0.02,10.1021/acs.orglett.8b01469,ODH,619,ODH_charity_0616:row:619,12.1,train,
3608,3608,COC(=O)[C@@H]1COc2ccc(Br)cc2O1,16.7,1.0,0.02,10.1021/acs.orglett.8b01469,ODH,620,ODH_charity_0616:row:620,16.7,train,
3622,3622,CO[C@H](NC(=O)c1ccc(Br)cc1)c2ccccc2CCCC(F)(F)F,20.94,1.0,0.05,10.1002/anie.201405401,ODH,621,ODH_charity_0616:row:621,20.94,train,
3623,3623,CO[C@@H](NC(=O)c1ccc(Br)cc1)c2ccccc2CCCC(F)(F)F,16.79,1.0,0.05,10.1002/anie.201405401,ODH,622,ODH_charity_0616:row:622,16.79,train,
3632,3632,CCOC(OCC)[C@@H](N)c1ccc2ccccc2c1,25.8,0.8,0.05,10.1039/D1CC06601C,ODH,623,ODH_charity_0616:row:623,20.64,train,
3633,3633,CCOC(OCC)[C@H](N)c1ccc2ccccc2c1,16.8,0.8,0.05,10.1039/D1CC06601C,ODH,624,ODH_charity_0616:row:624,13.44,train,
3646,3646,O[C@@H](C[N+]([O-])=O)c1ccc(cc1)C(F)(F)F,21.68,0.8,0.1,10.1039/C2CC31907A,ODH,625,ODH_charity_0616:row:625,17.344,train,
3647,3647,O[C@H](C[N+]([O-])=O)c1ccc(cc1)C(F)(F)F,16.856,0.8,0.1,10.1039/C2CC31907A,ODH,626,ODH_charity_0616:row:626,13.4848,valid,
3658,3658,Cc1ccc(cc1)[S@](=O)c2cc(C)ccn2,22.7,0.8,0.05,10.1021/acs.orglett.1c02918,ODH,627,ODH_charity_0616:row:627,18.16,train,
3659,3659,Cc1ccc(cc1)[S@@](=O)c2cc(C)ccn2,16.9,0.8,0.05,10.1021/acs.orglett.1c02918,ODH,628,ODH_charity_0616:row:628,13.52,train,
3662,3662,C[C@H](F)C(=O)c1nccn1c2ccccc2,19.2,1.0,0.02,10.1002/asia.201601306,ODH,629,ODH_charity_0616:row:629,19.2,train,
3663,3663,C[C@@H](F)C(=O)c1nccn1c2ccccc2,16.9,1.0,0.02,10.1002/asia.201601306,ODH,630,ODH_charity_0616:row:630,16.9,train,
3691,3691,CC(C)c1ccc(NC[C@@H]2CCc3ccccc3N2)cc1,15.5,1.0,0.1,10.1002/anie.201909919,ODH,631,ODH_charity_0616:row:631,15.5,test,
3692,3692,CC(C)c1ccc(NC[C@H]2CCc3ccccc3N2)cc1,17.1,1.0,0.1,10.1002/anie.201909919,ODH,632,ODH_charity_0616:row:632,17.1,train,
3697,3697,COC(=O)[C@H]1COc2cc(Br)ccc2O1,14.5,1.0,0.02,10.1021/acs.orglett.8b01469,ODH,633,ODH_charity_0616:row:633,14.5,valid,
3698,3698,COC(=O)[C@@H]1COc2cc(Br)ccc2O1,17.1,1.0,0.02,10.1021/acs.orglett.8b01469,ODH,634,ODH_charity_0616:row:634,17.1,train,
3699,3699,COC(=O)C[C@@H](C#N)c1ccc(C)cc1,14.7,1.0,0.05,10.1039/C7SC04639A,ODH,635,ODH_charity_0616:row:635,14.7,train,
3700,3700,COC(=O)C[C@H](C#N)c1ccc(C)cc1,17.1,1.0,0.05,10.1039/C7SC04639A,ODH,636,ODH_charity_0616:row:636,17.1,train,
3701,3701,CCOC(=O)C[C@H]1Nc2c(C)cccc2OC1=O,15.6,1.0,0.03,10.1039/c9ra02694k,ODH,637,ODH_charity_0616:row:637,15.6,train,
3702,3702,CCOC(=O)C[C@@H]1Nc2c(C)cccc2OC1=O,17.1,1.0,0.03,10.1039/c9ra02694k,ODH,638,ODH_charity_0616:row:638,17.1,train,
3703,3703,COc1ccc2CCC[C@@H](O)c2c1,19.5,1.0,0.02,10.1002/adsc.201800839,ODH,639,ODH_charity_0616:row:639,19.5,train,
3704,3704,COc1ccc2CCC[C@H](O)c2c1,17.1,1.0,0.02,10.1002/adsc.201800839,ODH,640,ODH_charity_0616:row:640,17.1,train,
3706,3706,C[C@@H]([C@H](CCO)c1ccccc1)[N+]([O-])=O,15.37,1.0,0.1,10.1002/adsc.201500582,ODH,641,ODH_charity_0616:row:641,15.37,train,
3717,3717,CCO[P](=O)(OCC)C(=[N+]=[N-])[C@@](OC(N)=O)(c1ccccc1)C(C)(C)C,14.0,0.5,0.04,10.1021/ol300664d,ODH,642,ODH_charity_0616:row:642,7.0,train,
3718,3718,CCO[P](=O)(OCC)C(=[N+]=[N-])[C@](OC(N)=O)(c1ccccc1)C(C)(C)C,17.2,0.5,0.04,10.1021/ol300664d,ODH,643,ODH_charity_0616:row:643,8.6,train,
3725,3725,OC[C@@H]1[C@H](C[C@H]1c2cccn2CC=C)c3ccc(cc3)C#N,12.6,1.0,0.2,10.1039/C3CC41785A,ODH,644,ODH_charity_0616:row:644,12.6,train,
3732,3732,C[C@H]1Cc2ccccc2N[C@H]1c3ccccc3,21.0,0.8,0.1,10.1021/ja2023042,ODH,645,ODH_charity_0616:row:645,16.8,test,
3733,3733,C[C@@H]1Cc2ccccc2N[C@H]1c3ccccc3,17.3,0.8,0.1,10.1021/ja2023042,ODH,646,ODH_charity_0616:row:646,13.84,train,
3742,3742,OC[C@@H]1[C@H](C[C@H]1c2cccn2CC=C)c3ccccc3,12.6,1.0,0.1,10.1039/C3CC41785A,ODH,647,ODH_charity_0616:row:647,12.6,train,
3745,3745,Cc1cc2CCCC[C@@H](O)c2cc1C,9.9,1.0,0.02,10.1002/adsc.201800839,ODH,648,ODH_charity_0616:row:648,9.9,train,
3746,3746,Cc1cc2CCCC[C@H](O)c2cc1C,17.3,1.0,0.02,10.1002/adsc.201800839,ODH,649,ODH_charity_0616:row:649,17.3,train,
3747,3747,CCOC(=O)C[C@@H](C#N)c1ccccc1,13.3,1.0,0.05,10.1039/C7SC04639A,ODH,650,ODH_charity_0616:row:650,13.3,train,
3748,3748,CCOC(=O)C[C@H](C#N)c1ccccc1,17.3,1.0,0.05,10.1039/C7SC04639A,ODH,651,ODH_charity_0616:row:651,17.3,train,
3760,3760,O[C@@H](C[N+]([O-])=O)c1ccccc1Br,15.7,1.2,0.1,10.1002/chem.201404605,ODH,652,ODH_charity_0616:row:652,18.84,valid,
3761,3761,O[C@H](C[N+]([O-])=O)c1ccccc1Br,17.4,1.2,0.1,10.1002/chem.201404605,ODH,653,ODH_charity_0616:row:653,20.88,train,
3764,3764,O[C@H]1C[C@@H](N(O1)C(=O)OCc2ccccc2)c3ccccc3,19.3,1.0,0.05,10.1002/adsc.201501025,ODH,654,ODH_charity_0616:row:654,19.3,train,
3769,3769,C[C@H]1Cc2ccccc2N[C@H]1c3ccc(C)cc3,25.3,0.5,0.1,10.1021/acscatal.1c01353,ODH,655,ODH_charity_0616:row:655,12.65,train,
3770,3770,C[C@@H]1Cc2ccccc2N[C@H]1c3ccc(C)cc3,17.4,0.5,0.1,10.1021/acscatal.1c01353,ODH,656,ODH_charity_0616:row:656,8.7,train,
3782,3782,C[C@H]1Nc2cc(Br)ccc2N(C)C1=O,7.4,1.0,0.2,10.1039/D1QO01598B,ODH,657,ODH_charity_0616:row:657,7.4,train,
3783,3783,C[C@@H]1Nc2cc(Br)ccc2N(C)C1=O,17.5,1.0,0.2,10.1039/D1QO01598B,ODH,658,ODH_charity_0616:row:658,17.5,train,
3784,3784,CC(=O)Nc1ccc(cc1)[C@H]2CCc3ccccc3N2,32.8,0.6,0.3,10.1021/ja2023042,ODH,659,ODH_charity_0616:row:659,19.68,train,
3785,3785,CC(=O)Nc1ccc(cc1)[C@@H]2CCc3ccccc3N2,17.5,0.6,0.3,10.1021/ja2023042,ODH,660,ODH_charity_0616:row:660,10.5,train,
3792,3792,N[C@@H](c1cccc(Cl)c1)c2ccccc2O,11.14,0.7,0.3,10.1002/anie.201915459,ODH,661,ODH_charity_0616:row:661,7.798,train,
3793,3793,N[C@H](c1cccc(Cl)c1)c2ccccc2O,17.51,0.7,0.3,10.1002/anie.201915459,ODH,662,ODH_charity_0616:row:662,12.257,train,
3810,3810,Cc1cccc(c1)[C@H](O)CCl,14.3,1.0,0.02,10.1002/adsc.201800267,ODH,663,ODH_charity_0616:row:663,14.3,train,
3811,3811,Cc1cccc(c1)[C@@H](O)CCl,17.6,1.0,0.02,10.1002/adsc.201800267,ODH,664,ODH_charity_0616:row:664,17.6,train,
3812,3812,COc1ccc(cc1)C(=O)C[C@@H](C)[S](=O)(=O)c2ccc(C)cc2,23.5,1.0,0.15,10.1021/acs.orglett.0c03517,ODH,665,ODH_charity_0616:row:665,23.5,train,
3813,3813,COc1ccc(cc1)C(=O)C[C@H](C)[S](=O)(=O)c2ccc(C)cc2,17.6,1.0,0.15,10.1021/acs.orglett.0c03517,ODH,666,ODH_charity_0616:row:666,17.6,train,
3816,3816,O[C@@H](C[N+]([O-])=O)c1ccc(F)c(F)c1,21.361,0.8,0.1,10.1039/C2CC31907A,ODH,667,ODH_charity_0616:row:667,17.0888,train,
3817,3817,O[C@H](C[N+]([O-])=O)c1ccc(F)c(F)c1,17.619,0.8,0.1,10.1039/C2CC31907A,ODH,668,ODH_charity_0616:row:668,14.0952,train,
3822,3822,COc1ccccc1[C@@H](O)C[N+]([O-])=O,21.585,0.8,0.1,10.1039/C2CC31907A,ODH,669,ODH_charity_0616:row:669,17.268,valid,
3823,3823,COc1ccccc1[C@H](O)C[N+]([O-])=O,17.698,0.8,0.1,10.1039/C2CC31907A,ODH,670,ODH_charity_0616:row:670,14.1584,train,
3836,3836,COc1ccc(Cn2cc([C@@H](NC(=O)c3ccccc3)c4ccccc4CCCC(F)(F)F)c5ccccc25)cc1,14.42,1.0,0.15,10.1016/j.jfluchem.2017.03.008,ODH,671,ODH_charity_0616:row:671,14.42,train,
3837,3837,COc1ccc(Cn2cc([C@H](NC(=O)c3ccccc3)c4ccccc4CCCC(F)(F)F)c5ccccc25)cc1,17.76,1.0,0.15,10.1016/j.jfluchem.2017.03.008,ODH,672,ODH_charity_0616:row:672,17.76,train,
3846,3846,CC(C)(NC(=O)C[C@@H]1CCOc2ccc(Cl)cc12)c3ccccn3,15.2,0.6,0.1,10.1021/acs.orglett.0c03775,ODH,673,ODH_charity_0616:row:673,9.12,train,
3847,3847,CC(C)(NC(=O)C[C@H]1CCOc2ccc(Cl)cc12)c3ccccn3,17.8,0.6,0.1,10.1021/acs.orglett.0c03775,ODH,674,ODH_charity_0616:row:674,10.68,train,
3854,3854,CCOC(=O)C[C@H]1Nc2ccccc2OC1=O,16.5,1.0,0.05,10.1039/c9ra02694k,ODH,675,ODH_charity_0616:row:675,16.5,train,
3855,3855,CCOC(=O)C[C@@H]1Nc2ccccc2OC1=O,17.8,1.0,0.05,10.1039/c9ra02694k,ODH,676,ODH_charity_0616:row:676,17.8,valid,
3864,3864,C(Cc1ccccc1)[C@H]2COc3ccccc3N2,14.4,1.0,0.2,10.1039/C4QO00188E,ODH,677,ODH_charity_0616:row:677,14.4,train,
3865,3865,C(Cc1ccccc1)[C@@H]2COc3ccccc3N2,17.9,1.0,0.2,10.1039/C4QO00188E,ODH,678,ODH_charity_0616:row:678,17.9,train,
3866,3866,C[C@H]1Nc2ccccc2NC1=O,19.1,1.0,0.1,10.1039/D1QO01598B,ODH,679,ODH_charity_0616:row:679,19.1,train,
3867,3867,C[C@@H]1Nc2ccccc2NC1=O,17.9,1.0,0.1,10.1039/D1QO01598B,ODH,680,ODH_charity_0616:row:680,17.9,train,
3870,3870,OC[C@H]1COc2ccccc2O1,16.3,1.0,0.05,10.1021/acs.orglett.8b01469,ODH,681,ODH_charity_0616:row:681,16.3,train,
3871,3871,OC[C@@H]1COc2ccccc2O1,17.9,1.0,0.05,10.1021/acs.orglett.8b01469,ODH,682,ODH_charity_0616:row:682,17.9,train,
3872,3872,CC[S](=O)(=O)[C@H](C)CC(=O)c1ccccc1,16.8,1.0,0.15,10.1021/acs.orglett.0c03517,ODH,683,ODH_charity_0616:row:683,16.8,train,
3873,3873,CC[S](=O)(=O)[C@@H](C)CC(=O)c1ccccc1,17.9,1.0,0.15,10.1021/acs.orglett.0c03517,ODH,684,ODH_charity_0616:row:684,17.9,train,
3884,3884,O[C@@H](C[N+]([O-])=O)c1ccc(Cl)cc1,14.1,1.0,0.1,10.1002/chem.201404605,ODH,685,ODH_charity_0616:row:685,14.1,train,
3885,3885,O[C@H](C[N+]([O-])=O)c1ccc(Cl)cc1,18.0,1.0,0.1,10.1002/chem.201404605,ODH,686,ODH_charity_0616:row:686,18.0,train,
3886,3886,CC(C)(N1[C@H](CC1=O)c2ccc(Oc3ccccc3)cc2)c4ccccn4,20.4,0.8,0.1,10.1002/cjoc.201900533,ODH,687,ODH_charity_0616:row:687,16.32,train,
3887,3887,CC(C)(N1[C@@H](CC1=O)c2ccc(Oc3ccccc3)cc2)c4ccccn4,18.0,0.8,0.1,10.1002/cjoc.201900533,ODH,688,ODH_charity_0616:row:688,14.4,train,
3908,3908,CCOC(=O)C[C@@H](Sc1ccc(OC)cc1)c2ccccc2,11.1,1.0,0.01,10.1021/acs.orglett.8b02339,ODH,689,ODH_charity_0616:row:689,11.1,train,
3909,3909,CCOC(=O)C[C@H](Sc1ccc(OC)cc1)c2ccccc2,18.1,1.0,0.01,10.1021/acs.orglett.8b02339,ODH,690,ODH_charity_0616:row:690,18.1,train,
3910,3910,COC(=O)[C@H](CC=O)Cc1ccccc1,20.3,1.0,0.02,10.1021/acs.orglett.9b04624,ODH,691,ODH_charity_0616:row:691,20.3,train,
3911,3911,COC(=O)[C@@H](CC=O)Cc1ccccc1,18.1,1.0,0.02,10.1021/acs.orglett.9b04624,ODH,692,ODH_charity_0616:row:692,18.1,valid,
3927,3927,CC(C)(C)[Si](C)(C)Oc1ccc(cc1)[C@H](O)CCl,16.9,0.5,0.01,10.1002/adsc.201800267,ODH,693,ODH_charity_0616:row:693,8.45,train,
3928,3928,CC(C)(C)[Si](C)(C)Oc1ccc(cc1)[C@@H](O)CCl,18.3,0.5,0.01,10.1002/adsc.201800267,ODH,694,ODH_charity_0616:row:694,9.15,train,
3958,3958,O[C@@H]1CCSc2ccccc12,24.3,1.0,0.02,10.1002/adsc.201800839,ODH,695,ODH_charity_0616:row:695,24.3,train,
3959,3959,O[C@H]1CCSc2ccccc12,18.4,1.0,0.02,10.1002/adsc.201800839,ODH,696,ODH_charity_0616:row:696,18.4,train,
4001,4001,FC(F)(F)C[C@]1(CCCN1C(=O)Nc2cccc(c2)C(F)(F)F)c3ccccc3,14.83,0.5,0.1,10.1021/jacs.6b04077,ODH,697,ODH_charity_0616:row:697,7.415,train,
4002,4002,FC(F)(F)C[C@@]1(CCCN1C(=O)Nc2cccc(c2)C(F)(F)F)c3ccccc3,18.63,0.5,0.1,10.1021/jacs.6b04077,ODH,698,ODH_charity_0616:row:698,9.315,train,
4009,4009,C1Cc2ccccc2N[C@H]1c3occc3,20.4,0.5,0.05,10.1021/ja2023042,ODH,699,ODH_charity_0616:row:699,10.2,train,
4010,4010,C1Cc2ccccc2N[C@@H]1c3occc3,18.7,0.5,0.05,10.1021/ja2023042,ODH,700,ODH_charity_0616:row:700,9.35,train,
4035,4035,C1CC[C@@H]2Nc3ccccc3C[C@@H]2C1,20.8,0.8,0.1,10.1021/ja2023042,ODH,701,ODH_charity_0616:row:701,16.64,train,
4036,4036,Cc1cccc2CC[C@@H](CNc3ccccc3)Nc12,21.9,1.0,0.1,10.1002/anie.201909919,ODH,702,ODH_charity_0616:row:702,21.9,train,
4037,4037,Cc1cccc2CC[C@H](CNc3ccccc3)Nc12,18.8,1.0,0.1,10.1002/anie.201909919,ODH,703,ODH_charity_0616:row:703,18.8,train,
4039,4039,CC(C)(NC(=O)C[C@H](CCc1ccccc1)c2ccc(Cl)cc2)c3ccccn3,21.4,0.5,0.1,10.1002/anie.201804197,ODH,704,ODH_charity_0616:row:704,10.7,train,
4040,4040,CC(C)(NC(=O)C[C@@H](CCc1ccccc1)c2ccc(Cl)cc2)c3ccccn3,18.8,0.5,0.1,10.1002/anie.201804197,ODH,705,ODH_charity_0616:row:705,9.4,train,
4067,4067,O=C1CCC[C@@]12[C@H](COc3ccccc23)Sc4ccccc4,14.14,1.0,0.03,10.1002/anie.201907115,ODH,706,ODH_charity_0616:row:706,14.14,train,
4082,4082,FC(F)(F)C[C@]1(CCCN1C(=O)Nc2cccc(c2)C(F)(F)F)c3ccccc3,15.04,0.5,0.1,10.1038/ncomms14841,ODH,707,ODH_charity_0616:row:707,7.52,train,
4083,4083,FC(F)(F)C[C@@]1(CCCN1C(=O)Nc2cccc(c2)C(F)(F)F)c3ccccc3,19.04,0.5,0.1,10.1038/ncomms14841,ODH,708,ODH_charity_0616:row:708,9.52,train,
4097,4097,OC[C@@H]1[C@H](C[C@H]1c2cc(Br)cn2CC=C)c3ccc(cc3)C#N,22.9,1.0,0.1,10.1039/C3CC41785A,ODH,709,ODH_charity_0616:row:709,22.9,train,
4098,4098,COc1ccc2[C@H](O)CCc2c1,21.8,1.0,0.02,10.1002/adsc.201800839,ODH,710,ODH_charity_0616:row:710,21.8,train,
4099,4099,COc1ccc2[C@@H](O)CCc2c1,19.1,1.0,0.02,10.1002/adsc.201800839,ODH,711,ODH_charity_0616:row:711,19.1,train,
4102,4102,Cc1cccc2c1[nH]cc2[C@@H](\C=C\c3ccccc3)c4ccccc4,21.002,1.0,0.05,10.1039/C6QO00227G,ODH,712,ODH_charity_0616:row:712,21.002,train,
4103,4103,Cc1cccc2c1[nH]cc2[C@H](\C=C\c3ccccc3)c4ccccc4,19.152,1.0,0.05,10.1039/C6QO00227G,ODH,713,ODH_charity_0616:row:713,19.152,train,
4108,4108,Cc1ccccc1[C@H]2CCc3ccccc3N2,22.2,0.5,0.1,10.1021/ja2023042,ODH,714,ODH_charity_0616:row:714,11.1,train,
4109,4109,Cc1ccccc1[C@@H]2CCc3ccccc3N2,19.2,0.5,0.1,10.1021/ja2023042,ODH,715,ODH_charity_0616:row:715,9.6,train,
4114,4114,CCOC(=O)C[C@@H](Sc1ccc(F)cc1)c2ccccc2,9.6,1.0,0.01,10.1021/acs.orglett.8b02339,ODH,716,ODH_charity_0616:row:716,9.6,test,
4115,4115,CCOC(=O)C[C@H](Sc1ccc(F)cc1)c2ccccc2,19.2,1.0,0.01,10.1021/acs.orglett.8b02339,ODH,717,ODH_charity_0616:row:717,19.2,train,
4116,4116,COc1ccc(O)c(c1)[C@@H](N)c2ccc(C)cc2,15.3,0.7,0.3,10.1002/anie.201915459,ODH,718,ODH_charity_0616:row:718,10.71,train,
4117,4117,COc1ccc(O)c(c1)[C@H](N)c2ccc(C)cc2,19.22,0.7,0.3,10.1002/anie.201915459,ODH,719,ODH_charity_0616:row:719,13.454,valid,
4120,4120,Cc1ccc(cc1)[C@H](N)c2ccccc2O,12.82,0.7,0.3,10.1002/anie.201915459,ODH,720,ODH_charity_0616:row:720,8.974,train,
4121,4121,Cc1ccc(cc1)[C@@H](N)c2ccccc2O,19.23,0.7,0.3,10.1002/anie.201915459,ODH,721,ODH_charity_0616:row:721,13.461,train,
4146,4146,CC(C)CC(=O)C[C@H]1CCCCN1C(=O)OCc2ccccc2,22.4,0.5,0.03,10.1002/adsc.201100282,ODH,722,ODH_charity_0616:row:722,11.2,valid,
4147,4147,CC(C)CC(=O)C[C@@H]1CCCCN1C(=O)OCc2ccccc2,19.4,0.5,0.03,10.1002/adsc.201100282,ODH,723,ODH_charity_0616:row:723,9.7,train,
4158,4158,CCOC(=O)C[C@@H](Sc1ccc(C)cc1)c2ccccc2,10.7,1.0,0.01,10.1021/acs.orglett.8b02339,ODH,724,ODH_charity_0616:row:724,10.7,train,
4159,4159,CCOC(=O)C[C@H](Sc1ccc(C)cc1)c2ccccc2,19.4,1.0,0.01,10.1021/acs.orglett.8b02339,ODH,725,ODH_charity_0616:row:725,19.4,train,
4160,4160,CCOC(=O)C[C@@H](Sc1ccccc1)c2ccccc2,10.9,1.0,0.01,10.1021/acs.orglett.8b02339,ODH,726,ODH_charity_0616:row:726,10.9,train,
4161,4161,CCOC(=O)C[C@H](Sc1ccccc1)c2ccccc2,19.4,1.0,0.01,10.1021/acs.orglett.8b02339,ODH,727,ODH_charity_0616:row:727,19.4,train,
4162,4162,CCC[C@H]1Cc2ccccc2N[C@H]1c3ccccc3,30.9,0.5,0.1,10.1021/acscatal.1c01353,ODH,728,ODH_charity_0616:row:728,15.45,train,
4163,4163,CCC[C@@H]1Cc2ccccc2N[C@H]1c3ccccc3,19.4,0.5,0.1,10.1021/acscatal.1c01353,ODH,729,ODH_charity_0616:row:729,9.7,train,
4170,4170,CC1(C)CN(C(=O)Nc2cc(cc(c2)C(F)(F)F)C(F)(F)F)[C@](Cc3cccc(c3)[N+]([O-])=O)(C1)c4ccccc4,16.7,0.7,0.05,10.6023/A18100413,ODH,730,ODH_charity_0616:row:730,11.69,train,
4171,4171,CC1(C)CN(C(=O)Nc2cc(cc(c2)C(F)(F)F)C(F)(F)F)[C@@](Cc3cccc(c3)[N+]([O-])=O)(C1)c4ccccc4,19.5,0.7,0.05,10.6023/A18100413,ODH,731,ODH_charity_0616:row:731,13.65,train,
4185,4185,Cc1ccc(cc1)[C@H](O)CBr,17.0,1.0,0.02,10.1002/adsc.201800267,ODH,732,ODH_charity_0616:row:732,17.0,train,
4186,4186,Cc1ccc(cc1)[C@@H](O)CBr,19.6,1.0,0.02,10.1002/adsc.201800267,ODH,733,ODH_charity_0616:row:733,19.6,train,
4187,4187,CCOC(=O)C[C@H]1Nc2cc(ccc2OC1=O)C(C)(C)C,17.1,1.0,0.02,10.1039/c9ra02694k,ODH,734,ODH_charity_0616:row:734,17.1,train,
4188,4188,CCOC(=O)C[C@@H]1Nc2cc(ccc2OC1=O)C(C)(C)C,19.6,1.0,0.02,10.1039/c9ra02694k,ODH,735,ODH_charity_0616:row:735,19.6,train,
4189,4189,COc1ccc2CC[C@@H](O)c2c1,22.1,1.0,0.02,10.1002/adsc.201800839,ODH,736,ODH_charity_0616:row:736,22.1,train,
4190,4190,COc1ccc2CC[C@H](O)c2c1,19.6,1.0,0.02,10.1002/adsc.201800839,ODH,737,ODH_charity_0616:row:737,19.6,train,
4207,4207,O[C@@H]1C[C@H](N(O1)C(=O)OCc2ccccc2)c3ccccc3,17.1,1.0,0.05,10.1002/adsc.201501025,ODH,738,ODH_charity_0616:row:738,17.1,train,
4208,4208,CC(=O)C[C@H]1CCC(C)(C)CN1C(=O)OCc2ccccc2,21.1,0.5,0.05,10.1002/adsc.201100282,ODH,739,ODH_charity_0616:row:739,10.55,train,
4209,4209,CC(=O)C[C@@H]1CCC(C)(C)CN1C(=O)OCc2ccccc2,19.7,0.5,0.05,10.1002/adsc.201100282,ODH,740,ODH_charity_0616:row:740,9.85,train,
4212,4212,CCCCC[C@H](C=C(C)C)[S](=O)(=O)c1ccc(C)cc1,23.8,0.5,0.02,10.1002/anie.201804891,ODH,741,ODH_charity_0616:row:741,11.9,train,
4213,4213,CCCCC[C@@H](C=C(C)C)[S](=O)(=O)c1ccc(C)cc1,19.7,0.5,0.02,10.1002/anie.201804891,ODH,742,ODH_charity_0616:row:742,9.85,valid,
4214,4214,COC(=O)[C@H]1COc2ccccc2O1,31.7,1.0,0.02,10.1021/acs.orglett.8b01469,ODH,743,ODH_charity_0616:row:743,31.7,train,
4215,4215,COC(=O)[C@@H]1COc2ccccc2O1,19.7,1.0,0.02,10.1021/acs.orglett.8b01469,ODH,744,ODH_charity_0616:row:744,19.7,train,
4222,4222,COc1cccc(c1)[C@@H]2COc3ccccc3N2,17.3,1.0,0.2,10.1039/C4QO00188E,ODH,745,ODH_charity_0616:row:745,17.3,train,
4223,4223,COc1cccc(c1)[C@H]2COc3ccccc3N2,19.8,1.0,0.2,10.1039/C4QO00188E,ODH,746,ODH_charity_0616:row:746,19.8,train,
4224,4224,Cc1ccc(cc1)[C@H]2Nc3ccccc3NC2=O,22.4,1.0,0.2,10.1039/D1QO01598B,ODH,747,ODH_charity_0616:row:747,22.4,train,
4225,4225,Cc1ccc(cc1)[C@@H]2Nc3ccccc3NC2=O,19.8,1.0,0.2,10.1039/D1QO01598B,ODH,748,ODH_charity_0616:row:748,19.8,train,
4228,4228,CCOC(=O)C[C@@H](Sc1ccccc1C)c2ccccc2,11.2,1.0,0.01,10.1021/acs.orglett.8b02339,ODH,749,ODH_charity_0616:row:749,11.2,train,
4229,4229,CCOC(=O)C[C@H](Sc1ccccc1C)c2ccccc2,19.8,1.0,0.01,10.1021/acs.orglett.8b02339,ODH,750,ODH_charity_0616:row:750,19.8,train,
4230,4230,CCN(CC)C(=O)[C@H](CC=O)Cc1ccccc1,12.4,1.0,0.05,10.1021/acs.orglett.9b04624,ODH,751,ODH_charity_0616:row:751,12.4,train,
4231,4231,CCN(CC)C(=O)[C@@H](CC=O)Cc1ccccc1,19.8,1.0,0.05,10.1021/acs.orglett.9b04624,ODH,752,ODH_charity_0616:row:752,19.8,train,
4232,4232,C[C@H](CC(=O)c1cccc(C)c1)[S](=O)(=O)c2ccc(C)cc2,20.7,0.5,0.15,10.1021/acs.orglett.0c03517,ODH,753,ODH_charity_0616:row:753,10.35,train,
4233,4233,C[C@@H](CC(=O)c1cccc(C)c1)[S](=O)(=O)c2ccc(C)cc2,19.8,0.5,0.15,10.1021/acs.orglett.0c03517,ODH,754,ODH_charity_0616:row:754,9.9,train,
4248,4248,COc1ccc2[C@@H](CCN(c2c1)[S](=O)(=O)c3ccc(C)cc3)CC(=O)NC(C)(C)c4ccccn4,23.9,0.8,0.15,10.1039/D1QO00302J,ODH,755,ODH_charity_0616:row:755,19.12,train,
4249,4249,COc1ccc2[C@H](CCN(c2c1)[S](=O)(=O)c3ccc(C)cc3)CC(=O)NC(C)(C)c4ccccn4,19.9,0.8,0.15,10.1039/D1QO00302J,ODH,756,ODH_charity_0616:row:756,15.92,train,
4252,4252,CCOC(=O)C[C@H]1Nc2ccc(C)cc2OC1=O,16.2,1.0,0.05,10.1039/c9ra02694k,ODH,757,ODH_charity_0616:row:757,16.2,train,
4253,4253,CCOC(=O)C[C@@H]1Nc2ccc(C)cc2OC1=O,19.9,1.0,0.05,10.1039/c9ra02694k,ODH,758,ODH_charity_0616:row:758,19.9,train,
4254,4254,COC(=O)[C@H]1COc2cc(Cl)c(Cl)cc2O1,17.0,1.0,0.01,10.1021/acs.orglett.8b01469,ODH,759,ODH_charity_0616:row:759,17.0,train,
4255,4255,COC(=O)[C@@H]1COc2cc(Cl)c(Cl)cc2O1,19.9,1.0,0.01,10.1021/acs.orglett.8b01469,ODH,760,ODH_charity_0616:row:760,19.9,train,
4256,4256,O[C@H](CCl)c1ccccc1,17.6,1.0,0.02,10.1002/adsc.201800267,ODH,761,ODH_charity_0616:row:761,17.6,train,
4257,4257,O[C@@H](CCl)c1ccccc1,19.9,1.0,0.02,10.1002/adsc.201800267,ODH,762,ODH_charity_0616:row:762,19.9,train,
4258,4258,CC1(C)CN(C(=O)Nc2cc(cc(c2)C(F)(F)F)C(F)(F)F)[C@](C1)(CC(F)(F)CO)c3ccccc3,15.28,0.4,0.03,10.1038/ncomms14841,ODH,763,ODH_charity_0616:row:763,6.112,valid,
4259,4259,CC1(C)CN(C(=O)Nc2cc(cc(c2)C(F)(F)F)C(F)(F)F)[C@@](C1)(CC(F)(F)CO)c3ccccc3,19.92,0.4,0.03,10.1038/ncomms14841,ODH,764,ODH_charity_0616:row:764,7.968,train,
4268,4268,OCC[C@H]1CCCCn2ccc(c3ccc(Cl)cc3)c12,23.51,1.0,0.02,10.1016/j.tetlet.2018.09.061,ODH,765,ODH_charity_0616:row:765,23.51,train,
4269,4269,OCC[C@@H]1CCCCn2ccc(c3ccc(Cl)cc3)c12,19.98,1.0,0.02,10.1016/j.tetlet.2018.09.061,ODH,766,ODH_charity_0616:row:766,19.98,train,
4318,4318,OC[C@H]1[C@@H](C[C@@H]1c2ccccc2Br)c3cccn3CC=C,12.3,1.0,0.1,10.1039/C3CC41785A,ODH,767,ODH_charity_0616:row:767,12.3,train,
4321,4321,C[C@@H]1Cc2ccccc2[C@@H]1O,17.6,1.0,0.01,10.1002/adsc.201800839,ODH,768,ODH_charity_0616:row:768,17.6,train,
4340,4340,Clc1ccc(cc1)[C@@H]2COc3ccccc3N2,11.6,1.0,0.2,10.1039/C4QO00188E,ODH,769,ODH_charity_0616:row:769,11.6,train,
4341,4341,Clc1ccc(cc1)[C@H]2COc3ccccc3N2,20.4,1.0,0.2,10.1039/C4QO00188E,ODH,770,ODH_charity_0616:row:770,20.4,valid,
4360,4360,C[C@@H](CC(=O)NC(C)(C)c1ccc(F)cn1)c2ccc(cc2)C(C)=O,18.7,0.6,0.1,10.1002/anie.201804197,ODH,771,ODH_charity_0616:row:771,11.22,train,
4361,4361,C[C@H](CC(=O)NC(C)(C)c1ccc(F)cn1)c2ccc(cc2)C(C)=O,20.5,0.6,0.1,10.1002/anie.201804197,ODH,772,ODH_charity_0616:row:772,12.3,train,
4362,4362,CCOC(=O)[C@@H]1N[S](=O)(=O)Oc2ccc(OC)cc12,13.0,1.0,0.15,10.1039/D0CC01220C,ODH,773,ODH_charity_0616:row:773,13.0,train,
4363,4363,CCOC(=O)[C@H]1N[S](=O)(=O)Oc2ccc(OC)cc12,20.5,1.0,0.15,10.1039/D0CC01220C,ODH,774,ODH_charity_0616:row:774,20.5,train,
4400,4400,OC(=O)[C@H]1COc2ccccc2O1,32.5,1.0,0.02,10.1021/acs.orglett.8b01469,ODH,775,ODH_charity_0616:row:775,32.5,test,
4401,4401,OC(=O)[C@@H]1COc2ccccc2O1,20.7,1.0,0.02,10.1021/acs.orglett.8b01469,ODH,776,ODH_charity_0616:row:776,20.7,train,
4412,4412,C1Cc2ccccc2N[C@@H]1c3ccccc3,15.4,0.6,0.1,10.1039/C4CY00418C,ODH,777,ODH_charity_0616:row:777,9.24,train,
4413,4413,C1Cc2ccccc2N[C@H]1c3ccccc3,20.8,0.6,0.1,10.1039/C4CY00418C,ODH,778,ODH_charity_0616:row:778,12.48,train,
4418,4418,CCC(=O)C[C@H]1CCCCN1C(=O)OCc2ccccc2,22.8,0.5,0.05,10.1002/adsc.201100282,ODH,779,ODH_charity_0616:row:779,11.4,train,
4419,4419,CCC(=O)C[C@@H]1CCCCN1C(=O)OCc2ccccc2,20.8,0.5,0.05,10.1002/adsc.201100282,ODH,780,ODH_charity_0616:row:780,10.4,test,
4443,4443,COc1ccc(cc1)C(=O)N[C@@H](c2ccccc2CCCC(F)(F)F)c3cn(Cc4ccccc4)c5ccccc35,10.64,1.0,0.1,10.1016/j.jfluchem.2017.03.008,ODH,781,ODH_charity_0616:row:781,10.64,train,
4444,4444,COc1ccc(cc1)C(=O)N[C@H](c2ccccc2CCCC(F)(F)F)c3cn(Cc4ccccc4)c5ccccc35,20.92,1.0,0.1,10.1016/j.jfluchem.2017.03.008,ODH,782,ODH_charity_0616:row:782,20.92,train,
4462,4462,CC(C)(NC(=O)C[C@H](CCc1ccccc1)c2ccc(F)cc2)c3ccccn3,23.3,0.5,0.08,10.1002/anie.201804197,ODH,783,ODH_charity_0616:row:783,11.65,train,
4463,4463,CC(C)(NC(=O)C[C@@H](CCc1ccccc1)c2ccc(F)cc2)c3ccccn3,21.0,0.5,0.08,10.1002/anie.201804197,ODH,784,ODH_charity_0616:row:784,10.5,train,
4528,4528,C[C@@H]1Nc2ccccc2[C@@H]1Cc3ccccc3,14.6,0.8,0.03,10.1021/acs.orglett.8b00312,ODH,785,ODH_charity_0616:row:785,11.68,train,
4537,4537,N[C@@H](c1ccccc1)c2ccccc2O,12.69,0.7,0.3,10.1002/anie.201915459,ODH,786,ODH_charity_0616:row:786,8.883,train,
4538,4538,N[C@H](c1ccccc1)c2ccccc2O,21.39,0.7,0.3,10.1002/anie.201915459,ODH,787,ODH_charity_0616:row:787,14.973,train,
4539,4539,CCCC[C@@H]1Nc2ccccc2C[C@@H]1C,23.7,0.3,0.01,10.1021/ja2023042,ODH,788,ODH_charity_0616:row:788,7.11,train,
4544,4544,O[C@@H](C[N+]([O-])=O)c1ccc(Cl)cc1,27.463,0.8,0.1,10.1039/C2CC31907A,ODH,789,ODH_charity_0616:row:789,21.9704,train,
4545,4545,O[C@H](C[N+]([O-])=O)c1ccc(Cl)cc1,21.448,0.8,0.1,10.1039/C2CC31907A,ODH,790,ODH_charity_0616:row:790,17.1584,train,
4576,4576,O[C@@H](C[N+]([O-])=O)c1ccccc1,27.35,0.8,0.1,10.1039/C2CC31907A,ODH,791,ODH_charity_0616:row:791,21.88,train,
4577,4577,O[C@H](C[N+]([O-])=O)c1ccccc1,21.602,0.8,0.1,10.1039/C2CC31907A,ODH,792,ODH_charity_0616:row:792,17.2816,train,
4590,4590,O[C@H]1C[C@@H](N(O1)C(=O)OCc2ccccc2)c3ccc(Cl)cc3,18.8,1.0,0.05,10.1002/adsc.201501025,ODH,793,ODH_charity_0616:row:793,18.8,train,
4595,4595,OCC[C@@H](C[N+]([O-])=O)c1cccc(F)c1,19.39,1.0,0.1,10.1002/adsc.201500582,ODH,794,ODH_charity_0616:row:794,19.39,train,
4596,4596,OCC[C@H](C[N+]([O-])=O)c1cccc(F)c1,21.73,1.0,0.1,10.1002/adsc.201500582,ODH,795,ODH_charity_0616:row:795,21.73,test,
4603,4603,C[C@@H]1Nc2ccccc2[C@@H]1Cc3occc3,17.1,0.8,0.03,10.1021/acs.orglett.8b00312,ODH,796,ODH_charity_0616:row:796,13.68,train,
4604,4604,O=CC[C@H](Cc1ccccc1)C(=O)Oc2ccccc2,19.7,1.0,0.02,10.1021/acs.orglett.9b04624,ODH,797,ODH_charity_0616:row:797,19.7,train,
4605,4605,O=CC[C@@H](Cc1ccccc1)C(=O)Oc2ccccc2,21.8,1.0,0.02,10.1021/acs.orglett.9b04624,ODH,798,ODH_charity_0616:row:798,21.8,train,
4606,4606,COc1cccc(c1)[C@@H]2CCCNC(=O)C2,28.7,1.0,0.1,10.1039/C8OB02231C,ODH,799,ODH_charity_0616:row:799,28.7,train,
4607,4607,COc1cccc(c1)[C@H]2CCCNC(=O)C2,21.8,1.0,0.1,10.1039/C8OB02231C,ODH,800,ODH_charity_0616:row:800,21.8,train,
4623,4623,CCOC(=O)C[C@@H](Sc1ccccc1)c2ccccc2OC,17.2,1.0,0.01,10.1021/acs.orglett.8b02339,ODH,801,ODH_charity_0616:row:801,17.2,train,
4624,4624,CCOC(=O)C[C@H](Sc1ccccc1)c2ccccc2OC,21.9,1.0,0.01,10.1021/acs.orglett.8b02339,ODH,802,ODH_charity_0616:row:802,21.9,train,
4629,4629,Cc1ccc2N[C@@H](CCc2c1)CNc3ccccc3,18.8,1.0,0.1,10.1002/anie.201909919,ODH,803,ODH_charity_0616:row:803,18.8,train,
4630,4630,Cc1ccc2N[C@H](CCc2c1)CNc3ccccc3,22.0,1.0,0.1,10.1002/anie.201909919,ODH,804,ODH_charity_0616:row:804,22.0,train,
4631,4631,Cc1ccc2CC[C@@H](CNc3ccccc3)Nc2c1,19.4,1.0,0.1,10.1002/anie.201909919,ODH,805,ODH_charity_0616:row:805,19.4,valid,
4632,4632,Cc1ccc2CC[C@H](CNc3ccccc3)Nc2c1,22.0,1.0,0.1,10.1002/anie.201909919,ODH,806,ODH_charity_0616:row:806,22.0,train,
4651,4651,CSc1ccc(cc1)[C@H]2CC(=O)N2C(C)(C)c3ccccn3,20.1,0.8,0.08,10.1002/cjoc.201900533,ODH,807,ODH_charity_0616:row:807,16.08,train,
4652,4652,CSc1ccc(cc1)[C@@H]2CC(=O)N2C(C)(C)c3ccccn3,22.1,0.8,0.08,10.1002/cjoc.201900533,ODH,808,ODH_charity_0616:row:808,17.68,train,
4659,4659,COc1ccc(cc1)[C@@H](C)CC=O,23.2,1.0,0.02,10.1021/jacs.8b00275,ODH,809,ODH_charity_0616:row:809,23.2,train,
4660,4660,COc1ccc(cc1)[C@H](C)CC=O,22.1,1.0,0.02,10.1021/jacs.8b00275,ODH,810,ODH_charity_0616:row:810,22.1,train,
4661,4661,C[C@H]1Cc2ccccc2N[C@H]1c3ccccc3,28.3,0.5,0.1,10.1021/acscatal.1c01353,ODH,811,ODH_charity_0616:row:811,14.15,train,
4662,4662,C[C@@H]1Cc2ccccc2N[C@H]1c3ccccc3,22.1,0.5,0.1,10.1021/acscatal.1c01353,ODH,812,ODH_charity_0616:row:812,11.05,train,
4669,4669,CC(C)(NC(=O)C[C@H](CCc1ccccc1)c2ccc(F)c(F)c2)c3ccccn3,24.6,0.5,0.08,10.1002/anie.201804197,ODH,813,ODH_charity_0616:row:813,12.3,train,
4670,4670,CC(C)(NC(=O)C[C@@H](CCc1ccccc1)c2ccc(F)c(F)c2)c3ccccn3,22.2,0.5,0.08,10.1002/anie.201804197,ODH,814,ODH_charity_0616:row:814,11.1,train,
4675,4675,O[C@H](CCCCl)c1ccccc1,24.9,1.0,0.02,10.1002/adsc.201800267,ODH,815,ODH_charity_0616:row:815,24.9,train,
4676,4676,O[C@@H](CCCCl)c1ccccc1,22.2,1.0,0.02,10.1002/adsc.201800267,ODH,816,ODH_charity_0616:row:816,22.2,train,
4683,4683,Cc1ccc(cc1)[C@@H]2CN(C(=O)C2)C(=O)OC(C)(C)C,19.1,0.7,0.1,10.1021/acscatal.8b00827,ODH,817,ODH_charity_0616:row:817,13.37,valid,
4684,4684,Cc1ccc(cc1)[C@H]2CN(C(=O)C2)C(=O)OC(C)(C)C,22.3,0.7,0.1,10.1021/acscatal.8b00827,ODH,818,ODH_charity_0616:row:818,15.61,train,
4700,4700,O=C1Oc2c(N[C@H]1c3ccccc3)ccc4ccccc24,26.7,1.0,0.2,10.1039/C8SC05797D,ODH,819,ODH_charity_0616:row:819,26.7,train,
4701,4701,O=C1Oc2c(N[C@@H]1c3ccccc3)ccc4ccccc24,22.4,1.0,0.2,10.1039/C8SC05797D,ODH,820,ODH_charity_0616:row:820,22.4,train,
4714,4714,Brc1ccc(cc1)[C@@H]2COc3ccccc3N2,12.6,1.0,0.2,10.1039/C4QO00188E,ODH,821,ODH_charity_0616:row:821,12.6,train,
4715,4715,Brc1ccc(cc1)[C@H]2COc3ccccc3N2,22.5,1.0,0.2,10.1039/C4QO00188E,ODH,822,ODH_charity_0616:row:822,22.5,train,
4716,4716,COc1ccccc1[C@@H](CCO)C[N+]([O-])=O,19.03,1.0,0.1,10.1002/adsc.201500582,ODH,823,ODH_charity_0616:row:823,19.03,train,
4717,4717,COc1ccccc1[C@H](CCO)C[N+]([O-])=O,22.5,1.0,0.1,10.1002/adsc.201500582,ODH,824,ODH_charity_0616:row:824,22.5,train,
4749,4749,CC(C)(C)OC(=O)N1CCN(CC1)C(=O)[C@H]2COc3ccccc3O2,36.2,1.0,0.1,10.1021/acs.orglett.8b01469,ODH,825,ODH_charity_0616:row:825,36.2,train,
4750,4750,CC(C)(C)OC(=O)N1CCN(CC1)C(=O)[C@@H]2COc3ccccc3O2,22.7,1.0,0.1,10.1021/acs.orglett.8b01469,ODH,826,ODH_charity_0616:row:826,22.7,train,
4751,4751,CCCC[C@@H]1Nc2ccccc2C[C@H]1C,28.5,0.3,0.01,10.1021/ja2023042,ODH,827,ODH_charity_0616:row:827,8.55,train,
4756,4756,Cc1ccc(cc1)[S](=O)(=O)N[C@@H]2CCc3ccccc23,16.4,1.0,0.1,10.1016/j.isci.2019.07.004,ODH,828,ODH_charity_0616:row:828,16.4,test,
4757,4757,Cc1ccc(cc1)[S](=O)(=O)N[C@H]2CCc3ccccc23,22.8,1.0,0.1,10.1016/j.isci.2019.07.004,ODH,829,ODH_charity_0616:row:829,22.8,train,
4758,4758,O=CC[C@H](Cc1ccccc1)C(=O)OCc2ccccc2,24.9,1.0,0.02,10.1021/acs.orglett.9b04624,ODH,830,ODH_charity_0616:row:830,24.9,train,
4759,4759,O=CC[C@@H](Cc1ccccc1)C(=O)OCc2ccccc2,22.8,1.0,0.02,10.1021/acs.orglett.9b04624,ODH,831,ODH_charity_0616:row:831,22.8,train,
4771,4771,F[C@@H](c1ccccc1)C(=O)c2nccn2c3ccccc3,36.8,1.0,0.02,10.1002/asia.201601306,ODH,832,ODH_charity_0616:row:832,36.8,train,
4772,4772,F[C@H](c1ccccc1)C(=O)c2nccn2c3ccccc3,22.9,1.0,0.02,10.1002/asia.201601306,ODH,833,ODH_charity_0616:row:833,22.9,train,
4775,4775,CCOC(=O)C[C@H](Sc1ccc(C)cc1)c2ccc3ccccc3c2,13.9,1.0,0.01,10.1021/acs.orglett.8b02339,ODH,834,ODH_charity_0616:row:834,13.9,train,
4776,4776,CCOC(=O)C[C@@H](Sc1ccc(C)cc1)c2ccc3ccccc3c2,22.9,1.0,0.01,10.1021/acs.orglett.8b02339,ODH,835,ODH_charity_0616:row:835,22.9,train,
4803,4803,COc1ccc2cc(ccc2c1)[C@H](C)C#N,24.0,1.0,0.01,10.1002/anie.201906111,ODH,836,ODH_charity_0616:row:836,24.0,train,
4804,4804,COc1ccc2cc(ccc2c1)[C@@H](C)C#N,23.1,1.0,0.01,10.1002/anie.201906111,ODH,837,ODH_charity_0616:row:837,23.1,train,
4815,4815,OCC[C@H]1CCCCn2ccc(c3ccccc3F)c12,20.37,1.0,0.02,10.1016/j.tetlet.2018.09.061,ODH,838,ODH_charity_0616:row:838,20.37,train,
4816,4816,OCC[C@@H]1CCCCn2ccc(c3ccccc3F)c12,23.19,1.0,0.02,10.1016/j.tetlet.2018.09.061,ODH,839,ODH_charity_0616:row:839,23.19,train,
4819,4819,CC[C@H]1Cc2ccccc2N[C@H]1c3ccccc3,35.9,0.5,0.1,10.1021/acscatal.1c01353,ODH,840,ODH_charity_0616:row:840,17.95,train,
4820,4820,CC[C@@H]1Cc2ccccc2N[C@H]1c3ccccc3,23.2,0.5,0.1,10.1021/acscatal.1c01353,ODH,841,ODH_charity_0616:row:841,11.6,test,
4833,4833,O[C@@H]1CCCc2occc12,28.9,1.0,0.01,10.1002/adsc.201800839,ODH,842,ODH_charity_0616:row:842,28.9,train,
4834,4834,O[C@H]1CCCc2occc12,23.3,1.0,0.01,10.1002/adsc.201800839,ODH,843,ODH_charity_0616:row:843,23.3,train,
4837,4837,C1Cc2ccccc2N[C@H]1c3ccc4ccccc4c3,42.8,0.6,0.1,10.1021/ja2023042,ODH,844,ODH_charity_0616:row:844,25.68,train,
4838,4838,C1Cc2ccccc2N[C@@H]1c3ccc4ccccc4c3,23.4,0.6,0.1,10.1021/ja2023042,ODH,845,ODH_charity_0616:row:845,14.04,train,
4840,4840,CC1(C)CN(C(=O)Nc2cc(cc(c2)C(F)(F)F)C(F)(F)F)[C@@](CN=[N+]=[N-])(C1)c3ccc(Cl)cc3,24.89,0.4,0.01,10.1016/j.chempr.2017.10.008,ODH,846,ODH_charity_0616:row:846,9.956,train,
4841,4841,CC1(C)CN(C(=O)Nc2cc(cc(c2)C(F)(F)F)C(F)(F)F)[C@](CN=[N+]=[N-])(C1)c3ccc(Cl)cc3,23.42,0.4,0.01,10.1016/j.chempr.2017.10.008,ODH,847,ODH_charity_0616:row:847,9.368,train,
4850,4850,CC(O)(C[C@@H]1CCc2ccccc2N1)c3ccccc3,16.9,0.6,0.05,10.1021/ja2023042,ODH,848,ODH_charity_0616:row:848,10.14,train,
4851,4851,CC(O)(C[C@H]1CCc2ccccc2N1)c3ccccc3,23.5,0.6,0.05,10.1021/ja2023042,ODH,849,ODH_charity_0616:row:849,14.1,train,
4852,4852,CC(C)=CCC[C@H]1CCc2ccccc2N1,18.0,0.5,0.02,10.1039/c002668a,ODH,850,ODH_charity_0616:row:850,9.0,train,
4853,4853,CC(C)=CCC[C@@H]1CCc2ccccc2N1,23.5,0.5,0.02,10.1039/c002668a,ODH,851,ODH_charity_0616:row:851,11.75,train,
4854,4854,Cc1ccc(NC[C@@H]2CCc3ccccc3N2)cc1,21.3,1.0,0.1,10.1002/anie.201909919,ODH,852,ODH_charity_0616:row:852,21.3,train,
4855,4855,Cc1ccc(NC[C@H]2CCc3ccccc3N2)cc1,23.5,1.0,0.1,10.1002/anie.201909919,ODH,853,ODH_charity_0616:row:853,23.5,train,
4882,4882,CCOC(=O)[C@@H]1N[S](=O)(=O)Oc2cc(OC)ccc12,13.7,1.0,0.15,10.1039/D0CC01220C,ODH,854,ODH_charity_0616:row:854,13.7,train,
4883,4883,CCOC(=O)[C@H]1N[S](=O)(=O)Oc2cc(OC)ccc12,23.6,1.0,0.15,10.1039/D0CC01220C,ODH,855,ODH_charity_0616:row:855,23.6,train,
4888,4888,O=C1C[C@H](COCc2ccccc2)C[C@@]13[C@H](Cc4ccccc34)Sc5ccccc5,12.05,1.0,0.1,10.1002/anie.201907115,ODH,856,ODH_charity_0616:row:856,12.05,train,
4895,4895,Clc1ccc(/C=C/[C@@H](c2ccc(Cl)cc2)c3c[nH]c4ccccc34)cc1,16.589,1.0,0.1,10.1039/C6QO00227G,ODH,857,ODH_charity_0616:row:857,16.589,train,
4896,4896,Clc1ccc(/C=C/[C@H](c2ccc(Cl)cc2)c3c[nH]c4ccccc34)cc1,23.7,1.0,0.1,10.1039/C6QO00227G,ODH,858,ODH_charity_0616:row:858,23.7,train,
4903,4903,Clc1ccc(cc1Cl)[C@@H]2COc3ccccc3N2,14.0,1.0,0.2,10.1039/C4QO00188E,ODH,859,ODH_charity_0616:row:859,14.0,train,
4904,4904,Clc1ccc(cc1Cl)[C@H]2COc3ccccc3N2,23.8,1.0,0.2,10.1039/C4QO00188E,ODH,860,ODH_charity_0616:row:860,23.8,train,
4907,4907,O[C@H](CBr)c1ccccc1,21.0,1.0,0.02,10.1002/adsc.201800267,ODH,861,ODH_charity_0616:row:861,21.0,train,
4908,4908,O[C@@H](CBr)c1ccccc1,23.8,1.0,0.02,10.1002/adsc.201800267,ODH,862,ODH_charity_0616:row:862,23.8,train,
4930,4930,COc1ccc(cc1)[C@H](O)CBr,17.2,1.0,0.05,10.1002/adsc.201800267,ODH,863,ODH_charity_0616:row:863,17.2,train,
4931,4931,COc1ccc(cc1)[C@@H](O)CBr,23.9,1.0,0.05,10.1002/adsc.201800267,ODH,864,ODH_charity_0616:row:864,23.9,train,
4934,4934,O[C@@H](C[N+]([O-])=O)c1sccc1,26.444,0.8,0.1,10.1039/C2CC31907A,ODH,865,ODH_charity_0616:row:865,21.1552,train,
4935,4935,O[C@H](C[N+]([O-])=O)c1sccc1,23.948,0.8,0.1,10.1039/C2CC31907A,ODH,866,ODH_charity_0616:row:866,19.1584,train,
4936,4936,Brc1ccc(cc1)[C@H]2CCc3ccccc3N2,45.2,0.5,0.1,10.1021/ja2023042,ODH,867,ODH_charity_0616:row:867,22.6,valid,
4937,4937,Brc1ccc(cc1)[C@@H]2CCc3ccccc3N2,24.0,0.5,0.1,10.1021/ja2023042,ODH,868,ODH_charity_0616:row:868,12.0,train,
4938,4938,Cc1ccc(cc1)C(=O)C[C@H]2CCCCN2C(=O)OCc3ccccc3,26.6,0.5,0.05,10.1002/adsc.201100282,ODH,869,ODH_charity_0616:row:869,13.3,valid,
4939,4939,Cc1ccc(cc1)C(=O)C[C@@H]2CCCCN2C(=O)OCc3ccccc3,24.0,0.5,0.05,10.1002/adsc.201100282,ODH,870,ODH_charity_0616:row:870,12.0,train,
4954,4954,CC(C)(C)OC(=O)N1O[C@@H](O)C[C@@H]1c2ccc(Cl)cc2,21.3,0.5,0.02,10.1002/adsc.201501025,ODH,871,ODH_charity_0616:row:871,10.65,train,
4957,4957,OC[C@@H]1[C@H](C[C@H]1c2cc3CC=CCc3n2CC=C)c4ccccc4,14.7,1.0,0.1,10.1039/C3CC41785A,ODH,872,ODH_charity_0616:row:872,14.7,train,
4961,4961,CCOC(=O)C[C@@H](Sc1ccccc1)c2cccc(OC)c2,15.4,1.0,0.01,10.1021/acs.orglett.8b02339,ODH,873,ODH_charity_0616:row:873,15.4,train,
4962,4962,CCOC(=O)C[C@H](Sc1ccccc1)c2cccc(OC)c2,24.2,1.0,0.01,10.1021/acs.orglett.8b02339,ODH,874,ODH_charity_0616:row:874,24.2,train,
4977,4977,COC(=O)C[C@@H](C#N)c1sccc1,18.4,1.0,0.05,10.1039/C7SC04639A,ODH,875,ODH_charity_0616:row:875,18.4,valid,
4978,4978,COC(=O)C[C@H](C#N)c1sccc1,24.4,1.0,0.05,10.1039/C7SC04639A,ODH,876,ODH_charity_0616:row:876,24.4,train,
5007,5007,OC[C@@H]1[C@H](C[C@H]1c2cc(Br)cn2CC=C)c3ccc(cc3)C(F)(F)F,28.4,1.0,0.05,10.1039/C3CC41785A,ODH,877,ODH_charity_0616:row:877,28.4,train,
5010,5010,COC(=O)C[C@@H](C#N)c1ccccc1,16.7,0.8,0.08,10.1039/C7SC04639A,ODH,878,ODH_charity_0616:row:878,13.36,train,
5011,5011,COC(=O)C[C@H](C#N)c1ccccc1,24.6,0.8,0.08,10.1039/C7SC04639A,ODH,879,ODH_charity_0616:row:879,19.68,train,
5018,5018,COc1cccc(c1)[C@@H](CCO)C[N+]([O-])=O,18.28,1.0,0.15,10.1002/adsc.201500582,ODH,880,ODH_charity_0616:row:880,18.28,train,
5019,5019,COc1cccc(c1)[C@H](CCO)C[N+]([O-])=O,24.68,1.0,0.15,10.1002/adsc.201500582,ODH,881,ODH_charity_0616:row:881,24.68,train,
5020,5020,CC(C)(C)c1ccc(C[C@H]2CCCOC2=O)cc1,16.8,1.0,0.03,10.1039/C9OB02536G,ODH,882,ODH_charity_0616:row:882,16.8,train,
5021,5021,CC(C)(C)c1ccc(C[C@@H]2CCCOC2=O)cc1,24.7,1.0,0.03,10.1039/C9OB02536G,ODH,883,ODH_charity_0616:row:883,24.7,train,
5035,5035,O=C1CCCC2=C1CC[C@@H](Cc3ccccc3)N2,22.2,1.0,0.1,10.1039/c002668a,ODH,884,ODH_charity_0616:row:884,22.2,train,
5036,5036,O=C1CCCC2=C1CC[C@H](Cc3ccccc3)N2,24.9,1.0,0.1,10.1039/c002668a,ODH,885,ODH_charity_0616:row:885,24.9,train,
5037,5037,O=C1CCCC2=C1CC[C@H](Cc3ccccc3)N2,22.2,1.0,0.1,10.1002/adsc.200900870,ODH,886,ODH_charity_0616:row:886,22.2,train,
5038,5038,O=C1CCCC2=C1CC[C@@H](Cc3ccccc3)N2,24.9,1.0,0.1,10.1002/adsc.200900870,ODH,887,ODH_charity_0616:row:887,24.9,train,
5039,5039,Fc1ccc(cc1F)[C@H]2CCCC(=O)N2,19.9,0.8,0.1,10.1021/acs.orglett.0c00669,ODH,888,ODH_charity_0616:row:888,15.92,train,
5040,5040,Fc1ccc(cc1F)[C@@H]2CCCC(=O)N2,24.9,0.8,0.1,10.1021/acs.orglett.0c00669,ODH,889,ODH_charity_0616:row:889,19.92,valid,
5041,5041,Cc1cc(C)cc(c1)[C@@H]2CCCNC(=O)C2,31.0,0.5,0.1,10.1039/C8OB02231C,ODH,890,ODH_charity_0616:row:890,15.5,train,
5042,5042,Cc1cc(C)cc(c1)[C@H]2CCCNC(=O)C2,24.9,0.5,0.1,10.1039/C8OB02231C,ODH,891,ODH_charity_0616:row:891,12.45,train,
5046,5046,C[C@@H](CC=O)CC(CC=C(C)C)([S](=O)(=O)c1ccccc1)[S](=O)(=O)c2ccccc2,22.4,1.0,0.1,10.1021/acs.orglett.0c01550,ODH,892,ODH_charity_0616:row:892,22.4,train,
5047,5047,C[C@H](CC=O)CC(CC=C(C)C)([S](=O)(=O)c1ccccc1)[S](=O)(=O)c2ccccc2,25.0,1.0,0.1,10.1021/acs.orglett.0c01550,ODH,893,ODH_charity_0616:row:893,25.0,train,
5062,5062,COc1ccc2N[C@@H](C)Cc2c1,12.1,0.8,0.03,10.1021/acs.orglett.8b00312,ODH,894,ODH_charity_0616:row:894,9.68,train,
5063,5063,COc1ccc2N[C@H](C)Cc2c1,25.1,0.8,0.03,10.1021/acs.orglett.8b00312,ODH,895,ODH_charity_0616:row:895,20.08,train,
5064,5064,COC(OC)[C@@H](NC(C)=O)c1ccccc1,20.0,0.8,0.05,10.1039/D1CC06601C,ODH,896,ODH_charity_0616:row:896,16.0,train,
5065,5065,COC(OC)[C@H](NC(C)=O)c1ccccc1,25.1,0.8,0.05,10.1039/D1CC06601C,ODH,897,ODH_charity_0616:row:897,20.08,train,
5068,5068,OCC[C@@H](C[N+]([O-])=O)c1ccccc1,20.23,1.0,0.1,10.1002/adsc.201500582,ODH,898,ODH_charity_0616:row:898,20.23,train,
5069,5069,OCC[C@H](C[N+]([O-])=O)c1ccccc1,25.15,1.0,0.1,10.1002/adsc.201500582,ODH,899,ODH_charity_0616:row:899,25.15,train,
5095,5095,O=C1OCC[C@H]1Cc2ccccc2,22.8,0.5,0.05,10.1039/C9OB02536G,ODH,900,ODH_charity_0616:row:900,11.4,train,
5096,5096,O=C1OCC[C@@H]1Cc2ccccc2,25.4,0.5,0.05,10.1039/C9OB02536G,ODH,901,ODH_charity_0616:row:901,12.7,train,
5101,5101,C1Oc2ccccc2N[C@@H]1c3ccc(cc3)c4ccccc4,17.7,1.0,0.2,10.1039/C4QO00188E,ODH,902,ODH_charity_0616:row:902,17.7,train,
5102,5102,C1Oc2ccccc2N[C@H]1c3ccc(cc3)c4ccccc4,25.5,1.0,0.2,10.1039/C4QO00188E,ODH,903,ODH_charity_0616:row:903,25.5,train,
5103,5103,O[C@@H](C[N+]([O-])=O)c1ccccc1Cl,23.3,1.1,0.025,10.1002/chem.201404605,ODH,904,ODH_charity_0616:row:904,25.63,train,
5104,5104,O[C@H](C[N+]([O-])=O)c1ccccc1Cl,25.5,1.1,0.025,10.1002/chem.201404605,ODH,905,ODH_charity_0616:row:905,28.05,train,
5123,5123,O[C@@H](C[N+]([O-])=O)c1ccc(Br)cc1,33.99,0.8,0.1,10.1039/C2CC31907A,ODH,906,ODH_charity_0616:row:906,27.192,train,
5124,5124,O[C@H](C[N+]([O-])=O)c1ccc(Br)cc1,25.761,0.8,0.1,10.1039/C2CC31907A,ODH,907,ODH_charity_0616:row:907,20.6088,train,
5129,5129,CC(C)(C)OC(=O)N1O[C@@H](O)C[C@@H]1c2ccc(Br)cc2,22.7,0.5,0.02,10.1002/adsc.201501025,ODH,908,ODH_charity_0616:row:908,11.35,train,
5130,5130,O=C1Oc2cc3ccccc3cc2N[C@H]1c4ccccc4,35.3,1.0,0.2,10.1039/C8SC05797D,ODH,909,ODH_charity_0616:row:909,35.3,train,
5131,5131,O=C1Oc2cc3ccccc3cc2N[C@@H]1c4ccccc4,25.8,1.0,0.2,10.1039/C8SC05797D,ODH,910,ODH_charity_0616:row:910,25.8,train,
5136,5136,Cc1cccc(NC[C@@H]2CCc3ccccc3N2)c1,22.8,1.0,0.1,10.1002/anie.201909919,ODH,911,ODH_charity_0616:row:911,22.8,train,
5137,5137,Cc1cccc(NC[C@H]2CCc3ccccc3N2)c1,25.9,1.0,0.1,10.1002/anie.201909919,ODH,912,ODH_charity_0616:row:912,25.9,train,
5140,5140,CC(C)(NC(=O)C[C@@H]1CCOc2ccccc12)c3ccccn3,21.9,0.55,0.1,10.1021/acs.orglett.0c03775,ODH,913,ODH_charity_0616:row:913,12.045,test,
5141,5141,CC(C)(NC(=O)C[C@H]1CCOc2ccccc12)c3ccccn3,25.9,0.55,0.1,10.1021/acs.orglett.0c03775,ODH,914,ODH_charity_0616:row:914,14.245,train,
5152,5152,C1CCC(CC1)[C@@H]2CCc3ccccc3N2,18.4,0.5,0.02,10.1039/c002668a,ODH,915,ODH_charity_0616:row:915,9.2,train,
5153,5153,C1CCC(CC1)[C@H]2CCc3ccccc3N2,26.0,0.5,0.02,10.1039/c002668a,ODH,916,ODH_charity_0616:row:916,13.0,train,
5155,5155,C[C@H](CC(=O)c1ccccc1)[S](C)(=O)=O,21.8,1.0,0.15,10.1021/acs.orglett.0c03517,ODH,917,ODH_charity_0616:row:917,21.8,train,
5156,5156,C[C@@H](CC(=O)c1ccccc1)[S](C)(=O)=O,26.0,1.0,0.15,10.1021/acs.orglett.0c03517,ODH,918,ODH_charity_0616:row:918,26.0,train,
5165,5165,Fc1ccc(NC[C@@H]2CCc3ccccc3N2)cc1,23.8,1.0,0.1,10.1002/anie.201909919,ODH,919,ODH_charity_0616:row:919,23.8,train,
5166,5166,Fc1ccc(NC[C@H]2CCc3ccccc3N2)cc1,26.1,1.0,0.1,10.1002/anie.201909919,ODH,920,ODH_charity_0616:row:920,26.1,train,
5171,5171,O=C1Nc2ccccc2N[C@H]1c3ccccc3,16.0,1.0,0.2,10.1039/C8SC05797D,ODH,921,ODH_charity_0616:row:921,16.0,train,
5172,5172,O=C1Nc2ccccc2N[C@@H]1c3ccccc3,26.1,1.0,0.2,10.1039/C8SC05797D,ODH,922,ODH_charity_0616:row:922,26.1,train,
5194,5194,COc1cccc(c1)[C@H]2CCc3ccccc3N2,28.1,0.6,0.1,10.1021/ja2023042,ODH,923,ODH_charity_0616:row:923,16.86,train,
5195,5195,COc1cccc(c1)[C@@H]2CCc3ccccc3N2,26.3,0.6,0.1,10.1021/ja2023042,ODH,924,ODH_charity_0616:row:924,15.78,valid,
5204,5204,COc1cccc(c1)[C@@H](O)C[N+]([O-])=O,20.1,1.2,0.1,10.1002/chem.201404605,ODH,925,ODH_charity_0616:row:925,24.12,train,
5205,5205,COc1cccc(c1)[C@H](O)C[N+]([O-])=O,26.4,1.2,0.1,10.1002/chem.201404605,ODH,926,ODH_charity_0616:row:926,31.68,train,
5234,5234,C1Cc2ccccc2N[C@H]1CC=Cc3ccccc3,30.7,0.5,0.01,10.1021/ja2023042,ODH,927,ODH_charity_0616:row:927,15.35,train,
5235,5235,C1Cc2ccccc2N[C@@H]1CC=Cc3ccccc3,26.7,0.5,0.01,10.1021/ja2023042,ODH,928,ODH_charity_0616:row:928,13.35,train,
5244,5244,[O-][N+](=O)c1cccc(c1)[C@]2(CC(=NO2)c3ccccc3)CC(F)(F)F,23.4,0.8,0.1,10.1002/anie.201804315,ODH,929,ODH_charity_0616:row:929,18.72,train,
5245,5245,[O-][N+](=O)c1cccc(c1)[C@@]2(CC(=NO2)c3ccccc3)CC(F)(F)F,26.8,0.8,0.1,10.1002/anie.201804315,ODH,930,ODH_charity_0616:row:930,21.44,train,
5246,5246,O=C(C[C@H]1CCCCN1C(=O)OCc2ccccc2)c3ccccc3,28.3,0.5,0.05,10.1002/adsc.201100282,ODH,931,ODH_charity_0616:row:931,14.15,train,
5247,5247,O=C(C[C@@H]1CCCCN1C(=O)OCc2ccccc2)c3ccccc3,26.8,0.5,0.05,10.1002/adsc.201100282,ODH,932,ODH_charity_0616:row:932,13.4,train,
5254,5254,COC(=O)[C@H]1COc2cc3ccccc3cc2O1,23.2,1.0,0.02,10.1021/acs.orglett.8b01469,ODH,933,ODH_charity_0616:row:933,23.2,train,
5255,5255,COC(=O)[C@@H]1COc2cc3ccccc3cc2O1,26.8,1.0,0.02,10.1021/acs.orglett.8b01469,ODH,934,ODH_charity_0616:row:934,26.8,train,
5258,5258,Cc1ccc(cc1)[C@H]2C[C@H]([C@@H]2CO)c3cccn3CC=C,20.1,1.0,0.05,10.1039/C3CC41785A,ODH,935,ODH_charity_0616:row:935,20.1,train,
5261,5261,CCCCCC[C@@H](CC=O)CC(CCc1ccccc1)([S](=O)(=O)c2ccccc2)[S](=O)(=O)c3ccccc3,21.6,1.0,0.1,10.1021/acs.orglett.0c01550,ODH,936,ODH_charity_0616:row:936,21.6,train,
5262,5262,CCCCCC[C@H](CC=O)CC(CCc1ccccc1)([S](=O)(=O)c2ccccc2)[S](=O)(=O)c3ccccc3,26.9,1.0,0.1,10.1021/acs.orglett.0c01550,ODH,937,ODH_charity_0616:row:937,26.9,train,
5263,5263,Fc1ccc2N[C@@H](CCc2c1)CNc3ccccc3,22.7,1.0,0.1,10.1002/anie.201909919,ODH,938,ODH_charity_0616:row:938,22.7,train,
5264,5264,Fc1ccc2N[C@H](CCc2c1)CNc3ccccc3,27.0,1.0,0.1,10.1002/anie.201909919,ODH,939,ODH_charity_0616:row:939,27.0,train,
5265,5265,COC(=O)C[C@@H](C#N)c1ccc(OC)cc1,22.5,1.0,0.05,10.1039/C7SC04639A,ODH,940,ODH_charity_0616:row:940,22.5,train,
5266,5266,COC(=O)C[C@H](C#N)c1ccc(OC)cc1,27.0,1.0,0.05,10.1039/C7SC04639A,ODH,941,ODH_charity_0616:row:941,27.0,train,
5273,5273,O=CC[C@H](Cc1ccccc1)C(=O)OC(c2ccccc2)c3ccccc3,23.6,1.0,0.02,10.1021/acs.orglett.9b04624,ODH,942,ODH_charity_0616:row:942,23.6,train,
5274,5274,O=CC[C@@H](Cc1ccccc1)C(=O)OC(c2ccccc2)c3ccccc3,27.1,1.0,0.02,10.1021/acs.orglett.9b04624,ODH,943,ODH_charity_0616:row:943,27.1,train,
5283,5283,CC(C)C[C@@H]1CCc2ccccc2N1,18.2,0.5,0.02,10.1039/c002668a,ODH,944,ODH_charity_0616:row:944,9.1,train,
5284,5284,CC(C)C[C@H]1CCc2ccccc2N1,27.2,0.5,0.02,10.1039/c002668a,ODH,945,ODH_charity_0616:row:945,13.6,train,
5288,5288,CC(C)[Si](C#C[C@H](CC(=O)NC(C)(C)c1ccccn1)Cc2cn(C)c3ccccc23)(C(C)C)C(C)C,21.6,0.7,0.03,10.1021/jacs.9b01124,ODH,946,ODH_charity_0616:row:946,15.12,train,
5289,5289,CC(C)[Si](C#C[C@@H](CC(=O)NC(C)(C)c1ccccn1)Cc2cn(C)c3ccccc23)(C(C)C)C(C)C,27.3,0.7,0.03,10.1021/jacs.9b01124,ODH,947,ODH_charity_0616:row:947,19.11,train,
5292,5292,COC(=O)C[C@@H](C#N)c1ccc(F)c(F)c1,21.4,0.8,0.08,10.1039/C7SC04639A,ODH,948,ODH_charity_0616:row:948,17.12,train,
5293,5293,COC(=O)C[C@H](C#N)c1ccc(F)c(F)c1,27.3,0.8,0.08,10.1039/C7SC04639A,ODH,949,ODH_charity_0616:row:949,21.84,train,
5300,5300,C[C@H](CC(=O)c1ccc(F)cc1)[S](C)(=O)=O,24.7,1.0,0.15,10.1021/acs.orglett.0c03517,ODH,950,ODH_charity_0616:row:950,24.7,train,
5301,5301,C[C@@H](CC(=O)c1ccc(F)cc1)[S](C)(=O)=O,27.4,1.0,0.15,10.1021/acs.orglett.0c03517,ODH,951,ODH_charity_0616:row:951,27.4,train,
5318,5318,COc1ccc(cc1)[C@H](O)CCl,21.2,1.0,0.02,10.1002/adsc.201800267,ODH,952,ODH_charity_0616:row:952,21.2,train,
5319,5319,COc1ccc(cc1)[C@@H](O)CCl,27.6,1.0,0.02,10.1002/adsc.201800267,ODH,953,ODH_charity_0616:row:953,27.6,train,
5372,5372,CCOC(=O)Cn1cccc1[C@@H]2C[C@@H]([C@H]2CO)c3ccccc3,16.2,1.0,0.1,10.1039/C3CC41785A,ODH,954,ODH_charity_0616:row:954,16.2,train,
5375,5375,Cc1ccccc1[C@H](N)c2ccccc2O,14.19,0.7,0.3,10.1002/anie.201915459,ODH,955,ODH_charity_0616:row:955,9.933,train,
5376,5376,Cc1ccccc1[C@@H](N)c2ccccc2O,28.36,0.7,0.3,10.1002/anie.201915459,ODH,956,ODH_charity_0616:row:956,19.852,train,
5377,5377,CC(=O)C[C@H]1CCCCN1C(=O)OCc2ccccc2,30.4,0.5,0.05,10.1002/adsc.201100282,ODH,957,ODH_charity_0616:row:957,15.2,train,
5378,5378,CC(=O)C[C@@H]1CCCCN1C(=O)OCc2ccccc2,28.4,0.5,0.05,10.1002/adsc.201100282,ODH,958,ODH_charity_0616:row:958,14.2,train,
5395,5395,Cc1ccccc1NC[C@@H]2CCc3ccccc3N2,26.2,1.0,0.1,10.1002/anie.201909919,ODH,959,ODH_charity_0616:row:959,26.2,train,
5396,5396,Cc1ccccc1NC[C@H]2CCc3ccccc3N2,28.6,1.0,0.1,10.1002/anie.201909919,ODH,960,ODH_charity_0616:row:960,28.6,valid,
5421,5421,C1Cc2ccccc2N[C@@H]1CNc3ccccc3,26.1,1.0,0.1,10.1002/anie.201909919,ODH,961,ODH_charity_0616:row:961,26.1,train,
5422,5422,C1Cc2ccccc2N[C@H]1CNc3ccccc3,28.8,1.0,0.1,10.1002/anie.201909919,ODH,962,ODH_charity_0616:row:962,28.8,train,
5451,5451,CCCCC[C@@H]1Nc2ccccc2C[C@@H]1CCCC,32.9,0.3,0.01,10.1021/ja2023042,ODH,963,ODH_charity_0616:row:963,9.87,train,
5468,5468,OC[C@@H]1[C@H](C[C@H]1c2cccn2CC=C)c3ccc(F)cc3,20.7,1.0,0.05,10.1039/C3CC41785A,ODH,964,ODH_charity_0616:row:964,20.7,train,
5547,5547,COc1cccc(c1)[C@@H](O)CC[N+]([O-])=O,26.4,1.0,0.1,10.1021/acs.orglett.9b04339,ODH,965,ODH_charity_0616:row:965,26.4,train,
5548,5548,COc1cccc(c1)[C@H](O)CC[N+]([O-])=O,30.0,1.0,0.1,10.1021/acs.orglett.9b04339,ODH,966,ODH_charity_0616:row:966,30.0,train,
5569,5569,Cn1ccnc1C(=O)[C@@H](F)c2ccccc2,24.1,1.0,0.02,10.1002/asia.201601306,ODH,967,ODH_charity_0616:row:967,24.1,test,
5570,5570,Cn1ccnc1C(=O)[C@H](F)c2ccccc2,30.3,1.0,0.02,10.1002/asia.201601306,ODH,968,ODH_charity_0616:row:968,30.3,train,
5571,5571,FC(F)(F)c1cc(cc(c1)C(F)(F)F)[C@H]2COC(=O)N2,24.0,1.0,0.05,10.1021/acscatal.0c02569,ODH,969,ODH_charity_0616:row:969,24.0,train,
5572,5572,FC(F)(F)c1cc(cc(c1)C(F)(F)F)[C@@H]2COC(=O)N2,30.4,1.0,0.05,10.1021/acscatal.0c02569,ODH,970,ODH_charity_0616:row:970,30.4,train,
5587,5587,Cc1ccc(cc1)[S](=O)(=O)N2CC[C@@H](C2)C#N,28.2,1.0,0.05,10.1002/anie.201906111,ODH,971,ODH_charity_0616:row:971,28.2,train,
5588,5588,Cc1ccc(cc1)[S](=O)(=O)N2CC[C@H](C2)C#N,30.6,1.0,0.05,10.1002/anie.201906111,ODH,972,ODH_charity_0616:row:972,30.6,train,
5604,5604,CCOC(=O)C1(CC=C[C@@H]1c2ccccc2)C(=O)OCC,24.377,0.5,0.05,10.1039/C3CC49488H,ODH,973,ODH_charity_0616:row:973,12.1885,train,
5605,5605,CCOC(=O)C1(CC=C[C@H]1c2ccccc2)C(=O)OCC,30.732,0.5,0.05,10.1039/C3CC49488H,ODH,974,ODH_charity_0616:row:974,15.366,train,
5606,5606,O=C(C[C@H](\C=C\c1ccccc1)c2ccccc2)c3ccccc3,24.377,0.5,0.05,10.1039/C3CC49488H,ODH,975,ODH_charity_0616:row:975,12.1885,train,
5607,5607,O=C(C[C@@H](\C=C\c1ccccc1)c2ccccc2)c3ccccc3,30.732,0.5,0.05,10.1039/C3CC49488H,ODH,976,ODH_charity_0616:row:976,15.366,train,
5616,5616,COc1ccc(cc1)[C@@H](CCO)C[N+]([O-])=O,27.28,1.0,0.1,10.1002/adsc.201500582,ODH,977,ODH_charity_0616:row:977,27.28,train,
5617,5617,COc1ccc(cc1)[C@H](CCO)C[N+]([O-])=O,30.82,1.0,0.1,10.1002/adsc.201500582,ODH,978,ODH_charity_0616:row:978,30.82,train,
5631,5631,O=C(C[C@@H]1CCOc2ccccc12)Nc3ccccc3,36.7,1.0,0.1,10.1021/acs.orglett.0c03775,ODH,979,ODH_charity_0616:row:979,36.7,train,
5632,5632,O=C(C[C@H]1CCOc2ccccc12)Nc3ccccc3,31.1,1.0,0.1,10.1021/acs.orglett.0c03775,ODH,980,ODH_charity_0616:row:980,31.1,train,
5654,5654,CC(C)(NC(=O)C[C@@H]1CCOc2ccc(F)cc12)c3ccccn3,21.8,0.65,0.05,10.1021/acs.orglett.0c03775,ODH,981,ODH_charity_0616:row:981,14.17,train,
5655,5655,CC(C)(NC(=O)C[C@H]1CCOc2ccc(F)cc12)c3ccccn3,31.6,0.65,0.05,10.1021/acs.orglett.0c03775,ODH,982,ODH_charity_0616:row:982,20.54,train,
5658,5658,OCC[C@@H](C[N+]([O-])=O)c1cccc2ccccc12,21.8,1.0,0.15,10.1002/adsc.201500582,ODH,983,ODH_charity_0616:row:983,21.8,train,
5659,5659,OCC[C@H](C[N+]([O-])=O)c1cccc2ccccc12,31.66,1.0,0.15,10.1002/adsc.201500582,ODH,984,ODH_charity_0616:row:984,31.66,test,
5725,5725,O[C@H]1C[C@@H](N(O1)C(=O)OCc2ccccc2)c3ccc(cc3)[N+]([O-])=O,26.5,1.0,0.1,10.1002/adsc.201501025,ODH,985,ODH_charity_0616:row:985,26.5,train,
5726,5726,O[C@@H]1CCc2ccccc12,38.7,1.0,0.01,10.1002/adsc.201800839,ODH,986,ODH_charity_0616:row:986,38.7,train,
5727,5727,O[C@H]1CCc2ccccc12,32.6,1.0,0.01,10.1002/adsc.201800839,ODH,987,ODH_charity_0616:row:987,32.6,train,
5752,5752,OC[C@@H]1[C@H](C[C@H]1c2cccn2CC=C)c3ccc(Cl)cc3,22.6,1.0,0.05,10.1039/C3CC41785A,ODH,988,ODH_charity_0616:row:988,22.6,train,
5759,5759,O=C1N([C@H](\C=C\c2ccccc2)c3ccccc3)C(=O)c4ccccc14,41.587,0.5,0.02,10.1039/C4CC03920C,ODH,989,ODH_charity_0616:row:989,20.7935,train,
5760,5760,O=C1N([C@@H](\C=C\c2ccccc2)c3ccccc3)C(=O)c4ccccc14,32.969,0.5,0.02,10.1039/C4CC03920C,ODH,990,ODH_charity_0616:row:990,16.4845,train,
5769,5769,O=C(C[C@@H]1CCOc2ccccc12)Nc3ccccc3,38.6,1.0,0.1,10.1039/D1QO00302J,ODH,991,ODH_charity_0616:row:991,38.6,train,
5770,5770,O=C(C[C@H]1CCOc2ccccc12)Nc3ccccc3,33.2,1.0,0.1,10.1039/D1QO00302J,ODH,992,ODH_charity_0616:row:992,33.2,train,
5771,5771,CC(=O)C[C@H]1CCCN1C(=O)OCc2ccccc2,41.0,0.5,0.05,10.1002/adsc.201100282,ODH,993,ODH_charity_0616:row:993,20.5,train,
5772,5772,CC(=O)C[C@@H]1CCCN1C(=O)OCc2ccccc2,33.2,0.5,0.05,10.1002/adsc.201100282,ODH,994,ODH_charity_0616:row:994,16.6,train,
5775,5775,C1OC(=N[C@H]1c2ccccc2)c3ccccn3,41.9,1.0,0.1,10.1021/acscatal.0c02569,ODH,995,ODH_charity_0616:row:995,41.9,train,
5776,5776,C1OC(=N[C@@H]1c2ccccc2)c3ccccn3,33.2,1.0,0.1,10.1021/acscatal.0c02569,ODH,996,ODH_charity_0616:row:996,33.2,train,
5785,5785,Cc1[nH]c2ccccc2c1[C@@H](\C=C\c3ccccc3)c4ccccc4,35.932,1.0,0.05,10.1039/C6QO00227G,ODH,997,ODH_charity_0616:row:997,35.932,train,
5786,5786,Cc1[nH]c2ccccc2c1[C@H](\C=C\c3ccccc3)c4ccccc4,33.353,1.0,0.05,10.1039/C6QO00227G,ODH,998,ODH_charity_0616:row:998,33.353,train,
5797,5797,CCOC(=O)C[C@@H](Sc1cccc(C)c1)c2ccccc2,17.0,1.0,0.01,10.1021/acs.orglett.8b02339,ODH,999,ODH_charity_0616:row:999,17.0,train,
5798,5798,CCOC(=O)C[C@H](Sc1cccc(C)c1)c2ccccc2,33.6,1.0,0.01,10.1021/acs.orglett.8b02339,ODH,1000,ODH_charity_0616:row:1000,33.6,train,
5818,5818,COc1ccc([C@H]2CCc3ccccc3N2)c(OC)c1,59.4,0.6,0.1,10.1021/ja2023042,ODH,1001,ODH_charity_0616:row:1001,35.64,train,
5819,5819,COc1ccc([C@@H]2CCc3ccccc3N2)c(OC)c1,34.0,0.6,0.1,10.1021/ja2023042,ODH,1002,ODH_charity_0616:row:1002,20.4,train,
5844,5844,COc1cccc(c1)[C@H](O)CCl,30.4,1.0,0.02,10.1002/adsc.201800267,ODH,1003,ODH_charity_0616:row:1003,30.4,test,
5845,5845,COc1cccc(c1)[C@@H](O)CCl,34.4,1.0,0.02,10.1002/adsc.201800267,ODH,1004,ODH_charity_0616:row:1004,34.4,train,
5852,5852,CC(C)[C@@H]1CCc2ccccc2N1,18.4,0.5,0.02,10.1039/c002668a,ODH,1005,ODH_charity_0616:row:1005,9.2,train,
5853,5853,CC(C)[C@H]1CCc2ccccc2N1,34.6,0.5,0.02,10.1039/c002668a,ODH,1006,ODH_charity_0616:row:1006,17.3,train,
5862,5862,COc1cc2[nH]cc([C@@H](\C=C\c3ccccc3)c4ccccc4)c2cc1OC,45.927,1.0,0.1,10.1039/C6QO00227G,ODH,1007,ODH_charity_0616:row:1007,45.927,train,
5863,5863,COc1cc2[nH]cc([C@H](\C=C\c3ccccc3)c4ccccc4)c2cc1OC,34.794,1.0,0.1,10.1039/C6QO00227G,ODH,1008,ODH_charity_0616:row:1008,34.794,train,
5864,5864,O[C@H](CCCC(=O)Nc1ccccc1)c2sccc2,37.7,1.0,0.1,10.1039/C8QO00307F,ODH,1009,ODH_charity_0616:row:1009,37.7,train,
5865,5865,O[C@@H](CCCC(=O)Nc1ccccc1)c2sccc2,34.8,1.0,0.1,10.1039/C8QO00307F,ODH,1010,ODH_charity_0616:row:1010,34.8,train,
5880,5880,COc1cccc(c1)c2ccc(cc2)[C@@H](O)C(F)(F)F,24.3,1.0,0.05,10.1039/D1QO00368B,ODH,1011,ODH_charity_0616:row:1011,24.3,train,
5881,5881,COc1cccc(c1)c2ccc(cc2)[C@H](O)C(F)(F)F,35.1,1.0,0.05,10.1039/D1QO00368B,ODH,1012,ODH_charity_0616:row:1012,35.1,train,
5890,5890,CCOC(=O)[C@@H]1N[S](=O)(=O)Oc2ccc3OCOc3c12,14.7,1.0,0.2,10.1039/D0CC01220C,ODH,1013,ODH_charity_0616:row:1013,14.7,train,
5891,5891,CCOC(=O)[C@H]1N[S](=O)(=O)Oc2ccc3OCOc3c12,35.3,1.0,0.2,10.1039/D0CC01220C,ODH,1014,ODH_charity_0616:row:1014,35.3,train,
5910,5910,FC(F)(F)C[C@@]1(CC(=NO1)c2ccccc2)c3cncnc3,25.67,0.8,0.1,10.1002/anie.201804315,ODH,1015,ODH_charity_0616:row:1015,20.536,train,
5911,5911,FC(F)(F)C[C@]1(CC(=NO1)c2ccccc2)c3cncnc3,35.9,0.8,0.1,10.1002/anie.201804315,ODH,1016,ODH_charity_0616:row:1016,28.72,train,
5914,5914,C[C@@H]1Nc2ccccc2[C@@H]1C,31.1,0.8,0.03,10.1021/acs.orglett.8b00312,ODH,1017,ODH_charity_0616:row:1017,24.88,train,
5920,5920,COC(=O)C[C@@H](C#N)c1ccc(cc1)c2ccccc2,27.7,1.0,0.05,10.1039/C7SC04639A,ODH,1018,ODH_charity_0616:row:1018,27.7,train,
5921,5921,COC(=O)C[C@H](C#N)c1ccc(cc1)c2ccccc2,36.1,1.0,0.05,10.1039/C7SC04639A,ODH,1019,ODH_charity_0616:row:1019,36.1,train,
5932,5932,OC[C@@H]1[C@H](C[C@H]1c2cccn2CC=C)c3ccc(Br)cc3,24.6,1.0,0.05,10.1039/C3CC41785A,ODH,1020,ODH_charity_0616:row:1020,24.6,train,
5983,5983,CCOC(=O)C[C@H]1Nc2ccc(Cl)cc2OC1=O,27.4,1.0,0.02,10.1039/c9ra02694k,ODH,1021,ODH_charity_0616:row:1021,27.4,train,
5984,5984,CCOC(=O)C[C@@H]1Nc2ccc(Cl)cc2OC1=O,37.4,1.0,0.02,10.1039/c9ra02694k,ODH,1022,ODH_charity_0616:row:1022,37.4,test,
5987,5987,CCCCC[C@@H]1Nc2ccccc2C[C@H]1CCCC,44.4,0.3,0.01,10.1021/ja2023042,ODH,1023,ODH_charity_0616:row:1023,13.32,train,
5990,5990,C1Cc2ccccc2N[C@@H]1CNc3cccc4ccccc34,46.4,1.0,0.2,10.1002/anie.201909919,ODH,1024,ODH_charity_0616:row:1024,46.4,train,
5991,5991,C1Cc2ccccc2N[C@H]1CNc3cccc4ccccc34,37.7,1.0,0.2,10.1002/anie.201909919,ODH,1025,ODH_charity_0616:row:1025,37.7,train,
6008,6008,COC(=O)C[C@@H](C#N)c1ccc(OC)c(Br)c1,33.8,1.0,0.05,10.1039/C7SC04639A,ODH,1026,ODH_charity_0616:row:1026,33.8,train,
6009,6009,COC(=O)C[C@H](C#N)c1ccc(OC)c(Br)c1,38.1,1.0,0.05,10.1039/C7SC04639A,ODH,1027,ODH_charity_0616:row:1027,38.1,train,
6041,6041,COc1ccc(cc1OC)[C@H](O)CCl,46.6,1.0,0.05,10.1002/adsc.201800267,ODH,1028,ODH_charity_0616:row:1028,46.6,train,
6042,6042,COc1ccc(cc1OC)[C@@H](O)CCl,38.9,1.0,0.05,10.1002/adsc.201800267,ODH,1029,ODH_charity_0616:row:1029,38.9,train,
6045,6045,COc1ccc(NC[C@@H]2CCc3ccccc3N2)cc1,33.5,1.0,0.1,10.1002/anie.201909919,ODH,1030,ODH_charity_0616:row:1030,33.5,train,
6046,6046,COc1ccc(NC[C@H]2CCc3ccccc3N2)cc1,39.0,1.0,0.1,10.1002/anie.201909919,ODH,1031,ODH_charity_0616:row:1031,39.0,train,
6047,6047,COc1ccc(cc1OC)[C@H]2COC(=O)C2,41.3,1.0,0.15,10.1021/acscatal.9b02667,ODH,1032,ODH_charity_0616:row:1032,41.3,train,
6048,6048,COc1ccc(cc1OC)[C@@H]2COC(=O)C2,39.0,1.0,0.15,10.1021/acscatal.9b02667,ODH,1033,ODH_charity_0616:row:1033,39.0,train,
6083,6083,CC(C)[C@@H](O)C[N+]([O-])=O,45.238,0.5,0.02,10.1039/C2CC31907A,ODH,1034,ODH_charity_0616:row:1034,22.619,train,
6084,6084,CC(C)[C@H](O)C[N+]([O-])=O,39.99,0.5,0.02,10.1039/C2CC31907A,ODH,1035,ODH_charity_0616:row:1035,19.995,train,
6091,6091,C[C@@H](CC(=O)NC(C)(C)c1ccc(C)cn1)c2ccc(cc2)C(C)=O,36.4,0.6,0.05,10.1002/anie.201804197,ODH,1036,ODH_charity_0616:row:1036,21.84,train,
6092,6092,C[C@H](CC(=O)NC(C)(C)c1ccc(C)cn1)c2ccc(cc2)C(C)=O,40.2,0.6,0.05,10.1002/anie.201804197,ODH,1037,ODH_charity_0616:row:1037,24.12,train,
6105,6105,OC[C@H]1[C@@H](C[C@@H]1c2ccccc2Cl)c3cccn3CC=C,23.1,1.0,0.05,10.1039/C3CC41785A,ODH,1038,ODH_charity_0616:row:1038,23.1,train,
6116,6116,COc1ccc(cc1)[C@@H]2CCCNC(=O)C2,43.6,0.5,0.1,10.1039/C8OB02231C,ODH,1039,ODH_charity_0616:row:1039,21.8,train,
6117,6117,COc1ccc(cc1)[C@H]2CCCNC(=O)C2,40.9,0.5,0.1,10.1039/C8OB02231C,ODH,1040,ODH_charity_0616:row:1040,20.45,train,
6123,6123,COC(=O)[C@H]1COc2ccc(OC)cc2O1,38.2,1.0,0.02,10.1021/acs.orglett.8b01469,ODH,1041,ODH_charity_0616:row:1041,38.2,train,
6124,6124,COC(=O)[C@@H]1COc2ccc(OC)cc2O1,41.1,1.0,0.02,10.1021/acs.orglett.8b01469,ODH,1042,ODH_charity_0616:row:1042,41.1,test,
6131,6131,O[C@@H](C[N+]([O-])=O)c1cccc(c1)[N+]([O-])=O,48.262,0.8,0.1,10.1039/C2CC31907A,ODH,1043,ODH_charity_0616:row:1043,38.6096,train,
6132,6132,O[C@H](C[N+]([O-])=O)c1cccc(c1)[N+]([O-])=O,41.363,0.8,0.1,10.1039/C2CC31907A,ODH,1044,ODH_charity_0616:row:1044,33.0904,train,
6141,6141,OCC[C@@H](C[N+]([O-])=O)c1occc1,38.24,1.0,0.04,10.1002/adsc.201500582,ODH,1045,ODH_charity_0616:row:1045,38.24,valid,
6142,6142,OCC[C@H](C[N+]([O-])=O)c1occc1,41.84,1.0,0.04,10.1002/adsc.201500582,ODH,1046,ODH_charity_0616:row:1046,41.84,train,
6147,6147,[O-][N+](=O)c1ccc(cc1)C(=O)C[C@H]2CCCCN2C(=O)OCc3ccccc3,56.9,0.5,0.05,10.1002/adsc.201100282,ODH,1047,ODH_charity_0616:row:1047,28.45,train,
6148,6148,[O-][N+](=O)c1ccc(cc1)C(=O)C[C@@H]2CCCCN2C(=O)OCc3ccccc3,42.0,0.5,0.05,10.1002/adsc.201100282,ODH,1048,ODH_charity_0616:row:1048,21.0,train,
6150,6150,C1Cc2ccccc2N[C@@H]1CNc3ccc4ccccc4c3,29.9,1.0,0.2,10.1002/anie.201909919,ODH,1049,ODH_charity_0616:row:1049,29.9,train,
6151,6151,C1Cc2ccccc2N[C@H]1CNc3ccc4ccccc4c3,42.2,1.0,0.2,10.1002/anie.201909919,ODH,1050,ODH_charity_0616:row:1050,42.2,train,
6169,6169,COC(=O)[C@@H](Cc1ccc(cc1)\C=C\c2ccc3ccccc3c2c4ccccc4SC)NC(=O)OC(C)(C)C,36.5,0.8,0.02,10.1002/anie.202115221,ODH,1051,ODH_charity_0616:row:1051,29.2,train,
6170,6170,COC(=O)[C@H](Cc1ccc(cc1)\C=C\c2ccc3ccccc3c2c4ccccc4SC)NC(=O)OC(C)(C)C,42.8,0.8,0.02,10.1002/anie.202115221,ODH,1052,ODH_charity_0616:row:1052,34.24,train,
6171,6171,OC1(CCCCC1)C[C@@H]2CCc3ccccc3N2,38.9,0.8,0.05,10.1021/ja2023042,ODH,1053,ODH_charity_0616:row:1053,31.12,train,
6172,6172,OC1(CCCCC1)C[C@H]2CCc3ccccc3N2,42.9,0.8,0.05,10.1021/ja2023042,ODH,1054,ODH_charity_0616:row:1054,34.32,train,
6185,6185,CCOC(=O)C[C@@H](Sc1ccccc1)c2cccnc2,51.4,1.0,0.01,10.1021/acs.orglett.8b02339,ODH,1055,ODH_charity_0616:row:1055,51.4,train,
6186,6186,CCOC(=O)C[C@H](Sc1ccccc1)c2cccnc2,43.6,1.0,0.01,10.1021/acs.orglett.8b02339,ODH,1056,ODH_charity_0616:row:1056,43.6,train,
6187,6187,O[C@@H](C[N+]([O-])=O)c1ccc2ccccc2c1,60.632,0.8,0.15,10.1039/C2CC31907A,ODH,1057,ODH_charity_0616:row:1057,48.5056,train,
6188,6188,O[C@H](C[N+]([O-])=O)c1ccc2ccccc2c1,43.653,0.8,0.15,10.1039/C2CC31907A,ODH,1058,ODH_charity_0616:row:1058,34.9224,train,
6221,6221,C(Cc1cc(OCc2ccccc2)cc(OCc3ccccc3)c1)[C@@H]4CCc5ccccc5N4,39.1,0.5,0.1,10.1002/asia.201600445,ODH,1059,ODH_charity_0616:row:1059,19.55,train,
6222,6222,C(Cc1cc(OCc2ccccc2)cc(OCc3ccccc3)c1)[C@H]4CCc5ccccc5N4,44.7,0.5,0.1,10.1002/asia.201600445,ODH,1060,ODH_charity_0616:row:1060,22.35,train,
6225,6225,O[C@@H](C[N+]([O-])=O)c1ccccc1[N+]([O-])=O,51.895,0.8,0.05,10.1039/C2CC31907A,ODH,1061,ODH_charity_0616:row:1061,41.516,train,
6226,6226,O[C@H](C[N+]([O-])=O)c1ccccc1[N+]([O-])=O,45.211,0.8,0.05,10.1039/C2CC31907A,ODH,1062,ODH_charity_0616:row:1062,36.1688,train,
6239,6239,COc1cccc(C[C@@H](CC=O)C(=O)OC(C)C)c1,41.0,1.0,0.01,10.1021/acs.orglett.9b04624,ODH,1063,ODH_charity_0616:row:1063,41.0,train,
6240,6240,COc1cccc(C[C@H](CC=O)C(=O)OC(C)C)c1,45.7,1.0,0.01,10.1021/acs.orglett.9b04624,ODH,1064,ODH_charity_0616:row:1064,45.7,valid,
6241,6241,CCOC(=O)C[C@H]1Nc2cc(OC)ccc2OC1=O,58.5,1.0,0.02,10.1039/c9ra02694k,ODH,1065,ODH_charity_0616:row:1065,58.5,train,
6242,6242,CCOC(=O)C[C@@H]1Nc2cc(OC)ccc2OC1=O,46.0,1.0,0.02,10.1039/c9ra02694k,ODH,1066,ODH_charity_0616:row:1066,46.0,valid,
6247,6247,O[C@@H](c1c([nH]c2ccccc12)c3ccccc3)C(F)(F)F,36.4,1.0,0.1,10.1039/D1QO00368B,ODH,1067,ODH_charity_0616:row:1067,36.4,train,
6248,6248,O[C@H](c1c([nH]c2ccccc12)c3ccccc3)C(F)(F)F,46.2,1.0,0.1,10.1039/D1QO00368B,ODH,1068,ODH_charity_0616:row:1068,46.2,train,
6255,6255,O[C@H](CCCC(=O)Nc1ccccc1)C2CCCCC2,42.4,0.7,0.05,10.1039/C8QO00307F,ODH,1069,ODH_charity_0616:row:1069,29.68,train,
6256,6256,O[C@@H](CCCC(=O)Nc1ccccc1)C2CCCCC2,47.1,0.7,0.05,10.1039/C8QO00307F,ODH,1070,ODH_charity_0616:row:1070,32.97,train,
6267,6267,Cc1ccc(cc1)[S](=O)(=O)N[C@H](\C=C\c2ccccc2)c3ccccc3,33.632,0.5,0.1,10.1039/C4CC03920C,ODH,1071,ODH_charity_0616:row:1071,16.816,train,
6268,6268,Cc1ccc(cc1)[S](=O)(=O)N[C@@H](\C=C\c2ccccc2)c3ccccc3,47.897,0.5,0.1,10.1039/C4CC03920C,ODH,1072,ODH_charity_0616:row:1072,23.9485,train,
6281,6281,Brc1ccc(cc1)[C@H]2Nc3ccccc3NC2=O,60.6,1.0,0.1,10.1039/D1QO01598B,ODH,1073,ODH_charity_0616:row:1073,60.6,excluded,official_RTv_gt_60
6282,6282,Brc1ccc(cc1)[C@@H]2Nc3ccccc3NC2=O,48.7,1.0,0.1,10.1039/D1QO01598B,ODH,1074,ODH_charity_0616:row:1074,48.7,train,
6285,6285,CC[C@@H]1Nc2ccccc2C[C@@H]1C,88.5,0.15,0.01,10.1021/ja2023042,ODH,1075,ODH_charity_0616:row:1075,13.275,valid,
6294,6294,CC(=O)C[C@@H](c1ccccc1)c2cn(c3ccccc23)[S](=O)(=O)C(F)(F)F,29.1,0.5,0.02,10.1021/acs.orglett.8b00169,ODH,1076,ODH_charity_0616:row:1076,14.55,train,
6295,6295,CC(=O)C[C@H](c1ccccc1)c2cn(c3ccccc23)[S](=O)(=O)C(F)(F)F,49.2,0.5,0.02,10.1021/acs.orglett.8b00169,ODH,1077,ODH_charity_0616:row:1077,24.6,train,
6307,6307,COc1cccc(OC)c1NC[C@@H]2CCc3ccccc3N2,46.1,1.0,0.1,10.1002/anie.201909919,ODH,1078,ODH_charity_0616:row:1078,46.1,train,
6308,6308,COc1cccc(OC)c1NC[C@H]2CCc3ccccc3N2,49.4,1.0,0.1,10.1002/anie.201909919,ODH,1079,ODH_charity_0616:row:1079,49.4,train,
6313,6313,Cc1ccc(C[C@H]2CCCOC2=O)cc1,45.4,0.5,0.03,10.1039/C9OB02536G,ODH,1080,ODH_charity_0616:row:1080,22.7,train,
6314,6314,Cc1ccc(C[C@@H]2CCCOC2=O)cc1,50.1,0.5,0.03,10.1039/C9OB02536G,ODH,1081,ODH_charity_0616:row:1081,25.05,train,
6347,6347,O=[S]1(=O)[C@H](Cc2ccccc12)c3ccc4ccccc4c3,35.4,1.0,0.15,10.1039/C8SC05397A,ODH,1082,ODH_charity_0616:row:1082,35.4,train,
6348,6348,O=[S]1(=O)[C@@H](Cc2ccccc12)c3ccc4ccccc4c3,52.5,1.0,0.15,10.1039/C8SC05397A,ODH,1083,ODH_charity_0616:row:1083,52.5,train,
6360,6360,CCOC(=O)C[C@H]1Nc2cc(F)ccc2OC1=O,54.9,0.5,0.03,10.1039/c9ra02694k,ODH,1084,ODH_charity_0616:row:1084,27.45,train,
6361,6361,CCOC(=O)C[C@@H]1Nc2cc(F)ccc2OC1=O,52.9,0.5,0.03,10.1039/c9ra02694k,ODH,1085,ODH_charity_0616:row:1085,26.45,valid,
6368,6368,CC(C)OC(=O)[C@@]1(CC(=NN1)C(=O)N2CCOC2=O)c3ccccc3,48.463,0.5,0.2,10.1002/adsc.201900679,ODH,1086,ODH_charity_0616:row:1086,24.2315,train,
6369,6369,CC(C)OC(=O)[C@]1(CC(=NN1)C(=O)N2CCOC2=O)c3ccccc3,54.411,0.5,0.2,10.1002/adsc.201900679,ODH,1087,ODH_charity_0616:row:1087,27.2055,train,
6399,6399,N[C@H](C[C@](O)(CC(F)(F)F)c1ccccc1)c2ccccc2,22.3,0.8,0.1,10.1002/anie.201804315,ODH,1088,ODH_charity_0616:row:1088,17.84,valid,
6400,6400,N[C@@H](C[C@](O)(CC(F)(F)F)c1ccccc1)c2ccccc2,56.23,0.8,0.1,10.1002/anie.201804315,ODH,1089,ODH_charity_0616:row:1089,44.984,train,
6431,6431,CC(C)OC(=O)[C@@]1(CC(=NN1)C(=O)N2CCOC2=O)c3ccc(Br)cc3,51.737,0.5,0.2,10.1002/adsc.201900679,ODH,1090,ODH_charity_0616:row:1090,25.8685,train,
6432,6432,CC(C)OC(=O)[C@]1(CC(=NN1)C(=O)N2CCOC2=O)c3ccc(Br)cc3,61.617,0.5,0.2,10.1002/adsc.201900679,ODH,1091,ODH_charity_0616:row:1091,30.8085,train,
6467,6467,COC(=O)c1ccc(cc1)[C@H]2COC(=O)N2,53.3,1.0,0.1,10.1021/acscatal.0c02569,ODH,1092,ODH_charity_0616:row:1092,53.3,train,
6468,6468,COC(=O)c1ccc(cc1)[C@@H]2COC(=O)N2,68.8,1.0,0.1,10.1021/acscatal.0c02569,ODH,1093,ODH_charity_0616:row:1093,68.8,excluded,official_RTv_gt_60
6497,6497,COC(=O)[C@H]1COc2cc(ccc2O1)C(C)=O,62.1,1.0,0.02,10.1021/acs.orglett.8b01469,ODH,1094,ODH_charity_0616:row:1094,62.1,excluded,official_RTv_gt_60
6498,6498,COC(=O)[C@@H]1COc2cc(ccc2O1)C(C)=O,74.0,1.0,0.02,10.1021/acs.orglett.8b01469,ODH,1095,ODH_charity_0616:row:1095,74.0,excluded,official_RTv_gt_60
6523,6523,CC[C@@H]1Nc2ccccc2C[C@H]1C,84.6,0.15,0.01,10.1021/ja2023042,ODH,1096,ODH_charity_0616:row:1096,12.69,train,
6528,6528,O[C@H](CC(=O)Nc1ccccc1)c2ccccc2,85.9,0.5,0.05,10.1039/C8QO00307F,ODH,1097,ODH_charity_0616:row:1097,42.95,train,
6529,6529,O[C@@H](CC(=O)Nc1ccccc1)c2ccccc2,82.5,0.5,0.05,10.1039/C8QO00307F,ODH,1098,ODH_charity_0616:row:1098,41.25,train,
6544,6544,N[C@@H](C[C@](O)(CC(F)(F)F)c1ccccc1)c2ccccc2,127.18,0.8,0.1,10.1002/anie.201804315,ODH,1099,ODH_charity_0616:row:1099,101.744,excluded,official_RTv_gt_60
6561,6561,CCCC[C@]1(COc2ccccc12)CC3CC3,10.5,0.5,0.0,10.1002/anie.201907840,ODH,1100,ODH_charity_0616:row:1100,5.25,train,
6562,6562,CCCC[C@@]1(COc2ccccc12)CC3CC3,10.0,0.5,0.0,10.1002/anie.201907840,ODH,1101,ODH_charity_0616:row:1101,5.0,train,
6563,6563,CC(C)Cc1ccc(cc1)[C@@H](C)C(=O)OC(c2ccccc2)c3ccccc3,10.5,0.5,0.01,10.1021/jacs.6b00406,ODH,1102,ODH_charity_0616:row:1102,5.25,train,
6564,6564,CC(C)Cc1ccc(cc1)[C@H](C)C(=O)OC(c2ccccc2)c3ccccc3,10.0,0.5,0.01,10.1021/jacs.6b00406,ODH,1103,ODH_charity_0616:row:1103,5.0,train,
6565,6565,CCC[C@H]1NCc2ccc(C)cc2[C@H]1F,10.8,0.8,0.05,10.1021/acs.orglett.7b02502,ODH,1104,ODH_charity_0616:row:1104,8.64,train,
6566,6566,CCC[C@@H]1NCc2ccc(C)cc2[C@H]1F,10.0,0.8,0.05,10.1021/acs.orglett.7b02502,ODH,1105,ODH_charity_0616:row:1105,8.0,train,
6591,6591,CC(C)(C)OC(=O)[C@@H]1NC(=O)C[C@@H]1c2ccc(cc2)c3ccccc3,18.6,1.0,0.15,10.1021/acscatal.2c00001,ODH,1106,ODH_charity_0616:row:1106,18.6,train,
6594,6594,CC(C)(C)OC(=O)[C@H]1NC(=O)C[C@@H]1c2ccc(cc2)c3ccccc3,20.7,1.0,0.15,10.1021/acscatal.2c00001,ODH,1107,ODH_charity_0616:row:1107,20.7,train,
6598,6598,Brc1ccc(cc1)[C@]2(CCC(=O)O2)C(=O)OC(c3ccccc3)c4ccccc4,30.1,0.75,0.2,10.1002/chem.201501481,ODH,1108,ODH_charity_0616:row:1108,22.575,train,
6599,6599,Brc1ccc(cc1)[C@@]2(CCC(=O)O2)C(=O)OC(c3ccccc3)c4ccccc4,10.0,0.75,0.2,10.1002/chem.201501481,ODH,1109,ODH_charity_0616:row:1109,7.5,train,
6600,6600,O[C@@H]/1CCCC1=C/c2ccccc2Cl,7.61,1.0,0.1,10.1021/acs.orglett.8b02591,ODH,1110,ODH_charity_0616:row:1110,7.61,test,
6601,6601,O[C@H]/1CCCC1=C/c2ccccc2Cl,10.0,1.0,0.1,10.1021/acs.orglett.8b02591,ODH,1111,ODH_charity_0616:row:1111,10.0,test,
6608,6608,CC1(C)OB(OC1(C)C)[C@@H](Cc2ccc(cc2)[N+]([O-])=O)N3CCOC3=O,8.4,1.0,0.2,10.1021/acscatal.9b04543.,ODH,1112,ODH_charity_0616:row:1112,8.4,train,
6609,6609,CC1(C)OB(OC1(C)C)[C@H](Cc2ccc(cc2)[N+]([O-])=O)N3CCOC3=O,10.0,1.0,0.2,10.1021/acscatal.9b04543.,ODH,1113,ODH_charity_0616:row:1113,10.0,train,
6610,6610,O[C@@H]1CCC[C@]12O[C@H]2c3ccccc3,8.6,0.8,0.1,10.1021/acs.organomet.9b00366,ODH,1114,ODH_charity_0616:row:1114,6.88,test,
6611,6611,CCCCC[C@@]1(CI)COc2cc(ccc12)C(=O)N3CCCCC3,8.9,0.8,0.2,10.1021/jacs.9b04332,ODH,1115,ODH_charity_0616:row:1115,7.12,train,
6612,6612,CCCCC[C@]1(CI)COc2cc(ccc12)C(=O)N3CCCCC3,10.0,0.8,0.2,10.1021/jacs.9b04332,ODH,1116,ODH_charity_0616:row:1116,8.0,train,
6627,6627,O[C@H](c1cccc(Cl)c1)C(=O)c2cccc(Cl)c2,13.18,1.0,0.1,10.1021/acs.orglett.0c01626,ODH,1117,ODH_charity_0616:row:1117,13.18,train,
6628,6628,O[C@@H](c1cccc(Cl)c1)C(=O)c2cccc(Cl)c2,10.02,1.0,0.1,10.1021/acs.orglett.0c01626,ODH,1118,ODH_charity_0616:row:1118,10.02,train,
6629,6629,CC(=C)C[C@@]1(C)CC(=NO1)c2ccc(C)cc2,8.81,0.6,0.05,10.1002/anie.201912408,ODH,1119,ODH_charity_0616:row:1119,5.286,train,
6630,6630,CC(=C)C[C@]1(C)CC(=NO1)c2ccc(C)cc2,10.02,0.6,0.05,10.1002/anie.201912408,ODH,1120,ODH_charity_0616:row:1120,6.012,train,
6640,6640,FC(F)(F)[C@@H]1NC1C(=O)c2ccc(cc2)c3ccccc3,6.922,1.0,0.15,10.1002/anie.201810253,ODH,1121,ODH_charity_0616:row:1121,6.922,train,
6641,6641,FC(F)(F)[C@H]1NC1C(=O)c2ccc(cc2)c3ccccc3,10.038,1.0,0.15,10.1002/anie.201810253,ODH,1122,ODH_charity_0616:row:1122,10.038,test,
6646,6646,Cc1ccc(cc1)N2N=C(C)[C@@](C\C=C\c3ccccc3)(Cc4ccc5ccccc5c4)C2=O,16.687,1.0,0.3,10.1021/jacs.6b08236,ODH,1123,ODH_charity_0616:row:1123,16.687,train,
6647,6647,Cc1ccc(cc1)N2N=C(C)[C@](C\C=C\c3ccccc3)(Cc4ccc5ccccc5c4)C2=O,10.041,1.0,0.3,10.1021/jacs.6b08236,ODH,1124,ODH_charity_0616:row:1124,10.041,train,
6652,6652,CCC[C@@H]1[C@@H](\C=C\C(=O)OCC)N1[S](=O)(=O)c2ccc(C)cc2,8.09,0.8,0.3,10.1021/jacs.5b01305,ODH,1125,ODH_charity_0616:row:1125,6.472,train,
6656,6656,CCOC(=O)C[C@H](O)c1cccc(C)c1,7.58,1.0,0.1,10.1002/anie.201105780,ODH,1126,ODH_charity_0616:row:1126,7.58,train,
6657,6657,CCOC(=O)C[C@@H](O)c1cccc(C)c1,10.06,1.0,0.1,10.1002/anie.201105780,ODH,1127,ODH_charity_0616:row:1127,10.06,train,
6674,6674,CCOC(=O)[C@@H](C)Oc1ccccc1,5.62,1.0,0.1,10.1021/ja074729k,ODH,1128,ODH_charity_0616:row:1128,5.62,train,
6675,6675,CCOC(=O)[C@H](C)Oc1ccccc1,10.09,1.0,0.1,10.1021/ja074729k,ODH,1129,ODH_charity_0616:row:1129,10.09,train,
6688,6688,CC1(C)OC[C@@H](CO)Oc2ccc(Br)cc12,11.4,1.0,0.05,10.1021/acs.orglett.9b04244,ODH,1130,ODH_charity_0616:row:1130,11.4,train,
6689,6689,CC1(C)OC[C@H](CO)Oc2ccc(Br)cc12,10.1,1.0,0.05,10.1021/acs.orglett.9b04244,ODH,1131,ODH_charity_0616:row:1131,10.1,test,
6693,6693,CC1(C)OC[C@@H](CO)Oc2ccc(F)cc12,11.9,1.0,0.05,10.1021/acs.orglett.9b04244,ODH,1132,ODH_charity_0616:row:1132,11.9,train,
6694,6694,CC1(C)OC[C@H](CO)Oc2ccc(F)cc12,10.1,1.0,0.05,10.1021/acs.orglett.9b04244,ODH,1133,ODH_charity_0616:row:1133,10.1,train,
6710,6710,Clc1ccc2OC(=O)[C@H](Nc2c1)c3ccccc3,14.7,0.7,0.3,10.1002/anie.201813400,ODH,1134,ODH_charity_0616:row:1134,10.29,train,
6711,6711,Clc1ccc2OC(=O)[C@@H](Nc2c1)c3ccccc3,10.1,0.7,0.3,10.1002/anie.201813400,ODH,1135,ODH_charity_0616:row:1135,7.07,train,
6721,6721,C[C@@H](N[S](=O)(=O)C(C)(C)C)c1ccccc1,7.5,1.0,0.05,10.1002/anie.201902576,ODH,1136,ODH_charity_0616:row:1136,7.5,train,
6722,6722,C[C@H](N[S](=O)(=O)C(C)(C)C)c1ccccc1,10.1,1.0,0.05,10.1002/anie.201902576,ODH,1137,ODH_charity_0616:row:1137,10.1,train,
6729,6729,CC[C@H](O)[C@H](N1CCCC1)c2ccccc2,8.82,0.7,0.03,10.1021/ja901058u,ODH,1138,ODH_charity_0616:row:1138,6.174,train,
6730,6730,CC[C@@H](O)[C@H](N1CCCC1)c2ccccc2,10.1,0.7,0.03,10.1021/ja901058u,ODH,1139,ODH_charity_0616:row:1139,7.07,train,
6739,6739,C[C@]1(CC2=CCCCC2)CC(=NO1)c3ccccc3,10.77,0.6,0.05,10.1002/anie.201912408,ODH,1140,ODH_charity_0616:row:1140,6.462,train,
6740,6740,C[C@@]1(CC2=CCCCC2)CC(=NO1)c3ccccc3,10.11,0.6,0.05,10.1002/anie.201912408,ODH,1141,ODH_charity_0616:row:1141,6.066,train,
6768,6768,O[C@@H]/1CCC1=C/c2cccc(F)c2,8.409,0.8,0.1,10.1021/acs.orglett.9b01514,ODH,1142,ODH_charity_0616:row:1142,6.7272,train,
6769,6769,O[C@H]/1CCC1=C/c2cccc(F)c2,10.174,0.8,0.1,10.1021/acs.orglett.9b01514,ODH,1143,ODH_charity_0616:row:1143,8.1392,train,
6787,6787,CO[C@H](c1ccccc1)c2ccccc2O,11.9,1.0,0.01,10.1021/acs.orglett.5b03072,ODH,1144,ODH_charity_0616:row:1144,11.9,train,
6788,6788,CO[C@@H](c1ccccc1)c2ccccc2O,10.2,1.0,0.01,10.1021/acs.orglett.5b03072,ODH,1145,ODH_charity_0616:row:1145,10.2,train,
6803,6803,CN1C(=O)[C@H](Nc2ccccc12)c3ccc(Cl)cc3,16.4,1.0,0.2,10.1039/D0CC03091K,ODH,1146,ODH_charity_0616:row:1146,16.4,train,
6804,6804,CN1C(=O)[C@@H](Nc2ccccc12)c3ccc(Cl)cc3,10.2,1.0,0.2,10.1039/D0CC03091K,ODH,1147,ODH_charity_0616:row:1147,10.2,train,
6805,6805,CC(C)C[C@H]1Nc2ccccc2C[C@H]1N3C(=O)c4ccccc4C3=O,17.9,0.7,0.3,10.1002/chem.201402592,ODH,1148,ODH_charity_0616:row:1148,12.53,test,
6806,6806,CC(C)C[C@@H]1Nc2ccccc2C[C@H]1N3C(=O)c4ccccc4C3=O,10.2,0.7,0.3,10.1002/chem.201402592,ODH,1149,ODH_charity_0616:row:1149,7.14,train,
6808,6808,C[C@@H](N[S](=O)(=O)C(C)(C)C)c1cccc(Cl)c1,7.8,1.0,0.05,10.1002/anie.201902576,ODH,1150,ODH_charity_0616:row:1150,7.8,train,
6809,6809,C[C@H](N[S](=O)(=O)C(C)(C)C)c1cccc(Cl)c1,10.2,1.0,0.05,10.1002/anie.201902576,ODH,1151,ODH_charity_0616:row:1151,10.2,train,
6830,6830,CC(C)(C)[P@](=O)(Cc1ccc(cc1)C#N)c2ccccc2,7.9,1.0,0.15,10.1002/anie.202111957,ODH,1152,ODH_charity_0616:row:1152,7.9,test,
6831,6831,CC(C)(C)[P@@](=O)(Cc1ccc(cc1)C#N)c2ccccc2,10.22,1.0,0.15,10.1002/anie.202111957,ODH,1153,ODH_charity_0616:row:1153,10.22,train,
6875,6875,C=C[C@@H](CCc1ccccc1)NCC#C,11.015,0.8,0.008,10.1021/acscatal.0c00712,ODH,1154,ODH_charity_0616:row:1154,8.812,train,
6876,6876,C=C[C@H](CCc1ccccc1)NCC#C,10.297,0.8,0.008,10.1021/acscatal.0c00712,ODH,1155,ODH_charity_0616:row:1155,8.2376,train,
6881,6881,COc1ccc(cc1)[C@](c2[nH]c3ccccc3c2)(c4ccccc4)c5ccccc5OC,11.1,1.0,0.03,10.1038/s41929/020/00535/4,ODH,1156,ODH_charity_0616:row:1156,11.1,train,
6882,6882,COc1ccc(cc1)[C@@](c2[nH]c3ccccc3c2)(c4ccccc4)c5ccccc5OC,10.3,1.0,0.03,10.1038/s41929/020/00535/4,ODH,1157,ODH_charity_0616:row:1157,10.3,train,
6889,6889,OC[C@@H](O)c1ccc2ccccc2c1,11.3,0.5,0.3,10.1021/acs.orglett.8b01029,ODH,1158,ODH_charity_0616:row:1158,5.65,train,
6890,6890,OC[C@H](O)c1ccc2ccccc2c1,10.3,0.5,0.3,10.1021/acs.orglett.8b01029,ODH,1159,ODH_charity_0616:row:1159,5.15,train,
6910,6910,CN1C(=O)[C@@H](Nc2ccccc12)c3ccc(Br)cc3,16.4,1.0,0.2,10.1016/j.tet.2021.131968,ODH,1160,ODH_charity_0616:row:1160,16.4,train,
6911,6911,CN1C(=O)[C@H](Nc2ccccc12)c3ccc(Br)cc3,10.3,1.0,0.2,10.1016/j.tet.2021.131968,ODH,1161,ODH_charity_0616:row:1161,10.3,train,
6916,6916,Brc1cccc(c1)[C@]2(CCC(=O)O2)C(=O)OC(c3ccccc3)c4ccccc4,27.7,0.75,0.2,10.1002/chem.201501481,ODH,1162,ODH_charity_0616:row:1162,20.775,train,
6917,6917,Brc1cccc(c1)[C@@]2(CCC(=O)O2)C(=O)OC(c3ccccc3)c4ccccc4,10.3,0.75,0.2,10.1002/chem.201501481,ODH,1163,ODH_charity_0616:row:1163,7.725,train,
6927,6927,CC[C@@]1(N(c2ccccc2C1=C)[S](=O)(=O)C(F)(F)F)c3ccccc3,8.3,0.5,0.05,10.1002/anie.201904805,ODH,1164,ODH_charity_0616:row:1164,4.15,train,
6928,6928,CC[C@]1(N(c2ccccc2C1=C)[S](=O)(=O)C(F)(F)F)c3ccccc3,10.3,0.5,0.05,10.1002/anie.201904805,ODH,1165,ODH_charity_0616:row:1165,5.15,train,
6929,6929,O[C@H](C1CCCCC1)c2ccccc2,8.4,0.8,0.05,10.1016/j.tetlet.2011.03.057,ODH,1166,ODH_charity_0616:row:1166,6.72,train,
6930,6930,O[C@@H](C1CCCCC1)c2ccccc2,10.3,0.8,0.05,10.1016/j.tetlet.2011.03.057,ODH,1167,ODH_charity_0616:row:1167,8.24,train,
6933,6933,CC[C@@]1(N(c2cc(OC)ccc2C1=C)[S](=O)(=O)C(F)(F)F)c3ccccc3,8.72,0.5,0.05,10.1002/anie.201904805,ODH,1168,ODH_charity_0616:row:1168,4.36,train,
6934,6934,CC[C@]1(N(c2cc(OC)ccc2C1=C)[S](=O)(=O)C(F)(F)F)c3ccccc3,10.3,0.5,0.05,10.1002/anie.201904805,ODH,1169,ODH_charity_0616:row:1169,5.15,train,
6960,6960,Cc1ccc(cc1)[S](=O)(=O)N2C[C@@H](C=C)N(c3cc4ccccc4cc3C2=O)[S](C)(=O)=O,29.97,1.0,0.3,10.1021/acscatal.1c04541,ODH,1170,ODH_charity_0616:row:1170,29.97,train,
6961,6961,Cc1ccc(cc1)[S](=O)(=O)N2C[C@H](C=C)N(c3cc4ccccc4cc3C2=O)[S](C)(=O)=O,10.32,1.0,0.3,10.1021/acscatal.1c04541,ODH,1171,ODH_charity_0616:row:1171,10.32,train,
6966,6966,CC(=O)[C@@]1(CO1)c2ccc(Cl)cc2,9.75,1.0,0.1,10.1021/acs.orglett.1c02588,ODH,1172,ODH_charity_0616:row:1172,9.75,train,
6967,6967,CC(=O)[C@]1(CO1)c2ccc(Cl)cc2,10.34,1.0,0.1,10.1021/acs.orglett.1c02588,ODH,1173,ODH_charity_0616:row:1173,10.34,train,
6997,6997,CN(CC[C@@H](O)c1ccc(Cl)c(Cl)c1)Cc2ccccc2,13.56,1.0,0.05,10.1039/C3OB40135A,ODH,1174,ODH_charity_0616:row:1174,13.56,train,
6998,6998,CN(CC[C@H](O)c1ccc(Cl)c(Cl)c1)Cc2ccccc2,10.39,1.0,0.05,10.1039/C3OB40135A,ODH,1175,ODH_charity_0616:row:1175,10.39,train,
7006,7006,COc1ccc2[C@@H](C[S](=O)(=O)Oc2c1)c3ccccc3,11.1,1.0,0.2,10.1021/acs.orglett.7b02341,ODH,1176,ODH_charity_0616:row:1176,11.1,train,
7007,7007,COc1ccc2[C@H](C[S](=O)(=O)Oc2c1)c3ccccc3,10.4,1.0,0.2,10.1021/acs.orglett.7b02341,ODH,1177,ODH_charity_0616:row:1177,10.4,train,
7017,7017,COC(=O)[C@@]1(CCC(=O)O1)c2ccccc2,11.9,0.75,0.2,10.1002/chem.201501481,ODH,1178,ODH_charity_0616:row:1178,8.925,train,
7018,7018,COC(=O)[C@]1(CCC(=O)O1)c2ccccc2,10.4,0.75,0.2,10.1002/chem.201501481,ODH,1179,ODH_charity_0616:row:1179,7.8,train,
7029,7029,Clc1ccc2OC(=O)[C@@H](Nc2c1)c3ccccc3,14.9,0.7,0.3,10.1016/j.tet.2021.131968,ODH,1180,ODH_charity_0616:row:1180,10.43,train,
7030,7030,Clc1ccc2OC(=O)[C@H](Nc2c1)c3ccccc3,10.4,0.7,0.3,10.1016/j.tet.2021.131968,ODH,1181,ODH_charity_0616:row:1181,7.28,train,
7033,7033,CCCC(=O)O\C(c1ccccc1)=C\2[C@H]([C@H](C)C=C2c3ccccc3)c4ccc(cc4)[N+]([O-])=O,16.6,0.7,0.01,10.1002/anie.201408604,ODH,1182,ODH_charity_0616:row:1182,11.62,train,
7034,7034,CCCC(=O)O\C(c1ccccc1)=C\2[C@@H]([C@H](C)C=C2c3ccccc3)c4ccc(cc4)[N+]([O-])=O,10.4,0.7,0.01,10.1002/anie.201408604,ODH,1183,ODH_charity_0616:row:1183,7.28,train,
7039,7039,CSCC[C@@](N)(C\C=C\c1ccccc1)C(=O)OC(C)(C)C,6.8,1.0,0.1,10.1021/jacs.7b05460,ODH,1184,ODH_charity_0616:row:1184,6.8,train,
7040,7040,CSCC[C@](N)(C\C=C\c1ccccc1)C(=O)OC(C)(C)C,10.4,1.0,0.1,10.1021/jacs.7b05460,ODH,1185,ODH_charity_0616:row:1185,10.4,train,
7043,7043,C[C@@H](N[S](=O)(=O)C(C)(C)C)c1ccc(Cl)cc1,8.0,1.0,0.05,10.1002/anie.201902576,ODH,1186,ODH_charity_0616:row:1186,8.0,train,
7044,7044,C[C@H](N[S](=O)(=O)C(C)(C)C)c1ccc(Cl)cc1,10.4,1.0,0.05,10.1002/anie.201902576,ODH,1187,ODH_charity_0616:row:1187,10.4,train,
7051,7051,CC(C)(C)[S](=O)(=O)N[C@@H]1CCCc2ccccc12,8.6,1.0,0.05,10.1002/anie.201902576,ODH,1188,ODH_charity_0616:row:1188,8.6,train,
7052,7052,CC(C)(C)[S](=O)(=O)N[C@H]1CCCc2ccccc12,10.4,1.0,0.05,10.1002/anie.201902576,ODH,1189,ODH_charity_0616:row:1189,10.4,train,
7061,7061,O[C@]1([C@H](C=C)c2ccccc2)C(=O)N(Cc3ccccc3F)c4ccccc14,8.25,1.0,0.1,10.1021/acs.orglett.8b02655,ODH,1190,ODH_charity_0616:row:1190,8.25,train,
7062,7062,O[C@@]1([C@H](C=C)c2ccccc2)C(=O)N(Cc3ccccc3F)c4ccccc14,10.417,1.0,0.1,10.1021/acs.orglett.8b02655,ODH,1191,ODH_charity_0616:row:1191,10.417,train,
7070,7070,O[C@]1(C(=C)c2ccccc2)C(=O)N(Cc3ccccc3)c4ccccc14,8.41,1.0,0.1,10.1002/anie.202110315,ODH,1192,ODH_charity_0616:row:1192,8.41,train,
7071,7071,O[C@@]1(C(=C)c2ccccc2)C(=O)N(Cc3ccccc3)c4ccccc14,10.43,1.0,0.1,10.1002/anie.202110315,ODH,1193,ODH_charity_0616:row:1193,10.43,train,
7072,7072,Cc1cccc(c1)[C@H]2CC(=O)Oc3ccccc23,12.27,1.0,0.1,10.1039/D0SC04340K,ODH,1194,ODH_charity_0616:row:1194,12.27,train,
7073,7073,Cc1cccc(c1)[C@@H]2CC(=O)Oc3ccccc23,10.44,1.0,0.1,10.1039/D0SC04340K,ODH,1195,ODH_charity_0616:row:1195,10.44,train,
7074,7074,C=C[C@H]1CC(=C(O1)c2cscc2)C#N,12.018,1.0,0.01,10.1021/acs.orglett.0c01483,ODH,1196,ODH_charity_0616:row:1196,12.018,train,
7075,7075,C=C[C@@H]1CC(=C(O1)c2cscc2)C#N,10.444,1.0,0.01,10.1021/acs.orglett.0c01483,ODH,1197,ODH_charity_0616:row:1197,10.444,train,
7086,7086,CCC[C@@H](NCc1sccc1)C=C,11.237,0.5,0.01,10.1021/acscatal.0c00712,ODH,1198,ODH_charity_0616:row:1198,5.6185,train,
7087,7087,CCC[C@H](NCc1sccc1)C=C,10.471,0.5,0.01,10.1021/acscatal.0c00712,ODH,1199,ODH_charity_0616:row:1199,5.2355,train,
7098,7098,C[C@@H](NC(=O)OC(C)(C)C)C(=O)OCc1ccccc1,9.67,1.0,0.04,10.1002/anie.201105485,ODH,1200,ODH_charity_0616:row:1200,9.67,test,
7099,7099,C[C@H](NC(=O)OC(C)(C)C)C(=O)OCc1ccccc1,10.49,1.0,0.04,10.1002/anie.201105485,ODH,1201,ODH_charity_0616:row:1201,10.49,train,
7100,7100,Cc1ccc(cc1)C(=O)C(=[N+]=[N-])[C@@H](N)C(F)(F)F,9.022,1.0,0.15,10.1002/anie.201810253,ODH,1202,ODH_charity_0616:row:1202,9.022,train,
7101,7101,Cc1ccc(cc1)C(=O)C(=[N+]=[N-])[C@H](N)C(F)(F)F,10.494,1.0,0.15,10.1002/anie.201810253,ODH,1203,ODH_charity_0616:row:1203,10.494,test,
7102,7102,Brc1ccc(cc1)C2=C(C[C@@H](O2)C=C)C#N,12.744,1.0,0.01,10.1021/acs.orglett.0c01483,ODH,1204,ODH_charity_0616:row:1204,12.744,train,
7103,7103,Brc1ccc(cc1)C2=C(C[C@H](O2)C=C)C#N,10.496,1.0,0.01,10.1021/acs.orglett.0c01483,ODH,1205,ODH_charity_0616:row:1205,10.496,train,
7106,7106,CCCC[C@@]1(COc2ccccc12)CC3CC3,10.0,0.5,0.0,10.1002/anie.201907840,ODH,1206,ODH_charity_0616:row:1206,5.0,train,
7107,7107,CCCC[C@]1(COc2ccccc12)CC3CC3,10.5,0.5,0.0,10.1002/anie.201907840,ODH,1207,ODH_charity_0616:row:1207,5.25,train,
7114,7114,CCOC(=O)N1CCN(CC1)[C@H](CCc2ccccc2)C=C,11.87,0.5,0.1,10.1021/jacs.9b06035,ODH,1208,ODH_charity_0616:row:1208,5.935,train,
7115,7115,CCOC(=O)N1CCN(CC1)[C@@H](CCc2ccccc2)C=C,10.5,0.5,0.1,10.1021/jacs.9b06035,ODH,1209,ODH_charity_0616:row:1209,5.25,train,
7127,7127,Cc1ccc(cc1)[C@H]2c3cc4OCOc4cc3OC(=C2C#N)N,12.9,0.7,0.25,10.1021/acs.orglett.5b03148,ODH,1210,ODH_charity_0616:row:1210,9.03,train,
7128,7128,Cc1ccc(cc1)[C@@H]2c3cc4OCOc4cc3OC(=C2C#N)N,10.5,0.7,0.25,10.1021/acs.orglett.5b03148,ODH,1211,ODH_charity_0616:row:1211,7.35,valid,
7133,7133,FC(F)(F)c1cc(N[C@@H]2C=CC(=O)[C@]2(Cc3ccccc3)c4ccccc4)cc(c1)C(F)(F)F,14.8,1.0,0.03,10.1002/anie.201607714,ODH,1212,ODH_charity_0616:row:1212,14.8,train,
7146,7146,CC[C@@]1(N(c2ccc(C)cc2C1=C)[S](=O)(=O)C(F)(F)F)c3ccc(OC)cc3,9.78,0.6,0.1,10.1002/anie.201904805,ODH,1213,ODH_charity_0616:row:1213,5.868,train,
7147,7147,CC[C@]1(N(c2ccc(C)cc2C1=C)[S](=O)(=O)C(F)(F)F)c3ccc(OC)cc3,10.5,0.6,0.1,10.1002/anie.201904805,ODH,1214,ODH_charity_0616:row:1214,6.3,train,
7150,7150,C[C@H](CC(C)=O)\C=C\c1sccc1,12.17,0.8,0.02,10.1002/adsc.201600375,ODH,1215,ODH_charity_0616:row:1215,9.736,train,
7151,7151,C[C@@H](CC(C)=O)\C=C\c1sccc1,10.51,0.8,0.02,10.1002/adsc.201600375,ODH,1216,ODH_charity_0616:row:1216,8.408,train,
7157,7157,COC(=O)[C@H]1Cc2c(O1)ccc3ccccc23,12.31,1.0,0.1,10.1002/anie.201209455,ODH,1217,ODH_charity_0616:row:1217,12.31,train,
7158,7158,COC(=O)[C@@H]1Cc2c(O1)ccc3ccccc23,10.52,1.0,0.1,10.1002/anie.201209455,ODH,1218,ODH_charity_0616:row:1218,10.52,train,
7159,7159,COC(=O)[C@H](Nc1ccc(Cl)cc1)c2ccccc2,9.299,0.8,0.05,10.1038/s41467/020/19807/5,ODH,1219,ODH_charity_0616:row:1219,7.4392,train,
7160,7160,COC(=O)[C@@H](Nc1ccc(Cl)cc1)c2ccccc2,10.523,0.8,0.05,10.1038/s41467/020/19807/5,ODH,1220,ODH_charity_0616:row:1220,8.4184,train,
7161,7161,N#CC1=C(O[C@H]2C=CCC[C@@H]12)C3CC3,12.588,1.0,0.01,10.1039/C9CC07204G,ODH,1221,ODH_charity_0616:row:1221,12.588,train,
7168,7168,CC(=C)C[C@@]1(C)CC(=NO1)c2ccccc2,11.42,0.6,0.05,10.1002/anie.201912408,ODH,1222,ODH_charity_0616:row:1222,6.852,valid,
7169,7169,CC(=C)C[C@]1(C)CC(=NO1)c2ccccc2,10.55,0.6,0.05,10.1002/anie.201912408,ODH,1223,ODH_charity_0616:row:1223,6.33,train,
7187,7187,Cc1cccc(c1)\C=C\2CC[C@H]2O,8.389,0.8,0.1,10.1021/acs.orglett.9b01514,ODH,1224,ODH_charity_0616:row:1224,6.7112,train,
7188,7188,Cc1cccc(c1)\C=C\2CC[C@@H]2O,10.598,0.8,0.1,10.1021/acs.orglett.9b01514,ODH,1225,ODH_charity_0616:row:1225,8.4784,train,
7194,7194,COc1ccc(cc1)[C@@H]2C[C@@H](Oc3ccccc23)Sc4ccccc4,10.1,1.0,0.01,10.1021/acs.orglett.7b00867,ODH,1226,ODH_charity_0616:row:1226,10.1,train,
7201,7201,CC(C)OC(=O)[C@H](c1ccccc1)c2c(C)n(Cc3ccccc3)c4ccccc24,11.7,0.7,0.1,10.1039/C6OB01516F,ODH,1227,ODH_charity_0616:row:1227,8.19,train,
7202,7202,CC(C)OC(=O)[C@@H](c1ccccc1)c2c(C)n(Cc3ccccc3)c4ccccc24,10.6,0.7,0.1,10.1039/C6OB01516F,ODH,1228,ODH_charity_0616:row:1228,7.42,train,
7219,7219,CCOC(=O)CC[C@@H]1Cc2ccccc2N1,13.6,1.0,0.1,10.1021/ja502020b,ODH,1229,ODH_charity_0616:row:1229,13.6,train,
7220,7220,CCOC(=O)CC[C@H]1Cc2ccccc2N1,10.6,1.0,0.1,10.1021/ja502020b,ODH,1230,ODH_charity_0616:row:1230,10.6,train,
7231,7231,Clc1ccc2OC(=O)[C@H](Nc2c1)c3ccccc3,15.7,0.7,0.3,10.1039/D0CC03091K,ODH,1231,ODH_charity_0616:row:1231,10.99,train,
7232,7232,Clc1ccc2OC(=O)[C@@H](Nc2c1)c3ccccc3,10.6,0.7,0.3,10.1039/D0CC03091K,ODH,1232,ODH_charity_0616:row:1232,7.42,train,
7233,7233,O[C@@H]1[C@@H]2O[C@@H]2C(=O)c3cc(Cc4ccccc4)c(Cc5ccccc5)cc13,16.7,0.8,0.12,10.1021/acs.orglett.6b01073,ODH,1233,ODH_charity_0616:row:1233,13.36,train,
7234,7234,CN1C(=O)[C@H](Nc2ccccc12)c3ccc(Br)cc3,17.2,1.0,0.2,10.1039/D0CC03091K,ODH,1234,ODH_charity_0616:row:1234,17.2,train,
7235,7235,CN1C(=O)[C@@H](Nc2ccccc12)c3ccc(Br)cc3,10.6,1.0,0.2,10.1039/D0CC03091K,ODH,1235,ODH_charity_0616:row:1235,10.6,valid,
7238,7238,COc1cccc(c1)[C@]2(CCC(=O)O2)C(=O)OC(c3ccccc3)c4ccccc4,26.4,0.75,0.2,10.1002/chem.201501481,ODH,1236,ODH_charity_0616:row:1236,19.8,train,
7239,7239,COc1cccc(c1)[C@@]2(CCC(=O)O2)C(=O)OC(c3ccccc3)c4ccccc4,10.6,0.75,0.2,10.1002/chem.201501481,ODH,1237,ODH_charity_0616:row:1237,7.95,train,
7242,7242,C[C@@H](N[S](=O)(=O)C(C)(C)C)c1ccc(Br)cc1,8.2,1.0,0.05,10.1002/anie.201902576,ODH,1238,ODH_charity_0616:row:1238,8.2,test,
7243,7243,C[C@H](N[S](=O)(=O)C(C)(C)C)c1ccc(Br)cc1,10.6,1.0,0.05,10.1002/anie.201902576,ODH,1239,ODH_charity_0616:row:1239,10.6,valid,
7254,7254,COc1ccc(cc1)[C@@H]2C[C@@H](Oc3ccc(Cl)cc23)Sc4ccccc4,9.4,1.0,0.05,10.1021/acs.orglett.7b00867,ODH,1240,ODH_charity_0616:row:1240,9.4,train,
7257,7257,COC(=O)[C@H](O)c1ccc2ccccc2c1,9.76,2.0,0.1,10.1002/anie.200704651,ODH,1241,ODH_charity_0616:row:1241,19.52,train,
7258,7258,COC(=O)[C@@H](O)c1ccc2ccccc2c1,10.6,2.0,0.1,10.1002/anie.200704651,ODH,1242,ODH_charity_0616:row:1242,21.2,train,
7261,7261,Fc1ccccc1C2=C(C#N)[C@@H]3CCC=C[C@@H]3O2,11.731,1.0,0.01,10.1039/C9CC07204G,ODH,1243,ODH_charity_0616:row:1243,11.731,train,
7262,7262,CC(C)(C)c1ccc(cc1)[C@H](\C=C\c2ccccc2)[P](=O)(c3ccccc3)c4ccccc4,8.921,1.0,0.05,10.1021/jacs.2c00239,ODH,1244,ODH_charity_0616:row:1244,8.921,train,
7263,7263,CC(C)(C)c1ccc(cc1)[C@@H](\C=C\c2ccccc2)[P](=O)(c3ccccc3)c4ccccc4,10.605,1.0,0.05,10.1021/jacs.2c00239,ODH,1245,ODH_charity_0616:row:1245,10.605,train,
7264,7264,CC(C)c1ccccc1[C@@H](C#Cc2ccccc2)c3ccc(C)cc3,11.39,0.8,0.005,10.1021/jacs.1c09742,ODH,1246,ODH_charity_0616:row:1246,9.112,train,
7265,7265,CC(C)c1ccccc1[C@H](C#Cc2ccccc2)c3ccc(C)cc3,10.61,0.8,0.005,10.1021/jacs.1c09742,ODH,1247,ODH_charity_0616:row:1247,8.488,train,
7277,7277,CC(=C)C[C@H]1CC(=NO1)c2ccc(cc2)C(C)(C)C,9.7,0.6,0.05,10.1002/anie.201912408,ODH,1248,ODH_charity_0616:row:1248,5.82,train,
7278,7278,CC(=C)C[C@@H]1CC(=NO1)c2ccc(cc2)C(C)(C)C,10.63,0.6,0.05,10.1002/anie.201912408,ODH,1249,ODH_charity_0616:row:1249,6.378,train,
7281,7281,C[C@@](C\C=C\C=C\c1ccccc1)(C=O)c2ccc(cc2)C(F)(F)F,12.769,1.0,0.05,10.6023/A18060235,ODH,1250,ODH_charity_0616:row:1250,12.769,train,
7282,7282,C[C@](C\C=C\C=C\c1ccccc1)(C=O)c2ccc(cc2)C(F)(F)F,10.64,1.0,0.05,10.6023/A18060235,ODH,1251,ODH_charity_0616:row:1251,10.64,train,
7290,7290,CC(C)(C)OC(=O)N1OCC[C@@H]1Cc2ccc(C=O)cc2,9.532,0.8,0.2,10.1039/D1SC01337H,ODH,1252,ODH_charity_0616:row:1252,7.6256,train,
7291,7291,CC(C)(C)OC(=O)N1OCC[C@H]1Cc2ccc(C=O)cc2,10.645,0.8,0.2,10.1039/D1SC01337H,ODH,1253,ODH_charity_0616:row:1253,8.516,train,
7299,7299,N[C@H](C(=[N+]=[N-])C(=O)c1ccc(OC(F)(F)F)cc1)C(F)(F)F,9.348,1.0,0.1,10.1002/anie.201810253,ODH,1254,ODH_charity_0616:row:1254,9.348,train,
7300,7300,N[C@@H](C(=[N+]=[N-])C(=O)c1ccc(OC(F)(F)F)cc1)C(F)(F)F,10.668,1.0,0.1,10.1002/anie.201810253,ODH,1255,ODH_charity_0616:row:1255,10.668,train,
7310,7310,CC(C)(C)OC(=O)N1OCC[C@@H]1Cc2ccc(cc2)C#N,9.295,0.8,0.2,10.1039/D1SC01337H,ODH,1256,ODH_charity_0616:row:1256,7.436,train,
7311,7311,CC(C)(C)OC(=O)N1OCC[C@H]1Cc2ccc(cc2)C#N,10.698,0.8,0.2,10.1039/D1SC01337H,ODH,1257,ODH_charity_0616:row:1257,8.5584,train,
7322,7322,NC1=C(C#N)[C@@H](c2ccccc2)c3cc4OCOc4cc3O1,11.9,0.7,0.3,10.1021/acs.orglett.5b03148,ODH,1258,ODH_charity_0616:row:1258,8.33,train,
7323,7323,NC1=C(C#N)[C@H](c2ccccc2)c3cc4OCOc4cc3O1,10.7,0.7,0.3,10.1021/acs.orglett.5b03148,ODH,1259,ODH_charity_0616:row:1259,7.49,train,
7326,7326,C([C@@H]1Cc2ccccc2N1)c3ccccc3,12.0,1.0,0.01,10.1021/ja502020b,ODH,1260,ODH_charity_0616:row:1260,12.0,test,
7327,7327,C([C@H]1Cc2ccccc2N1)c3ccccc3,10.7,1.0,0.01,10.1021/ja502020b,ODH,1261,ODH_charity_0616:row:1261,10.7,train,
7350,7350,Cc1ccc(cc1)[S](=O)(=O)NC[C@@H](Sc2sc3ccccc3n2)c4ccc(cc4)B5OC(C)(C)C(C)(C)O5,13.8,1.0,0.2,10.1021/acs.orglett.0c04074,ODH,1262,ODH_charity_0616:row:1262,13.8,test,
7351,7351,Cc1ccc(cc1)[S](=O)(=O)NC[C@H](Sc2sc3ccccc3n2)c4ccc(cc4)B5OC(C)(C)C(C)(C)O5,10.7,1.0,0.2,10.1021/acs.orglett.0c04074,ODH,1263,ODH_charity_0616:row:1263,10.7,train,
7356,7356,Cc1ccc2N(C(=O)C(c3ccccc3)c4ccccc4)C(=O)[C@](C)(C(=O)OCC=C)c2c1,16.8,0.8,0.01,10.1002/ajoc.201900294,ODH,1264,ODH_charity_0616:row:1264,13.44,train,
7357,7357,Cc1ccc2N(C(=O)C(c3ccccc3)c4ccccc4)C(=O)[C@@](C)(C(=O)OCC=C)c2c1,10.7,0.8,0.01,10.1002/ajoc.201900294,ODH,1265,ODH_charity_0616:row:1265,8.56,train,
7358,7358,CC(C)[C@@H]1Cc2ccccc2N1,17.5,1.0,0.01,10.1039/C8QO00710A,ODH,1266,ODH_charity_0616:row:1266,17.5,train,
7359,7359,CC(C)[C@H]1Cc2ccccc2N1,10.7,1.0,0.01,10.1039/C8QO00710A,ODH,1267,ODH_charity_0616:row:1267,10.7,train,
7360,7360,O=C1CC[C@](O1)(C(=O)OC(c2ccccc2)c3ccccc3)c4ccccc4,30.9,0.75,0.2,10.1002/chem.201501481,ODH,1268,ODH_charity_0616:row:1268,23.175,train,
7361,7361,O=C1CC[C@@](O1)(C(=O)OC(c2ccccc2)c3ccccc3)c4ccccc4,10.7,0.75,0.2,10.1002/chem.201501481,ODH,1269,ODH_charity_0616:row:1269,8.025,train,
7364,7364,C1CSC(SC1)([C@@H](C=Cc2ccccc2)c3ccccc3)c4sccc4,8.2,1.0,0.02,10.1021/acs.orglett.6b03161,ODH,1270,ODH_charity_0616:row:1270,8.2,train,
7365,7365,C1CSC(SC1)([C@H](C=Cc2ccccc2)c3ccccc3)c4sccc4,10.7,1.0,0.02,10.1021/acs.orglett.6b03161,ODH,1271,ODH_charity_0616:row:1271,10.7,test,
7378,7378,C[C@@H](O)c1ccc(Br)cc1,9.73,1.0,0.05,10.1021/acs.orglett.8b02591,ODH,1272,ODH_charity_0616:row:1272,9.73,train,
7379,7379,C[C@H](O)c1ccc(Br)cc1,10.71,1.0,0.05,10.1021/acs.orglett.8b02591,ODH,1273,ODH_charity_0616:row:1273,10.71,train,
7388,7388,COc1ccc(cc1)C2=C(C[C@@H](O2)C=C)C#N,15.33,1.0,0.05,10.1021/acs.orglett.0c01483,ODH,1274,ODH_charity_0616:row:1274,15.33,train,
7389,7389,COc1ccc(cc1)C2=C(C[C@H](O2)C=C)C#N,10.731,1.0,0.05,10.1021/acs.orglett.0c01483,ODH,1275,ODH_charity_0616:row:1275,10.731,test,
7400,7400,C[S@](=O)c1ccc2ccccc2c1,12.077,1.0,0.2,10.1039/D0CC00434K,ODH,1276,ODH_charity_0616:row:1276,12.077,train,
7401,7401,C[S@@](=O)c1ccc2ccccc2c1,10.784,1.0,0.2,10.1039/D0CC00434K,ODH,1277,ODH_charity_0616:row:1277,10.784,train,
7402,7402,BrC[C@H]1CC(CN1[S](=O)(=O)c2ccccc2)(c3ccccc3)c4ccccc4,14.94,1.0,0.1,10.1002/anie.201705066,ODH,1278,ODH_charity_0616:row:1278,14.94,train,
7403,7403,BrC[C@@H]1CC(CN1[S](=O)(=O)c2ccccc2)(c3ccccc3)c4ccccc4,10.79,1.0,0.1,10.1002/anie.201705066,ODH,1279,ODH_charity_0616:row:1279,10.79,train,
7424,7424,COc1cc2OC(=C(C#N)[C@@H](c3ccccc3)c2cc1OC)N,13.1,0.7,0.3,10.1021/acs.orglett.5b03148,ODH,1280,ODH_charity_0616:row:1280,9.17,train,
7425,7425,COc1cc2OC(=C(C#N)[C@H](c3ccccc3)c2cc1OC)N,10.8,0.7,0.3,10.1021/acs.orglett.5b03148,ODH,1281,ODH_charity_0616:row:1281,7.56,train,
7437,7437,O=C1Oc2ccccc2N[C@H]1c3ccccc3,14.6,0.7,0.3,10.1016/j.tet.2021.131968,ODH,1282,ODH_charity_0616:row:1282,10.22,train,
7438,7438,O=C1Oc2ccccc2N[C@@H]1c3ccccc3,10.8,0.7,0.3,10.1016/j.tet.2021.131968,ODH,1283,ODH_charity_0616:row:1283,7.56,train,
7441,7441,C[C@@H](N[S](=O)(=O)C(C)(C)C)c1cccc(Br)c1,8.3,1.0,0.05,10.1002/anie.201902576,ODH,1284,ODH_charity_0616:row:1284,8.3,train,
7442,7442,C[C@H](N[S](=O)(=O)C(C)(C)C)c1cccc(Br)c1,10.8,1.0,0.05,10.1002/anie.201902576,ODH,1285,ODH_charity_0616:row:1285,10.8,train,
7443,7443,CC(C)(C)OC(=O)/C=C/[C@@H](NCc1ccccc1)c2ccccc2,8.5,0.6,0.06,10.1021/acs.orglett.7b01904,ODH,1286,ODH_charity_0616:row:1286,5.1,test,
7444,7444,CC(C)(C)OC(=O)/C=C/[C@H](NCc1ccccc1)c2ccccc2,10.8,0.6,0.06,10.1021/acs.orglett.7b01904,ODH,1287,ODH_charity_0616:row:1287,6.48,train,
7452,7452,CCOC(=O)[C@@H](CC(=O)c1ccc(C)cc1)C(=C)C(C)=O,9.7,1.0,0.2,10.6023/A16070358,ODH,1288,ODH_charity_0616:row:1288,9.7,train,
7453,7453,CCOC(=O)[C@H](CC(=O)c1ccc(C)cc1)C(=C)C(C)=O,10.8,1.0,0.2,10.6023/A16070358,ODH,1289,ODH_charity_0616:row:1289,10.8,train,
7456,7456,CSc1ccc(cc1)[C@@H]2C[C@@H](Oc3ccccc23)Sc4ccccc4,9.8,1.0,0.03,10.1021/acs.orglett.7b00867,ODH,1290,ODH_charity_0616:row:1290,9.8,train,
7457,7457,Cc1ccc2OC(=O)C[C@H](c3ccccc3)c2c1,12.87,1.0,0.1,10.1039/D0SC04340K,ODH,1291,ODH_charity_0616:row:1291,12.87,train,
7458,7458,Cc1ccc2OC(=O)C[C@@H](c3ccccc3)c2c1,10.81,1.0,0.1,10.1039/D0SC04340K,ODH,1292,ODH_charity_0616:row:1292,10.81,train,
7484,7484,CCC[C@H](C=C)n1cnc2ccccc12,12.591,0.6,0.1,10.1021/acscatal.0c00712,ODH,1293,ODH_charity_0616:row:1293,7.5546,valid,
7485,7485,CCC[C@@H](C=C)n1cnc2ccccc12,10.855,0.6,0.1,10.1021/acscatal.0c00712,ODH,1294,ODH_charity_0616:row:1294,6.513,train,
7498,7498,CCc1ccc(cc1)[C@H](O)C(O)=O,8.47,0.8,0.1,10.1002/adsc.201700846,ODH,1295,ODH_charity_0616:row:1295,6.776,train,
7499,7499,CCc1ccc(cc1)[C@@H](O)C(O)=O,10.89,0.8,0.1,10.1002/adsc.201700846,ODH,1296,ODH_charity_0616:row:1296,8.712,train,
7512,7512,O=C1CC[C@](O1)(C(=O)Oc2ccccc2)c3ccccc3,11.8,0.75,0.2,10.1002/chem.201501481,ODH,1297,ODH_charity_0616:row:1297,8.85,train,
7513,7513,O=C1CC[C@@](O1)(C(=O)Oc2ccccc2)c3ccccc3,10.9,0.75,0.2,10.1002/chem.201501481,ODH,1298,ODH_charity_0616:row:1298,8.175,train,
7523,7523,C[C@]1(C(=O)OCC=C)C(=O)Oc2ccc3ccccc3c12,12.8,1.0,0.05,10.1039/C9QO01025D,ODH,1299,ODH_charity_0616:row:1299,12.8,train,
7524,7524,C[C@@]1(C(=O)OCC=C)C(=O)Oc2ccc3ccccc3c12,10.9,1.0,0.05,10.1039/C9QO01025D,ODH,1300,ODH_charity_0616:row:1300,10.9,train,
7525,7525,C[C@@H]1Nc2ccccc2Oc3ccc(F)cc13,13.0,0.7,0.05,10.1039/C1CC12263K,ODH,1301,ODH_charity_0616:row:1301,9.1,train,
7526,7526,C[C@H]1Nc2ccccc2Oc3ccc(F)cc13,10.9,0.7,0.05,10.1039/C1CC12263K,ODH,1302,ODH_charity_0616:row:1302,7.63,train,
7529,7529,C[C@]1(C(=O)OCC=C)C(=O)Oc2c3ccccc3ccc12,13.3,0.6,0.05,10.1039/c6cc09451a,ODH,1303,ODH_charity_0616:row:1303,7.98,train,
7530,7530,C[C@@]1(C(=O)OCC=C)C(=O)Oc2c3ccccc3ccc12,10.9,0.6,0.05,10.1039/c6cc09451a,ODH,1304,ODH_charity_0616:row:1304,6.54,train,
7535,7535,O=C1Oc2ccccc2N[C@@H]1c3ccccc3,15.0,0.7,0.3,10.1039/D0CC03091K,ODH,1305,ODH_charity_0616:row:1305,10.5,train,
7536,7536,O=C1Oc2ccccc2N[C@H]1c3ccccc3,10.9,0.7,0.3,10.1039/D0CC03091K,ODH,1306,ODH_charity_0616:row:1306,7.63,train,
7537,7537,O=C1Oc2ccccc2N[C@@H]1c3ccccc3,15.0,0.7,0.3,10.1002/anie.201813400,ODH,1307,ODH_charity_0616:row:1307,10.5,train,
7538,7538,O=C1Oc2ccccc2N[C@H]1c3ccccc3,10.9,0.7,0.3,10.1002/anie.201813400,ODH,1308,ODH_charity_0616:row:1308,7.63,train,
7546,7546,CC(C)(C)OC(=O)[C@@](C)(N)C\C=C\c1ccccc1,5.3,1.0,0.1,10.1021/jacs.7b05460,ODH,1309,ODH_charity_0616:row:1309,5.3,train,
7547,7547,CC(C)(C)OC(=O)[C@](C)(N)C\C=C\c1ccccc1,10.9,1.0,0.1,10.1021/jacs.7b05460,ODH,1310,ODH_charity_0616:row:1310,10.9,train,
7548,7548,CC(C)(C)OC(=O)[C@@](C)(N)C\C=C\c1ccccc1,5.3,1.0,0.1,10.1021/jacs.7b05460,ODH,1311,ODH_charity_0616:row:1311,5.3,valid,
7549,7549,CC(C)(C)OC(=O)[C@](C)(N)C\C=C\c1ccccc1,10.9,1.0,0.1,10.1021/jacs.7b05460,ODH,1312,ODH_charity_0616:row:1312,10.9,train,
7556,7556,CC[C@@]1(N(c2ccc(C)cc2C1=C)[S](=O)(=O)C(F)(F)F)c3ccc(C)cc3,8.39,1.0,0.0,10.1002/anie.201904805,ODH,1313,ODH_charity_0616:row:1313,8.39,train,
7557,7557,CC[C@]1(N(c2ccc(C)cc2C1=C)[S](=O)(=O)C(F)(F)F)c3ccc(C)cc3,10.9,1.0,0.0,10.1002/anie.201904805,ODH,1314,ODH_charity_0616:row:1314,10.9,train,
7566,7566,COC(=O)[C@H](F)CCOCc1ccccc1,9.4,1.0,0.03,10.1002/anie.201409961,ODH,1315,ODH_charity_0616:row:1315,9.4,train,
7567,7567,COC(=O)[C@@H](F)CCOCc1ccccc1,10.9,1.0,0.03,10.1002/anie.201409961,ODH,1316,ODH_charity_0616:row:1316,10.9,train,
7620,7620,COc1ccc(cc1)[C@H]([C@H](C)O)N2CCCC2,9.0,1.0,0.03,10.1021/ja901058u,ODH,1317,ODH_charity_0616:row:1317,9.0,train,
7621,7621,COc1ccc(cc1)[C@@H]([C@H](C)O)N2CCCC2,10.99,1.0,0.03,10.1021/ja901058u,ODH,1318,ODH_charity_0616:row:1318,10.99,train,
7646,7646,CCOC(=O)[C@@]1(N[S](=O)(=O)c2ccccc12)C#Cc3ccc(cc3)[N+]([O-])=O,116.4,0.5,0.15,10.1039/c7cc02159c,ODH,1319,ODH_charity_0616:row:1319,58.2,train,
7647,7647,CCOC(=O)[C@]1(N[S](=O)(=O)c2ccccc12)C#Cc3ccc(cc3)[N+]([O-])=O,107.9,0.5,0.15,10.1039/c7cc02159c,ODH,1320,ODH_charity_0616:row:1320,53.95,train,
7659,7659,Cc1ccc(cc1)[S](=O)(=O)N2[C@@H](COC2=O)C=C,11.9,1.0,0.2,10.1002/chem.201405830,ODH,1321,ODH_charity_0616:row:1321,11.9,train,
7660,7660,Cc1ccc(cc1)[S](=O)(=O)N2[C@H](COC2=O)C=C,11.0,1.0,0.2,10.1002/chem.201405830,ODH,1322,ODH_charity_0616:row:1322,11.0,train,
7663,7663,C[C@@H]1Cc2ccccc2N1,12.5,0.8,0.03,10.1039/C8QO00710A,ODH,1323,ODH_charity_0616:row:1323,10.0,train,
7664,7664,C[C@H]1Cc2ccccc2N1,11.0,0.8,0.03,10.1039/C8QO00710A,ODH,1324,ODH_charity_0616:row:1324,8.8,train,
7665,7665,CCC1(CC)OC[C@@H](CO)Oc2ccccc12,12.5,1.0,0.05,10.1021/acs.orglett.9b04244,ODH,1325,ODH_charity_0616:row:1325,12.5,train,
7666,7666,CCC1(CC)OC[C@H](CO)Oc2ccccc12,11.0,1.0,0.05,10.1021/acs.orglett.9b04244,ODH,1326,ODH_charity_0616:row:1326,11.0,train,
7676,7676,C[C@H](n1c(C)c(C)c2ccccc12)c3ccc(NC(=O)c4ccc(cc4)C(C)(C)C)cc3,14.0,1.0,0.2,10.1002/anie.201701947,ODH,1327,ODH_charity_0616:row:1327,14.0,train,
7677,7677,C[C@@H](n1c(C)c(C)c2ccccc12)c3ccc(NC(=O)c4ccc(cc4)C(C)(C)C)cc3,11.0,1.0,0.2,10.1002/anie.201701947,ODH,1328,ODH_charity_0616:row:1328,11.0,train,
7679,7679,C[C@]1(C(=O)OCC=C)C(=O)N(C(=O)C(c2ccccc2)c3ccccc3)c4cc(Cl)ccc14,15.7,0.8,0.01,10.1002/ajoc.201900294,ODH,1329,ODH_charity_0616:row:1329,12.56,train,
7680,7680,C[C@@]1(C(=O)OCC=C)C(=O)N(C(=O)C(c2ccccc2)c3ccccc3)c4cc(Cl)ccc14,11.0,0.8,0.01,10.1002/ajoc.201900294,ODH,1330,ODH_charity_0616:row:1330,8.8,test,
7681,7681,F[C@H]1[C@@H](Cc2ccccc2)NCc3ccccc13,15.8,0.8,0.1,10.1039/C3CC45341C,ODH,1331,ODH_charity_0616:row:1331,12.64,train,
7684,7684,COc1ccc(cc1)[C@@H]2Nc3ccccc3C[C@@H]2C(F)(F)F,16.7,0.7,0.3,10.1055/s/0033/1338661,ODH,1332,ODH_charity_0616:row:1332,11.69,train,
7685,7685,CCCCC[C@H](C=C)n1cc(C)c2ccccc12,17.1,1.0,0.001,10.1002/chem.202004613,ODH,1333,ODH_charity_0616:row:1333,17.1,train,
7686,7686,CCCCC[C@@H](C=C)n1cc(C)c2ccccc12,11.0,1.0,0.001,10.1002/chem.202004613,ODH,1334,ODH_charity_0616:row:1334,11.0,train,
7707,7707,CCOc1ccc2nc(SC[C@H](CN(C)C(c3ccccc3)c4ccccc4)C=C)sc2c1,8.1,1.0,0.01,10.1002/anie.201712395,ODH,1335,ODH_charity_0616:row:1335,8.1,train,
7708,7708,CCOc1ccc2nc(SC[C@@H](CN(C)C(c3ccccc3)c4ccccc4)C=C)sc2c1,11.0,1.0,0.01,10.1002/anie.201712395,ODH,1336,ODH_charity_0616:row:1336,11.0,train,
7709,7709,C[C@@H](N[S](=O)(=O)C(C)(C)C)c1ccc(F)cc1,8.1,1.0,0.05,10.1002/anie.201902576,ODH,1337,ODH_charity_0616:row:1337,8.1,train,
7710,7710,C[C@H](N[S](=O)(=O)C(C)(C)C)c1ccc(F)cc1,11.0,1.0,0.05,10.1002/anie.201902576,ODH,1338,ODH_charity_0616:row:1338,11.0,train,
7732,7732,CC(C)(C)OC(=O)N1OCC[C@@H]1Cc2cccc3ccccc23,9.715,0.8,0.1,10.1039/D1SC01337H,ODH,1339,ODH_charity_0616:row:1339,7.772,train,
7733,7733,CC(C)(C)OC(=O)N1OCC[C@H]1Cc2cccc3ccccc23,11.033,0.8,0.1,10.1039/D1SC01337H,ODH,1340,ODH_charity_0616:row:1340,8.8264,train,
7746,7746,CN(CC[C@@H](O)c1ccc(C)cc1)Cc2ccccc2,14.19,0.8,0.05,10.1039/C3OB40135A,ODH,1341,ODH_charity_0616:row:1341,11.352,train,
7747,7747,CN(CC[C@H](O)c1ccc(C)cc1)Cc2ccccc2,11.07,0.8,0.05,10.1039/C3OB40135A,ODH,1342,ODH_charity_0616:row:1342,8.856,train,
7764,7764,C[C@H](O)[C@H](N1CCCC1)c2ccc(Cl)cc2,8.26,1.0,0.01,10.1021/ja901058u,ODH,1343,ODH_charity_0616:row:1343,8.26,test,
7765,7765,C[C@@H](O)[C@H](N1CCCC1)c2ccc(Cl)cc2,11.09,1.0,0.01,10.1021/ja901058u,ODH,1344,ODH_charity_0616:row:1344,11.09,train,
7774,7774,O[C@@H]/1CCCC1=C/c2ccc3ccccc3c2,10.3,1.0,0.1,10.1021/acs.orglett.8b02591,ODH,1345,ODH_charity_0616:row:1345,10.3,train,
7775,7775,O[C@H]/1CCCC1=C/c2ccc3ccccc3c2,11.1,1.0,0.1,10.1021/acs.orglett.8b02591,ODH,1346,ODH_charity_0616:row:1346,11.1,train,
7780,7780,C[C@H]1C(\C=C\c2ccccc2)N(c3cc(C)c(C)cc13)[S](=O)(=O)C(F)(F)F,10.8,0.5,0.01,10.1021/jacs.1c07212,ODH,1347,ODH_charity_0616:row:1347,5.4,train,
7781,7781,C[C@@H]1C(\C=C\c2ccccc2)N(c3cc(C)c(C)cc13)[S](=O)(=O)C(F)(F)F,11.1,0.5,0.01,10.1021/jacs.1c07212,ODH,1348,ODH_charity_0616:row:1348,5.55,train,
7793,7793,Cc1n(c2ccccc2)c3ccccc3c1[C@H](C(=O)OCc4ccccc4)c5ccccc5,12.4,0.7,0.05,10.1002/anie.201504483,ODH,1349,ODH_charity_0616:row:1349,8.68,train,
7794,7794,Cc1n(c2ccccc2)c3ccccc3c1[C@@H](C(=O)OCc4ccccc4)c5ccccc5,11.1,0.7,0.05,10.1002/anie.201504483,ODH,1350,ODH_charity_0616:row:1350,7.77,valid,
7795,7795,C[C@@H]1Cc2cccc(C)c2N1,12.4,1.0,0.01,10.1039/C8QO00710A,ODH,1351,ODH_charity_0616:row:1351,12.4,train,
7796,7796,C[C@H]1Cc2cccc(C)c2N1,11.1,1.0,0.01,10.1039/C8QO00710A,ODH,1352,ODH_charity_0616:row:1352,11.1,train,
7811,7811,C[C@H]1Cc2ccccc2N[C@H]1c3ccccc3,13.1,0.8,0.1,10.1002/cjoc.202000409,ODH,1353,ODH_charity_0616:row:1353,10.48,train,
7812,7812,C[C@@H]1Cc2ccccc2N[C@H]1c3ccccc3,11.1,0.8,0.1,10.1002/cjoc.202000409,ODH,1354,ODH_charity_0616:row:1354,8.88,train,
7814,7814,[C@@H]1(CC2=CC=C3C=CC=CC3=C2)NC4=C(C=CC=C4)C1,13.9,1.0,0.1,10.1016/j.tet.2013.06.016,ODH,1355,ODH_charity_0616:row:1355,13.9,train,
7815,7815,[C@H]1(CC2=CC=C3C=CC=CC3=C2)NC4=C(C=CC=C4)C1,11.1,1.0,0.1,10.1016/j.tet.2013.06.016,ODH,1356,ODH_charity_0616:row:1356,11.1,valid,
7829,7829,CC1(C)OB(OC1(C)C)[C@@H](Cc2ccccc2F)N3CCOC3=O,7.8,1.0,0.1,10.1021/acscatal.9b04543.,ODH,1357,ODH_charity_0616:row:1357,7.8,train,
7830,7830,CC1(C)OB(OC1(C)C)[C@H](Cc2ccccc2F)N3CCOC3=O,11.1,1.0,0.1,10.1021/acscatal.9b04543.,ODH,1358,ODH_charity_0616:row:1358,11.1,train,
7837,7837,CC(C)(C)C(=O)OC[C@@]1(CCO[Si](c2ccccc2)(c3ccccc3)C(C)(C)C)CCSC1,9.6,1.0,0.005,10.1002/anie.201910917,ODH,1359,ODH_charity_0616:row:1359,9.6,train,
7838,7838,CC(C)(C)C(=O)OC[C@]1(CCO[Si](c2ccccc2)(c3ccccc3)C(C)(C)C)CCSC1,11.1,1.0,0.005,10.1002/anie.201910917,ODH,1360,ODH_charity_0616:row:1360,11.1,train,
7843,7843,COc1ccc(cc1)[C@@H]2C[C@@H](Oc3ccc(Br)cc23)Sc4ccccc4,9.9,1.0,0.05,10.1021/acs.orglett.7b00867,ODH,1361,ODH_charity_0616:row:1361,9.9,train,
7846,7846,CC[C@@H](C#Cc1ccccc1)c2ccc3ccccc3c2,12.4,0.5,0.01,10.1002/anie.202006317,ODH,1362,ODH_charity_0616:row:1362,6.2,train,
7847,7847,CC[C@H](C#Cc1ccccc1)c2ccc3ccccc3c2,11.11,0.5,0.01,10.1002/anie.202006317,ODH,1363,ODH_charity_0616:row:1363,5.555,train,
7851,7851,CN(CC[C@@H](O)c1ccc(F)cc1)Cc2ccccc2,14.26,0.8,0.05,10.1039/C3OB40135A,ODH,1364,ODH_charity_0616:row:1364,11.408,train,
7852,7852,CN(CC[C@H](O)c1ccc(F)cc1)Cc2ccccc2,11.12,0.8,0.05,10.1039/C3OB40135A,ODH,1365,ODH_charity_0616:row:1365,8.896,test,
7861,7861,O[C@@H]/1CCC1=C/c2cccc(Cl)c2,9.091,0.8,0.1,10.1021/acs.orglett.9b01514,ODH,1366,ODH_charity_0616:row:1366,7.2728,train,
7862,7862,O[C@H]/1CCC1=C/c2cccc(Cl)c2,11.154,0.8,0.1,10.1021/acs.orglett.9b01514,ODH,1367,ODH_charity_0616:row:1367,8.9232,train,
7884,7884,COc1ccc(OC)c(c1)[C@@H](C)N[S](=O)(=O)C(C)(C)C,10.0,1.0,0.05,10.1002/anie.201902576,ODH,1368,ODH_charity_0616:row:1368,10.0,valid,
7885,7885,COc1ccc(OC)c(c1)[C@H](C)N[S](=O)(=O)C(C)(C)C,11.2,1.0,0.05,10.1002/anie.201902576,ODH,1369,ODH_charity_0616:row:1369,11.2,train,
7888,7888,CC(=O)SC[C@@H]1COC2(CCC2)c3ccccc3O1,10.4,1.0,0.03,10.1021/acs.orglett.9b04244,ODH,1370,ODH_charity_0616:row:1370,10.4,train,
7889,7889,CC(=O)SC[C@H]1COC2(CCC2)c3ccccc3O1,11.2,1.0,0.03,10.1021/acs.orglett.9b04244,ODH,1371,ODH_charity_0616:row:1371,11.2,train,
7896,7896,COc1ccccc1/C=C/[C@H](C)[C@](C)(N)C(=O)OC(C)(C)C,12.2,1.0,0.02,10.1021/jacs.0c02150,ODH,1372,ODH_charity_0616:row:1372,12.2,test,
7897,7897,COc1ccccc1/C=C/[C@@H](C)[C@](C)(N)C(=O)OC(C)(C)C,11.2,1.0,0.02,10.1021/jacs.0c02150,ODH,1373,ODH_charity_0616:row:1373,11.2,train,
7898,7898,COc1ccccc1[C@@](c2[nH]c(cc2)c3ccccc3)(c4ccccc4)c5ccc(O)cc5,12.2,1.0,0.05,10.1038/s41929/020/00535/4,ODH,1374,ODH_charity_0616:row:1374,12.2,train,
7899,7899,COc1ccccc1[C@](c2[nH]c(cc2)c3ccccc3)(c4ccccc4)c5ccc(O)cc5,11.2,1.0,0.05,10.1038/s41929/020/00535/4,ODH,1375,ODH_charity_0616:row:1375,11.2,train,
7900,7900,COc1ccccc1[C@@](c2[nH]c(cc2)c3ccccc3)(c4ccccc4)c5ccc(O)cc5,12.2,1.0,0.05,10.1039/D1SC03324G,ODH,1376,ODH_charity_0616:row:1376,12.2,test,
7901,7901,COc1ccccc1[C@](c2[nH]c(cc2)c3ccccc3)(c4ccccc4)c5ccc(O)cc5,11.2,1.0,0.05,10.1039/D1SC03324G,ODH,1377,ODH_charity_0616:row:1377,11.2,train,
7931,7931,CCCCC[C@H](C=C)c1c([nH]c2ccccc12)c3ccccc3,16.3,1.0,0.01,10.1002/chem.202004613,ODH,1378,ODH_charity_0616:row:1378,16.3,train,
7932,7932,CCCCC[C@@H](C=C)c1c([nH]c2ccccc12)c3ccccc3,11.2,1.0,0.01,10.1002/chem.202004613,ODH,1379,ODH_charity_0616:row:1379,11.2,train,
7939,7939,CCOC(=O)C1=C(C)OC(=O)C[C@H]1c2cscc2,7.2,0.7,0.3,10.1021/acs.orglett.7b03650,ODH,1380,ODH_charity_0616:row:1380,5.04,train,
7940,7940,CCOC(=O)C1=C(C)OC(=O)C[C@@H]1c2cscc2,11.2,0.7,0.3,10.1021/acs.orglett.7b03650,ODH,1381,ODH_charity_0616:row:1381,7.84,train,
7971,7971,CC(=C)C[C@H]1CC(=NO1)c2cc(Cl)cc(Cl)c2,9.17,0.6,0.05,10.1002/anie.201912408,ODH,1382,ODH_charity_0616:row:1382,5.502,train,
7972,7972,CC(=C)C[C@@H]1CC(=NO1)c2cc(Cl)cc(Cl)c2,11.23,0.6,0.05,10.1002/anie.201912408,ODH,1383,ODH_charity_0616:row:1383,6.738,valid,
7984,7984,Cn1cc([C@@H]2[C@H]([C@H](c3ccccc3)c4c(C)oc(c5ccccc5)c24)c6ccccc6)c7cc(Br)ccc17,10.09,0.6,0.02,10.1021/acs.orglett.8b02701,ODH,1384,ODH_charity_0616:row:1384,6.054,train,
8007,8007,CCCOC(=O)[C@H]1[C@H](c2ccccc2)c3ccccc3OC1=O,12.5,0.7,0.1,10.1002/anie.201813400,ODH,1385,ODH_charity_0616:row:1385,8.75,train,
8008,8008,CCCOC(=O)[C@@H]1[C@H](c2ccccc2)c3ccccc3OC1=O,11.3,0.7,0.1,10.1002/anie.201813400,ODH,1386,ODH_charity_0616:row:1386,7.91,train,
8009,8009,CCOC(=O)[C@]1(CC(=C)Cc2ccccc2)[C@@H](Oc3ccccc3C1=O)c4ccccc4,12.7,1.0,0.02,10.1021/acscatal.1c03732,ODH,1387,ODH_charity_0616:row:1387,12.7,train,
8010,8010,CCCCCC[C@H]1Nc2ccccc2C[C@H]1N3C(=O)c4ccccc4C3=O,12.8,0.7,0.3,10.1002/chem.201402592,ODH,1388,ODH_charity_0616:row:1388,8.96,train,
8011,8011,CCCCCC[C@@H]1Nc2ccccc2C[C@H]1N3C(=O)c4ccccc4C3=O,11.3,0.7,0.3,10.1002/chem.201402592,ODH,1389,ODH_charity_0616:row:1389,7.91,train,
8018,8018,OC[C@](O)(CCl)C#Cc1ccccc1,14.2,1.0,0.1,10.1002/anie.201601844,ODH,1390,ODH_charity_0616:row:1390,14.2,train,
8019,8019,OC[C@@](O)(CCl)C#Cc1ccccc1,11.3,1.0,0.1,10.1002/anie.201601844,ODH,1391,ODH_charity_0616:row:1391,11.3,train,
8031,8031,CC1(C)OC[C@@H](CO)Oc2ccc(OCc3ccccc3)cc12,16.4,1.0,0.1,10.1021/acs.orglett.9b04244,ODH,1392,ODH_charity_0616:row:1392,16.4,train,
8032,8032,CC1(C)OC[C@H](CO)Oc2ccc(OCc3ccccc3)cc12,11.3,1.0,0.1,10.1021/acs.orglett.9b04244,ODH,1393,ODH_charity_0616:row:1393,11.3,train,
8042,8042,CN(C[C@H](CSc1sc2ccc(Cl)cc2n1)OCC=C)C(c3ccccc3)c4ccccc4,5.8,1.0,0.01,10.1002/anie.201712395,ODH,1394,ODH_charity_0616:row:1394,5.8,train,
8043,8043,CN(C[C@@H](CSc1sc2ccc(Cl)cc2n1)OCC=C)C(c3ccccc3)c4ccccc4,11.3,1.0,0.01,10.1002/anie.201712395,ODH,1395,ODH_charity_0616:row:1395,11.3,train,
8044,8044,CCOc1ccc2nc(SC[C@H](CN(C)C(c3ccccc3)c4ccccc4)c5sccc5)sc2c1,7.0,1.0,0.05,10.1002/anie.201712395,ODH,1396,ODH_charity_0616:row:1396,7.0,train,
8045,8045,CCOc1ccc2nc(SC[C@@H](CN(C)C(c3ccccc3)c4ccccc4)c5sccc5)sc2c1,11.3,1.0,0.05,10.1002/anie.201712395,ODH,1397,ODH_charity_0616:row:1397,11.3,train,
8060,8060,C[C@@H](N[S](=O)(=O)C(C)(C)C)c1cccc2ccccc12,9.0,1.0,0.05,10.1002/anie.201902576,ODH,1398,ODH_charity_0616:row:1398,9.0,train,
8061,8061,C[C@H](N[S](=O)(=O)C(C)(C)C)c1cccc2ccccc12,11.3,1.0,0.05,10.1002/anie.201902576,ODH,1399,ODH_charity_0616:row:1399,11.3,train,
8076,8076,CC[C@@H](C#CC)c1ccc(OC)cc1,17.02,0.7,0.005,10.1002/anie.202006317,ODH,1400,ODH_charity_0616:row:1400,11.914,train,
8077,8077,CC[C@H](C#CC)c1ccc(OC)cc1,11.31,0.7,0.005,10.1002/anie.202006317,ODH,1401,ODH_charity_0616:row:1401,7.917,train,
8084,8084,CCC[C@H](C=C)c1n2ccccc2c(c3ccccc3)c1c4ccccc4,9.799,1.0,0.0,10.1021/acs.orglett.0c03383,ODH,1402,ODH_charity_0616:row:1402,9.799,train,
8085,8085,CCC[C@@H](C=C)c1n2ccccc2c(c3ccccc3)c1c4ccccc4,11.326,1.0,0.0,10.1021/acs.orglett.0c03383,ODH,1403,ODH_charity_0616:row:1403,11.326,train,
8088,8088,CC(=C)[C@@H]1CN(C(=C1)c2ccccc2)[S](=O)(=O)c3ccc(C)cc3,10.35,0.8,0.05,10.1021/jacs.6b00386,ODH,1404,ODH_charity_0616:row:1404,8.28,test,
8089,8089,CC(=C)[C@H]1CN(C(=C1)c2ccccc2)[S](=O)(=O)c3ccc(C)cc3,11.33,0.8,0.05,10.1021/jacs.6b00386,ODH,1405,ODH_charity_0616:row:1405,9.064,train,
8093,8093,Cc1ccc(cc1)[C@H]2Nc3ccc(C)cc3[C@H]4OCC[C@@H]24,6.25,1.0,0.15,10.1002/anie.201504790,ODH,1406,ODH_charity_0616:row:1406,6.25,train,
8109,8109,COc1ccccc1[C@H]([C@H](C)O)N2CCCC2,9.2,1.0,0.01,10.1021/ja901058u,ODH,1407,ODH_charity_0616:row:1407,9.2,train,
8110,8110,COc1ccccc1[C@@H]([C@H](C)O)N2CCCC2,11.35,1.0,0.01,10.1021/ja901058u,ODH,1408,ODH_charity_0616:row:1408,11.35,train,
8118,8118,CCOC(=O)N1[C@H]2C/C(=C/N(c3ccc(Br)cc3)[S](=O)(=O)c4ccc(C)cc4)[C@H](C=C2c5ccccc15)c6ccccc6,15.33,0.8,0.1,10.1039/C5SC01827G,ODH,1409,ODH_charity_0616:row:1409,12.264,train,
8119,8119,CCOC(=O)N1[C@@H]2C/C(=C/N(c3ccc(Br)cc3)[S](=O)(=O)c4ccc(C)cc4)[C@H](C=C2c5ccccc15)c6ccccc6,11.37,0.8,0.1,10.1039/C5SC01827G,ODH,1410,ODH_charity_0616:row:1410,9.096,train,
8120,8120,O=S(C1=CC=C(C)C=C1)(N(C2=CC=CC=C2)/C=C3C[C@]4([H])N(S(=O)(C5=CC=C(C)C=C5)=O)C6=C(C=CC=C6)C4=C[C@@H]/3C7=CC=CC=C7)=O,15.33,0.8,0.1,10.1039/C5SC01827G,ODH,1411,ODH_charity_0616:row:1411,12.264,train,
8123,8123,COc1ccc(C[C@H]2CC(C)(C)CN2C(=O)OC(C)(C)C)cc1OC,12.629,0.5,0.05,10.1039/D1SC01337H,ODH,1412,ODH_charity_0616:row:1412,6.3145,valid,
8124,8124,COc1ccc(C[C@@H]2CC(C)(C)CN2C(=O)OC(C)(C)C)cc1OC,11.374,0.5,0.05,10.1039/D1SC01337H,ODH,1413,ODH_charity_0616:row:1413,5.687,train,
8125,8125,Cc1ccc(cc1)[C@H]2CC(=O)Oc3ccccc23,12.27,1.0,0.1,10.1039/D0SC04340K,ODH,1414,ODH_charity_0616:row:1414,12.27,train,
8126,8126,Cc1ccc(cc1)[C@@H]2CC(=O)Oc3ccccc23,11.38,1.0,0.1,10.1039/D0SC04340K,ODH,1415,ODH_charity_0616:row:1415,11.38,train,
8147,8147,Cc1ccc2OC[C@](C)(CC#Cc3ccccc3)c2c1,12.1,0.5,0.01,10.1002/anie.201913367,ODH,1416,ODH_charity_0616:row:1416,6.05,train,
8148,8148,Cc1ccc2OC[C@@](C)(CC#Cc3ccccc3)c2c1,11.4,0.5,0.01,10.1002/anie.201913367,ODH,1417,ODH_charity_0616:row:1417,5.7,train,
8169,8169,C1Oc2ccccc2N[C@@H]1c3ccccc3,14.6,0.6,0.4,10.1021/ja200723n,ODH,1418,ODH_charity_0616:row:1418,8.76,train,
8170,8170,C1Oc2ccccc2N[C@H]1c3ccccc3,11.4,0.6,0.4,10.1021/ja200723n,ODH,1419,ODH_charity_0616:row:1419,6.84,train,
8176,8176,CC1(C)OC[C@@H](CO)Oc2ccc(OCC#C)cc12,17.8,1.0,0.1,10.1021/acs.orglett.9b04244,ODH,1420,ODH_charity_0616:row:1420,17.8,train,
8177,8177,CC1(C)OC[C@H](CO)Oc2ccc(OCC#C)cc12,11.4,1.0,0.1,10.1021/acs.orglett.9b04244,ODH,1421,ODH_charity_0616:row:1421,11.4,valid,
8195,8195,C=CC[C@@]1(COC(=O)N1)c2ccccc2,9.7,1.0,0.15,10.1002/chem.201704760,ODH,1422,ODH_charity_0616:row:1422,9.7,train,
8196,8196,C=CC[C@]1(COC(=O)N1)c2ccccc2,11.4,1.0,0.15,10.1002/chem.201704760,ODH,1423,ODH_charity_0616:row:1423,11.4,train,
8197,8197,C[C@H](O)c1cc(cc(c1)C(F)(F)F)C(F)(F)F,9.8,1.0,0.02,10.1002/anie.201102710,ODH,1424,ODH_charity_0616:row:1424,9.8,train,
8198,8198,C[C@@H](O)c1cc(cc(c1)C(F)(F)F)C(F)(F)F,11.4,1.0,0.02,10.1002/anie.201102710,ODH,1425,ODH_charity_0616:row:1425,11.4,test,
8221,8221,Cc1ccc(\C=C\[C@H]2COc3ccccc3O2)cc1,12.96,1.0,0.01,10.1002/cjoc.201800540,ODH,1426,ODH_charity_0616:row:1426,12.96,train,
8222,8222,Cc1ccc(\C=C\[C@@H]2COc3ccccc3O2)cc1,11.46,1.0,0.01,10.1002/cjoc.201800540,ODH,1427,ODH_charity_0616:row:1427,11.46,valid,
8249,8249,CCOC(=O)[C@H](CC(=O)c1ccc(C)cc1)C(=C)C(C)=O,10.4,1.0,0.1,10.1002/anie.201508108,ODH,1428,ODH_charity_0616:row:1428,10.4,train,
8250,8250,CCOC(=O)[C@@H](CC(=O)c1ccc(C)cc1)C(=C)C(C)=O,11.5,1.0,0.1,10.1002/anie.201508108,ODH,1429,ODH_charity_0616:row:1429,11.5,train,
8264,8264,COc1ccc(CN2C(=O)N[C@H](c3cc(OC)ccc23)C(F)(F)F)cc1,12.9,0.8,0.2,10.1016/j.tetlet.2013.08.078,ODH,1430,ODH_charity_0616:row:1430,10.32,train,
8265,8265,COc1ccc(CN2C(=O)N[C@@H](c3cc(OC)ccc23)C(F)(F)F)cc1,11.5,0.8,0.2,10.1016/j.tetlet.2013.08.078,ODH,1431,ODH_charity_0616:row:1431,9.2,valid,
8276,8276,C(Cc1ccccc1)[C@@H]2Cc3ccccc3N2,14.0,0.8,0.1,10.1021/ja502020b,ODH,1432,ODH_charity_0616:row:1432,11.2,train,
8277,8277,C(Cc1ccccc1)[C@H]2Cc3ccccc3N2,11.5,0.8,0.1,10.1021/ja502020b,ODH,1433,ODH_charity_0616:row:1433,9.2,train,
8280,8280,C[C@]1(C(=O)OCC=C)C(=O)N(C(=O)C(c2ccccc2)c3ccccc3)c4cccc(Cl)c14,15.0,0.8,0.01,10.1002/ajoc.201900294,ODH,1434,ODH_charity_0616:row:1434,12.0,train,
8281,8281,C[C@@]1(C(=O)OCC=C)C(=O)N(C(=O)C(c2ccccc2)c3ccccc3)c4cccc(Cl)c14,11.5,0.8,0.01,10.1002/ajoc.201900294,ODH,1435,ODH_charity_0616:row:1435,9.2,train,
8290,8290,C[C@]1(C(=O)OCC=C)C(=O)N(C(=O)C(c2ccccc2)c3ccccc3)c4cc(Br)ccc14,17.8,0.8,0.01,10.1002/ajoc.201900294,ODH,1436,ODH_charity_0616:row:1436,14.24,train,
8291,8291,C[C@@]1(C(=O)OCC=C)C(=O)N(C(=O)C(c2ccccc2)c3ccccc3)c4cc(Br)ccc14,11.5,0.8,0.01,10.1002/ajoc.201900294,ODH,1437,ODH_charity_0616:row:1437,9.2,train,
8298,8298,CC1(C)OB(OC1(C)C)[C@@H](Cc2ccccc2)N3CCOC3=O,8.9,1.0,0.1,10.1021/acscatal.9b04543.,ODH,1438,ODH_charity_0616:row:1438,8.9,train,
8299,8299,CC1(C)OB(OC1(C)C)[C@H](Cc2ccccc2)N3CCOC3=O,11.5,1.0,0.1,10.1021/acscatal.9b04543.,ODH,1439,ODH_charity_0616:row:1439,11.5,train,
8323,8323,CCOc1ccc(cc1)C2=C[C@@H](CN2[S](=O)(=O)c3ccc(C)cc3)C(C)=C,10.44,0.8,0.05,10.1021/jacs.6b00386,ODH,1440,ODH_charity_0616:row:1440,8.352,train,
8324,8324,CCOc1ccc(cc1)C2=C[C@H](CN2[S](=O)(=O)c3ccc(C)cc3)C(C)=C,11.53,0.8,0.05,10.1021/jacs.6b00386,ODH,1441,ODH_charity_0616:row:1441,9.224,train,
8329,8329,C[C@@](C\C=C\C=C\c1ccccc1)(C=O)c2ccc3ccccc3c2,14.455,1.0,0.15,10.6023/A18060235,ODH,1442,ODH_charity_0616:row:1442,14.455,train,
8330,8330,C[C@](C\C=C\C=C\c1ccccc1)(C=O)c2ccc3ccccc3c2,11.534,1.0,0.15,10.6023/A18060235,ODH,1443,ODH_charity_0616:row:1443,11.534,train,
8331,8331,CC(C)(C)OC(=O)N1OCC[C@@H]1Cc2cccc(C=O)c2,9.378,0.8,0.2,10.1039/D1SC01337H,ODH,1444,ODH_charity_0616:row:1444,7.5024,train,
8332,8332,CC(C)(C)OC(=O)N1OCC[C@H]1Cc2cccc(C=O)c2,11.535,0.8,0.2,10.1039/D1SC01337H,ODH,1445,ODH_charity_0616:row:1445,9.228,train,
8338,8338,CC(C)(C)OC(=O)N1OCC[C@@H]1Cc2ccc(cc2)c3ccccc3,9.973,0.8,0.1,10.1039/D1SC01337H,ODH,1446,ODH_charity_0616:row:1446,7.9784,test,
8339,8339,CC(C)(C)OC(=O)N1OCC[C@H]1Cc2ccc(cc2)c3ccccc3,11.547,0.8,0.1,10.1039/D1SC01337H,ODH,1447,ODH_charity_0616:row:1447,9.2376,test,
8340,8340,BrC(=C)[C@H]1CC(CN1[S](=O)(=O)c2ccccc2)(c3ccccc3)c4ccccc4,13.04,1.0,0.05,10.1002/anie.201705066,ODH,1448,ODH_charity_0616:row:1448,13.04,train,
8341,8341,BrC(=C)[C@@H]1CC(CN1[S](=O)(=O)c2ccccc2)(c3ccccc3)c4ccccc4,11.55,1.0,0.05,10.1002/anie.201705066,ODH,1449,ODH_charity_0616:row:1449,11.55,train,
8348,8348,CC[C@@H](C#Cc1ccccc1)c2ccccc2,17.07,1.0,0.005,10.1002/anie.202006317,ODH,1450,ODH_charity_0616:row:1450,17.07,test,
8349,8349,CC[C@H](C#Cc1ccccc1)c2ccccc2,11.58,1.0,0.005,10.1002/anie.202006317,ODH,1451,ODH_charity_0616:row:1451,11.58,train,
8350,8350,COc1ccc(cc1)C2=NO[C@@H](CC(C)=C)C2,13.35,0.8,0.1,10.1002/anie.201912408,ODH,1452,ODH_charity_0616:row:1452,10.68,train,
8351,8351,COc1ccc(cc1)C2=NO[C@H](CC(C)=C)C2,11.59,0.8,0.1,10.1002/anie.201912408,ODH,1453,ODH_charity_0616:row:1453,9.272,train,
8363,8363,CC(C)[C@@]1(COc2ccccc12)CC#Cc3ccccc3,10.9,0.5,0.01,10.1002/anie.201913367,ODH,1454,ODH_charity_0616:row:1454,5.45,train,
8364,8364,CC(C)[C@]1(COc2ccccc12)CC#Cc3ccccc3,11.6,0.5,0.01,10.1002/anie.201913367,ODH,1455,ODH_charity_0616:row:1455,5.8,valid,
8365,8365,F[C@H]1CCc2ccccc2C1=O,10.9,1.0,0.05,10.1002/anie.201409961,ODH,1456,ODH_charity_0616:row:1456,10.9,train,
8366,8366,F[C@@H]1CCc2ccccc2C1=O,11.6,1.0,0.05,10.1002/anie.201409961,ODH,1457,ODH_charity_0616:row:1457,11.6,train,
8373,8373,O[C@@H]/1CCCC1=C/c2ccc3ccccc3c2,12.5,0.8,0.1,10.1021/acs.organomet.9b00366,ODH,1458,ODH_charity_0616:row:1458,10.0,train,
8374,8374,O[C@H]/1CCCC1=C/c2ccc3ccccc3c2,11.6,0.8,0.1,10.1021/acs.organomet.9b00366,ODH,1459,ODH_charity_0616:row:1459,9.28,train,
8375,8375,Oc1ccccc1[C@H](OC2CCCC2)c3ccccc3,12.6,0.5,0.01,10.1021/acs.orglett.5b03072,ODH,1460,ODH_charity_0616:row:1460,6.3,train,
8376,8376,Oc1ccccc1[C@@H](OC2CCCC2)c3ccccc3,11.6,0.5,0.01,10.1021/acs.orglett.5b03072,ODH,1461,ODH_charity_0616:row:1461,5.8,train,
8379,8379,Cc1ccc(C[C@@H]2Cc3ccccc3N2)cc1,12.9,1.0,0.01,10.1039/C8QO00710A,ODH,1462,ODH_charity_0616:row:1462,12.9,train,
8380,8380,Cc1ccc(C[C@H]2Cc3ccccc3N2)cc1,11.6,1.0,0.01,10.1039/C8QO00710A,ODH,1463,ODH_charity_0616:row:1463,11.6,train,
8381,8381,Cc1cccc(C[C@@H]2Cc3ccccc3N2)c1,12.9,1.0,0.01,10.1039/C8QO00710A,ODH,1464,ODH_charity_0616:row:1464,12.9,train,
8382,8382,Cc1cccc(C[C@H]2Cc3ccccc3N2)c1,11.6,1.0,0.01,10.1039/C8QO00710A,ODH,1465,ODH_charity_0616:row:1465,11.6,train,
8394,8394,CC(=O)C[C@H](c1ccccc1)c2ccc(C)cc2,13.6,1.0,0.02,10.1016/j.tetlet.2016.03.072,ODH,1466,ODH_charity_0616:row:1466,13.6,train,
8395,8395,CC(=O)C[C@@H](c1ccccc1)c2ccc(C)cc2,11.6,1.0,0.02,10.1016/j.tetlet.2016.03.072,ODH,1467,ODH_charity_0616:row:1467,11.6,train,
8396,8396,CCC(=O)[C@@](CC)(c1ccc(O)cc1)c2ccccc2F,13.6,1.0,0.05,10.1021/jacs.9b07514,ODH,1468,ODH_charity_0616:row:1468,13.6,train,
8397,8397,CCC(=O)[C@](CC)(c1ccc(O)cc1)c2ccccc2F,11.6,1.0,0.05,10.1021/jacs.9b07514,ODH,1469,ODH_charity_0616:row:1469,11.6,train,
8407,8407,Brc1ccc(cc1)C(=O)N2[C@@H](Cc3ccccc3c4oc5ccccc5c24)c6ccccc6,16.2,0.7,0.1,10.1021/acs.orglett.6b03027,ODH,1470,ODH_charity_0616:row:1470,11.34,train,
8408,8408,Brc1ccc(cc1)C(=O)N2[C@H](Cc3ccccc3c4oc5ccccc5c24)c6ccccc6,11.6,0.7,0.1,10.1021/acs.orglett.6b03027,ODH,1471,ODH_charity_0616:row:1471,8.12,train,
8409,8409,COc1ccc(cc1)[C@H]2c3cc4OCOc4cc3OC(=C2C#N)N,16.8,0.7,0.3,10.1021/acs.orglett.5b03148,ODH,1472,ODH_charity_0616:row:1472,11.76,train,
8410,8410,COc1ccc(cc1)[C@@H]2c3cc4OCOc4cc3OC(=C2C#N)N,11.6,0.7,0.3,10.1021/acs.orglett.5b03148,ODH,1473,ODH_charity_0616:row:1473,8.12,train,
8416,8416,Cc1oc(c2cccc3ccccc23)c4[C@@H]5COCCN5c6ccccc6Cc14,20.6,0.6,0.05,10.1002/chem.201100019,ODH,1474,ODH_charity_0616:row:1474,12.36,train,
8417,8417,Cc1oc(c2cccc3ccccc23)c4[C@H]5COCCN5c6ccccc6Cc14,11.6,0.6,0.05,10.1002/chem.201100019,ODH,1475,ODH_charity_0616:row:1475,6.96,train,
8418,8418,O=C1CC[C@](O1)(C(=O)OCc2ccccc2)c3ccccc3,22.9,0.75,0.2,10.1002/chem.201501481,ODH,1476,ODH_charity_0616:row:1476,17.175,train,
8419,8419,O=C1CC[C@@](O1)(C(=O)OCc2ccccc2)c3ccccc3,11.6,0.75,0.2,10.1002/chem.201501481,ODH,1477,ODH_charity_0616:row:1477,8.7,train,
8420,8420,COc1ccc(cc1)[C@H]2Nc3ccccc3OC2=O,25.9,0.7,0.3,10.1002/anie.201813400,ODH,1478,ODH_charity_0616:row:1478,18.13,train,
8421,8421,COc1ccc(cc1)[C@@H]2Nc3ccccc3OC2=O,11.6,0.7,0.3,10.1002/anie.201813400,ODH,1479,ODH_charity_0616:row:1479,8.12,train,
8424,8424,CC(C)(C)OC(=O)[C@H](CC=C)NC(=O)c1ccccc1,5.3,1.0,0.05,10.1039/C7CC08732B,ODH,1480,ODH_charity_0616:row:1480,5.3,train,
8425,8425,CC(C)(C)OC(=O)[C@@H](CC=C)NC(=O)c1ccccc1,11.6,1.0,0.05,10.1039/C7CC08732B,ODH,1481,ODH_charity_0616:row:1481,11.6,test,
8426,8426,COC(=O)[C@H](OCC[Si](C)(C)C)c1ccccc1,7.73,1.0,0.1,10.1038/nchem.651,ODH,1482,ODH_charity_0616:row:1482,7.73,train,
8427,8427,COC(=O)[C@@H](OCC[Si](C)(C)C)c1ccccc1,11.6,1.0,0.1,10.1038/nchem.651,ODH,1483,ODH_charity_0616:row:1483,11.6,train,
8431,8431,CC(=O)N[C@H](Cc1ccccc1)C(O)=O,9.2,0.8,0.15,10.1002/anie.201916534,ODH,1484,ODH_charity_0616:row:1484,7.36,train,
8432,8432,CC(=O)N[C@@H](Cc1ccccc1)C(O)=O,11.6,0.8,0.15,10.1002/anie.201916534,ODH,1485,ODH_charity_0616:row:1485,9.28,train,
8439,8439,COC(=O)[C@H](Nc1ccc(Br)cc1)c2ccccc2,9.874,0.8,0.05,10.1038/s41467/020/19807/5,ODH,1486,ODH_charity_0616:row:1486,7.8992,train,
8440,8440,COC(=O)[C@@H](Nc1ccc(Br)cc1)c2ccccc2,11.602,0.8,0.05,10.1038/s41467/020/19807/5,ODH,1487,ODH_charity_0616:row:1487,9.2816,train,
8443,8443,C[C@H]1C[C@H](c2ccc3ccccc3c2)C(C)(C)C1=O,9.39,1.0,0.002,10.1002/anie.202017190,ODH,1488,ODH_charity_0616:row:1488,9.39,test,
8444,8444,C[C@@H]1C[C@H](c2ccc3ccccc3c2)C(C)(C)C1=O,11.61,1.0,0.002,10.1002/anie.202017190,ODH,1489,ODH_charity_0616:row:1489,11.61,train,
8452,8452,CCCCCCC1=NO[C@](C)(C1)Cc2ccccc2,13.66,0.5,0.05,10.1002/anie.201912408,ODH,1490,ODH_charity_0616:row:1490,6.83,train,
8453,8453,CCCCCCC1=NO[C@@](C)(C1)Cc2ccccc2,11.63,0.5,0.05,10.1002/anie.201912408,ODH,1491,ODH_charity_0616:row:1491,5.815,train,
8459,8459,C=C[C@H](NC(=O)c1ccccc1)c2ccccc2,18.171,1.0,0.05,10.1021/acscatal.0c00712,ODH,1492,ODH_charity_0616:row:1492,18.171,train,
8460,8460,C=C[C@@H](NC(=O)c1ccccc1)c2ccccc2,11.653,1.0,0.05,10.1021/acscatal.0c00712,ODH,1493,ODH_charity_0616:row:1493,11.653,train,
8461,8461,C=CCC(C#N)(C#N)[C@H](CCc1ccccc1)C=C,12.65,1.0,0.05,10.1021/acs.orglett.0c00962,ODH,1494,ODH_charity_0616:row:1494,12.65,train,
8462,8462,C=CCC(C#N)(C#N)[C@@H](CCc1ccccc1)C=C,11.66,1.0,0.05,10.1021/acs.orglett.0c00962,ODH,1495,ODH_charity_0616:row:1495,11.66,train,
8475,8475,CCC[C@@H](C=C)[C@@]1(O)C(=O)N(Cc2cccc3ccccc23)c4ccccc14,28.521,1.0,0.1,10.1021/acs.orglett.8b02655,ODH,1496,ODH_charity_0616:row:1496,28.521,train,
8490,8490,C[C@H]1Cc2ccccc2N1,12.8,0.8,0.03,10.1007/s11426/021/1049/9,ODH,1497,ODH_charity_0616:row:1497,10.24,train,
8491,8491,C[C@@H]1Cc2ccccc2N1,11.7,0.8,0.03,10.1007/s11426/021/1049/9,ODH,1498,ODH_charity_0616:row:1498,9.36,train,
8516,8516,CC(C)(C)[S](=O)(=O)N[C@@H]1CCc2ccccc12,9.1,1.0,0.05,10.1002/anie.201902576,ODH,1499,ODH_charity_0616:row:1499,9.1,train,
8517,8517,CC(C)(C)[S](=O)(=O)N[C@H]1CCc2ccccc12,11.7,1.0,0.05,10.1002/anie.201902576,ODH,1500,ODH_charity_0616:row:1500,11.7,train,
8520,8520,Cc1ccccc1\C=C\2CCC[C@H]2O,9.5,0.8,0.1,10.1021/acs.organomet.9b00366,ODH,1501,ODH_charity_0616:row:1501,7.6,valid,
8521,8521,Cc1ccccc1\C=C\2CCC[C@@H]2O,11.7,0.8,0.1,10.1021/acs.organomet.9b00366,ODH,1502,ODH_charity_0616:row:1502,9.36,train,
8526,8526,CCOC(=O)C[C@H](O)c1ccccc1C,7.39,1.0,0.15,10.1002/anie.201105780,ODH,1503,ODH_charity_0616:row:1503,7.39,train,
8527,8527,CCOC(=O)C[C@@H](O)c1ccccc1C,11.72,1.0,0.15,10.1002/anie.201105780,ODH,1504,ODH_charity_0616:row:1504,11.72,train,
8530,8530,CCC[C@@H](Nc1ccc(Br)cc1)C(=C)CC,10.722,1.0,0.0,10.1021/jacs.1c04016,ODH,1505,ODH_charity_0616:row:1505,10.722,valid,
8531,8531,CCC[C@H](Nc1ccc(Br)cc1)C(=C)CC,11.725,1.0,0.0,10.1021/jacs.1c04016,ODH,1506,ODH_charity_0616:row:1506,11.725,train,
8536,8536,O[C@H](c1ccccc1)C(=O)c2ccccc2,16.95,1.0,0.1,10.1021/acs.orglett.0c01626,ODH,1507,ODH_charity_0616:row:1507,16.95,train,
8537,8537,O[C@@H](c1ccccc1)C(=O)c2ccccc2,11.73,1.0,0.1,10.1021/acs.orglett.0c01626,ODH,1508,ODH_charity_0616:row:1508,11.73,train,
8541,8541,COc1ccc(cc1)[C@H](C)c2ccc(cc2)c3ccccc3,10.69,0.5,0.05,10.1021/acs.organomet.1c00190,ODH,1509,ODH_charity_0616:row:1509,5.345,train,
8542,8542,COc1ccc(cc1)[C@@H](C)c2ccc(cc2)c3ccccc3,11.75,0.5,0.05,10.1021/acs.organomet.1c00190,ODH,1510,ODH_charity_0616:row:1510,5.875,train,
8556,8556,COC(=O)[C@H](O)c1ccccc1,7.74,1.0,0.1,10.1038/nchem.651,ODH,1511,ODH_charity_0616:row:1511,7.74,train,
8557,8557,COC(=O)[C@@H](O)c1ccccc1,11.78,1.0,0.1,10.1038/nchem.651,ODH,1512,ODH_charity_0616:row:1512,11.78,train,
8558,8558,COC(=O)[C@H](O)c1ccccc1,7.74,1.0,0.1,10.1038/nchem.651,ODH,1513,ODH_charity_0616:row:1513,7.74,train,
8559,8559,COC(=O)[C@@H](O)c1ccccc1,11.78,1.0,0.1,10.1038/nchem.651,ODH,1514,ODH_charity_0616:row:1514,11.78,train,
8568,8568,COc1ccccc1N2C(=O)OC[C@]2(COCc3ccccc3)C=C,10.4,1.0,0.25,10.1002/chem.201405830,ODH,1515,ODH_charity_0616:row:1515,10.4,train,
8569,8569,COc1ccccc1N2C(=O)OC[C@@]2(COCc3ccccc3)C=C,11.8,1.0,0.25,10.1002/chem.201405830,ODH,1516,ODH_charity_0616:row:1516,11.8,train,
8576,8576,Cc1ccc(cc1)[C@H](CO)CCl,10.9,1.0,0.05,10.1002/anie.201601844,ODH,1517,ODH_charity_0616:row:1517,10.9,test,
8577,8577,Cc1ccc(cc1)[C@@H](CO)CCl,11.8,1.0,0.05,10.1002/anie.201601844,ODH,1518,ODH_charity_0616:row:1518,11.8,train,
8588,8588,Cc1ccc(cc1)C#CC[C@@]2(C)COc3ccccc23,12.8,0.5,0.01,10.1002/anie.201913367,ODH,1519,ODH_charity_0616:row:1519,6.4,test,
8589,8589,Cc1ccc(cc1)C#CC[C@]2(C)COc3ccccc23,11.8,0.5,0.01,10.1002/anie.201913367,ODH,1520,ODH_charity_0616:row:1520,5.9,train,
8598,8598,Cc1cc([C@H](C(=O)OCc2ccccc2)c3ccc4ccccc4c3)c(C)n1Cc5ccccc5,13.7,0.7,0.2,10.1039/C7QO00815E,ODH,1521,ODH_charity_0616:row:1521,9.59,train,
8599,8599,Cc1cc([C@@H](C(=O)OCc2ccccc2)c3ccc4ccccc4c3)c(C)n1Cc5ccccc5,11.8,0.7,0.2,10.1039/C7QO00815E,ODH,1522,ODH_charity_0616:row:1522,8.26,train,
8615,8615,C[C@]1(O)C[C@H](C[C@@H](O)C1(C)C)c2ccccc2,17.1,0.8,0.2,10.1021/acs.orglett.9b03622,ODH,1523,ODH_charity_0616:row:1523,13.68,train,
8618,8618,COc1ccc(cc1)[C@H]2Nc3ccccc3OC2=O,25.8,0.7,0.3,10.1039/D0CC03091K,ODH,1524,ODH_charity_0616:row:1524,18.06,train,
8619,8619,COc1ccc(cc1)[C@@H]2Nc3ccccc3OC2=O,11.8,0.7,0.3,10.1039/D0CC03091K,ODH,1525,ODH_charity_0616:row:1525,8.26,train,
8657,8657,CCC[C@@H](NCc1ccccc1)C(=C)Cc2ccccc2,15.154,1.0,0.01,10.1021/jacs.1c04016,ODH,1526,ODH_charity_0616:row:1526,15.154,train,
8658,8658,CCC[C@H](NCc1ccccc1)C(=C)Cc2ccccc2,11.841,1.0,0.01,10.1021/jacs.1c04016,ODH,1527,ODH_charity_0616:row:1527,11.841,train,
8668,8668,Cc1ccc(cc1)[C@H](O)C(O)=O,8.51,0.8,0.1,10.1002/adsc.201700846,ODH,1528,ODH_charity_0616:row:1528,6.808,train,
8669,8669,Cc1ccc(cc1)[C@@H](O)C(O)=O,11.86,0.8,0.1,10.1002/adsc.201700846,ODH,1529,ODH_charity_0616:row:1529,9.488,train,
8676,8676,CC(C)(C)N1C(=O)N[C@@H](C1=O)c2ccccc2,7.69,1.0,0.2,10.1021/jacs.7b12628,ODH,1530,ODH_charity_0616:row:1530,7.69,train,
8677,8677,CC(C)(C)N1C(=O)N[C@H](C1=O)c2ccccc2,11.87,1.0,0.2,10.1021/jacs.7b12628,ODH,1531,ODH_charity_0616:row:1531,11.87,train,
8695,8695,CC(=O)[C@@]1(CO1)c2ccc(cc2)C#N,13.39,1.0,0.1,10.1021/acs.orglett.1c02588,ODH,1532,ODH_charity_0616:row:1532,13.39,train,
8696,8696,CC(=O)[C@]1(CO1)c2ccc(cc2)C#N,11.9,1.0,0.1,10.1021/acs.orglett.1c02588,ODH,1533,ODH_charity_0616:row:1533,11.9,train,
8698,8698,CC1(C)OC[C@@H](CO)Sc2ccccc12,13.4,1.0,0.05,10.1021/acs.orglett.9b04244,ODH,1534,ODH_charity_0616:row:1534,13.4,train,
8699,8699,CC1(C)OC[C@H](CO)Sc2ccccc12,11.9,1.0,0.05,10.1021/acs.orglett.9b04244,ODH,1535,ODH_charity_0616:row:1535,11.9,train,
8706,8706,COC(=O)[C@H]1[C@@H](CCC(C)(C)[C@H]1CC(=O)c2cocc2)c3ccccc3,14.5,0.7,0.02,10.1039/C5QO00348B,ODH,1536,ODH_charity_0616:row:1536,10.15,train,
8715,8715,C1Oc2ccccc2N[C@H]1c3ccccc3,15.7,0.7,0.3,10.1016/j.tet.2021.131968,ODH,1537,ODH_charity_0616:row:1537,10.99,train,
8716,8716,C1Oc2ccccc2N[C@@H]1c3ccccc3,11.9,0.7,0.3,10.1016/j.tet.2021.131968,ODH,1538,ODH_charity_0616:row:1538,8.33,train,
8728,8728,Fc1ccc(cc1)[C@@H]2C[C@@H](Oc3ccccc23)Sc4ccccc4,7.8,1.0,0.01,10.1021/acs.orglett.7b00867,ODH,1539,ODH_charity_0616:row:1539,7.8,train,
8745,8745,O=C(OCc1ccccc1)[C@H]2CCCO2,15.95,1.0,0.05,10.1021/ja1078464,ODH,1540,ODH_charity_0616:row:1540,15.95,train,
8746,8746,O=C(OCc1ccccc1)[C@@H]2CCCO2,11.92,1.0,0.05,10.1021/ja1078464,ODH,1541,ODH_charity_0616:row:1541,11.92,train,
8749,8749,FC(F)(F)[C@]1(CC(=C)C(=O)OCc2ccccc2)C=C(c3ccccc3)c4ccccc14,11.25,0.5,0.025,10.1021/acs.orglett.7b02895,ODH,1542,ODH_charity_0616:row:1542,5.625,train,
8750,8750,FC(F)(F)[C@@]1(CC(=C)C(=O)OCc2ccccc2)C=C(c3ccccc3)c4ccccc14,11.93,0.5,0.025,10.1021/acs.orglett.7b02895,ODH,1543,ODH_charity_0616:row:1543,5.965,train,
8755,8755,N[C@H](C(=[N+]=[N-])C(=O)c1ccc(F)cc1)C(F)(F)F,10.445,1.0,0.15,10.1002/anie.201810253,ODH,1544,ODH_charity_0616:row:1544,10.445,train,
8756,8756,N[C@@H](C(=[N+]=[N-])C(=O)c1ccc(F)cc1)C(F)(F)F,11.938,1.0,0.15,10.1002/anie.201810253,ODH,1545,ODH_charity_0616:row:1545,11.938,train,
8757,8757,Cc1ccccc1[C@@H]2CCc3ccccc3N2,10.25,1.0,0.05,10.1021/ja903547q,ODH,1546,ODH_charity_0616:row:1546,10.25,train,
8758,8758,Cc1ccccc1[C@H]2CCc3ccccc3N2,11.94,1.0,0.05,10.1021/ja903547q,ODH,1547,ODH_charity_0616:row:1547,11.94,train,
8759,8759,FC(F)(F)COC[C@@H](C(=O)c1ccccc1)c2ccccc2,13.92,1.0,0.01,10.1002/anie.201903007,ODH,1548,ODH_charity_0616:row:1548,13.92,train,
8760,8760,FC(F)(F)COC[C@H](C(=O)c1ccccc1)c2ccccc2,11.94,1.0,0.01,10.1002/anie.201903007,ODH,1549,ODH_charity_0616:row:1549,11.94,test,
8791,8791,O[C@@H]/1CCCC1=C/c2cccc3ccccc23,117.9,0.5,0.02,10.1021/acs.organomet.9b00366,ODH,1550,ODH_charity_0616:row:1550,58.95,train,
8792,8792,O[C@H]/1CCCC1=C/c2cccc3ccccc23,111.3,0.5,0.02,10.1021/acs.organomet.9b00366,ODH,1551,ODH_charity_0616:row:1551,55.65,train,
8816,8816,Cc1cc2C[C@@H](/C=C/c3ccc(Cl)cc3)N(c2cc1C)[S](=O)(=O)C(F)(F)F,12.6,0.5,0.02,10.1021/jacs.1c07212,ODH,1552,ODH_charity_0616:row:1552,6.3,train,
8817,8817,Cc1cc2C[C@H](/C=C/c3ccc(Cl)cc3)N(c2cc1C)[S](=O)(=O)C(F)(F)F,12.0,0.5,0.02,10.1021/jacs.1c07212,ODH,1553,ODH_charity_0616:row:1553,6.0,train,
8820,8820,C[C@@H]1Nc2ccccc2Oc3c(Cl)cccc13,13.0,0.7,0.05,10.1039/C1CC12263K,ODH,1554,ODH_charity_0616:row:1554,9.1,train,
8821,8821,C[C@H]1Nc2ccccc2Oc3c(Cl)cccc13,12.0,0.7,0.05,10.1039/C1CC12263K,ODH,1555,ODH_charity_0616:row:1555,8.4,train,
8831,8831,[N-]=[N+]=N[C@H]1CCCC[C@H]1c2cccc3ccccc23,14.9,0.7,0.01,10.1039/D0CC00480D,ODH,1556,ODH_charity_0616:row:1556,10.43,test,
8832,8832,[N-]=[N+]=N[C@@H]1CCCC[C@H]1c2cccc3ccccc23,12.0,0.7,0.01,10.1039/D0CC00480D,ODH,1557,ODH_charity_0616:row:1557,8.4,train,
8875,8875,O[C@]1([C@H](C=C)c2ccccc2)C(=O)N(Cc3ccccc3)c4ccccc14,9.945,1.0,0.1,10.1021/acs.orglett.8b02655,ODH,1558,ODH_charity_0616:row:1558,9.945,valid,
8876,8876,O[C@@]1([C@H](C=C)c2ccccc2)C(=O)N(Cc3ccccc3)c4ccccc14,12.02,1.0,0.1,10.1021/acs.orglett.8b02655,ODH,1559,ODH_charity_0616:row:1559,12.02,train,
8888,8888,C1Cc2ccccc2N[C@@H]1c3ccccc3,9.08,1.0,0.05,10.1021/ja903547q,ODH,1560,ODH_charity_0616:row:1560,9.08,valid,
8889,8889,C1Cc2ccccc2N[C@H]1c3ccccc3,12.03,1.0,0.05,10.1021/ja903547q,ODH,1561,ODH_charity_0616:row:1561,12.03,train,
8896,8896,CN(CC[C@@H](O)c1cccc(C)c1)Cc2ccccc2,13.51,0.8,0.05,10.1039/C3OB40135A,ODH,1562,ODH_charity_0616:row:1562,10.808,train,
8897,8897,CN(CC[C@H](O)c1cccc(C)c1)Cc2ccccc2,12.05,0.8,0.05,10.1039/C3OB40135A,ODH,1563,ODH_charity_0616:row:1563,9.64,train,
8905,8905,O[C@H]1CCCC[C@H]1NCc2ccccc2,10.34,1.0,0.05,10.1021/ol901605a,ODH,1564,ODH_charity_0616:row:1564,10.34,train,
8906,8906,O[C@@H]1CCCC[C@H]1NCc2ccccc2,12.08,1.0,0.05,10.1021/ol901605a,ODH,1565,ODH_charity_0616:row:1565,12.08,train,
8921,8921,CC(C)[C@H]1C=Cc2ccccc2N1[S](C)(=O)=O,10.6,0.5,0.1,10.1002/anie.201909479,ODH,1566,ODH_charity_0616:row:1566,5.3,train,
8922,8922,CC(C)[C@@H]1C=Cc2ccccc2N1[S](C)(=O)=O,12.1,0.5,0.1,10.1002/anie.201909479,ODH,1567,ODH_charity_0616:row:1567,6.05,train,
8928,8928,COc1ccc(N[C@H](C)c2ccccc2)cc1,10.9,0.8,0.02,10.1002/adsc.201000554,ODH,1568,ODH_charity_0616:row:1568,8.72,train,
8929,8929,COc1ccc(N[C@@H](C)c2ccccc2)cc1,12.1,0.8,0.02,10.1002/adsc.201000554,ODH,1569,ODH_charity_0616:row:1569,9.68,train,
8930,8930,COC(=O)[C@H](F)/C=C/c1ccc(COC(C)=O)cc1,10.9,1.0,0.1,10.1002/anie.201204521,ODH,1570,ODH_charity_0616:row:1570,10.9,train,
8931,8931,COC(=O)[C@@H](F)/C=C/c1ccc(COC(C)=O)cc1,12.1,1.0,0.1,10.1002/anie.201204521,ODH,1571,ODH_charity_0616:row:1571,12.1,train,
8939,8939,COc1ccc(cc1)n2c(C)cc([C@H](C(=O)OCc3ccccc3)c4ccccc4)c2C,13.1,0.7,0.05,10.1039/C7QO00815E,ODH,1572,ODH_charity_0616:row:1572,9.17,train,
8940,8940,COc1ccc(cc1)n2c(C)cc([C@@H](C(=O)OCc3ccccc3)c4ccccc4)c2C,12.1,0.7,0.05,10.1039/C7QO00815E,ODH,1573,ODH_charity_0616:row:1573,8.47,train,
8943,8943,CC1=CC=C(C=C1)C[C@@H]2NC3=C(C=CC=C3)C2,13.3,1.0,0.01,10.1016/j.tet.2013.06.016,ODH,1574,ODH_charity_0616:row:1574,13.3,train,
8944,8944,CC1=CC=C(C=C1)C[C@H]2NC3=C(C=CC=C3)C2,12.1,1.0,0.01,10.1016/j.tet.2013.06.016,ODH,1575,ODH_charity_0616:row:1575,12.1,train,
8947,8947,CCCCC[C@H](C=C)n1c(C)cc2ccccc12,13.6,0.4,0.001,10.1002/chem.202004613,ODH,1576,ODH_charity_0616:row:1576,5.44,train,
8948,8948,CCCCC[C@@H](C=C)n1c(C)cc2ccccc12,12.1,0.4,0.001,10.1002/chem.202004613,ODH,1577,ODH_charity_0616:row:1577,4.84,train,
8953,8953,Clc1cccc2c1N(Cc3ccccc3)C(=O)[C@]24OC(=O)c5cccc6ccn4c56,14.0,0.8,0.2,10.1021/acscatal.9b03163,ODH,1578,ODH_charity_0616:row:1578,11.2,train,
8954,8954,Clc1cccc2c1N(Cc3ccccc3)C(=O)[C@@]24OC(=O)c5cccc6ccn4c56,12.1,0.8,0.2,10.1021/acscatal.9b03163,ODH,1579,ODH_charity_0616:row:1579,9.68,train,
8958,8958,CCCC[C@H]1Nc2ccccc2C[C@H]1N3C(=O)c4ccccc4C3=O,14.5,0.7,0.3,10.1002/chem.201402592,ODH,1580,ODH_charity_0616:row:1580,10.15,train,
8959,8959,CCCC[C@@H]1Nc2ccccc2C[C@H]1N3C(=O)c4ccccc4C3=O,12.1,0.7,0.3,10.1002/chem.201402592,ODH,1581,ODH_charity_0616:row:1581,8.47,test,
8969,8969,OC[C@@H]1COC2(CCCCC2)c3ccccc3O1,19.7,1.0,0.1,10.1021/acs.orglett.9b04244,ODH,1582,ODH_charity_0616:row:1582,19.7,train,
8970,8970,OC[C@H]1COC2(CCCCC2)c3ccccc3O1,12.1,1.0,0.1,10.1021/acs.orglett.9b04244,ODH,1583,ODH_charity_0616:row:1583,12.1,train,
8985,8985,CC(O)C[C@@H](C)\C=C\c1ccccc1,13.56,0.9,0.05,10.1002/adsc.201600375,ODH,1584,ODH_charity_0616:row:1584,12.204,train,
8986,8986,CC(O)C[C@H](C)\C=C\c1ccccc1,12.13,0.9,0.05,10.1002/adsc.201600375,ODH,1585,ODH_charity_0616:row:1585,10.917,train,
8987,8987,CCOC(=O)N1[C@H](C[C@](C)(N1C(C)=O)c2ccccc2)c3ccccc3,9.32,1.0,0.15,10.1038/s41929/020/0460/y,ODH,1586,ODH_charity_0616:row:1586,9.32,train,
8988,8988,CCOC(=O)N1[C@@H](C[C@](C)(N1C(C)=O)c2ccccc2)c3ccccc3,12.13,1.0,0.15,10.1038/s41929/020/0460/y,ODH,1587,ODH_charity_0616:row:1587,12.13,train,
8994,8994,COC(=O)c1ccc(cc1)[C@](C)(C=O)c2ccc(cc2)C(C)C,12.78,0.5,0.05,10.1002/anie.202106109,ODH,1588,ODH_charity_0616:row:1588,6.39,train,
8995,8995,COC(=O)c1ccc(cc1)[C@@](C)(C=O)c2ccc(cc2)C(C)C,12.15,0.5,0.05,10.1002/anie.202106109,ODH,1589,ODH_charity_0616:row:1589,6.075,valid,
9047,9047,C[C@]1(C(=O)OCC=C)C(=O)N(C(=O)C(c2ccccc2)c3ccccc3)c4cccc(Br)c14,16.6,0.8,0.01,10.1002/ajoc.201900294,ODH,1590,ODH_charity_0616:row:1590,13.28,train,
9048,9048,C[C@@]1(C(=O)OCC=C)C(=O)N(C(=O)C(c2ccccc2)c3ccccc3)c4cccc(Br)c14,12.2,0.8,0.01,10.1002/ajoc.201900294,ODH,1591,ODH_charity_0616:row:1591,9.76,train,
9059,9059,COc1ccc(C[C@H](B2OC(C)(C)C(C)(C)O2)N3CCOC3=O)cc1,9.5,1.0,0.1,10.1021/acscatal.9b04543.,ODH,1592,ODH_charity_0616:row:1592,9.5,train,
9060,9060,COc1ccc(C[C@@H](B2OC(C)(C)C(C)(C)O2)N3CCOC3=O)cc1,12.2,1.0,0.1,10.1021/acscatal.9b04543.,ODH,1593,ODH_charity_0616:row:1593,12.2,train,
9065,9065,CC[C@@H](C#Cc1cccc(Cl)c1)c2ccccc2,13.06,0.7,0.005,10.1002/anie.202006317,ODH,1594,ODH_charity_0616:row:1594,9.142,train,
9066,9066,CC[C@H](C#Cc1cccc(Cl)c1)c2ccccc2,12.21,0.7,0.005,10.1002/anie.202006317,ODH,1595,ODH_charity_0616:row:1595,8.547,train,
9067,9067,CCOC(=O)[C@@]1(O[C@H](OC(=C[C@H]1c2ccccc2)C(=O)OCc3ccccc3)c4ccccc4)c5ccccc5,14.06,1.0,0.02,10.1039/D1SC01019K,ODH,1596,ODH_charity_0616:row:1596,14.06,train,
9070,9070,CC(=C)[C@@H](CN[S](=O)(=O)c1ccc(C)cc1)CC(=O)c2ccc(C)cc2,26.41,0.5,0.3,10.1039/C8CC00279G,ODH,1597,ODH_charity_0616:row:1597,13.205,train,
9071,9071,CC(=C)[C@H](CN[S](=O)(=O)c1ccc(C)cc1)CC(=O)c2ccc(C)cc2,12.22,0.5,0.3,10.1039/C8CC00279G,ODH,1598,ODH_charity_0616:row:1598,6.11,train,
9072,9072,CCOC(=O)/C=C/[C@H]1[C@H](C)N1[S](=O)(=O)c2ccc(C)cc2,21.16,0.8,0.2,10.1021/jacs.5b01305,ODH,1599,ODH_charity_0616:row:1599,16.928,train,
9073,9073,CCOC(=O)/C=C/[C@@H]1[C@H](C)N1[S](=O)(=O)c2ccc(C)cc2,12.23,0.8,0.2,10.1021/jacs.5b01305,ODH,1600,ODH_charity_0616:row:1600,9.784,train,
9081,9081,CC(C)(C)[P@](=O)(Cc1ccc(cc1)C#N)c2ccccc2,10.53,1.0,0.15,10.1002/anie.202111957,ODH,1601,ODH_charity_0616:row:1601,10.53,train,
9082,9082,CC(C)(C)[P@@](=O)(Cc1ccc(cc1)C#N)c2ccccc2,12.26,1.0,0.15,10.1002/anie.202111957,ODH,1602,ODH_charity_0616:row:1602,12.26,test,
9085,9085,CCOC(=O)[C@@]1(O[C@H](OC(=C[C@H]1c2ccccc2)CO)c3ccccc3)c4ccccc4,14.29,1.0,0.05,10.1039/D1SC01019K,ODH,1603,ODH_charity_0616:row:1603,14.29,valid,
9087,9087,Cc1cccc(/C=C/C=C/C[C@](C)(C=O)c2ccccc2)c1,15.047,1.0,0.02,10.1021/acs.orglett.8b00740,ODH,1604,ODH_charity_0616:row:1604,15.047,train,
9088,9088,Cc1cccc(/C=C/C=C/C[C@@](C)(C=O)c2ccccc2)c1,12.272,1.0,0.02,10.1021/acs.orglett.8b00740,ODH,1605,ODH_charity_0616:row:1605,12.272,test,
9094,9094,FC(F)(F)c1cc(N[C@@H]2C=CC(=O)[C@H]2\C=C\c3ccccc3)cc(c1)C(F)(F)F,10.1,1.0,0.1,10.1002/anie.201607714,ODH,1606,ODH_charity_0616:row:1606,10.1,train,
9117,9117,CC1(C)OC[C@@H](CO)Oc2ccccc12,13.6,1.0,0.05,10.1021/acs.orglett.9b04244,ODH,1607,ODH_charity_0616:row:1607,13.6,train,
9118,9118,CC1(C)OC[C@H](CO)Oc2ccccc12,12.3,1.0,0.05,10.1021/acs.orglett.9b04244,ODH,1608,ODH_charity_0616:row:1608,12.3,train,
9139,9139,C[C@@H](\C=C\c1ccccc1)[C@@](C)(N)C(=O)OCc2ccccc2,21.3,1.0,0.05,10.1021/jacs.0c02150,ODH,1609,ODH_charity_0616:row:1609,21.3,train,
9143,9143,CCOC(=O)C1=C(C)OC(=O)C[C@@H]1c2ccccc2,25.9,0.75,0.03,10.1002/anie.201302152,ODH,1610,ODH_charity_0616:row:1610,19.425,train,
9144,9144,CCOC(=O)C1=C(C)OC(=O)C[C@H]1c2ccccc2,12.3,0.75,0.03,10.1002/anie.201302152,ODH,1611,ODH_charity_0616:row:1611,9.225,train,
9156,9156,COc1cccc(c1)[C@H]([C@H](C)O)N2CCCC2,10.18,1.0,0.01,10.1021/ja901058u,ODH,1612,ODH_charity_0616:row:1612,10.18,train,
9157,9157,COc1cccc(c1)[C@@H]([C@H](C)O)N2CCCC2,12.31,1.0,0.01,10.1021/ja901058u,ODH,1613,ODH_charity_0616:row:1613,12.31,train,
9174,9174,C[C@@](C\C=C\C=C\c1ccccc1)(C=O)c2ccc3ccccc3c2,15.87,1.0,0.15,10.1021/acs.orglett.8b00740,ODH,1614,ODH_charity_0616:row:1614,15.87,train,
9175,9175,C[C@](C\C=C\C=C\c1ccccc1)(C=O)c2ccc3ccccc3c2,12.331,1.0,0.15,10.1021/acs.orglett.8b00740,ODH,1615,ODH_charity_0616:row:1615,12.331,train,
9183,9183,CCCCC[C@@H]1CCc2ccccc2N1,10.64,0.6,0.005,10.1021/ja903547q,ODH,1616,ODH_charity_0616:row:1616,6.384,train,
9184,9184,CCCCC[C@H]1CCc2ccccc2N1,12.37,0.6,0.005,10.1021/ja903547q,ODH,1617,ODH_charity_0616:row:1617,7.422,train,
9187,9187,COCC1=C(N(C[C@H]1C(C)=C)[S](=O)(=O)c2ccc(C)cc2)c3ccc(OC)cc3,11.47,0.8,0.1,10.1021/jacs.6b00386,ODH,1618,ODH_charity_0616:row:1618,9.176,train,
9188,9188,COCC1=C(N(C[C@@H]1C(C)=C)[S](=O)(=O)c2ccc(C)cc2)c3ccc(OC)cc3,12.39,0.8,0.1,10.1021/jacs.6b00386,ODH,1619,ODH_charity_0616:row:1619,9.912,train,
9216,9216,OC[C@H](CCl)OCCOC(=O)c1ccccc1,11.3,1.0,0.1,10.1002/anie.201601844,ODH,1620,ODH_charity_0616:row:1620,11.3,train,
9217,9217,OC[C@@H](CCl)OCCOC(=O)c1ccccc1,12.4,1.0,0.1,10.1002/anie.201601844,ODH,1621,ODH_charity_0616:row:1621,12.4,train,
9218,9218,CC(C)(C)[C@@]1(COc2ccccc12)CC#Cc3ccccc3,11.5,0.5,0.01,10.1002/anie.201913367,ODH,1622,ODH_charity_0616:row:1622,5.75,train,
9219,9219,CC(C)(C)[C@]1(COc2ccccc12)CC#Cc3ccccc3,12.4,0.5,0.01,10.1002/anie.201913367,ODH,1623,ODH_charity_0616:row:1623,6.2,train,
9226,9226,C=C[C@@H](C1CC1)n2ccc3ccccc23,12.9,0.5,0.001,10.1002/chem.202004613,ODH,1624,ODH_charity_0616:row:1624,6.45,train,
9227,9227,C=C[C@H](C1CC1)n2ccc3ccccc23,12.4,0.5,0.001,10.1002/chem.202004613,ODH,1625,ODH_charity_0616:row:1625,6.2,train,
9230,9230,C[C@@H](\C=C\c1ccccc1)[C@](C)(N)C(=O)OCc2ccccc2,13.2,1.0,0.05,10.1021/jacs.0c02150,ODH,1626,ODH_charity_0616:row:1626,13.2,train,
9235,9235,Cc1cc(C)c2N(Cc3ccccc3)C(=O)[C@]4(OC(=O)c5cccc6ccn4c56)c2c1,13.8,0.8,0.2,10.1021/acscatal.9b03163,ODH,1627,ODH_charity_0616:row:1627,11.04,train,
9236,9236,Cc1cc(C)c2N(Cc3ccccc3)C(=O)[C@@]4(OC(=O)c5cccc6ccn4c56)c2c1,12.4,0.8,0.2,10.1021/acscatal.9b03163,ODH,1628,ODH_charity_0616:row:1628,9.92,train,
9259,9259,CN(CC[C@@H](O)c1ccc(Br)cc1)Cc2ccccc2,14.94,0.6,0.1,10.1039/C3OB40135A,ODH,1629,ODH_charity_0616:row:1629,8.964,train,
9260,9260,CN(CC[C@H](O)c1ccc(Br)cc1)Cc2ccccc2,12.41,0.6,0.1,10.1039/C3OB40135A,ODH,1630,ODH_charity_0616:row:1630,7.446,train,
9261,9261,N[C@H](C(=[N+]=[N-])C(=O)c1ccccc1)C(F)(F)F,9.132,1.0,0.15,10.1002/anie.201810253,ODH,1631,ODH_charity_0616:row:1631,9.132,train,
9262,9262,N[C@@H](C(=[N+]=[N-])C(=O)c1ccccc1)C(F)(F)F,12.419,1.0,0.15,10.1002/anie.201810253,ODH,1632,ODH_charity_0616:row:1632,12.419,train,
9285,9285,N[C@H](C(=[N+]=[N-])C(=O)c1ccc(cc1)C(F)(F)F)C(F)(F)F,10.544,1.0,0.1,10.1002/anie.201810253,ODH,1633,ODH_charity_0616:row:1633,10.544,train,
9286,9286,N[C@@H](C(=[N+]=[N-])C(=O)c1ccc(cc1)C(F)(F)F)C(F)(F)F,12.445,1.0,0.1,10.1002/anie.201810253,ODH,1634,ODH_charity_0616:row:1634,12.445,train,
9287,9287,CC(C)[C@H]1[C@@H](N1[S](=O)(=O)c2ccc(C)cc2)C(C)=O,13.51,0.8,0.08,10.1021/jacs.5b01305,ODH,1635,ODH_charity_0616:row:1635,10.808,train,
9298,9298,C[C@H](O)[C@H](N1CCCC1)c2ccc(Br)cc2,9.21,1.0,0.01,10.1021/ja901058u,ODH,1636,ODH_charity_0616:row:1636,9.21,train,
9299,9299,C[C@@H](O)[C@H](N1CCCC1)c2ccc(Br)cc2,12.47,1.0,0.01,10.1021/ja901058u,ODH,1637,ODH_charity_0616:row:1637,12.47,train,
9303,9303,CCC[C@H](C=C)N1CCc2ccccc12,11.84,1.0,0.0,10.1021/jacs.9b06035,ODH,1638,ODH_charity_0616:row:1638,11.84,train,
9304,9304,CCC[C@@H](C=C)N1CCc2ccccc12,12.49,1.0,0.0,10.1021/jacs.9b06035,ODH,1639,ODH_charity_0616:row:1639,12.49,train,
9305,9305,O[C@H](C1=CC=CC=C1)CCN(C)C,8.61,1.0,0.05,10.1039/C3OB40135A,ODH,1640,ODH_charity_0616:row:1640,8.61,train,
9306,9306,O[C@@H](C1=CC=CC=C1)CCN(C)C,12.49,1.0,0.05,10.1039/C3OB40135A,ODH,1641,ODH_charity_0616:row:1641,12.49,train,
9319,9319,CC[C@@]1(N(c2ccc(C)cc2C1=C)[S](=O)(=O)C(F)(F)F)c3ccc(cc3)c4ccccc4,10.7,0.5,0.02,10.1002/anie.201904805,ODH,1642,ODH_charity_0616:row:1642,5.35,train,
9320,9320,CC[C@]1(N(c2ccc(C)cc2C1=C)[S](=O)(=O)C(F)(F)F)c3ccc(cc3)c4ccccc4,12.5,0.5,0.02,10.1002/anie.201904805,ODH,1643,ODH_charity_0616:row:1643,6.25,train,
9341,9341,CCCC[C@H]1[C@H](C)c2ccccc2[S](=O)(=O)N1Cc3ccccc3,13.2,0.7,0.05,10.1039/C7QO01098B,ODH,1644,ODH_charity_0616:row:1644,9.24,train,
9342,9342,CCCC[C@@H]1[C@H](C)c2ccccc2[S](=O)(=O)N1Cc3ccccc3,12.5,0.7,0.05,10.1039/C7QO01098B,ODH,1645,ODH_charity_0616:row:1645,8.75,train,
9347,9347,C=C[C@@H](CCc1ccccc1)n2ccc3ccccc23,13.5,1.0,0.001,10.1002/chem.202004613,ODH,1646,ODH_charity_0616:row:1646,13.5,train,
9348,9348,C=C[C@H](CCc1ccccc1)n2ccc3ccccc23,12.5,1.0,0.001,10.1002/chem.202004613,ODH,1647,ODH_charity_0616:row:1647,12.5,test,
9351,9351,Cc1n(c2ccccc2)c3ccccc3c1[C@H](C(=O)OCc4ccccc4)c5ccccc5,14.0,0.7,0.05,10.1039/C6OB01516F,ODH,1648,ODH_charity_0616:row:1648,9.8,valid,
9352,9352,Cc1n(c2ccccc2)c3ccccc3c1[C@@H](C(=O)OCc4ccccc4)c5ccccc5,12.5,0.7,0.05,10.1039/C6OB01516F,ODH,1649,ODH_charity_0616:row:1649,8.75,train,
9358,9358,Clc1ccc2N[C@@H](CNc2c1)c3ccccc3,15.0,0.6,0.4,10.1021/ja200723n,ODH,1650,ODH_charity_0616:row:1650,9.0,train,
9359,9359,Clc1ccc2N[C@H](CNc2c1)c3ccccc3,12.5,0.6,0.4,10.1021/ja200723n,ODH,1651,ODH_charity_0616:row:1651,7.5,train,
9363,9363,C[C@](CO)(CSc1sc2ccccc2n1)c3ccccc3,16.0,1.0,0.1,10.1002/anie.201300188,ODH,1652,ODH_charity_0616:row:1652,16.0,train,
9364,9364,C[C@@](CO)(CSc1sc2ccccc2n1)c3ccccc3,12.5,1.0,0.1,10.1002/anie.201300188,ODH,1653,ODH_charity_0616:row:1653,12.5,train,
9365,9365,O=C[C@@H]1COC2(CCC2)c3ccccc3O1,16.1,1.0,0.1,10.1021/acs.orglett.9b04244,ODH,1654,ODH_charity_0616:row:1654,16.1,train,
9366,9366,O=C[C@H]1COC2(CCC2)c3ccccc3O1,12.5,1.0,0.1,10.1021/acs.orglett.9b04244,ODH,1655,ODH_charity_0616:row:1655,12.5,train,
9388,9388,CC[C@@H](C#Cc1sccc1)c2ccccc2,13.82,0.7,0.005,10.1002/anie.202006317,ODH,1656,ODH_charity_0616:row:1656,9.674,train,
9389,9389,CC[C@H](C#Cc1sccc1)c2ccccc2,12.52,0.7,0.005,10.1002/anie.202006317,ODH,1657,ODH_charity_0616:row:1657,8.764,train,
9399,9399,CC(=C)[C@H]1CNc2ccccc2O1,11.949,0.5,0.03,10.1002/anie.201712350,ODH,1658,ODH_charity_0616:row:1658,5.9745,train,
9400,9400,CC(=C)[C@@H]1CNc2ccccc2O1,12.551,0.5,0.03,10.1002/anie.201712350,ODH,1659,ODH_charity_0616:row:1659,6.2755,train,
9401,9401,Cc1ccc(cc1)[C@](C)(CC(=C)c2ccccc2)C=O,10.551,1.0,0.03,10.1016/j.chempr.2018.03.010,ODH,1660,ODH_charity_0616:row:1660,10.551,train,
9402,9402,Cc1ccc(cc1)[C@@](C)(CC(=C)c2ccccc2)C=O,12.555,1.0,0.03,10.1016/j.chempr.2018.03.010,ODH,1661,ODH_charity_0616:row:1661,12.555,train,
9406,9406,CCC[C@@H](CC=O)c1c[nH]c2ccccc12,15.69,1.0,0.15,10.1039/C0OB00016G,ODH,1662,ODH_charity_0616:row:1662,15.69,train,
9407,9407,CCC[C@H](CC=O)c1c[nH]c2ccccc12,12.56,1.0,0.15,10.1039/C0OB00016G,ODH,1663,ODH_charity_0616:row:1663,12.56,train,
9422,9422,C[C@@H]1CCC(=O)O[C@H]1c2cccc(c2)[N+]([O-])=O,11.3,1.0,0.3,10.1002/chem.201801197,ODH,1664,ODH_charity_0616:row:1664,11.3,train,
9423,9423,COc1ccccc1/C=C/[C@H](C)C#CCOC(C)=O,11.5,0.6,0.05,10.1002/anie.202110233,ODH,1665,ODH_charity_0616:row:1665,6.9,valid,
9424,9424,COc1ccccc1/C=C/[C@@H](C)C#CCOC(C)=O,12.6,0.6,0.05,10.1002/anie.202110233,ODH,1666,ODH_charity_0616:row:1666,7.56,train,
9429,9429,Fc1ccc(\C=C\[C@H]2COc3cc4CCCc4cc3O2)cc1,11.69,1.0,0.01,10.1002/cjoc.201800540,ODH,1667,ODH_charity_0616:row:1667,11.69,train,
9430,9430,Fc1ccc(\C=C\[C@@H]2COc3cc4CCCc4cc3O2)cc1,12.6,1.0,0.01,10.1002/cjoc.201800540,ODH,1668,ODH_charity_0616:row:1668,12.6,train,
9433,9433,C[C@@]1(COc2ccccc12)CC#Cc3ccccc3Cl,13.1,0.5,0.01,10.1002/anie.201913367,ODH,1669,ODH_charity_0616:row:1669,6.55,train,
9434,9434,C[C@]1(COc2ccccc12)CC#Cc3ccccc3Cl,12.6,0.5,0.01,10.1002/anie.201913367,ODH,1670,ODH_charity_0616:row:1670,6.3,train,
9439,9439,CON1C(=O)c2ccccc2[C@@]1(C=C)C3CCCC3,13.4,0.5,0.075,10.1002/anie.201203693,ODH,1671,ODH_charity_0616:row:1671,6.7,train,
9440,9440,CON1C(=O)c2ccccc2[C@]1(C=C)C3CCCC3,12.6,0.5,0.075,10.1002/anie.201203693,ODH,1672,ODH_charity_0616:row:1672,6.3,train,
9441,9441,NC1=C(C#N)[C@@H](\C=C\c2ccccc2)c3cc4OCOc4cc3O1,13.8,0.7,0.3,10.1021/acs.orglett.5b03148,ODH,1673,ODH_charity_0616:row:1673,9.66,train,
9442,9442,NC1=C(C#N)[C@H](\C=C\c2ccccc2)c3cc4OCOc4cc3O1,12.6,0.7,0.3,10.1021/acs.orglett.5b03148,ODH,1674,ODH_charity_0616:row:1674,8.82,train,
9457,9457,Brc1cccc(c1)[C@@H]2COc3ccccc3N2,17.1,0.6,0.4,10.1021/ja200723n,ODH,1675,ODH_charity_0616:row:1675,10.26,test,
9458,9458,Brc1cccc(c1)[C@H]2COc3ccccc3N2,12.6,0.6,0.4,10.1021/ja200723n,ODH,1676,ODH_charity_0616:row:1676,7.56,test,
9470,9470,CC(=C)C[C@@]1(C)CC(=NO1)c2ccc3OCCOc3c2,13.43,0.8,0.1,10.1002/anie.201912408,ODH,1677,ODH_charity_0616:row:1677,10.744,train,
9471,9471,CC(=C)C[C@]1(C)CC(=NO1)c2ccc3OCCOc3c2,12.64,0.8,0.1,10.1002/anie.201912408,ODH,1678,ODH_charity_0616:row:1678,10.112,train,
9472,9472,Cc1ccc2N[C@@H]([C@@H]3CCO[C@@H]3c2c1)c4ccccc4,8.13,1.0,0.15,10.1002/anie.201504790,ODH,1679,ODH_charity_0616:row:1679,8.13,train,
9478,9478,CC(=C)C[C@H]1CC(=NO1)c2ccc(F)cc2,11.16,0.6,0.05,10.1002/anie.201912408,ODH,1680,ODH_charity_0616:row:1680,6.696,train,
9479,9479,CC(=C)C[C@@H]1CC(=NO1)c2ccc(F)cc2,12.66,0.6,0.05,10.1002/anie.201912408,ODH,1681,ODH_charity_0616:row:1681,7.596,train,
9496,9496,CC[C@@H](C#CCCO)c1ccccc1,11.42,0.7,0.05,10.1002/anie.202006317,ODH,1682,ODH_charity_0616:row:1682,7.994,train,
9497,9497,CC[C@H](C#CCCO)c1ccccc1,12.69,0.7,0.05,10.1002/anie.202006317,ODH,1683,ODH_charity_0616:row:1683,8.883,train,
9504,9504,COc1ccc(cc1)[C@@H](C)N[S](=O)(=O)C(C)(C)C,10.4,1.0,0.05,10.1002/anie.201902576,ODH,1684,ODH_charity_0616:row:1684,10.4,train,
9505,9505,COc1ccc(cc1)[C@H](C)N[S](=O)(=O)C(C)(C)C,12.7,1.0,0.05,10.1002/anie.201902576,ODH,1685,ODH_charity_0616:row:1685,12.7,train,
9527,9527,C=C[C@H](C1=CNC2=C1C=CC=C2)CCCO[Si](C)(C(C)(C)C)C,14.3,1.0,0.01,10.1002/chem.202004613,ODH,1686,ODH_charity_0616:row:1686,14.3,train,
9528,9528,C=C[C@@H](C1=CNC2=C1C=CC=C2)CCCO[Si](C)(C(C)(C)C)C,12.7,1.0,0.01,10.1002/chem.202004613,ODH,1687,ODH_charity_0616:row:1687,12.7,train,
9550,9550,C1[C@H](Nc2ccccc12)c3ccccc3,21.3,1.0,0.1,10.1039/C8QO00710A,ODH,1688,ODH_charity_0616:row:1688,21.3,train,
9551,9551,C1[C@@H](Nc2ccccc12)c3ccccc3,12.7,1.0,0.1,10.1039/C8QO00710A,ODH,1689,ODH_charity_0616:row:1689,12.7,train,
9574,9574,CC(=C)[C@@H](CN[S](=O)(=O)c1ccc(C)cc1)CC(=O)c2ccccc2,14.87,0.5,0.3,10.1039/C8CC00279G,ODH,1690,ODH_charity_0616:row:1690,7.435,train,
9575,9575,CC(=C)[C@H](CN[S](=O)(=O)c1ccc(C)cc1)CC(=O)c2ccccc2,12.75,0.5,0.3,10.1039/C8CC00279G,ODH,1691,ODH_charity_0616:row:1691,6.375,test,
9580,9580,CC[C@@H](C#Cc1cccc(Br)c1)c2ccccc2,13.61,0.7,0.005,10.1002/anie.202006317,ODH,1692,ODH_charity_0616:row:1692,9.527,train,
9581,9581,CC[C@H](C#Cc1cccc(Br)c1)c2ccccc2,12.76,0.7,0.005,10.1002/anie.202006317,ODH,1693,ODH_charity_0616:row:1693,8.932,train,
9582,9582,CC(C)(C)[P@](=O)(Cc1ccc(cc1)C#N)c2ccccc2,14.77,1.0,0.1,10.1002/anie.202111957,ODH,1694,ODH_charity_0616:row:1694,14.77,train,
9583,9583,CC(C)(C)[P@@](=O)(Cc1ccc(cc1)C#N)c2ccccc2,12.76,1.0,0.1,10.1002/anie.202111957,ODH,1695,ODH_charity_0616:row:1695,12.76,train,
9586,9586,CC(C)(C)c1ccc(cc1)[P@@](=O)(OCc2ccc3ccccc3c2)c4ccccc4,10.35,0.8,0.1,10.1021/acs.orglett.0c01537,ODH,1696,ODH_charity_0616:row:1696,8.28,train,
9587,9587,CC(C)(C)c1ccc(cc1)[P@](=O)(OCc2ccc3ccccc3c2)c4ccccc4,12.77,0.8,0.1,10.1021/acs.orglett.0c01537,ODH,1697,ODH_charity_0616:row:1697,10.216,train,
9588,9588,C=C[C@@H](CCc1ccccc1)NCc2occc2,14.067,1.0,0.005,10.1021/acscatal.0c00712,ODH,1698,ODH_charity_0616:row:1698,14.067,train,
9589,9589,C=C[C@H](CCc1ccccc1)NCc2occc2,12.775,1.0,0.005,10.1021/acscatal.0c00712,ODH,1699,ODH_charity_0616:row:1699,12.775,valid,
9598,9598,CCOC(=O)/C=C/[C@H](CC)c1ccccc1,9.0,0.6,0.01,10.1021/jacs.2c00957,ODH,1700,ODH_charity_0616:row:1700,5.4,train,
9599,9599,CCOC(=O)/C=C/[C@@H](CC)c1ccccc1,12.79,0.6,0.01,10.1021/jacs.2c00957,ODH,1701,ODH_charity_0616:row:1701,7.674,train,
9608,9608,O[C@@H]/1CCCC1=C/c2ccccc2F,10.7,0.8,0.05,10.1021/acs.organomet.9b00366,ODH,1702,ODH_charity_0616:row:1702,8.56,train,
9609,9609,O[C@H]/1CCCC1=C/c2ccccc2F,12.8,0.8,0.05,10.1021/acs.organomet.9b00366,ODH,1703,ODH_charity_0616:row:1703,10.24,train,
9612,9612,Clc1ccc(cc1)[C@]2(CCCCC2=C)c3ccccc3,11.5,0.5,0.0,10.1021/jacs.9b07514,ODH,1704,ODH_charity_0616:row:1704,5.75,train,
9613,9613,Clc1ccc(cc1)[C@@]2(CCCCC2=C)c3ccccc3,12.8,0.5,0.0,10.1021/jacs.9b07514,ODH,1705,ODH_charity_0616:row:1705,6.4,train,
9620,9620,CCC(CC)(CC[C@@]1(C)COc2cc(C)c(C)cc12)CC(=O)c3ccccc3,13.6,0.5,0.01,10.1021/acs.orglett.1c03739,ODH,1706,ODH_charity_0616:row:1706,6.8,train,
9621,9621,CCC(CC)(CC[C@]1(C)COc2cc(C)c(C)cc12)CC(=O)c3ccccc3,12.8,0.5,0.01,10.1021/acs.orglett.1c03739,ODH,1707,ODH_charity_0616:row:1707,6.4,train,
9628,9628,C[C@@H]1[C@H](F)c2ccccc2CN1C(=O)c3ccc(Br)cc3,14.3,0.8,0.1,10.1039/C3CC45341C,ODH,1708,ODH_charity_0616:row:1708,11.44,train,
9631,9631,Cc1cccc(c1)[C@H]2c3cc4OCOc4cc3OC(=C2C#N)N,14.9,0.7,0.2,10.1021/acs.orglett.5b03148,ODH,1709,ODH_charity_0616:row:1709,10.43,valid,
9632,9632,Cc1cccc(c1)[C@@H]2c3cc4OCOc4cc3OC(=C2C#N)N,12.8,0.7,0.2,10.1021/acs.orglett.5b03148,ODH,1710,ODH_charity_0616:row:1710,8.96,train,
9635,9635,COc1ccc(cc1OC)[C@@H](C)C#Cc2ccc(cc2)C#N,15.1,1.0,0.1,10.1002/anie.202110233,ODH,1711,ODH_charity_0616:row:1711,15.1,train,
9636,9636,COc1ccc(cc1OC)[C@H](C)C#Cc2ccc(cc2)C#N,12.8,1.0,0.1,10.1002/anie.202110233,ODH,1712,ODH_charity_0616:row:1712,12.8,train,
9649,9649,CCC[C@H]1Nc2ccccc2C[C@H]1N3C(=O)c4ccccc4C3=O,17.1,0.7,0.3,10.1002/chem.201402592,ODH,1713,ODH_charity_0616:row:1713,11.97,valid,
9650,9650,CCC[C@@H]1Nc2ccccc2C[C@H]1N3C(=O)c4ccccc4C3=O,12.8,0.7,0.3,10.1002/chem.201402592,ODH,1714,ODH_charity_0616:row:1714,8.96,train,
9655,9655,CCCC[C@H]1Nc2ccc(OC)cc2C[C@H]1N3C(=O)c4ccccc4C3=O,24.2,0.7,0.3,10.1002/chem.201402592,ODH,1715,ODH_charity_0616:row:1715,16.94,train,
9656,9656,CCCC[C@@H]1Nc2ccc(OC)cc2C[C@H]1N3C(=O)c4ccccc4C3=O,12.8,0.7,0.3,10.1002/chem.201402592,ODH,1716,ODH_charity_0616:row:1716,8.96,valid,
9668,9668,COc1cccc(c1)[C@@H](C)N[S](=O)(=O)C(C)(C)C,9.6,1.0,0.05,10.1002/anie.201902576,ODH,1717,ODH_charity_0616:row:1717,9.6,train,
9669,9669,COc1cccc(c1)[C@H](C)N[S](=O)(=O)C(C)(C)C,12.8,1.0,0.05,10.1002/anie.201902576,ODH,1718,ODH_charity_0616:row:1718,12.8,train,
9672,9672,CCC[C@H](C=C)c1n2ccccc2cc1c3ccccc3Br,11.723,0.7,0.003,10.1021/acs.orglett.0c03383,ODH,1719,ODH_charity_0616:row:1719,8.2061,train,
9673,9673,CCC[C@@H](C=C)c1n2ccccc2cc1c3ccccc3Br,12.802,0.7,0.003,10.1021/acs.orglett.0c03383,ODH,1720,ODH_charity_0616:row:1720,8.9614,train,
9681,9681,CC(C)c1ccc(cc1)[C@H](O)C(O)=O,10.4,0.8,0.05,10.1002/adsc.201700846,ODH,1721,ODH_charity_0616:row:1721,8.32,train,
9682,9682,CC(C)c1ccc(cc1)[C@@H](O)C(O)=O,12.84,0.8,0.05,10.1002/adsc.201700846,ODH,1722,ODH_charity_0616:row:1722,10.272,train,
9687,9687,Cc1ccc(\C=C\2CC[C@H]2O)c(C)c1,10.624,0.8,0.05,10.1021/acs.orglett.9b01514,ODH,1723,ODH_charity_0616:row:1723,8.4992,train,
9688,9688,Cc1ccc(\C=C\2CC[C@@H]2O)c(C)c1,12.852,0.8,0.05,10.1021/acs.orglett.9b01514,ODH,1724,ODH_charity_0616:row:1724,10.2816,test,
9691,9691,COC(=O)c1ccc(cc1)[C@](C)(C=O)C2CCCCC2,11.79,0.6,0.02,10.1002/anie.202106109,ODH,1725,ODH_charity_0616:row:1725,7.074,train,
9692,9692,COC(=O)c1ccc(cc1)[C@@](C)(C=O)C2CCCCC2,12.86,0.6,0.02,10.1002/anie.202106109,ODH,1726,ODH_charity_0616:row:1726,7.716,train,
9693,9693,Fc1cccc(c1)[C@H]2CC(=O)Oc3ccccc23,16.21,1.0,0.1,10.1039/D0SC04340K,ODH,1727,ODH_charity_0616:row:1727,16.21,test,
9694,9694,Fc1cccc(c1)[C@@H]2CC(=O)Oc3ccccc23,12.87,1.0,0.1,10.1039/D0SC04340K,ODH,1728,ODH_charity_0616:row:1728,12.87,train,
9699,9699,Cc1ccc(cc1)[S](=O)(=O)N2C[C@H](CO)Oc3ccccc23,10.708,1.0,0.15,10.1002/anie.201712350,ODH,1729,ODH_charity_0616:row:1729,10.708,train,
9700,9700,Cc1ccc(cc1)[S](=O)(=O)N2C[C@@H](CO)Oc3ccccc23,12.873,1.0,0.15,10.1002/anie.201712350,ODH,1730,ODH_charity_0616:row:1730,12.873,train,
9707,9707,Fc1ccccc1C2=C(C[C@@H](O2)C=C)C#N,13.887,1.0,0.01,10.1021/acs.orglett.0c01483,ODH,1731,ODH_charity_0616:row:1731,13.887,train,
9708,9708,Fc1ccccc1C2=C(C[C@H](O2)C=C)C#N,12.899,1.0,0.01,10.1021/acs.orglett.0c01483,ODH,1732,ODH_charity_0616:row:1732,12.899,train,
9731,9731,CC1(C)CO[C@@](C)(CO)CO1,15.0,1.0,0.05,10.1002/anie.201509888,ODH,1733,ODH_charity_0616:row:1733,15.0,train,
9732,9732,CC1(C)CO[C@](C)(CO)CO1,12.9,1.0,0.05,10.1002/anie.201509888,ODH,1734,ODH_charity_0616:row:1734,12.9,train,
9742,9742,COc1ccc(N2[C@H](COC2=O)C=C)c(OC)c1,19.7,1.0,0.2,10.1002/chem.201405830,ODH,1735,ODH_charity_0616:row:1735,19.7,train,
9743,9743,COc1ccc(N2[C@@H](COC2=O)C=C)c(OC)c1,12.9,1.0,0.2,10.1002/chem.201405830,ODH,1736,ODH_charity_0616:row:1736,12.9,train,
9744,9744,COc1ccc(cc1OC)[C@@H](C[N+]([O-])=O)c2ccccc2,7.5,1.5,0.1,10.1021/acs.orglett.5b00863,ODH,1737,ODH_charity_0616:row:1737,11.25,train,
9745,9745,COc1ccc(cc1OC)[C@H](C[N+]([O-])=O)c2ccccc2,12.9,1.5,0.1,10.1021/acs.orglett.5b00863,ODH,1738,ODH_charity_0616:row:1738,19.35,train,
9765,9765,COC(=O)[C@@]1(CCCC1=O)[C@H](C[N+]([O-])=O)c2ccc(Br)cc2,20.15,1.0,0.1,10.1021/ol4017386,ODH,1739,ODH_charity_0616:row:1739,20.15,train,
9770,9770,COC(=O)c1ccc(C[C@H]2CCON2C(=O)OC(C)(C)C)cc1,11.738,0.8,0.1,10.1039/D1SC01337H,ODH,1740,ODH_charity_0616:row:1740,9.3904,train,
9771,9771,COC(=O)c1ccc(C[C@@H]2CCON2C(=O)OC(C)(C)C)cc1,12.932,0.8,0.1,10.1039/D1SC01337H,ODH,1741,ODH_charity_0616:row:1741,10.3456,test,
9777,9777,COC(=O)c1ccc(cc1)[C@@](C)(C=O)c2ccc(cc2)C(C)C,12.23,0.5,0.05,10.1002/anie.202106109,ODH,1742,ODH_charity_0616:row:1742,6.115,train,
9778,9778,COC(=O)c1ccc(cc1)[C@](C)(C=O)c2ccc(cc2)C(C)C,12.95,0.5,0.05,10.1002/anie.202106109,ODH,1743,ODH_charity_0616:row:1743,6.475,train,
9783,9783,CCOC(=O)C[C@@H](C#Cc1ccccc1)c2ccccc2,8.01,0.7,0.03,10.1002/anie.202006317,ODH,1744,ODH_charity_0616:row:1744,5.607,train,
9784,9784,CCOC(=O)C[C@H](C#Cc1ccccc1)c2ccccc2,12.96,0.7,0.03,10.1002/anie.202006317,ODH,1745,ODH_charity_0616:row:1745,9.072,train,
9792,9792,CC(C)(C)OC(=O)N1OCC[C@@H]1Cc2ccc3ccccc3c2,12.12,0.8,0.1,10.1039/D1SC01337H,ODH,1746,ODH_charity_0616:row:1746,9.696,train,
9793,9793,CC(C)(C)OC(=O)N1OCC[C@H]1Cc2ccc3ccccc3c2,12.996,0.8,0.1,10.1039/D1SC01337H,ODH,1747,ODH_charity_0616:row:1747,10.3968,train,
9799,9799,C[C@H](COC=O)c1ccc(Br)cc1,115.7,0.5,0.005,10.1021/acs.orglett.7b03469,ODH,1748,ODH_charity_0616:row:1748,57.85,train,
9800,9800,C[C@@H](COC=O)c1ccc(Br)cc1,121.4,0.5,0.005,10.1021/acs.orglett.7b03469,ODH,1749,ODH_charity_0616:row:1749,60.7,excluded,official_RTv_gt_60
9801,9801,C[C@H](COC=O)c1ccc(Br)cc1,115.7,0.5,0.005,10.1021/acs.orglett.7b03469,ODH,1750,ODH_charity_0616:row:1750,57.85,train,
9802,9802,C[C@@H](COC=O)c1ccc(Br)cc1,121.4,0.5,0.005,10.1021/acs.orglett.7b03469,ODH,1751,ODH_charity_0616:row:1751,60.7,excluded,official_RTv_gt_60
9822,9822,CC(C)(C)OC(=O)[C@@](C)(N)C\C=C\c1ccc2ccccc2c1,10.4,0.5,0.08,10.1021/jacs.7b05460,ODH,1752,ODH_charity_0616:row:1752,5.2,train,
9823,9823,CC(C)(C)OC(=O)[C@](C)(N)C\C=C\c1ccc2ccccc2c1,13.0,0.5,0.08,10.1021/jacs.7b05460,ODH,1753,ODH_charity_0616:row:1753,6.5,train,
9824,9824,CC(C)(C)OC(=O)[C@@](C)(N)C\C=C\c1ccc2ccccc2c1,10.4,0.5,0.08,10.1021/jacs.7b05460,ODH,1754,ODH_charity_0616:row:1754,5.2,train,
9825,9825,CC(C)(C)OC(=O)[C@](C)(N)C\C=C\c1ccc2ccccc2c1,13.0,0.5,0.08,10.1021/jacs.7b05460,ODH,1755,ODH_charity_0616:row:1755,6.5,train,
9851,9851,Oc1ccccc1[C@H](OCCC#C)c2ccccc2,16.8,1.0,0.01,10.1021/acs.orglett.5b03072,ODH,1756,ODH_charity_0616:row:1756,16.8,train,
9852,9852,Oc1ccccc1[C@@H](OCCC#C)c2ccccc2,13.0,1.0,0.01,10.1021/acs.orglett.5b03072,ODH,1757,ODH_charity_0616:row:1757,13.0,train,
9856,9856,Cc1ccc(cc1)[C@@H]2CNc3ccccc3N2,17.7,0.6,0.4,10.1021/ja200723n,ODH,1758,ODH_charity_0616:row:1758,10.62,train,
9857,9857,Cc1ccc(cc1)[C@H]2CNc3ccccc3N2,13.0,0.6,0.4,10.1021/ja200723n,ODH,1759,ODH_charity_0616:row:1759,7.8,train,
9879,9879,CC(C)(C)c1ccc(cc1)C(=O)N[C@@H](C(=O)OCC(c2ccccc2)c3ccccc3)c4ccccc4,14.66,1.0,0.15,10.1055/s/0030/1259711,ODH,1760,ODH_charity_0616:row:1760,14.66,train,
9880,9880,CC(C)(C)c1ccc(cc1)C(=O)N[C@H](C(=O)OCC(c2ccccc2)c3ccccc3)c4ccccc4,13.01,1.0,0.15,10.1055/s/0030/1259711,ODH,1761,ODH_charity_0616:row:1761,13.01,train,
9895,9895,O[C@@H]/1CCC1=C/c2ccccc2Cl,8.937,0.8,0.1,10.1021/acs.orglett.9b01514,ODH,1762,ODH_charity_0616:row:1762,7.1496,train,
9896,9896,O[C@H]/1CCC1=C/c2ccccc2Cl,13.066,0.8,0.1,10.1021/acs.orglett.9b01514,ODH,1763,ODH_charity_0616:row:1763,10.4528,train,
9921,9921,COC(=O)[C@H](F)CCc1cccc2ccccc12,13.9,1.0,0.03,10.1002/anie.201409961,ODH,1764,ODH_charity_0616:row:1764,13.9,train,
9922,9922,COC(=O)[C@@H](F)CCc1cccc2ccccc12,13.1,1.0,0.03,10.1002/anie.201409961,ODH,1765,ODH_charity_0616:row:1765,13.1,train,
9923,9923,C[C@H](COC=O)c1ccc(C)cc1,14.2,0.5,0.005,10.1021/acs.orglett.7b03469,ODH,1766,ODH_charity_0616:row:1766,7.1,train,
9924,9924,C[C@@H](COC=O)c1ccc(C)cc1,13.1,0.5,0.005,10.1021/acs.orglett.7b03469,ODH,1767,ODH_charity_0616:row:1767,6.55,train,
9931,9931,CCOc1ccc2sc(S[C@H](CN[S](=O)(=O)c3ccc(C)cc3)c4ccccc4)nc2c1,15.5,1.0,0.2,10.1021/acs.orglett.0c04074,ODH,1768,ODH_charity_0616:row:1768,15.5,train,
9932,9932,CCOc1ccc2sc(S[C@@H](CN[S](=O)(=O)c3ccc(C)cc3)c4ccccc4)nc2c1,13.1,1.0,0.2,10.1021/acs.orglett.0c04074,ODH,1769,ODH_charity_0616:row:1769,13.1,train,
9935,9935,CC1(C)CCC(=O)O[C@H]1c2ccc(cc2)[N+]([O-])=O,16.0,1.0,0.3,10.1002/chem.201801197,ODH,1770,ODH_charity_0616:row:1770,16.0,train,
9936,9936,CC1(C)CCC(=O)O[C@@H]1c2ccc(cc2)[N+]([O-])=O,13.1,1.0,0.3,10.1002/chem.201801197,ODH,1771,ODH_charity_0616:row:1771,13.1,train,
9967,9967,CCCC[C@@H]1CCc2ccccc2N1,11.74,0.6,0.005,10.1021/ja903547q,ODH,1772,ODH_charity_0616:row:1772,7.044,valid,
9968,9968,CCCC[C@H]1CCc2ccccc2N1,13.15,0.6,0.005,10.1021/ja903547q,ODH,1773,ODH_charity_0616:row:1773,7.89,train,
9975,9975,N[C@H](C(=[N+]=[N-])C(=O)c1ccc(Cl)c(Cl)c1)C(F)(F)F,11.735,1.0,0.1,10.1002/anie.201810253,ODH,1774,ODH_charity_0616:row:1774,11.735,train,
9976,9976,N[C@@H](C(=[N+]=[N-])C(=O)c1ccc(Cl)c(Cl)c1)C(F)(F)F,13.164,1.0,0.1,10.1002/anie.201810253,ODH,1775,ODH_charity_0616:row:1775,13.164,train,
9979,9979,CN(CC[C@@H](O)c1ccccc1)Cc2ccccc2,14.52,0.8,0.05,10.1039/C3OB40135A,ODH,1776,ODH_charity_0616:row:1776,11.616,train,
9980,9980,CN(CC[C@H](O)c1ccccc1)Cc2ccccc2,13.17,0.8,0.05,10.1039/C3OB40135A,ODH,1777,ODH_charity_0616:row:1777,10.536,train,
9981,9981,Clc1ccc2CC[C@H](Nc2c1)c3ccccc3,9.91,1.0,0.05,10.1021/ja903547q,ODH,1778,ODH_charity_0616:row:1778,9.91,train,
9982,9982,Clc1ccc2CC[C@@H](Nc2c1)c3ccccc3,13.17,1.0,0.05,10.1021/ja903547q,ODH,1779,ODH_charity_0616:row:1779,13.17,train,
9983,9983,Cc1ccccc1/C=C/C=C/C[C@](C)(C=O)c2ccccc2,16.858,1.0,0.02,10.6023/A18060235,ODH,1780,ODH_charity_0616:row:1780,16.858,train,
9984,9984,Cc1ccccc1/C=C/C=C/C[C@@](C)(C=O)c2ccccc2,13.178,1.0,0.02,10.6023/A18060235,ODH,1781,ODH_charity_0616:row:1781,13.178,train,
9991,9991,CCOC(=O)/C=C/[C@@H]1[C@@H](C(C)C)N1[S](=O)(=O)c2ccc(C)cc2,8.86,0.8,0.2,10.1021/jacs.5b01305,ODH,1782,ODH_charity_0616:row:1782,7.088,train,
9996,9996,CC1(C)OB(OC1(C)C)[C@@H](Cc2ccc3ccccc3c2)N4CCOC4=O,10.3,1.0,0.1,10.1021/acscatal.9b04543.,ODH,1783,ODH_charity_0616:row:1783,10.3,train,
9997,9997,CC1(C)OB(OC1(C)C)[C@H](Cc2ccc3ccccc3c2)N4CCOC4=O,13.2,1.0,0.1,10.1021/acscatal.9b04543.,ODH,1784,ODH_charity_0616:row:1784,13.2,train,
9998,9998,CC(C)(C)OC(=O)[C@@](C)(N)C\C=C\c1cccc(Cl)c1,11.1,0.5,0.08,10.1021/jacs.7b05460,ODH,1785,ODH_charity_0616:row:1785,5.55,train,
9999,9999,CC(C)(C)OC(=O)[C@](C)(N)C\C=C\c1cccc(Cl)c1,13.2,0.5,0.08,10.1021/jacs.7b05460,ODH,1786,ODH_charity_0616:row:1786,6.6,train,
10000,10000,CC(C)(C)OC(=O)[C@@](C)(N)C\C=C\c1cccc(Cl)c1,11.1,0.5,0.08,10.1021/jacs.7b05460,ODH,1787,ODH_charity_0616:row:1787,5.55,train,
10001,10001,CC(C)(C)OC(=O)[C@](C)(N)C\C=C\c1cccc(Cl)c1,13.2,0.5,0.08,10.1021/jacs.7b05460,ODH,1788,ODH_charity_0616:row:1788,6.6,train,
10008,10008,CC[C@H](COC=O)c1ccccc1,13.7,0.5,0.005,10.1021/acs.orglett.7b03469,ODH,1789,ODH_charity_0616:row:1789,6.85,train,
10009,10009,CC[C@@H](COC=O)c1ccccc1,13.2,0.5,0.005,10.1021/acs.orglett.7b03469,ODH,1790,ODH_charity_0616:row:1790,6.6,train,
10010,10010,CC[C@H](COC=O)c1ccccc1,13.7,0.5,0.005,10.1021/acs.orglett.7b03469,ODH,1791,ODH_charity_0616:row:1791,6.85,train,
10011,10011,CC[C@@H](COC=O)c1ccccc1,13.2,0.5,0.005,10.1021/acs.orglett.7b03469,ODH,1792,ODH_charity_0616:row:1792,6.6,valid,
10012,10012,C[C@@]1(COc2ccc(Cl)cc12)CC#Cc3ccccc3,13.7,0.5,0.01,10.1002/anie.201913367,ODH,1793,ODH_charity_0616:row:1793,6.85,train,
10013,10013,C[C@]1(COc2ccc(Cl)cc12)CC#Cc3ccccc3,13.2,0.5,0.01,10.1002/anie.201913367,ODH,1794,ODH_charity_0616:row:1794,6.6,train,
10018,10018,CC(=O)Oc1ccc(cc1)[C@@H](CN[S](=O)(=O)c2ccc(C)cc2)Sc3sc4ccccc4n3,14.8,1.0,0.3,10.1021/acs.orglett.0c04074,ODH,1795,ODH_charity_0616:row:1795,14.8,train,
10019,10019,CC(=O)Oc1ccc(cc1)[C@H](CN[S](=O)(=O)c2ccc(C)cc2)Sc3sc4ccccc4n3,13.2,1.0,0.3,10.1021/acs.orglett.0c04074,ODH,1796,ODH_charity_0616:row:1796,13.2,valid,
10038,10038,COC(=O)C1=C(C)OC(=O)C[C@@H]1c2ccccc2,32.0,0.7,0.05,10.1002/anie.201302152,ODH,1797,ODH_charity_0616:row:1797,22.4,train,
10039,10039,COC(=O)C1=C(C)OC(=O)C[C@H]1c2ccccc2,13.2,0.7,0.05,10.1002/anie.201302152,ODH,1798,ODH_charity_0616:row:1798,9.24,train,
10057,10057,COC(=O)[C@@]1(CCCC1=O)[C@H](C[N+]([O-])=O)c2ccc3ccccc3c2,37.64,1.0,0.3,10.1021/ol4017386,ODH,1799,ODH_charity_0616:row:1799,37.64,train,
10091,10091,COC(=O)[C@H]1[C@H](c2ccc(C)cc2)c3ccccc3OC1=O,14.8,0.7,0.1,10.1002/anie.201813400,ODH,1800,ODH_charity_0616:row:1800,10.36,train,
10092,10092,COC(=O)[C@@H]1[C@H](c2ccc(C)cc2)c3ccccc3OC1=O,13.3,0.7,0.1,10.1002/anie.201813400,ODH,1801,ODH_charity_0616:row:1801,9.31,train,
10097,10097,C1[C@@H](Cc2cccc3ccccc23)Nc4ccccc14,16.6,0.8,0.1,10.1021/ja502020b,ODH,1802,ODH_charity_0616:row:1802,13.28,test,
10098,10098,C1[C@H](Cc2cccc3ccccc23)Nc4ccccc14,13.3,0.8,0.1,10.1021/ja502020b,ODH,1803,ODH_charity_0616:row:1803,10.64,train,
10108,10108,Cc1ccc(cc1C)[C@H]2Nc3ccccc3OC2=O,30.0,0.7,0.3,10.1002/anie.201813400,ODH,1804,ODH_charity_0616:row:1804,21.0,train,
10109,10109,Cc1ccc(cc1C)[C@@H]2Nc3ccccc3OC2=O,13.3,0.7,0.3,10.1002/anie.201813400,ODH,1805,ODH_charity_0616:row:1805,9.31,train,
10110,10110,Cc1ccc(/C=C/C[C@](C)(N)C(=O)OC(C)(C)C)cc1C,6.3,1.0,0.1,10.1021/jacs.7b05460,ODH,1806,ODH_charity_0616:row:1806,6.3,train,
10111,10111,Cc1ccc(/C=C/C[C@@](C)(N)C(=O)OC(C)(C)C)cc1C,13.3,1.0,0.1,10.1021/jacs.7b05460,ODH,1807,ODH_charity_0616:row:1807,13.3,train,
10112,10112,Cc1ccc(/C=C/C[C@](C)(N)C(=O)OC(C)(C)C)cc1C,6.3,1.0,0.1,10.1021/jacs.7b05460,ODH,1808,ODH_charity_0616:row:1808,6.3,valid,
10113,10113,Cc1ccc(/C=C/C[C@@](C)(N)C(=O)OC(C)(C)C)cc1C,13.3,1.0,0.1,10.1021/jacs.7b05460,ODH,1809,ODH_charity_0616:row:1809,13.3,train,
10160,10160,O[C@@H]/1CCCC1=C/c2ccc(Br)cc2,11.8,0.8,0.05,10.1021/acs.organomet.9b00366,ODH,1810,ODH_charity_0616:row:1810,9.44,train,
10161,10161,O[C@H]/1CCCC1=C/c2ccc(Br)cc2,13.4,0.8,0.05,10.1021/acs.organomet.9b00366,ODH,1811,ODH_charity_0616:row:1811,10.72,train,
10168,10168,OC[C@@H]1COC2(CCC2)c3ccccc3O1,12.4,1.0,0.1,10.1021/acs.orglett.9b04244,ODH,1812,ODH_charity_0616:row:1812,12.4,train,
10169,10169,OC[C@H]1COC2(CCC2)c3ccccc3O1,13.4,1.0,0.1,10.1021/acs.orglett.9b04244,ODH,1813,ODH_charity_0616:row:1813,13.4,train,
10180,10180,O[C@H]1[C@@H](C2=CC=CC=C2)CCC[C@@H](CCO)C1,14.82,1.0,0.15,10.1002/anie.201207561,ODH,1814,ODH_charity_0616:row:1814,14.82,train,
10183,10183,CC(C)(C)OC(=O)N[C@@H]([C@H](CCCCCCC=C)C=O)c1ccccc1,15.0,0.5,0.03,10.1002/anie.201107473,ODH,1815,ODH_charity_0616:row:1815,7.5,train,
10185,10185,CC(C)CC[C@H]1Nc2ccccc2C[C@H]1N3C(=O)c4ccccc4C3=O,15.3,0.6,0.3,10.1002/chem.201402592,ODH,1816,ODH_charity_0616:row:1816,9.18,train,
10186,10186,CC(C)CC[C@@H]1Nc2ccccc2C[C@H]1N3C(=O)c4ccccc4C3=O,13.4,0.6,0.3,10.1002/chem.201402592,ODH,1817,ODH_charity_0616:row:1817,8.04,train,
10191,10191,Clc1cc(Cl)cc(\C=C\[C@H]2COC(=O)[C@]23CCC(=N3)c4ccccc4)c1,16.6,1.0,0.05,10.1002/anie.202111842,ODH,1818,ODH_charity_0616:row:1818,16.6,train,
10192,10192,Clc1cc(Cl)cc(\C=C\[C@@H]2COC(=O)[C@]23CCC(=N3)c4ccccc4)c1,13.4,1.0,0.05,10.1002/anie.202111842,ODH,1819,ODH_charity_0616:row:1819,13.4,train,
10203,10203,CCCCCC[C@@H]1CC(=O)C(/[C@H]1c2ccc(Br)cc2)=C(\N[S](=O)(=O)c3ccc(OC)cc3)c4ccccc4,22.2,0.75,0.1,10.1039/C3SC50666E,ODH,1820,ODH_charity_0616:row:1820,16.65,train,
10205,10205,C[C@]1(C(=O)OCC=C)C(=O)N(C(=O)C(c2ccccc2)c3ccccc3)c4ccc(Br)cc14,24.3,0.8,0.01,10.1002/ajoc.201900294,ODH,1821,ODH_charity_0616:row:1821,19.44,train,
10206,10206,C[C@@]1(C(=O)OCC=C)C(=O)N(C(=O)C(c2ccccc2)c3ccccc3)c4ccc(Br)cc14,13.4,0.8,0.01,10.1002/ajoc.201900294,ODH,1822,ODH_charity_0616:row:1822,10.72,train,
10207,10207,Cc1ccc(cc1C)[C@H]2Nc3ccccc3OC2=O,29.8,0.7,0.3,10.1039/D0CC03091K,ODH,1823,ODH_charity_0616:row:1823,20.86,train,
10208,10208,Cc1ccc(cc1C)[C@@H]2Nc3ccccc3OC2=O,13.4,0.7,0.3,10.1039/D0CC03091K,ODH,1824,ODH_charity_0616:row:1824,9.38,train,
10211,10211,CCOC(=O)C1=C(C)OC(=O)C[C@H]1c2ccc(F)cc2,7.4,0.7,0.25,10.1021/acs.orglett.7b03650,ODH,1825,ODH_charity_0616:row:1825,5.18,train,
10212,10212,CCOC(=O)C1=C(C)OC(=O)C[C@@H]1c2ccc(F)cc2,13.4,0.7,0.25,10.1021/acs.orglett.7b03650,ODH,1826,ODH_charity_0616:row:1826,9.38,train,
10219,10219,CC(C)(C)[C@@H]1C=Cc2ccccc2[C@H]1O,21.16,1.0,0.02,10.1002/asia.200800159,ODH,1827,ODH_charity_0616:row:1827,21.16,train,
10220,10220,Fc1ccc2N[C@@H](CCc2c1)c3ccccc3,9.35,1.0,0.05,10.1021/ja903547q,ODH,1828,ODH_charity_0616:row:1828,9.35,train,
10221,10221,Fc1ccc2N[C@H](CCc2c1)c3ccccc3,13.46,1.0,0.05,10.1021/ja903547q,ODH,1829,ODH_charity_0616:row:1829,13.46,train,
10226,10226,COc1ccc(OC)c2[C@@H](O)[C@@H](C=Cc12)C(C)(C)C,33.48,1.0,0.1,10.1002/asia.200800159,ODH,1830,ODH_charity_0616:row:1830,33.48,train,
10237,10237,CCCCC[C@H](C=C)c1c(C)[nH]c2ccccc12,15.3,1.0,0.01,10.1002/chem.202004613,ODH,1831,ODH_charity_0616:row:1831,15.3,train,
10238,10238,CCCCC[C@@H](C=C)c1c(C)[nH]c2ccccc12,13.5,1.0,0.01,10.1002/chem.202004613,ODH,1832,ODH_charity_0616:row:1832,13.5,train,
10241,10241,COc1ccccc1[C@@H]2Nc3ccccc3N(C)C2=O,16.4,1.0,0.2,10.1016/j.tet.2021.131968,ODH,1833,ODH_charity_0616:row:1833,16.4,train,
10242,10242,COc1ccccc1[C@H]2Nc3ccccc3N(C)C2=O,13.5,1.0,0.2,10.1016/j.tet.2021.131968,ODH,1834,ODH_charity_0616:row:1834,13.5,train,
10289,10289,COc1cc2CCN3CCC[C@@H]3c2cc1OC,8.92,1.0,0.2,10.1021/ja808358r,ODH,1835,ODH_charity_0616:row:1835,8.92,train,
10290,10290,COc1cc2CCN3CCC[C@H]3c2cc1OC,13.58,1.0,0.2,10.1021/ja808358r,ODH,1836,ODH_charity_0616:row:1836,13.58,train,
10291,10291,CC(=C)[C@H](CN[S](=O)(=O)c1ccc(C)cc1)CC(=O)c2ccccc2,10.91,0.8,0.2,10.1021/jacs.6b00386,ODH,1837,ODH_charity_0616:row:1837,8.728,train,
10292,10292,CC(=C)[C@@H](CN[S](=O)(=O)c1ccc(C)cc1)CC(=O)c2ccccc2,13.59,0.8,0.2,10.1021/jacs.6b00386,ODH,1838,ODH_charity_0616:row:1838,10.872,test,
10293,10293,CC[C@@H](CC=O)c1c[nH]c2ccccc12,16.32,1.0,0.15,10.1039/C0OB00016G,ODH,1839,ODH_charity_0616:row:1839,16.32,test,
10294,10294,CC[C@H](CC=O)c1c[nH]c2ccccc12,13.59,1.0,0.15,10.1039/C0OB00016G,ODH,1840,ODH_charity_0616:row:1840,13.59,train,
10321,10321,CCCc1oc2N(C(=O)[C@@H](CC(=O)OCC)[C@@H](c3ccccc3)c2c1)[S](=O)(=O)c4ccc(C)cc4,15.2,0.5,0.1,10.1002/anie.201910922,ODH,1841,ODH_charity_0616:row:1841,7.6,train,
10328,10328,CCCCC[C@H](C=C)n1ccc2cccc(OC)c12,16.1,0.5,0.001,10.1002/chem.202004613,ODH,1842,ODH_charity_0616:row:1842,8.05,train,
10329,10329,CCCCC[C@@H](C=C)n1ccc2cccc(OC)c12,13.6,0.5,0.001,10.1002/chem.202004613,ODH,1843,ODH_charity_0616:row:1843,6.8,train,
10336,10336,NC1=C(C#N)[C@@H](c2ccc3OCOc3c2)c4cc5OCOc5cc4O1,18.2,0.7,0.3,10.1021/acs.orglett.5b03148,ODH,1844,ODH_charity_0616:row:1844,12.74,train,
10337,10337,NC1=C(C#N)[C@H](c2ccc3OCOc3c2)c4cc5OCOc5cc4O1,13.6,0.7,0.3,10.1021/acs.orglett.5b03148,ODH,1845,ODH_charity_0616:row:1845,9.52,train,
10346,10346,CC(C)OC(=O)[C@@](C)(N)C\C=C\c1ccccc1,8.1,1.0,0.1,10.1021/jacs.7b05460,ODH,1846,ODH_charity_0616:row:1846,8.1,train,
10347,10347,CC(C)OC(=O)[C@](C)(N)C\C=C\c1ccccc1,13.6,1.0,0.1,10.1021/jacs.7b05460,ODH,1847,ODH_charity_0616:row:1847,13.6,train,
10348,10348,CC(C)OC(=O)[C@@](C)(N)C\C=C\c1ccccc1,8.1,1.0,0.1,10.1021/jacs.7b05460,ODH,1848,ODH_charity_0616:row:1848,8.1,train,
10349,10349,CC(C)OC(=O)[C@](C)(N)C\C=C\c1ccccc1,13.6,1.0,0.1,10.1021/jacs.7b05460,ODH,1849,ODH_charity_0616:row:1849,13.6,train,
10350,10350,CCOC(=O)C1=C(C)OC(=O)C[C@H]1c2ccc(OC)cc2,8.8,0.7,0.25,10.1021/acs.orglett.7b03650,ODH,1850,ODH_charity_0616:row:1850,6.16,train,
10351,10351,CCOC(=O)C1=C(C)OC(=O)C[C@@H]1c2ccc(OC)cc2,13.6,0.7,0.25,10.1021/acs.orglett.7b03650,ODH,1851,ODH_charity_0616:row:1851,9.52,train,
10354,10354,CCCCC(=O)[C@H](NC(=O)OC(C)(C)C)c1ccccc1C,9.6,0.5,0.02,10.1002/anie.201107473,ODH,1852,ODH_charity_0616:row:1852,4.8,train,
10355,10355,CCCCC(=O)[C@@H](NC(=O)OC(C)(C)C)c1ccccc1C,13.6,0.5,0.02,10.1002/anie.201107473,ODH,1853,ODH_charity_0616:row:1853,6.8,train,
10372,10372,CCC[C@@H](CC=O)c1c[nH]c2ccc(OC)cc12,15.32,1.0,0.15,10.1039/C0OB00016G,ODH,1854,ODH_charity_0616:row:1854,15.32,train,
10373,10373,CCC[C@H](CC=O)c1c[nH]c2ccc(OC)cc12,13.63,1.0,0.15,10.1039/C0OB00016G,ODH,1855,ODH_charity_0616:row:1855,13.63,train,
10374,10374,Cc1ccccc1/C=C/C=C/C[C@](C)(C=O)c2ccccc2,17.458,1.0,0.02,10.1021/acs.orglett.8b00740,ODH,1856,ODH_charity_0616:row:1856,17.458,train,
10375,10375,Cc1ccccc1/C=C/C=C/C[C@@](C)(C=O)c2ccccc2,13.638,1.0,0.02,10.1021/acs.orglett.8b00740,ODH,1857,ODH_charity_0616:row:1857,13.638,train,
10385,10385,[O-][N+](=O)c1ccc(cc1)[C@]2(CC#C)CC(=C)OC2=O,14.59,2.0,0.02,10.1016/j.tetlet.2020.152106,ODH,1858,ODH_charity_0616:row:1858,29.18,train,
10386,10386,[O-][N+](=O)c1ccc(cc1)[C@@]2(CC#C)CC(=C)OC2=O,13.68,2.0,0.02,10.1016/j.tetlet.2020.152106,ODH,1859,ODH_charity_0616:row:1859,27.36,train,
10390,10390,COC(=O)[C@@]1(CCCC1=O)[C@H](C[N+]([O-])=O)c2ccc(OC)cc2,19.21,1.0,0.1,10.1021/ol4017386,ODH,1860,ODH_charity_0616:row:1860,19.21,train,
10397,10397,CC[C@@H](\C=C\c1ccc2cc(OC)ccc2c1)C#CCc3ccccc3,11.9,0.5,0.05,10.1002/anie.202110233,ODH,1861,ODH_charity_0616:row:1861,5.95,train,
10398,10398,CC[C@H](\C=C\c1ccc2cc(OC)ccc2c1)C#CCc3ccccc3,13.7,0.5,0.05,10.1002/anie.202110233,ODH,1862,ODH_charity_0616:row:1862,6.85,train,
10403,10403,COC(=O)[C@@](C)(N)C\C=C\c1ccccc1,12.0,1.0,0.1,10.1021/jacs.7b05460,ODH,1863,ODH_charity_0616:row:1863,12.0,train,
10404,10404,COC(=O)[C@](C)(N)C\C=C\c1ccccc1,13.7,1.0,0.1,10.1021/jacs.7b05460,ODH,1864,ODH_charity_0616:row:1864,13.7,train,
10405,10405,COC(=O)[C@@](C)(N)C\C=C\c1ccccc1,12.0,1.0,0.1,10.1021/jacs.7b05460,ODH,1865,ODH_charity_0616:row:1865,12.0,train,
10406,10406,COC(=O)[C@](C)(N)C\C=C\c1ccccc1,13.7,1.0,0.1,10.1021/jacs.7b05460,ODH,1866,ODH_charity_0616:row:1866,13.7,train,
10423,10423,Oc1ccccc1[C@H](OC2CCC2)c3ccccc3,14.7,0.5,0.01,10.1021/acs.orglett.5b03072,ODH,1867,ODH_charity_0616:row:1867,7.35,train,
10424,10424,Oc1ccccc1[C@@H](OC2CCC2)c3ccccc3,13.7,0.5,0.01,10.1021/acs.orglett.5b03072,ODH,1868,ODH_charity_0616:row:1868,6.85,train,
10429,10429,COC(=O)[C@@H](Cc1ccc(cc1)C(C)(C)C)NC(=O)c2ccccc2OC,15.9,0.8,0.1,10.1002/anie.201916534,ODH,1869,ODH_charity_0616:row:1869,12.72,train,
10430,10430,COC(=O)[C@H](Cc1ccc(cc1)C(C)(C)C)NC(=O)c2ccccc2OC,13.7,0.8,0.1,10.1002/anie.201916534,ODH,1870,ODH_charity_0616:row:1870,10.96,train,
10432,10432,COc1ccccc1N2[C@H](COC2=O)C=C,16.1,0.8,0.2,10.1002/chem.201405830,ODH,1871,ODH_charity_0616:row:1871,12.88,train,
10433,10433,COc1ccccc1N2[C@@H](COC2=O)C=C,13.7,0.8,0.2,10.1002/chem.201405830,ODH,1872,ODH_charity_0616:row:1872,10.96,test,
10434,10434,COc1ccccc1[C@H](CO)CCl,17.4,1.0,0.05,10.1002/anie.201601844,ODH,1873,ODH_charity_0616:row:1873,17.4,train,
10435,10435,COc1ccccc1[C@@H](CO)CCl,13.7,1.0,0.05,10.1002/anie.201601844,ODH,1874,ODH_charity_0616:row:1874,13.7,train,
10479,10479,C[C@@](C\C=C\C=C\CCc1ccccc1)(C=O)c2ccccc2,16.261,1.0,0.01,10.6023/A18060235,ODH,1875,ODH_charity_0616:row:1875,16.261,train,
10480,10480,C[C@](C\C=C\C=C\CCc1ccccc1)(C=O)c2ccccc2,13.798,1.0,0.01,10.6023/A18060235,ODH,1876,ODH_charity_0616:row:1876,13.798,train,
10486,10486,FC(F)(F)[C@@]1(CC(=CC(=O)O1)c2occc2)c3ccccc3,10.4,0.75,0.1,10.1021/ja303618z,ODH,1877,ODH_charity_0616:row:1877,7.8,train,
10487,10487,FC(F)(F)[C@]1(CC(=CC(=O)O1)c2occc2)c3ccccc3,13.8,0.75,0.1,10.1021/ja303618z,ODH,1878,ODH_charity_0616:row:1878,10.35,test,
10493,10493,CCOC(=O)C1=C(C)OC(=O)C[C@H]1c2ccccc2C,11.4,0.7,0.05,10.1021/acs.orglett.7b03650,ODH,1879,ODH_charity_0616:row:1879,7.98,train,
10494,10494,CCOC(=O)C1=C(C)OC(=O)C[C@@H]1c2ccccc2C,13.8,0.7,0.05,10.1021/acs.orglett.7b03650,ODH,1880,ODH_charity_0616:row:1880,9.66,train,
10517,10517,C[C@@H]1Nc2ccccc2Oc3c(Br)cccc13,14.7,0.8,0.03,10.1039/C1CC12263K,ODH,1881,ODH_charity_0616:row:1881,11.76,train,
10518,10518,C[C@H]1Nc2ccccc2Oc3c(Br)cccc13,13.8,0.8,0.03,10.1039/C1CC12263K,ODH,1882,ODH_charity_0616:row:1882,11.04,train,
10519,10519,Cc1cccc2c1N(Cc3ccccc3)C(=O)[C@]24OC(=O)c5cccc6ccn4c56,14.7,0.8,0.2,10.1021/acscatal.9b03163,ODH,1883,ODH_charity_0616:row:1883,11.76,train,
10520,10520,Cc1cccc2c1N(Cc3ccccc3)C(=O)[C@@]24OC(=O)c5cccc6ccn4c56,13.8,0.8,0.2,10.1021/acscatal.9b03163,ODH,1884,ODH_charity_0616:row:1884,11.04,test,
10527,10527,C[C@@H]1CCC(=O)O[C@H]1c2ccc(cc2)[N+]([O-])=O,15.2,1.0,0.3,10.1002/chem.201801197,ODH,1885,ODH_charity_0616:row:1885,15.2,train,
10530,10530,Cc1ccccc1C[C@@H]2Cc3ccccc3N2,15.7,1.0,0.01,10.1039/C8QO00710A,ODH,1886,ODH_charity_0616:row:1886,15.7,train,
10531,10531,Cc1ccccc1C[C@H]2Cc3ccccc3N2,13.8,1.0,0.01,10.1039/C8QO00710A,ODH,1887,ODH_charity_0616:row:1887,13.8,train,
10532,10532,FC(F)(F)[C@]1(OC(=O)c2cccc3ccn1c23)c4ccc5ccccc5c4,16.0,0.5,0.01,10.1021/acscatal.9b03163,ODH,1888,ODH_charity_0616:row:1888,8.0,train,
10533,10533,FC(F)(F)[C@@]1(OC(=O)c2cccc3ccn1c23)c4ccc5ccccc5c4,13.8,0.5,0.01,10.1021/acscatal.9b03163,ODH,1889,ODH_charity_0616:row:1889,6.9,train,
10544,10544,Cc1cccc(c1)[C@@H]2Cc3ccccc3C(=O)C(=N2)c4ccccc4O,18.0,0.7,0.03,10.1021/acs.orglett.6b03027,ODH,1890,ODH_charity_0616:row:1890,12.6,train,
10545,10545,Cc1cccc(c1)[C@H]2Cc3ccccc3C(=O)C(=N2)c4ccccc4O,13.8,0.7,0.03,10.1021/acs.orglett.6b03027,ODH,1891,ODH_charity_0616:row:1891,9.66,train,
10553,10553,CCOC(=O)C1=C(C)OC(=O)C[C@H]1c2ccc(Cl)cc2,7.5,0.7,0.3,10.1021/acs.orglett.7b03650,ODH,1892,ODH_charity_0616:row:1892,5.25,train,
10554,10554,CCOC(=O)C1=C(C)OC(=O)C[C@@H]1c2ccc(Cl)cc2,13.8,0.7,0.3,10.1021/acs.orglett.7b03650,ODH,1893,ODH_charity_0616:row:1893,9.66,train,
10562,10562,CC(C)[C@@H]1[C@H](N1[S](=O)(=O)c2ccc(C)cc2)C(C)=O,12.3,0.8,0.08,10.1021/jacs.5b01305,ODH,1894,ODH_charity_0616:row:1894,9.84,train,
10576,10576,COC(=O)[C@H](O)c1ccc2ccccc2c1,12.02,1.0,0.1,10.1038/nchem.651,ODH,1895,ODH_charity_0616:row:1895,12.02,train,
10577,10577,COC(=O)[C@@H](O)c1ccc2ccccc2c1,13.89,1.0,0.1,10.1038/nchem.651,ODH,1896,ODH_charity_0616:row:1896,13.89,train,
10578,10578,COC(=O)[C@H](O)c1ccc2ccccc2c1,12.02,1.0,0.1,10.1038/nchem.651,ODH,1897,ODH_charity_0616:row:1897,12.02,train,
10579,10579,COC(=O)[C@@H](O)c1ccc2ccccc2c1,13.89,1.0,0.1,10.1038/nchem.651,ODH,1898,ODH_charity_0616:row:1898,13.89,test,
10584,10584,FC(F)(F)[C@@]1(Cc2oc3ccccc3c2C(=O)O1)c4ccccc4,11.6,0.6,0.05,10.1002/anie.201305861,ODH,1899,ODH_charity_0616:row:1899,6.96,train,
10585,10585,FC(F)(F)[C@]1(Cc2oc3ccccc3c2C(=O)O1)c4ccccc4,13.9,0.6,0.05,10.1002/anie.201305861,ODH,1900,ODH_charity_0616:row:1900,8.34,train,
10588,10588,Cc1cccc(c1)[C@H](O)[C@@H](C=C)c2ccccc2,12.6,1.0,0.03,10.1021/acs.orglett.6b03378,ODH,1901,ODH_charity_0616:row:1901,12.6,train,
10602,10602,C[C@]1(COc2ccc(cc12)C(C)(C)c3ccccc3)Cc4ccccc4,15.0,0.5,0.01,10.1002/anie.201806372,ODH,1902,ODH_charity_0616:row:1902,7.5,train,
10603,10603,C[C@@]1(COc2ccc(cc12)C(C)(C)c3ccccc3)Cc4ccccc4,13.9,0.5,0.01,10.1002/anie.201806372,ODH,1903,ODH_charity_0616:row:1903,6.95,train,
10608,10608,Cc1cc([C@H](C(=O)OCc2ccccc2)c3cscc3)c(C)n1Cc4ccccc4,15.5,0.7,0.1,10.1039/C7QO00815E,ODH,1904,ODH_charity_0616:row:1904,10.85,train,
10609,10609,Cc1cc([C@@H](C(=O)OCc2ccccc2)c3cscc3)c(C)n1Cc4ccccc4,13.9,0.7,0.1,10.1039/C7QO00815E,ODH,1905,ODH_charity_0616:row:1905,9.73,train,
10615,10615,COc1cccc2C[C@@H](C)Nc12,16.6,1.0,0.01,10.1039/C8QO00710A,ODH,1906,ODH_charity_0616:row:1906,16.6,train,
10616,10616,COc1cccc2C[C@H](C)Nc12,13.9,1.0,0.01,10.1039/C8QO00710A,ODH,1907,ODH_charity_0616:row:1907,13.9,train,
10631,10631,CC(C)(C)[C@@H](O)c1ccccc1,9.5,0.8,0.03,10.1016/j.tetlet.2011.03.057,ODH,1908,ODH_charity_0616:row:1908,7.6,train,
10632,10632,CC(C)(C)[C@H](O)c1ccccc1,13.9,0.8,0.03,10.1016/j.tetlet.2011.03.057,ODH,1909,ODH_charity_0616:row:1909,11.12,train,
10633,10633,C[C@](O)(CC(=O)Cc1ccccc1)C(F)(F)F,9.8,0.8,0.05,10.1021/acscatal.8b02543,ODH,1910,ODH_charity_0616:row:1910,7.84,train,
10634,10634,C[C@@](O)(CC(=O)Cc1ccccc1)C(F)(F)F,13.9,0.8,0.05,10.1021/acscatal.8b02543,ODH,1911,ODH_charity_0616:row:1911,11.12,train,
10639,10639,N[C@H](C(=[N+]=[N-])C(=O)c1ccc(Br)cc1)C(F)(F)F,12.114,1.0,0.1,10.1002/anie.201810253,ODH,1912,ODH_charity_0616:row:1912,12.114,train,
10640,10640,N[C@@H](C(=[N+]=[N-])C(=O)c1ccc(Br)cc1)C(F)(F)F,13.925,1.0,0.1,10.1002/anie.201810253,ODH,1913,ODH_charity_0616:row:1913,13.925,test,
10643,10643,CCOc1ccc2C(=O)N(C[C@H](Oc2c1)C=C)[S](=O)(=O)c3ccc(C)cc3,15.28,1.0,0.1,10.1021/acscatal.1c04541,ODH,1914,ODH_charity_0616:row:1914,15.28,train,
10644,10644,CCOc1ccc2C(=O)N(C[C@@H](Oc2c1)C=C)[S](=O)(=O)c3ccc(C)cc3,13.93,1.0,0.1,10.1021/acscatal.1c04541,ODH,1915,ODH_charity_0616:row:1915,13.93,train,
10649,10649,Cc1ccc(cc1)[S](=O)(=O)NC[C@@H](CC(=O)c2ccccc2)C=C,15.33,0.5,0.3,10.1039/C8CC00279G,ODH,1916,ODH_charity_0616:row:1916,7.665,train,
10650,10650,Cc1ccc(cc1)[S](=O)(=O)NC[C@H](CC(=O)c2ccccc2)C=C,13.94,0.5,0.3,10.1039/C8CC00279G,ODH,1917,ODH_charity_0616:row:1917,6.97,train,
10665,10665,Cc1ccc(/C=C/C[C@](C)(N)C(=O)OC(C)(C)C)c(C)c1,10.4,0.5,0.08,10.1021/jacs.7b05460,ODH,1918,ODH_charity_0616:row:1918,5.2,train,
10666,10666,Cc1ccc(/C=C/C[C@@](C)(N)C(=O)OC(C)(C)C)c(C)c1,14.0,0.5,0.08,10.1021/jacs.7b05460,ODH,1919,ODH_charity_0616:row:1919,7.0,train,
10672,10672,CC1(C)OB(OC1(C)C)[C@@H](Cc2ccc(cc2)c3ccccc3)N4CCOC4=O,11.8,1.0,0.1,10.1021/acscatal.9b04543.,ODH,1920,ODH_charity_0616:row:1920,11.8,train,
10673,10673,CC1(C)OB(OC1(C)C)[C@H](Cc2ccc(cc2)c3ccccc3)N4CCOC4=O,14.0,1.0,0.1,10.1021/acscatal.9b04543.,ODH,1921,ODH_charity_0616:row:1921,14.0,train,
10674,10674,O[C@@H]/1CCCC1=C/c2cccc(Br)c2,12.2,1.0,0.05,10.1021/acs.organomet.9b00366,ODH,1922,ODH_charity_0616:row:1922,12.2,train,
10675,10675,O[C@H]/1CCCC1=C/c2cccc(Br)c2,14.0,1.0,0.05,10.1021/acs.organomet.9b00366,ODH,1923,ODH_charity_0616:row:1923,14.0,train,
10710,10710,OC[C@@H]1COC2(CCOCC2)c3ccccc3O1,20.2,1.0,0.1,10.1021/acs.orglett.9b04244,ODH,1924,ODH_charity_0616:row:1924,20.2,train,
10711,10711,OC[C@H]1COC2(CCOCC2)c3ccccc3O1,14.0,1.0,0.1,10.1021/acs.orglett.9b04244,ODH,1925,ODH_charity_0616:row:1925,14.0,train,
10714,10714,CC[C@H]1Nc2ccccc2C[C@H]1N3C(=O)c4ccccc4C3=O,21.2,0.7,0.3,10.1002/chem.201402592,ODH,1926,ODH_charity_0616:row:1926,14.84,train,
10715,10715,CC[C@@H]1Nc2ccccc2C[C@H]1N3C(=O)c4ccccc4C3=O,14.0,0.7,0.3,10.1002/chem.201402592,ODH,1927,ODH_charity_0616:row:1927,9.8,train,
10719,10719,COc1cccc(c1)[C@@H](C)O,11.55,1.0,0.155482815,10.1021/acs.orglett.8b02591,ODH,1928,ODH_charity_0616:row:1928,11.55,train,
10720,10720,COc1cccc(c1)[C@H](C)O,14.02,1.0,0.155482815,10.1021/acs.orglett.8b02591,ODH,1929,ODH_charity_0616:row:1929,14.02,train,
10731,10731,O=[S@](C1CCCCC1)c2ccccc2,10.81,1.0,0.05,10.1021/jacs.8b00178,ODH,1930,ODH_charity_0616:row:1930,10.81,train,
10732,10732,O=[S@@](C1CCCCC1)c2ccccc2,14.04,1.0,0.05,10.1021/jacs.8b00178,ODH,1931,ODH_charity_0616:row:1931,14.04,train,
10733,10733,CC(=C)C[C@H]1CC(=NO1)c2ccccc2,15.67,0.6,0.05,10.1002/anie.201912408,ODH,1932,ODH_charity_0616:row:1932,9.402,test,
10734,10734,CC(=C)C[C@@H]1CC(=NO1)c2ccccc2,14.05,0.6,0.05,10.1002/anie.201912408,ODH,1933,ODH_charity_0616:row:1933,8.43,train,
10739,10739,CCCC[C@@H]1C=Cc2c(OC)ccc(OC)c2[C@H]1O,24.73,1.0,0.1,10.1002/asia.200800159,ODH,1934,ODH_charity_0616:row:1934,24.73,valid,
10742,10742,C=CCC[S@](=O)c1ccccc1,18.514,1.0,0.05,10.1039/D0CC00434K,ODH,1935,ODH_charity_0616:row:1935,18.514,train,
10743,10743,C=CCC[S@@](=O)c1ccccc1,14.079,1.0,0.05,10.1039/D0CC00434K,ODH,1936,ODH_charity_0616:row:1936,14.079,train,
10744,10744,CC1(C)[C@H](CCC1=O)c2sccc2,12.53,1.0,0.005,10.1002/anie.202017190,ODH,1937,ODH_charity_0616:row:1937,12.53,train,
10745,10745,CC1(C)[C@@H](CCC1=O)c2sccc2,14.08,1.0,0.005,10.1002/anie.202017190,ODH,1938,ODH_charity_0616:row:1938,14.08,train,
10757,10757,O[C@@H]/1CCCC1=C/c2ccccc2Br,10.1,0.8,0.1,10.1021/acs.organomet.9b00366,ODH,1939,ODH_charity_0616:row:1939,8.08,train,
10758,10758,O[C@H]/1CCCC1=C/c2ccccc2Br,14.1,0.8,0.1,10.1021/acs.organomet.9b00366,ODH,1940,ODH_charity_0616:row:1940,11.28,train,
10784,10784,Cc1ccccc1[C@]2(CC#C)CC(=C)OC2=O,15.04,1.0,0.002,10.1016/j.tetlet.2020.152106,ODH,1941,ODH_charity_0616:row:1941,15.04,train,
10785,10785,Cc1ccccc1[C@@]2(CC#C)CC(=C)OC2=O,14.1,1.0,0.002,10.1016/j.tetlet.2020.152106,ODH,1942,ODH_charity_0616:row:1942,14.1,train,
10797,10797,COc1ccc(cc1)[C@H](C=C)[C@@H](O)c2ccc(cc2)[N+]([O-])=O,17.0,1.0,0.1,10.1021/acs.orglett.6b03378,ODH,1943,ODH_charity_0616:row:1943,17.0,train,
10806,10806,COc1cc(CO[P@@](=O)(c2ccccc2)c3ccc(cc3)C(C)(C)C)cc(OC)c1,11.16,0.8,0.1,10.1021/acs.orglett.0c01537,ODH,1944,ODH_charity_0616:row:1944,8.928,train,
10807,10807,COc1cc(CO[P@](=O)(c2ccccc2)c3ccc(cc3)C(C)(C)C)cc(OC)c1,14.11,0.8,0.1,10.1021/acs.orglett.0c01537,ODH,1945,ODH_charity_0616:row:1945,11.288,train,
10834,10834,Cc1cc2OC[C@](C)(CN=[N+]=[N-])c2cc1C,10.2,0.5,0.01,10.1021/jacs.9b04332,ODH,1946,ODH_charity_0616:row:1946,5.1,train,
10835,10835,Cc1cc2OC[C@@](C)(CN=[N+]=[N-])c2cc1C,14.2,0.5,0.01,10.1021/jacs.9b04332,ODH,1947,ODH_charity_0616:row:1947,7.1,train,
10838,10838,CCOC(=O)[C@@]1(CC=C)N[S](=O)(=O)c2ccc(cc12)C(C)(C)C,10.7,0.8,0.1,10.1002/chem.201704760,ODH,1948,ODH_charity_0616:row:1948,8.56,train,
10839,10839,CCOC(=O)[C@]1(CC=C)N[S](=O)(=O)c2ccc(cc12)C(C)(C)C,14.2,0.8,0.1,10.1002/chem.201704760,ODH,1949,ODH_charity_0616:row:1949,11.36,train,
10876,10876,COc1ccc(cc1)[C@H]2Cc3ccccc3[C@H](N2)c4ccc(OC)cc4,16.3,1.0,0.02,10.1021/acs.orglett.7b02502,ODH,1950,ODH_charity_0616:row:1950,16.3,train,
10877,10877,COc1ccc(cc1)[C@@H]2Cc3ccccc3[C@H](N2)c4ccc(OC)cc4,14.2,1.0,0.02,10.1021/acs.orglett.7b02502,ODH,1951,ODH_charity_0616:row:1951,14.2,train,
10897,10897,C[C@H](\C=C\c1ccccc1)[C@](C)(N)C(=O)OC(C)(C)C,5.5,1.0,0.05,10.1021/jacs.0c02150,ODH,1952,ODH_charity_0616:row:1952,5.5,test,
10898,10898,C[C@@H](\C=C\c1ccccc1)[C@](C)(N)C(=O)OC(C)(C)C,14.2,1.0,0.05,10.1021/jacs.0c02150,ODH,1953,ODH_charity_0616:row:1953,14.2,train,
10907,10907,CCC[C@H]1C[C@H](c2ccccc2)C(C)(C)C1=O,11.78,1.0,0.005,10.1002/anie.202017190,ODH,1954,ODH_charity_0616:row:1954,11.78,train,
10908,10908,CCC[C@@H]1C[C@H](c2ccccc2)C(C)(C)C1=O,14.23,1.0,0.005,10.1002/anie.202017190,ODH,1955,ODH_charity_0616:row:1955,14.23,train,
10909,10909,CC1(C)[C@H](CCC1=O)c2cccc(F)c2,12.95,1.0,0.005,10.1002/anie.202017190,ODH,1956,ODH_charity_0616:row:1956,12.95,train,
10910,10910,CC1(C)[C@@H](CCC1=O)c2cccc(F)c2,14.23,1.0,0.005,10.1002/anie.202017190,ODH,1957,ODH_charity_0616:row:1957,14.23,train,
10953,10953,COC(=O)c1ccc(C[C@H](B2OC(C)(C)C(C)(C)O2)N3CCOC3=O)cc1,12.0,1.0,0.1,10.1021/acscatal.9b04543.,ODH,1958,ODH_charity_0616:row:1958,12.0,train,
10954,10954,COC(=O)c1ccc(C[C@@H](B2OC(C)(C)C(C)(C)O2)N3CCOC3=O)cc1,14.3,1.0,0.1,10.1021/acscatal.9b04543.,ODH,1959,ODH_charity_0616:row:1959,14.3,train,
10965,10965,COC(=O)[C@@H](CN(Cc1ccccc1)Cc2ccccc2)Cc3cn(C(=O)OC(C)(C)C)c4ccccc34,13.3,0.5,0.02,10.1002/anie.201412132,ODH,1960,ODH_charity_0616:row:1960,6.65,train,
10966,10966,COC(=O)[C@H](CN(Cc1ccccc1)Cc2ccccc2)Cc3cn(C(=O)OC(C)(C)C)c4ccccc34,14.3,0.5,0.02,10.1002/anie.201412132,ODH,1961,ODH_charity_0616:row:1961,7.15,train,
10971,10971,OC[C@]1(COCCO1)\C=C\c2ccccc2,15.4,1.0,0.1,10.1002/anie.201509888,ODH,1962,ODH_charity_0616:row:1962,15.4,train,
10972,10972,OC[C@@]1(COCCO1)\C=C\c2ccccc2,14.3,1.0,0.1,10.1002/anie.201509888,ODH,1963,ODH_charity_0616:row:1963,14.3,train,
10973,10973,COC(=O)/C=C/[C@@H](NCc1ccc(OC)cc1)c2ccc(Br)cc2,15.6,0.6,0.12,10.1021/acs.orglett.7b01904,ODH,1964,ODH_charity_0616:row:1964,9.36,train,
10974,10974,COC(=O)/C=C/[C@H](NCc1ccc(OC)cc1)c2ccc(Br)cc2,14.3,0.6,0.12,10.1021/acs.orglett.7b01904,ODH,1965,ODH_charity_0616:row:1965,8.58,train,
10981,10981,COc1cccc(c1)C2=N[C@@]3(CC2)[C@@H](COC3=O)C=C,16.2,1.0,0.05,10.1002/anie.202111842,ODH,1966,ODH_charity_0616:row:1966,16.2,valid,
10984,10984,C1Nc2ccccc2N[C@@H]1c3ccccc3,18.2,0.6,0.4,10.1021/ja200723n,ODH,1967,ODH_charity_0616:row:1967,10.92,train,
10985,10985,C1Nc2ccccc2N[C@H]1c3ccccc3,14.3,0.6,0.4,10.1021/ja200723n,ODH,1968,ODH_charity_0616:row:1968,8.58,test,
10986,10986,C1CCC(CC1)[C@H]2N[C@H](Cc3ccccc23)c4ccccc4,18.7,0.8,0.05,10.1021/acs.orglett.7b02502,ODH,1969,ODH_charity_0616:row:1969,14.96,train,
10987,10987,C1CCC(CC1)[C@@H]2N[C@H](Cc3ccccc23)c4ccccc4,14.3,0.8,0.05,10.1021/acs.orglett.7b02502,ODH,1970,ODH_charity_0616:row:1970,11.44,train,
10988,10988,COc1cc2OC(=C(C#N)[C@@H](c3ccc4OCOc4c3)c2cc1OC)N,19.2,0.7,0.3,10.1021/acs.orglett.5b03148,ODH,1971,ODH_charity_0616:row:1971,13.44,train,
10989,10989,COc1cc2OC(=C(C#N)[C@H](c3ccc4OCOc4c3)c2cc1OC)N,14.3,0.7,0.3,10.1021/acs.orglett.5b03148,ODH,1972,ODH_charity_0616:row:1972,10.01,train,
10990,10990,CC(=O)c1ccc(cc1)c2oc(C)c3Cc4ccccc4N5CCOC[C@H]5c23,19.4,0.8,0.2,10.1002/chem.201100019,ODH,1973,ODH_charity_0616:row:1973,15.52,train,
10991,10991,CC(=O)c1ccc(cc1)c2oc(C)c3Cc4ccccc4N5CCOC[C@@H]5c23,14.3,0.8,0.2,10.1002/chem.201100019,ODH,1974,ODH_charity_0616:row:1974,11.44,train,
11006,11006,C1C[C@H]2[C@H](Nc3ccccc3[C@H]2O1)c4ccccc4,9.17,1.0,0.15,10.1002/anie.201504790,ODH,1975,ODH_charity_0616:row:1975,9.17,test,
11015,11015,C=C[C@@H](c1ccccc1)c2n3ccccc3cc2c4ccccc4,15.31,0.7,0.003,10.1021/acs.orglett.0c03383,ODH,1976,ODH_charity_0616:row:1976,10.717,train,
11016,11016,C=C[C@H](c1ccccc1)c2n3ccccc3cc2c4ccccc4,14.349,0.7,0.003,10.1021/acs.orglett.0c03383,ODH,1977,ODH_charity_0616:row:1977,10.0443,train,
11023,11023,O[C@@H]/1CCC1=C/c2occc2,12.42,0.8,0.05,10.1021/acs.orglett.9b01514,ODH,1978,ODH_charity_0616:row:1978,9.936,train,
11024,11024,O[C@H]/1CCC1=C/c2occc2,14.379,0.8,0.05,10.1021/acs.orglett.9b01514,ODH,1979,ODH_charity_0616:row:1979,11.5032,train,
11031,11031,Fc1ccc(cc1)[C@@H]2CCc3ccccc3N2,8.94,1.0,0.05,10.1021/ja903547q,ODH,1980,ODH_charity_0616:row:1980,8.94,train,
11032,11032,Fc1ccc(cc1)[C@H]2CCc3ccccc3N2,14.38,1.0,0.05,10.1021/ja903547q,ODH,1981,ODH_charity_0616:row:1981,14.38,train,
11043,11043,CC(C)(C)OC(=O)[C@@](C)(N)C\C=C\c1ccc(cc1)C(F)(F)F,11.8,0.5,0.08,10.1021/jacs.7b05460,ODH,1982,ODH_charity_0616:row:1982,5.9,test,
11044,11044,CC(C)(C)OC(=O)[C@](C)(N)C\C=C\c1ccc(cc1)C(F)(F)F,14.4,0.5,0.08,10.1021/jacs.7b05460,ODH,1983,ODH_charity_0616:row:1983,7.2,train,
11045,11045,CC(C)(C)OC(=O)[C@@](C)(N)C\C=C\c1ccc(cc1)C(F)(F)F,11.8,0.5,0.08,10.1021/jacs.7b05460,ODH,1984,ODH_charity_0616:row:1984,5.9,train,
11046,11046,CC(C)(C)OC(=O)[C@](C)(N)C\C=C\c1ccc(cc1)C(F)(F)F,14.4,0.5,0.08,10.1021/jacs.7b05460,ODH,1985,ODH_charity_0616:row:1985,7.2,train,
11047,11047,CCOC(=O)C[C@H](O)c1cccc(OC)c1,12.19,1.0,0.1,10.1002/anie.201105780,ODH,1986,ODH_charity_0616:row:1986,12.19,train,
11048,11048,CCOC(=O)C[C@@H](O)c1cccc(OC)c1,14.4,1.0,0.1,10.1002/anie.201105780,ODH,1987,ODH_charity_0616:row:1987,14.4,train,
11055,11055,CC[C@@](C)(CO)c1ccccc1,12.8,1.0,0.01,10.1002/anie.201910917,ODH,1988,ODH_charity_0616:row:1988,12.8,train,
11056,11056,CC[C@](C)(CO)c1ccccc1,14.4,1.0,0.01,10.1002/anie.201910917,ODH,1989,ODH_charity_0616:row:1989,14.4,valid,
11064,11064,CC(C)C[C@H](C=C)c1c[nH]c2ccccc12,15.7,1.0,0.01,10.1002/chem.202004613,ODH,1990,ODH_charity_0616:row:1990,15.7,train,
11065,11065,CC(C)C[C@@H](C=C)c1c[nH]c2ccccc12,14.4,1.0,0.01,10.1002/chem.202004613,ODH,1991,ODH_charity_0616:row:1991,14.4,train,
11076,11076,O[C@@H]([C@H](C=C)c1ccccc1)[C@@](O)(CC=C)c2ccccc2,22.8,0.5,0.05,10.1021/jacs.6b06156,ODH,1992,ODH_charity_0616:row:1992,11.4,train,
11089,11089,O[C@H](C(O)=O)c1ccc(Br)cc1,12.4,0.8,0.05,10.1002/adsc.201700846,ODH,1993,ODH_charity_0616:row:1993,9.92,train,
11090,11090,O[C@@H](C(O)=O)c1ccc(Br)cc1,14.42,0.8,0.05,10.1002/adsc.201700846,ODH,1994,ODH_charity_0616:row:1994,11.536,train,
11117,11117,N#C[C@@H]1[C@@H]2CCC=C[C@@H]2O[C@H]1c3ccccc3,15.396,1.0,0.01,10.1039/C9CC07204G,ODH,1995,ODH_charity_0616:row:1995,15.396,valid,
11119,11119,COc1ccccc1N2C(=O)OC[C@]2(CCOCc3ccccc3)C=C,11.9,1.0,0.25,10.1002/chem.201405830,ODH,1996,ODH_charity_0616:row:1996,11.9,train,
11120,11120,COc1ccccc1N2C(=O)OC[C@@]2(CCOCc3ccccc3)C=C,14.5,1.0,0.25,10.1002/chem.201405830,ODH,1997,ODH_charity_0616:row:1997,14.5,train,
11121,11121,O[C@H]([C@@H](C=C)c1ccccc1)c2cccc(c2)[N+]([O-])=O,12.5,1.0,0.1,10.1021/acs.orglett.6b03378,ODH,1998,ODH_charity_0616:row:1998,12.5,train,
11134,11134,CCCCCC/C=C/[C@@H]1Cc2cc(C)c(C)cc2N1[S](=O)(=O)C(F)(F)F,16.5,0.5,0.0,10.1021/jacs.1c07212,ODH,1999,ODH_charity_0616:row:1999,8.25,train,
11135,11135,CCCCCC/C=C/[C@H]1Cc2cc(C)c(C)cc2N1[S](=O)(=O)C(F)(F)F,14.5,0.5,0.0,10.1021/jacs.1c07212,ODH,2000,ODH_charity_0616:row:2000,7.25,train,
11144,11144,Cc1cc([C@H](C(=O)OCc2ccccc2)c3ccc(cc3)c4ccccc4)c(C)n1Cc5ccccc5,18.2,0.7,0.1,10.1039/C7QO00815E,ODH,2001,ODH_charity_0616:row:2001,12.74,train,
11145,11145,Cc1cc([C@@H](C(=O)OCc2ccccc2)c3ccc(cc3)c4ccccc4)c(C)n1Cc5ccccc5,14.5,0.7,0.1,10.1039/C7QO00815E,ODH,2002,ODH_charity_0616:row:2002,10.15,train,
11146,11146,CN1C(=O)N[C@@H](c2ccccc2)c3cc(ccc13)c4c(C)onc4C,18.6,1.0,0.2,10.1002/cjoc.202000045,ODH,2003,ODH_charity_0616:row:2003,18.6,train,
11147,11147,CN1C(=O)N[C@H](c2ccccc2)c3cc(ccc13)c4c(C)onc4C,14.5,1.0,0.2,10.1002/cjoc.202000045,ODH,2004,ODH_charity_0616:row:2004,14.5,train,
11148,11148,CCOC(=O)[C@@H](CC=O)c1c[nH]c2ccccc12,18.83,1.0,0.15,10.1039/C0OB00016G,ODH,2005,ODH_charity_0616:row:2005,18.83,train,
11149,11149,CCOC(=O)[C@H](CC=O)c1c[nH]c2ccccc12,14.5,1.0,0.15,10.1039/C0OB00016G,ODH,2006,ODH_charity_0616:row:2006,14.5,train,
11175,11175,COc1ccc(cc1)[C@@H]2CCc3ccccc3N2,9.22,1.0,0.05,10.1021/ja903547q,ODH,2007,ODH_charity_0616:row:2007,9.22,train,
11176,11176,COc1ccc(cc1)[C@H]2CCc3ccccc3N2,14.53,1.0,0.05,10.1021/ja903547q,ODH,2008,ODH_charity_0616:row:2008,14.53,train,
11199,11199,C[C@]1(CC#Cc2ccccc2)CN(Cc3ccccc3)Cc4ccccc14,11.1,0.5,0.02,10.1002/anie.201913367,ODH,2009,ODH_charity_0616:row:2009,5.55,train,
11200,11200,C[C@@]1(CC#Cc2ccccc2)CN(Cc3ccccc3)Cc4ccccc14,14.6,0.5,0.02,10.1002/anie.201913367,ODH,2010,ODH_charity_0616:row:2010,7.3,valid,
11226,11226,C1Oc2ccccc2[C@]1(CC#Cc3ccccc3)Cc4ccccc4,16.4,0.5,0.01,10.1002/anie.201913367,ODH,2011,ODH_charity_0616:row:2011,8.2,test,
11227,11227,C1Oc2ccccc2[C@@]1(CC#Cc3ccccc3)Cc4ccccc4,14.6,0.5,0.01,10.1002/anie.201913367,ODH,2012,ODH_charity_0616:row:2012,7.3,train,
11234,11234,COc1ccccc1[C@H]2Nc3ccccc3N(C)C2=O,17.5,1.0,0.2,10.1039/D0CC03091K,ODH,2013,ODH_charity_0616:row:2013,17.5,train,
11235,11235,COc1ccccc1[C@@H]2Nc3ccccc3N(C)C2=O,14.6,1.0,0.2,10.1039/D0CC03091K,ODH,2014,ODH_charity_0616:row:2014,14.6,train,
11252,11252,COc1cccc(c1)C(=O)C[C@H](CN[S](=O)(=O)c2ccc(C)cc2)C(C)=C,16.96,0.5,0.3,10.1039/C8CC00279G,ODH,2015,ODH_charity_0616:row:2015,8.48,train,
11253,11253,COc1cccc(c1)C(=O)C[C@@H](CN[S](=O)(=O)c2ccc(C)cc2)C(C)=C,14.61,0.5,0.3,10.1039/C8CC00279G,ODH,2016,ODH_charity_0616:row:2016,7.305,train,
11267,11267,CCC[C@@H](Nc1ccc(Cl)cc1)C(=C)CC,13.079,1.0,0.0,10.1021/jacs.1c04016,ODH,2017,ODH_charity_0616:row:2017,13.079,train,
11268,11268,CCC[C@H](Nc1ccc(Cl)cc1)C(=C)CC,14.662,1.0,0.0,10.1021/jacs.1c04016,ODH,2018,ODH_charity_0616:row:2018,14.662,train,
11277,11277,CC[C@@H]1NCCc2cc(OC)c(OC)cc12,10.29,1.0,0.1,10.1021/cs300069g,ODH,2019,ODH_charity_0616:row:2019,10.29,train,
11278,11278,CC[C@H]1NCCc2cc(OC)c(OC)cc12,14.69,1.0,0.1,10.1021/cs300069g,ODH,2020,ODH_charity_0616:row:2020,14.69,test,
11280,11280,CCC[C@@H](Nc1ccccc1OC)C(=C)CC,18.358,1.0,0.0,10.1021/jacs.1c04016,ODH,2021,ODH_charity_0616:row:2021,18.358,train,
11281,11281,CCC[C@H](Nc1ccccc1OC)C(=C)CC,14.694,1.0,0.0,10.1021/jacs.1c04016,ODH,2022,ODH_charity_0616:row:2022,14.694,train,
11284,11284,CC(C)(C)OC(=O)[C@@](C)(N)C\C=C\c1ccccc1,11.1,0.5,0.08,10.1021/jacs.7b05460,ODH,2023,ODH_charity_0616:row:2023,5.55,train,
11285,11285,CC(C)(C)OC(=O)[C@](C)(N)C\C=C\c1ccccc1,14.7,0.5,0.08,10.1021/jacs.7b05460,ODH,2024,ODH_charity_0616:row:2024,7.35,train,
11286,11286,CC(C)(C)OC(=O)[C@@](C)(N)C\C=C\c1ccccc1,11.1,0.5,0.08,10.1021/jacs.7b05460,ODH,2025,ODH_charity_0616:row:2025,5.55,valid,
11287,11287,CC(C)(C)OC(=O)[C@](C)(N)C\C=C\c1ccccc1,14.7,0.5,0.08,10.1021/jacs.7b05460,ODH,2026,ODH_charity_0616:row:2026,7.35,train,
11299,11299,FC(F)(F)[S](=O)(=O)N1[C@@H]2C=C(CC[C@@H]2c3ccccc13)c4ccccc4,13.4,0.5,0.02,10.1021/jacs.1c07212,ODH,2027,ODH_charity_0616:row:2027,6.7,train,
11304,11304,O[C@]1(Cc2ccccc2C1=O)[C@H](C=C)c3cc(Cl)cc(Cl)c3,15.5,0.5,0.05,10.1021/acs.orglett.7b02577,ODH,2028,ODH_charity_0616:row:2028,7.75,train,
11305,11305,O[C@@]1(Cc2ccccc2C1=O)[C@H](C=C)c3cc(Cl)cc(Cl)c3,14.7,0.5,0.05,10.1021/acs.orglett.7b02577,ODH,2029,ODH_charity_0616:row:2029,7.35,train,
11314,11314,C[C@]1(COC(=O)c2ccc(cc2)[N+]([O-])=O)COC3(CO1)CC=CC3,17.0,1.0,0.05,10.1002/anie.201509888,ODH,2030,ODH_charity_0616:row:2030,17.0,test,
11315,11315,C[C@@]1(COC(=O)c2ccc(cc2)[N+]([O-])=O)COC3(CO1)CC=CC3,14.7,1.0,0.05,10.1002/anie.201509888,ODH,2031,ODH_charity_0616:row:2031,14.7,train,
11334,11334,CCCC[C@@]1(COc2ccccc12)CC3=CCCC3,9.1,0.75,0.0,10.1002/anie.201907840,ODH,2032,ODH_charity_0616:row:2032,6.825,train,
11335,11335,CCCC[C@]1(COc2ccccc12)CC3=CCCC3,14.7,0.75,0.0,10.1002/anie.201907840,ODH,2033,ODH_charity_0616:row:2033,11.025,test,
11345,11345,CC[C@@H]1C=Cc2c(OC)ccc(OC)c2[C@H]1O,29.95,1.0,0.1,10.1002/asia.200800159,ODH,2034,ODH_charity_0616:row:2034,29.95,train,
11350,11350,C[C@@H](O)c1cc(cc(c1)C(F)(F)F)C(F)(F)F,12.43,1.0,0.02,10.1039/C5CC00479A,ODH,2035,ODH_charity_0616:row:2035,12.43,train,
11351,11351,C[C@H](O)c1cc(cc(c1)C(F)(F)F)C(F)(F)F,14.74,1.0,0.02,10.1039/C5CC00479A,ODH,2036,ODH_charity_0616:row:2036,14.74,train,
11352,11352,O[C@@H]1C(=O)N(Cc2ccccc2)c3ccccc3[C@]1(CBr)c4ccccc4,13.19,1.0,0.1,10.1002/anie.202110315,ODH,2037,ODH_charity_0616:row:2037,13.19,train,
11357,11357,COc1ccc(OC)c2[C@@H](O)[C@H](CC(C)C)C=Cc12,30.62,1.0,0.1,10.1002/asia.200800159,ODH,2038,ODH_charity_0616:row:2038,30.62,train,
11374,11374,C[C@@H](N[S](=O)(=O)C(C)(C)C)c1ccc2OCOc2c1,11.4,1.0,0.05,10.1002/anie.201902576,ODH,2039,ODH_charity_0616:row:2039,11.4,train,
11375,11375,C[C@H](N[S](=O)(=O)C(C)(C)C)c1ccc2OCOc2c1,14.8,1.0,0.05,10.1002/anie.201902576,ODH,2040,ODH_charity_0616:row:2040,14.8,train,
11392,11392,C([C@@H]1Cc2ccccc2N1)c3ccccc3,16.6,1.0,0.01,10.1039/C8QO00710A,ODH,2041,ODH_charity_0616:row:2041,16.6,train,
11393,11393,C([C@H]1Cc2ccccc2N1)c3ccccc3,14.8,1.0,0.01,10.1039/C8QO00710A,ODH,2042,ODH_charity_0616:row:2042,14.8,train,
11394,11394,Cc1ccc(cc1)[C@@H]2Cc3ccccc3C(=O)C(=N2)c4ccccc4O,17.5,0.7,0.03,10.1021/acs.orglett.6b03027,ODH,2043,ODH_charity_0616:row:2043,12.25,test,
11395,11395,Cc1ccc(cc1)[C@H]2Cc3ccccc3C(=O)C(=N2)c4ccccc4O,14.8,0.7,0.03,10.1021/acs.orglett.6b03027,ODH,2044,ODH_charity_0616:row:2044,10.36,train,
11406,11406,COc1cccc(c1)[C@@H]2Cc3ccccc3C(=O)C(=N2)c4ccccc4O,19.9,0.8,0.1,10.1021/acs.orglett.6b03027,ODH,2045,ODH_charity_0616:row:2045,15.92,train,
11407,11407,COc1cccc(c1)[C@H]2Cc3ccccc3C(=O)C(=N2)c4ccccc4O,14.8,0.8,0.1,10.1021/acs.orglett.6b03027,ODH,2046,ODH_charity_0616:row:2046,11.84,train,
11423,11423,C=C[C@@H](CCc1ccccc1)C(Cc2ccc3ccccc3c2)(C#N)C#N,24.01,1.0,0.08,10.1021/acs.orglett.0c00962,ODH,2047,ODH_charity_0616:row:2047,24.01,train,
11424,11424,C=C[C@H](CCc1ccccc1)C(Cc2ccc3ccccc3c2)(C#N)C#N,14.82,1.0,0.08,10.1021/acs.orglett.0c00962,ODH,2048,ODH_charity_0616:row:2048,14.82,train,
11427,11427,CC[C@@H](C#Cc1ccc(C)cc1)c2ccccc2,18.13,0.7,0.005,10.1002/anie.202006317,ODH,2049,ODH_charity_0616:row:2049,12.691,train,
11428,11428,CC[C@H](C#Cc1ccc(C)cc1)c2ccccc2,14.83,0.7,0.005,10.1002/anie.202006317,ODH,2050,ODH_charity_0616:row:2050,10.381,test,
11432,11432,COc1ccc(cc1)[C@H](O)CCN(C)Cc2ccccc2,19.38,1.0,0.05,10.1039/C3OB40135A,ODH,2051,ODH_charity_0616:row:2051,19.38,train,
11433,11433,COc1ccc(cc1)[C@@H](O)CCN(C)Cc2ccccc2,14.84,1.0,0.05,10.1039/C3OB40135A,ODH,2052,ODH_charity_0616:row:2052,14.84,train,
11436,11436,CC(C)(C)OC(=O)C(C)(C)C[C@@H](\C=C/Cn1c2ccccc2c3ccccc13)c4ccccc4,25.26,0.5,0.01,10.1021/jacs.0c03130,ODH,2053,ODH_charity_0616:row:2053,12.63,train,
11437,11437,CC(C)(C)OC(=O)C(C)(C)C[C@H](\C=C/Cn1c2ccccc2c3ccccc13)c4ccccc4,14.85,0.5,0.01,10.1021/jacs.0c03130,ODH,2054,ODH_charity_0616:row:2054,7.425,train,
11442,11442,C[C@]1(CC=Cc2ccccc2)CC(=NO1)c3ccccc3,12.48,0.8,0.1,10.1002/anie.201912408,ODH,2055,ODH_charity_0616:row:2055,9.984,train,
11443,11443,C[C@@]1(CC=Cc2ccccc2)CC(=NO1)c3ccccc3,14.88,0.8,0.1,10.1002/anie.201912408,ODH,2056,ODH_charity_0616:row:2056,11.904,train,
11445,11445,O[C@@H]/1CCC1=C/c2cccc3ccccc23,12.732,0.8,0.1,10.1021/acs.orglett.9b01514,ODH,2057,ODH_charity_0616:row:2057,10.1856,train,
11446,11446,O[C@H]/1CCC1=C/c2cccc3ccccc23,14.895,0.8,0.1,10.1021/acs.orglett.9b01514,ODH,2058,ODH_charity_0616:row:2058,11.916,train,
11452,11452,CC(C)(C)OC(=O)[C@@](C)(N)C\C=C\c1ccc(F)cc1,11.8,0.5,0.08,10.1021/jacs.7b05460,ODH,2059,ODH_charity_0616:row:2059,5.9,train,
11453,11453,CC(C)(C)OC(=O)[C@](C)(N)C\C=C\c1ccc(F)cc1,14.9,0.5,0.08,10.1021/jacs.7b05460,ODH,2060,ODH_charity_0616:row:2060,7.45,train,
11454,11454,CC(C)(C)OC(=O)[C@@](C)(N)C\C=C\c1ccc(F)cc1,11.8,0.5,0.08,10.1021/jacs.7b05460,ODH,2061,ODH_charity_0616:row:2061,5.9,train,
11455,11455,CC(C)(C)OC(=O)[C@](C)(N)C\C=C\c1ccc(F)cc1,14.9,0.5,0.08,10.1021/jacs.7b05460,ODH,2062,ODH_charity_0616:row:2062,7.45,train,
11456,11456,COC(=O)[C@H]1Cc2ccccc2CO1,12.1,1.0,0.15,10.1002/adsc.201800774,ODH,2063,ODH_charity_0616:row:2063,12.1,train,
11457,11457,COC(=O)[C@@H]1Cc2ccccc2CO1,14.9,1.0,0.15,10.1002/adsc.201800774,ODH,2064,ODH_charity_0616:row:2064,14.9,train,
11458,11458,C[C@@H]1C[C@@H](NC(=O)N1)c2ccccc2,16.8,0.8,0.25,10.1021/acs.orglett.8b02723,ODH,2065,ODH_charity_0616:row:2065,13.44,valid,
11466,11466,O[C@H]([C@H](C=C)c1ccccc1)C(=O)c2ccccc2,17.8,0.5,0.05,10.1021/jacs.6b06156,ODH,2066,ODH_charity_0616:row:2066,8.9,train,
11467,11467,O[C@@H]([C@H](C=C)c1ccccc1)C(=O)c2ccccc2,14.9,0.5,0.05,10.1021/jacs.6b06156,ODH,2067,ODH_charity_0616:row:2067,7.45,train,
11468,11468,O[C@H]([C@H](C=C)c1ccccc1)C(=O)c2ccccc2,17.8,0.5,0.05,10.1021/jacs.6b06156,ODH,2068,ODH_charity_0616:row:2068,8.9,valid,
11469,11469,O[C@@H]([C@H](C=C)c1ccccc1)C(=O)c2ccccc2,14.9,0.5,0.05,10.1021/jacs.6b06156,ODH,2069,ODH_charity_0616:row:2069,7.45,train,
11480,11480,[C@@H]1(CC2=C3C=CC=CC3=CC=C2)NC4=C(C=CC=C4)C1,19.5,0.8,0.1,10.1016/j.tet.2013.06.016,ODH,2070,ODH_charity_0616:row:2070,15.6,train,
11481,11481,[C@H]1(CC2=C3C=CC=CC3=CC=C2)NC4=C(C=CC=C4)C1,14.9,0.8,0.1,10.1016/j.tet.2013.06.016,ODH,2071,ODH_charity_0616:row:2071,11.92,train,
11492,11492,C[C@H](O)c1ccccc1Cl,35.0,1.0,0.02,10.1002/anie.201102710,ODH,2072,ODH_charity_0616:row:2072,35.0,train,
11493,11493,C[C@@H](O)c1ccccc1Cl,14.9,1.0,0.02,10.1002/anie.201102710,ODH,2073,ODH_charity_0616:row:2073,14.9,train,
11496,11496,CC(C)(C)OC(=O)[C@](N)(CC=C)C\C=C\c1ccccc1,5.7,1.0,0.1,10.1021/jacs.7b05460,ODH,2074,ODH_charity_0616:row:2074,5.7,train,
11497,11497,CC(C)(C)OC(=O)[C@@](N)(CC=C)C\C=C\c1ccccc1,14.9,1.0,0.1,10.1021/jacs.7b05460,ODH,2075,ODH_charity_0616:row:2075,14.9,train,
11498,11498,CC(C)(C)OC(=O)[C@](N)(CC=C)C\C=C\c1ccccc1,5.7,1.0,0.1,10.1021/jacs.7b05460,ODH,2076,ODH_charity_0616:row:2076,5.7,train,
11499,11499,CC(C)(C)OC(=O)[C@@](N)(CC=C)C\C=C\c1ccccc1,14.9,1.0,0.1,10.1021/jacs.7b05460,ODH,2077,ODH_charity_0616:row:2077,14.9,train,
11506,11506,C[C@@](C/C=C/C=C/c1ccc(cc1)c2ccccc2)(C=O)c3ccccc3,16.318,1.0,0.05,10.1021/acs.orglett.8b00740,ODH,2078,ODH_charity_0616:row:2078,16.318,train,
11507,11507,C[C@](C/C=C/C=C/c1ccc(cc1)c2ccccc2)(C=O)c3ccccc3,14.911,1.0,0.05,10.1021/acs.orglett.8b00740,ODH,2079,ODH_charity_0616:row:2079,14.911,test,
11511,11511,COc1ccc(cc1)[C@@H](C)O,13.28,1.0,0.05,10.1021/acs.orglett.8b02591,ODH,2080,ODH_charity_0616:row:2080,13.28,train,
11512,11512,COc1ccc(cc1)[C@H](C)O,14.92,1.0,0.05,10.1021/acs.orglett.8b02591,ODH,2081,ODH_charity_0616:row:2081,14.92,train,
11513,11513,C[C@@H](O)c1ccccc1Br,13.51,1.0,0.02,10.1039/C5CC00479A,ODH,2082,ODH_charity_0616:row:2082,13.51,train,
11514,11514,C[C@H](O)c1ccccc1Br,14.92,1.0,0.02,10.1039/C5CC00479A,ODH,2083,ODH_charity_0616:row:2083,14.92,train,
11521,11521,O=[S@](Cc1occc1)c2ccccc2,12.89,0.5,0.1,10.1021/jacs.8b00178,ODH,2084,ODH_charity_0616:row:2084,6.445,train,
11522,11522,O=[S@@](Cc1occc1)c2ccccc2,14.95,0.5,0.1,10.1021/jacs.8b00178,ODH,2085,ODH_charity_0616:row:2085,7.475,train,
11527,11527,CC(C)(C)c1ccc(cc1)[C@H](O)C(O)=O,11.9,0.8,0.05,10.1002/adsc.201700846,ODH,2086,ODH_charity_0616:row:2086,9.52,train,
11528,11528,CC(C)(C)c1ccc(cc1)[C@@H](O)C(O)=O,14.96,0.8,0.05,10.1002/adsc.201700846,ODH,2087,ODH_charity_0616:row:2087,11.968,valid,
11537,11537,N[C@H](C(=[N+]=[N-])C(=O)c1cccc2ccccc12)C(F)(F)F,11.377,1.0,0.1,10.1002/anie.201810253,ODH,2088,ODH_charity_0616:row:2088,11.377,train,
11538,11538,N[C@@H](C(=[N+]=[N-])C(=O)c1cccc2ccccc12)C(F)(F)F,14.975,1.0,0.1,10.1002/anie.201810253,ODH,2089,ODH_charity_0616:row:2089,14.975,train,
11559,11559,C[C@@H](Nc1ccccc1)c2ccccc2,11.3,0.8,0.02,10.1002/adsc.201000554,ODH,2090,ODH_charity_0616:row:2090,9.04,train,
11560,11560,C[C@H](Nc1ccccc1)c2ccccc2,15.0,0.8,0.02,10.1002/adsc.201000554,ODH,2091,ODH_charity_0616:row:2091,12.0,train,
11572,11572,CCCCC[C@H](C=C)n1ccc2cc(C=O)ccc12,13.8,1.0,0.001,10.1002/chem.202004613,ODH,2092,ODH_charity_0616:row:2092,13.8,train,
11573,11573,CCCCC[C@@H](C=C)n1ccc2cc(C=O)ccc12,15.0,1.0,0.001,10.1002/chem.202004613,ODH,2093,ODH_charity_0616:row:2093,15.0,train,
11574,11574,O=COC[C@H](C1=C2C=CC=CC2=CC=C1)C,13.9,0.5,0.0,10.1021/acs.orglett.7b03469,ODH,2094,ODH_charity_0616:row:2094,6.95,train,
11575,11575,O=COC[C@@H](C1=C2C=CC=CC2=CC=C1)C,15.0,0.5,0.0,10.1021/acs.orglett.7b03469,ODH,2095,ODH_charity_0616:row:2095,7.5,train,
11576,11576,COC(=O)[C@H](CNC(=O)OC(C)(C)C)Cc1ccccc1,13.9,0.5,0.05,10.1002/anie.201412132,ODH,2096,ODH_charity_0616:row:2096,6.95,train,
11577,11577,COC(=O)[C@@H](CNC(=O)OC(C)(C)C)Cc1ccccc1,15.0,0.5,0.05,10.1002/anie.201412132,ODH,2097,ODH_charity_0616:row:2097,7.5,train,
11580,11580,O=C(OCc1ccccc1)[C@H](c2ccccc2)c3cc(n(Cc4ccccc4)c3c5ccccc5)c6ccccc6,16.1,0.6,0.02,10.1039/C7QO00815E,ODH,2098,ODH_charity_0616:row:2098,9.66,train,
11581,11581,O=C(OCc1ccccc1)[C@@H](c2ccccc2)c3cc(n(Cc4ccccc4)c3c5ccccc5)c6ccccc6,15.0,0.6,0.02,10.1039/C7QO00815E,ODH,2099,ODH_charity_0616:row:2099,9.0,valid,
11582,11582,C[C@@H](C(=O)OCc1ccccc1)c2c(C)n(C)c3ccccc23,16.2,0.7,0.05,10.1002/anie.201504483,ODH,2100,ODH_charity_0616:row:2100,11.34,train,
11583,11583,C[C@H](C(=O)OCc1ccccc1)c2c(C)n(C)c3ccccc23,15.0,0.7,0.05,10.1002/anie.201504483,ODH,2101,ODH_charity_0616:row:2101,10.5,train,
11584,11584,O=C1O[C@@]2(n3ccc4cccc1c34)C(=O)N(Cc5ccccc5)c6ccccc26,16.3,0.8,0.2,10.1021/acscatal.9b03163,ODH,2102,ODH_charity_0616:row:2102,13.04,train,
11585,11585,O=C1O[C@]2(n3ccc4cccc1c34)C(=O)N(Cc5ccccc5)c6ccccc26,15.0,0.8,0.2,10.1021/acscatal.9b03163,ODH,2103,ODH_charity_0616:row:2103,12.0,train,
11614,11614,BrC[C@@H]1CC(CN1[S](=O)(=O)c2ccccc2)(c3ccccc3)c4ccccc4,10.06,1.0,0.1,10.1002/anie.201705066,ODH,2104,ODH_charity_0616:row:2104,10.06,train,
11615,11615,BrC[C@H]1CC(CN1[S](=O)(=O)c2ccccc2)(c3ccccc3)c4ccccc4,15.01,1.0,0.1,10.1002/anie.201705066,ODH,2105,ODH_charity_0616:row:2105,15.01,train,
11616,11616,Cn1cc([C@@H]\2[C@H](CC2=C/N(c3ccccc3)[S](=O)(=O)c4ccc(C)cc4)c5ccc(C)cc5)c6ccccc16,13.81,0.8,0.05,10.1039/C5SC01827G,ODH,2106,ODH_charity_0616:row:2106,11.048,train,
11647,11647,CC(C)(C)OC(=O)C[C@](N)(C\C=C\c1ccccc1)C(=O)OC(C)(C)C,10.2,0.5,0.08,10.1021/jacs.7b05460,ODH,2107,ODH_charity_0616:row:2107,5.1,train,
11648,11648,CC(C)(C)OC(=O)C[C@@](N)(C\C=C\c1ccccc1)C(=O)OC(C)(C)C,15.1,0.5,0.08,10.1021/jacs.7b05460,ODH,2108,ODH_charity_0616:row:2108,7.55,test,
11649,11649,CC(C)(C)OC(=O)C[C@](N)(C\C=C\c1ccccc1)C(=O)OC(C)(C)C,10.2,0.5,0.08,10.1021/jacs.7b05460,ODH,2109,ODH_charity_0616:row:2109,5.1,train,
11650,11650,CC(C)(C)OC(=O)C[C@@](N)(C\C=C\c1ccccc1)C(=O)OC(C)(C)C,15.1,0.5,0.08,10.1021/jacs.7b05460,ODH,2110,ODH_charity_0616:row:2110,7.55,train,
11653,11653,C[C@@H](N[S](=O)(=O)C(C)(C)C)c1ccc2ccccc2c1,10.3,1.0,0.05,10.1002/anie.201902576,ODH,2111,ODH_charity_0616:row:2111,10.3,train,
11654,11654,C[C@H](N[S](=O)(=O)C(C)(C)C)c1ccc2ccccc2c1,15.1,1.0,0.05,10.1002/anie.201902576,ODH,2112,ODH_charity_0616:row:2112,15.1,train,
11661,11661,Cc1cccc(c1)\C=C\2CCC[C@H]2O,12.8,0.8,0.05,10.1021/acs.organomet.9b00366,ODH,2113,ODH_charity_0616:row:2113,10.24,train,
11662,11662,Cc1cccc(c1)\C=C\2CCC[C@@H]2O,15.1,0.8,0.05,10.1021/acs.organomet.9b00366,ODH,2114,ODH_charity_0616:row:2114,12.08,test,
11675,11675,Oc1ccccc1[C@H](OCc2ccccc2)c3ccccc3,17.7,1.0,0.02,10.1021/acs.orglett.5b03072,ODH,2115,ODH_charity_0616:row:2115,17.7,train,
11676,11676,Oc1ccccc1[C@@H](OCc2ccccc2)c3ccccc3,15.1,1.0,0.02,10.1021/acs.orglett.5b03072,ODH,2116,ODH_charity_0616:row:2116,15.1,train,
11677,11677,CC[C@H]1Nc2ccccc2OC1=O,18.7,0.7,0.1,10.1002/anie.201813400,ODH,2117,ODH_charity_0616:row:2117,13.09,train,
11678,11678,CC[C@@H]1Nc2ccccc2OC1=O,15.1,0.7,0.1,10.1002/anie.201813400,ODH,2118,ODH_charity_0616:row:2118,10.57,train,
11692,11692,Fc1ccccc1[C@@H]2CCc3ccccc3N2,13.12,0.6,0.1,10.1002/anie.201204179,ODH,2119,ODH_charity_0616:row:2119,7.872,train,
11693,11693,Fc1ccccc1[C@H]2CCc3ccccc3N2,15.12,0.6,0.1,10.1002/anie.201204179,ODH,2120,ODH_charity_0616:row:2120,9.072,train,
11701,11701,CCC[C@@H](Nc1ccc(Br)cc1)C=C,16.44,1.0,0.0,10.1021/jacs.9b06035,ODH,2121,ODH_charity_0616:row:2121,16.44,train,
11702,11702,CCC[C@H](Nc1ccc(Br)cc1)C=C,15.14,1.0,0.0,10.1021/jacs.9b06035,ODH,2122,ODH_charity_0616:row:2122,15.14,train,
11715,11715,CC(C)(C)OC(=O)[C@@](C)(N)C\C=C\c1cccc2ccccc12,12.8,0.5,0.08,10.1021/jacs.7b05460,ODH,2123,ODH_charity_0616:row:2123,6.4,train,
11716,11716,CC(C)(C)OC(=O)[C@](C)(N)C\C=C\c1cccc2ccccc12,15.2,0.5,0.08,10.1021/jacs.7b05460,ODH,2124,ODH_charity_0616:row:2124,7.6,train,
11717,11717,CC(C)(C)OC(=O)[C@@](C)(N)C\C=C\c1cccc2ccccc12,12.8,0.5,0.08,10.1021/jacs.7b05460,ODH,2125,ODH_charity_0616:row:2125,6.4,train,
11718,11718,CC(C)(C)OC(=O)[C@](C)(N)C\C=C\c1cccc2ccccc12,15.2,0.5,0.08,10.1021/jacs.7b05460,ODH,2126,ODH_charity_0616:row:2126,7.6,train,
11750,11750,CC[C@@]1(N(c2ccc(C)cc2C1=C)[S](=O)(=O)C(F)(F)F)c3cccc(c3)C(=O)OC,7.05,0.8,0.1,10.1002/anie.201904805,ODH,2127,ODH_charity_0616:row:2127,5.64,train,
11751,11751,CC[C@]1(N(c2ccc(C)cc2C1=C)[S](=O)(=O)C(F)(F)F)c3cccc(c3)C(=O)OC,15.2,0.8,0.1,10.1002/anie.201904805,ODH,2128,ODH_charity_0616:row:2128,12.16,train,
11754,11754,CCCCC[C@@]1(COc2ccccc12)CC3=CCCC3,9.3,0.75,0.0,10.1002/anie.201907840,ODH,2129,ODH_charity_0616:row:2129,6.975,train,
11755,11755,CCCCC[C@]1(COc2ccccc12)CC3=CCCC3,15.2,0.75,0.0,10.1002/anie.201907840,ODH,2130,ODH_charity_0616:row:2130,11.4,train,
11768,11768,C[C@H](CC(C)=O)\C=C\c1ccc2ccccc2c1,17.59,0.8,0.02,10.1002/adsc.201600375,ODH,2131,ODH_charity_0616:row:2131,14.072,train,
11769,11769,C[C@@H](CC(C)=O)\C=C\c1ccc2ccccc2c1,15.26,0.8,0.02,10.1002/adsc.201600375,ODH,2132,ODH_charity_0616:row:2132,12.208,train,
11772,11772,Cc1ccc(cc1)[S](=O)(=O)N2C[C@@H](C=C)C=C2c3ccccc3,15.97,0.8,0.05,10.1021/jacs.6b00386,ODH,2133,ODH_charity_0616:row:2133,12.776,train,
11773,11773,Cc1ccc(cc1)[S](=O)(=O)N2C[C@H](C=C)C=C2c3ccccc3,15.27,0.8,0.05,10.1021/jacs.6b00386,ODH,2134,ODH_charity_0616:row:2134,12.216,train,
11776,11776,COC(=O)[C@H](O)c1ccc(Br)cc1,13.48,1.0,0.04,10.1038/nchem.651,ODH,2135,ODH_charity_0616:row:2135,13.48,train,
11777,11777,COC(=O)[C@@H](O)c1ccc(Br)cc1,15.28,1.0,0.04,10.1038/nchem.651,ODH,2136,ODH_charity_0616:row:2136,15.28,train,
11778,11778,COC(=O)[C@H](O)c1ccc(Br)cc1,13.48,1.0,0.04,10.1038/nchem.651,ODH,2137,ODH_charity_0616:row:2137,13.48,train,
11779,11779,COC(=O)[C@@H](O)c1ccc(Br)cc1,15.28,1.0,0.04,10.1038/nchem.651,ODH,2138,ODH_charity_0616:row:2138,15.28,train,
11782,11782,C1C[C@@H](C#Cc2ccccc2)c3ccccc3C1,18.84,0.7,0.005,10.1002/anie.202006317,ODH,2139,ODH_charity_0616:row:2139,13.188,valid,
11783,11783,C1C[C@H](C#Cc2ccccc2)c3ccccc3C1,15.28,0.7,0.005,10.1002/anie.202006317,ODH,2140,ODH_charity_0616:row:2140,10.696,train,
11784,11784,COc1ccc(OC)c2[C@@H](O)[C@@H](C=Cc12)C(C)C,37.52,1.0,0.1,10.1002/asia.200800159,ODH,2141,ODH_charity_0616:row:2141,37.52,train,
11796,11796,CCC[C@@H](NCc1cccnc1)C(=C)CC,13.015,1.0,0.01,10.1021/jacs.1c04016,ODH,2142,ODH_charity_0616:row:2142,13.015,train,
11797,11797,CCC[C@H](NCc1cccnc1)C(=C)CC,15.3,1.0,0.01,10.1021/jacs.1c04016,ODH,2143,ODH_charity_0616:row:2143,15.3,train,
11802,11802,C[C@@H](C(=O)OC(c1ccccc1)c2ccccc2)c3ccc(c(F)c3)c4ccccc4,14.1,0.5,0.02,10.1021/jacs.6b00406,ODH,2144,ODH_charity_0616:row:2144,7.05,train,
11803,11803,C[C@H](C(=O)OC(c1ccccc1)c2ccccc2)c3ccc(c(F)c3)c4ccccc4,15.3,0.5,0.02,10.1021/jacs.6b00406,ODH,2145,ODH_charity_0616:row:2145,7.65,train,
11804,11804,OC[C@H](CCl)c1ccccc1,14.3,1.0,0.05,10.1002/anie.201601844,ODH,2146,ODH_charity_0616:row:2146,14.3,train,
11805,11805,OC[C@@H](CCl)c1ccccc1,15.3,1.0,0.05,10.1002/anie.201601844,ODH,2147,ODH_charity_0616:row:2147,15.3,train,
11806,11806,CC[C@@]1(CO)CCCOC1,16.5,1.0,0.05,10.1002/anie.201509888,ODH,2148,ODH_charity_0616:row:2148,16.5,test,
11807,11807,CC[C@]1(CO)CCCOC1,15.3,1.0,0.05,10.1002/anie.201509888,ODH,2149,ODH_charity_0616:row:2149,15.3,train,
11851,11851,Cc1ccccc1\C=C\2CC[C@H]2O,9.561,0.8,0.1,10.1021/acs.orglett.9b01514,ODH,2150,ODH_charity_0616:row:2150,7.6488,train,
11852,11852,Cc1ccccc1\C=C\2CC[C@@H]2O,15.318,0.8,0.1,10.1021/acs.orglett.9b01514,ODH,2151,ODH_charity_0616:row:2151,12.2544,train,
11855,11855,COC(=O)[C@H](O)c1ccc(Cl)cc1,13.28,1.0,0.04,10.1038/nchem.651,ODH,2152,ODH_charity_0616:row:2152,13.28,train,
11856,11856,COC(=O)[C@@H](O)c1ccc(Cl)cc1,15.33,1.0,0.04,10.1038/nchem.651,ODH,2153,ODH_charity_0616:row:2153,15.33,train,
11857,11857,COC(=O)[C@H](O)c1ccc(Cl)cc1,13.28,1.0,0.04,10.1038/nchem.651,ODH,2154,ODH_charity_0616:row:2154,13.28,train,
11858,11858,COC(=O)[C@@H](O)c1ccc(Cl)cc1,15.33,1.0,0.04,10.1038/nchem.651,ODH,2155,ODH_charity_0616:row:2155,15.33,train,
11900,11900,CC(C)[C@]1(CO)COCCO1,17.7,1.0,0.05,10.1002/anie.201509888,ODH,2156,ODH_charity_0616:row:2156,17.7,valid,
11901,11901,CC(C)[C@@]1(CO)COCCO1,15.4,1.0,0.05,10.1002/anie.201509888,ODH,2157,ODH_charity_0616:row:2157,15.4,train,
11913,11913,Fc1cccc(c1)[C@@H]2CNc3ccccc3N2,22.4,0.6,0.4,10.1021/ja200723n,ODH,2158,ODH_charity_0616:row:2158,13.44,train,
11914,11914,Fc1cccc(c1)[C@H]2CNc3ccccc3N2,15.4,0.6,0.4,10.1021/ja200723n,ODH,2159,ODH_charity_0616:row:2159,9.24,train,
11934,11934,CC[C@H](O)[C@@H](C)NC1CCCCC1,9.42,1.0,0.05,10.1021/ja901058u,ODH,2160,ODH_charity_0616:row:2160,9.42,test,
11935,11935,COc1cccc(c1)[C@H](O)CCN(C)Cc2ccccc2,19.25,1.0,0.05,10.1039/C3OB40135A,ODH,2161,ODH_charity_0616:row:2161,19.25,train,
11936,11936,COc1cccc(c1)[C@@H](O)CCN(C)Cc2ccccc2,15.44,1.0,0.05,10.1039/C3OB40135A,ODH,2162,ODH_charity_0616:row:2162,15.44,train,
11966,11966,CC1(C)CC(=O)N(CCCC[C@]2(CI)COc3ccccc23)C(=O)C1,13.3,0.8,0.2,10.1021/jacs.9b04332,ODH,2163,ODH_charity_0616:row:2163,10.64,train,
11967,11967,CC1(C)CC(=O)N(CCCC[C@@]2(CI)COc3ccccc23)C(=O)C1,15.5,0.8,0.2,10.1021/jacs.9b04332,ODH,2164,ODH_charity_0616:row:2164,12.4,train,
11975,11975,COC(=O)[C@@H]1CCCc2ccccc12,16.6,0.4,0.01,10.1002/anie.202110233,ODH,2165,ODH_charity_0616:row:2165,6.64,train,
11976,11976,COC(=O)[C@H]1CCCc2ccccc12,15.5,0.4,0.01,10.1002/anie.202110233,ODH,2166,ODH_charity_0616:row:2166,6.2,test,
11979,11979,OC[C@H](CCl)c1oc2ccccc2c1,16.8,1.0,0.05,10.1002/anie.201601844,ODH,2167,ODH_charity_0616:row:2167,16.8,train,
11980,11980,OC[C@@H](CCl)c1oc2ccccc2c1,15.5,1.0,0.05,10.1002/anie.201601844,ODH,2168,ODH_charity_0616:row:2168,15.5,train,
11991,11991,COc1ccccc1[P@@](=O)(OC)c2ccccc2OCc3ccccc3[P](=O)(c4ccccc4)c5ccccc5,22.2,0.7,0.2,10.1021/jacs.6b04624,ODH,2169,ODH_charity_0616:row:2169,15.54,train,
11992,11992,COc1ccccc1[P@](=O)(OC)c2ccccc2OCc3ccccc3[P](=O)(c4ccccc4)c5ccccc5,15.5,0.7,0.2,10.1021/jacs.6b04624,ODH,2170,ODH_charity_0616:row:2170,10.85,train,
12007,12007,Fc1cccc(c1)[S@](=O)Cc2ccccc2,14.45,1.0,0.05,10.1021/jacs.8b00178,ODH,2171,ODH_charity_0616:row:2171,14.45,train,
12008,12008,Fc1cccc(c1)[S@@](=O)Cc2ccccc2,15.53,1.0,0.05,10.1021/jacs.8b00178,ODH,2172,ODH_charity_0616:row:2172,15.53,train,
12014,12014,Clc1ccc2[C@H](CC(=O)Oc2c1)c3ccccc3,22.41,1.0,0.1,10.1039/D0SC04340K,ODH,2173,ODH_charity_0616:row:2173,22.41,train,
12015,12015,Clc1ccc2[C@@H](CC(=O)Oc2c1)c3ccccc3,15.54,1.0,0.1,10.1039/D0SC04340K,ODH,2174,ODH_charity_0616:row:2174,15.54,train,
12027,12027,O[C@@H]1c2ccccc2N(Cc3ccccc3)C(=O)[C@]1(CBr)c4ccccc4,13.58,1.0,0.1,10.1002/anie.202110315,ODH,2175,ODH_charity_0616:row:2175,13.58,train,
12040,12040,COc1ccc(SC[C@@H](CO)c2ccccc2)cc1,13.3,1.0,0.1,10.1002/anie.201601844,ODH,2176,ODH_charity_0616:row:2176,13.3,valid,
12041,12041,COc1ccc(SC[C@H](CO)c2ccccc2)cc1,15.6,1.0,0.1,10.1002/anie.201601844,ODH,2177,ODH_charity_0616:row:2177,15.6,train,
12047,12047,CCOC(=O)[C@H]1[C@H](c2ccccc2)c3ccc(OC)cc3OC1=O,16.9,0.7,0.1,10.1002/anie.201813400,ODH,2178,ODH_charity_0616:row:2178,11.83,train,
12048,12048,CCOC(=O)[C@@H]1[C@H](c2ccccc2)c3ccc(OC)cc3OC1=O,15.6,0.7,0.1,10.1002/anie.201813400,ODH,2179,ODH_charity_0616:row:2179,10.92,train,
12060,12060,Fc1ccc(cc1)[C@@H]2CNc3ccccc3N2,23.0,0.6,0.4,10.1021/ja200723n,ODH,2180,ODH_charity_0616:row:2180,13.8,train,
12061,12061,Fc1ccc(cc1)[C@H]2CNc3ccccc3N2,15.6,0.6,0.4,10.1021/ja200723n,ODH,2181,ODH_charity_0616:row:2181,9.36,train,
12062,12062,OC[C@@H]1COC2(CCCC2)c3ccccc3O1,23.1,1.0,0.05,10.1021/acs.orglett.9b04244,ODH,2182,ODH_charity_0616:row:2182,23.1,train,
12063,12063,OC[C@H]1COC2(CCCC2)c3ccccc3O1,15.6,1.0,0.05,10.1021/acs.orglett.9b04244,ODH,2183,ODH_charity_0616:row:2183,15.6,train,
12092,12092,CC[C@@]1(Cc2ccccc2)C(=O)C[C@]3([C@@H](O[p]4oc5ccccc5c6ccccc6o4)c7ccccc7C3=O)C1=O,10.9,0.75,0.1,10.1002/anie.201810638,ODH,2184,ODH_charity_0616:row:2184,8.175,train,
12095,12095,COc1ccccc1C2=CC[C@@]3(C)COc4cccc2c34,12.1,0.5,0.01,10.1002/anie.201913367,ODH,2185,ODH_charity_0616:row:2185,6.05,train,
12096,12096,COc1ccccc1C2=CC[C@]3(C)COc4cccc2c34,15.7,0.5,0.01,10.1002/anie.201913367,ODH,2186,ODH_charity_0616:row:2186,7.85,train,
12099,12099,CC(C)(C)OC(=O)CC[C@](N)(C\C=C\c1ccccc1)C(=O)OC(C)(C)C,13.4,0.5,0.08,10.1021/jacs.7b05460,ODH,2187,ODH_charity_0616:row:2187,6.7,train,
12100,12100,CC(C)(C)OC(=O)CC[C@@](N)(C\C=C\c1ccccc1)C(=O)OC(C)(C)C,15.7,0.5,0.08,10.1021/jacs.7b05460,ODH,2188,ODH_charity_0616:row:2188,7.85,train,
12101,12101,CC(C)(C)OC(=O)CC[C@](N)(C\C=C\c1ccccc1)C(=O)OC(C)(C)C,13.4,0.5,0.08,10.1021/jacs.7b05460,ODH,2189,ODH_charity_0616:row:2189,6.7,train,
12102,12102,CC(C)(C)OC(=O)CC[C@@](N)(C\C=C\c1ccccc1)C(=O)OC(C)(C)C,15.7,0.5,0.08,10.1021/jacs.7b05460,ODH,2190,ODH_charity_0616:row:2190,7.85,train,
12111,12111,COc1ccc(\C=C\[C@@H]2Cc3cc(C)c(C)cc3N2[S](=O)(=O)C(F)(F)F)cc1,16.9,0.5,0.02,10.1021/jacs.1c07212,ODH,2191,ODH_charity_0616:row:2191,8.45,train,
12112,12112,COc1ccc(\C=C\[C@H]2Cc3cc(C)c(C)cc3N2[S](=O)(=O)C(F)(F)F)cc1,15.7,0.5,0.02,10.1021/jacs.1c07212,ODH,2192,ODH_charity_0616:row:2192,7.85,valid,
12114,12114,CCCCC[C@H](C=C)c1c[nH]c2cccc(Cl)c12,17.9,1.0,0.01,10.1002/chem.202004613,ODH,2193,ODH_charity_0616:row:2193,17.9,train,
12115,12115,CCCCC[C@@H](C=C)c1c[nH]c2cccc(Cl)c12,15.7,1.0,0.01,10.1002/chem.202004613,ODH,2194,ODH_charity_0616:row:2194,15.7,train,
12118,12118,COc1ccc(cc1OC)[C@@H](CCCl)C#Cc2ccc(cc2)C#N,18.9,1.0,0.1,10.1002/anie.202110233,ODH,2195,ODH_charity_0616:row:2195,18.9,train,
12119,12119,COc1ccc(cc1OC)[C@H](CCCl)C#Cc2ccc(cc2)C#N,15.7,1.0,0.1,10.1002/anie.202110233,ODH,2196,ODH_charity_0616:row:2196,15.7,train,
12124,12124,COc1ccccc1[C@@H](C[N+]([O-])=O)c2ccc(C)cc2,9.3,1.5,0.1,10.1021/acs.orglett.5b00863,ODH,2197,ODH_charity_0616:row:2197,13.95,train,
12125,12125,COc1ccccc1[C@H](C[N+]([O-])=O)c2ccc(C)cc2,15.7,1.5,0.1,10.1021/acs.orglett.5b00863,ODH,2198,ODH_charity_0616:row:2198,23.55,train,
12146,12146,COc1ccc(cc1)[C@H]2[C@H](c3ccccc3)c4c(C)oc(c5ccccc5)c4[C@@H]2c6cn(C)c7ccccc67,13.47,0.6,0.02,10.1021/acs.orglett.8b02701,ODH,2199,ODH_charity_0616:row:2199,8.082,train,
12147,12147,O=C(OC1=C(Cl)C=CC=C1Cl)[C@H](BP(C)C)C2=CC=CC=C2,14.82,2.0,0.1,10.1021/ja408306a,ODH,2200,ODH_charity_0616:row:2200,29.64,train,
12148,12148,O=C(OC1=C(Cl)C=CC=C1Cl)[C@@H](BP(C)C)C2=CC=CC=C2,15.77,2.0,0.1,10.1021/ja408306a,ODH,2201,ODH_charity_0616:row:2201,31.54,train,
12149,12149,Cc1ccc(cc1)[P@@](=O)(Cc2ccccc2)C(C)(C)C,17.63,1.0,0.05,10.1002/anie.202111957,ODH,2202,ODH_charity_0616:row:2202,17.63,train,
12150,12150,Cc1ccc(cc1)[P@](=O)(Cc2ccccc2)C(C)(C)C,15.77,1.0,0.05,10.1002/anie.202111957,ODH,2203,ODH_charity_0616:row:2203,15.77,train,
12158,12158,COc1ccc(cc1)[C@@H]2CCc3ccccc3[C@H]2C(=O)c4ccc(C)cc4,11.2,1.0,0.03,10.1021/ja509824j,ODH,2204,ODH_charity_0616:row:2204,11.2,train,
12159,12159,CCOC(=O)[C@@]1(CC=C)N[S](=O)(=O)c2ccc(OC(F)(F)F)cc12,11.4,0.8,0.1,10.1002/chem.201704760,ODH,2205,ODH_charity_0616:row:2205,9.12,train,
12160,12160,CCOC(=O)[C@]1(CC=C)N[S](=O)(=O)c2ccc(OC(F)(F)F)cc12,15.8,0.8,0.1,10.1002/chem.201704760,ODH,2206,ODH_charity_0616:row:2206,12.64,train,
12171,12171,CC[C@@H](\C=C\c1cscc1)C#Cc2ccc(cc2)C#N,14.6,0.5,0.05,10.1002/anie.202110233,ODH,2207,ODH_charity_0616:row:2207,7.3,train,
12172,12172,CC[C@H](\C=C\c1cscc1)C#Cc2ccc(cc2)C#N,15.8,0.5,0.05,10.1002/anie.202110233,ODH,2208,ODH_charity_0616:row:2208,7.9,train,
12185,12185,Brc1ccc2N(Cc3ccccc3)C(=O)[C@H](CC4CC4)Oc2c1,17.0,0.5,0.05,10.1021/acs.orglett.1c01701,ODH,2209,ODH_charity_0616:row:2209,8.5,train,
12186,12186,Brc1ccc2N(Cc3ccccc3)C(=O)[C@@H](CC4CC4)Oc2c1,15.8,0.5,0.05,10.1021/acs.orglett.1c01701,ODH,2210,ODH_charity_0616:row:2210,7.9,train,
12201,12201,OC[C@]1(COCCO1)c2sccc2,19.2,1.0,0.05,10.1002/anie.201509888,ODH,2211,ODH_charity_0616:row:2211,19.2,train,
12202,12202,OC[C@@]1(COCCO1)c2sccc2,15.8,1.0,0.05,10.1002/anie.201509888,ODH,2212,ODH_charity_0616:row:2212,15.8,train,
12211,12211,Clc1cccc(c1)[C@@H]2CNc3ccccc3N2,24.4,0.7,0.3,10.1021/ja200723n,ODH,2213,ODH_charity_0616:row:2213,17.08,train,
12212,12212,Clc1cccc(c1)[C@H]2CNc3ccccc3N2,15.8,0.7,0.3,10.1021/ja200723n,ODH,2214,ODH_charity_0616:row:2214,11.06,train,
12217,12217,CC[C@@H]1NCCc2cc(OC)ccc12,13.57,1.0,0.01,10.1021/cs300069g,ODH,2215,ODH_charity_0616:row:2215,13.57,train,
12218,12218,CC[C@H]1NCCc2cc(OC)ccc12,15.81,1.0,0.01,10.1021/cs300069g,ODH,2216,ODH_charity_0616:row:2216,15.81,train,
12219,12219,Cc1ccc([C@@H](C=C)[C@@]2(O)C(=O)N(Cc3cccc4ccccc34)c5ccccc25)c(C)c1,13.708,1.0,0.1,10.1021/acs.orglett.8b02655,ODH,2217,ODH_charity_0616:row:2217,13.708,train,
12222,12222,C[C@@H](CC=O)c1c[nH]c2ccccc12,18.35,1.0,0.15,10.1039/C0OB00016G,ODH,2218,ODH_charity_0616:row:2218,18.35,train,
12223,12223,C[C@H](CC=O)c1c[nH]c2ccccc12,15.85,1.0,0.15,10.1039/C0OB00016G,ODH,2219,ODH_charity_0616:row:2219,15.85,train,
12229,12229,COc1ccc(cc1)C(=O)C(=[N+]=[N-])[C@@H](N)C(F)(F)F,13.458,1.0,0.15,10.1002/anie.201810253,ODH,2220,ODH_charity_0616:row:2220,13.458,train,
12230,12230,COc1ccc(cc1)C(=O)C(=[N+]=[N-])[C@H](N)C(F)(F)F,15.861,1.0,0.15,10.1002/anie.201810253,ODH,2221,ODH_charity_0616:row:2221,15.861,train,
12244,12244,O[C@@H]([C@H](C=C)\C=C\c1ccccc1)C(=O)c2ccccc2,10.9,1.0,0.1,10.1021/jacs.6b06156,ODH,2222,ODH_charity_0616:row:2222,10.9,train,
12245,12245,O[C@@H]([C@H](C=C)\C=C\c1ccccc1)C(=O)c2ccccc2,10.9,1.0,0.1,10.1021/jacs.6b06156,ODH,2223,ODH_charity_0616:row:2223,10.9,train,
12254,12254,CC1(C)OC[C@H](CO)Oc2ccccc12,13.8,1.0,0.05,10.1002/anie.201509888,ODH,2224,ODH_charity_0616:row:2224,13.8,train,
12255,12255,CC1(C)OC[C@@H](CO)Oc2ccccc12,15.9,1.0,0.05,10.1002/anie.201509888,ODH,2225,ODH_charity_0616:row:2225,15.9,train,
12258,12258,C1[C@@H](N[C@H](c2ccccc2)c3ccccc13)c4ccccc4,16.8,0.5,0.01,10.1021/acs.orglett.7b02502,ODH,2226,ODH_charity_0616:row:2226,8.4,train,
12265,12265,CCCCC[C@H](C=C)c1c[nH]c2ccccc12,17.8,1.0,0.01,10.1002/chem.202004613,ODH,2227,ODH_charity_0616:row:2227,17.8,valid,
12266,12266,CCCCC[C@@H](C=C)c1c[nH]c2ccccc12,15.9,1.0,0.01,10.1002/chem.202004613,ODH,2228,ODH_charity_0616:row:2228,15.9,train,
12267,12267,CC[C@H]1C=Cc2ccccc2[C@@H]1O,18.2,1.0,0.02,10.1002/asia.200800159,ODH,2229,ODH_charity_0616:row:2229,18.2,train,
12276,12276,Clc1cccc2[C@H](CC(=O)Oc12)c3ccccc3,19.1,1.0,0.1,10.1039/D0SC04340K,ODH,2230,ODH_charity_0616:row:2230,19.1,test,
12277,12277,Clc1cccc2[C@@H](CC(=O)Oc12)c3ccccc3,15.9,1.0,0.1,10.1039/D0SC04340K,ODH,2231,ODH_charity_0616:row:2231,15.9,train,
12289,12289,C[C@@H]1Nc2ccccc2Oc3c1cccc3c4ccccc4,21.5,0.8,0.01,10.1039/C1CC12263K,ODH,2232,ODH_charity_0616:row:2232,17.2,train,
12290,12290,C[C@H]1Nc2ccccc2Oc3c1cccc3c4ccccc4,15.9,0.8,0.01,10.1039/C1CC12263K,ODH,2233,ODH_charity_0616:row:2233,12.72,train,
12293,12293,COc1ccc(cc1)c2oc(C)c3Cc4ccccc4N5CCOC[C@H]5c23,22.7,0.6,0.05,10.1002/chem.201100019,ODH,2234,ODH_charity_0616:row:2234,13.62,train,
12294,12294,COc1ccc(cc1)c2oc(C)c3Cc4ccccc4N5CCOC[C@@H]5c23,15.9,0.6,0.05,10.1002/chem.201100019,ODH,2235,ODH_charity_0616:row:2235,9.54,valid,
12301,12301,CCOC(=O)C1=C(C)OC(=O)C[C@H]1c2ccc(Br)cc2,8.0,0.7,0.3,10.1021/acs.orglett.7b03650,ODH,2236,ODH_charity_0616:row:2236,5.6,train,
12302,12302,CCOC(=O)C1=C(C)OC(=O)C[C@@H]1c2ccc(Br)cc2,15.9,0.7,0.3,10.1021/acs.orglett.7b03650,ODH,2237,ODH_charity_0616:row:2237,11.13,train,
12307,12307,CC[P@@](=O)(c1ccccc1)c2ccc(cc2)c3ccccc3,14.19,1.0,0.1,10.1021/jacs.9b11938,ODH,2238,ODH_charity_0616:row:2238,14.19,train,
12308,12308,CC[P@](=O)(c1ccccc1)c2ccc(cc2)c3ccccc3,15.91,1.0,0.1,10.1021/jacs.9b11938,ODH,2239,ODH_charity_0616:row:2239,15.91,train,
12317,12317,OC[C@H]1COc2ccccc2O1,14.65,1.0,0.05,10.1002/cjoc.201800540,ODH,2240,ODH_charity_0616:row:2240,14.65,train,
12318,12318,OC[C@@H]1COc2ccccc2O1,15.93,1.0,0.05,10.1002/cjoc.201800540,ODH,2241,ODH_charity_0616:row:2241,15.93,train,
12333,12333,Cc1ccccc1\C=C\[C@H]2COc3cc4CCCc4cc3O2,17.41,1.0,0.01,10.1002/cjoc.201800540,ODH,2242,ODH_charity_0616:row:2242,17.41,train,
12334,12334,Cc1ccccc1\C=C\[C@@H]2COc3cc4CCCc4cc3O2,15.96,1.0,0.01,10.1002/cjoc.201800540,ODH,2243,ODH_charity_0616:row:2243,15.96,train,
12368,12368,C[C@@]1(CO)CCCOC1,14.8,1.0,0.05,10.1002/anie.201509888,ODH,2244,ODH_charity_0616:row:2244,14.8,train,
12369,12369,C[C@]1(CO)CCCOC1,16.0,1.0,0.05,10.1002/anie.201509888,ODH,2245,ODH_charity_0616:row:2245,16.0,train,
12374,12374,CC(C)[C@@H](CC(C)=O)c1ccccc1,18.7,0.5,0.005,10.1016/j.tetlet.2016.03.072,ODH,2246,ODH_charity_0616:row:2246,9.35,train,
12375,12375,CC(C)[C@H](CC(C)=O)c1ccccc1,16.0,0.5,0.005,10.1016/j.tetlet.2016.03.072,ODH,2247,ODH_charity_0616:row:2247,8.0,train,
12391,12391,C=C[C@@H](CCc1ccccc1)C(C#N)C#N,12.95,1.0,0.1,10.1021/acs.orglett.0c00962,ODH,2248,ODH_charity_0616:row:2248,12.95,train,
12392,12392,C=C[C@H](CCc1ccccc1)C(C#N)C#N,16.04,1.0,0.1,10.1021/acs.orglett.0c00962,ODH,2249,ODH_charity_0616:row:2249,16.04,train,
12401,12401,O[C@H](C(O)=O)c1ccc2ccccc2c1,13.42,0.8,0.1,10.1002/adsc.201700846,ODH,2250,ODH_charity_0616:row:2250,10.736,train,
12402,12402,O[C@@H](C(O)=O)c1ccc2ccccc2c1,16.07,0.8,0.1,10.1002/adsc.201700846,ODH,2251,ODH_charity_0616:row:2251,12.856,train,
12405,12405,CC(=O)N1[C@H]2C=CCC[C@H]2[C@@H]([C@H]1c3ccccc3)c4ccccc4,18.42,0.4,0.1,10.1021/acs.orglett.6b03529,ODH,2252,ODH_charity_0616:row:2252,7.368,train,
12408,12408,CN(CC[C@@H](O)c1ccc(Cl)cc1)Cc2ccccc2,21.47,0.6,0.05,10.1039/C3OB40135A,ODH,2253,ODH_charity_0616:row:2253,12.882,train,
12409,12409,CN(CC[C@H](O)c1ccc(Cl)cc1)Cc2ccccc2,16.09,0.6,0.05,10.1039/C3OB40135A,ODH,2254,ODH_charity_0616:row:2254,9.654,train,
12410,12410,CC(C)C[C@](N)(C\C=C\c1ccccc1)C(=O)OC(C)(C)C,10.1,0.5,0.08,10.1021/jacs.7b05460,ODH,2255,ODH_charity_0616:row:2255,5.05,train,
12411,12411,CC(C)C[C@@](N)(C\C=C\c1ccccc1)C(=O)OC(C)(C)C,16.1,0.5,0.08,10.1021/jacs.7b05460,ODH,2256,ODH_charity_0616:row:2256,8.05,train,
12412,12412,CC(C)C[C@](N)(C\C=C\c1ccccc1)C(=O)OC(C)(C)C,10.1,0.5,0.08,10.1021/jacs.7b05460,ODH,2257,ODH_charity_0616:row:2257,5.05,train,
12413,12413,CC(C)C[C@@](N)(C\C=C\c1ccccc1)C(=O)OC(C)(C)C,16.1,0.5,0.08,10.1021/jacs.7b05460,ODH,2258,ODH_charity_0616:row:2258,8.05,train,
12414,12414,CCOC(=O)[C@@H]1[C@@H](CC)c2ccccc2N(C1=O)c3ccccc3,10.1,1.0,0.05,10.1021/acs.orglett.1c00993,ODH,2259,ODH_charity_0616:row:2259,10.1,train,
12464,12464,COc1ccc(cc1)C(=O)N[C@@H](C(=O)OCC(c2ccccc2)c3ccccc3)c4ccccc4,10.35,1.0,0.3,10.1055/s/0030/1259711,ODH,2260,ODH_charity_0616:row:2260,10.35,train,
12465,12465,COc1ccc(cc1)C(=O)N[C@H](C(=O)OCC(c2ccccc2)c3ccccc3)c4ccccc4,16.13,1.0,0.3,10.1055/s/0030/1259711,ODH,2261,ODH_charity_0616:row:2261,16.13,train,
12492,12492,CCOC(=O)[C@@]1(CC=C)N[S](=O)(=O)c2ccc(cc12)C(C)C,11.5,0.8,0.1,10.1002/chem.201704760,ODH,2262,ODH_charity_0616:row:2262,9.2,train,
12493,12493,CCOC(=O)[C@]1(CC=C)N[S](=O)(=O)c2ccc(cc12)C(C)C,16.2,0.8,0.1,10.1002/chem.201704760,ODH,2263,ODH_charity_0616:row:2263,12.96,train,
12502,12502,Brc1ccc(cc1)[C@@H]2CC(=O)C([C@H]2c3ccccc3)C(=O)c4ccccc4,13.5,0.5,0.1,10.1039/C3SC50666E,ODH,2264,ODH_charity_0616:row:2264,6.75,valid,
12515,12515,COc1cccc(c1)[C@](C)(C\C=C\C=C\c2ccccc2)C=O,17.318,1.0,0.03,10.6023/A18060235,ODH,2265,ODH_charity_0616:row:2265,17.318,train,
12516,12516,COc1cccc(c1)[C@@](C)(C\C=C\C=C\c2ccccc2)C=O,16.2,1.0,0.03,10.6023/A18060235,ODH,2266,ODH_charity_0616:row:2266,16.2,train,
12523,12523,CC(C)[C@H](C=C)c1c[nH]c2ccccc12,18.5,1.0,0.01,10.1002/chem.202004613,ODH,2267,ODH_charity_0616:row:2267,18.5,train,
12524,12524,CC(C)[C@@H](C=C)c1c[nH]c2ccccc12,16.2,1.0,0.01,10.1002/chem.202004613,ODH,2268,ODH_charity_0616:row:2268,16.2,train,
12529,12529,Cc1cccc(c1)[C@H](C[N+]([O-])=O)c2ccccc2,20.2,1.0,0.05,10.1021/acs.orglett.5b00863,ODH,2269,ODH_charity_0616:row:2269,20.2,train,
12530,12530,Cc1cccc(c1)[C@@H](C[N+]([O-])=O)c2ccccc2,16.2,1.0,0.05,10.1021/acs.orglett.5b00863,ODH,2270,ODH_charity_0616:row:2270,16.2,test,
12544,12544,CCOC(=O)C1=COC(=O)C[C@H]1c2sccc2,9.0,0.8,0.15,10.1021/acs.orglett.7b03650,ODH,2271,ODH_charity_0616:row:2271,7.2,train,
12545,12545,CCOC(=O)C1=COC(=O)C[C@@H]1c2sccc2,16.2,0.8,0.15,10.1021/acs.orglett.7b03650,ODH,2272,ODH_charity_0616:row:2272,12.96,train,
12546,12546,CCOC(=O)C1=C(C)OC(=O)C[C@H]1c2ccccc2,9.1,0.7,0.05,10.1021/acs.orglett.7b03650,ODH,2273,ODH_charity_0616:row:2273,6.37,train,
12547,12547,CCOC(=O)C1=C(C)OC(=O)C[C@@H]1c2ccccc2,16.2,0.7,0.05,10.1021/acs.orglett.7b03650,ODH,2274,ODH_charity_0616:row:2274,11.34,train,
12571,12571,Cc1ccc(cc1)[S](=O)(=O)NC[C@@H](CC(=O)c2ccccc2)C(=C)c3ccccc3,18.8,0.5,0.3,10.1039/C8CC00279G,ODH,2275,ODH_charity_0616:row:2275,9.4,valid,
12572,12572,Cc1ccc(cc1)[S](=O)(=O)NC[C@H](CC(=O)c2ccccc2)C(=C)c3ccccc3,16.26,0.5,0.3,10.1039/C8CC00279G,ODH,2276,ODH_charity_0616:row:2276,8.13,train,
12587,12587,Cc1ccc(cc1)[C@H](C=C)[C@H](O)C(=O)c2ccccc2,12.3,0.5,0.05,10.1021/jacs.6b06156,ODH,2277,ODH_charity_0616:row:2277,6.15,train,
12588,12588,Cc1ccc(cc1)[C@@H](C=C)[C@H](O)C(=O)c2ccccc2,16.3,0.5,0.05,10.1021/jacs.6b06156,ODH,2278,ODH_charity_0616:row:2278,8.15,train,
12589,12589,Cc1ccc(cc1)[C@H](C=C)[C@H](O)C(=O)c2ccccc2,12.3,0.5,0.05,10.1021/jacs.6b06156,ODH,2279,ODH_charity_0616:row:2279,6.15,train,
12590,12590,Cc1ccc(cc1)[C@@H](C=C)[C@H](O)C(=O)c2ccccc2,16.3,0.5,0.05,10.1021/jacs.6b06156,ODH,2280,ODH_charity_0616:row:2280,8.15,train,
12591,12591,CCC[S@@](=O)c1ccccc1,12.5,1.0,0.05,10.1021/jacs.8b00178,ODH,2281,ODH_charity_0616:row:2281,12.5,train,
12592,12592,CCC[S@](=O)c1ccccc1,16.3,1.0,0.05,10.1021/jacs.8b00178,ODH,2282,ODH_charity_0616:row:2282,16.3,train,
12606,12606,C[C@@H](O)c1ccccc1Cl,15.25,1.0,0.02,10.1039/C5CC00479A,ODH,2283,ODH_charity_0616:row:2283,15.25,train,
12607,12607,C[C@H](O)c1ccccc1Cl,16.3,1.0,0.02,10.1039/C5CC00479A,ODH,2284,ODH_charity_0616:row:2284,16.3,train,
12630,12630,C=C[C@H]1CC(=C(O1)c2cccc3ccccc23)C#N,19.529,1.0,0.05,10.1021/acs.orglett.0c01483,ODH,2285,ODH_charity_0616:row:2285,19.529,train,
12631,12631,C=C[C@@H]1CC(=C(O1)c2cccc3ccccc23)C#N,16.307,1.0,0.05,10.1021/acs.orglett.0c01483,ODH,2286,ODH_charity_0616:row:2286,16.307,valid,
12638,12638,O=[S]1(=O)N2[C@H]3CCCC[C@H]3[C@H]([C@@H]2c4ccccc14)c5ccccc5,18.81,0.5,0.2,10.1021/acs.orglett.6b03529,ODH,2287,ODH_charity_0616:row:2287,9.405,train,
12642,12642,C[C@H](O)[C@H](N1CCN(C)CC1)c2ccccc2,14.71,1.0,0.01,10.1021/ja901058u,ODH,2288,ODH_charity_0616:row:2288,14.71,train,
12643,12643,C[C@@H](O)[C@H](N1CCN(C)CC1)c2ccccc2,16.33,1.0,0.01,10.1021/ja901058u,ODH,2289,ODH_charity_0616:row:2289,16.33,train,
12649,12649,C[C@@](C\C=C\C=C\c1ccccc1)(C=O)c2ccc(cc2)c3ccccc3,17.152,1.0,0.05,10.6023/A18060235,ODH,2290,ODH_charity_0616:row:2290,17.152,train,
12650,12650,C[C@](C\C=C\C=C\c1ccccc1)(C=O)c2ccc(cc2)c3ccccc3,16.343,1.0,0.05,10.6023/A18060235,ODH,2291,ODH_charity_0616:row:2291,16.343,train,
12670,12670,Oc1ccccc1C2=N[C@@H](Cc3ccccc3C2=O)c4cscc4,17.8,0.7,0.07,10.1021/acs.orglett.6b03027,ODH,2292,ODH_charity_0616:row:2292,12.46,train,
12671,12671,Oc1ccccc1C2=N[C@H](Cc3ccccc3C2=O)c4cscc4,16.4,0.7,0.07,10.1021/acs.orglett.6b03027,ODH,2293,ODH_charity_0616:row:2293,11.48,train,
12695,12695,C1Cc2cc3ccccc3cc2N[C@@H]1c4ccccc4,13.76,1.0,0.05,10.1021/ja903547q,ODH,2294,ODH_charity_0616:row:2294,13.76,train,
12696,12696,C1Cc2cc3ccccc3cc2N[C@H]1c4ccccc4,16.43,1.0,0.05,10.1021/ja903547q,ODH,2295,ODH_charity_0616:row:2295,16.43,train,
12737,12737,CC(=O)C1=C(C)OC(=O)C[C@@H]1c2ccccc2,21.6,0.7,0.1,10.1002/anie.201302152,ODH,2296,ODH_charity_0616:row:2296,15.12,train,
12738,12738,CC(=O)C1=C(C)OC(=O)C[C@H]1c2ccccc2,16.5,0.7,0.1,10.1002/anie.201302152,ODH,2297,ODH_charity_0616:row:2297,11.55,train,
12758,12758,Cc1ccc([C@H](O)C(O)=O)c(C)c1,11.56,0.8,0.05,10.1002/adsc.201700846,ODH,2298,ODH_charity_0616:row:2298,9.248,train,
12759,12759,Cc1ccc([C@@H](O)C(O)=O)c(C)c1,16.53,0.8,0.05,10.1002/adsc.201700846,ODH,2299,ODH_charity_0616:row:2299,13.224,test,
12764,12764,N[C@H](C(=[N+]=[N-])C(=O)c1ccc(cc1)c2ccccc2)C(F)(F)F,14.063,1.0,0.15,10.1002/anie.201810253,ODH,2300,ODH_charity_0616:row:2300,14.063,train,
12765,12765,N[C@@H](C(=[N+]=[N-])C(=O)c1ccc(cc1)c2ccccc2)C(F)(F)F,16.539,1.0,0.15,10.1002/anie.201810253,ODH,2301,ODH_charity_0616:row:2301,16.539,train,
12788,12788,COc1ccc2cc(ccc2c1)[C@@H](C)N[S](=O)(=O)C(C)(C)C,13.2,1.0,0.05,10.1002/anie.201902576,ODH,2302,ODH_charity_0616:row:2302,13.2,train,
12789,12789,COc1ccc2cc(ccc2c1)[C@H](C)N[S](=O)(=O)C(C)(C)C,16.6,1.0,0.05,10.1002/anie.201902576,ODH,2303,ODH_charity_0616:row:2303,16.6,train,
12796,12796,OC[C@H](CCl)c1cccc(Br)c1,14.5,1.0,0.05,10.1002/anie.201601844,ODH,2304,ODH_charity_0616:row:2304,14.5,train,
12797,12797,OC[C@@H](CCl)c1cccc(Br)c1,16.6,1.0,0.05,10.1002/anie.201601844,ODH,2305,ODH_charity_0616:row:2305,16.6,train,
12802,12802,COC(=O)[C@H](F)/C=C/c1ccc(cc1)C#N,15.5,1.0,0.1,10.1002/anie.201204521,ODH,2306,ODH_charity_0616:row:2306,15.5,train,
12803,12803,COC(=O)[C@@H](F)/C=C/c1ccc(cc1)C#N,16.6,1.0,0.1,10.1002/anie.201204521,ODH,2307,ODH_charity_0616:row:2307,16.6,train,
12811,12811,OC[C@H](CCl)OCC#C,18.6,1.0,0.1,10.1002/anie.201601844,ODH,2308,ODH_charity_0616:row:2308,18.6,train,
12812,12812,OC[C@@H](CCl)OCC#C,16.6,1.0,0.1,10.1002/anie.201601844,ODH,2309,ODH_charity_0616:row:2309,16.6,train,
12822,12822,COc1cccc2N(C(=O)C(c3ccccc3)c4ccccc4)C(=O)[C@](C)(C(=O)OCC=C)c12,25.0,0.8,0.01,10.1002/ajoc.201900294,ODH,2310,ODH_charity_0616:row:2310,20.0,train,
12823,12823,COc1cccc2N(C(=O)C(c3ccccc3)c4ccccc4)C(=O)[C@@](C)(C(=O)OCC=C)c12,16.6,0.8,0.01,10.1002/ajoc.201900294,ODH,2311,ODH_charity_0616:row:2311,13.28,train,
12835,12835,C=C[C@@H](C1CC1)c2n3ccccc3cc2c4ccccc4,15.745,0.7,0.003,10.1021/acs.orglett.0c03383,ODH,2312,ODH_charity_0616:row:2312,11.0215,train,
12836,12836,C=C[C@H](C1CC1)c2n3ccccc3cc2c4ccccc4,16.669,0.7,0.003,10.1021/acs.orglett.0c03383,ODH,2313,ODH_charity_0616:row:2313,11.6683,train,
12837,12837,BrC(=C)[C@@H]1CC(CN1[S](=O)(=O)c2ccccc2)(c3ccccc3)c4ccccc4,13.44,1.0,0.05,10.1002/anie.201705066,ODH,2314,ODH_charity_0616:row:2314,13.44,train,
12838,12838,BrC(=C)[C@H]1CC(CN1[S](=O)(=O)c2ccccc2)(c3ccccc3)c4ccccc4,16.67,1.0,0.05,10.1002/anie.201705066,ODH,2315,ODH_charity_0616:row:2315,16.67,train,
12844,12844,CC(=C\c1ccccc1)/[C@@H]2Cc3cc(C)c(C)cc3N2[S](=O)(=O)C(F)(F)F,10.9,0.5,0.02,10.1021/jacs.1c07212,ODH,2316,ODH_charity_0616:row:2316,5.45,train,
12845,12845,CC(=C\c1ccccc1)/[C@H]2Cc3cc(C)c(C)cc3N2[S](=O)(=O)C(F)(F)F,16.7,0.5,0.02,10.1021/jacs.1c07212,ODH,2317,ODH_charity_0616:row:2317,8.35,valid,
12849,12849,CCCCOC(=O)[C@@]1(CC=C)N[S](=O)(=O)c2ccccc12,14.3,0.8,0.1,10.1002/chem.201704760,ODH,2318,ODH_charity_0616:row:2318,11.44,train,
12850,12850,CCCCOC(=O)[C@]1(CC=C)N[S](=O)(=O)c2ccccc12,16.7,0.8,0.1,10.1002/chem.201704760,ODH,2319,ODH_charity_0616:row:2319,13.36,train,
12854,12854,CC[C@@H](C#Cc1ccccc1Cl)c2ccccc2,18.58,0.7,0.005,10.1002/anie.202006317,ODH,2320,ODH_charity_0616:row:2320,13.006,train,
12855,12855,CC[C@H](C#Cc1ccccc1Cl)c2ccccc2,16.7,0.7,0.005,10.1002/anie.202006317,ODH,2321,ODH_charity_0616:row:2321,11.69,train,
12870,12870,N#C[C@]1(CCc2cc(cnc12)c3ccccc3)Cc4ccccc4,19.103,1.0,0.05,10.1002/anie.202105452,ODH,2322,ODH_charity_0616:row:2322,19.103,train,
12871,12871,N#C[C@@]1(CCc2cc(cnc12)c3ccccc3)Cc4ccccc4,16.705,1.0,0.05,10.1002/anie.202105452,ODH,2323,ODH_charity_0616:row:2323,16.705,train,
12882,12882,CCC[C@H](C=C)c1n2ccccc2cc1c3ccccc3,15.365,1.0,0.0,10.1021/acs.orglett.0c03383,ODH,2324,ODH_charity_0616:row:2324,15.365,train,
12883,12883,CCC[C@@H](C=C)c1n2ccccc2cc1c3ccccc3,16.749,1.0,0.0,10.1021/acs.orglett.0c03383,ODH,2325,ODH_charity_0616:row:2325,16.749,train,
12889,12889,CC(C)[C@H]1C[C@@H](O)c2cc(F)ccc2O1,17.871,0.5,0.03,10.1039/C8CC07787H,ODH,2326,ODH_charity_0616:row:2326,8.9355,valid,
12908,12908,O[C@@H]([C@@H](C=C)c1cc(Cl)cc(Cl)c1)C(=O)c2ccccc2,13.9,0.5,0.04,10.1021/jacs.6b06156,ODH,2327,ODH_charity_0616:row:2327,6.95,train,
12909,12909,O[C@@H]([C@@H](C=C)c1cc(Cl)cc(Cl)c1)C(=O)c2ccccc2,13.9,0.5,0.04,10.1021/jacs.6b06156,ODH,2328,ODH_charity_0616:row:2328,6.95,train,
12916,12916,CC[C@@H](C(=O)OC(c1cccc2ccccc12)c3cccc4ccccc34)c5ccccc5,15.2,0.5,0.01,10.1021/jacs.6b00406,ODH,2329,ODH_charity_0616:row:2329,7.6,train,
12917,12917,CC[C@H](C(=O)OC(c1cccc2ccccc12)c3cccc4ccccc34)c5ccccc5,16.8,0.5,0.01,10.1021/jacs.6b00406,ODH,2330,ODH_charity_0616:row:2330,8.4,train,
12919,12919,COC(=O)[C@H](F)\C=C\c1cccc(OC)c1,15.9,1.0,0.01,10.1002/anie.201204521,ODH,2331,ODH_charity_0616:row:2331,15.9,train,
12920,12920,COC(=O)[C@@H](F)\C=C\c1cccc(OC)c1,16.8,1.0,0.01,10.1002/anie.201204521,ODH,2332,ODH_charity_0616:row:2332,16.8,train,
12921,12921,O[C@@H]([C@H](C=C)c1ccccc1)C(=O)c2ccccc2F,17.8,0.5,0.05,10.1021/jacs.6b06156,ODH,2333,ODH_charity_0616:row:2333,8.9,test,
12922,12922,O[C@@H]([C@H](C=C)c1ccccc1)C(=O)c2ccccc2F,17.8,0.5,0.05,10.1021/jacs.6b06156,ODH,2334,ODH_charity_0616:row:2334,8.9,train,
12950,12950,COc1ccc2c(c1)N(C(=O)C(c3ccccc3)c4ccccc4)C(=O)[C@]2(C)C(=O)OCC=C,27.2,0.8,0.01,10.1002/ajoc.201900294,ODH,2335,ODH_charity_0616:row:2335,21.76,train,
12951,12951,COc1ccc2c(c1)N(C(=O)C(c3ccccc3)c4ccccc4)C(=O)[C@@]2(C)C(=O)OCC=C,16.8,0.8,0.01,10.1002/ajoc.201900294,ODH,2336,ODH_charity_0616:row:2336,13.44,valid,
12955,12955,CCCCC[C@@]1(COc2ccccc12)CC3=CCCCC3,9.2,0.75,0.0,10.1002/anie.201907840,ODH,2337,ODH_charity_0616:row:2337,6.9,train,
12956,12956,CCCCC[C@]1(COc2ccccc12)CC3=CCCCC3,16.8,0.75,0.0,10.1002/anie.201907840,ODH,2338,ODH_charity_0616:row:2338,12.6,train,
12965,12965,C=C[C@@H](CCc1ccccc1)C(C#N)C#N,13.688,1.0,0.1,10.1021/acscatal.0c00712,ODH,2339,ODH_charity_0616:row:2339,13.688,valid,
12966,12966,C=C[C@H](CCc1ccccc1)C(C#N)C#N,16.846,1.0,0.1,10.1021/acscatal.0c00712,ODH,2340,ODH_charity_0616:row:2340,16.846,train,
12971,12971,N[C@H](C(=[N+]=[N-])C(=O)c1ccc2ccccc2c1)C(F)(F)F,15.858,1.0,0.1,10.1002/anie.201810253,ODH,2341,ODH_charity_0616:row:2341,15.858,train,
12972,12972,N[C@@H](C(=[N+]=[N-])C(=O)c1ccc2ccccc2c1)C(F)(F)F,16.861,1.0,0.1,10.1002/anie.201810253,ODH,2342,ODH_charity_0616:row:2342,16.861,train,
12982,12982,CO[C@H](CO)c1ccccc1,18.75,0.7,0.1,10.1002/adsc.201700846,ODH,2343,ODH_charity_0616:row:2343,13.125,train,
12983,12983,CO[C@@H](CO)c1ccccc1,16.89,0.7,0.1,10.1002/adsc.201700846,ODH,2344,ODH_charity_0616:row:2344,11.823,train,
12987,12987,OCC[C@@H](Oc1ccc(Br)cc1)c2ccccc2,13.1,0.8,0.1,10.1039/c6ob00871b,ODH,2345,ODH_charity_0616:row:2345,10.48,train,
12988,12988,OCC[C@H](Oc1ccc(Br)cc1)c2ccccc2,16.9,0.8,0.1,10.1039/c6ob00871b,ODH,2346,ODH_charity_0616:row:2346,13.52,valid,
12989,12989,CC(C)OC(=O)[C@@]1(CC=C)N[S](=O)(=O)c2ccccc12,14.0,0.8,0.1,10.1002/chem.201704760,ODH,2347,ODH_charity_0616:row:2347,11.2,train,
12990,12990,CC(C)OC(=O)[C@]1(CC=C)N[S](=O)(=O)c2ccccc12,16.9,0.8,0.1,10.1002/chem.201704760,ODH,2348,ODH_charity_0616:row:2348,13.52,train,
12998,12998,CCC/C=C/C[C@@]1(C)CCOc2cc(C)c(C)cc12,16.0,0.5,0.0,10.1002/anie.201907840,ODH,2349,ODH_charity_0616:row:2349,8.0,train,
12999,12999,CCC/C=C/C[C@]1(C)CCOc2cc(C)c(C)cc12,16.9,0.5,0.0,10.1002/anie.201907840,ODH,2350,ODH_charity_0616:row:2350,8.45,train,
13000,13000,CCCCCc1ccc(cc1)C#CC[C@@]2(C)COc3ccccc23,17.8,0.5,0.01,10.1002/anie.201913367,ODH,2351,ODH_charity_0616:row:2351,8.9,train,
13001,13001,CCCCCc1ccc(cc1)C#CC[C@]2(C)COc3ccccc23,16.9,0.5,0.01,10.1002/anie.201913367,ODH,2352,ODH_charity_0616:row:2352,8.45,train,
13016,13016,O=C1N[C@@H](c2ccccc2)c3ccccc3N1,20.7,1.0,0.1,10.1039/C9QO00443B,ODH,2353,ODH_charity_0616:row:2353,20.7,test,
13017,13017,O=C1N[C@H](c2ccccc2)c3ccccc3N1,16.9,1.0,0.1,10.1039/C9QO00443B,ODH,2354,ODH_charity_0616:row:2354,16.9,train,
13024,13024,Brc1cccc(c1)[C@@H]2CNc3ccccc3N2,25.7,0.6,0.4,10.1021/ja200723n,ODH,2355,ODH_charity_0616:row:2355,15.42,train,
13025,13025,Brc1cccc(c1)[C@H]2CNc3ccccc3N2,16.9,0.6,0.4,10.1021/ja200723n,ODH,2356,ODH_charity_0616:row:2356,10.14,train,
13030,13030,COC(=O)[C@H](Oc1ccccc1)c2ccccc2,7.1,1.0,0.03,10.1021/ja074729k,ODH,2357,ODH_charity_0616:row:2357,7.1,train,
13031,13031,COC(=O)[C@@H](Oc1ccccc1)c2ccccc2,16.9,1.0,0.03,10.1021/ja074729k,ODH,2358,ODH_charity_0616:row:2358,16.9,train,
13032,13032,C[C@@H](O)c1ccc(Cl)cc1,15.08,1.0,0.02,10.1039/C5CC00479A,ODH,2359,ODH_charity_0616:row:2359,15.08,train,
13033,13033,C[C@H](O)c1ccc(Cl)cc1,16.91,1.0,0.02,10.1039/C5CC00479A,ODH,2360,ODH_charity_0616:row:2360,16.91,train,
13042,13042,O[C@@H]/1CCC1=C/c2ccccc2,12.142,1.0,0.05,10.1021/acs.orglett.9b01514,ODH,2361,ODH_charity_0616:row:2361,12.142,train,
13043,13043,O[C@H]/1CCC1=C/c2ccccc2,16.922,1.0,0.05,10.1021/acs.orglett.9b01514,ODH,2362,ODH_charity_0616:row:2362,16.922,train,
13049,13049,C1Cc2cc(ccc2N[C@@H]1c3ccccc3)c4ccccc4,12.79,1.0,0.05,10.1021/ja903547q,ODH,2363,ODH_charity_0616:row:2363,12.79,train,
13050,13050,C1Cc2cc(ccc2N[C@H]1c3ccccc3)c4ccccc4,16.94,1.0,0.05,10.1021/ja903547q,ODH,2364,ODH_charity_0616:row:2364,16.94,train,
13057,13057,Clc1ccc2OC(=O)C[C@H](c3ccccc3)c2c1,19.99,1.0,0.1,10.1039/D0SC04340K,ODH,2365,ODH_charity_0616:row:2365,19.99,train,
13058,13058,Clc1ccc2OC(=O)C[C@@H](c3ccccc3)c2c1,16.94,1.0,0.1,10.1039/D0SC04340K,ODH,2366,ODH_charity_0616:row:2366,16.94,train,
13098,13098,C[C@H](C=C)n1ccc2ccccc12,18.9,0.5,0.001,10.1002/chem.202004613,ODH,2367,ODH_charity_0616:row:2367,9.45,train,
13099,13099,C[C@@H](C=C)n1ccc2ccccc12,17.0,0.5,0.001,10.1002/chem.202004613,ODH,2368,ODH_charity_0616:row:2368,8.5,train,
13100,13100,C=C[C@@H](C1CCCCC1)c2c[nH]c3ccccc23,19.0,1.0,0.01,10.1002/chem.202004613,ODH,2369,ODH_charity_0616:row:2369,19.0,train,
13101,13101,C=C[C@H](C1CCCCC1)c2c[nH]c3ccccc23,17.0,1.0,0.01,10.1002/chem.202004613,ODH,2370,ODH_charity_0616:row:2370,17.0,train,
13102,13102,CCOC(=O)N1[C@H]2C/C(=C/N(c3ccc(OC)cc3)[S](=O)(=O)c4ccc(C)cc4)[C@H](C=C2c5ccccc15)c6ccccc6,19.83,0.8,0.1,10.1039/C5SC01827G,ODH,2371,ODH_charity_0616:row:2371,15.864,train,
13103,13103,CCOC(=O)N1[C@@H]2C/C(=C/N(c3ccc(OC)cc3)[S](=O)(=O)c4ccc(C)cc4)[C@H](C=C2c5ccccc15)c6ccccc6,17.0,0.8,0.1,10.1039/C5SC01827G,ODH,2372,ODH_charity_0616:row:2372,13.6,train,
13110,13110,CCCCC[C@H](C=C)c1c[nH]c2c(OC)cccc12,21.8,1.0,0.01,10.1002/chem.202004613,ODH,2373,ODH_charity_0616:row:2373,21.8,valid,
13111,13111,CCCCC[C@@H](C=C)c1c[nH]c2c(OC)cccc12,17.0,1.0,0.01,10.1002/chem.202004613,ODH,2374,ODH_charity_0616:row:2374,17.0,train,
13120,13120,C[C@H](O)[C@H](N1CCCC1)c2cccc3ccccc23,14.88,1.0,0.01,10.1021/ja901058u,ODH,2375,ODH_charity_0616:row:2375,14.88,train,
13121,13121,C[C@@H](O)[C@H](N1CCCC1)c2cccc3ccccc23,17.01,1.0,0.01,10.1021/ja901058u,ODH,2376,ODH_charity_0616:row:2376,17.01,train,
13127,13127,Cn1cc([C@@H]\2[C@H](CC2=C/N(c3ccc(Br)cc3)[S](=O)(=O)c4ccc(C)cc4)c5ccccc5)c6ccccc16,14.48,0.8,0.05,10.1039/C5SC01827G,ODH,2377,ODH_charity_0616:row:2377,11.584,train,
13143,13143,CCc1ccc2O[C@@H](C)C[C@@H](O)c2c1,20.204,0.5,0.03,10.1039/C8CC07787H,ODH,2378,ODH_charity_0616:row:2378,10.102,train,
13146,13146,CCCCCCCCCCC(=C)[C@@H](CCC)Nc1ccc(OC)cc1,16.274,0.3,0.001,10.1021/jacs.1c04016,ODH,2379,ODH_charity_0616:row:2379,4.8822,train,
13147,13147,CCCCCCCCCCC(=C)[C@H](CCC)Nc1ccc(OC)cc1,17.071,0.3,0.001,10.1021/jacs.1c04016,ODH,2380,ODH_charity_0616:row:2380,5.1213,train,
13148,13148,CC1(C)[C@H](CCC1=O)c2cccc(Cl)c2,14.39,1.0,0.005,10.1002/anie.202017190,ODH,2381,ODH_charity_0616:row:2381,14.39,train,
13149,13149,CC1(C)[C@@H](CCC1=O)c2cccc(Cl)c2,17.08,1.0,0.005,10.1002/anie.202017190,ODH,2382,ODH_charity_0616:row:2382,17.08,valid,
13151,13151,COc1ccc(N[C@@H](C(=O)c2ccccc2)c3ccccc3)cc1,28.34,1.0,0.1,10.1021/acs.orglett.0c01626,ODH,2383,ODH_charity_0616:row:2383,28.34,test,
13152,13152,COc1ccc(N[C@H](C(=O)c2ccccc2)c3ccccc3)cc1,17.08,1.0,0.1,10.1021/acs.orglett.0c01626,ODH,2384,ODH_charity_0616:row:2384,17.08,train,
13164,13164,CCOC(=O)[C@@]1(CC=C)N[S](=O)(=O)c2ccc(cc12)C(F)(F)F,12.3,0.8,0.1,10.1002/chem.201704760,ODH,2385,ODH_charity_0616:row:2385,9.84,test,
13165,13165,CCOC(=O)[C@]1(CC=C)N[S](=O)(=O)c2ccc(cc12)C(F)(F)F,17.1,0.8,0.1,10.1002/chem.201704760,ODH,2386,ODH_charity_0616:row:2386,13.68,train,
13166,13166,CCOC(=O)C1=C(C)OC(=O)C[C@H]1c2ccc(C)cc2,12.5,0.7,0.05,10.1021/acs.orglett.7b03650,ODH,2387,ODH_charity_0616:row:2387,8.75,train,
13167,13167,CCOC(=O)C1=C(C)OC(=O)C[C@@H]1c2ccc(C)cc2,17.1,0.7,0.05,10.1021/acs.orglett.7b03650,ODH,2388,ODH_charity_0616:row:2388,11.97,train,
13168,13168,Cc1cc2[C@H](O)[C@@H]3O[C@@H]3C(=O)c2cc1C,13.4,0.8,0.15,10.1021/acs.orglett.6b01073,ODH,2389,ODH_charity_0616:row:2389,10.72,train,
13177,13177,CCCCCCCCC[C@H]1C=CCN(N1C(=O)OC(C)(C)C)C(=O)Nc2ccc(OC)cc2,15.6,0.5,0.04,10.1021/ol503047s,ODH,2390,ODH_charity_0616:row:2390,7.8,train,
13178,13178,CCCCCCCCC[C@@H]1C=CCN(N1C(=O)OC(C)(C)C)C(=O)Nc2ccc(OC)cc2,17.1,0.5,0.04,10.1021/ol503047s,ODH,2391,ODH_charity_0616:row:2391,8.55,train,
13179,13179,O=C([C@H]1CCc2ccccc2N1)c3ccccc3,18.6,0.7,0.3,10.1021/acs.orglett.1c03430,ODH,2392,ODH_charity_0616:row:2392,13.02,train,
13180,13180,O=C([C@@H]1CCc2ccccc2N1)c3ccccc3,17.1,0.7,0.3,10.1021/acs.orglett.1c03430,ODH,2393,ODH_charity_0616:row:2393,11.97,train,
13197,13197,FC(F)(F)c1ccc(cc1)[C@@H]2CNc3ccccc3N2,26.8,0.6,0.4,10.1021/ja200723n,ODH,2394,ODH_charity_0616:row:2394,16.08,train,
13198,13198,FC(F)(F)c1ccc(cc1)[C@H]2CNc3ccccc3N2,17.1,0.6,0.4,10.1021/ja200723n,ODH,2395,ODH_charity_0616:row:2395,10.26,train,
13205,13205,C[C@@H](N)[C@](O)(Cn1cncn1)c2ccc(F)cc2F,13.08,1.0,0.25,10.1021/acs.orglett.1c02588,ODH,2396,ODH_charity_0616:row:2396,13.08,train,
13212,13212,Fc1ccc2OC(=O)C[C@H](c3ccccc3)c2c1,18.59,1.0,0.1,10.1039/D0SC04340K,ODH,2397,ODH_charity_0616:row:2397,18.59,train,
13213,13213,Fc1ccc2OC(=O)C[C@@H](c3ccccc3)c2c1,17.15,1.0,0.1,10.1039/D0SC04340K,ODH,2398,ODH_charity_0616:row:2398,17.15,train,
13214,13214,Clc1ccc2N[C@@H](CCc2c1)c3ccccc3,10.48,1.0,0.05,10.1021/ja903547q,ODH,2399,ODH_charity_0616:row:2399,10.48,train,
13215,13215,Clc1ccc2N[C@H](CCc2c1)c3ccccc3,17.16,1.0,0.05,10.1021/ja903547q,ODH,2400,ODH_charity_0616:row:2400,17.16,train,
13218,13218,CCCC[C@@H](O)c1ccccc1,15.68,1.0,0.02,10.1021/acs.orglett.8b02591,ODH,2401,ODH_charity_0616:row:2401,15.68,train,
13219,13219,CCCC[C@H](O)c1ccccc1,17.18,1.0,0.02,10.1021/acs.orglett.8b02591,ODH,2402,ODH_charity_0616:row:2402,17.18,train,
13240,13240,COc1ccccc1C[C@@H]2Oc3ccccc3N(Cc4ccccc4)C2=O,15.9,0.5,0.05,10.1021/acs.orglett.1c01701,ODH,2403,ODH_charity_0616:row:2403,7.95,train,
13241,13241,COc1ccccc1C[C@H]2Oc3ccccc3N(Cc4ccccc4)C2=O,17.2,0.5,0.05,10.1021/acs.orglett.1c01701,ODH,2404,ODH_charity_0616:row:2404,8.6,test,
13248,13248,COc1ccc2nc(S[C@H](CN[S](=O)(=O)c3ccc(C)cc3)c4ccccc4)sc2c1,20.8,1.0,0.2,10.1021/acs.orglett.0c04074,ODH,2405,ODH_charity_0616:row:2405,20.8,train,
13249,13249,COc1ccc2nc(S[C@@H](CN[S](=O)(=O)c3ccc(C)cc3)c4ccccc4)sc2c1,17.2,1.0,0.2,10.1021/acs.orglett.0c04074,ODH,2406,ODH_charity_0616:row:2406,17.2,train,
13250,13250,CCOC(=O)C1=C(OC(=O)C[C@@H]1c2ccccc2)c3ccccc3,21.0,0.7,0.05,10.1002/anie.201302152,ODH,2407,ODH_charity_0616:row:2407,14.7,train,
13251,13251,CCOC(=O)C1=C(OC(=O)C[C@H]1c2ccccc2)c3ccccc3,17.2,0.7,0.05,10.1002/anie.201302152,ODH,2408,ODH_charity_0616:row:2408,12.04,test,
13275,13275,CC[C@@](C\C=C\C=C\c1ccccc1)(C=O)c2ccccc2,15.719,0.8,0.015,10.1021/acs.orglett.8b00740,ODH,2409,ODH_charity_0616:row:2409,12.5752,train,
13276,13276,CC[C@](C\C=C\C=C\c1ccccc1)(C=O)c2ccccc2,17.253,0.8,0.015,10.1021/acs.orglett.8b00740,ODH,2410,ODH_charity_0616:row:2410,13.8024,train,
13289,13289,CCCCC[C@H](C=C)n1ccc2cc(ccc12)C(=O)OC,14.2,1.0,0.02,10.1002/chem.202004613,ODH,2411,ODH_charity_0616:row:2411,14.2,train,
13290,13290,CCCCC[C@@H](C=C)n1ccc2cc(ccc12)C(=O)OC,17.3,1.0,0.02,10.1002/chem.202004613,ODH,2412,ODH_charity_0616:row:2412,17.3,train,
13297,13297,CC(C)(C)c1ccc(C[C@@H]2Oc3ccccc3N(Cc4ccccc4)C2=O)cc1,14.5,0.5,0.05,10.1021/acs.orglett.1c01701,ODH,2413,ODH_charity_0616:row:2413,7.25,train,
13298,13298,CC(C)(C)c1ccc(C[C@H]2Oc3ccccc3N(Cc4ccccc4)C2=O)cc1,17.3,0.5,0.05,10.1021/acs.orglett.1c01701,ODH,2414,ODH_charity_0616:row:2414,8.65,train,
13301,13301,O[C@@H](COC(=O)c1ccccc1)c2ccccc2,15.4,0.8,0.05,10.1002/anie.201306231,ODH,2415,ODH_charity_0616:row:2415,12.32,train,
13302,13302,O[C@H](COC(=O)c1ccccc1)c2ccccc2,17.3,0.8,0.05,10.1002/anie.201306231,ODH,2416,ODH_charity_0616:row:2416,13.84,train,
13307,13307,COc1cccc(c1)C(=O)OC[C@H](O)c2ccccc2,15.8,1.0,0.05,10.1002/anie.201306231,ODH,2417,ODH_charity_0616:row:2417,15.8,train,
13308,13308,COc1cccc(c1)C(=O)OC[C@@H](O)c2ccccc2,17.3,1.0,0.05,10.1002/anie.201306231,ODH,2418,ODH_charity_0616:row:2418,17.3,train,
13309,13309,[O-][N+](=O)C1(CCCC1)CC2=C(Br)[C@H](OC2=O)C3CC3,15.9,1.0,0.05,10.1021/ja409080v,ODH,2419,ODH_charity_0616:row:2419,15.9,train,
13310,13310,[O-][N+](=O)C1(CCCC1)CC2=C(Br)[C@@H](OC2=O)C3CC3,17.3,1.0,0.05,10.1021/ja409080v,ODH,2420,ODH_charity_0616:row:2420,17.3,train,
13315,13315,OC[C@H](CCl)c1cccc(c1)C(F)(F)F,16.2,1.0,0.03,10.1002/anie.201601844,ODH,2421,ODH_charity_0616:row:2421,16.2,train,
13316,13316,OC[C@@H](CCl)c1cccc(c1)C(F)(F)F,17.3,1.0,0.03,10.1002/anie.201601844,ODH,2422,ODH_charity_0616:row:2422,17.3,train,
13336,13336,N[C@H](C(=[N+]=[N-])C(=O)c1ccc(Cl)cc1)C(F)(F)F,15.231,1.0,0.1,10.1002/anie.201810253,ODH,2423,ODH_charity_0616:row:2423,15.231,train,
13337,13337,N[C@@H](C(=[N+]=[N-])C(=O)c1ccc(Cl)cc1)C(F)(F)F,17.304,1.0,0.1,10.1002/anie.201810253,ODH,2424,ODH_charity_0616:row:2424,17.304,train,
13344,13344,COc1ccc(OC)c(c1)[C@H](O)C(O)=O,14.92,0.8,0.1,10.1002/adsc.201700846,ODH,2425,ODH_charity_0616:row:2425,11.936,train,
13345,13345,COc1ccc(OC)c(c1)[C@@H](O)C(O)=O,17.33,0.8,0.1,10.1002/adsc.201700846,ODH,2426,ODH_charity_0616:row:2426,13.864,train,
13346,13346,Cn1cc([C@H]2N(C(=O)N(C2=O)C(C)(C)C)C(C)(C)C)c3ccccc13,8.64,1.0,0.05,10.1021/jacs.7b12628,ODH,2427,ODH_charity_0616:row:2427,8.64,train,
13347,13347,Cn1cc([C@@H]2N(C(=O)N(C2=O)C(C)(C)C)C(C)(C)C)c3ccccc13,17.34,1.0,0.05,10.1021/jacs.7b12628,ODH,2428,ODH_charity_0616:row:2428,17.34,valid,
13360,13360,O[C@H](C(O)=O)c1ccccc1F,13.86,0.8,0.05,10.1002/adsc.201700846,ODH,2429,ODH_charity_0616:row:2429,11.088,train,
13361,13361,O[C@@H](C(O)=O)c1ccccc1F,17.39,0.8,0.05,10.1002/adsc.201700846,ODH,2430,ODH_charity_0616:row:2430,13.912,train,
13401,13401,[O-][N+](=O)c1cccc(c1)[C@]2(CCC(=O)O2)C(=O)OC(c3ccccc3)c4ccccc4,42.7,0.75,0.2,10.1002/chem.201501481,ODH,2431,ODH_charity_0616:row:2431,32.025,valid,
13402,13402,[O-][N+](=O)c1cccc(c1)[C@@]2(CCC(=O)O2)C(=O)OC(c3ccccc3)c4ccccc4,17.4,0.75,0.2,10.1002/chem.201501481,ODH,2432,ODH_charity_0616:row:2432,13.05,test,
13403,13403,CCC[C@@]1(COc2ccccc12)CC3=CCCC3,9.9,0.75,0.0,10.1002/anie.201907840,ODH,2433,ODH_charity_0616:row:2433,7.425,train,
13404,13404,CCC[C@]1(COc2ccccc12)CC3=CCCC3,17.4,0.75,0.0,10.1002/anie.201907840,ODH,2434,ODH_charity_0616:row:2434,13.05,train,
13405,13405,COC(=O)[C@H]1Cc2ccc(Br)cc2CO1,13.38,1.0,0.1,10.1021/ja1078464,ODH,2435,ODH_charity_0616:row:2435,13.38,train,
13406,13406,COC(=O)[C@@H]1Cc2ccc(Br)cc2CO1,17.42,1.0,0.1,10.1021/ja1078464,ODH,2436,ODH_charity_0616:row:2436,17.42,train,
13433,13433,COc1ccccc1[C@H](O)C(O)=O,14.26,0.8,0.1,10.1002/adsc.201700846,ODH,2437,ODH_charity_0616:row:2437,11.408,train,
13434,13434,COc1ccccc1[C@@H](O)C(O)=O,17.5,0.8,0.1,10.1002/adsc.201700846,ODH,2438,ODH_charity_0616:row:2438,14.0,train,
13451,13451,FC1=CC=C(C=C1)C[C@@H]2NC3=C(C=CC=C3C)C2,19.7,1.0,0.01,10.1016/j.tet.2013.06.016,ODH,2439,ODH_charity_0616:row:2439,19.7,train,
13452,13452,FC1=CC=C(C=C1)C[C@H]2NC3=C(C=CC=C3C)C2,17.5,1.0,0.01,10.1016/j.tet.2013.06.016,ODH,2440,ODH_charity_0616:row:2440,17.5,train,
13468,13468,COc1ccccc1\C=C\2CCC[C@H]2O,9.2,0.8,0.2,10.1021/acs.organomet.9b00366,ODH,2441,ODH_charity_0616:row:2441,7.36,valid,
13469,13469,COc1ccccc1\C=C\2CCC[C@@H]2O,17.5,0.8,0.2,10.1021/acs.organomet.9b00366,ODH,2442,ODH_charity_0616:row:2442,14.0,train,
13504,13504,CC[C@](N)(C\C=C\c1ccccc1)C(=O)OC(C)(C)C,7.6,1.0,0.1,10.1021/jacs.7b05460,ODH,2443,ODH_charity_0616:row:2443,7.6,train,
13505,13505,CC[C@@](N)(C\C=C\c1ccccc1)C(=O)OC(C)(C)C,17.6,1.0,0.1,10.1021/jacs.7b05460,ODH,2444,ODH_charity_0616:row:2444,17.6,train,
13506,13506,CC[C@](N)(C\C=C\c1ccccc1)C(=O)OC(C)(C)C,7.6,1.0,0.1,10.1021/jacs.7b05460,ODH,2445,ODH_charity_0616:row:2445,7.6,train,
13507,13507,CC[C@@](N)(C\C=C\c1ccccc1)C(=O)OC(C)(C)C,17.6,1.0,0.1,10.1021/jacs.7b05460,ODH,2446,ODH_charity_0616:row:2446,17.6,train,
13508,13508,Cc1ccc2N[C@@H]([C@@H]3CCO[C@@H]3c2c1)c4ccc(Cl)cc4,7.83,1.0,0.15,10.1002/anie.201504790,ODH,2447,ODH_charity_0616:row:2447,7.83,train,
13511,13511,C[C@H](O)c1ccccc1,14.67,0.6,0.05,10.1021/acscatal.9b04354,ODH,2448,ODH_charity_0616:row:2448,8.802,train,
13512,13512,C[C@@H](O)c1ccccc1,17.61,0.6,0.05,10.1021/acscatal.9b04354,ODH,2449,ODH_charity_0616:row:2449,10.566,train,
13517,13517,CC[C@@H](C#Cc1cscc1)c2ccccc2,19.77,0.7,0.005,10.1002/anie.202006317,ODH,2450,ODH_charity_0616:row:2450,13.839,train,
13518,13518,CC[C@H](C#Cc1cscc1)c2ccccc2,17.63,0.7,0.005,10.1002/anie.202006317,ODH,2451,ODH_charity_0616:row:2451,12.341,train,
13556,13556,C1[C@H](Cc2ccccc2)Oc3ccccc3N1Cc4ccccc4,21.1,0.5,0.05,10.1021/acs.orglett.1c01701,ODH,2452,ODH_charity_0616:row:2452,10.55,train,
13557,13557,C1[C@@H](Cc2ccccc2)Oc3ccccc3N1Cc4ccccc4,17.7,0.5,0.05,10.1021/acs.orglett.1c01701,ODH,2453,ODH_charity_0616:row:2453,8.85,train,
13571,13571,Cc1cccc(c1)[C@H](O)C(O)=O,9.34,0.8,0.1,10.1002/adsc.201700846,ODH,2454,ODH_charity_0616:row:2454,7.472,train,
13572,13572,Cc1cccc(c1)[C@@H](O)C(O)=O,17.7,0.8,0.1,10.1002/adsc.201700846,ODH,2455,ODH_charity_0616:row:2455,14.16,train,
13586,13586,CCC[C@H](C=C)C(Cc1ccccc1)(C#N)C#N,21.171,0.5,0.01,10.1021/acscatal.0c00712,ODH,2456,ODH_charity_0616:row:2456,10.5855,train,
13587,13587,CCC[C@@H](C=C)C(Cc1ccccc1)(C#N)C#N,17.752,0.5,0.01,10.1021/acscatal.0c00712,ODH,2457,ODH_charity_0616:row:2457,8.876,train,
13590,13590,C=C[C@@H](CCc1ccccc1)NCCc2ccccc2,16.02,0.7,0.01,10.1021/jacs.9b06035,ODH,2458,ODH_charity_0616:row:2458,11.214,test,
13591,13591,C=C[C@H](CCc1ccccc1)NCCc2ccccc2,17.77,0.7,0.01,10.1021/jacs.9b06035,ODH,2459,ODH_charity_0616:row:2459,12.439,train,
13595,13595,COc1cccc(c1)[C@](C)(C\C=C\C=C\c2ccccc2)C=O,19.159,1.0,0.03,10.1021/acs.orglett.8b00740,ODH,2460,ODH_charity_0616:row:2460,19.159,train,
13596,13596,COc1cccc(c1)[C@@](C)(C\C=C\C=C\c2ccccc2)C=O,17.787,1.0,0.03,10.1021/acs.orglett.8b00740,ODH,2461,ODH_charity_0616:row:2461,17.787,train,
13606,13606,COC(=O)[C@H](F)CC#Cc1ccccc1,14.0,1.0,0.03,10.1002/anie.201409961,ODH,2462,ODH_charity_0616:row:2462,14.0,train,
13607,13607,COC(=O)[C@@H](F)CC#Cc1ccccc1,17.8,1.0,0.03,10.1002/anie.201409961,ODH,2463,ODH_charity_0616:row:2463,17.8,train,
13628,13628,CC[C@H](O)c1ccc(OC)cc1,20.5,1.0,0.03,10.1038/s41467/021/27813/4,ODH,2464,ODH_charity_0616:row:2464,20.5,train,
13629,13629,CC[C@@H](O)c1ccc(OC)cc1,17.8,1.0,0.03,10.1038/s41467/021/27813/4,ODH,2465,ODH_charity_0616:row:2465,17.8,train,
13640,13640,CC(C)(C)OC(=O)C[C@H]1[C@@H](c2ccccc2)c3cc(oc3N(C1=O)[S](C)(=O)=O)c4ccccc4,24.3,0.5,0.2,10.1002/anie.201910922,ODH,2466,ODH_charity_0616:row:2466,12.15,train,
13641,13641,FC(F)(F)[C@@]1(CC(=CC(=O)O1)\C=C\c2ccccc2)c3ccccc3,26.8,0.75,0.1,10.1021/ja303618z,ODH,2467,ODH_charity_0616:row:2467,20.1,train,
13642,13642,FC(F)(F)[C@]1(CC(=CC(=O)O1)\C=C\c2ccccc2)c3ccccc3,17.8,0.75,0.1,10.1021/ja303618z,ODH,2468,ODH_charity_0616:row:2468,13.35,train,
13655,13655,O[C@@]1([C@H](C=C)c2ccccc2)C(=O)N(Cc3cccc4ccccc34)c5cc(Cl)ccc15,12.462,1.0,0.1,10.1021/acs.orglett.8b02655,ODH,2469,ODH_charity_0616:row:2469,12.462,train,
13656,13656,CN(CC[C@@H](O)c1ccc2ccccc2c1)Cc3ccccc3,24.65,1.0,0.05,10.1039/C3OB40135A,ODH,2470,ODH_charity_0616:row:2470,24.65,train,
13657,13657,CN(CC[C@H](O)c1ccc2ccccc2c1)Cc3ccccc3,17.84,1.0,0.05,10.1039/C3OB40135A,ODH,2471,ODH_charity_0616:row:2471,17.84,valid,
13668,13668,CC[C@H]1C[C@@H](O)c2cc(C)ccc2O1,19.17,0.5,0.03,10.1039/C8CC07787H,ODH,2472,ODH_charity_0616:row:2472,9.585,train,
13677,13677,CCCCC(=O)[C@H](NC(=O)OC(C)(C)C)c1ccc(Br)cc1,14.3,0.5,0.01,10.1002/anie.201107473,ODH,2473,ODH_charity_0616:row:2473,7.15,train,
13678,13678,CCCCC(=O)[C@@H](NC(=O)OC(C)(C)C)c1ccc(Br)cc1,17.9,0.5,0.01,10.1002/anie.201107473,ODH,2474,ODH_charity_0616:row:2474,8.95,train,
13703,13703,FC1=CC=C(C=C1)C[C@@H]2NC3=C(C=CC=C3)C2,21.1,1.0,0.01,10.1016/j.tet.2013.06.016,ODH,2475,ODH_charity_0616:row:2475,21.1,train,
13704,13704,FC1=CC=C(C=C1)C[C@H]2NC3=C(C=CC=C3)C2,17.9,1.0,0.01,10.1016/j.tet.2013.06.016,ODH,2476,ODH_charity_0616:row:2476,17.9,train,
13719,13719,C1Cc2cc3OCOc3cc2N[C@@H]1c4ccccc4,15.66,1.0,0.05,10.1021/ja903547q,ODH,2477,ODH_charity_0616:row:2477,15.66,train,
13720,13720,C1Cc2cc3OCOc3cc2N[C@H]1c4ccccc4,17.91,1.0,0.05,10.1021/ja903547q,ODH,2478,ODH_charity_0616:row:2478,17.91,train,
13727,13727,CSc1ccc(cc1)C(=O)C(=[N+]=[N-])[C@@H](N)C(F)(F)F,15.531,1.0,0.1,10.1002/anie.201810253,ODH,2479,ODH_charity_0616:row:2479,15.531,test,
13728,13728,CSc1ccc(cc1)C(=O)C(=[N+]=[N-])[C@H](N)C(F)(F)F,17.921,1.0,0.1,10.1002/anie.201810253,ODH,2480,ODH_charity_0616:row:2480,17.921,train,
13734,13734,O[C@H](C(O)=O)c1cccc(F)c1,13.21,0.8,0.05,10.1002/adsc.201700846,ODH,2481,ODH_charity_0616:row:2481,10.568,train,
13735,13735,O[C@@H](C(O)=O)c1cccc(F)c1,17.96,0.8,0.05,10.1002/adsc.201700846,ODH,2482,ODH_charity_0616:row:2482,14.368,train,
13760,13760,COc1ccc(cc1)\C=C\2CCC[C@H]2O,16.2,0.8,0.05,10.1021/acs.organomet.9b00366,ODH,2483,ODH_charity_0616:row:2483,12.96,train,
13761,13761,COc1ccc(cc1)\C=C\2CCC[C@@H]2O,18.0,0.8,0.05,10.1021/acs.organomet.9b00366,ODH,2484,ODH_charity_0616:row:2484,14.4,train,
13774,13774,COc1ccc(cc1)C(=O)[C@H]2CCc3ccccc3N2,25.9,1.0,0.3,10.1021/acs.orglett.1c03430,ODH,2485,ODH_charity_0616:row:2485,25.9,test,
13775,13775,COc1ccc(cc1)C(=O)[C@@H]2CCc3ccccc3N2,18.0,1.0,0.3,10.1021/acs.orglett.1c03430,ODH,2486,ODH_charity_0616:row:2486,18.0,train,
13776,13776,Clc1ccc(cc1)[C@@H]2CNc3ccccc3N2,28.7,0.6,0.4,10.1021/ja200723n,ODH,2487,ODH_charity_0616:row:2487,17.22,train,
13777,13777,Clc1ccc(cc1)[C@H]2CNc3ccccc3N2,18.0,0.6,0.4,10.1021/ja200723n,ODH,2488,ODH_charity_0616:row:2488,10.8,train,
13780,13780,C[C@@H]1O[C@@]1(Cn2cncn2)c3cc(F)ccc3F,15.22,1.0,0.15,10.1021/acs.orglett.1c02588,ODH,2489,ODH_charity_0616:row:2489,15.22,train,
13788,13788,O=[S]1(=O)N2[C@H]3CCCC[C@H]3C(=C2c4ccccc14)c5ccccc5,14.28,0.5,0.15,10.1021/acs.orglett.6b03529,ODH,2490,ODH_charity_0616:row:2490,7.14,train,
13789,13789,O=[S]1(=O)N2[C@@H]3CCCC[C@H]3C(=C2c4ccccc14)c5ccccc5,18.07,0.5,0.15,10.1021/acs.orglett.6b03529,ODH,2491,ODH_charity_0616:row:2491,9.035,train,
13790,13790,COC(=O)[C@H](Nc1ccc(OC)cc1)c2cccnc2,12.962,0.8,0.2,10.1038/s41467/020/19807/5,ODH,2492,ODH_charity_0616:row:2492,10.3696,train,
13791,13791,COC(=O)[C@@H](Nc1ccc(OC)cc1)c2cccnc2,18.073,0.8,0.2,10.1038/s41467/020/19807/5,ODH,2493,ODH_charity_0616:row:2493,14.4584,train,
13804,13804,CC(C)(C)OC(=O)[C@@](C)(N)C\C=C\c1ccc(Cl)cc1,12.8,0.5,0.08,10.1021/jacs.7b05460,ODH,2494,ODH_charity_0616:row:2494,6.4,train,
13805,13805,CC(C)(C)OC(=O)[C@](C)(N)C\C=C\c1ccc(Cl)cc1,18.1,0.5,0.08,10.1021/jacs.7b05460,ODH,2495,ODH_charity_0616:row:2495,9.05,train,
13806,13806,COc1cc2CCC[C@H](C#C[Si](c3ccccc3)(c4ccccc4)c5ccccc5)c2cc1OC,13.7,0.8,0.01,10.1002/anie.202110233,ODH,2496,ODH_charity_0616:row:2496,10.96,train,
13807,13807,COc1cc2CCC[C@@H](C#C[Si](c3ccccc3)(c4ccccc4)c5ccccc5)c2cc1OC,18.1,0.8,0.01,10.1002/anie.202110233,ODH,2497,ODH_charity_0616:row:2497,14.48,train,
13808,13808,C[C@@H]1N[S](=O)(=O)c2ccccc12,14.1,0.8,0.2,10.1002/anie.201902576,ODH,2498,ODH_charity_0616:row:2498,11.28,train,
13809,13809,C[C@H]1N[S](=O)(=O)c2ccccc12,18.1,0.8,0.2,10.1002/anie.201902576,ODH,2499,ODH_charity_0616:row:2499,14.48,train,
13816,13816,O=C1CC[C@@H](Cc2ccccc2)O1,15.1,1.0,0.1,10.1002/CJOC.201800088,ODH,2500,ODH_charity_0616:row:2500,15.1,train,
13817,13817,O=C1CC[C@H](Cc2ccccc2)O1,18.1,1.0,0.1,10.1002/CJOC.201800088,ODH,2501,ODH_charity_0616:row:2501,18.1,train,
13818,13818,COC(=O)[C@@](C)(N)[C@@H](C=C)c1cc(Cl)cc(Cl)c1,15.8,0.3,0.03,10.1021/jacs.8b00187,ODH,2502,ODH_charity_0616:row:2502,4.74,train,
13819,13819,COC(=O)[C@@](C)(N)[C@@H](C=C)c1cc(Cl)cc(Cl)c1,15.8,0.3,0.03,10.1021/jacs.8b00187,ODH,2503,ODH_charity_0616:row:2503,4.74,train,
13820,13820,COc1ccc(OC[C@@]2(C)COc3cc(C)c(C)cc23)cc1,15.8,0.5,0.01,10.1021/jacs.9b04332,ODH,2504,ODH_charity_0616:row:2504,7.9,train,
13821,13821,COc1ccc(OC[C@]2(C)COc3cc(C)c(C)cc23)cc1,18.1,0.5,0.01,10.1021/jacs.9b04332,ODH,2505,ODH_charity_0616:row:2505,9.05,train,
13828,13828,COc1cccc(c1)C#CC[C@@]2(C)COc3ccccc23,19.0,0.5,0.01,10.1002/anie.201913367,ODH,2506,ODH_charity_0616:row:2506,9.5,train,
13829,13829,COc1cccc(c1)C#CC[C@]2(C)COc3ccccc23,18.1,0.5,0.01,10.1002/anie.201913367,ODH,2507,ODH_charity_0616:row:2507,9.05,train,
13834,13834,CC1(C)OB(C[C@H](O)c2ccc3ccccc3c2)OC1(C)C,19.6,0.5,0.05,10.1021/acscatal.8b02052,ODH,2508,ODH_charity_0616:row:2508,9.8,train,
13835,13835,CC1(C)OB(C[C@@H](O)c2ccc3ccccc3c2)OC1(C)C,18.1,0.5,0.05,10.1021/acscatal.8b02052,ODH,2509,ODH_charity_0616:row:2509,9.05,train,
13842,13842,CCCC[C@@H]1Nc2ccccc2OC1=O,23.4,0.7,0.05,10.1016/j.tet.2021.131968,ODH,2510,ODH_charity_0616:row:2510,16.38,train,
13843,13843,CCCC[C@H]1Nc2ccccc2OC1=O,18.1,0.7,0.05,10.1016/j.tet.2021.131968,ODH,2511,ODH_charity_0616:row:2511,12.67,train,
13844,13844,COc1ccc(N[C@H](CCc2ccccc2)C(F)(F)F)cc1,23.4,0.8,0.05,10.1021/acs.orglett.6b02283,ODH,2512,ODH_charity_0616:row:2512,18.72,train,
13845,13845,COc1ccc(N[C@@H](CCc2ccccc2)C(F)(F)F)cc1,18.1,0.8,0.05,10.1021/acs.orglett.6b02283,ODH,2513,ODH_charity_0616:row:2513,14.48,train,
13850,13850,CCOC(=O)C1=C(C)OC(=O)C[C@H]1c2cccc(Cl)c2,8.0,0.7,0.25,10.1021/acs.orglett.7b03650,ODH,2514,ODH_charity_0616:row:2514,5.6,train,
13851,13851,CCOC(=O)C1=C(C)OC(=O)C[C@@H]1c2cccc(Cl)c2,18.1,0.7,0.25,10.1021/acs.orglett.7b03650,ODH,2515,ODH_charity_0616:row:2515,12.67,test,
13852,13852,CC(C)O[P](=O)(OC(C)C)[C@@]12CC(=CC(=O)N1[S](=O)(=O)Oc3ccc(C)cc23)c4ccccc4,9.3,0.8,0.2,10.1039/C8QO00877A,ODH,2516,ODH_charity_0616:row:2516,7.44,valid,
13853,13853,CC(C)O[P](=O)(OC(C)C)[C@]12CC(=CC(=O)N1[S](=O)(=O)Oc3ccc(C)cc23)c4ccccc4,18.1,0.8,0.2,10.1039/C8QO00877A,ODH,2517,ODH_charity_0616:row:2517,14.48,train,
13854,13854,CC(C)C[C@H](C=C)c1n2ccccc2cc1c3ccccc3,12.716,1.0,0.0,10.1021/acs.orglett.0c03383,ODH,2518,ODH_charity_0616:row:2518,12.716,train,
13855,13855,CC(C)C[C@@H](C=C)c1n2ccccc2cc1c3ccccc3,18.106,1.0,0.0,10.1021/acs.orglett.0c03383,ODH,2519,ODH_charity_0616:row:2519,18.106,train,
13868,13868,Cc1ccc(cc1)[S](=O)(=O)N2C(=O)[C@@H](CCO)[C@@H](c3ccccc3)c4cc(oc24)c5ccccc5,13.2,0.5,0.3,10.1002/anie.201910922,ODH,2520,ODH_charity_0616:row:2520,6.6,train,
13886,13886,OC[C@]1(COCCO1)CC=C,19.7,1.0,0.05,10.1002/anie.201509888,ODH,2521,ODH_charity_0616:row:2521,19.7,test,
13887,13887,OC[C@@]1(COCCO1)CC=C,18.2,1.0,0.05,10.1002/anie.201509888,ODH,2522,ODH_charity_0616:row:2522,18.2,train,
13889,13889,CC[C@@]1(N(c2ccc(C)cc2C1=C)[S](=O)(=O)C(F)(F)F)c3ccc4OCCOc4c3,19.9,0.5,0.02,10.1002/anie.201904805,ODH,2523,ODH_charity_0616:row:2523,9.95,train,
13890,13890,CC[C@]1(N(c2ccc(C)cc2C1=C)[S](=O)(=O)C(F)(F)F)c3ccc4OCCOc4c3,18.2,0.5,0.02,10.1002/anie.201904805,ODH,2524,ODH_charity_0616:row:2524,9.1,train,
13891,13891,Cc1ccc(cc1)[C@H]2C=Cc3ccccc3N2[S](C)(=O)=O,19.9,0.5,0.1,10.1002/anie.201909479,ODH,2525,ODH_charity_0616:row:2525,9.95,train,
13892,13892,Cc1ccc(cc1)[C@@H]2C=Cc3ccccc3N2[S](C)(=O)=O,18.2,0.5,0.1,10.1002/anie.201909479,ODH,2526,ODH_charity_0616:row:2526,9.1,train,
13897,13897,OC[C@H](CCl)Oc1ccccc1Br,20.7,1.0,0.05,10.1002/anie.201601844,ODH,2527,ODH_charity_0616:row:2527,20.7,train,
13898,13898,OC[C@@H](CCl)Oc1ccccc1Br,18.2,1.0,0.05,10.1002/anie.201601844,ODH,2528,ODH_charity_0616:row:2528,18.2,train,
13899,13899,COc1ccc(cc1OC)[C@@H](CCN=[N+]=[N-])C#Cc2ccc(cc2)C#N,21.2,1.0,0.1,10.1002/anie.202110233,ODH,2529,ODH_charity_0616:row:2529,21.2,train,
13900,13900,COc1ccc(cc1OC)[C@H](CCN=[N+]=[N-])C#Cc2ccc(cc2)C#N,18.2,1.0,0.1,10.1002/anie.202110233,ODH,2530,ODH_charity_0616:row:2530,18.2,train,
13909,13909,COC(=O)C1=C(C)OC(=O)C[C@H]1c2ccccc2,9.3,0.8,0.15,10.1021/acs.orglett.7b03650,ODH,2531,ODH_charity_0616:row:2531,7.44,train,
13910,13910,COC(=O)C1=C(C)OC(=O)C[C@@H]1c2ccccc2,18.2,0.8,0.15,10.1021/acs.orglett.7b03650,ODH,2532,ODH_charity_0616:row:2532,14.56,train,
13916,13916,CC(C)(C)OC(=O)C(=C)C[C@](C)(N)C(F)(F)F,13.93,0.8,0.05,10.1002/anie.201607918,ODH,2533,ODH_charity_0616:row:2533,11.144,train,
13917,13917,CC(C)(C)OC(=O)C(=C)C[C@@](C)(N)C(F)(F)F,18.223,0.8,0.05,10.1002/anie.201607918,ODH,2534,ODH_charity_0616:row:2534,14.5784,train,
13922,13922,Clc1ccccc1[C@@H]2CC(=O)N3C(=C2)c4ccccc4[S]3(=O)=O,29.71,1.0,0.4,10.1039/C4CC07051H,ODH,2535,ODH_charity_0616:row:2535,29.71,valid,
13923,13923,Clc1ccccc1[C@H]2CC(=O)N3C(=C2)c4ccccc4[S]3(=O)=O,18.24,1.0,0.4,10.1039/C4CC07051H,ODH,2536,ODH_charity_0616:row:2536,18.24,train,
13951,13951,CCCC[C@H]1Nc2ccccc2OC1=O,23.5,0.7,0.05,10.1039/D0CC03091K,ODH,2537,ODH_charity_0616:row:2537,16.45,train,
13952,13952,CCCC[C@@H]1Nc2ccccc2OC1=O,18.3,0.7,0.05,10.1039/D0CC03091K,ODH,2538,ODH_charity_0616:row:2538,12.81,train,
13961,13961,Cc1cccc(c1)[C@@H](C=C)[C@@]2(O)C(=O)N(Cc3cccc4ccccc34)c5ccccc25,15.837,1.0,0.1,10.1021/acs.orglett.8b02655,ODH,2539,ODH_charity_0616:row:2539,15.837,train,
13964,13964,Clc1ccc2N[C@@H]([C@@H]3CCO[C@@H]3c2c1)c4ccccc4,13.9,1.0,0.15,10.1002/anie.201504790,ODH,2540,ODH_charity_0616:row:2540,13.9,train,
13978,13978,CC[C@](O)(N(C)Cc1ccccc1)c2occc2,20.74,0.5,0.05,10.1039/C3OB40135A,ODH,2541,ODH_charity_0616:row:2541,10.37,train,
13979,13979,CC[C@@](O)(N(C)Cc1ccccc1)c2occc2,18.38,0.5,0.05,10.1039/C3OB40135A,ODH,2542,ODH_charity_0616:row:2542,9.19,train,
13993,13993,FC(F)(F)c1ccccc1N2[C@H](COC2=O)C=C,19.2,0.8,0.2,10.1002/chem.201405830,ODH,2543,ODH_charity_0616:row:2543,15.36,train,
13994,13994,FC(F)(F)c1ccccc1N2[C@@H](COC2=O)C=C,18.4,0.8,0.2,10.1002/chem.201405830,ODH,2544,ODH_charity_0616:row:2544,14.72,train,
13996,13996,Cc1cccc2O[C@@H](Cc3ccccc3)C(=O)N(Cc4ccccc4)c12,19.5,0.5,0.05,10.1021/acs.orglett.1c01701,ODH,2545,ODH_charity_0616:row:2545,9.75,test,
13997,13997,Cc1cccc2O[C@H](Cc3ccccc3)C(=O)N(Cc4ccccc4)c12,18.4,0.5,0.05,10.1021/acs.orglett.1c01701,ODH,2546,ODH_charity_0616:row:2546,9.2,train,
14006,14006,COc1ccc(cc1)[C@H]2c3cc4OCOc4cc3OC(=C2[S](=O)(=O)c5ccccc5)N,22.0,0.7,0.3,10.1021/acs.orglett.5b03148,ODH,2547,ODH_charity_0616:row:2547,15.4,train,
14007,14007,COc1ccc(cc1)[C@@H]2c3cc4OCOc4cc3OC(=C2[S](=O)(=O)c5ccccc5)N,18.4,0.7,0.3,10.1021/acs.orglett.5b03148,ODH,2548,ODH_charity_0616:row:2548,12.88,train,
14008,14008,C[C@@]12Cc3ccccc3N=C1c4c(O)cc(cc4C2=O)c5ccccc5,23.8,0.75,0.02,10.1002/anie.201910183,ODH,2549,ODH_charity_0616:row:2549,17.85,train,
14009,14009,C[C@]12Cc3ccccc3N=C1c4c(O)cc(cc4C2=O)c5ccccc5,18.4,0.75,0.02,10.1002/anie.201910183,ODH,2550,ODH_charity_0616:row:2550,13.8,train,
14010,14010,Brc1ccc2OC(=O)C[C@H](c3ccccc3)c2c1,24.48,1.0,0.1,10.1039/D0SC04340K,ODH,2551,ODH_charity_0616:row:2551,24.48,train,
14011,14011,Brc1ccc2OC(=O)C[C@@H](c3ccccc3)c2c1,18.4,1.0,0.1,10.1039/D0SC04340K,ODH,2552,ODH_charity_0616:row:2552,18.4,train,
14026,14026,CC(C)(C)OC(=O)C(C)(C)C[C@@H](CCCn1c2ccccc2c3ccccc13)c4ccccc4,20.46,0.5,0.01,10.1021/jacs.0c03130,ODH,2553,ODH_charity_0616:row:2553,10.23,train,
14027,14027,CC(C)(C)OC(=O)C(C)(C)C[C@H](CCCn1c2ccccc2c3ccccc13)c4ccccc4,18.42,0.5,0.01,10.1021/jacs.0c03130,ODH,2554,ODH_charity_0616:row:2554,9.21,train,
14044,14044,O[C@H]1CCCC[C@H]1Nc2ccc(Br)cc2,16.49,1.0,0.05,10.1021/ol901605a,ODH,2555,ODH_charity_0616:row:2555,16.49,train,
14045,14045,O[C@@H]1CCCC[C@H]1Nc2ccc(Br)cc2,18.47,1.0,0.05,10.1021/ol901605a,ODH,2556,ODH_charity_0616:row:2556,18.47,train,
14052,14052,CC(C)(C)OC(=O)[C@@](N)(C\C=C\c1ccccc1)Cc2ccccc2,11.9,0.5,0.08,10.1021/jacs.7b05460,ODH,2557,ODH_charity_0616:row:2557,5.95,test,
14053,14053,CC(C)(C)OC(=O)[C@](N)(C\C=C\c1ccccc1)Cc2ccccc2,18.5,0.5,0.08,10.1021/jacs.7b05460,ODH,2558,ODH_charity_0616:row:2558,9.25,train,
14054,14054,CC(C)(C)OC(=O)[C@@](N)(C\C=C\c1ccccc1)Cc2ccccc2,11.9,0.5,0.08,10.1021/jacs.7b05460,ODH,2559,ODH_charity_0616:row:2559,5.95,train,
14055,14055,CC(C)(C)OC(=O)[C@](N)(C\C=C\c1ccccc1)Cc2ccccc2,18.5,0.5,0.08,10.1021/jacs.7b05460,ODH,2560,ODH_charity_0616:row:2560,9.25,test,
14058,14058,COC(=O)[C@@H](Cc1ccccc1C)NC(=O)c2ccccc2OC,13.7,0.8,0.2,10.1002/anie.201916534,ODH,2561,ODH_charity_0616:row:2561,10.96,train,
14059,14059,COC(=O)[C@H](Cc1ccccc1C)NC(=O)c2ccccc2OC,18.5,0.8,0.2,10.1002/anie.201916534,ODH,2562,ODH_charity_0616:row:2562,14.8,train,
14060,14060,Cc1cc(C)cc(c1)[P@@](=O)(CC(=C)C(=O)OCc2ccccc2)c3c(C)cc(C)cc3C,13.9,0.6,0.1,10.1039/D0SC04041J,ODH,2563,ODH_charity_0616:row:2563,8.34,train,
14061,14061,Cc1cc(C)cc(c1)[P@](=O)(CC(=C)C(=O)OCc2ccccc2)c3c(C)cc(C)cc3C,18.5,0.6,0.1,10.1039/D0SC04041J,ODH,2564,ODH_charity_0616:row:2564,11.1,train,
14068,14068,OC[C@H](CCl)n1nc2ccccc2n1,16.7,1.0,0.05,10.1002/anie.201601844,ODH,2565,ODH_charity_0616:row:2565,16.7,train,
14069,14069,OC[C@@H](CCl)n1nc2ccccc2n1,18.5,1.0,0.05,10.1002/anie.201601844,ODH,2566,ODH_charity_0616:row:2566,18.5,train,
14070,14070,CCC(CC)(CC[C@@]1(C)COc2ccc(Br)cc12)CC(=O)c3ccccc3,19.2,0.5,0.07,10.1021/acs.orglett.1c03739,ODH,2567,ODH_charity_0616:row:2567,9.6,train,
14071,14071,CCC(CC)(CC[C@]1(C)COc2ccc(Br)cc12)CC(=O)c3ccccc3,18.5,0.5,0.07,10.1021/acs.orglett.1c03739,ODH,2568,ODH_charity_0616:row:2568,9.25,train,
14074,14074,CC(=O)[C@]12O[C@@]1(C)OC(=O)C[C@@H]2c3ccccc3,20.4,0.7,0.08,10.1002/anie.201302152,ODH,2569,ODH_charity_0616:row:2569,14.28,train,
14076,14076,Cc1n(Cc2ccccc2)c3ccccc3c1[C@H](C(=O)OCc4ccccc4)c5ccc(Cl)cc5,22.1,0.7,0.1,10.1039/C6OB01516F,ODH,2570,ODH_charity_0616:row:2570,15.47,train,
14077,14077,Cc1n(Cc2ccccc2)c3ccccc3c1[C@@H](C(=O)OCc4ccccc4)c5ccc(Cl)cc5,18.5,0.7,0.1,10.1039/C6OB01516F,ODH,2571,ODH_charity_0616:row:2571,12.95,train,
14084,14084,C[C@@]1(COc2ccccc12)CC#Cc3ccc(cc3)c4ccccc4,26.0,0.5,0.01,10.1002/anie.201913367,ODH,2572,ODH_charity_0616:row:2572,13.0,train,
14085,14085,C[C@]1(COc2ccccc12)CC#Cc3ccc(cc3)c4ccccc4,18.5,0.5,0.01,10.1002/anie.201913367,ODH,2573,ODH_charity_0616:row:2573,9.25,train,
14100,14100,O[C@@]1([C@H](C=C)c2ccccc2)C(=O)N(Cc3cccc4ccccc34)c5cc(Br)ccc15,12.815,1.0,0.1,10.1021/acs.orglett.8b02655,ODH,2574,ODH_charity_0616:row:2574,12.815,train,
14104,14104,CCC1(CC)[C@H](CCC1=O)c2ccccc2,9.99,1.0,0.005,10.1002/anie.202017190,ODH,2575,ODH_charity_0616:row:2575,9.99,train,
14105,14105,CCC1(CC)[C@@H](CCC1=O)c2ccccc2,18.57,1.0,0.005,10.1002/anie.202017190,ODH,2576,ODH_charity_0616:row:2576,18.57,train,
14114,14114,O[C@@H]([C@@H](C=C)c1ccc(cc1)C(F)(F)F)C(=O)c2ccccc2,13.6,0.5,0.05,10.1021/jacs.6b06156,ODH,2577,ODH_charity_0616:row:2577,6.8,train,
14115,14115,O[C@@H]([C@@H](C=C)c1ccc(cc1)C(F)(F)F)C(=O)c2ccccc2,13.6,0.5,0.05,10.1021/jacs.6b06156,ODH,2578,ODH_charity_0616:row:2578,6.8,train,
14116,14116,CCCCCC[C@H]1[C@@H](c2ccc(OC)cc2)c3cc4OCOc4cc3OC1=O,14.7,0.6,0.1,10.1021/acs.orglett.7b02883,ODH,2579,ODH_charity_0616:row:2579,8.82,train,
14118,14118,Cc1cc2OCC[C@](C)(CC3=CCCCC3)c2cc1C,16.9,0.5,0.0,10.1002/anie.201907840,ODH,2580,ODH_charity_0616:row:2580,8.45,train,
14119,14119,Cc1cc2OCC[C@@](C)(CC3=CCCCC3)c2cc1C,18.6,0.5,0.0,10.1002/anie.201907840,ODH,2581,ODH_charity_0616:row:2581,9.3,train,
14135,14135,CCOC(=O)[C@H]1[C@H](c2ccccc2)c3ccccc3N(C)C1=O,21.6,1.0,0.1,10.1021/acs.orglett.1c00993,ODH,2582,ODH_charity_0616:row:2582,21.6,train,
14136,14136,CCOC(=O)[C@@H]1[C@H](c2ccccc2)c3ccccc3N(C)C1=O,18.6,1.0,0.1,10.1021/acs.orglett.1c00993,ODH,2583,ODH_charity_0616:row:2583,18.6,train,
14150,14150,O=C1N(C[C@@H]2COC3(CCC3)c4ccccc4O2)C(=O)c5ccccc15,25.3,1.0,0.05,10.1021/acs.orglett.9b04244,ODH,2584,ODH_charity_0616:row:2584,25.3,train,
14151,14151,O=C1N(C[C@H]2COC3(CCC3)c4ccccc4O2)C(=O)c5ccccc15,18.6,1.0,0.05,10.1021/acs.orglett.9b04244,ODH,2585,ODH_charity_0616:row:2585,18.6,train,
14155,14155,CC1(C)[C@H](CCC1=O)c2ccc3ccccc3c2,14.66,1.0,0.005,10.1002/anie.202017190,ODH,2586,ODH_charity_0616:row:2586,14.66,train,
14156,14156,CC1(C)[C@@H](CCC1=O)c2ccc3ccccc3c2,18.63,1.0,0.005,10.1002/anie.202017190,ODH,2587,ODH_charity_0616:row:2587,18.63,train,
14157,14157,C[C@@](C\C=C\C=C\c1ccccc1)(C=O)c2ccc(cc2)c3ccccc3,20.937,1.0,0.05,10.1021/acs.orglett.8b00740,ODH,2588,ODH_charity_0616:row:2588,20.937,train,
14158,14158,C[C@](C\C=C\C=C\c1ccccc1)(C=O)c2ccc(cc2)c3ccccc3,18.631,1.0,0.05,10.1021/acs.orglett.8b00740,ODH,2589,ODH_charity_0616:row:2589,18.631,train,
14166,14166,Cc1ccc(/C=C/C[C@](C)(N)C(=O)OC(C)(C)C)cc1,11.5,0.5,0.08,10.1021/jacs.7b05460,ODH,2590,ODH_charity_0616:row:2590,5.75,train,
14167,14167,Cc1ccc(/C=C/C[C@@](C)(N)C(=O)OC(C)(C)C)cc1,18.7,0.5,0.08,10.1021/jacs.7b05460,ODH,2591,ODH_charity_0616:row:2591,9.35,train,
14168,14168,Cc1ccc(/C=C/C[C@](C)(N)C(=O)OC(C)(C)C)cc1,11.5,0.5,0.08,10.1021/jacs.7b05460,ODH,2592,ODH_charity_0616:row:2592,5.75,train,
14169,14169,Cc1ccc(/C=C/C[C@@](C)(N)C(=O)OC(C)(C)C)cc1,18.7,0.5,0.08,10.1021/jacs.7b05460,ODH,2593,ODH_charity_0616:row:2593,9.35,train,
14174,14174,CC(C)(C)OC(=O)N[C@@H](C(=O)CCCCCCC=C)c1ccccc1,14.0,0.5,0.03,10.1002/anie.201107473,ODH,2594,ODH_charity_0616:row:2594,7.0,train,
14175,14175,CC(C)(C)OC(=O)N[C@H](C(=O)CCCCCCC=C)c1ccccc1,18.7,0.5,0.03,10.1002/anie.201107473,ODH,2595,ODH_charity_0616:row:2595,9.35,test,
14187,14187,Clc1ccccc1C[C@@H]2Oc3ccccc3N(Cc4ccccc4)C2=O,16.9,0.5,0.05,10.1021/acs.orglett.1c01701,ODH,2596,ODH_charity_0616:row:2596,8.45,train,
14188,14188,Clc1ccccc1C[C@H]2Oc3ccccc3N(Cc4ccccc4)C2=O,18.7,0.5,0.05,10.1021/acs.orglett.1c01701,ODH,2597,ODH_charity_0616:row:2597,9.35,train,
14189,14189,C=C[C@@H](C1CCCCC1)c2n3ccccc3cc2c4ccccc4,17.307,1.0,0.0,10.1021/acs.orglett.0c03383,ODH,2598,ODH_charity_0616:row:2598,17.307,train,
14190,14190,C=C[C@H](C1CCCCC1)c2n3ccccc3cc2c4ccccc4,18.7,1.0,0.0,10.1021/acs.orglett.0c03383,ODH,2599,ODH_charity_0616:row:2599,18.7,train,
14207,14207,CCCC[C@H]1[C@@H](C)c2ccccc2[S](=O)(=O)N1Cc3ccccc3,24.6,0.7,0.05,10.1039/C7QO01098B,ODH,2600,ODH_charity_0616:row:2600,17.22,train,
14212,14212,O=C1N([C@@H]2Cc3ccccc3N[C@@H]2c4ccccc4)C(=O)c5ccccc15,33.0,0.7,0.3,10.1002/chem.201402592,ODH,2601,ODH_charity_0616:row:2601,23.1,train,
14233,14233,O[C@@H]([C@@H](C=C)c1ccccc1)C(=O)c2ccccc2,15.7,0.5,0.05,10.1021/jacs.6b06156,ODH,2602,ODH_charity_0616:row:2602,7.85,train,
14234,14234,O[C@@H]([C@@H](C=C)c1ccccc1)C(=O)c2ccccc2,15.7,0.5,0.05,10.1021/jacs.6b06156,ODH,2603,ODH_charity_0616:row:2603,7.85,train,
14235,14235,O[C@@H]1[C@@H]2O[C@@H]2C(=O)c3cc4CCCCCc4cc13,15.9,0.8,0.12,10.1021/acs.orglett.6b01073,ODH,2604,ODH_charity_0616:row:2604,12.72,test,
14240,14240,Fc1cccc2c1N(Cc3ccccc3)C(=O)[C@]24OC(=O)c5cccc6ccn4c56,19.8,0.8,0.1,10.1021/acscatal.9b03163,ODH,2605,ODH_charity_0616:row:2605,15.84,train,
14241,14241,Fc1cccc2c1N(Cc3ccccc3)C(=O)[C@@]24OC(=O)c5cccc6ccn4c56,18.8,0.8,0.1,10.1021/acscatal.9b03163,ODH,2606,ODH_charity_0616:row:2606,15.04,train,
14256,14256,CCOC(=O)C[C@H]1[C@@H](c2ccccc2)c3cc(oc3N(C1=O)[S](=O)(=O)c4ccc(C)cc4)c5ccc(Br)cc5,30.7,0.5,0.2,10.1002/anie.201910922,ODH,2607,ODH_charity_0616:row:2607,15.35,train,
14257,14257,COc1ccccc1C(=O)N[C@@H](C)c2ccc3ccccc3c2,42.286,1.0,0.1,10.1002/anie.201909928,ODH,2608,ODH_charity_0616:row:2608,42.286,train,
14258,14258,COc1ccccc1C(=O)N[C@H](C)c2ccc3ccccc3c2,18.8,1.0,0.1,10.1002/anie.201909928,ODH,2609,ODH_charity_0616:row:2609,18.8,train,
14278,14278,C[C@@](C\C=C\c1ccccc1)(C=O)c2ccccc2F,20.5,1.0,0.03,10.1002/anie.201408199,ODH,2610,ODH_charity_0616:row:2610,20.5,train,
14279,14279,C[C@](C\C=C\c1ccccc1)(C=O)c2ccccc2F,18.88,1.0,0.03,10.1002/anie.201408199,ODH,2611,ODH_charity_0616:row:2611,18.88,train,
14280,14280,Cc1ccc(cc1)[S](=O)(=O)N2C[C@@H]3C=CCN(C(=C3C2)CCCO)[S](=O)(=O)c4ccc(C)cc4,14.68,0.8,0.3,10.1021/jacs.5b01305,ODH,2612,ODH_charity_0616:row:2612,11.744,train,
14281,14281,Cc1ccc(cc1)[S](=O)(=O)N2C[C@H]3C=CCN(C(=C3C2)CCCO)[S](=O)(=O)c4ccc(C)cc4,18.89,0.8,0.3,10.1021/jacs.5b01305,ODH,2613,ODH_charity_0616:row:2613,15.112,train,
14284,14284,Cc1cc2[C@H]3CCC(=C[C@H]3N(c2cc1C)[S](=O)(=O)C(F)(F)F)c4cccc5ccccc45,13.5,0.5,0.02,10.1021/jacs.1c07212,ODH,2614,ODH_charity_0616:row:2614,6.75,train,
14285,14285,Cc1cc2[C@@H]3CCC(=C[C@H]3N(c2cc1C)[S](=O)(=O)C(F)(F)F)c4cccc5ccccc45,18.9,0.5,0.02,10.1021/jacs.1c07212,ODH,2615,ODH_charity_0616:row:2615,9.45,train,
14302,14302,Cc1ccc2N(Cc3ccccc3)C(=O)[C@H](Cc4ccccc4)Oc2c1,17.3,0.5,0.05,10.1021/acs.orglett.1c01701,ODH,2616,ODH_charity_0616:row:2616,8.65,valid,
14303,14303,Cc1ccc2N(Cc3ccccc3)C(=O)[C@@H](Cc4ccccc4)Oc2c1,18.9,0.5,0.05,10.1021/acs.orglett.1c01701,ODH,2617,ODH_charity_0616:row:2617,9.45,train,
14304,14304,CC(C)C[C@H](C=C)n1ccc2ccccc12,17.8,1.0,0.0,10.1002/chem.202004613,ODH,2618,ODH_charity_0616:row:2618,17.8,train,
14305,14305,CC(C)C[C@@H](C=C)n1ccc2ccccc12,18.9,1.0,0.0,10.1002/chem.202004613,ODH,2619,ODH_charity_0616:row:2619,18.9,train,
14306,14306,COc1ccc(cc1)C#CC[C@@]2(C)COc3ccccc23,20.5,0.5,0.01,10.1002/anie.201913367,ODH,2620,ODH_charity_0616:row:2620,10.25,train,
14307,14307,COc1ccc(cc1)C#CC[C@]2(C)COc3ccccc23,18.9,0.5,0.01,10.1002/anie.201913367,ODH,2621,ODH_charity_0616:row:2621,9.45,train,
14333,14333,Clc1ccccc1[C@@H]2CCN3C(=C2)c4ccccc4[S]3(=O)=O,24.76,0.8,0.2,10.1039/C4CC07051H,ODH,2622,ODH_charity_0616:row:2622,19.808,train,
14334,14334,Clc1ccccc1[C@H]2CCN3C(=C2)c4ccccc4[S]3(=O)=O,18.91,0.8,0.2,10.1039/C4CC07051H,ODH,2623,ODH_charity_0616:row:2623,15.128,train,
14364,14364,O[C@H]([C@@H](C=C)c1ccccc1)c2ccc(cc2)[N+]([O-])=O,14.6,1.0,0.1,10.1021/acs.orglett.6b03378,ODH,2624,ODH_charity_0616:row:2624,14.6,train,
14367,14367,O[C@@H](COC(=O)c1cccc2ccccc12)c3ccccc3,16.1,0.8,0.1,10.1002/anie.201306231,ODH,2625,ODH_charity_0616:row:2625,12.88,train,
14368,14368,O[C@H](COC(=O)c1cccc2ccccc12)c3ccccc3,19.0,0.8,0.1,10.1002/anie.201306231,ODH,2626,ODH_charity_0616:row:2626,15.2,train,
14371,14371,CCc1cc2[C@H](O)[C@@H]3O[C@@H]3C(=O)c2cc1CC,16.9,0.6,0.12,10.1021/acs.orglett.6b01073,ODH,2627,ODH_charity_0616:row:2627,10.14,train,
14412,14412,O[C@@]1([C@H](C=C)c2ccc(F)cc2)C(=O)N(Cc3cccc4ccccc34)c5ccccc15,8.596,1.0,0.2,10.1021/acs.orglett.8b02655,ODH,2628,ODH_charity_0616:row:2628,8.596,train,
14413,14413,O[C@]1([C@H](C=C)c2ccc(F)cc2)C(=O)N(Cc3cccc4ccccc34)c5ccccc15,16.66,1.0,0.1,10.1021/acs.orglett.8b02655,ODH,2629,ODH_charity_0616:row:2629,16.66,train,
14414,14414,O[C@@]1([C@H](C=C)c2ccc(F)cc2)C(=O)N(Cc3cccc4ccccc34)c5ccccc15,19.045,1.0,0.1,10.1021/acs.orglett.8b02655,ODH,2630,ODH_charity_0616:row:2630,19.045,train,
14420,14420,O[C@H](C(O)=O)c1ccc(Cl)cc1,15.48,0.8,0.05,10.1002/adsc.201700846,ODH,2631,ODH_charity_0616:row:2631,12.384,train,
14421,14421,O[C@@H](C(O)=O)c1ccc(Cl)cc1,19.09,0.8,0.05,10.1002/adsc.201700846,ODH,2632,ODH_charity_0616:row:2632,15.272,train,
14429,14429,CCOC(=O)[C@@]1(CC=C)N[S](=O)(=O)c2ccc(C)cc12,14.1,0.8,0.1,10.1002/chem.201704760,ODH,2633,ODH_charity_0616:row:2633,11.28,train,
14430,14430,CCOC(=O)[C@]1(CC=C)N[S](=O)(=O)c2ccc(C)cc12,19.1,0.8,0.1,10.1002/chem.201704760,ODH,2634,ODH_charity_0616:row:2634,15.28,train,
14475,14475,COc1ccc(cc1)[C@H]2c3cc4OCOc4cc3OC(=C2[S](=O)(=O)c5ccc(C)cc5)N,22.0,0.7,0.3,10.1021/acs.orglett.5b03148,ODH,2635,ODH_charity_0616:row:2635,15.4,train,
14476,14476,COc1ccc(cc1)[C@@H]2c3cc4OCOc4cc3OC(=C2[S](=O)(=O)c5ccc(C)cc5)N,19.1,0.7,0.3,10.1021/acs.orglett.5b03148,ODH,2636,ODH_charity_0616:row:2636,13.37,train,
14486,14486,COc1ccc2N(C(=O)C(c3ccccc3)c4ccccc4)C(=O)[C@](C)(C(=O)OCC=C)c2c1,25.9,0.8,0.01,10.1002/ajoc.201900294,ODH,2637,ODH_charity_0616:row:2637,20.72,train,
14487,14487,COc1ccc2N(C(=O)C(c3ccccc3)c4ccccc4)C(=O)[C@@](C)(C(=O)OCC=C)c2c1,19.1,0.8,0.01,10.1002/ajoc.201900294,ODH,2638,ODH_charity_0616:row:2638,15.28,train,
14499,14499,Cc1ccc(cc1)[C@@H](C=C)[C@@]2(O)C(=O)N(Cc3cccc4ccccc34)c5ccccc25,16.741,1.0,0.1,10.1021/acs.orglett.8b02655,ODH,2639,ODH_charity_0616:row:2639,16.741,train,
14515,14515,CCOC(=O)[C@@]1(CC=C)N[S](=O)(=O)c2ccc(Cl)cc12,14.2,0.8,0.1,10.1002/chem.201704760,ODH,2640,ODH_charity_0616:row:2640,11.36,train,
14516,14516,CCOC(=O)[C@]1(CC=C)N[S](=O)(=O)c2ccc(Cl)cc12,19.2,0.8,0.1,10.1002/chem.201704760,ODH,2641,ODH_charity_0616:row:2641,15.36,train,
14543,14543,Brc1ccc(cc1)[C@@H]2CNc3ccccc3N2,30.2,0.6,0.4,10.1021/ja200723n,ODH,2642,ODH_charity_0616:row:2642,18.12,train,
14544,14544,Brc1ccc(cc1)[C@H]2CNc3ccccc3N2,19.2,0.6,0.4,10.1021/ja200723n,ODH,2643,ODH_charity_0616:row:2643,11.52,train,
14555,14555,Cc1ccc(cc1)[S](=O)(=O)N2C[C@@H]3C=CCN(C(=C3C2)c4ccccc4)[S](=O)(=O)c5ccc(C)cc5,23.01,0.8,0.3,10.1021/jacs.5b01305,ODH,2644,ODH_charity_0616:row:2644,18.408,train,
14556,14556,Cc1ccc(cc1)[S](=O)(=O)N2C[C@H]3C=CCN(C(=C3C2)c4ccccc4)[S](=O)(=O)c5ccc(C)cc5,19.22,0.8,0.3,10.1021/jacs.5b01305,ODH,2645,ODH_charity_0616:row:2645,15.376,train,
14561,14561,COC[C@@H](C(=O)c1ccccc1)c2ccccc2,20.88,1.0,0.01,10.1002/anie.201903007,ODH,2646,ODH_charity_0616:row:2646,20.88,valid,
14562,14562,COC[C@H](C(=O)c1ccccc1)c2ccccc2,19.24,1.0,0.01,10.1002/anie.201903007,ODH,2647,ODH_charity_0616:row:2647,19.24,train,
14567,14567,CC[C@H]1C[C@@H](O)c2cc(Cl)ccc2O1,21.029,0.5,0.03,10.1039/C8CC07787H,ODH,2648,ODH_charity_0616:row:2648,10.5145,train,
14576,14576,Cc1ccc(cc1)[C@@H](C=C)[C@H](O)C(=O)c2ccccc2,14.5,0.5,0.05,10.1021/jacs.6b06156,ODH,2649,ODH_charity_0616:row:2649,7.25,train,
14577,14577,Cc1ccc(cc1)[C@@H](C=C)[C@H](O)C(=O)c2ccccc2,14.5,0.5,0.05,10.1021/jacs.6b06156,ODH,2650,ODH_charity_0616:row:2650,7.25,train,
14597,14597,CC(C)(C)[S](=O)(=O)N[C@](CO)(CSc1sc2ccccc2n1)c3ccccc3,28.5,1.0,0.1,10.1002/anie.201300188,ODH,2651,ODH_charity_0616:row:2651,28.5,valid,
14598,14598,CC(C)(C)[S](=O)(=O)N[C@@](CO)(CSc1sc2ccccc2n1)c3ccccc3,19.3,1.0,0.1,10.1002/anie.201300188,ODH,2652,ODH_charity_0616:row:2652,19.3,train,
14604,14604,COc1ccc(cc1)\C=C\2CC[C@H]2O,18.36,0.8,0.05,10.1021/acs.orglett.9b01514,ODH,2653,ODH_charity_0616:row:2653,14.688,train,
14605,14605,COc1ccc(cc1)\C=C\2CC[C@@H]2O,19.339,0.8,0.05,10.1021/acs.orglett.9b01514,ODH,2654,ODH_charity_0616:row:2654,15.4712,train,
14616,14616,C[C@@H]1C[C@H](c2ccc3ccccc3c2)C(C)(C)C1=O,10.12,1.0,0.002,10.1002/anie.202017190,ODH,2655,ODH_charity_0616:row:2655,10.12,train,
14617,14617,CN(C[C@@H](CSc1oc2ccccc2n1)C#N)C(c3ccccc3)c4ccccc4,10.9,1.0,0.1,10.1002/anie.201712395,ODH,2656,ODH_charity_0616:row:2656,10.9,train,
14618,14618,CN(C[C@H](CSc1oc2ccccc2n1)C#N)C(c3ccccc3)c4ccccc4,19.4,1.0,0.1,10.1002/anie.201712395,ODH,2657,ODH_charity_0616:row:2657,19.4,train,
14636,14636,OC[C@]1(COCCO1)C(F)(F)F,22.0,1.0,0.05,10.1002/anie.201509888,ODH,2658,ODH_charity_0616:row:2658,22.0,train,
14637,14637,OC[C@@]1(COCCO1)C(F)(F)F,19.4,1.0,0.05,10.1002/anie.201509888,ODH,2659,ODH_charity_0616:row:2659,19.4,train,
14644,14644,CC[C@H]1C[C@@H](O)c2cc(F)ccc2O1,21.154,0.5,0.03,10.1039/C8CC07787H,ODH,2660,ODH_charity_0616:row:2660,10.577,valid,
14654,14654,C[C@@H](C#Cc1ccccc1)c2ccc3Sc4ccccc4C(=O)Cc3c2,16.74,0.7,0.01,10.1002/anie.202006317,ODH,2661,ODH_charity_0616:row:2661,11.718,train,
14655,14655,C[C@H](C#Cc1ccccc1)c2ccc3Sc4ccccc4C(=O)Cc3c2,19.45,0.7,0.01,10.1002/anie.202006317,ODH,2662,ODH_charity_0616:row:2662,13.615,train,
14656,14656,Brc1ccc2N[C@@H]([C@@H]3CCO[C@@H]3c2c1)c4ccccc4,14.88,1.0,0.15,10.1002/anie.201504790,ODH,2663,ODH_charity_0616:row:2663,14.88,valid,
14659,14659,O[C@@H](C[C@H](O)c1ccccc1)c2ccccc2,16.8,1.0,0.1,10.1002/anie.201105780,ODH,2664,ODH_charity_0616:row:2664,16.8,train,
14668,14668,Cc1ccc(cc1)[C@H]2C=C(N(C(=O)[C@@H]2c3ccccc3)[S](=O)(=O)c4ccc(C)cc4)c5ccccc5,14.2,0.75,0.2,10.1021/ol300676w,ODH,2665,ODH_charity_0616:row:2665,10.65,train,
14682,14682,CC(=O)C1=C(C)OC(=O)C[C@@H]1c2ccccc2F,22.8,0.7,0.05,10.1002/anie.201302152,ODH,2666,ODH_charity_0616:row:2666,15.96,test,
14683,14683,CC(=O)C1=C(C)OC(=O)C[C@H]1c2ccccc2F,19.5,0.7,0.05,10.1002/anie.201302152,ODH,2667,ODH_charity_0616:row:2667,13.65,train,
14705,14705,COc1ccc(N[C@H](C)C=C)cc1,20.686,0.5,0.001,10.1021/acscatal.0c00712,ODH,2668,ODH_charity_0616:row:2668,10.343,train,
14706,14706,COc1ccc(N[C@@H](C)C=C)cc1,19.537,0.5,0.001,10.1021/acscatal.0c00712,ODH,2669,ODH_charity_0616:row:2669,9.7685,valid,
14748,14748,Cc1ccc(cc1)[S](=O)(=O)N2CCC[C@H](C2)c3ccccc3,23.1,1.0,0.03,10.1039/C7QO00248C,ODH,2670,ODH_charity_0616:row:2670,23.1,train,
14749,14749,Cc1ccc(cc1)[S](=O)(=O)N2CCC[C@@H](C2)c3ccccc3,19.6,1.0,0.03,10.1039/C7QO00248C,ODH,2671,ODH_charity_0616:row:2671,19.6,valid,
14762,14762,FC(F)(F)c1ccc(cc1)[C@@H]2CCc3ccccc3N2,12.79,1.0,0.05,10.1021/ja903547q,ODH,2672,ODH_charity_0616:row:2672,12.79,train,
14763,14763,FC(F)(F)c1ccc(cc1)[C@H]2CCc3ccccc3N2,19.61,1.0,0.05,10.1021/ja903547q,ODH,2673,ODH_charity_0616:row:2673,19.61,train,
14764,14764,O[C@@H]/1CCC1=C/c2oc3ccccc3c2,15.319,0.8,0.05,10.1021/acs.orglett.9b01514,ODH,2674,ODH_charity_0616:row:2674,12.2552,train,
14765,14765,O[C@H]/1CCC1=C/c2oc3ccccc3c2,19.619,0.8,0.05,10.1021/acs.orglett.9b01514,ODH,2675,ODH_charity_0616:row:2675,15.6952,train,
14814,14814,CC[C@@H](\C=C\c1ccc2ccccc2c1)C#Cc3ccc(cc3)C#N,21.2,0.5,0.05,10.1002/anie.202110233,ODH,2676,ODH_charity_0616:row:2676,10.6,train,
14815,14815,CC[C@H](\C=C\c1ccc2ccccc2c1)C#Cc3ccc(cc3)C#N,19.7,0.5,0.05,10.1002/anie.202110233,ODH,2677,ODH_charity_0616:row:2677,9.85,train,
14820,14820,CCOC(=O)[C@@]1(N[S](=O)(=O)c2ccc(OC(F)(F)F)cc12)C#Cc3ccccc3,25.3,0.5,0.15,10.1039/c7cc02159c,ODH,2678,ODH_charity_0616:row:2678,12.65,train,
14821,14821,CCOC(=O)[C@]1(N[S](=O)(=O)c2ccc(OC(F)(F)F)cc12)C#Cc3ccccc3,19.7,0.5,0.15,10.1039/c7cc02159c,ODH,2679,ODH_charity_0616:row:2679,9.85,train,
14845,14845,O[C@H](C(O)=O)c1ccc(F)cc1,14.86,0.8,0.05,10.1002/adsc.201700846,ODH,2680,ODH_charity_0616:row:2680,11.888,train,
14846,14846,O[C@@H](C(O)=O)c1ccc(F)cc1,19.79,0.8,0.05,10.1002/adsc.201700846,ODH,2681,ODH_charity_0616:row:2681,15.832,train,
14847,14847,COc1ccccc1\C=C\2CC[C@H]2O,9.388,0.8,0.2,10.1021/acs.orglett.9b01514,ODH,2682,ODH_charity_0616:row:2682,7.5104,train,
14848,14848,COc1ccccc1\C=C\2CC[C@@H]2O,19.794,0.8,0.2,10.1021/acs.orglett.9b01514,ODH,2683,ODH_charity_0616:row:2683,15.8352,valid,
14866,14866,COc1ccc(cc1OC)[C@@H](C[N+]([O-])=O)c2ccc(C)cc2,18.6,1.5,0.1,10.1021/acs.orglett.5b00863,ODH,2684,ODH_charity_0616:row:2684,27.9,train,
14867,14867,COc1ccc(cc1OC)[C@H](C[N+]([O-])=O)c2ccc(C)cc2,19.8,1.5,0.1,10.1021/acs.orglett.5b00863,ODH,2685,ODH_charity_0616:row:2685,29.7,train,
14868,14868,Oc1ccccc1C2=N[C@@H](Cc3ccccc3C2=O)c4ccc(Cl)cc4,21.0,0.7,0.04,10.1021/acs.orglett.6b03027,ODH,2686,ODH_charity_0616:row:2686,14.7,train,
14869,14869,Oc1ccccc1C2=N[C@H](Cc3ccccc3C2=O)c4ccc(Cl)cc4,19.8,0.7,0.04,10.1021/acs.orglett.6b03027,ODH,2687,ODH_charity_0616:row:2687,13.86,train,
14870,14870,Cc1ccc(cc1)[C@@H]2Cc3ccccc3C(=O)C(=N2)c4cc(F)ccc4O,21.1,0.7,0.02,10.1021/acs.orglett.6b03027,ODH,2688,ODH_charity_0616:row:2688,14.77,train,
14871,14871,Cc1ccc(cc1)[C@H]2Cc3ccccc3C(=O)C(=N2)c4cc(F)ccc4O,19.8,0.7,0.02,10.1021/acs.orglett.6b03027,ODH,2689,ODH_charity_0616:row:2689,13.86,test,
14888,14888,Cc1ccc(C[C@H]2NC(=O)c3ccccc23)cc1,25.9,1.0,0.05,10.1039/C2CC16832D,ODH,2690,ODH_charity_0616:row:2690,25.9,train,
14889,14889,Cc1ccc(C[C@@H]2NC(=O)c3ccccc23)cc1,19.8,1.0,0.05,10.1039/C2CC16832D,ODH,2691,ODH_charity_0616:row:2691,19.8,train,
14890,14890,COC(=O)c1ccc(cc1)c2oc(C)c3Cc4ccccc4N5CCOC[C@H]5c23,30.0,0.6,0.05,10.1002/chem.201100019,ODH,2692,ODH_charity_0616:row:2692,18.0,train,
14891,14891,COC(=O)c1ccc(cc1)c2oc(C)c3Cc4ccccc4N5CCOC[C@@H]5c23,19.8,0.6,0.05,10.1002/chem.201100019,ODH,2693,ODH_charity_0616:row:2693,11.88,train,
14898,14898,Cc1ccc2N[C@@H]([C@@H]3CCO[C@@H]3c2c1)c4ccc(Br)cc4,9.0,1.0,0.15,10.1002/anie.201504790,ODH,2694,ODH_charity_0616:row:2694,9.0,train,
14901,14901,COc1cccc(\C=C\2CC[C@H]2O)c1,13.698,0.8,0.1,10.1021/acs.orglett.9b01514,ODH,2695,ODH_charity_0616:row:2695,10.9584,train,
14902,14902,COc1cccc(\C=C\2CC[C@@H]2O)c1,19.84,0.8,0.1,10.1021/acs.orglett.9b01514,ODH,2696,ODH_charity_0616:row:2696,15.872,valid,
14903,14903,C[C@@H](NN1C(=O)CCC1=O)c2ccccc2,16.059,0.8,0.2,10.1002/ejoc.202100642,ODH,2697,ODH_charity_0616:row:2697,12.8472,test,
14904,14904,C[C@H](NN1C(=O)CCC1=O)c2ccccc2,19.841,0.8,0.2,10.1002/ejoc.202100642,ODH,2698,ODH_charity_0616:row:2698,15.8728,train,
14915,14915,O[C@@]1([C@H](C=C)c2ccccc2F)C(=O)N(Cc3cccc4ccccc34)c5ccccc15,16.291,1.0,0.1,10.1021/acs.orglett.8b02655,ODH,2699,ODH_charity_0616:row:2699,16.291,train,
14917,14917,C[C@H]1C[C@@H](O)c2cc(C)ccc2O1,23.689,0.5,0.03,10.1039/C8CC07787H,ODH,2700,ODH_charity_0616:row:2700,11.8445,train,
14938,14938,Cc1ccc(cc1)[S](=O)(=O)N/C(c2ccccc2)=C3/[C@H]([C@@H](CC3=O)c4ccc(Br)cc4)c5ccccc5,23.3,0.75,0.1,10.1039/C3SC50666E,ODH,2701,ODH_charity_0616:row:2701,17.475,train,
14939,14939,[O-][N+](=O)C[C@H](c1ccccc1)c2ccc(cc2)c3ccccc3,33.4,1.0,0.05,10.1021/acs.orglett.5b00863,ODH,2702,ODH_charity_0616:row:2702,33.4,train,
14940,14940,[O-][N+](=O)C[C@@H](c1ccccc1)c2ccc(cc2)c3ccccc3,19.9,1.0,0.05,10.1021/acs.orglett.5b00863,ODH,2703,ODH_charity_0616:row:2703,19.9,train,
14953,14953,O[C@H](C(=O)Nc1ccc(O)cc1)c2ccccc2,12.6,0.8,0.2,10.1002/adsc.201700846,ODH,2704,ODH_charity_0616:row:2704,10.08,train,
14954,14954,O[C@@H](C(=O)Nc1ccc(O)cc1)c2ccccc2,19.99,0.8,0.2,10.1002/adsc.201700846,ODH,2705,ODH_charity_0616:row:2705,15.992,train,
14961,14961,COC(=O)[C@H](O)c1ccccc1,2.35,2.0,0.2,10.1002/anie.200704651,ODH,2706,ODH_charity_0616:row:2706,4.7,train,
14962,14962,COC(=O)[C@@H](O)c1ccccc1,2.87,2.0,0.2,10.1002/anie.200704651,ODH,2707,ODH_charity_0616:row:2707,5.74,train,
14963,14963,CCC[C@@H](NCc1ccccc1)C(=C)CCCCCCCCCOCc2ccccc2,3.082,1.0,0.05,10.1021/jacs.1c04016,ODH,2708,ODH_charity_0616:row:2708,3.082,train,
14964,14964,CCC[C@H](NCc1ccccc1)C(=C)CCCCCCCCCOCc2ccccc2,2.958,1.0,0.05,10.1021/jacs.1c04016,ODH,2709,ODH_charity_0616:row:2709,2.958,train,
14967,14967,CCC[C@]1(C(=O)OCC=C)C(=O)N(C(=O)C(c2ccccc2)c3ccccc3)c4ccccc14,14.0,0.5,0.001,10.1002/ajoc.201900294,ODH,2710,ODH_charity_0616:row:2710,7.0,train,
14968,14968,CCC[C@@]1(C(=O)OCC=C)C(=O)N(C(=O)C(c2ccccc2)c3ccccc3)c4ccccc14,20.0,0.5,0.001,10.1002/ajoc.201900294,ODH,2711,ODH_charity_0616:row:2711,10.0,valid,
14970,14970,CC1=C([C@@H](CC(=O)O1)c2ccccc2)C(=O)c3ccccc3,15.8,0.7,0.05,10.1021/acs.orglett.7b03650,ODH,2712,ODH_charity_0616:row:2712,11.06,valid,
14971,14971,CC1=C([C@H](CC(=O)O1)c2ccccc2)C(=O)c3ccccc3,20.0,0.7,0.05,10.1021/acs.orglett.7b03650,ODH,2713,ODH_charity_0616:row:2713,14.0,train,
14973,14973,Fc1cccc2O[C@@H](Cc3ccccc3)C(=O)N(Cc4ccccc4)c12,17.5,0.5,0.05,10.1021/acs.orglett.1c01701,ODH,2714,ODH_charity_0616:row:2714,8.75,train,
14974,14974,Fc1cccc2O[C@H](Cc3ccccc3)C(=O)N(Cc4ccccc4)c12,20.0,0.5,0.05,10.1021/acs.orglett.1c01701,ODH,2715,ODH_charity_0616:row:2715,10.0,train,
14987,14987,C=C[C@@H](C1CC1)c2c[nH]c3ccccc23,22.0,1.0,0.01,10.1002/chem.202004613,ODH,2716,ODH_charity_0616:row:2716,22.0,train,
14988,14988,C=C[C@H](C1CC1)c2c[nH]c3ccccc23,20.0,1.0,0.01,10.1002/chem.202004613,ODH,2717,ODH_charity_0616:row:2717,20.0,train,
15011,15011,Cc1cc2C[C@@H](\C=C\c3ccccc3)N(c2cc1C)[S](=O)(=O)C(F)(F)F,13.3,0.5,0.02,10.1021/jacs.1c07212,ODH,2718,ODH_charity_0616:row:2718,6.65,train,
15012,15012,Cc1cc2C[C@H](\C=C\c3ccccc3)N(c2cc1C)[S](=O)(=O)C(F)(F)F,20.1,0.5,0.02,10.1021/jacs.1c07212,ODH,2719,ODH_charity_0616:row:2719,10.05,test,
15019,15019,Oc1ccccc1C2=N[C@@H](Cc3ccccc3C2=O)c4ccccc4,22.4,0.7,0.03,10.1021/acs.orglett.6b03027,ODH,2720,ODH_charity_0616:row:2720,15.68,train,
15020,15020,Oc1ccccc1C2=N[C@H](Cc3ccccc3C2=O)c4ccccc4,20.1,0.7,0.03,10.1021/acs.orglett.6b03027,ODH,2721,ODH_charity_0616:row:2721,14.07,train,
15033,15033,Cc1cc(C)cc(c1)[C@H](C[N+]([O-])=O)c2ccccc2,34.1,1.0,0.05,10.1021/acs.orglett.5b00863,ODH,2722,ODH_charity_0616:row:2722,34.1,train,
15034,15034,Cc1cc(C)cc(c1)[C@@H](C[N+]([O-])=O)c2ccccc2,20.1,1.0,0.05,10.1021/acs.orglett.5b00863,ODH,2723,ODH_charity_0616:row:2723,20.1,train,
15038,15038,CCC[C@H](C1=CNC2=C1C=C(Br)C=C2)CC=O,23.74,0.5,0.15,10.1039/C0OB00016G,ODH,2724,ODH_charity_0616:row:2724,11.87,train,
15039,15039,CCC[C@@H](C1=CNC2=C1C=C(Br)C=C2)CC=O,20.12,0.5,0.15,10.1039/C0OB00016G,ODH,2725,ODH_charity_0616:row:2725,10.06,train,
15040,15040,Brc1ccc(cc1)[C@@H]2CCc3ccccc3N2,11.52,1.0,0.05,10.1021/ja903547q,ODH,2726,ODH_charity_0616:row:2726,11.52,train,
15041,15041,Brc1ccc(cc1)[C@H]2CCc3ccccc3N2,20.13,1.0,0.05,10.1021/ja903547q,ODH,2727,ODH_charity_0616:row:2727,20.13,train,
15074,15074,CCOC(=O)C[C@H]1[C@@H](c2ccccc2)c3cc(oc3N(C1=O)[S](=O)(=O)c4ccc(C)cc4)c5ccc(Cl)cc5,31.6,0.5,0.2,10.1002/anie.201910922,ODH,2728,ODH_charity_0616:row:2728,15.8,train,
15079,15079,O=C1N([C@@H]2Cc3ccccc3N[C@@H]2CCc4ccccc4)C(=O)c5ccccc15,57.8,0.7,0.3,10.1002/chem.201402592,ODH,2729,ODH_charity_0616:row:2729,40.46,train,
15086,15086,C1Cc2ccccc2[C@@H]1C#Cc3ccccc3,30.71,0.7,0.005,10.1002/anie.202006317,ODH,2730,ODH_charity_0616:row:2730,21.497,train,
15087,15087,C1Cc2ccccc2[C@H]1C#Cc3ccccc3,20.24,0.7,0.005,10.1002/anie.202006317,ODH,2731,ODH_charity_0616:row:2731,14.168,train,
15090,15090,COC(=O)c1ccc(cc1)C(=O)C(=[N+]=[N-])[C@@H](N)C(F)(F)F,10.463,1.0,0.1,10.1002/anie.201810253,ODH,2732,ODH_charity_0616:row:2732,10.463,valid,
15091,15091,COC(=O)c1ccc(cc1)C(=O)C(=[N+]=[N-])[C@H](N)C(F)(F)F,20.266,1.0,0.1,10.1002/anie.201810253,ODH,2733,ODH_charity_0616:row:2733,20.266,train,
15099,15099,CCCCC(=O)[C@H](NC(=O)OC(C)(C)C)c1cccc(C)c1,16.9,0.5,0.03,10.1002/anie.201107473,ODH,2734,ODH_charity_0616:row:2734,8.45,train,
15100,15100,CCCCC(=O)[C@@H](NC(=O)OC(C)(C)C)c1cccc(C)c1,20.3,0.5,0.03,10.1002/anie.201107473,ODH,2735,ODH_charity_0616:row:2735,10.15,train,
15110,15110,Cc1cn2c3c(cccc13)C(=O)O[C@]24C(=O)N(Cc5ccccc5)c6ccccc46,22.8,0.8,0.1,10.1021/acscatal.9b03163,ODH,2736,ODH_charity_0616:row:2736,18.24,train,
15111,15111,Cc1cn2c3c(cccc13)C(=O)O[C@@]24C(=O)N(Cc5ccccc5)c6ccccc46,20.3,0.8,0.1,10.1021/acscatal.9b03163,ODH,2737,ODH_charity_0616:row:2737,16.24,train,
15116,15116,C1Nc2ccccc2N[C@@H]1c3ccc4ccccc4c3,30.7,0.6,0.4,10.1021/ja200723n,ODH,2738,ODH_charity_0616:row:2738,18.42,test,
15117,15117,C1Nc2ccccc2N[C@H]1c3ccc4ccccc4c3,20.3,0.6,0.4,10.1021/ja200723n,ODH,2739,ODH_charity_0616:row:2739,12.18,train,
15141,15141,O[C@@H]([C@@H](C=C)c1ccc(Br)cc1)C(=O)c2ccccc2,15.0,0.5,0.05,10.1021/jacs.6b06156,ODH,2740,ODH_charity_0616:row:2740,7.5,train,
15142,15142,O[C@@H]([C@@H](C=C)c1ccc(Br)cc1)C(=O)c2ccccc2,15.0,0.5,0.05,10.1021/jacs.6b06156,ODH,2741,ODH_charity_0616:row:2741,7.5,train,
15167,15167,IC[C@]1(CCCc2ccccc2)COc3ccccc13,29.0,0.5,0.01,10.1021/jacs.9b04332,ODH,2742,ODH_charity_0616:row:2742,14.5,train,
15168,15168,IC[C@@]1(CCCc2ccccc2)COc3ccccc13,20.4,0.5,0.01,10.1021/jacs.9b04332,ODH,2743,ODH_charity_0616:row:2743,10.2,test,
15180,15180,COc1cccc(c1)[C@@H](C=C)[C@]2(O)C(=O)N(Cc3cccc4ccccc34)c5ccccc25,16.95,1.0,0.1,10.1021/acs.orglett.8b02655,ODH,2744,ODH_charity_0616:row:2744,16.95,train,
15181,15181,C[C@H]1C[C@@H](O)c2ccc(C)cc2O1,24.786,0.5,0.03,10.1039/C8CC07787H,ODH,2745,ODH_charity_0616:row:2745,12.393,test,
15183,15183,CC(C)(C)OC(=O)[C@@](C)(N)C\C=C\c1ccc(cc1)[N+]([O-])=O,11.0,0.5,0.08,10.1021/jacs.7b05460,ODH,2746,ODH_charity_0616:row:2746,5.5,train,
15184,15184,CC(C)(C)OC(=O)[C@](C)(N)C\C=C\c1ccc(cc1)[N+]([O-])=O,20.5,0.5,0.08,10.1021/jacs.7b05460,ODH,2747,ODH_charity_0616:row:2747,10.25,train,
15185,15185,CC(C)(C)OC(=O)[C@@](C)(N)C\C=C\c1ccc(cc1)[N+]([O-])=O,11.0,0.5,0.08,10.1021/jacs.7b05460,ODH,2748,ODH_charity_0616:row:2748,5.5,valid,
15186,15186,CC(C)(C)OC(=O)[C@](C)(N)C\C=C\c1ccc(cc1)[N+]([O-])=O,20.5,0.5,0.08,10.1021/jacs.7b05460,ODH,2749,ODH_charity_0616:row:2749,10.25,train,
15200,15200,O[C@@H]/1CCCC1=C/c2ccccc2,19.0,0.8,0.05,10.1021/acs.organomet.9b00366,ODH,2750,ODH_charity_0616:row:2750,15.2,train,
15201,15201,O[C@H]/1CCCC1=C/c2ccccc2,20.5,0.8,0.05,10.1021/acs.organomet.9b00366,ODH,2751,ODH_charity_0616:row:2751,16.4,train,
15202,15202,CC(=O)SC[C@@H](CO)c1ccccc1,19.0,1.0,0.05,10.1002/anie.201601844,ODH,2752,ODH_charity_0616:row:2752,19.0,train,
15203,15203,CC(=O)SC[C@H](CO)c1ccccc1,20.5,1.0,0.05,10.1002/anie.201601844,ODH,2753,ODH_charity_0616:row:2753,20.5,train,
15231,15231,C=C[C@H]1CC(=C(O1)\C=C\c2ccccc2)C#N,16.098,1.0,0.01,10.1021/acs.orglett.0c01483,ODH,2754,ODH_charity_0616:row:2754,16.098,train,
15232,15232,C=C[C@@H]1CC(=C(O1)\C=C\c2ccccc2)C#N,20.552,1.0,0.01,10.1021/acs.orglett.0c01483,ODH,2755,ODH_charity_0616:row:2755,20.552,train,
15244,15244,CC[C@H]1C[C@@H](O)c2ccccc2O1,22.228,0.5,0.03,10.1039/C8CC07787H,ODH,2756,ODH_charity_0616:row:2756,11.114,train,
15251,15251,O[C@@H]([C@H](C=C)c1ccc(F)cc1)C(=O)c2ccccc2,16.2,0.5,0.05,10.1021/jacs.6b06156,ODH,2757,ODH_charity_0616:row:2757,8.1,train,
15252,15252,O[C@@H]([C@H](C=C)c1ccc(F)cc1)C(=O)c2ccccc2,16.2,0.5,0.05,10.1021/jacs.6b06156,ODH,2758,ODH_charity_0616:row:2758,8.1,train,
15263,15263,Cc1ccc(cc1)[C@@H]2CCN(C2)[S](=O)(=O)c3ccc(C)cc3,23.0,1.0,0.05,10.1039/C7QO00248C,ODH,2759,ODH_charity_0616:row:2759,23.0,train,
15264,15264,Cc1ccc(cc1)[C@H]2CCN(C2)[S](=O)(=O)c3ccc(C)cc3,20.6,1.0,0.05,10.1039/C7QO00248C,ODH,2760,ODH_charity_0616:row:2760,20.6,test,
15276,15276,C[C@@H](c1ccc(C)cc1)c2cccc(c2)C#N,21.72,0.3,0.05,10.1021/acs.organomet.1c00190,ODH,2761,ODH_charity_0616:row:2761,6.516,train,
15277,15277,C[C@H](c1ccc(C)cc1)c2cccc(c2)C#N,20.65,0.3,0.05,10.1021/acs.organomet.1c00190,ODH,2762,ODH_charity_0616:row:2762,6.195,train,
15296,15296,CC(C)(C)OC(=O)[C@@](C)(N)C\C=C\c1ccc2OCOc2c1,15.0,0.5,0.08,10.1021/jacs.7b05460,ODH,2763,ODH_charity_0616:row:2763,7.5,train,
15297,15297,CC(C)(C)OC(=O)[C@](C)(N)C\C=C\c1ccc2OCOc2c1,20.7,0.5,0.08,10.1021/jacs.7b05460,ODH,2764,ODH_charity_0616:row:2764,10.35,train,
15336,15336,COc1cccc(c1)[C@@H](C(C(=O)c2ccccc2)C(=O)c3ccccc3)C(=O)\C=C\c4ccccc4,16.9,0.75,0.5,10.1002/anie.201105812,ODH,2765,ODH_charity_0616:row:2765,12.675,train,
15337,15337,COc1cccc(c1)[C@H](C(C(=O)c2ccccc2)C(=O)c3ccccc3)C(=O)\C=C\c4ccccc4,20.8,0.75,0.5,10.1002/anie.201105812,ODH,2766,ODH_charity_0616:row:2766,15.6,train,
15348,15348,COc1ccc(cc1)[S](=O)(=O)N/C(c2ccccc2)=C/3[C@@H](O)C[C@H]([C@@H]3c4ccccc4)c5ccc(Br)cc5,19.2,0.6,0.2,10.1039/C3SC50666E,ODH,2767,ODH_charity_0616:row:2767,11.52,train,
15372,15372,O[C@H](C(O)=O)c1cccc(Cl)c1,15.44,0.8,0.05,10.1002/adsc.201700846,ODH,2768,ODH_charity_0616:row:2768,12.352,train,
15373,15373,O[C@@H](C(O)=O)c1cccc(Cl)c1,20.84,0.8,0.05,10.1002/adsc.201700846,ODH,2769,ODH_charity_0616:row:2769,16.672,train,
15376,15376,O[C@]1([C@H](C=C)c2ccccc2)C(=O)N(Cc3cccc4ccccc34)c5ccccc15,17.861,1.0,0.1,10.1021/acs.orglett.8b02655,ODH,2770,ODH_charity_0616:row:2770,17.861,train,
15377,15377,O[C@@]1([C@H](C=C)c2ccccc2)C(=O)N(Cc3cccc4ccccc34)c5ccccc15,20.847,1.0,0.1,10.1021/acs.orglett.8b02655,ODH,2771,ODH_charity_0616:row:2771,20.847,train,
15380,15380,C[C@@](C/C=C/C=C/c1ccc(Cl)cc1)(C=O)c2ccccc2,22.438,0.5,0.02,10.1021/acs.orglett.8b00740,ODH,2772,ODH_charity_0616:row:2772,11.219,train,
15381,15381,C[C@](C/C=C/C=C/c1ccc(Cl)cc1)(C=O)c2ccccc2,20.852,0.5,0.02,10.1021/acs.orglett.8b00740,ODH,2773,ODH_charity_0616:row:2773,10.426,train,
15382,15382,O[C@H]1CCCC[C@H]1Nc2ccc(Cl)cc2,15.95,1.0,0.05,10.1021/ol901605a,ODH,2774,ODH_charity_0616:row:2774,15.95,train,
15383,15383,O[C@@H]1CCCC[C@H]1Nc2ccc(Cl)cc2,20.86,1.0,0.05,10.1021/ol901605a,ODH,2775,ODH_charity_0616:row:2775,20.86,train,
15386,15386,O[C@H]1CCCC[C@H]1Nc2cccc(Cl)c2,16.78,1.0,0.05,10.1021/ol901605a,ODH,2776,ODH_charity_0616:row:2776,16.78,train,
15387,15387,O[C@@H]1CCCC[C@H]1Nc2cccc(Cl)c2,20.89,1.0,0.05,10.1021/ol901605a,ODH,2777,ODH_charity_0616:row:2777,20.89,test,
15390,15390,[O-][N+](=O)[C@@]12Oc3ccccc3[C@@H]1CC(=C2)C(=O)OCc4ccccc4,18.75,0.5,0.3,10.1002/anie.201900036,ODH,2778,ODH_charity_0616:row:2778,9.375,train,
15398,15398,O[C@@H]([C@@H](C=C)c1ccc(Cl)cc1)C(=O)c2ccccc2,16.5,0.5,0.05,10.1021/jacs.6b06156,ODH,2779,ODH_charity_0616:row:2779,8.25,train,
15399,15399,O[C@@H]([C@@H](C=C)c1ccc(Cl)cc1)C(=O)c2ccccc2,16.5,0.5,0.05,10.1021/jacs.6b06156,ODH,2780,ODH_charity_0616:row:2780,8.25,train,
15400,15400,O[C@@H]([C@H](C=C)c1ccc(Cl)cc1)C(=O)c2ccccc2,16.5,0.5,0.05,10.1021/jacs.6b06156,ODH,2781,ODH_charity_0616:row:2781,8.25,train,
15401,15401,O[C@@H]([C@H](C=C)c1ccc(Cl)cc1)C(=O)c2ccccc2,16.5,0.5,0.05,10.1021/jacs.6b06156,ODH,2782,ODH_charity_0616:row:2782,8.25,valid,
15406,15406,COC(=O)C[C@@](C)(O)c1ccc(Br)cc1,18.2,0.5,0.02,10.1021/ja511371a,ODH,2783,ODH_charity_0616:row:2783,9.1,train,
15407,15407,COC(=O)C[C@](C)(O)c1ccc(Br)cc1,20.9,0.5,0.02,10.1021/ja511371a,ODH,2784,ODH_charity_0616:row:2784,10.45,train,
15410,15410,O=C1[C@H](Cc2occc2)Oc3ccccc3N1Cc4ccccc4,19.1,0.5,0.05,10.1021/acs.orglett.1c01701,ODH,2785,ODH_charity_0616:row:2785,9.55,train,
15411,15411,O=C1[C@@H](Cc2occc2)Oc3ccccc3N1Cc4ccccc4,20.9,0.5,0.05,10.1021/acs.orglett.1c01701,ODH,2786,ODH_charity_0616:row:2786,10.45,train,
15412,15412,OC[C@@H]1COC(CC=C)(CC=C)c2ccccc2O1,19.5,1.0,0.02,10.1021/acs.orglett.9b04244,ODH,2787,ODH_charity_0616:row:2787,19.5,train,
15413,15413,OC[C@H]1COC(CC=C)(CC=C)c2ccccc2O1,20.9,1.0,0.02,10.1021/acs.orglett.9b04244,ODH,2788,ODH_charity_0616:row:2788,20.9,train,
15456,15456,C=C[C@@H]1COC(=O)N1C(=O)c2ccccc2,12.5,1.0,0.2,10.1002/chem.201405830,ODH,2789,ODH_charity_0616:row:2789,12.5,train,
15457,15457,C=C[C@H]1COC(=O)N1C(=O)c2ccccc2,21.0,1.0,0.2,10.1002/chem.201405830,ODH,2790,ODH_charity_0616:row:2790,21.0,train,
15464,15464,Cc1ccc(C)c2C(=O)[C@H]3O[C@H]3[C@@H](O)c12,18.1,0.6,0.06,10.1021/acs.orglett.6b01073,ODH,2791,ODH_charity_0616:row:2791,10.86,train,
15473,15473,Fc1cc2ccn3c2c(c1)C(=O)O[C@]34C(=O)N(Cc5ccccc5)c6ccccc46,22.7,0.8,0.1,10.1021/acscatal.9b03163,ODH,2792,ODH_charity_0616:row:2792,18.16,train,
15474,15474,Fc1cc2ccn3c2c(c1)C(=O)O[C@@]34C(=O)N(Cc5ccccc5)c6ccccc46,21.0,0.8,0.1,10.1021/acscatal.9b03163,ODH,2793,ODH_charity_0616:row:2793,16.8,test,
15481,15481,C[C@@H]1CC(=O)N=C(S1)c2ccccc2,24.2,0.5,0.1,10.1021/acs.orglett.9b03685,ODH,2794,ODH_charity_0616:row:2794,12.1,train,
15482,15482,C[C@H]1CC(=O)N=C(S1)c2ccccc2,21.0,0.5,0.1,10.1021/acs.orglett.9b03685,ODH,2795,ODH_charity_0616:row:2795,10.5,train,
15499,15499,Fc1ccc(CC[C@@H]2Nc3ccccc3C[C@@H]2N4C(=O)c5ccccc5C4=O)cc1,41.2,0.7,0.3,10.1039/C4CC04386C,ODH,2796,ODH_charity_0616:row:2796,28.84,train,
15517,15517,Cc1cccc(c1)[C@H]2[C@H](Nc3cc(cc(c3)C(F)(F)F)C(F)(F)F)C=CC2=O,13.8,1.0,0.05,10.1002/anie.201607714,ODH,2797,ODH_charity_0616:row:2797,13.8,train,
15518,15518,Cc1cccc(c1)[C@@H]2[C@H](Nc3cc(cc(c3)C(F)(F)F)C(F)(F)F)C=CC2=O,21.1,1.0,0.05,10.1002/anie.201607714,ODH,2798,ODH_charity_0616:row:2798,21.1,train,
15520,15520,Fc1ccc(OC(=O)/C=C/[C@H](C2CCCCC2)N3C(=O)C4CC=CCC4C3=O)cc1,17.9,0.8,0.1,10.1039/C9SC04073K,ODH,2799,ODH_charity_0616:row:2799,14.32,valid,
15521,15521,Fc1ccc(OC(=O)/C=C/[C@@H](C2CCCCC2)N3C(=O)C4CC=CCC4C3=O)cc1,21.1,0.8,0.1,10.1039/C9SC04073K,ODH,2800,ODH_charity_0616:row:2800,16.88,train,
15524,15524,OC[C@]1(\C=C\c2ccccc2)C(=O)N(CC=C)c3ccccc13,19.0,0.8,0.05,10.31635/ccschem.019.20190064,ODH,2801,ODH_charity_0616:row:2801,15.2,train,
15525,15525,OC[C@@]1(\C=C\c2ccccc2)C(=O)N(CC=C)c3ccccc13,21.1,0.8,0.05,10.31635/ccschem.019.20190064,ODH,2802,ODH_charity_0616:row:2802,16.88,test,
15533,15533,Oc1ccccc1[C@H](OCCSCc2ccccc2)c3ccccc3,23.0,1.0,0.03,10.1021/acs.orglett.5b03072,ODH,2803,ODH_charity_0616:row:2803,23.0,train,
15534,15534,Oc1ccccc1[C@@H](OCCSCc2ccccc2)c3ccccc3,21.1,1.0,0.03,10.1021/acs.orglett.5b03072,ODH,2804,ODH_charity_0616:row:2804,21.1,train,
15547,15547,CCOC(=O)CN1C(=O)OC[C@]1(CC=C)c2ccccc2,35.4,0.8,0.1,10.1002/chem.201704760,ODH,2805,ODH_charity_0616:row:2805,28.32,train,
15548,15548,CCOC(=O)CN1C(=O)OC[C@@]1(CC=C)c2ccccc2,21.1,0.8,0.1,10.1002/chem.201704760,ODH,2806,ODH_charity_0616:row:2806,16.88,train,
15556,15556,CCCC[C@@H](C=O)[C@H](C[N+]([O-])=O)c1ccccc1,28.48,0.8,0.1,10.1039/C2OB00003B,ODH,2807,ODH_charity_0616:row:2807,22.784,train,
15561,15561,CO[C@@H](C(=O)OC)c1ccccc1,10.21,1.0,0.01,10.1038/nchem.651,ODH,2808,ODH_charity_0616:row:2808,10.21,test,
15562,15562,CO[C@H](C(=O)OC)c1ccccc1,21.19,1.0,0.01,10.1038/nchem.651,ODH,2809,ODH_charity_0616:row:2809,21.19,train,
15563,15563,CO[C@@H](C(=O)OC)c1ccccc1,10.21,1.0,0.01,10.1038/nchem.651,ODH,2810,ODH_charity_0616:row:2810,10.21,train,
15564,15564,CO[C@H](C(=O)OC)c1ccccc1,21.19,1.0,0.01,10.1038/nchem.651,ODH,2811,ODH_charity_0616:row:2811,21.19,train,
15569,15569,CC(C)O[P](=O)(OC(C)C)[C@@]12CC(=CC(=O)N1[S](=O)(=O)c3ccc(C)cc23)c4ccccc4,15.6,0.8,0.2,10.1021/acs.orglett.8b02707,ODH,2812,ODH_charity_0616:row:2812,12.48,train,
15570,15570,CC(C)O[P](=O)(OC(C)C)[C@]12CC(=CC(=O)N1[S](=O)(=O)c3ccc(C)cc23)c4ccccc4,21.2,0.8,0.2,10.1021/acs.orglett.8b02707,ODH,2813,ODH_charity_0616:row:2813,16.96,train,
15578,15578,CCCNC(=O)[C@@](C)(NC(=O)c1ccc(OC)cc1)C(=O)OCc2ccccc2,19.0,0.3,0.35,10.1039/D0SC00808G,ODH,2814,ODH_charity_0616:row:2814,5.7,train,
15579,15579,CCCNC(=O)[C@](C)(NC(=O)c1ccc(OC)cc1)C(=O)OCc2ccccc2,21.2,0.3,0.35,10.1039/D0SC00808G,ODH,2815,ODH_charity_0616:row:2815,6.36,train,
15590,15590,CCCCC[C@H](C=C)c1c[nH]c2cccc(OC)c12,25.5,1.0,0.01,10.1002/chem.202004613,ODH,2816,ODH_charity_0616:row:2816,25.5,train,
15591,15591,CCCCC[C@@H](C=C)c1c[nH]c2cccc(OC)c12,21.2,1.0,0.01,10.1002/chem.202004613,ODH,2817,ODH_charity_0616:row:2817,21.2,train,
15592,15592,C[C@H](Nc1ccccc1)[C@@H](O)c2ccccc2,25.7,1.0,0.05,10.1021/jacs.0c07210,ODH,2818,ODH_charity_0616:row:2818,25.7,train,
15608,15608,Cc1ccc(cc1)[S](=O)(=O)N2C[C@@H]3C=CCN(C(=C3C2)c4ccc(Cl)cc4)[S](=O)(=O)c5ccc(C)cc5,24.82,0.8,0.2,10.1021/jacs.5b01305,ODH,2819,ODH_charity_0616:row:2819,19.856,test,
15609,15609,Cc1ccc(cc1)[S](=O)(=O)N2C[C@H]3C=CCN(C(=C3C2)c4ccc(Cl)cc4)[S](=O)(=O)c5ccc(C)cc5,21.27,0.8,0.2,10.1021/jacs.5b01305,ODH,2820,ODH_charity_0616:row:2820,17.016,train,
15639,15639,C[C@H]1Nc2ccccc2C[C@H]1N3C(=O)c4ccccc4C3=O,28.0,0.7,0.3,10.1002/chem.201402592,ODH,2821,ODH_charity_0616:row:2821,19.6,train,
15640,15640,C[C@@H]1Nc2ccccc2C[C@H]1N3C(=O)c4ccccc4C3=O,21.3,0.7,0.3,10.1002/chem.201402592,ODH,2822,ODH_charity_0616:row:2822,14.91,train,
15649,15649,CC(C)(C)OC(=O)N1OCC[C@@H]1Cc2cc(F)c(F)cc2F,13.908,0.5,0.05,10.1039/D1SC01337H,ODH,2823,ODH_charity_0616:row:2823,6.954,train,
15650,15650,CC(C)(C)OC(=O)N1OCC[C@H]1Cc2cc(F)c(F)cc2F,21.302,0.5,0.05,10.1039/D1SC01337H,ODH,2824,ODH_charity_0616:row:2824,10.651,train,
15666,15666,IC[C@@]1(CCC(=O)O1)c2ccccc2,25.5,1.0,0.05,10.1038/s41467/021/27813/4,ODH,2825,ODH_charity_0616:row:2825,25.5,train,
15667,15667,IC[C@]1(CCC(=O)O1)c2ccccc2,21.4,1.0,0.05,10.1038/s41467/021/27813/4,ODH,2826,ODH_charity_0616:row:2826,21.4,train,
15675,15675,C[C@H]1C[C@@H](O)c2cc(Cl)ccc2O1,25.758,0.5,0.03,10.1039/C8CC07787H,ODH,2827,ODH_charity_0616:row:2827,12.879,train,
15682,15682,COc1cccc(c1)[C@H](O)C(O)=O,10.97,0.8,0.1,10.1002/adsc.201700846,ODH,2828,ODH_charity_0616:row:2828,8.776,train,
15683,15683,COc1cccc(c1)[C@@H](O)C(O)=O,21.48,0.8,0.1,10.1002/adsc.201700846,ODH,2829,ODH_charity_0616:row:2829,17.184,train,
15684,15684,O[C@@H]/1CCC1=C/c2sccc2,17.812,0.8,0.05,10.1021/acs.orglett.9b01514,ODH,2830,ODH_charity_0616:row:2830,14.2496,train,
15685,15685,O[C@H]/1CCC1=C/c2sccc2,21.481,0.8,0.05,10.1021/acs.orglett.9b01514,ODH,2831,ODH_charity_0616:row:2831,17.1848,train,
15702,15702,COc1ccc(cc1)N2[C@@H](COC2=O)C=C,17.6,1.0,0.2,10.1002/chem.201405830,ODH,2832,ODH_charity_0616:row:2832,17.6,train,
15703,15703,COc1ccc(cc1)N2[C@H](COC2=O)C=C,21.5,1.0,0.2,10.1002/chem.201405830,ODH,2833,ODH_charity_0616:row:2833,21.5,train,
15712,15712,Cc1ccc(cc1)[S](=O)(=O)N2CC[C@H](C2)c3ccc(C)c(C)c3,23.8,1.0,0.05,10.1039/C7QO00248C,ODH,2834,ODH_charity_0616:row:2834,23.8,train,
15713,15713,Cc1ccc(cc1)[S](=O)(=O)N2CC[C@@H](C2)c3ccc(C)c(C)c3,21.5,1.0,0.05,10.1039/C7QO00248C,ODH,2835,ODH_charity_0616:row:2835,21.5,train,
15714,15714,CC(C)c1ccc(cc1)[C@H](C)COC=O,24.7,0.5,0.005,10.1021/acs.orglett.7b03469,ODH,2836,ODH_charity_0616:row:2836,12.35,train,
15715,15715,CC(C)c1ccc(cc1)[C@@H](C)COC=O,21.5,0.5,0.005,10.1021/acs.orglett.7b03469,ODH,2837,ODH_charity_0616:row:2837,10.75,valid,
15716,15716,Cc1ccc(O)c(c1)C2=N[C@@H](Cc3ccccc3C2=O)c4ccccc4,24.9,0.7,0.02,10.1021/acs.orglett.6b03027,ODH,2838,ODH_charity_0616:row:2838,17.43,train,
15717,15717,Cc1ccc(O)c(c1)C2=N[C@H](Cc3ccccc3C2=O)c4ccccc4,21.5,0.7,0.02,10.1021/acs.orglett.6b03027,ODH,2839,ODH_charity_0616:row:2839,15.05,train,
15722,15722,FC(F)(F)c1cccc(c1)[C@@H]2CC(=O)N=C(S2)c3ccccc3,27.0,0.5,0.1,10.1021/acs.orglett.9b03685,ODH,2840,ODH_charity_0616:row:2840,13.5,train,
15723,15723,FC(F)(F)c1cccc(c1)[C@H]2CC(=O)N=C(S2)c3ccccc3,21.5,0.5,0.1,10.1021/acs.orglett.9b03685,ODH,2841,ODH_charity_0616:row:2841,10.75,valid,
15733,15733,CC(C)Oc1ccccc1[C@H](CCCc2ccccc2)C(F)(F)F,17.56,0.5,0.0,10.1002/anie.202008262,ODH,2842,ODH_charity_0616:row:2842,8.78,train,
15734,15734,CC(C)Oc1ccccc1[C@@H](CCCc2ccccc2)C(F)(F)F,21.53,0.5,0.0,10.1002/anie.202008262,ODH,2843,ODH_charity_0616:row:2843,10.765,train,
15735,15735,Cc1ccc(cc1)[C@@H](C=C)[C@]2(O)C(=O)N(Cc3cccc4ccccc34)c5ccccc25,8.565,1.0,0.15,10.1021/acs.orglett.8b02655,ODH,2844,ODH_charity_0616:row:2844,8.565,train,
15744,15744,O=C([C@H](Nc1ccccc1)c2ccccc2)c3ccccc3,13.12,1.0,0.1,10.1021/acs.orglett.0c01626,ODH,2845,ODH_charity_0616:row:2845,13.12,train,
15745,15745,O=C([C@@H](Nc1ccccc1)c2ccccc2)c3ccccc3,21.58,1.0,0.1,10.1021/acs.orglett.0c01626,ODH,2846,ODH_charity_0616:row:2846,21.58,train,
15751,15751,FC(F)(F)[C@@]1(CC(=CC(=O)O1)c2sccc2)c3ccccc3,13.0,0.75,0.1,10.1021/ja303618z,ODH,2847,ODH_charity_0616:row:2847,9.75,train,
15752,15752,FC(F)(F)[C@]1(CC(=CC(=O)O1)c2sccc2)c3ccccc3,21.6,0.75,0.1,10.1021/ja303618z,ODH,2848,ODH_charity_0616:row:2848,16.2,train,
15773,15773,Cc1ccc(cc1)c2oc3N(C(=O)[C@@H](Cc4ccccc4)[C@@H](c5ccccc5)c3c2)[S](=O)(=O)c6ccc(C)cc6,23.4,0.5,0.1,10.1002/anie.201910922,ODH,2849,ODH_charity_0616:row:2849,11.7,train,
15801,15801,COc1ccccc1C(=O)NN[C@@H](C)c2ccccc2,28.023,1.0,0.05,10.1002/anie.201909928,ODH,2850,ODH_charity_0616:row:2850,28.023,train,
15802,15802,COc1ccccc1C(=O)NN[C@H](C)c2ccccc2,21.681,1.0,0.05,10.1002/anie.201909928,ODH,2851,ODH_charity_0616:row:2851,21.681,train,
15803,15803,Fc1ccc(cc1)[C@@H]2CCc3ccccc3N2,15.03,0.6,0.1,10.1002/anie.201204179,ODH,2852,ODH_charity_0616:row:2852,9.018,train,
15804,15804,Fc1ccc(cc1)[C@H]2CCc3ccccc3N2,21.69,0.6,0.1,10.1002/anie.201204179,ODH,2853,ODH_charity_0616:row:2853,13.014,train,
15808,15808,CCOC(=O)[C@@]1(CC=C)N[S](=O)(=O)c2ccc(F)cc12,14.5,0.8,0.1,10.1002/chem.201704760,ODH,2854,ODH_charity_0616:row:2854,11.6,train,
15809,15809,CCOC(=O)[C@]1(CC=C)N[S](=O)(=O)c2ccc(F)cc12,21.7,0.8,0.1,10.1002/chem.201704760,ODH,2855,ODH_charity_0616:row:2855,17.36,train,
15814,15814,Cc1ccc2O[C@@H](Cc3ccccc3)C(=O)N(Cc4ccccc4)c2c1,16.1,0.5,0.05,10.1021/acs.orglett.1c01701,ODH,2856,ODH_charity_0616:row:2856,8.05,train,
15815,15815,Cc1ccc2O[C@H](Cc3ccccc3)C(=O)N(Cc4ccccc4)c2c1,21.7,0.5,0.05,10.1021/acs.orglett.1c01701,ODH,2857,ODH_charity_0616:row:2857,10.85,train,
15829,15829,FC(F)(F)c1ccc(cc1)[C@@H]2CCCC(=O)C2,23.1,0.5,0.02,10.1016/j.tetlet.2016.03.072,ODH,2858,ODH_charity_0616:row:2858,11.55,train,
15830,15830,FC(F)(F)c1ccc(cc1)[C@H]2CCCC(=O)C2,21.7,0.5,0.02,10.1016/j.tetlet.2016.03.072,ODH,2859,ODH_charity_0616:row:2859,10.85,train,
15833,15833,OC[C@@H](O)c1ccccc1,24.3,0.9,0.04,10.1021/acs.orglett.8b01029,ODH,2860,ODH_charity_0616:row:2860,21.87,train,
15834,15834,OC[C@H](O)c1ccccc1,21.7,0.9,0.04,10.1021/acs.orglett.8b01029,ODH,2861,ODH_charity_0616:row:2861,19.53,train,
15835,15835,COC(=O)C(C)(C)NC(=O)[C@@](C)(NC(=O)c1ccc(OC)cc1)C(=O)OCc2ccccc2,25.2,0.5,0.2,10.1039/D0SC00808G,ODH,2862,ODH_charity_0616:row:2862,12.6,train,
15836,15836,COC(=O)C(C)(C)NC(=O)[C@](C)(NC(=O)c1ccc(OC)cc1)C(=O)OCc2ccccc2,21.7,0.5,0.2,10.1039/D0SC00808G,ODH,2863,ODH_charity_0616:row:2863,10.85,train,
15837,15837,CCOC(=O)[C@@]1(N[S](=O)(=O)c2ccc(cc12)C(F)(F)F)C#Cc3ccccc3,27.9,0.5,0.15,10.1039/c7cc02159c,ODH,2864,ODH_charity_0616:row:2864,13.95,train,
15838,15838,CCOC(=O)[C@]1(N[S](=O)(=O)c2ccc(cc12)C(F)(F)F)C#Cc3ccccc3,21.7,0.5,0.15,10.1039/c7cc02159c,ODH,2865,ODH_charity_0616:row:2865,10.85,train,
15839,15839,Cc1ccccc1[C@H](O)CO,28.4,0.8,0.04,10.1021/acs.orglett.8b01029,ODH,2866,ODH_charity_0616:row:2866,22.72,train,
15840,15840,Cc1ccccc1[C@@H](O)CO,21.7,0.8,0.04,10.1021/acs.orglett.8b01029,ODH,2867,ODH_charity_0616:row:2867,17.36,train,
15866,15866,CN1C(=O)[C@@](CC=O)(C2CNc3ccc(Br)cc23)c4ccccc14,16.21,0.8,0.3,10.1021/ol400845c,ODH,2868,ODH_charity_0616:row:2868,12.968,train,
15867,15867,CN1C(=O)[C@](CC=O)(C2CNc3ccc(Br)cc23)c4ccccc14,21.78,0.8,0.3,10.1021/ol400845c,ODH,2869,ODH_charity_0616:row:2869,17.424,train,
15868,15868,CC#CCN(C\C=C\[C@H]1[C@H](C(C)C)N1[S](=O)(=O)c2ccc(C)cc2)[S](=O)(=O)c3ccc(C)cc3,16.67,0.8,0.2,10.1021/jacs.5b01305,ODH,2870,ODH_charity_0616:row:2870,13.336,valid,
15869,15869,CC#CCN(C\C=C\[C@@H]1[C@H](C(C)C)N1[S](=O)(=O)c2ccc(C)cc2)[S](=O)(=O)c3ccc(C)cc3,21.78,0.8,0.2,10.1021/jacs.5b01305,ODH,2871,ODH_charity_0616:row:2871,17.424,train,
15882,15882,Cc1ccc(cc1)[S](=O)(=O)N2CC[C@@H](C[C@@H]2c3ccccc3)c4ccccc4,20.5,0.7,0.1,10.1002/anie.201303247,ODH,2872,ODH_charity_0616:row:2872,14.35,train,
15887,15887,Clc1ccc2C(=O)O[C@@]3(n4ccc1c24)C(=O)N(Cc5ccccc5)c6ccccc36,23.0,0.8,0.1,10.1021/acscatal.9b03163,ODH,2873,ODH_charity_0616:row:2873,18.4,train,
15888,15888,Clc1ccc2C(=O)O[C@]3(n4ccc1c24)C(=O)N(Cc5ccccc5)c6ccccc36,21.8,0.8,0.1,10.1021/acscatal.9b03163,ODH,2874,ODH_charity_0616:row:2874,17.44,test,
15892,15892,CCCCC(C1=CC=CC=C1)=[C@@]=CC2=CC=CC=C2,24.2,0.5,0.0,10.1021/jacs.0c02876,ODH,2875,ODH_charity_0616:row:2875,12.1,train,
15893,15893,CCCCC(C1=CC=CC=C1)=[C@]=CC2=CC=CC=C2,21.8,0.5,0.0,10.1021/jacs.0c02876,ODH,2876,ODH_charity_0616:row:2876,10.9,train,
15895,15895,CCOC(=O)[C@@]1(N[S](=O)(=O)c2ccc(cc12)C(C)(C)C)C#Cc3ccccc3,26.5,0.5,0.15,10.1039/c7cc02159c,ODH,2877,ODH_charity_0616:row:2877,13.25,test,
15896,15896,CCOC(=O)[C@]1(N[S](=O)(=O)c2ccc(cc12)C(C)(C)C)C#Cc3ccccc3,21.8,0.5,0.15,10.1039/c7cc02159c,ODH,2878,ODH_charity_0616:row:2878,10.9,train,
15897,15897,CCOC(=O)[C@@]1(N[S](=O)(=O)c2ccc(cc12)C(C)C)C#Cc3ccccc3,26.6,0.5,0.15,10.1039/c7cc02159c,ODH,2879,ODH_charity_0616:row:2879,13.3,valid,
15898,15898,CCOC(=O)[C@]1(N[S](=O)(=O)c2ccc(cc12)C(C)C)C#Cc3ccccc3,21.8,0.5,0.15,10.1039/c7cc02159c,ODH,2880,ODH_charity_0616:row:2880,10.9,train,
15899,15899,Cc1ccc(cc1)[C@@H]2Cc3ccccc3C(=O)C(=N2)c4cc(C)ccc4O,26.7,0.7,0.01,10.1021/acs.orglett.6b03027,ODH,2881,ODH_charity_0616:row:2881,18.69,valid,
15900,15900,Cc1ccc(cc1)[C@H]2Cc3ccccc3C(=O)C(=N2)c4cc(C)ccc4O,21.8,0.7,0.01,10.1021/acs.orglett.6b03027,ODH,2882,ODH_charity_0616:row:2882,15.26,train,
15904,15904,CC1=C([C@H](CC(=O)O1)c2ccccc2)C(=O)c3ccccc3,27.9,0.7,0.05,10.1002/anie.201302152,ODH,2883,ODH_charity_0616:row:2883,19.53,train,
15905,15905,CC1=C([C@@H](CC(=O)O1)c2ccccc2)C(=O)c3ccccc3,21.8,0.7,0.05,10.1002/anie.201302152,ODH,2884,ODH_charity_0616:row:2884,15.26,train,
15912,15912,CCOC(=O)/C=C/[C@@H]1[C@@H](C)N1[S](=O)(=O)c2ccc(C)cc2,11.97,0.8,0.2,10.1021/jacs.5b01305,ODH,2885,ODH_charity_0616:row:2885,9.576,train,
15920,15920,Cc1ccc(C[C@@H]2Oc3ccccc3N(Cc4ccccc4)C2=O)cc1,16.3,0.5,0.05,10.1021/acs.orglett.1c01701,ODH,2886,ODH_charity_0616:row:2886,8.15,train,
15921,15921,Cc1ccc(C[C@H]2Oc3ccccc3N(Cc4ccccc4)C2=O)cc1,21.9,0.5,0.05,10.1021/acs.orglett.1c01701,ODH,2887,ODH_charity_0616:row:2887,10.95,train,
15922,15922,C[C@@]1(CC=C)N[S](=O)(=O)c2ccccc12,17.6,0.8,0.1,10.1002/chem.201704760,ODH,2888,ODH_charity_0616:row:2888,14.08,train,
15923,15923,C[C@]1(CC=C)N[S](=O)(=O)c2ccccc12,21.9,0.8,0.1,10.1002/chem.201704760,ODH,2889,ODH_charity_0616:row:2889,17.52,train,
15924,15924,Cn1cccc1CC(C#N)(C#N)[C@H](CCc2ccccc2)C=C,18.29,1.0,0.05,10.1021/acs.orglett.0c00962,ODH,2890,ODH_charity_0616:row:2890,18.29,train,
15925,15925,Cn1cccc1CC(C#N)(C#N)[C@@H](CCc2ccccc2)C=C,21.9,1.0,0.05,10.1021/acs.orglett.0c00962,ODH,2891,ODH_charity_0616:row:2891,21.9,train,
15926,15926,COc1ccccc1[C@@H](C)O,20.89,1.0,0.02,10.1039/C5CC00479A,ODH,2892,ODH_charity_0616:row:2892,20.89,valid,
15927,15927,COc1ccccc1[C@H](C)O,21.9,1.0,0.02,10.1039/C5CC00479A,ODH,2893,ODH_charity_0616:row:2893,21.9,train,
15934,15934,CCOC(=O)C[C@@]12CC(=O)O[C@@H]1C[C@@H](CC2=O)c3ccccc3,38.7,0.5,0.35,10.1021/acs.orglett.9b03622,ODH,2894,ODH_charity_0616:row:2894,19.35,train,
15950,15950,C[C@H]1C[C@@H](O)c2ccccc2O1,26.669,0.5,0.03,10.1039/C8CC07787H,ODH,2895,ODH_charity_0616:row:2895,13.3345,train,
15969,15969,Cc1cccc(c1)[C@H](O)CO,24.9,0.8,0.04,10.1021/acs.orglett.8b01029,ODH,2896,ODH_charity_0616:row:2896,19.92,train,
15970,15970,Cc1cccc(c1)[C@@H](O)CO,22.0,0.8,0.04,10.1021/acs.orglett.8b01029,ODH,2897,ODH_charity_0616:row:2897,17.6,train,
15971,15971,CC(C)(C)[Si](C)(C)Oc1ccc(c(O)c1)[C@@](C)(c2ccccc2)c3c[nH]c4ccccc34,25.1,1.0,0.03,10.1002/anie.201405252,ODH,2898,ODH_charity_0616:row:2898,25.1,train,
15972,15972,CC(C)(C)[Si](C)(C)Oc1ccc(c(O)c1)[C@](C)(c2ccccc2)c3c[nH]c4ccccc34,22.0,1.0,0.03,10.1002/anie.201405252,ODH,2899,ODH_charity_0616:row:2899,22.0,train,
15982,15982,C[C@H](Nc1ccccc1)C(=O)c2ccc(Br)cc2,32.4,1.0,0.01,10.1021/jacs.0c07210,ODH,2900,ODH_charity_0616:row:2900,32.4,train,
15983,15983,C[C@@H](Nc1ccccc1)C(=O)c2ccc(Br)cc2,22.0,1.0,0.01,10.1021/jacs.0c07210,ODH,2901,ODH_charity_0616:row:2901,22.0,train,
15994,15994,C[C@@H]1C[C@H](c2ccccc2)C(C)(C)C1=O,26.97,1.0,0.002,10.1002/anie.202017190,ODH,2902,ODH_charity_0616:row:2902,26.97,train,
16006,16006,Cc1ccc(cc1)[S](=O)(=O)N2C(=O)[C@@H]([C@H](C=C2c3ccccc3)c4sccc4)c5ccccc5,15.8,0.75,0.2,10.1021/ol300676w,ODH,2903,ODH_charity_0616:row:2903,11.85,train,
16017,16017,O[C@@H]/1CCCC1=C/c2cccc(F)c2,20.1,0.5,0.05,10.1021/acs.organomet.9b00366,ODH,2904,ODH_charity_0616:row:2904,10.05,train,
16018,16018,O[C@H]/1CCCC1=C/c2cccc(F)c2,22.1,0.5,0.05,10.1021/acs.organomet.9b00366,ODH,2905,ODH_charity_0616:row:2905,11.05,train,
16031,16031,CC(C)(C)c1ccc(OCCCC[C@]2(CI)COc3ccccc23)cc1,26.1,0.5,0.01,10.1021/jacs.9b04332,ODH,2906,ODH_charity_0616:row:2906,13.05,test,
16032,16032,CC(C)(C)c1ccc(OCCCC[C@@]2(CI)COc3ccccc23)cc1,22.1,0.5,0.01,10.1021/jacs.9b04332,ODH,2907,ODH_charity_0616:row:2907,11.05,train,
16037,16037,CC(=O)C1=C(C)OC(=O)C[C@@H]1c2ccc(C)cc2,29.0,0.7,0.05,10.1002/anie.201302152,ODH,2908,ODH_charity_0616:row:2908,20.3,train,
16038,16038,CC(=O)C1=C(C)OC(=O)C[C@H]1c2ccc(C)cc2,22.1,0.7,0.05,10.1002/anie.201302152,ODH,2909,ODH_charity_0616:row:2909,15.47,train,
16042,16042,COc1ccc2OC(=O)C[C@H](c3ccccc3)c2c1,19.55,1.0,0.1,10.1039/D0SC04340K,ODH,2910,ODH_charity_0616:row:2910,19.55,train,
16043,16043,COc1ccc2OC(=O)C[C@@H](c3ccccc3)c2c1,22.13,1.0,0.1,10.1039/D0SC04340K,ODH,2911,ODH_charity_0616:row:2911,22.13,train,
16050,16050,COc1ccc2O[C@H](C[C@@H](O)c2c1)C(C)C,25.229,0.5,0.03,10.1039/C8CC07787H,ODH,2912,ODH_charity_0616:row:2912,12.6145,train,
16057,16057,Cc1ccc(cc1)[S](=O)(=O)N2C(=O)[C@@H]([C@H](C=C2c3cccc(Br)c3)c4ccccc4)c5ccccc5,11.6,0.75,0.2,10.1021/ol300676w,ODH,2913,ODH_charity_0616:row:2913,8.7,train,
16082,16082,C[C@@]1(COc2ccccc12)CC#Cc3ccc4ccccc4c3,27.6,0.5,0.01,10.1002/anie.201913367,ODH,2914,ODH_charity_0616:row:2914,13.8,train,
16083,16083,C[C@]1(COc2ccccc12)CC#Cc3ccc4ccccc4c3,22.2,0.5,0.01,10.1002/anie.201913367,ODH,2915,ODH_charity_0616:row:2915,11.1,valid,
16094,16094,CC#CCN(C\C=C\[C@H]1[C@H](C)N1[S](=O)(=O)c2ccc(C)cc2)[S](=O)(=O)c3ccc(C)cc3,15.47,0.8,0.3,10.1021/jacs.5b01305,ODH,2916,ODH_charity_0616:row:2916,12.376,train,
16095,16095,CC#CCN(C\C=C\[C@@H]1[C@H](C)N1[S](=O)(=O)c2ccc(C)cc2)[S](=O)(=O)c3ccc(C)cc3,22.28,0.8,0.3,10.1021/jacs.5b01305,ODH,2917,ODH_charity_0616:row:2917,17.824,test,
16102,16102,CCCCC(=O)[C@H](NC(=O)OC(C)(C)C)c1ccc2ccccc2c1,19.2,0.5,0.01,10.1002/anie.201107473,ODH,2918,ODH_charity_0616:row:2918,9.6,train,
16103,16103,CCCCC(=O)[C@@H](NC(=O)OC(C)(C)C)c1ccc2ccccc2c1,22.3,0.5,0.01,10.1002/anie.201107473,ODH,2919,ODH_charity_0616:row:2919,11.15,train,
16106,16106,FC(F)(F)Oc1ccc(C[C@@H]2Oc3ccccc3N(Cc4ccccc4)C2=O)cc1,19.5,0.5,0.05,10.1021/acs.orglett.1c01701,ODH,2920,ODH_charity_0616:row:2920,9.75,test,
16107,16107,FC(F)(F)Oc1ccc(C[C@H]2Oc3ccccc3N(Cc4ccccc4)C2=O)cc1,22.3,0.5,0.05,10.1021/acs.orglett.1c01701,ODH,2921,ODH_charity_0616:row:2921,11.15,train,
16108,16108,OC[C@H](CCl)\C=C\c1ccccc1,20.3,1.0,0.05,10.1002/anie.201601844,ODH,2922,ODH_charity_0616:row:2922,20.3,train,
16109,16109,OC[C@@H](CCl)\C=C\c1ccccc1,22.3,1.0,0.05,10.1002/anie.201601844,ODH,2923,ODH_charity_0616:row:2923,22.3,train,
16128,16128,CCCCC\1=C2CCCC[C@H]2[C@@H]3[C@@H](C(=O)OC3=O)C1=C/c4ccccc4,13.1,1.0,0.05,10.1021/jacs.0c02876,ODH,2924,ODH_charity_0616:row:2924,13.1,train,
16138,16138,COC(=O)[C@H](F)\C=C\c1ccc(CO)cc1,19.5,1.0,0.1,10.1002/anie.201204521,ODH,2925,ODH_charity_0616:row:2925,19.5,train,
16139,16139,COC(=O)[C@@H](F)\C=C\c1ccc(CO)cc1,22.4,1.0,0.1,10.1002/anie.201204521,ODH,2926,ODH_charity_0616:row:2926,22.4,train,
16150,16150,CC(C)OC(=O)[C@@]1(N[S](=O)(=O)c2ccccc12)C#Cc3ccccc3,27.2,0.5,0.05,10.1039/c7cc02159c,ODH,2927,ODH_charity_0616:row:2927,13.6,train,
16151,16151,CC(C)OC(=O)[C@]1(N[S](=O)(=O)c2ccccc12)C#Cc3ccccc3,22.4,0.5,0.05,10.1039/c7cc02159c,ODH,2928,ODH_charity_0616:row:2928,11.2,train,
16152,16152,COc1ccc(cc1)[C@@H]2Cc3ccccc3C(=O)C(=N2)c4ccccc4O,27.2,0.7,0.03,10.1021/acs.orglett.6b03027,ODH,2929,ODH_charity_0616:row:2929,19.04,train,
16153,16153,COc1ccc(cc1)[C@H]2Cc3ccccc3C(=O)C(=N2)c4ccccc4O,22.4,0.7,0.03,10.1021/acs.orglett.6b03027,ODH,2930,ODH_charity_0616:row:2930,15.68,train,
16158,16158,Fc1cccc(c1)[C@@H]2CCc3ccccc3N2,16.85,0.6,0.1,10.1002/anie.201204179,ODH,2931,ODH_charity_0616:row:2931,10.11,valid,
16159,16159,Fc1cccc(c1)[C@H]2CCc3ccccc3N2,22.44,0.6,0.1,10.1002/anie.201204179,ODH,2932,ODH_charity_0616:row:2932,13.464,valid,
16170,16170,COC(=O)c1ccc(cc1)[C@](C)(C=O)c2ccc(cc2)c3ccccc3,23.97,0.6,0.08,10.1002/anie.202106109,ODH,2933,ODH_charity_0616:row:2933,14.382,train,
16171,16171,COC(=O)c1ccc(cc1)[C@@](C)(C=O)c2ccc(cc2)c3ccccc3,22.48,0.6,0.08,10.1002/anie.202106109,ODH,2934,ODH_charity_0616:row:2934,13.488,train,
16185,16185,O=C1[C@H](Cc2ccccc2)Oc3ccccc3N1Cc4ccccc4,19.7,0.5,0.05,10.1021/acs.orglett.1c01701,ODH,2935,ODH_charity_0616:row:2935,9.85,valid,
16186,16186,O=C1[C@@H](Cc2ccccc2)Oc3ccccc3N1Cc4ccccc4,22.5,0.5,0.05,10.1021/acs.orglett.1c01701,ODH,2936,ODH_charity_0616:row:2936,11.25,train,
16204,16204,C[C@H]1C[C@@H](O)c2cc(F)ccc2O1,27.109,0.5,0.03,10.1039/C8CC07787H,ODH,2937,ODH_charity_0616:row:2937,13.5545,train,
16206,16206,COc1ccc(cc1)[C@@H]2CCc3ccccc3N2,15.32,0.6,0.1,10.1002/anie.201204179,ODH,2938,ODH_charity_0616:row:2938,9.192,train,
16207,16207,COc1ccc(cc1)[C@H]2CCc3ccccc3N2,22.55,0.6,0.1,10.1002/anie.201204179,ODH,2939,ODH_charity_0616:row:2939,13.53,train,
16213,16213,CCOC(=O)C1=C(OC(=O)C[C@H]1c2ccccc2)c3ccccc3,18.6,0.7,0.05,10.1021/acs.orglett.7b03650,ODH,2940,ODH_charity_0616:row:2940,13.02,train,
16214,16214,CCOC(=O)C1=C(OC(=O)C[C@@H]1c2ccccc2)c3ccccc3,22.6,0.7,0.05,10.1021/acs.orglett.7b03650,ODH,2941,ODH_charity_0616:row:2941,15.82,train,
16215,16215,C[C@@]1(CN(Cc2ccccc2)C(=O)c3ccccc13)Cc4ccc5n(c6ccccc6)c7ccccc7c5c4,19.2,1.0,0.1,10.1021/acs.orglett.1c00974,ODH,2942,ODH_charity_0616:row:2942,19.2,train,
16216,16216,C[C@]1(CN(Cc2ccccc2)C(=O)c3ccccc13)Cc4ccc5n(c6ccccc6)c7ccccc7c5c4,22.6,1.0,0.1,10.1021/acs.orglett.1c00974,ODH,2943,ODH_charity_0616:row:2943,22.6,train,
16221,16221,COc1ccccc1\C=C\[C@H](C)C#Cc2ccc(cc2)C#N,23.8,0.5,0.05,10.1002/anie.202110233,ODH,2944,ODH_charity_0616:row:2944,11.9,train,
16222,16222,COc1ccccc1\C=C\[C@@H](C)C#Cc2ccc(cc2)C#N,22.6,0.5,0.05,10.1002/anie.202110233,ODH,2945,ODH_charity_0616:row:2945,11.3,train,
16244,16244,COC(=O)[C@@]1(CCCC1=O)[C@H](C[N+]([O-])=O)c2ccccc2Cl,23.68,0.5,0.01,10.1021/ol4017386,ODH,2946,ODH_charity_0616:row:2946,11.84,train,
16246,16246,OC(=O)[C@H](Oc1ccc2ccccc2c1)c3ccccc3,20.15,1.0,0.1,10.1002/anie.201309820,ODH,2947,ODH_charity_0616:row:2947,20.15,train,
16247,16247,OC(=O)[C@@H](Oc1ccc2ccccc2c1)c3ccccc3,22.64,1.0,0.1,10.1002/anie.201309820,ODH,2948,ODH_charity_0616:row:2948,22.64,train,
16255,16255,CCOC(=O)N1[C@H]2C\C(=C/N(c3ccccc3)[S](=O)(=O)c4ccc(C)cc4)[C@H](C=C2c5ccccc15)c6ccccc6,37.89,0.8,0.1,10.1039/C5SC01827G,ODH,2949,ODH_charity_0616:row:2949,30.312,train,
16256,16256,CCOC(=O)N1[C@@H]2C\C(=C/N(c3ccccc3)[S](=O)(=O)c4ccc(C)cc4)[C@H](C=C2c5ccccc15)c6ccccc6,22.69,0.8,0.1,10.1039/C5SC01827G,ODH,2950,ODH_charity_0616:row:2950,18.152,train,
16261,16261,COc1cc2CCC[C@@H](C#Cc3cccc4ncccc34)c2cc1OC,23.7,1.0,0.05,10.1002/anie.202110233,ODH,2951,ODH_charity_0616:row:2951,23.7,test,
16262,16262,COc1cc2CCC[C@H](C#Cc3cccc4ncccc34)c2cc1OC,22.7,1.0,0.05,10.1002/anie.202110233,ODH,2952,ODH_charity_0616:row:2952,22.7,train,
16267,16267,CCCCC[C@H](C=C)c1c[nH]c2ccc(cc12)C(=O)OC,25.8,1.0,0.05,10.1002/chem.202004613,ODH,2953,ODH_charity_0616:row:2953,25.8,train,
16268,16268,CCCCC[C@@H](C=C)c1c[nH]c2ccc(cc12)C(=O)OC,22.7,1.0,0.05,10.1002/chem.202004613,ODH,2954,ODH_charity_0616:row:2954,22.7,train,
16286,16286,C[C@]1(CC(=C)C(=O)N1)C(F)(F)F,16.363,0.8,0.1,10.1002/anie.201607918,ODH,2955,ODH_charity_0616:row:2955,13.0904,train,
16287,16287,C[C@@]1(CC(=C)C(=O)N1)C(F)(F)F,22.793,0.8,0.1,10.1002/anie.201607918,ODH,2956,ODH_charity_0616:row:2956,18.2344,valid,
16311,16311,CCCC[C@H]1C[C@@H](O)c2ccccc2O1,24.162,0.5,0.02,10.1039/C8CC07787H,ODH,2957,ODH_charity_0616:row:2957,12.081,train,
16339,16339,CC(C)[C@@H](\C=C\C(=O)Oc1ccc(F)cc1)N2C(=O)C3CC=CCC3C2=O,19.3,0.8,0.1,10.1039/C9SC04073K,ODH,2958,ODH_charity_0616:row:2958,15.44,train,
16340,16340,CC(C)[C@H](\C=C\C(=O)Oc1ccc(F)cc1)N2C(=O)C3CC=CCC3C2=O,22.9,0.8,0.1,10.1039/C9SC04073K,ODH,2959,ODH_charity_0616:row:2959,18.32,train,
16352,16352,COc1ccc(cc1)[S](=O)(=O)N\C(c2ccccc2)=C3\[C@H]([C@@H](CC3=O)c4ccccc4)c5ccccc5,26.2,0.75,0.1,10.1039/C3SC50666E,ODH,2960,ODH_charity_0616:row:2960,19.65,train,
16353,16353,O[C@@H]([C@H](C=C)c1cccc(Cl)c1)C(=O)c2ccccc2,26.4,0.5,0.05,10.1021/jacs.6b06156,ODH,2961,ODH_charity_0616:row:2961,13.2,train,
16354,16354,O[C@@H]([C@H](C=C)c1cccc(Cl)c1)C(=O)c2ccccc2,26.4,0.5,0.05,10.1021/jacs.6b06156,ODH,2962,ODH_charity_0616:row:2962,13.2,train,
16363,16363,O[C@@]1([C@H](C=C)c2ccccc2)C(=O)N(Cc3cccc4ccccc34)c5c(F)cccc15,11.899,1.0,0.1,10.1021/acs.orglett.8b02655,ODH,2963,ODH_charity_0616:row:2963,11.899,train,
16399,16399,Fc1ccc(OC(=O)/C=C/[C@H](C2CCCC2)N3C(=O)C4CC=CCC4C3=O)cc1,19.4,0.8,0.1,10.1039/C9SC04073K,ODH,2964,ODH_charity_0616:row:2964,15.52,train,
16400,16400,Fc1ccc(OC(=O)/C=C/[C@@H](C2CCCC2)N3C(=O)C4CC=CCC4C3=O)cc1,23.0,0.8,0.1,10.1039/C9SC04073K,ODH,2965,ODH_charity_0616:row:2965,18.4,train,
16401,16401,C[C@@H](\C=C\c1ccc2ccccc2c1)C#Cc3ccc(cc3)C#N,24.4,0.5,0.05,10.1002/anie.202110233,ODH,2966,ODH_charity_0616:row:2966,12.2,test,
16402,16402,C[C@H](\C=C\c1ccc2ccccc2c1)C#Cc3ccc(cc3)C#N,23.0,0.5,0.05,10.1002/anie.202110233,ODH,2967,ODH_charity_0616:row:2967,11.5,train,
16408,16408,Clc1cc(Cl)cc(\C=C\[C@@H]2COC(=O)[C@]23CCC(=N3)c4ccccc4)c1,29.6,1.0,0.05,10.1002/anie.202111842,ODH,2968,ODH_charity_0616:row:2968,29.6,train,
16421,16421,COc1cccc(c1)[C@@H](O)COC(=O)C(C)(C)C,16.2,0.6,0.08,10.1002/anie.201306231,ODH,2969,ODH_charity_0616:row:2969,9.72,train,
16422,16422,COc1cccc(c1)[C@H](O)COC(=O)C(C)(C)C,23.1,0.6,0.08,10.1002/anie.201306231,ODH,2970,ODH_charity_0616:row:2970,13.86,test,
16427,16427,CC(=C)[C@@H]1CN(C(=C1)c2ccc3[C@H]4CC[C@@]5(C)[C@@H](CCC5=O)[C@@H]4CCc3c2)[S](=O)(=O)c6ccc(C)cc6,19.65,0.8,0.1,10.1021/jacs.6b00386,ODH,2971,ODH_charity_0616:row:2971,15.72,valid,
16431,16431,O=C1[C@H](Cc2sccc2)Oc3ccccc3N1Cc4ccccc4,20.5,0.5,0.05,10.1021/acs.orglett.1c01701,ODH,2972,ODH_charity_0616:row:2972,10.25,train,
16432,16432,O=C1[C@@H](Cc2sccc2)Oc3ccccc3N1Cc4ccccc4,23.1,0.5,0.05,10.1021/acs.orglett.1c01701,ODH,2973,ODH_charity_0616:row:2973,11.55,train,
16444,16444,CCC(=O)C1=C(CC)OC(=O)C[C@@H]1c2ccccc2,39.6,0.75,0.01,10.1002/anie.201302152,ODH,2974,ODH_charity_0616:row:2974,29.7,train,
16445,16445,CCC(=O)C1=C(CC)OC(=O)C[C@H]1c2ccccc2,23.1,0.75,0.01,10.1002/anie.201302152,ODH,2975,ODH_charity_0616:row:2975,17.325,train,
16464,16464,Clc1cc2ccn3c2c(c1)C(=O)O[C@]34C(=O)N(Cc5ccccc5)c6ccccc46,24.3,0.8,0.1,10.1021/acscatal.9b03163,ODH,2976,ODH_charity_0616:row:2976,19.44,train,
16465,16465,Clc1cc2ccn3c2c(c1)C(=O)O[C@@]34C(=O)N(Cc5ccccc5)c6ccccc46,23.2,0.8,0.1,10.1021/acscatal.9b03163,ODH,2977,ODH_charity_0616:row:2977,18.56,train,
16466,16466,C[C@@H](C1=CNC2=C1C=CC=C2)C=C,25.0,1.0,0.01,10.1002/chem.202004613,ODH,2978,ODH_charity_0616:row:2978,25.0,train,
16467,16467,C[C@H](C1=CNC2=C1C=CC=C2)C=C,23.2,1.0,0.01,10.1002/chem.202004613,ODH,2979,ODH_charity_0616:row:2979,23.2,train,
16473,16473,C[C@H]1C[C@H](c2ccccc2)C(C)(C)C1=O,22.06,1.0,0.002,10.1002/anie.202017190,ODH,2980,ODH_charity_0616:row:2980,22.06,train,
16474,16474,C[C@@H]1C[C@H](c2ccccc2)C(C)(C)C1=O,23.22,1.0,0.002,10.1002/anie.202017190,ODH,2981,ODH_charity_0616:row:2981,23.22,train,
16484,16484,CCOC(=O)[C@H](C(C(=O)\C=C(/C)c1ccccc1)c2ccccc2)C(=O)c3ccccc3,17.1,0.6,0.5,10.1002/anie.201105812,ODH,2982,ODH_charity_0616:row:2982,10.26,train,
16485,16485,CCOC(=O)[C@@H](C(C(=O)\C=C(/C)c1ccccc1)c2ccccc2)C(=O)c3ccccc3,23.3,0.6,0.5,10.1002/anie.201105812,ODH,2983,ODH_charity_0616:row:2983,13.98,train,
16488,16488,COC(=O)[C@@](C)(N)[C@H](C=C)c1cc(Cl)cc(Cl)c1,19.9,0.3,0.03,10.1021/jacs.8b00187,ODH,2984,ODH_charity_0616:row:2984,5.97,train,
16489,16489,COC(=O)[C@@](C)(N)[C@H](C=C)c1cc(Cl)cc(Cl)c1,19.9,0.3,0.03,10.1021/jacs.8b00187,ODH,2985,ODH_charity_0616:row:2985,5.97,train,
16498,16498,CCCCC[C@H](C=C)n1ccc2cc(ccc12)C#N,21.2,0.5,0.005,10.1002/chem.202004613,ODH,2986,ODH_charity_0616:row:2986,10.6,valid,
16499,16499,CCCCC[C@@H](C=C)n1ccc2cc(ccc12)C#N,23.3,0.5,0.005,10.1002/chem.202004613,ODH,2987,ODH_charity_0616:row:2987,11.65,train,
16510,16510,C[C@](c1ccccc1)(c2ccc(O)cc2)c3c[nH]c4ccccc34,27.6,1.0,0.1,10.1021/ja510980d,ODH,2988,ODH_charity_0616:row:2988,27.6,valid,
16511,16511,C[C@@](c1ccccc1)(c2ccc(O)cc2)c3c[nH]c4ccccc34,23.3,1.0,0.1,10.1021/ja510980d,ODH,2989,ODH_charity_0616:row:2989,23.3,train,
16512,16512,CCCC[C@@]1(CI)COc2ccccc12,27.8,0.5,0.0,10.1021/jacs.9b04332,ODH,2990,ODH_charity_0616:row:2990,13.9,train,
16513,16513,CCCC[C@]1(CI)COc2ccccc12,23.3,0.5,0.0,10.1021/jacs.9b04332,ODH,2991,ODH_charity_0616:row:2991,11.65,train,
16527,16527,O[C@@]1([C@H](C=C)c2ccccc2)C(=O)N(Cc3cccc4ccccc34)c5c(Br)cccc15,12.85,1.0,0.1,10.1021/acs.orglett.8b02655,ODH,2992,ODH_charity_0616:row:2992,12.85,train,
16538,16538,CCOC(=O)C[C@@H](CN(Cc1ccccc1)Cc2ccccc2)C(=O)OC,19.5,0.5,0.02,10.1002/anie.201412132,ODH,2993,ODH_charity_0616:row:2993,9.75,valid,
16539,16539,CCOC(=O)C[C@H](CN(Cc1ccccc1)Cc2ccccc2)C(=O)OC,23.4,0.5,0.02,10.1002/anie.201412132,ODH,2994,ODH_charity_0616:row:2994,11.7,train,
16542,16542,CCOC(=O)/C=C/[C@@H](CC)N1C[C@H](OC1=O)c2ccccc2,20.5,0.8,0.1,10.1039/C9SC04073K,ODH,2995,ODH_charity_0616:row:2995,16.4,train,
16543,16543,CCc1ccc(cc1)[C@H](C)COC=O,25.6,0.5,0.005,10.1021/acs.orglett.7b03469,ODH,2996,ODH_charity_0616:row:2996,12.8,train,
16544,16544,CCc1ccc(cc1)[C@@H](C)COC=O,23.4,0.5,0.005,10.1021/acs.orglett.7b03469,ODH,2997,ODH_charity_0616:row:2997,11.7,train,
16545,16545,CCc1ccc(cc1)[C@H](C)COC=O,25.6,0.5,0.005,10.1021/acs.orglett.7b03469,ODH,2998,ODH_charity_0616:row:2998,12.8,train,
16546,16546,CCc1ccc(cc1)[C@@H](C)COC=O,23.4,0.5,0.005,10.1021/acs.orglett.7b03469,ODH,2999,ODH_charity_0616:row:2999,11.7,train,
16547,16547,CC(=O)[C@@H](C(C(=O)\C=C(/C)c1ccccc1)c2ccccc2)C(=O)c3ccccc3,25.7,0.6,0.5,10.1002/anie.201105812,ODH,3000,ODH_charity_0616:row:3000,15.42,train,
16548,16548,CC(=O)[C@H](C(C(=O)\C=C(/C)c1ccccc1)c2ccccc2)C(=O)c3ccccc3,23.4,0.6,0.5,10.1002/anie.201105812,ODH,3001,ODH_charity_0616:row:3001,14.04,train,
16570,16570,Cc1ccc(cc1)[S](=O)(=O)OC[C@@H]2COC3(CCC3)c4ccccc4O2,19.3,1.0,0.05,10.1021/acs.orglett.9b04244,ODH,3002,ODH_charity_0616:row:3002,19.3,train,
16571,16571,Cc1ccc(cc1)[S](=O)(=O)OC[C@H]2COC3(CCC3)c4ccccc4O2,23.5,1.0,0.05,10.1021/acs.orglett.9b04244,ODH,3003,ODH_charity_0616:row:3003,23.5,valid,
16586,16586,COC(=O)C1(CC1)NC(=O)[C@@](C)(NC(=O)c2ccc(OC)cc2)C(=O)OCc3ccccc3,28.6,0.5,0.2,10.1039/D0SC00808G,ODH,3004,ODH_charity_0616:row:3004,14.3,train,
16587,16587,COC(=O)C1(CC1)NC(=O)[C@](C)(NC(=O)c2ccc(OC)cc2)C(=O)OCc3ccccc3,23.5,0.5,0.2,10.1039/D0SC00808G,ODH,3005,ODH_charity_0616:row:3005,11.75,train,
16591,16591,COC(=O)CCNC(=O)[C@@](Cc1ccccc1)(NC(=O)c2ccccc2)C(=O)OCc3ccccc3,35.2,1.0,0.1,10.1039/D0SC00808G,ODH,3006,ODH_charity_0616:row:3006,35.2,train,
16592,16592,COC(=O)CCNC(=O)[C@](Cc1ccccc1)(NC(=O)c2ccccc2)C(=O)OCc3ccccc3,23.5,1.0,0.1,10.1039/D0SC00808G,ODH,3007,ODH_charity_0616:row:3007,23.5,train,
16632,16632,C1Cc2ccccc2N[C@@H]1c3ccc4ccccc4c3,13.07,1.0,0.05,10.1021/ja903547q,ODH,3008,ODH_charity_0616:row:3008,13.07,train,
16633,16633,C1Cc2ccccc2N[C@H]1c3ccc4ccccc4c3,23.65,1.0,0.05,10.1021/ja903547q,ODH,3009,ODH_charity_0616:row:3009,23.65,train,
16640,16640,CCOC(=O)[C@H](CC(=O)c1ccc(OC)cc1)C(=C)C(C)=O,18.7,1.0,0.1,10.1002/anie.201508108,ODH,3010,ODH_charity_0616:row:3010,18.7,train,
16641,16641,CCOC(=O)[C@@H](CC(=O)c1ccc(OC)cc1)C(=C)C(C)=O,23.7,1.0,0.1,10.1002/anie.201508108,ODH,3011,ODH_charity_0616:row:3011,23.7,test,
16664,16664,Nc1ccc(cc1)[C@@H](n2c3ccccc3c(c4ccccc4)c2c5ccccc5)c6ccccc6,27.0,1.0,0.03,10.1002/anie.201701947,ODH,3012,ODH_charity_0616:row:3012,27.0,train,
16665,16665,Nc1ccc(cc1)[C@H](n2c3ccccc3c(c4ccccc4)c2c5ccccc5)c6ccccc6,23.7,1.0,0.03,10.1002/anie.201701947,ODH,3013,ODH_charity_0616:row:3013,23.7,train,
16669,16669,COc1ccccc1/C=C/C(=O)[C@H](C(C(=O)c2ccc(Br)cc2)C(=O)c3ccc(Br)cc3)c4ccccc4,32.1,0.75,0.5,10.1002/anie.201105812,ODH,3014,ODH_charity_0616:row:3014,24.075,train,
16670,16670,COc1ccccc1/C=C/C(=O)[C@@H](C(C(=O)c2ccc(Br)cc2)C(=O)c3ccc(Br)cc3)c4ccccc4,23.7,0.75,0.5,10.1002/anie.201105812,ODH,3015,ODH_charity_0616:row:3015,17.775,train,
16686,16686,Clc1cccc(c1)[C@@H]2CCc3ccccc3N2,17.14,0.6,0.1,10.1002/anie.201204179,ODH,3016,ODH_charity_0616:row:3016,10.284,test,
16687,16687,Clc1cccc(c1)[C@H]2CCc3ccccc3N2,23.78,0.6,0.1,10.1002/anie.201204179,ODH,3017,ODH_charity_0616:row:3017,14.268,train,
16704,16704,Cc1ccc(cc1)\C=C\C2=CC(=O)O[C@](C2)(c3ccccc3)C(F)(F)F,33.1,0.75,0.03,10.1021/ja303618z,ODH,3018,ODH_charity_0616:row:3018,24.825,train,
16705,16705,Cc1ccc(cc1)\C=C\C2=CC(=O)O[C@@](C2)(c3ccccc3)C(F)(F)F,23.8,0.75,0.03,10.1021/ja303618z,ODH,3019,ODH_charity_0616:row:3019,17.85,train,
16769,16769,O[C@]1([C@H](C=C)c2ccccc2)C(=O)N(Cc3cccc4ccccc34)c5cccc(F)c15,14.872,1.0,0.1,10.1021/acs.orglett.8b02655,ODH,3020,ODH_charity_0616:row:3020,14.872,train,
16770,16770,O[C@@]1([C@H](C=C)c2ccccc2)C(=O)N(Cc3cccc4ccccc34)c5cccc(F)c15,23.997,1.0,0.1,10.1021/acs.orglett.8b02655,ODH,3021,ODH_charity_0616:row:3021,23.997,train,
16773,16773,FC(F)(F)c1ccc2O[C@@H](Cc3ccccc3)C(=O)N(Cc4ccccc4)c2c1,16.7,0.5,0.05,10.1021/acs.orglett.1c01701,ODH,3022,ODH_charity_0616:row:3022,8.35,train,
16774,16774,FC(F)(F)c1ccc2O[C@H](Cc3ccccc3)C(=O)N(Cc4ccccc4)c2c1,24.0,0.5,0.05,10.1021/acs.orglett.1c01701,ODH,3023,ODH_charity_0616:row:3023,12.0,train,
16787,16787,OC[C@]1(O)CCCOC1,26.4,1.0,0.1,10.1002/anie.201509888,ODH,3024,ODH_charity_0616:row:3024,26.4,train,
16788,16788,OC[C@@]1(O)CCCOC1,24.0,1.0,0.1,10.1002/anie.201509888,ODH,3025,ODH_charity_0616:row:3025,24.0,train,
16793,16793,OC[C@@H](O)c1occc1,28.9,0.9,0.04,10.1021/acs.orglett.8b01029,ODH,3026,ODH_charity_0616:row:3026,26.01,train,
16794,16794,OC[C@H](O)c1occc1,24.0,0.9,0.04,10.1021/acs.orglett.8b01029,ODH,3027,ODH_charity_0616:row:3027,21.6,train,
16799,16799,COC(=O)c1ccc(cc1)[C@@](C)(C=O)c2ccc(cc2)c3ccccc3,22.06,0.6,0.08,10.1002/anie.202106109,ODH,3028,ODH_charity_0616:row:3028,13.236,train,
16800,16800,COC(=O)c1ccc(cc1)[C@](C)(C=O)c2ccc(cc2)c3ccccc3,24.02,0.6,0.08,10.1002/anie.202106109,ODH,3029,ODH_charity_0616:row:3029,14.412,train,
16805,16805,CCCC[C@H]1C[C@@H](O)c2cc(OC)ccc2O1,26.916,0.5,0.03,10.1039/C8CC07787H,ODH,3030,ODH_charity_0616:row:3030,13.458,train,
16808,16808,Fc1cccc2N(Cc3ccccc3)C(=O)[C@H](Cc4ccccc4)Oc12,21.0,0.5,0.05,10.1021/acs.orglett.1c01701,ODH,3031,ODH_charity_0616:row:3031,10.5,train,
16809,16809,Fc1cccc2N(Cc3ccccc3)C(=O)[C@@H](Cc4ccccc4)Oc12,24.1,0.5,0.05,10.1021/acs.orglett.1c01701,ODH,3032,ODH_charity_0616:row:3032,12.05,train,
16822,16822,COc1ccc(\C=C\C=C\C[C@](C)(C=O)c2ccccc2)cc1OC,28.938,1.0,0.05,10.6023/A18060235,ODH,3033,ODH_charity_0616:row:3033,28.938,train,
16823,16823,COc1ccc(\C=C\C=C\C[C@@](C)(C=O)c2ccccc2)cc1OC,24.125,1.0,0.05,10.6023/A18060235,ODH,3034,ODH_charity_0616:row:3034,24.125,train,
16845,16845,COc1ccc(cc1OC)[C@@H](C)N[S](=O)(=O)C(C)(C)C,17.0,1.0,0.05,10.1002/anie.201902576,ODH,3035,ODH_charity_0616:row:3035,17.0,train,
16846,16846,COc1ccc(cc1OC)[C@H](C)N[S](=O)(=O)C(C)(C)C,24.2,1.0,0.05,10.1002/anie.201902576,ODH,3036,ODH_charity_0616:row:3036,24.2,train,
16852,16852,C[C@H](O)c1ccccc1Br,22.1,1.0,0.02,10.1002/anie.201102710,ODH,3037,ODH_charity_0616:row:3037,22.1,train,
16853,16853,C[C@@H](O)c1ccccc1Br,24.2,1.0,0.02,10.1002/anie.201102710,ODH,3038,ODH_charity_0616:row:3038,24.2,valid,
16874,16874,Clc1cccc(C[C@@H]2Oc3ccccc3N(Cc4ccccc4)C2=O)c1,20.6,0.5,0.05,10.1021/acs.orglett.1c01701,ODH,3039,ODH_charity_0616:row:3039,10.3,train,
16875,16875,Clc1cccc(C[C@H]2Oc3ccccc3N(Cc4ccccc4)C2=O)c1,24.3,0.5,0.05,10.1021/acs.orglett.1c01701,ODH,3040,ODH_charity_0616:row:3040,12.15,train,
16891,16891,O=C1OC[C@]2(CC=CCN12)c3ccccc3,25.7,0.8,0.1,10.1002/chem.201704760,ODH,3041,ODH_charity_0616:row:3041,20.56,train,
16892,16892,O=C1OC[C@@]2(CC=CCN12)c3ccccc3,24.3,0.8,0.1,10.1002/chem.201704760,ODH,3042,ODH_charity_0616:row:3042,19.44,train,
16907,16907,O[C@]1([C@H](C=C)c2ccccc2F)C(=O)N(Cc3cccc4ccccc34)c5ccccc15,16.676,1.0,0.1,10.1021/acs.orglett.8b02655,ODH,3043,ODH_charity_0616:row:3043,16.676,train,
16908,16908,O[C@@]1([C@H](C=C)c2ccccc2F)C(=O)N(Cc3cccc4ccccc34)c5ccccc15,24.375,1.0,0.1,10.1021/acs.orglett.8b02655,ODH,3044,ODH_charity_0616:row:3044,24.375,test,
16925,16925,Cc1ccc(cc1)C(=O)[C@@H](O)[C@H](C=C)c2ccccc2,26.3,0.5,0.03,10.1021/jacs.6b06156,ODH,3045,ODH_charity_0616:row:3045,13.15,test,
16926,16926,Cc1ccc(cc1)C(=O)[C@@H](O)[C@H](C=C)c2ccccc2,26.3,0.5,0.03,10.1021/jacs.6b06156,ODH,3046,ODH_charity_0616:row:3046,13.15,train,
16935,16935,O[C@@]1([C@H](C=C)c2ccc(Br)cc2)C(=O)N(Cc3cccc4ccccc34)c5ccccc15,8.516,1.0,0.2,10.1021/acs.orglett.8b02655,ODH,3047,ODH_charity_0616:row:3047,8.516,valid,
16945,16945,O[C@@]1([C@H](C=C)c2ccccc2)C(=O)N(Cc3cccc4ccccc34)c5c(Cl)cccc15,13.442,1.0,0.1,10.1021/acs.orglett.8b02655,ODH,3048,ODH_charity_0616:row:3048,13.442,train,
16957,16957,CCOC(=O)C[C@H]1[C@@H](c2ccc(OC)cc2)c3cc(oc3N(C1=O)[S](=O)(=O)c4ccc(C)cc4)c5ccccc5,27.0,0.5,0.2,10.1002/anie.201910922,ODH,3049,ODH_charity_0616:row:3049,13.5,train,
16962,16962,OC[C@@H](O)c1cccc(Br)c1,29.7,0.8,0.04,10.1021/acs.orglett.8b01029,ODH,3050,ODH_charity_0616:row:3050,23.76,valid,
16963,16963,OC[C@H](O)c1cccc(Br)c1,24.5,0.8,0.04,10.1021/acs.orglett.8b01029,ODH,3051,ODH_charity_0616:row:3051,19.6,train,
16972,16972,COc1cccc(c1)[C@@H](C(C(=O)c2ccccc2)C(=O)c3ccccc3)C(=O)C=C(c4ccc(C)cc4)c5ccc(C)cc5,44.9,0.6,0.5,10.1002/anie.201105812,ODH,3052,ODH_charity_0616:row:3052,26.94,train,
16973,16973,COc1cccc(c1)[C@H](C(C(=O)c2ccccc2)C(=O)c3ccccc3)C(=O)C=C(c4ccc(C)cc4)c5ccc(C)cc5,24.5,0.6,0.5,10.1002/anie.201105812,ODH,3053,ODH_charity_0616:row:3053,14.7,train,
16974,16974,CCC[C@H]1[C@H](/C=C/CN(CC#CC)[S](=O)(=O)c2ccc(C)cc2)N1[S](=O)(=O)c3ccc(C)cc3,17.49,0.8,0.2,10.1021/jacs.5b01305,ODH,3054,ODH_charity_0616:row:3054,13.992,train,
16975,16975,CCC[C@@H]1[C@H](/C=C/CN(CC#CC)[S](=O)(=O)c2ccc(C)cc2)N1[S](=O)(=O)c3ccc(C)cc3,24.55,0.8,0.2,10.1021/jacs.5b01305,ODH,3055,ODH_charity_0616:row:3055,19.64,train,
16985,16985,CCCCCCC[C@H]1[C@@H](c2ccc(OC)cc2)c3cc4OCOc4cc3OC1=O,14.8,0.6,0.1,10.1021/acs.orglett.7b02883,ODH,3056,ODH_charity_0616:row:3056,8.88,train,
16988,16988,Cc1ccc(cc1)[S](=O)(=O)N2C(=O)[C@@H]([C@H](C=C2c3occc3)c4ccccc4)c5ccccc5,21.0,0.75,0.2,10.1021/ol300676w,ODH,3057,ODH_charity_0616:row:3057,15.75,train,
17006,17006,FC(F)(F)c1ccc(cc1)[C@@H]2CCc3ccccc3N2,18.26,0.6,0.1,10.1002/anie.201204179,ODH,3058,ODH_charity_0616:row:3058,10.956,valid,
17007,17007,FC(F)(F)c1ccc(cc1)[C@H]2CCc3ccccc3N2,24.63,0.6,0.1,10.1002/anie.201204179,ODH,3059,ODH_charity_0616:row:3059,14.778,valid,
17020,17020,OC[C@]1(\C=C\c2ccccc2)C(=O)Nc3ccccc13,28.8,0.8,0.1,10.31635/ccschem.019.20190064,ODH,3060,ODH_charity_0616:row:3060,23.04,train,
17021,17021,OC[C@@]1(\C=C\c2ccccc2)C(=O)Nc3ccccc13,24.7,0.8,0.1,10.31635/ccschem.019.20190064,ODH,3061,ODH_charity_0616:row:3061,19.76,train,
17022,17022,O[C@@H]([C@H](C=C)c1ccccc1)C(=O)c2ccc(Br)cc2,37.2,0.5,0.05,10.1021/jacs.6b06156,ODH,3062,ODH_charity_0616:row:3062,18.6,train,
17023,17023,O[C@@H]([C@H](C=C)c1ccccc1)C(=O)c2ccc(Br)cc2,37.2,0.5,0.05,10.1021/jacs.6b06156,ODH,3063,ODH_charity_0616:row:3063,18.6,valid,
17026,17026,CC[C@@H](C=O)[C@H](C[N+]([O-])=O)c1ccccc1,32.96,0.9,0.09,10.1039/C2OB00003B,ODH,3064,ODH_charity_0616:row:3064,29.664,train,
17073,17073,Cc1ccc(cc1)[C@@H](C[N+]([O-])=O)c2ccc(F)cc2,13.6,1.5,0.1,10.1021/acs.orglett.5b00863,ODH,3065,ODH_charity_0616:row:3065,20.4,train,
17074,17074,Cc1ccc(cc1)[C@H](C[N+]([O-])=O)c2ccc(F)cc2,24.9,1.5,0.1,10.1021/acs.orglett.5b00863,ODH,3066,ODH_charity_0616:row:3066,37.35,train,
17077,17077,Cc1ccc(cc1)[S](=O)(=O)N2C(=O)[C@@H]([C@H](C=C2c3ccccc3)c4cccc(Br)c4)c5ccccc5,14.6,0.75,0.2,10.1021/ol300676w,ODH,3067,ODH_charity_0616:row:3067,10.95,train,
17082,17082,CC(C)OCN1C(=O)[C@](CO)(\C=C\c2ccccc2)c3ccccc13,20.6,0.8,0.05,10.31635/ccschem.019.20190064,ODH,3068,ODH_charity_0616:row:3068,16.48,train,
17083,17083,CC(C)OCN1C(=O)[C@@](CO)(\C=C\c2ccccc2)c3ccccc13,24.9,0.8,0.05,10.31635/ccschem.019.20190064,ODH,3069,ODH_charity_0616:row:3069,19.92,train,
17084,17084,Cc1cccc(c1)[C@@H](C=C)[C@H](O)C(=O)c2ccccc2,20.9,1.0,0.05,10.1021/jacs.6b06156,ODH,3070,ODH_charity_0616:row:3070,20.9,train,
17085,17085,Cc1cccc(c1)[C@@H](C=C)[C@H](O)C(=O)c2ccccc2,20.9,1.0,0.05,10.1021/jacs.6b06156,ODH,3071,ODH_charity_0616:row:3071,20.9,train,
17112,17112,COc1ccc(cc1)[C@@H](O)C(=O)c2ccc(OC)cc2,27.28,1.0,0.1,10.1021/acs.orglett.0c01626,ODH,3072,ODH_charity_0616:row:3072,27.28,train,
17113,17113,COc1ccc(cc1)[C@H](O)C(=O)c2ccc(OC)cc2,24.96,1.0,0.1,10.1021/acs.orglett.0c01626,ODH,3073,ODH_charity_0616:row:3073,24.96,train,
17114,17114,O[C@@H]1CCOc2ccccc12,29.406,0.5,0.03,10.1039/C8CC07787H,ODH,3074,ODH_charity_0616:row:3074,14.703,train,
17115,17115,O[C@H]1CCOc2ccccc12,24.971,0.5,0.03,10.1039/C8CC07787H,ODH,3075,ODH_charity_0616:row:3075,12.4855,train,
17116,17116,C[C@@](CO)(c1ccccc1)c2ccc3occc3c2,21.04,0.6,0.05,10.1002/anie.202106109,ODH,3076,ODH_charity_0616:row:3076,12.624,train,
17117,17117,C[C@](CO)(c1ccccc1)c2ccc3occc3c2,24.98,0.6,0.05,10.1002/anie.202106109,ODH,3077,ODH_charity_0616:row:3077,14.988,train,
17126,17126,COc1ccc(cc1)C(=O)N[C@](C)(C(=O)NCCO)C(=O)OCc2ccccc2,19.0,0.7,0.2,10.1039/D0SC00808G,ODH,3078,ODH_charity_0616:row:3078,13.3,train,
17127,17127,COc1ccc(cc1)C(=O)N[C@@](C)(C(=O)NCCO)C(=O)OCc2ccccc2,25.0,0.7,0.2,10.1039/D0SC00808G,ODH,3079,ODH_charity_0616:row:3079,17.5,train,
17165,17165,CCOC(=O)[C@@]1(CC=C)N[S](=O)(=O)c2ccccc12,18.3,0.8,0.1,10.1002/chem.201704760,ODH,3080,ODH_charity_0616:row:3080,14.64,train,
17166,17166,CCOC(=O)[C@]1(CC=C)N[S](=O)(=O)c2ccccc12,25.1,0.8,0.1,10.1002/chem.201704760,ODH,3081,ODH_charity_0616:row:3081,20.08,train,
17170,17170,O=C1[C@H](Cc2cscc2)Oc3ccccc3N1Cc4ccccc4,21.2,0.5,0.05,10.1021/acs.orglett.1c01701,ODH,3082,ODH_charity_0616:row:3082,10.6,train,
17171,17171,O=C1[C@@H](Cc2cscc2)Oc3ccccc3N1Cc4ccccc4,25.1,0.5,0.05,10.1021/acs.orglett.1c01701,ODH,3083,ODH_charity_0616:row:3083,12.55,train,
17176,17176,O[C@H]([C@@H](C=C)c1ccccc1)C(=O)c2ccccc2,26.0,0.5,0.05,10.1021/jacs.6b06156,ODH,3084,ODH_charity_0616:row:3084,13.0,train,
17177,17177,O[C@H]([C@@H](C=C)c1ccccc1)C(=O)c2ccccc2,26.0,0.5,0.05,10.1021/jacs.6b06156,ODH,3085,ODH_charity_0616:row:3085,13.0,train,
17182,17182,CC(=O)[C@@](O)(Cn1cncn1)c2cc(F)ccc2F,17.53,1.0,0.1,10.1021/acs.orglett.1c02588,ODH,3086,ODH_charity_0616:row:3086,17.53,train,
17183,17183,CC(=O)[C@](O)(Cn1cncn1)c2cc(F)ccc2F,25.11,1.0,0.1,10.1021/acs.orglett.1c02588,ODH,3087,ODH_charity_0616:row:3087,25.11,train,
17189,17189,Brc1cccc(c1)[C@@H]2CCc3ccccc3N2,17.81,0.6,0.1,10.1002/anie.201204179,ODH,3088,ODH_charity_0616:row:3088,10.686,train,
17190,17190,Brc1cccc(c1)[C@H]2CCc3ccccc3N2,25.13,0.6,0.1,10.1002/anie.201204179,ODH,3089,ODH_charity_0616:row:3089,15.078,valid,
17194,17194,CCCCN1C(=O)[C@](CO)(\C=C\c2ccccc2)c3ccccc13,20.1,0.8,0.05,10.31635/ccschem.019.20190064,ODH,3090,ODH_charity_0616:row:3090,16.08,test,
17195,17195,CCCCN1C(=O)[C@@](CO)(\C=C\c2ccccc2)c3ccccc13,25.2,0.8,0.05,10.31635/ccschem.019.20190064,ODH,3091,ODH_charity_0616:row:3091,20.16,train,
17204,17204,COc1ccccc1[C@H](C)O,23.2,1.0,0.02,10.1002/anie.201102710,ODH,3092,ODH_charity_0616:row:3092,23.2,train,
17205,17205,COc1ccccc1[C@@H](C)O,25.2,1.0,0.02,10.1002/anie.201102710,ODH,3093,ODH_charity_0616:row:3093,25.2,train,
17232,17232,O[C@@H]1C[C@H](CCc2ccccc2)Oc3ccccc13,35.795,0.7,0.05,10.1039/C8CC07787H,ODH,3094,ODH_charity_0616:row:3094,25.0565,train,
17239,17239,CC(C)(C)c1ccc(OCCCC[C@@]2(CI)COc3ccccc23)cc1,21.6,0.5,0.01,10.1021/jacs.9b04332,ODH,3095,ODH_charity_0616:row:3095,10.8,train,
17240,17240,CC(C)(C)c1ccc(OCCCC[C@]2(CI)COc3ccccc23)cc1,25.3,0.5,0.01,10.1021/jacs.9b04332,ODH,3096,ODH_charity_0616:row:3096,12.65,train,
17243,17243,C[C@H](COC=O)c1cccc(C)c1,26.1,0.5,0.005,10.1021/acs.orglett.7b03469,ODH,3097,ODH_charity_0616:row:3097,13.05,valid,
17244,17244,C[C@@H](COC=O)c1cccc(C)c1,25.3,0.5,0.005,10.1021/acs.orglett.7b03469,ODH,3098,ODH_charity_0616:row:3098,12.65,train,
17245,17245,C[C@H](COC=O)c1ccccc1C,26.5,0.5,0.005,10.1021/acs.orglett.7b03469,ODH,3099,ODH_charity_0616:row:3099,13.25,train,
17246,17246,C[C@@H](COC=O)c1ccccc1C,25.3,0.5,0.005,10.1021/acs.orglett.7b03469,ODH,3100,ODH_charity_0616:row:3100,12.65,train,
17247,17247,C[C@H](COC=O)c1ccccc1C,26.5,0.5,0.005,10.1021/acs.orglett.7b03469,ODH,3101,ODH_charity_0616:row:3101,13.25,train,
17248,17248,C[C@@H](COC=O)c1ccccc1C,25.3,0.5,0.005,10.1021/acs.orglett.7b03469,ODH,3102,ODH_charity_0616:row:3102,12.65,train,
17251,17251,COc1ccccc1C#CC[C@@]2(C)COc3ccccc23,27.7,0.5,0.01,10.1002/anie.201913367,ODH,3103,ODH_charity_0616:row:3103,13.85,train,
17252,17252,COc1ccccc1C#CC[C@]2(C)COc3ccccc23,25.3,0.5,0.01,10.1002/anie.201913367,ODH,3104,ODH_charity_0616:row:3104,12.65,train,
17283,17283,Fc1ccc(cc1F)C2=C3N([C@H]4C=CCC[C@@H]24)[S](=O)(=O)c5ccccc35,27.08,0.5,0.08,10.1021/acs.orglett.6b03529,ODH,3105,ODH_charity_0616:row:3105,13.54,train,
17307,17307,Cc1oc(c2ccc(cc2)[N+]([O-])=O)c3[C@@H]4COCCN4c5ccccc5Cc13,21.2,0.8,0.2,10.1002/chem.201100019,ODH,3106,ODH_charity_0616:row:3106,16.96,train,
17308,17308,Cc1oc(c2ccc(cc2)[N+]([O-])=O)c3[C@H]4COCCN4c5ccccc5Cc13,25.5,0.8,0.2,10.1002/chem.201100019,ODH,3107,ODH_charity_0616:row:3107,20.4,train,
17314,17314,C\C(=C/C(=O)[C@@H](CCc1ccccc1)C(C(=O)c2ccccc2)C(=O)c3ccccc3)c4ccccc4,23.8,0.6,0.5,10.1002/anie.201105812,ODH,3108,ODH_charity_0616:row:3108,14.28,train,
17315,17315,C\C(=C/C(=O)[C@H](CCc1ccccc1)C(C(=O)c2ccccc2)C(=O)c3ccccc3)c4ccccc4,25.5,0.6,0.5,10.1002/anie.201105812,ODH,3109,ODH_charity_0616:row:3109,15.3,train,
17317,17317,CC[C@@H]1CCC(=O)O[C@H]1c2ccc(cc2)[N+]([O-])=O,26.8,1.0,0.15,10.1002/chem.201801197,ODH,3110,ODH_charity_0616:row:3110,26.8,valid,
17323,17323,CCOC(=O)[C@@]1(N[S](=O)(=O)c2ccc(F)cc12)C#Cc3ccccc3,34.8,0.5,0.15,10.1039/c7cc02159c,ODH,3111,ODH_charity_0616:row:3111,17.4,valid,
17324,17324,CCOC(=O)[C@]1(N[S](=O)(=O)c2ccc(F)cc12)C#Cc3ccccc3,25.5,0.5,0.15,10.1039/c7cc02159c,ODH,3112,ODH_charity_0616:row:3112,12.75,train,
17339,17339,Fc1ccc(C[C@@H]2Oc3ccccc3N(Cc4ccccc4)C2=O)cc1,20.3,0.5,0.05,10.1021/acs.orglett.1c01701,ODH,3113,ODH_charity_0616:row:3113,10.15,test,
17340,17340,Fc1ccc(C[C@H]2Oc3ccccc3N(Cc4ccccc4)C2=O)cc1,25.6,0.5,0.05,10.1021/acs.orglett.1c01701,ODH,3114,ODH_charity_0616:row:3114,12.8,train,
17356,17356,CC(C)[C@@H](C=O)[C@H](C[N+]([O-])=O)c1ccccc1,27.2,0.8,0.05,10.1039/C2OB00003B,ODH,3115,ODH_charity_0616:row:3115,21.76,test,
17376,17376,CC(=C)[C@@H]1CN(C(=C1)c2ccc(cc2)C(C)=O)[S](=O)(=O)c3ccc(C)cc3,22.03,0.8,0.05,10.1021/jacs.6b00386,ODH,3116,ODH_charity_0616:row:3116,17.624,train,
17377,17377,CC(=C)[C@H]1CN(C(=C1)c2ccc(cc2)C(C)=O)[S](=O)(=O)c3ccc(C)cc3,25.71,0.8,0.05,10.1021/jacs.6b00386,ODH,3117,ODH_charity_0616:row:3117,20.568,train,
17384,17384,COC(=O)c1ccc(cc1)[C@](C)(CO)c2ccc(OC)cc2,28.79,0.6,0.1,10.1002/anie.202106109,ODH,3118,ODH_charity_0616:row:3118,17.274,valid,
17385,17385,COC(=O)c1ccc(cc1)[C@@](C)(CO)c2ccc(OC)cc2,25.78,0.6,0.1,10.1002/anie.202106109,ODH,3119,ODH_charity_0616:row:3119,15.468,train,
17393,17393,CCCCOC(=O)[C@@]1(N[S](=O)(=O)c2ccccc12)C#Cc3ccccc3,29.9,0.5,0.05,10.1039/c7cc02159c,ODH,3120,ODH_charity_0616:row:3120,14.95,train,
17394,17394,CCCCOC(=O)[C@]1(N[S](=O)(=O)c2ccccc12)C#Cc3ccccc3,25.8,0.5,0.05,10.1039/c7cc02159c,ODH,3121,ODH_charity_0616:row:3121,12.9,train,
17398,17398,CCOC(=O)[C@@]1(N[S](=O)(=O)c2ccccc12)C#Cc3ccc(cc3)C(F)(F)F,35.3,0.5,0.15,10.1039/c7cc02159c,ODH,3122,ODH_charity_0616:row:3122,17.65,train,
17399,17399,CCOC(=O)[C@]1(N[S](=O)(=O)c2ccccc12)C#Cc3ccc(cc3)C(F)(F)F,25.8,0.5,0.15,10.1039/c7cc02159c,ODH,3123,ODH_charity_0616:row:3123,12.9,train,
17423,17423,CC[C@H](CO)c1ccccc1,26.7,0.5,0.005,10.1021/acs.orglett.7b03469,ODH,3124,ODH_charity_0616:row:3124,13.35,train,
17424,17424,CC[C@@H](CO)c1ccccc1,25.9,0.5,0.005,10.1021/acs.orglett.7b03469,ODH,3125,ODH_charity_0616:row:3125,12.95,train,
17429,17429,O=C([C@](C1=CC(Cl)=CC=C12)(C#CC3=CC=CC=C3)NS2(=O)=O)OCC,35.5,0.5,0.15,10.1039/c7cc02159c,ODH,3126,ODH_charity_0616:row:3126,17.75,train,
17430,17430,O=C([C@@](C1=CC(Cl)=CC=C12)(C#CC3=CC=CC=C3)NS2(=O)=O)OCC,25.9,0.5,0.15,10.1039/c7cc02159c,ODH,3127,ODH_charity_0616:row:3127,12.95,train,
17488,17488,O[C@H](c1ccc2ccccc2c1)C(=O)c3ccc4ccccc4c3,35.32,1.0,0.1,10.1021/acs.orglett.0c01626,ODH,3128,ODH_charity_0616:row:3128,35.32,train,
17489,17489,O[C@@H](c1ccc2ccccc2c1)C(=O)c3ccc4ccccc4c3,26.12,1.0,0.1,10.1021/acs.orglett.0c01626,ODH,3129,ODH_charity_0616:row:3129,26.12,train,
17511,17511,IC[C@]1(CCCCN2C(=O)c3cccc4cccc2c34)COc5ccccc15,27.5,0.8,0.1,10.1021/jacs.9b04332,ODH,3130,ODH_charity_0616:row:3130,22.0,train,
17512,17512,IC[C@@]1(CCCCN2C(=O)c3cccc4cccc2c34)COc5ccccc15,26.2,0.8,0.1,10.1021/jacs.9b04332,ODH,3131,ODH_charity_0616:row:3131,20.96,train,
17513,17513,COc1ccc(cc1)[C@@H](C[N+]([O-])=O)c2ccc(C)cc2,28.3,1.5,0.1,10.1021/acs.orglett.5b00863,ODH,3132,ODH_charity_0616:row:3132,42.45,train,
17514,17514,COc1ccc(cc1)[C@H](C[N+]([O-])=O)c2ccc(C)cc2,26.2,1.5,0.1,10.1021/acs.orglett.5b00863,ODH,3133,ODH_charity_0616:row:3133,39.3,train,
17538,17538,Cc1ccc2c(c1)N(Cc3cccc4ccccc34)C(=O)[C@@]2(O)[C@H](C=C)c5ccccc5,11.976,1.0,0.1,10.1021/acs.orglett.8b02655,ODH,3134,ODH_charity_0616:row:3134,11.976,train,
17545,17545,Cc1ccc(cc1)N2N=C(C)[C@@](C\C=C\C=N\N3C(=O)c4ccccc4C3=O)(Cc5ccc(Cl)cc5)C2=O,29.386,1.0,0.3,10.1021/jacs.6b08236,ODH,3135,ODH_charity_0616:row:3135,29.386,train,
17546,17546,Cc1ccc(cc1)N2N=C(C)[C@](C\C=C\C=N\N3C(=O)c4ccccc4C3=O)(Cc5ccc(Cl)cc5)C2=O,26.246,1.0,0.3,10.1021/jacs.6b08236,ODH,3136,ODH_charity_0616:row:3136,26.246,train,
17576,17576,Cc1ccc(cc1)[S](=O)(=O)N2C(=O)[C@@H]([C@H](C=C2c3ccc4ccccc4c3)c5ccccc5)c6ccccc6,13.1,0.75,0.2,10.1021/ol300676w,ODH,3137,ODH_charity_0616:row:3137,9.825,train,
17583,17583,O[C@@H]([C@H](C=C)c1ccccc1)C(=O)c2ccccc2,25.0,0.5,0.05,10.1021/jacs.6b06156,ODH,3138,ODH_charity_0616:row:3138,12.5,train,
17584,17584,O[C@@H]([C@H](C=C)c1ccccc1)C(=O)c2ccccc2,25.0,0.5,0.05,10.1021/jacs.6b06156,ODH,3139,ODH_charity_0616:row:3139,12.5,train,
17585,17585,C[C@@]1(COc2ccccc12)CC#Cc3ccccc3[N+]([O-])=O,27.3,0.5,0.01,10.1002/anie.201913367,ODH,3140,ODH_charity_0616:row:3140,13.65,train,
17586,17586,C[C@]1(COc2ccccc12)CC#Cc3ccccc3[N+]([O-])=O,26.4,0.5,0.01,10.1002/anie.201913367,ODH,3141,ODH_charity_0616:row:3141,13.2,train,
17591,17591,Oc1ccc(F)cc1C2=N[C@@H](Cc3ccccc3C2=O)c4ccccc4,29.0,0.7,0.02,10.1021/acs.orglett.6b03027,ODH,3142,ODH_charity_0616:row:3142,20.3,train,
17592,17592,Oc1ccc(F)cc1C2=N[C@H](Cc3ccccc3C2=O)c4ccccc4,26.4,0.7,0.02,10.1021/acs.orglett.6b03027,ODH,3143,ODH_charity_0616:row:3143,18.48,train,
17600,17600,COc1ccc2O[C@@H](CCc3ccccc3)C[C@@H](O)c2c1,40.748,0.8,0.05,10.1039/C8CC07787H,ODH,3144,ODH_charity_0616:row:3144,32.5984,train,
17611,17611,CC[C@@H](C#Cc1cccc(OC)c1)c2ccccc2,33.84,0.7,0.005,10.1002/anie.202006317,ODH,3145,ODH_charity_0616:row:3145,23.688,train,
17612,17612,CC[C@H](C#Cc1cccc(OC)c1)c2ccccc2,26.49,0.7,0.005,10.1002/anie.202006317,ODH,3146,ODH_charity_0616:row:3146,18.543,train,
17613,17613,Cc1ccc(cc1)[S](=O)(=O)N2C(=O)[C@@H]([C@H](C=C2c3ccc(Cl)cc3)c4ccccc4)c5ccccc5,12.0,0.75,0.2,10.1021/ol300676w,ODH,3147,ODH_charity_0616:row:3147,9.0,test,
17628,17628,Clc1cccc(\C=C\[C@H]2N[S](=O)(=O)Oc3ccccc23)c1,31.7,1.0,0.1,10.1016/j.tetlet.2018.03.026,ODH,3148,ODH_charity_0616:row:3148,31.7,train,
17629,17629,Clc1cccc(\C=C\[C@@H]2N[S](=O)(=O)Oc3ccccc23)c1,26.5,1.0,0.1,10.1016/j.tetlet.2018.03.026,ODH,3149,ODH_charity_0616:row:3149,26.5,train,
17633,17633,O[C@@]1([C@H](C=C)c2ccccc2)C(=O)N(Cc3cccc4ccccc34)c5ccccc15,14.585,1.0,0.1,10.1021/acs.orglett.8b02655,ODH,3150,ODH_charity_0616:row:3150,14.585,train,
17656,17656,OC[C@H](CCl)c1ccc2ccccc2c1,28.7,1.0,0.05,10.1002/anie.201601844,ODH,3151,ODH_charity_0616:row:3151,28.7,train,
17657,17657,OC[C@@H](CCl)c1ccc2ccccc2c1,26.6,1.0,0.05,10.1002/anie.201601844,ODH,3152,ODH_charity_0616:row:3152,26.6,train,
17660,17660,C[S](=O)(=O)N1[C@H](C=Cc2ccccc12)c3ccc4ccccc4c3,31.0,0.5,0.1,10.1002/anie.201909479,ODH,3153,ODH_charity_0616:row:3153,15.5,train,
17661,17661,C[S](=O)(=O)N1[C@@H](C=Cc2ccccc12)c3ccc4ccccc4c3,26.6,0.5,0.1,10.1002/anie.201909479,ODH,3154,ODH_charity_0616:row:3154,13.3,train,
17670,17670,C1Cc2ccccc2N[C@@H]1c3ccccc3,19.95,0.6,0.05,10.1002/anie.201204179,ODH,3155,ODH_charity_0616:row:3155,11.97,test,
17671,17671,C1Cc2ccccc2N[C@H]1c3ccccc3,26.62,0.6,0.05,10.1002/anie.201204179,ODH,3156,ODH_charity_0616:row:3156,15.972,train,
17685,17685,Cc1ccc(cc1)[S](=O)(=O)N2CC[C@H](C2)c3cccc(F)c3,28.3,1.0,0.05,10.1039/C7QO00248C,ODH,3157,ODH_charity_0616:row:3157,28.3,train,
17686,17686,Cc1ccc(cc1)[S](=O)(=O)N2CC[C@@H](C2)c3cccc(F)c3,26.7,1.0,0.05,10.1039/C7QO00248C,ODH,3158,ODH_charity_0616:row:3158,26.7,train,
17693,17693,Cc1ccc(cc1)[S](=O)(=O)N/C(c2ccccc2)=C3/[C@H]([C@@H](CC3=O)c4ccc(Br)cc4)c5ccc6ccccc6c5,34.8,0.75,0.1,10.1039/C3SC50666E,ODH,3159,ODH_charity_0616:row:3159,26.1,train,
17697,17697,CC[C@H]1C[C@@H](O)c2cc(OC)ccc2O1,31.238,0.5,0.03,10.1039/C8CC07787H,ODH,3160,ODH_charity_0616:row:3160,15.619,train,
17698,17698,Cc1ccc([C@@H](C=C)[C@]2(O)C(=O)N(Cc3cccc4ccccc34)c5ccccc25)c(C)c1,11.833,1.0,0.1,10.1021/acs.orglett.8b02655,ODH,3161,ODH_charity_0616:row:3161,11.833,train,
17708,17708,Cc1cccc2[C@H](N[S](=O)(=O)Oc12)\C=C\c3ccccc3,23.1,0.8,0.15,10.1016/j.tetlet.2018.03.026,ODH,3162,ODH_charity_0616:row:3162,18.48,train,
17709,17709,Cc1cccc2[C@@H](N[S](=O)(=O)Oc12)\C=C\c3ccccc3,26.8,0.8,0.15,10.1016/j.tetlet.2018.03.026,ODH,3163,ODH_charity_0616:row:3163,21.44,train,
17710,17710,COC(=O)c1ccc2N([C@@H]3C=C(CC[C@@H]3c2c1)c4ccccc4)[S](=O)(=O)C(F)(F)F,23.3,0.5,0.02,10.1021/jacs.1c07212,ODH,3164,ODH_charity_0616:row:3164,11.65,train,
17738,17738,O=C1C[C@@H](c2ccccc2)C(=C(O1)c3ccccc3)C(=O)c4ccccc4,30.9,0.7,0.05,10.1021/acs.orglett.7b03650,ODH,3165,ODH_charity_0616:row:3165,21.63,train,
17739,17739,O=C1C[C@H](c2ccccc2)C(=C(O1)c3ccccc3)C(=O)c4ccccc4,26.9,0.7,0.05,10.1021/acs.orglett.7b03650,ODH,3166,ODH_charity_0616:row:3166,18.83,train,
17740,17740,Cc1ccc(cc1)[S](=O)(=O)N/C(c2ccccc2)=C3/[C@H]([C@@H](CC3=O)c4ccc(Br)cc4)c5cccc(Br)c5,32.4,0.75,0.1,10.1039/C3SC50666E,ODH,3167,ODH_charity_0616:row:3167,24.3,train,
17741,17741,CCOC(=O)[C@@]1(N[S](=O)(=O)c2ccc(C)cc12)C#Cc3ccccc3,33.6,0.5,0.15,10.1039/c7cc02159c,ODH,3168,ODH_charity_0616:row:3168,16.8,train,
17742,17742,CCOC(=O)[C@]1(N[S](=O)(=O)c2ccc(C)cc12)C#Cc3ccccc3,26.9,0.5,0.15,10.1039/c7cc02159c,ODH,3169,ODH_charity_0616:row:3169,13.45,train,
17753,17753,COC(=O)/C=C/[C@@H](NCc1ccccc1)c2occc2,19.9,0.6,0.12,10.1021/acs.orglett.7b01904,ODH,3170,ODH_charity_0616:row:3170,11.94,train,
17754,17754,COC(=O)/C=C/[C@H](NCc1ccccc1)c2occc2,27.0,0.6,0.12,10.1021/acs.orglett.7b01904,ODH,3171,ODH_charity_0616:row:3171,16.2,train,
17756,17756,Brc1ccc(cc1)/C=C/C(=O)[C@H](C(C(=O)c2ccccc2)C(=O)c3ccccc3)c4ccccc4,22.7,0.75,0.5,10.1002/anie.201105812,ODH,3172,ODH_charity_0616:row:3172,17.025,train,
17757,17757,Brc1ccc(cc1)/C=C/C(=O)[C@@H](C(C(=O)c2ccccc2)C(=O)c3ccccc3)c4ccccc4,27.0,0.75,0.5,10.1002/anie.201105812,ODH,3173,ODH_charity_0616:row:3173,20.25,train,
17765,17765,CC(=O)c1ccc(cc1)[S@](=O)Cc2ccccc2,22.88,1.0,0.2,10.1021/jacs.8b00178,ODH,3174,ODH_charity_0616:row:3174,22.88,test,
17766,17766,CC(=O)c1ccc(cc1)[S@@](=O)Cc2ccccc2,27.07,1.0,0.2,10.1021/jacs.8b00178,ODH,3175,ODH_charity_0616:row:3175,27.07,train,
17772,17772,C1Nc2ccccc2N[C@@H]1Cc3ccccc3,16.9,1.0,0.1,10.1021/acs.orglett.9b01520,ODH,3176,ODH_charity_0616:row:3176,16.9,train,
17773,17773,C1Nc2ccccc2N[C@H]1Cc3ccccc3,27.1,1.0,0.1,10.1021/acs.orglett.9b01520,ODH,3177,ODH_charity_0616:row:3177,27.1,train,
17777,17777,Cc1ccc(cc1)[S](=O)(=O)N2CC[C@@H](C[C@@H]2c3ccccc3)c4ccccc4,24.2,0.5,0.1,10.1021/ol402877n,ODH,3178,ODH_charity_0616:row:3178,12.1,train,
17791,17791,FC(F)(F)[S](=O)(=O)N1[C@@H]2C=C(CC[C@@H]2c3cc(Br)c(Br)cc13)c4ccc(cc4)c5ccccc5,21.9,0.5,0.05,10.1021/jacs.1c07212,ODH,3179,ODH_charity_0616:row:3179,10.95,train,
17796,17796,FC(F)(F)c1ccc(C[C@@H]2Oc3ccccc3N(Cc4ccccc4)C2=O)cc1,25.7,0.5,0.05,10.1021/acs.orglett.1c01701,ODH,3180,ODH_charity_0616:row:3180,12.85,train,
17797,17797,FC(F)(F)c1ccc(C[C@H]2Oc3ccccc3N(Cc4ccccc4)C2=O)cc1,27.2,0.5,0.05,10.1021/acs.orglett.1c01701,ODH,3181,ODH_charity_0616:row:3181,13.6,train,
17798,17798,Cc1ccc(cc1)[S](=O)(=O)N2CC[C@H](C2)c3ccc(cc3)C(F)(F)F,29.0,1.0,0.05,10.1039/C7QO00248C,ODH,3182,ODH_charity_0616:row:3182,29.0,valid,
17799,17799,Cc1ccc(cc1)[S](=O)(=O)N2CC[C@@H](C2)c3ccc(cc3)C(F)(F)F,27.2,1.0,0.05,10.1039/C7QO00248C,ODH,3183,ODH_charity_0616:row:3183,27.2,train,
17837,17837,COc1ccc(cc1)C2=C[C@@H]([C@H](C(=O)N2[S](=O)(=O)c3ccc(C)cc3)c4ccccc4)c5ccccc5,13.5,0.75,0.2,10.1021/ol300676w,ODH,3184,ODH_charity_0616:row:3184,10.125,train,
17846,17846,C1[C@H]([C@@H](C=C1c2ccccc2)c3cccc4ccccc34)c5ccccc5,28.7,0.3,0.002,10.1038/nchem.1710,ODH,3185,ODH_charity_0616:row:3185,8.61,train,
17850,17850,CCCC[C@@H]1C=Cc2cc(C)c(C)cc2[C@H]1O,32.37,1.0,0.01,10.1002/asia.200800159,ODH,3186,ODH_charity_0616:row:3186,32.37,train,
17879,17879,CC(C)C[C@@H]1C=Cc2cc(C)c(C)cc2[C@H]1O,31.16,1.0,0.01,10.1002/asia.200800159,ODH,3187,ODH_charity_0616:row:3187,31.16,test,
17886,17886,IC[C@@]1(CCCCN2C(=O)c3cccc4cccc2c34)COc5ccccc15,26.2,0.8,0.1,10.1021/jacs.9b04332,ODH,3188,ODH_charity_0616:row:3188,20.96,train,
17887,17887,IC[C@]1(CCCCN2C(=O)c3cccc4cccc2c34)COc5ccccc15,27.6,0.8,0.1,10.1021/jacs.9b04332,ODH,3189,ODH_charity_0616:row:3189,22.08,train,
17911,17911,O=C1N(Cc2ccccc2)C[C@@](CC#Cc3ccccc3)(Cc4ccccc4)c5ccccc15,23.5,0.8,0.05,10.1002/anie.201913367,ODH,3190,ODH_charity_0616:row:3190,18.8,valid,
17912,17912,O=C1N(Cc2ccccc2)C[C@](CC#Cc3ccccc3)(Cc4ccccc4)c5ccccc15,27.7,0.8,0.05,10.1002/anie.201913367,ODH,3191,ODH_charity_0616:row:3191,22.16,train,
17913,17913,Cc1ccc(cc1)/C=C/[C@@]2(CO)C(=O)N(COCc3ccccc3)c4cccc(Cl)c24,24.3,0.8,0.05,10.31635/ccschem.019.20190064,ODH,3192,ODH_charity_0616:row:3192,19.44,train,
17914,17914,Cc1ccc(cc1)/C=C/[C@]2(CO)C(=O)N(COCc3ccccc3)c4cccc(Cl)c24,27.7,0.8,0.05,10.31635/ccschem.019.20190064,ODH,3193,ODH_charity_0616:row:3193,22.16,train,
17932,17932,COc1ccc(/C=C/C[C@](C)(N)C(=O)OC(C)(C)C)cc1,16.2,0.5,0.08,10.1021/jacs.7b05460,ODH,3194,ODH_charity_0616:row:3194,8.1,train,
17933,17933,COc1ccc(/C=C/C[C@@](C)(N)C(=O)OC(C)(C)C)cc1,27.8,0.5,0.08,10.1021/jacs.7b05460,ODH,3195,ODH_charity_0616:row:3195,13.9,train,
17934,17934,COc1ccc(/C=C/C[C@](C)(N)C(=O)OC(C)(C)C)cc1,16.2,0.5,0.08,10.1021/jacs.7b05460,ODH,3196,ODH_charity_0616:row:3196,8.1,train,
17935,17935,COc1ccc(/C=C/C[C@@](C)(N)C(=O)OC(C)(C)C)cc1,27.8,0.5,0.08,10.1021/jacs.7b05460,ODH,3197,ODH_charity_0616:row:3197,13.9,test,
17936,17936,Cc1ccc(cc1)C2=CC(=O)O[C@](C2)(c3ccccc3)C(F)(F)F,18.3,0.75,0.1,10.1021/ja303618z,ODH,3198,ODH_charity_0616:row:3198,13.725,train,
17937,17937,Cc1ccc(cc1)C2=CC(=O)O[C@@](C2)(c3ccccc3)C(F)(F)F,27.8,0.75,0.1,10.1021/ja303618z,ODH,3199,ODH_charity_0616:row:3199,20.85,train,
17941,17941,COc1ccccc1C(=O)OC[C@H](O)c2ccccc2,23.4,1.0,0.05,10.1002/anie.201306231,ODH,3200,ODH_charity_0616:row:3200,23.4,train,
17942,17942,COc1ccccc1C(=O)OC[C@@H](O)c2ccccc2,27.8,1.0,0.05,10.1002/anie.201306231,ODH,3201,ODH_charity_0616:row:3201,27.8,train,
17972,17972,Brc1ccc(cc1)[C@@H]2CC(=O)OC(=C2)c3ccccc3,26.6,0.5,0.13,10.1021/ol402877n,ODH,3202,ODH_charity_0616:row:3202,13.3,test,
17973,17973,Brc1ccc(cc1)[C@H]2CC(=O)OC(=C2)c3ccccc3,27.9,0.5,0.13,10.1021/ol402877n,ODH,3203,ODH_charity_0616:row:3203,13.95,train,
17976,17976,CCC[C@@]1(CI)COc2ccccc12,32.7,0.5,0.0,10.1021/jacs.9b04332,ODH,3204,ODH_charity_0616:row:3204,16.35,valid,
17977,17977,CCC[C@]1(CI)COc2ccccc12,27.9,0.5,0.0,10.1021/jacs.9b04332,ODH,3205,ODH_charity_0616:row:3205,13.95,train,
17995,17995,CCO[P](=O)(OCC)[C@@]12CC(=CC(=O)N1[S](=O)(=O)Oc3ccc(C)cc23)c4ccccc4,14.8,0.8,0.2,10.1039/C8QO00877A,ODH,3206,ODH_charity_0616:row:3206,11.84,train,
17996,17996,CCO[P](=O)(OCC)[C@]12CC(=CC(=O)N1[S](=O)(=O)Oc3ccc(C)cc23)c4ccccc4,28.0,0.8,0.2,10.1039/C8QO00877A,ODH,3207,ODH_charity_0616:row:3207,22.4,train,
17999,17999,CCCC[C@]1(CI)COc2ccccc12,23.5,0.5,0.0,10.1021/jacs.9b04332,ODH,3208,ODH_charity_0616:row:3208,11.75,train,
18000,18000,CCCC[C@@]1(CI)COc2ccccc12,28.0,0.5,0.0,10.1021/jacs.9b04332,ODH,3209,ODH_charity_0616:row:3209,14.0,train,
18007,18007,CC(C)C[C@H]1CC(=O)N(Cc2ccccc2)C1=O,30.6,0.5,0.05,10.1002/anie.201209126,ODH,3210,ODH_charity_0616:row:3210,15.3,train,
18008,18008,CC(C)C[C@@H]1CC(=O)N(Cc2ccccc2)C1=O,28.0,0.5,0.05,10.1002/anie.201209126,ODH,3211,ODH_charity_0616:row:3211,14.0,train,
18019,18019,CCOC(=O)[C@@]1(CC=C)N[S](=O)(=O)c2ccc(OC)cc12,20.5,0.8,0.1,10.1002/chem.201704760,ODH,3212,ODH_charity_0616:row:3212,16.4,train,
18020,18020,CCOC(=O)[C@]1(CC=C)N[S](=O)(=O)c2ccc(OC)cc12,28.1,0.8,0.1,10.1002/chem.201704760,ODH,3213,ODH_charity_0616:row:3213,22.48,train,
18031,18031,O=C1NCCN[C@H]1c2ccccc2,23.7,1.0,0.15,10.1002/adsc.201700175,ODH,3214,ODH_charity_0616:row:3214,23.7,train,
18032,18032,O=C1NCCN[C@@H]1c2ccccc2,28.1,1.0,0.15,10.1002/adsc.201700175,ODH,3215,ODH_charity_0616:row:3215,28.1,train,
18051,18051,CCC[C@H](COC=O)c1ccccc1,29.7,0.5,0.005,10.1021/acs.orglett.7b03469,ODH,3216,ODH_charity_0616:row:3216,14.85,train,
18052,18052,CCC[C@@H](COC=O)c1ccccc1,28.2,0.5,0.005,10.1021/acs.orglett.7b03469,ODH,3217,ODH_charity_0616:row:3217,14.1,train,
18053,18053,CCC[C@H](COC=O)c1ccccc1,29.7,0.5,0.005,10.1021/acs.orglett.7b03469,ODH,3218,ODH_charity_0616:row:3218,14.85,train,
18054,18054,CCC[C@@H](COC=O)c1ccccc1,28.2,0.5,0.005,10.1021/acs.orglett.7b03469,ODH,3219,ODH_charity_0616:row:3219,14.1,valid,
18055,18055,CCOC(=O)[C@@]1(N[S](=O)(=O)c2cc(C)cc(C)c12)C#Cc3ccccc3,31.2,0.5,0.05,10.1039/c7cc02159c,ODH,3220,ODH_charity_0616:row:3220,15.6,train,
18056,18056,CCOC(=O)[C@]1(N[S](=O)(=O)c2cc(C)cc(C)c12)C#Cc3ccccc3,28.2,0.5,0.05,10.1039/c7cc02159c,ODH,3221,ODH_charity_0616:row:3221,14.1,valid,
18067,18067,CCC[C@H](C=C)N(C)c1ccccc1,30.46,0.3,0.0,10.1021/jacs.9b06035,ODH,3222,ODH_charity_0616:row:3222,9.138,train,
18068,18068,CCC[C@@H](C=C)N(C)c1ccccc1,28.25,0.3,0.0,10.1021/jacs.9b06035,ODH,3223,ODH_charity_0616:row:3223,8.475,train,
18078,18078,CC[C@@H](\C=C\C(=O)Oc1ccc(F)cc1)N2C(=O)[C@H]3C4CC(C=C4)[C@H]3C2=O,21.7,0.8,0.1,10.1039/C9SC04073K,ODH,3224,ODH_charity_0616:row:3224,17.36,train,
18083,18083,Brc1cccc(C[C@@H]2CN(Cc3ccccc3)C2=O)c1,24.7,1.0,0.03,10.1002/CJOC.201800088,ODH,3225,ODH_charity_0616:row:3225,24.7,train,
18084,18084,Brc1cccc(C[C@H]2CN(Cc3ccccc3)C2=O)c1,28.3,1.0,0.03,10.1002/CJOC.201800088,ODH,3226,ODH_charity_0616:row:3226,28.3,train,
18091,18091,OC[C@@H](O)c1sccc1,33.9,0.8,0.04,10.1021/acs.orglett.8b01029,ODH,3227,ODH_charity_0616:row:3227,27.12,train,
18092,18092,OC[C@H](O)c1sccc1,28.3,0.8,0.04,10.1021/acs.orglett.8b01029,ODH,3228,ODH_charity_0616:row:3228,22.64,valid,
18097,18097,CC(=O)C1=C(C)OC(=O)C[C@@H]1c2ccc(F)cc2,39.9,0.7,0.05,10.1002/anie.201302152,ODH,3229,ODH_charity_0616:row:3229,27.93,test,
18098,18098,CC(=O)C1=C(C)OC(=O)C[C@H]1c2ccc(F)cc2,28.3,0.7,0.05,10.1002/anie.201302152,ODH,3230,ODH_charity_0616:row:3230,19.81,train,
18099,18099,CCOC(=O)[C@@]12[C@H](C[C@@H](Cc3ccc(cc3)[N+]([O-])=O)C(=O)N1[S](=O)(=O)c4ccccc24)C(=O)c5ccccc5,61.0,0.6,0.25,10.1007/s11426/021/9989/1,ODH,3231,ODH_charity_0616:row:3231,36.6,train,
18101,18101,[O-][N+](=O)c1ccc(cc1)[S@](=O)Cc2ccccc2,25.19,1.0,0.2,10.1021/jacs.8b00178,ODH,3232,ODH_charity_0616:row:3232,25.19,train,
18102,18102,[O-][N+](=O)c1ccc(cc1)[S@@](=O)Cc2ccccc2,28.33,1.0,0.2,10.1021/jacs.8b00178,ODH,3233,ODH_charity_0616:row:3233,28.33,train,
18107,18107,O[C@@H]([C@H](C=C)c1ccc(cc1)C(F)(F)F)C(=O)c2ccccc2,15.5,0.5,0.05,10.1021/jacs.6b06156,ODH,3234,ODH_charity_0616:row:3234,7.75,train,
18108,18108,O[C@@H]([C@H](C=C)c1ccc(cc1)C(F)(F)F)C(=O)c2ccccc2,15.5,0.5,0.05,10.1021/jacs.6b06156,ODH,3235,ODH_charity_0616:row:3235,7.75,train,
18117,18117,Clc1ccc(C[C@@H]2Oc3ccccc3N(Cc4ccccc4)C2=O)cc1,21.8,0.5,0.05,10.1021/acs.orglett.1c01701,ODH,3236,ODH_charity_0616:row:3236,10.9,train,
18118,18118,Clc1ccc(C[C@H]2Oc3ccccc3N(Cc4ccccc4)C2=O)cc1,28.4,0.5,0.05,10.1021/acs.orglett.1c01701,ODH,3237,ODH_charity_0616:row:3237,14.2,train,
18121,18121,O=COC[C@@H](Cc1ccccc1)c2ccccc2,33.3,0.5,0.005,10.1021/acs.orglett.7b03469,ODH,3238,ODH_charity_0616:row:3238,16.65,train,
18122,18122,O=COC[C@H](Cc1ccccc1)c2ccccc2,28.4,0.5,0.005,10.1021/acs.orglett.7b03469,ODH,3239,ODH_charity_0616:row:3239,14.2,train,
18123,18123,O=COC[C@@H](Cc1ccccc1)c2ccccc2,33.3,0.5,0.005,10.1021/acs.orglett.7b03469,ODH,3240,ODH_charity_0616:row:3240,16.65,train,
18124,18124,O=COC[C@H](Cc1ccccc1)c2ccccc2,28.4,0.5,0.005,10.1021/acs.orglett.7b03469,ODH,3241,ODH_charity_0616:row:3241,14.2,train,
18140,18140,C[C@]1(CC#Cc2ccc(cc2)C#N)CN(Cc3ccccc3)C(=O)c4ccccc14,33.6,1.0,0.1,10.1002/anie.201913367,ODH,3242,ODH_charity_0616:row:3242,33.6,train,
18141,18141,C[C@@]1(CC#Cc2ccc(cc2)C#N)CN(Cc3ccccc3)C(=O)c4ccccc14,28.5,1.0,0.1,10.1002/anie.201913367,ODH,3243,ODH_charity_0616:row:3243,28.5,train,
18142,18142,CC(C)[C@H](COC=O)c1ccccc1,33.8,0.5,0.005,10.1021/acs.orglett.7b03469,ODH,3244,ODH_charity_0616:row:3244,16.9,train,
18143,18143,CC(C)[C@@H](COC=O)c1ccccc1,28.5,0.5,0.005,10.1021/acs.orglett.7b03469,ODH,3245,ODH_charity_0616:row:3245,14.25,train,
18144,18144,CC(C)[C@H](COC=O)c1ccccc1,33.8,0.5,0.005,10.1021/acs.orglett.7b03469,ODH,3246,ODH_charity_0616:row:3246,16.9,train,
18145,18145,CC(C)[C@@H](COC=O)c1ccccc1,28.5,0.5,0.005,10.1021/acs.orglett.7b03469,ODH,3247,ODH_charity_0616:row:3247,14.25,train,
18154,18154,CCC[C@H](C=C)N(C)c1ccccc1,30.749,0.3,0.0,10.1021/acscatal.0c00712,ODH,3248,ODH_charity_0616:row:3248,9.2247,train,
18155,18155,CCC[C@@H](C=C)N(C)c1ccccc1,28.55,0.3,0.0,10.1021/acscatal.0c00712,ODH,3249,ODH_charity_0616:row:3249,8.565,train,
18160,18160,C[C@H](O)[C@H](Nc1ccccc1)c2ccccc2,17.77,1.0,0.05,10.1021/ja901058u,ODH,3250,ODH_charity_0616:row:3250,17.77,train,
18161,18161,C[C@@H](O)[C@H](Nc1ccccc1)c2ccccc2,28.59,1.0,0.05,10.1021/ja901058u,ODH,3251,ODH_charity_0616:row:3251,28.59,train,
18190,18190,COC(=O)C[C@@](C)(O)c1cccc(OC)c1,24.8,0.5,0.02,10.1021/ja511371a,ODH,3252,ODH_charity_0616:row:3252,12.4,train,
18191,18191,COC(=O)C[C@](C)(O)c1cccc(OC)c1,28.7,0.5,0.02,10.1021/ja511371a,ODH,3253,ODH_charity_0616:row:3253,14.35,train,
18204,18204,CC[C@]1(C(=O)OCC=C)C(=O)N(C(=O)C(c2ccccc2)c3ccccc3)c4ccccc14,19.0,0.5,0.001,10.1002/ajoc.201900294,ODH,3254,ODH_charity_0616:row:3254,9.5,train,
18205,18205,CC[C@@]1(C(=O)OCC=C)C(=O)N(C(=O)C(c2ccccc2)c3ccccc3)c4ccccc14,28.8,0.5,0.001,10.1002/ajoc.201900294,ODH,3255,ODH_charity_0616:row:3255,14.4,train,
18209,18209,COc1ccc(cc1)C(=O)N[C@](C)(C(=O)NCc2ccccc2)C(=O)OCc3ccccc3,33.2,0.5,0.2,10.1039/D0SC00808G,ODH,3256,ODH_charity_0616:row:3256,16.6,train,
18210,18210,COc1ccc(cc1)C(=O)N[C@@](C)(C(=O)NCc2ccccc2)C(=O)OCc3ccccc3,28.8,0.5,0.2,10.1039/D0SC00808G,ODH,3257,ODH_charity_0616:row:3257,14.4,train,
18214,18214,CC(=O)C1=C(C)OC(=O)C[C@@H]1c2ccc(cc2)[N+]([O-])=O,41.2,0.7,0.2,10.1002/anie.201302152,ODH,3258,ODH_charity_0616:row:3258,28.84,train,
18215,18215,CC(=O)C1=C(C)OC(=O)C[C@H]1c2ccc(cc2)[N+]([O-])=O,28.8,0.7,0.2,10.1002/anie.201302152,ODH,3259,ODH_charity_0616:row:3259,20.16,train,
18223,18223,Cc1cccc(/C=C/C[C@](C)(N)C(=O)OC(C)(C)C)c1,14.3,0.5,0.08,10.1021/jacs.7b05460,ODH,3260,ODH_charity_0616:row:3260,7.15,train,
18224,18224,Cc1cccc(/C=C/C[C@@](C)(N)C(=O)OC(C)(C)C)c1,28.9,0.5,0.08,10.1021/jacs.7b05460,ODH,3261,ODH_charity_0616:row:3261,14.45,train,
18225,18225,Cc1cccc(/C=C/C[C@](C)(N)C(=O)OC(C)(C)C)c1,14.3,0.5,0.08,10.1021/jacs.7b05460,ODH,3262,ODH_charity_0616:row:3262,7.15,test,
18226,18226,Cc1cccc(/C=C/C[C@@](C)(N)C(=O)OC(C)(C)C)c1,28.9,0.5,0.08,10.1021/jacs.7b05460,ODH,3263,ODH_charity_0616:row:3263,14.45,test,
18231,18231,CC(C)O[P](=O)(OC(C)C)[C@@]12CC(=CC(=O)N1[S](=O)(=O)c3ccccc23)c4ccccc4,22.7,0.8,0.2,10.1021/acs.orglett.8b02707,ODH,3264,ODH_charity_0616:row:3264,18.16,train,
18232,18232,CC(C)O[P](=O)(OC(C)C)[C@]12CC(=CC(=O)N1[S](=O)(=O)c3ccccc23)c4ccccc4,28.9,0.8,0.2,10.1021/acs.orglett.8b02707,ODH,3265,ODH_charity_0616:row:3265,23.12,train,
18246,18246,CCOC(=O)[C@@]1(N[S](=O)(=O)c2ccccc12)C#Cc3cccc(Cl)c3,39.0,0.5,0.15,10.1039/c7cc02159c,ODH,3266,ODH_charity_0616:row:3266,19.5,train,
18247,18247,CCOC(=O)[C@]1(N[S](=O)(=O)c2ccccc12)C#Cc3cccc(Cl)c3,28.9,0.5,0.15,10.1039/c7cc02159c,ODH,3267,ODH_charity_0616:row:3267,14.45,train,
18253,18253,CCC[C@@H](Nc1ccc(C)cc1)C(=C)CC,30.535,1.0,0.0,10.1021/jacs.1c04016,ODH,3268,ODH_charity_0616:row:3268,30.535,train,
18254,18254,CCC[C@H](Nc1ccc(C)cc1)C(=C)CC,28.976,1.0,0.0,10.1021/jacs.1c04016,ODH,3269,ODH_charity_0616:row:3269,28.976,train,
18255,18255,COc1ccc(/C=C/C(=O)[C@H](C(C(=O)c2ccccc2)C(=O)c3ccccc3)c4ccccc4)cc1,24.0,0.75,0.5,10.1002/anie.201105812,ODH,3270,ODH_charity_0616:row:3270,18.0,train,
18256,18256,COc1ccc(/C=C/C(=O)[C@@H](C(C(=O)c2ccccc2)C(=O)c3ccccc3)c4ccccc4)cc1,29.0,0.75,0.5,10.1002/anie.201105812,ODH,3271,ODH_charity_0616:row:3271,21.75,train,
18263,18263,CCOC(=O)[C@@]1(N[S](=O)(=O)c2ccccc12)C#Cc3ccc(F)cc3,36.7,0.5,0.15,10.1039/c7cc02159c,ODH,3272,ODH_charity_0616:row:3272,18.35,train,
18264,18264,CCOC(=O)[C@]1(N[S](=O)(=O)c2ccccc12)C#Cc3ccc(F)cc3,29.0,0.5,0.15,10.1039/c7cc02159c,ODH,3273,ODH_charity_0616:row:3273,14.5,train,
18267,18267,CCC[C@@H](C=C)[C@]1(O)C(=O)N(Cc2cccc3ccccc23)c4ccccc14,11.511,1.0,0.1,10.1021/acs.orglett.8b02655,ODH,3274,ODH_charity_0616:row:3274,11.511,train,
18270,18270,IC[C@@]1(CCCc2ccccc2)COc3ccccc13,20.4,0.5,0.01,10.1021/jacs.9b04332,ODH,3275,ODH_charity_0616:row:3275,10.2,train,
18271,18271,IC[C@]1(CCCc2ccccc2)COc3ccccc13,29.1,0.5,0.01,10.1021/jacs.9b04332,ODH,3276,ODH_charity_0616:row:3276,14.55,valid,
18279,18279,OC[C@@H](O)c1ccc(Br)cc1,31.6,0.9,0.04,10.1021/acs.orglett.8b01029,ODH,3277,ODH_charity_0616:row:3277,28.44,train,
18280,18280,OC[C@H](O)c1ccc(Br)cc1,29.1,0.9,0.04,10.1021/acs.orglett.8b01029,ODH,3278,ODH_charity_0616:row:3278,26.19,train,
18287,18287,N[C@H](C(=[N+]=[N-])C(=O)c1ccc(cc1)C#N)C(F)(F)F,25.341,1.0,0.1,10.1002/anie.201810253,ODH,3279,ODH_charity_0616:row:3279,25.341,train,
18288,18288,N[C@@H](C(=[N+]=[N-])C(=O)c1ccc(cc1)C#N)C(F)(F)F,29.187,1.0,0.1,10.1002/anie.201810253,ODH,3280,ODH_charity_0616:row:3280,29.187,train,
18296,18296,Cc1ccc(cc1)[S](=O)(=O)N2C(=O)C[C@@H](C=C2c3ccccc3)c4ccccc4F,25.6,0.7,0.1,10.1021/acs.orglett.7b03650,ODH,3281,ODH_charity_0616:row:3281,17.92,train,
18297,18297,Cc1ccc(cc1)[S](=O)(=O)N2C(=O)C[C@H](C=C2c3ccccc3)c4ccccc4F,29.2,0.7,0.1,10.1021/acs.orglett.7b03650,ODH,3282,ODH_charity_0616:row:3282,20.44,valid,
18310,18310,Cc1ccc(cc1)[S](=O)(=O)N2CC=C[C@H]3CN(C(C)(C)C3=C2)[S](=O)(=O)c4ccc(C)cc4,20.17,0.8,0.2,10.1021/jacs.5b01305,ODH,3283,ODH_charity_0616:row:3283,16.136,train,
18311,18311,Cc1ccc(cc1)[S](=O)(=O)N2CC=C[C@@H]3CN(C(C)(C)C3=C2)[S](=O)(=O)c4ccc(C)cc4,29.24,0.8,0.2,10.1021/jacs.5b01305,ODH,3284,ODH_charity_0616:row:3284,23.392,valid,
18314,18314,Clc1ccc(\C=C\[C@H]2COc3ccccc3O2)cc1,26.56,1.0,0.003,10.1002/cjoc.201800540,ODH,3285,ODH_charity_0616:row:3285,26.56,train,
18315,18315,Clc1ccc(\C=C\[C@@H]2COc3ccccc3O2)cc1,29.27,1.0,0.003,10.1002/cjoc.201800540,ODH,3286,ODH_charity_0616:row:3286,29.27,train,
18329,18329,COC(=O)c1ccc(cc1)[C@](C)(CO)c2cccc(OC)c2,35.22,0.6,0.1,10.1002/anie.202106109,ODH,3287,ODH_charity_0616:row:3287,21.132,train,
18330,18330,COC(=O)c1ccc(cc1)[C@@](C)(CO)c2cccc(OC)c2,29.33,0.6,0.1,10.1002/anie.202106109,ODH,3288,ODH_charity_0616:row:3288,17.598,train,
18334,18334,O[C@@]1([C@H](C=C)c2ccc(Cl)cc2)C(=O)N(Cc3cccc4ccccc34)c5ccccc15,14.121,1.0,0.1,10.1021/acs.orglett.8b02655,ODH,3289,ODH_charity_0616:row:3289,14.121,train,
18345,18345,C=C[C@@H](CCc1ccccc1)c2c[nH]c3ccccc23,34.7,1.0,0.01,10.1002/chem.202004613,ODH,3290,ODH_charity_0616:row:3290,34.7,train,
18346,18346,C=C[C@H](CCc1ccccc1)c2c[nH]c3ccccc23,29.4,1.0,0.01,10.1002/chem.202004613,ODH,3291,ODH_charity_0616:row:3291,29.4,train,
18350,18350,OCN1C(=O)[C@](CO)(CCc2ccccc2)c3c(Cl)cccc13,39.0,0.8,0.05,10.31635/ccschem.019.20190064,ODH,3292,ODH_charity_0616:row:3292,31.2,train,
18351,18351,OCN1C(=O)[C@@](CO)(CCc2ccccc2)c3c(Cl)cccc13,29.4,0.8,0.05,10.31635/ccschem.019.20190064,ODH,3293,ODH_charity_0616:row:3293,23.52,valid,
18365,18365,OC[C@](O)(Cn1cncn1)c2ccc(F)cc2F,22.2,1.0,0.1,10.1002/anie.201601844,ODH,3294,ODH_charity_0616:row:3294,22.2,train,
18366,18366,OC[C@@](O)(Cn1cncn1)c2ccc(F)cc2F,29.5,1.0,0.1,10.1002/anie.201601844,ODH,3295,ODH_charity_0616:row:3295,29.5,train,
18384,18384,CC[C@@H](NCc1ccccc1)[C@H](C)O,27.5,1.0,0.03,10.1021/ja901058u,ODH,3296,ODH_charity_0616:row:3296,27.5,train,
18396,18396,OC[C@]1(COCCCS1)CC(=O)NCc2ccccc2,26.2,1.0,0.1,10.1021/acs.orglett.9b04244,ODH,3297,ODH_charity_0616:row:3297,26.2,train,
18397,18397,OC[C@@]1(COCCCS1)CC(=O)NCc2ccccc2,29.6,1.0,0.1,10.1021/acs.orglett.9b04244,ODH,3298,ODH_charity_0616:row:3298,29.6,train,
18402,18402,COc1ccc2N(C)C(=O)[C@](NC(=O)OC(C)(C)C)(C(=O)\C=C\c3ccccc3)c2c1,34.5,0.5,0.05,10.1021/ol501286e,ODH,3299,ODH_charity_0616:row:3299,17.25,train,
18403,18403,COc1ccc2N(C)C(=O)[C@@](NC(=O)OC(C)(C)C)(C(=O)\C=C\c3ccccc3)c2c1,29.6,0.5,0.05,10.1021/ol501286e,ODH,3300,ODH_charity_0616:row:3300,14.8,train,
18412,18412,C[C@H](O)[C@H](Oc1ccc(Br)cc1)c2ccccc2,25.44,1.0,0.15,10.1002/adsc.200900675,ODH,3301,ODH_charity_0616:row:3301,25.44,train,
18413,18413,C[C@@H](O)[C@H](Oc1ccc(Br)cc1)c2ccccc2,29.68,1.0,0.15,10.1002/adsc.200900675,ODH,3302,ODH_charity_0616:row:3302,29.68,train,
18414,18414,COc1ccc(cc1)[C@@H]2[C@H](C=C(N(C2=O)[S](=O)(=O)c3ccc(C)cc3)c4ccccc4)c5ccccc5,19.1,0.75,0.2,10.1021/ol300676w,ODH,3303,ODH_charity_0616:row:3303,14.325,train,
18426,18426,C\C(=C/C(=O)[C@H](C(C(=O)c1ccccc1)C(=O)c2ccccc2)c3ccccc3)c4ccccc4,27.6,0.6,0.5,10.1002/anie.201105812,ODH,3304,ODH_charity_0616:row:3304,16.56,train,
18427,18427,C\C(=C/C(=O)[C@@H](C(C(=O)c1ccccc1)C(=O)c2ccccc2)c3ccccc3)c4ccccc4,29.8,0.6,0.5,10.1002/anie.201105812,ODH,3305,ODH_charity_0616:row:3305,17.88,train,
18428,18428,C[C@H](COC=O)c1ccc(Cl)cc1,30.6,0.5,0.005,10.1021/acs.orglett.7b03469,ODH,3306,ODH_charity_0616:row:3306,15.3,train,
18429,18429,C[C@@H](COC=O)c1ccc(Cl)cc1,29.8,0.5,0.005,10.1021/acs.orglett.7b03469,ODH,3307,ODH_charity_0616:row:3307,14.9,train,
18430,18430,C[C@H](COC=O)c1ccc(Cl)cc1,30.6,0.5,0.005,10.1021/acs.orglett.7b03469,ODH,3308,ODH_charity_0616:row:3308,15.3,train,
18431,18431,C[C@@H](COC=O)c1ccc(Cl)cc1,29.8,0.5,0.005,10.1021/acs.orglett.7b03469,ODH,3309,ODH_charity_0616:row:3309,14.9,train,
18443,18443,O[C@H](C(O)=O)c1ccccc1,14.55,0.8,0.05,10.1002/adsc.201700846,ODH,3310,ODH_charity_0616:row:3310,11.64,train,
18444,18444,O[C@@H](C(O)=O)c1ccccc1,29.84,0.8,0.05,10.1002/adsc.201700846,ODH,3311,ODH_charity_0616:row:3311,23.872,train,
18453,18453,OC[C@@H](O)c1ccccc1Cl,25.5,1.0,0.02,10.1021/acs.orglett.8b01029,ODH,3312,ODH_charity_0616:row:3312,25.5,train,
18454,18454,OC[C@H](O)c1ccccc1Cl,29.9,1.0,0.02,10.1021/acs.orglett.8b01029,ODH,3313,ODH_charity_0616:row:3313,29.9,train,
18466,18466,IC[C@@]1(CCc2ccccc2)COc3ccccc13,37.4,0.5,0.01,10.1021/jacs.9b04332,ODH,3314,ODH_charity_0616:row:3314,18.7,train,
18467,18467,IC[C@]1(CCc2ccccc2)COc3ccccc13,29.9,0.5,0.01,10.1021/jacs.9b04332,ODH,3315,ODH_charity_0616:row:3315,14.95,train,
18484,18484,Cc1ccc(cc1)[C@@H]2[C@@H]3[C@@H](N3[S](=O)(=O)c4ccc(C)cc4)c5ccccc5[C@H]2C(=O)c6ccc(C)cc6,9.3,1.0,0.3,10.1021/ja509824j,ODH,3316,ODH_charity_0616:row:3316,9.3,train,
18489,18489,CC[Si](CC)(CC)[C@H](C(=O)OC)c1ccccc1,4.28,1.0,0.15,10.1021/acs.joc.1c00967,ODH,3317,ODH_charity_0616:row:3317,4.28,test,
18490,18490,CC[Si](CC)(CC)[C@@H](C(=O)OC)c1ccccc1,3.35,1.0,0.15,10.1021/acs.joc.1c00967,ODH,3318,ODH_charity_0616:row:3318,3.35,train,
18503,18503,CN1CCc2ccccc2[C@H]1c3ccc(Cl)cc3,4.1,1.0,0.1,10.1039/C7QO00060J,ODH,3319,ODH_charity_0616:row:3319,4.1,train,
18504,18504,CN1CCc2ccccc2[C@@H]1c3ccc(Cl)cc3,3.7,1.0,0.1,10.1039/C7QO00060J,ODH,3320,ODH_charity_0616:row:3320,3.7,train,
18508,18508,CN1CCc2ccccc2[C@H]1c3ccc(Cl)cc3,4.1,1.0,0.1,10.1021/jacs.5b06659,ODH,3321,ODH_charity_0616:row:3321,4.1,train,
18509,18509,CN1CCc2ccccc2[C@@H]1c3ccc(Cl)cc3,3.8,1.0,0.1,10.1021/jacs.5b06659,ODH,3322,ODH_charity_0616:row:3322,3.8,train,
18510,18510,CN1CCc2ccccc2[C@H]1c3ccc(F)cc3,4.2,1.0,0.05,10.1039/C7QO00060J,ODH,3323,ODH_charity_0616:row:3323,4.2,train,
18511,18511,CN1CCc2ccccc2[C@@H]1c3ccc(F)cc3,3.8,1.0,0.05,10.1039/C7QO00060J,ODH,3324,ODH_charity_0616:row:3324,3.8,train,
18514,18514,C[C@@](C\C=C\c1ccccc1)(C=O)c2cc(cc(c2)C(F)(F)F)C(F)(F)F,4.326,1.0,0.1,10.1016/j.chempr.2018.03.010,ODH,3325,ODH_charity_0616:row:3325,4.326,train,
18515,18515,C[C@](C\C=C\c1ccccc1)(C=O)c2cc(cc(c2)C(F)(F)F)C(F)(F)F,3.842,1.0,0.1,10.1016/j.chempr.2018.03.010,ODH,3326,ODH_charity_0616:row:3326,3.842,train,
18519,18519,COC(=O)[C@H](O)c1ccc(C)cc1,3.41,2.0,0.1,10.1002/anie.200704651,ODH,3327,ODH_charity_0616:row:3327,6.82,train,
18520,18520,COC(=O)[C@@H](O)c1ccc(C)cc1,3.89,2.0,0.1,10.1002/anie.200704651,ODH,3328,ODH_charity_0616:row:3328,7.78,train,
18529,18529,C[C@@H]1CC[C@@H]([C@@H](N1)c2cc(F)cc(F)c2)C(F)(F)F,4.7,1.0,0.1,10.1039/C5QO00069F,ODH,3329,ODH_charity_0616:row:3329,4.7,train,
18534,18534,COC(=O)[C@H](c1ccccc1)[Si](C)(C)c2ccccc2,8.06,1.0,0.05,10.1021/acs.joc.1c00967,ODH,3330,ODH_charity_0616:row:3330,8.06,train,
18535,18535,COC(=O)[C@@H](c1ccccc1)[Si](C)(C)c2ccccc2,3.94,1.0,0.05,10.1021/acs.joc.1c00967,ODH,3331,ODH_charity_0616:row:3331,3.94,train,
18536,18536,CC(O)C1=C(Cc2ccc(Br)cc2)ON(Cc3c(C)cc(C)cc3C)[C@H]1c4ccccc4,13.843,0.6,0.05,10.1021/acs.orglett.6b01737,ODH,3332,ODH_charity_0616:row:3332,8.3058,train,
18537,18537,CC(O)C1=C(Cc2ccc(Br)cc2)ON(Cc3c(C)cc(C)cc3C)[C@@H]1c4ccccc4,30.0,0.6,0.05,10.1021/acs.orglett.6b01737,ODH,3333,ODH_charity_0616:row:3333,18.0,train,
18538,18538,COc1cccc2[C@@H]3CCO[C@@H]3Oc12,20.8,1.0,0.02,10.1039/D0SC01391A,ODH,3334,ODH_charity_0616:row:3334,20.8,train,
18539,18539,C=CCOC(=O)[C@@]1(Cc2ccccc2)C(=O)N(C(=O)C(c3ccccc3)c4ccccc4)c5ccccc15,21.3,0.5,0.001,10.1002/ajoc.201900294,ODH,3335,ODH_charity_0616:row:3335,10.65,train,
18540,18540,C=CCOC(=O)[C@]1(Cc2ccccc2)C(=O)N(C(=O)C(c3ccccc3)c4ccccc4)c5ccccc15,30.0,0.5,0.001,10.1002/ajoc.201900294,ODH,3336,ODH_charity_0616:row:3336,15.0,valid,
18558,18558,COC(=O)[C@@H]([C@H](C[N+]([O-])=O)c1ccccc1)C(=O)CCCOCc2ccccc2,56.57,1.0,0.1,10.1021/ol4017386,ODH,3337,ODH_charity_0616:row:3337,56.57,train,
18575,18575,CCOC(=O)[C@@]1(N[S](=O)(=O)c2ccccc12)\C=C/c3ccccc3,35.5,0.5,0.1,10.1039/c7cc02159c,ODH,3338,ODH_charity_0616:row:3338,17.75,train,
18576,18576,CCOC(=O)[C@]1(N[S](=O)(=O)c2ccccc12)\C=C/c3ccccc3,30.1,0.5,0.1,10.1039/c7cc02159c,ODH,3339,ODH_charity_0616:row:3339,15.05,train,
18590,18590,O=[S@](Cc1ccccc1)c2ccc3ccccc3c2,20.11,1.0,0.1,10.1021/jacs.8b00178,ODH,3340,ODH_charity_0616:row:3340,20.11,train,
18591,18591,O=[S@@](Cc1ccccc1)c2ccc3ccccc3c2,30.2,1.0,0.1,10.1021/jacs.8b00178,ODH,3341,ODH_charity_0616:row:3341,30.2,train,
18592,18592,Cc1ccc(cc1)[S](=O)(=O)N2C(=O)[C@@H]([C@H](C=C2c3ccccc3)c4ccccc4)c5ccccc5,20.4,0.5,0.2,10.1021/ol300676w,ODH,3342,ODH_charity_0616:row:3342,10.2,test,
18601,18601,CCOC(=O)[C@@]1(N[S](=O)(=O)c2ccccc12)C#Cc3ccc(Cl)cc3,39.8,0.5,0.15,10.1039/c7cc02159c,ODH,3343,ODH_charity_0616:row:3343,19.9,test,
18602,18602,CCOC(=O)[C@]1(N[S](=O)(=O)c2ccccc12)C#Cc3ccc(Cl)cc3,30.2,0.5,0.15,10.1039/c7cc02159c,ODH,3344,ODH_charity_0616:row:3344,15.1,train,
18612,18612,COc1ccc(C[C@@H]2Oc3ccccc3N(Cc4ccccc4)C2=O)cc1,23.3,0.5,0.05,10.1021/acs.orglett.1c01701,ODH,3345,ODH_charity_0616:row:3345,11.65,train,
18613,18613,COc1ccc(C[C@H]2Oc3ccccc3N(Cc4ccccc4)C2=O)cc1,30.3,0.5,0.05,10.1021/acs.orglett.1c01701,ODH,3346,ODH_charity_0616:row:3346,15.15,train,
18614,18614,Clc1ccc(C[C@@H]2Oc3ccccc3N(Cc4ccccc4)C2=O)cc1Cl,26.4,0.5,0.05,10.1021/acs.orglett.1c01701,ODH,3347,ODH_charity_0616:row:3347,13.2,train,
18615,18615,Clc1ccc(C[C@H]2Oc3ccccc3N(Cc4ccccc4)C2=O)cc1Cl,30.3,0.5,0.05,10.1021/acs.orglett.1c01701,ODH,3348,ODH_charity_0616:row:3348,15.15,train,
18626,18626,CCOC(=O)[C@@]1(N[S](=O)(=O)c2ccccc12)C#Cc3ccccc3,37.7,0.5,0.15,10.1039/c7cc02159c,ODH,3349,ODH_charity_0616:row:3349,18.85,train,
18627,18627,CCOC(=O)[C@]1(N[S](=O)(=O)c2ccccc12)C#Cc3ccccc3,30.3,0.5,0.15,10.1039/c7cc02159c,ODH,3350,ODH_charity_0616:row:3350,15.15,train,
18633,18633,CC(C)[C@H]1C=C[C@H]2CN(CC2=C(C)N1[S](=O)(=O)c3ccc(C)cc3)[S](=O)(=O)c4ccc(C)cc4,26.11,0.8,0.1,10.1021/jacs.5b01305,ODH,3351,ODH_charity_0616:row:3351,20.888,train,
18634,18634,CC(C)[C@@H]1C=C[C@H]2CN(CC2=C(C)N1[S](=O)(=O)c3ccc(C)cc3)[S](=O)(=O)c4ccc(C)cc4,30.33,0.8,0.1,10.1021/jacs.5b01305,ODH,3352,ODH_charity_0616:row:3352,24.264,train,
18640,18640,O[C@@H]([C@H](C=C)c1ccc(Br)cc1)C(=O)c2ccccc2,17.2,0.5,0.05,10.1021/jacs.6b06156,ODH,3353,ODH_charity_0616:row:3353,8.6,train,
18641,18641,O[C@@H]([C@H](C=C)c1ccc(Br)cc1)C(=O)c2ccccc2,17.2,0.5,0.05,10.1021/jacs.6b06156,ODH,3354,ODH_charity_0616:row:3354,8.6,train,
18644,18644,Cc1ccc(cc1)[S](=O)(=O)N2C(=O)C[C@](C)(\C=C\c3ccccc3)C=C2c4ccccc4,22.0,0.7,0.1,10.1002/anie.201303247,ODH,3355,ODH_charity_0616:row:3355,15.4,train,
18645,18645,Cc1ccc(cc1)[S](=O)(=O)N2C(=O)C[C@@](C)(\C=C\c3ccccc3)C=C2c4ccccc4,30.4,0.7,0.1,10.1002/anie.201303247,ODH,3356,ODH_charity_0616:row:3356,21.28,train,
18661,18661,COc1cccc(c1)[C@@H]2[C@H](O)CCCC23OCCO3,24.507,1.0,0.1,10.1021/acs.orglett.1c00044,ODH,3357,ODH_charity_0616:row:3357,24.507,train,
18664,18664,COC(=O)[C@@]1(CC=C)N[S](=O)(=O)c2ccccc12,19.6,0.8,0.1,10.1002/chem.201704760,ODH,3358,ODH_charity_0616:row:3358,15.68,train,
18665,18665,COC(=O)[C@]1(CC=C)N[S](=O)(=O)c2ccccc12,30.5,0.8,0.1,10.1002/chem.201704760,ODH,3359,ODH_charity_0616:row:3359,24.4,train,
18691,18691,Cc1ccc(cc1)[C@H](C[N+]([O-])=O)c2ccc(Cl)cc2,20.5,1.5,0.1,10.1021/acs.orglett.5b00863,ODH,3360,ODH_charity_0616:row:3360,30.75,train,
18692,18692,Cc1ccc(cc1)[C@@H](C[N+]([O-])=O)c2ccc(Cl)cc2,30.6,1.5,0.1,10.1021/acs.orglett.5b00863,ODH,3361,ODH_charity_0616:row:3361,45.9,train,
18693,18693,CC(C)(C)OC(=O)C[C@H]1[C@@H](c2ccccc2)c3cc(oc3N(C1=O)[S](=O)(=O)c4ccc(cc4)[N+]([O-])=O)c5ccccc5,34.5,0.5,0.1,10.1002/anie.201910922,ODH,3362,ODH_charity_0616:row:3362,17.25,train,
18725,18725,C=C[C@@H](CCCOCc1ccccc1)c2n3ccccc3cc2c4ccccc4,47.152,1.0,0.005208333,10.1021/acs.orglett.0c03383,ODH,3363,ODH_charity_0616:row:3363,47.152,train,
18726,18726,C=C[C@H](CCCOCc1ccccc1)c2n3ccccc3cc2c4ccccc4,30.775,1.0,0.005208333,10.1021/acs.orglett.0c03383,ODH,3364,ODH_charity_0616:row:3364,30.775,train,
18729,18729,CC1(C)[C@H](CCC1=O)c2cccc3ccccc23,26.08,1.0,0.005,10.1002/anie.202017190,ODH,3365,ODH_charity_0616:row:3365,26.08,train,
18730,18730,CC1(C)[C@@H](CCC1=O)c2cccc3ccccc23,30.79,1.0,0.005,10.1002/anie.202017190,ODH,3366,ODH_charity_0616:row:3366,30.79,train,
18735,18735,[O-][N+](=O)c1ccc(OC[C@@H]2COC3(CCC3)c4ccccc4O2)cc1,24.5,1.0,0.05,10.1021/acs.orglett.9b04244,ODH,3367,ODH_charity_0616:row:3367,24.5,train,
18736,18736,[O-][N+](=O)c1ccc(OC[C@H]2COC3(CCC3)c4ccccc4O2)cc1,30.8,1.0,0.05,10.1021/acs.orglett.9b04244,ODH,3368,ODH_charity_0616:row:3368,30.8,train,
18740,18740,CCCCC[C@H](C=C)c1c[nH]c2cc(OC)ccc12,28.6,1.0,0.01,10.1002/chem.202004613,ODH,3369,ODH_charity_0616:row:3369,28.6,train,
18741,18741,CCCCC[C@@H](C=C)c1c[nH]c2cc(OC)ccc12,30.8,1.0,0.01,10.1002/chem.202004613,ODH,3370,ODH_charity_0616:row:3370,30.8,train,
18754,18754,O[C@]1([C@H](C=C)c2ccc3OCOc3c2)C(=O)N(Cc4cccc5ccccc45)c6ccccc16,27.704,1.0,0.1,10.1021/acs.orglett.8b02655,ODH,3371,ODH_charity_0616:row:3371,27.704,train,
18755,18755,O[C@@]1([C@H](C=C)c2ccc3OCOc3c2)C(=O)N(Cc4cccc5ccccc45)c6ccccc16,30.86,1.0,0.1,10.1021/acs.orglett.8b02655,ODH,3372,ODH_charity_0616:row:3372,30.86,train,
18760,18760,CN1C(=O)[C@]2(OC(=O)c3cccc4ccn2c34)c5ccccc15,15.3,0.8,0.2,10.1021/acscatal.9b03163,ODH,3373,ODH_charity_0616:row:3373,12.24,train,
18761,18761,CN1C(=O)[C@@]2(OC(=O)c3cccc4ccn2c34)c5ccccc15,30.9,0.8,0.2,10.1021/acscatal.9b03163,ODH,3374,ODH_charity_0616:row:3374,24.72,train,
18768,18768,C[C@]1(CI)COc2cc3ccccc3cc12,26.2,0.5,0.01,10.1021/jacs.9b04332,ODH,3375,ODH_charity_0616:row:3375,13.1,train,
18769,18769,C[C@@]1(CI)COc2cc3ccccc3cc12,30.9,0.5,0.01,10.1021/jacs.9b04332,ODH,3376,ODH_charity_0616:row:3376,15.45,train,
18774,18774,O=C1O[C@@]2(n3c1cc4ccccc34)C(=O)N(Cc5ccccc5)c6ccccc26,34.6,0.5,0.15,10.1002/anie.201912160,ODH,3377,ODH_charity_0616:row:3377,17.3,train,
18775,18775,O=C1O[C@]2(n3c1cc4ccccc34)C(=O)N(Cc5ccccc5)c6ccccc26,30.9,0.5,0.15,10.1002/anie.201912160,ODH,3378,ODH_charity_0616:row:3378,15.45,valid,
18786,18786,[O-][N+](=O)C[C@H](c1ccccc1)c2ccc(F)cc2,17.8,1.5,0.05,10.1021/acs.orglett.5b00863,ODH,3379,ODH_charity_0616:row:3379,26.7,train,
18787,18787,[O-][N+](=O)C[C@@H](c1ccccc1)c2ccc(F)cc2,31.0,1.5,0.05,10.1021/acs.orglett.5b00863,ODH,3380,ODH_charity_0616:row:3380,46.5,valid,
18794,18794,C[C@H](COC=O)c1ccccc1,32.1,0.5,0.005,10.1021/acs.orglett.7b03469,ODH,3381,ODH_charity_0616:row:3381,16.05,train,
18795,18795,C[C@@H](COC=O)c1ccccc1,31.0,0.5,0.005,10.1021/acs.orglett.7b03469,ODH,3382,ODH_charity_0616:row:3382,15.5,valid,
18796,18796,C[C@H](COC=O)c1ccccc1,32.1,0.5,0.005,10.1021/acs.orglett.7b03469,ODH,3383,ODH_charity_0616:row:3383,16.05,train,
18797,18797,C[C@@H](COC=O)c1ccccc1,31.0,0.5,0.005,10.1021/acs.orglett.7b03469,ODH,3384,ODH_charity_0616:row:3384,15.5,train,
18798,18798,C[C@@]1(COc2ccccc12)CC#Cc3ccc(cc3)C#N,32.1,0.5,0.01,10.1002/anie.201913367,ODH,3385,ODH_charity_0616:row:3385,16.05,test,
18799,18799,C[C@]1(COc2ccccc12)CC#Cc3ccc(cc3)C#N,31.0,0.5,0.01,10.1002/anie.201913367,ODH,3386,ODH_charity_0616:row:3386,15.5,train,
18802,18802,Cc1ccc(cc1)[S](=O)(=O)N2CC[C@H](C2)c3cccc(C)c3,33.3,1.0,0.03,10.1039/C7QO00248C,ODH,3387,ODH_charity_0616:row:3387,33.3,train,
18803,18803,Cc1ccc(cc1)[S](=O)(=O)N2CC[C@@H](C2)c3cccc(C)c3,31.0,1.0,0.03,10.1039/C7QO00248C,ODH,3388,ODH_charity_0616:row:3388,31.0,train,
18811,18811,COc1cccc(c1)[C@@H](C[N+]([O-])=O)c2ccc(C)cc2,58.4,1.5,0.1,10.1021/acs.orglett.5b00863,ODH,3389,ODH_charity_0616:row:3389,87.6,excluded,official_RTv_gt_60
18812,18812,COc1cccc(c1)[C@H](C[N+]([O-])=O)c2ccc(C)cc2,31.0,1.5,0.1,10.1021/acs.orglett.5b00863,ODH,3390,ODH_charity_0616:row:3390,46.5,train,
18822,18822,O[C@@H]1CCC[C@@H]1Cc2ccccc2,16.7,0.8,0.01,10.1021/acs.organomet.9b00366,ODH,3391,ODH_charity_0616:row:3391,13.36,train,
18825,18825,O=[S]1(=O)N[C@@H](c2ccccc2)c3ccccc13,27.0,0.8,0.2,10.1002/anie.201902576,ODH,3392,ODH_charity_0616:row:3392,21.6,train,
18826,18826,O=[S]1(=O)N[C@H](c2ccccc2)c3ccccc13,31.1,0.8,0.2,10.1002/anie.201902576,ODH,3393,ODH_charity_0616:row:3393,24.88,train,
18827,18827,CCC(=O)OC[C@H](O)c1ccccc1,27.8,0.5,0.05,10.1002/anie.201306231,ODH,3394,ODH_charity_0616:row:3394,13.9,train,
18828,18828,CCC(=O)OC[C@@H](O)c1ccccc1,31.1,0.5,0.05,10.1002/anie.201306231,ODH,3395,ODH_charity_0616:row:3395,15.55,train,
18845,18845,COC(=O)/C=C/[C@@H](NCc1ccccc1)c2ccc3ccccc3c2,14.4,0.6,0.12,10.1021/acs.orglett.7b01904,ODH,3396,ODH_charity_0616:row:3396,8.64,train,
18846,18846,COC(=O)/C=C/[C@H](NCc1ccccc1)c2ccc3ccccc3c2,31.2,0.6,0.12,10.1021/acs.orglett.7b01904,ODH,3397,ODH_charity_0616:row:3397,18.72,train,
18882,18882,C[C@H]1[C@H](C=C(OC1=O)c2ccccc2)c3ccccc3,43.2,0.75,0.01,10.1021/ol303035r,ODH,3398,ODH_charity_0616:row:3398,32.4,train,
18883,18883,C[C@@H]1[C@H](C=C(OC1=O)c2ccccc2)c3ccccc3,31.4,0.75,0.01,10.1021/ol303035r,ODH,3399,ODH_charity_0616:row:3399,23.55,train,
18891,18891,CC(C)[C@@H]1C=Cc2cc(C)c(C)cc2[C@H]1O,37.88,1.0,0.01,10.1002/asia.200800159,ODH,3400,ODH_charity_0616:row:3400,37.88,train,
18892,18892,COc1ccc(N[C@@H]2CCCC[C@@H]2O)cc1,25.77,1.0,0.05,10.1021/ol901605a,ODH,3401,ODH_charity_0616:row:3401,25.77,train,
18893,18893,COC(=O)CCNC(=O)[C@@](NC(=O)c1ccccc1)(C(=O)OCc2ccccc2)c3ccccc3,10.7,1.0,0.2,10.1039/D0SC00808G,ODH,3402,ODH_charity_0616:row:3402,10.7,train,
18894,18894,COC(=O)CCNC(=O)[C@](NC(=O)c1ccccc1)(C(=O)OCc2ccccc2)c3ccccc3,31.5,1.0,0.2,10.1039/D0SC00808G,ODH,3403,ODH_charity_0616:row:3403,31.5,train,
18899,18899,CC(=O)C1=C(C)OC(=O)C[C@@H]1c2cccc(F)c2,48.2,0.7,0.05,10.1002/anie.201302152,ODH,3404,ODH_charity_0616:row:3404,33.74,train,
18900,18900,CC(=O)C1=C(C)OC(=O)C[C@H]1c2cccc(F)c2,31.5,0.7,0.05,10.1002/anie.201302152,ODH,3405,ODH_charity_0616:row:3405,22.05,train,
18903,18903,COc1cccc(c1)[C@@H]2CCc3ccccc3N2,29.61,0.6,0.1,10.1002/anie.201204179,ODH,3406,ODH_charity_0616:row:3406,17.766,train,
18904,18904,COc1cccc(c1)[C@H]2CCc3ccccc3N2,31.51,0.6,0.1,10.1002/anie.201204179,ODH,3407,ODH_charity_0616:row:3407,18.906,train,
18905,18905,C[C@@H]1O[C@@]1(Cn2cncn2)c3ccc(F)cc3F,24.68,1.0,0.1,10.1021/acs.orglett.1c02588,ODH,3408,ODH_charity_0616:row:3408,24.68,train,
18908,18908,O[C@H]1CCCC[C@H]1Nc2ccccn2,24.83,1.0,0.03,10.1021/ol901605a,ODH,3409,ODH_charity_0616:row:3409,24.83,train,
18909,18909,O[C@@H]1CCCC[C@H]1Nc2ccccn2,31.55,1.0,0.03,10.1021/ol901605a,ODH,3410,ODH_charity_0616:row:3410,31.55,test,
18928,18928,O=C1[C@H](Cc2cccc3ccccc23)Oc4ccccc4N1Cc5ccccc5,26.9,0.5,0.05,10.1021/acs.orglett.1c01701,ODH,3411,ODH_charity_0616:row:3411,13.45,train,
18929,18929,O=C1[C@@H](Cc2cccc3ccccc23)Oc4ccccc4N1Cc5ccccc5,31.7,0.5,0.05,10.1021/acs.orglett.1c01701,ODH,3412,ODH_charity_0616:row:3412,15.85,train,
18942,18942,Cn1cc([C@@H]2[C@H]([C@H](c3ccccc3)c4c(C)oc(c5ccccc5)c24)c6ccc(cc6)C#N)c7ccccc17,25.03,0.6,0.03,10.1021/acs.orglett.8b02701,ODH,3413,ODH_charity_0616:row:3413,15.018,train,
18967,18967,CCO[P](=O)(OCC)[C@@]12CC(=CC(=O)N1[S](=O)(=O)c3ccccc23)c4ccc(C)cc4,22.6,0.8,0.2,10.1021/acs.orglett.8b02707,ODH,3414,ODH_charity_0616:row:3414,18.08,train,
18968,18968,CCO[P](=O)(OCC)[C@]12CC(=CC(=O)N1[S](=O)(=O)c3ccccc23)c4ccc(C)cc4,31.9,0.8,0.2,10.1021/acs.orglett.8b02707,ODH,3415,ODH_charity_0616:row:3415,25.52,train,
18971,18971,Fc1ccc(cc1)C(=O)C([C@@H](C(=O)\C=C\c2ccc3ccccc3c2)c4ccccc4)C(=O)c5ccc(F)cc5,23.6,0.75,0.5,10.1002/anie.201105812,ODH,3416,ODH_charity_0616:row:3416,17.7,train,
18972,18972,Fc1ccc(cc1)C(=O)C([C@H](C(=O)\C=C\c2ccc3ccccc3c2)c4ccccc4)C(=O)c5ccc(F)cc5,31.9,0.75,0.5,10.1002/anie.201105812,ODH,3417,ODH_charity_0616:row:3417,23.925,train,
18983,18983,C[C@@H](C=O)[C@H](C[N+]([O-])=O)c1ccccc1,48.66,0.8,0.1,10.1039/C2OB00003B,ODH,3418,ODH_charity_0616:row:3418,38.928,train,
19003,19003,COc1ccc2O[C@@H](C)C[C@@H](O)c2c1,40.849,0.5,0.03,10.1039/C8CC07787H,ODH,3419,ODH_charity_0616:row:3419,20.4245,train,
19019,19019,CCOC(=O)[C@@]1(OC(=O)c2cc3ccccc3n12)c4ccccc4,38.3,0.3,0.05,10.1002/anie.201912160,ODH,3420,ODH_charity_0616:row:3420,11.49,train,
19020,19020,CCOC(=O)[C@]1(OC(=O)c2cc3ccccc3n12)c4ccccc4,32.1,0.3,0.05,10.1002/anie.201912160,ODH,3421,ODH_charity_0616:row:3421,9.63,train,
19021,19021,CCOC(=O)[C@@]1(N[S](=O)(=O)c2ccccc12)C#Cc3ccc(Br)cc3,42.3,0.5,0.15,10.1039/c7cc02159c,ODH,3422,ODH_charity_0616:row:3422,21.15,train,
19022,19022,CCOC(=O)[C@]1(N[S](=O)(=O)c2ccccc12)C#Cc3ccc(Br)cc3,32.1,0.5,0.15,10.1039/c7cc02159c,ODH,3423,ODH_charity_0616:row:3423,16.05,test,
19025,19025,O[C@@]1([C@H](C=C)c2cccc(Cl)c2)C(=O)N(Cc3cccc4ccccc34)c5ccccc15,14.617,1.0,0.1,10.1021/acs.orglett.8b02655,ODH,3424,ODH_charity_0616:row:3424,14.617,train,
19030,19030,O=C1C[C@H](c2ccccc2)C(=C(O1)c3ccccc3)C(=O)c4ccccc4,25.6,0.7,0.05,10.1002/anie.201302152,ODH,3425,ODH_charity_0616:row:3425,17.92,train,
19031,19031,O=C1C[C@@H](c2ccccc2)C(=C(O1)c3ccccc3)C(=O)c4ccccc4,32.2,0.7,0.05,10.1002/anie.201302152,ODH,3426,ODH_charity_0616:row:3426,22.54,train,
19054,19054,CCCCCCCC[C@H]1[C@H](C=C(OC1=O)c2ccccc2)c3ccccc3,22.6,0.75,0.005,10.1021/ol303035r,ODH,3427,ODH_charity_0616:row:3427,16.95,train,
19055,19055,CCCCCCCC[C@@H]1[C@H](C=C(OC1=O)c2ccccc2)c3ccccc3,32.3,0.75,0.005,10.1021/ol303035r,ODH,3428,ODH_charity_0616:row:3428,24.225,train,
19069,19069,COc1ccc(cc1)C2=C3CN(C[C@@H]3C=CCN2[S](=O)(=O)c4ccc(C)cc4)[S](=O)(=O)c5ccc(C)cc5,38.73,0.8,0.2,10.1021/jacs.5b01305,ODH,3429,ODH_charity_0616:row:3429,30.984,train,
19070,19070,COc1ccc(cc1)C2=C3CN(C[C@H]3C=CCN2[S](=O)(=O)c4ccc(C)cc4)[S](=O)(=O)c5ccc(C)cc5,32.37,0.8,0.2,10.1021/jacs.5b01305,ODH,3430,ODH_charity_0616:row:3430,25.896,train,
19082,19082,CCCC[C@@H]1CC(=O)N=C(S1)c2ccccc2,38.4,0.5,0.05,10.1021/acs.orglett.9b03685,ODH,3431,ODH_charity_0616:row:3431,19.2,train,
19083,19083,CCCC[C@H]1CC(=O)N=C(S1)c2ccccc2,32.4,0.5,0.05,10.1021/acs.orglett.9b03685,ODH,3432,ODH_charity_0616:row:3432,16.2,test,
19087,19087,O[C@@H](C(=O)c1ccc2OCOc2c1)c3ccc4OCOc4c3,35.04,1.0,0.1,10.1021/acs.orglett.0c01626,ODH,3433,ODH_charity_0616:row:3433,35.04,train,
19088,19088,O[C@H](C(=O)c1ccc2OCOc2c1)c3ccc4OCOc4c3,32.42,1.0,0.1,10.1021/acs.orglett.0c01626,ODH,3434,ODH_charity_0616:row:3434,32.42,test,
19092,19092,CCC[C@@H](Nc1ccc(OC)cc1)C(=C)CCCCCCCCCOCc2ccccc2,29.904,0.5,0.001,10.1021/jacs.1c04016,ODH,3435,ODH_charity_0616:row:3435,14.952,train,
19093,19093,CCC[C@H](Nc1ccc(OC)cc1)C(=C)CCCCCCCCCOCc2ccccc2,32.459,0.5,0.001,10.1021/jacs.1c04016,ODH,3436,ODH_charity_0616:row:3436,16.2295,train,
19103,19103,Cc1cccc2c1N(Cc3cccc4ccccc34)C(=O)[C@@]2(O)[C@H](C=C)c5ccccc5,15.456,1.0,0.1,10.1021/acs.orglett.8b02655,ODH,3437,ODH_charity_0616:row:3437,15.456,train,
19127,19127,C[C@@](CC(=C)c1ccc(F)cc1)(C=O)c2ccccc2,37.678,1.0,0.01,10.1016/j.chempr.2018.03.010,ODH,3438,ODH_charity_0616:row:3438,37.678,train,
19128,19128,C[C@](CC(=C)c1ccc(F)cc1)(C=O)c2ccccc2,32.696,1.0,0.01,10.1016/j.chempr.2018.03.010,ODH,3439,ODH_charity_0616:row:3439,32.696,train,
19130,19130,FC(F)(F)[C@@]1(CC(=CC(=O)O1)c2ccc(Cl)cc2)c3ccccc3,24.6,0.75,0.05,10.1021/ja303618z,ODH,3440,ODH_charity_0616:row:3440,18.45,valid,
19131,19131,FC(F)(F)[C@]1(CC(=CC(=O)O1)c2ccc(Cl)cc2)c3ccccc3,32.7,0.75,0.05,10.1021/ja303618z,ODH,3441,ODH_charity_0616:row:3441,24.525,train,
19137,19137,COc1cc(ccc1Oc2cccc(F)n2)[C@@H](C)C#Cc3ccc(cc3)C#N,38.2,0.8,0.07,10.1002/anie.202110233,ODH,3442,ODH_charity_0616:row:3442,30.56,train,
19138,19138,COc1cc(ccc1Oc2cccc(F)n2)[C@H](C)C#Cc3ccc(cc3)C#N,32.7,0.8,0.07,10.1002/anie.202110233,ODH,3443,ODH_charity_0616:row:3443,26.16,train,
19146,19146,C[C@@](C=O)(c1ccccc1)c2ccc(cc2)[N+]([O-])=O,35.77,0.6,0.02,10.1002/anie.202106109,ODH,3444,ODH_charity_0616:row:3444,21.462,test,
19147,19147,C[C@](C=O)(c1ccccc1)c2ccc(cc2)[N+]([O-])=O,32.78,0.6,0.02,10.1002/anie.202106109,ODH,3445,ODH_charity_0616:row:3445,19.668,train,
19148,19148,Cc1cc2C=C[C@H]([C@H](O)c2cc1C)C(C)(C)C,40.67,1.0,0.01,10.1002/asia.200800159,ODH,3446,ODH_charity_0616:row:3446,40.67,train,
19149,19149,Cc1cc2C=C[C@@H]([C@H](O)c2cc1C)C(C)(C)C,32.78,1.0,0.01,10.1002/asia.200800159,ODH,3447,ODH_charity_0616:row:3447,32.78,train,
19153,19153,CCC[C@]1(CI)COc2ccccc12,27.6,0.5,0.0,10.1021/jacs.9b04332,ODH,3448,ODH_charity_0616:row:3448,13.8,train,
19154,19154,CCC[C@@]1(CI)COc2ccccc12,32.8,0.5,0.0,10.1021/jacs.9b04332,ODH,3449,ODH_charity_0616:row:3449,16.4,train,
19155,19155,CCC[C@H]1CC(=O)N(Cc2ccccc2)C1=O,31.2,0.5,0.05,10.1002/anie.201209126,ODH,3450,ODH_charity_0616:row:3450,15.6,train,
19156,19156,CCC[C@@H]1CC(=O)N(Cc2ccccc2)C1=O,32.8,0.5,0.05,10.1002/anie.201209126,ODH,3451,ODH_charity_0616:row:3451,16.4,train,
19170,19170,CCO[P](=O)(OCC)[C@@]12CC(=CC(=O)N1[S](=O)(=O)Oc3ccccc23)c4ccc(OC)cc4,17.0,0.8,0.3,10.1039/C8QO00877A,ODH,3452,ODH_charity_0616:row:3452,13.6,train,
19171,19171,CCO[P](=O)(OCC)[C@]12CC(=CC(=O)N1[S](=O)(=O)Oc3ccccc23)c4ccc(OC)cc4,32.9,0.8,0.3,10.1039/C8QO00877A,ODH,3453,ODH_charity_0616:row:3453,26.32,train,
19177,19177,C[C@@]1(COc2ccccc12)CC#Cc3ccc(C=O)cc3,35.5,0.5,0.01,10.1002/anie.201913367,ODH,3454,ODH_charity_0616:row:3454,17.75,train,
19178,19178,C[C@]1(COc2ccccc12)CC#Cc3ccc(C=O)cc3,32.9,0.5,0.01,10.1002/anie.201913367,ODH,3455,ODH_charity_0616:row:3455,16.45,train,
19179,19179,C[C@H]1CC(=C[C@](N[S](=O)(=O)c2ccc(C)cc2)([C@@H]1C=O)c3ccccc3)c4ccccc4,38.4,0.6,0.1,10.1002/anie.201908896,ODH,3456,ODH_charity_0616:row:3456,23.04,train,
19182,19182,O=C1Nc2ccccc2[C@]13CCN(C3)C(=O)c4ccccc4,25.1,1.0,0.1,10.1002/anie.202015175,ODH,3457,ODH_charity_0616:row:3457,25.1,train,
19183,19183,O=C1Nc2ccccc2[C@@]13CCN(C3)C(=O)c4ccccc4,33.0,1.0,0.1,10.1002/anie.202015175,ODH,3458,ODH_charity_0616:row:3458,33.0,train,
19213,19213,CCOC(=O)[C@@]1(N[S](=O)(=O)c2c3ccccc3ccc12)C#Cc4ccccc4,42.4,0.5,0.05,10.1039/c7cc02159c,ODH,3459,ODH_charity_0616:row:3459,21.2,train,
19214,19214,CCOC(=O)[C@]1(N[S](=O)(=O)c2c3ccccc3ccc12)C#Cc4ccccc4,33.1,0.5,0.05,10.1039/c7cc02159c,ODH,3460,ODH_charity_0616:row:3460,16.55,train,
19217,19217,COc1ccc(\C=C\[C@H]2COc3ccccc3O2)cc1,33.89,1.0,0.01,10.1002/cjoc.201800540,ODH,3461,ODH_charity_0616:row:3461,33.89,train,
19218,19218,COc1ccc(\C=C\[C@@H]2COc3ccccc3O2)cc1,33.16,1.0,0.01,10.1002/cjoc.201800540,ODH,3462,ODH_charity_0616:row:3462,33.16,train,
19220,19220,O[C@@H]1CCCC2(OCCO2)[C@@H]1c3ccc4OCOc4c3,17.15,1.0,0.05,10.1021/acs.orglett.1c00044,ODH,3463,ODH_charity_0616:row:3463,17.15,train,
19225,19225,C[C@H]1C=C[C@H]2CN(CC2=CN1[S](=O)(=O)c3ccc(C)cc3)[S](=O)(=O)c4ccc(C)cc4,27.38,0.8,0.2,10.1021/jacs.5b01305,ODH,3464,ODH_charity_0616:row:3464,21.904,train,
19226,19226,C[C@@H]1C=C[C@H]2CN(CC2=CN1[S](=O)(=O)c3ccc(C)cc3)[S](=O)(=O)c4ccc(C)cc4,33.25,0.8,0.2,10.1021/jacs.5b01305,ODH,3465,ODH_charity_0616:row:3465,26.6,train,
19227,19227,CCC[C@H]1C[C@@H](O)c2ccccc2O1,35.837,0.5,0.01,10.1039/C8CC07787H,ODH,3466,ODH_charity_0616:row:3466,17.9185,train,
19228,19228,COc1ccc(cc1)[C@H](O)C(O)=O,19.62,0.8,0.05,10.1002/adsc.201700846,ODH,3467,ODH_charity_0616:row:3467,15.696,train,
19229,19229,COc1ccc(cc1)[C@@H](O)C(O)=O,33.29,0.8,0.05,10.1002/adsc.201700846,ODH,3468,ODH_charity_0616:row:3468,26.632,train,
19242,19242,COC(=O)[C@]12n3ccc4cccc(C(=O)N1[S](=O)(=O)c5ccccc25)c34,36.0,0.8,0.2,10.1021/acscatal.9b03163,ODH,3469,ODH_charity_0616:row:3469,28.8,train,
19243,19243,COC(=O)[C@@]12n3ccc4cccc(C(=O)N1[S](=O)(=O)c5ccccc25)c34,33.4,0.8,0.2,10.1021/acscatal.9b03163,ODH,3470,ODH_charity_0616:row:3470,26.72,train,
19248,19248,CCOC(=O)[C@@]1(N[S](=O)(=O)c2ccccc12)C#Cc3ccccc3Cl,43.8,0.5,0.15,10.1039/c7cc02159c,ODH,3471,ODH_charity_0616:row:3471,21.9,test,
19249,19249,CCOC(=O)[C@]1(N[S](=O)(=O)c2ccccc12)C#Cc3ccccc3Cl,33.4,0.5,0.15,10.1039/c7cc02159c,ODH,3472,ODH_charity_0616:row:3472,16.7,train,
19253,19253,O=C1C[C@H](CC2CCCCC2)C(=O)N1Cc3ccccc3,31.0,0.5,0.05,10.1002/anie.201209126,ODH,3473,ODH_charity_0616:row:3473,15.5,train,
19254,19254,O=C1C[C@@H](CC2CCCCC2)C(=O)N1Cc3ccccc3,33.5,0.5,0.05,10.1002/anie.201209126,ODH,3474,ODH_charity_0616:row:3474,16.75,train,
19257,19257,Cc1ccc(cc1)[S](=O)(=O)N2CC[C@H](C2)c3ccccc3Cl,38.9,1.0,0.03,10.1039/C7QO00248C,ODH,3475,ODH_charity_0616:row:3475,38.9,train,
19258,19258,Cc1ccc(cc1)[S](=O)(=O)N2CC[C@@H](C2)c3ccccc3Cl,33.5,1.0,0.03,10.1039/C7QO00248C,ODH,3476,ODH_charity_0616:row:3476,33.5,train,
19260,19260,COc1cccc(c1)C(=O)NN[C@@H](C)c2ccccc2,29.326,1.0,0.05,10.1002/anie.201909928,ODH,3477,ODH_charity_0616:row:3477,29.326,train,
19261,19261,COc1cccc(c1)C(=O)NN[C@H](C)c2ccccc2,33.531,1.0,0.05,10.1002/anie.201909928,ODH,3478,ODH_charity_0616:row:3478,33.531,train,
19270,19270,COc1ccc(cc1)C(=O)[C@@H](O)[C@H](C=C)c2ccccc2,39.5,0.5,0.05,10.1021/jacs.6b06156,ODH,3479,ODH_charity_0616:row:3479,19.75,train,
19271,19271,COc1ccc(cc1)C(=O)[C@@H](O)[C@H](C=C)c2ccccc2,39.5,0.5,0.05,10.1021/jacs.6b06156,ODH,3480,ODH_charity_0616:row:3480,19.75,train,
19282,19282,CCCCC1=C[C@H]([C@@H]2[C@@H](C(=O)OC2=O)/C1=C/c3ccccc3)c4ccccc4,13.4,1.0,0.2,10.1021/jacs.0c02876,ODH,3481,ODH_charity_0616:row:3481,13.4,train,
19283,19283,CCO[P](=O)(OCC)[C@@]12CC(=CC(=O)N1[S](=O)(=O)c3ccccc23)c4ccccc4C,26.9,0.8,0.2,10.1021/acs.orglett.8b02707,ODH,3482,ODH_charity_0616:row:3482,21.52,train,
19284,19284,CCO[P](=O)(OCC)[C@]12CC(=CC(=O)N1[S](=O)(=O)c3ccccc23)c4ccccc4C,33.7,0.8,0.2,10.1021/acs.orglett.8b02707,ODH,3483,ODH_charity_0616:row:3483,26.96,train,
19291,19291,C[C@H]1[C@H](/C=C/CN(CC#C)[S](=O)(=O)c2ccc(C)cc2)N1[S](=O)(=O)c3ccc(C)cc3,24.61,0.8,0.2,10.1021/jacs.5b01305,ODH,3484,ODH_charity_0616:row:3484,19.688,train,
19292,19292,C[C@@H]1[C@H](/C=C/CN(CC#C)[S](=O)(=O)c2ccc(C)cc2)N1[S](=O)(=O)c3ccc(C)cc3,33.74,0.8,0.2,10.1021/jacs.5b01305,ODH,3485,ODH_charity_0616:row:3485,26.992,valid,
19299,19299,CCOC(=O)[C@]1([C@@H]([C@H](N(O)[C@H]1c2ccc(Br)cc2)C(=O)OC)c3ccccc3)C(F)(F)F,21.9,0.5,0.02,10.1021/acscatal.6b03015,ODH,3486,ODH_charity_0616:row:3486,10.95,test,
19324,19324,O[C@@H]1[C@@H]2O[C@@H]2C(=O)c3cc4CCCCc4cc13,30.8,0.8,0.08,10.1021/acs.orglett.6b01073,ODH,3487,ODH_charity_0616:row:3487,24.64,train,
19330,19330,FC(F)(F)c1ccc(cc1)[C@H]2COc3ccccc3C2,31.9,0.5,0.01,10.1021/acs.orglett.7b02341,ODH,3488,ODH_charity_0616:row:3488,15.95,train,
19331,19331,FC(F)(F)c1ccc(cc1)[C@@H]2COc3ccccc3C2,34.1,0.5,0.01,10.1021/acs.orglett.7b02341,ODH,3489,ODH_charity_0616:row:3489,17.05,train,
19366,19366,O[C@@H]([C@H](C=C)c1ccc2ccccc2c1)C(=O)c3ccccc3,36.4,0.5,0.04,10.1021/jacs.6b06156,ODH,3490,ODH_charity_0616:row:3490,18.2,train,
19367,19367,O[C@@H]([C@H](C=C)c1ccc2ccccc2c1)C(=O)c3ccccc3,36.4,0.5,0.04,10.1021/jacs.6b06156,ODH,3491,ODH_charity_0616:row:3491,18.2,valid,
19371,19371,CC(=O)C1=C(C)OC(=O)C[C@@H]1c2ccc(cc2)C(F)(F)F,52.8,0.7,0.05,10.1002/anie.201302152,ODH,3492,ODH_charity_0616:row:3492,36.96,test,
19372,19372,CC(=O)C1=C(C)OC(=O)C[C@H]1c2ccc(cc2)C(F)(F)F,34.3,0.7,0.05,10.1002/anie.201302152,ODH,3493,ODH_charity_0616:row:3493,24.01,train,
19379,19379,C[C@@H]1CN([C@@H]2Cc3ccccc3[C@H]12)C(C)=O,29.15,0.5,0.06,10.1021/acs.orglett.7b01160,ODH,3494,ODH_charity_0616:row:3494,14.575,train,
19389,19389,C1Cc2ccccc2N[C@@H]1c3ccc4ccccc4c3,20.72,0.6,0.1,10.1002/anie.201204179,ODH,3495,ODH_charity_0616:row:3495,12.432,train,
19390,19390,C1Cc2ccccc2N[C@H]1c3ccc4ccccc4c3,34.5,0.6,0.1,10.1002/anie.201204179,ODH,3496,ODH_charity_0616:row:3496,20.7,train,
19400,19400,C[C@@](CC(=C)c1ccccc1)(C=O)c2ccc(F)cc2,39.591,1.0,0.01,10.1016/j.chempr.2018.03.010,ODH,3497,ODH_charity_0616:row:3497,39.591,train,
19401,19401,C[C@](CC(=C)c1ccccc1)(C=O)c2ccc(F)cc2,34.54,1.0,0.01,10.1016/j.chempr.2018.03.010,ODH,3498,ODH_charity_0616:row:3498,34.54,train,
19422,19422,O=C1[C@H](Cc2ccc3ccccc3c2)Oc4ccccc4N1Cc5ccccc5,25.9,0.5,0.05,10.1021/acs.orglett.1c01701,ODH,3499,ODH_charity_0616:row:3499,12.95,train,
19423,19423,O=C1[C@@H](Cc2ccc3ccccc3c2)Oc4ccccc4N1Cc5ccccc5,34.7,0.5,0.05,10.1021/acs.orglett.1c01701,ODH,3500,ODH_charity_0616:row:3500,17.35,train,
19446,19446,Brc1ccc(\C=C\[C@H]2N[S](=O)(=O)Oc3ccccc23)cc1,24.5,1.0,0.1,10.1016/j.tetlet.2018.03.026,ODH,3501,ODH_charity_0616:row:3501,24.5,train,
19447,19447,Brc1ccc(\C=C\[C@@H]2N[S](=O)(=O)Oc3ccccc23)cc1,34.8,1.0,0.1,10.1016/j.tetlet.2018.03.026,ODH,3502,ODH_charity_0616:row:3502,34.8,train,
19462,19462,O=C1O[C@](n2c1cc3ccccc23)(C(=O)OCc4ccccc4)c5ccccc5,43.3,0.3,0.1,10.1002/anie.201912160,ODH,3503,ODH_charity_0616:row:3503,12.99,train,
19463,19463,O=C1O[C@@](n2c1cc3ccccc23)(C(=O)OCc4ccccc4)c5ccccc5,34.8,0.3,0.1,10.1002/anie.201912160,ODH,3504,ODH_charity_0616:row:3504,10.44,train,
19499,19499,Cc1ccc(cc1)[S](=O)(=O)N2C(=O)C[C@@H](C=C2c3ccccc3)c4ccc(Br)cc4,39.9,0.7,0.1,10.1021/acs.orglett.7b03650,ODH,3505,ODH_charity_0616:row:3505,27.93,train,
19500,19500,Cc1ccc(cc1)[S](=O)(=O)N2C(=O)C[C@H](C=C2c3ccccc3)c4ccc(Br)cc4,35.1,0.7,0.1,10.1021/acs.orglett.7b03650,ODH,3506,ODH_charity_0616:row:3506,24.57,train,
19508,19508,CC[C@@H]1C=Cc2cc(C)c(C)cc2[C@H]1O,37.85,1.0,0.01,10.1002/asia.200800159,ODH,3507,ODH_charity_0616:row:3507,37.85,train,
19524,19524,Cc1ccc(cc1)[S](=O)(=O)N2C[C@@H]3C=CCN(C(=C3C2)c4oc5ccccc5c4)[S](=O)(=O)c6ccc(C)cc6,27.37,0.8,0.2,10.1021/jacs.5b01305,ODH,3508,ODH_charity_0616:row:3508,21.896,train,
19525,19525,Cc1ccc(cc1)[S](=O)(=O)N2C[C@H]3C=CCN(C(=C3C2)c4oc5ccccc5c4)[S](=O)(=O)c6ccc(C)cc6,35.29,0.8,0.2,10.1021/jacs.5b01305,ODH,3509,ODH_charity_0616:row:3509,28.232,train,
19528,19528,CCOC(=O)C[C@H]1[C@@H](c2sccc2)c3cc(oc3N(C1=O)[S](=O)(=O)c4ccc(C)cc4)c5ccccc5,40.7,0.5,0.1,10.1002/anie.201910922,ODH,3510,ODH_charity_0616:row:3510,20.35,train,
19546,19546,Cc1ccc(cc1)[C@H](C[N+]([O-])=O)c2cccc(Cl)c2,26.3,1.5,0.1,10.1021/acs.orglett.5b00863,ODH,3511,ODH_charity_0616:row:3511,39.45,train,
19547,19547,Cc1ccc(cc1)[C@@H](C[N+]([O-])=O)c2cccc(Cl)c2,35.5,1.5,0.1,10.1021/acs.orglett.5b00863,ODH,3512,ODH_charity_0616:row:3512,53.25,train,
19553,19553,O=C(N1CC[C@H](C1)c2ccccc2)c3ccccc3,29.8,1.0,0.05,10.1039/C7QO00248C,ODH,3513,ODH_charity_0616:row:3513,29.8,train,
19554,19554,O=C(N1CC[C@@H](C1)c2ccccc2)c3ccccc3,35.6,1.0,0.05,10.1039/C7QO00248C,ODH,3514,ODH_charity_0616:row:3514,35.6,train,
19559,19559,OCCC[C@@H](O)c1ccccc1,31.48,0.8,0.05,10.1002/adsc.201801186,ODH,3515,ODH_charity_0616:row:3515,25.184,train,
19560,19560,OCCC[C@H](O)c1ccccc1,35.63,0.8,0.05,10.1002/adsc.201801186,ODH,3516,ODH_charity_0616:row:3516,28.504,train,
19561,19561,C1Cc2ccccc2N[C@@H]1c3ccc(cc3)c4ccccc4,24.02,0.6,0.1,10.1002/anie.201204179,ODH,3517,ODH_charity_0616:row:3517,14.412,train,
19562,19562,C1Cc2ccccc2N[C@H]1c3ccc(cc3)c4ccccc4,35.64,0.6,0.1,10.1002/anie.201204179,ODH,3518,ODH_charity_0616:row:3518,21.384,train,
19567,19567,Cc1ccc(cc1)[C@H](C[N+]([O-])=O)c2cccc(c2)C(F)(F)F,18.4,1.5,0.1,10.1021/acs.orglett.5b00863,ODH,3519,ODH_charity_0616:row:3519,27.6,train,
19568,19568,Cc1ccc(cc1)[C@@H](C[N+]([O-])=O)c2cccc(c2)C(F)(F)F,35.8,1.5,0.1,10.1021/acs.orglett.5b00863,ODH,3520,ODH_charity_0616:row:3520,53.7,train,
19582,19582,CCCCCCCCCC[C@@H](\C=C\C(=O)Oc1ccc(F)cc1)N2C(=O)C3CC=CCC3C2=O,28.9,0.8,0.1,10.1039/C9SC04073K,ODH,3521,ODH_charity_0616:row:3521,23.12,test,
19583,19583,CCCCCCCCCC[C@H](\C=C\C(=O)Oc1ccc(F)cc1)N2C(=O)C3CC=CCC3C2=O,35.9,0.8,0.1,10.1039/C9SC04073K,ODH,3522,ODH_charity_0616:row:3522,28.72,train,
19611,19611,COc1ccccc1O[C@H](CCO)c2ccccc2,25.2,0.8,0.05,10.1039/c6ob00871b,ODH,3523,ODH_charity_0616:row:3523,20.16,train,
19612,19612,COc1ccccc1O[C@@H](CCO)c2ccccc2,36.1,0.8,0.05,10.1039/c6ob00871b,ODH,3524,ODH_charity_0616:row:3524,28.88,train,
19613,19613,O=C([C@](C1=CC=CC(F)=C12)(C#CC3=CC=CC=C3)NS2(=O)=O)OCC,43.7,0.5,0.05,10.1039/c7cc02159c,ODH,3525,ODH_charity_0616:row:3525,21.85,train,
19614,19614,O=C([C@@](C1=CC=CC(F)=C12)(C#CC3=CC=CC=C3)NS2(=O)=O)OCC,36.1,0.5,0.05,10.1039/c7cc02159c,ODH,3526,ODH_charity_0616:row:3526,18.05,train,
19652,19652,COc1cccc(c1)[C@H](O)CO,41.8,0.8,0.04,10.1021/acs.orglett.8b01029,ODH,3527,ODH_charity_0616:row:3527,33.44,train,
19653,19653,COc1cccc(c1)[C@@H](O)CO,36.5,0.8,0.04,10.1021/acs.orglett.8b01029,ODH,3528,ODH_charity_0616:row:3528,29.2,train,
19662,19662,Cc1cc2OC[C@](C)(Cn3cc(C)c4ccccc34)c2cc1C,29.3,0.5,0.01,10.1021/jacs.9b04332,ODH,3529,ODH_charity_0616:row:3529,14.65,train,
19663,19663,Cc1cc2OC[C@@](C)(Cn3cc(C)c4ccccc34)c2cc1C,36.6,0.5,0.01,10.1021/jacs.9b04332,ODH,3530,ODH_charity_0616:row:3530,18.3,train,
19678,19678,Cc1ccc(cc1)[C@H](C[N+]([O-])=O)c2ccccc2,33.7,1.0,0.05,10.1021/acs.orglett.5b00863,ODH,3531,ODH_charity_0616:row:3531,33.7,test,
19679,19679,Cc1ccc(cc1)[C@@H](C[N+]([O-])=O)c2ccccc2,36.7,1.0,0.05,10.1021/acs.orglett.5b00863,ODH,3532,ODH_charity_0616:row:3532,36.7,train,
19686,19686,Cn1cc([C@@H]2[C@H]([C@H](c3ccccc3)c4c(C)oc(c5ccccc5)c24)c6ccc(cc6)[N+]([O-])=O)c7ccccc17,25.17,0.6,0.03,10.1021/acs.orglett.8b02701,ODH,3533,ODH_charity_0616:row:3533,15.102,train,
19707,19707,CCO[P](=O)(OCC)[C@@]12CC(=CC(=O)N1[S](=O)(=O)Oc3ccccc23)c4ccc(C)cc4,18.3,0.8,0.2,10.1039/C8QO00877A,ODH,3534,ODH_charity_0616:row:3534,14.64,test,
19708,19708,CCO[P](=O)(OCC)[C@]12CC(=CC(=O)N1[S](=O)(=O)Oc3ccccc23)c4ccc(C)cc4,36.9,0.8,0.2,10.1039/C8QO00877A,ODH,3535,ODH_charity_0616:row:3535,29.52,train,
19711,19711,C=CC[C@]12COC(=O)N1[S](=O)(=O)c3ccccc23,30.5,1.0,0.15,10.1002/chem.201704760,ODH,3536,ODH_charity_0616:row:3536,30.5,train,
19712,19712,C=CC[C@@]12COC(=O)N1[S](=O)(=O)c3ccccc23,36.9,1.0,0.15,10.1002/chem.201704760,ODH,3537,ODH_charity_0616:row:3537,36.9,train,
19713,19713,COC(=O)[C@@](C)(NC(=O)c1ccc(OC)cc1)C(=O)OCc2ccccc2,31.9,0.3,0.2,10.1039/D0SC00808G,ODH,3538,ODH_charity_0616:row:3538,9.57,train,
19714,19714,COC(=O)[C@](C)(NC(=O)c1ccc(OC)cc1)C(=O)OCc2ccccc2,36.9,0.3,0.2,10.1039/D0SC00808G,ODH,3539,ODH_charity_0616:row:3539,11.07,train,
19723,19723,CCOC(=O)[C@@]1(N[S](=O)(=O)c2c(Cl)cccc12)C#Cc3ccccc3,41.3,0.5,0.05,10.1039/c7cc02159c,ODH,3540,ODH_charity_0616:row:3540,20.65,train,
19724,19724,CCOC(=O)[C@]1(N[S](=O)(=O)c2c(Cl)cccc12)C#Cc3ccccc3,37.0,0.5,0.05,10.1039/c7cc02159c,ODH,3541,ODH_charity_0616:row:3541,18.5,train,
19731,19731,CC(=O)C1=C(C)OC(=O)C[C@@H]1c2ccc(Br)cc2,52.3,0.7,0.05,10.1002/anie.201302152,ODH,3542,ODH_charity_0616:row:3542,36.61,train,
19732,19732,CC(=O)C1=C(C)OC(=O)C[C@H]1c2ccc(Br)cc2,37.1,0.7,0.05,10.1002/anie.201302152,ODH,3543,ODH_charity_0616:row:3543,25.97,train,
19756,19756,CC(=O)C1=C(C)OC(=O)C[C@@H]1c2ccccc2C,33.0,0.75,0.02,10.1002/anie.201302152,ODH,3544,ODH_charity_0616:row:3544,24.75,train,
19757,19757,CC(=O)C1=C(C)OC(=O)C[C@H]1c2ccccc2C,37.3,0.75,0.02,10.1002/anie.201302152,ODH,3545,ODH_charity_0616:row:3545,27.975,train,
19758,19758,O[C@@H]/1CCCC1=C/c2cccc(c2)C(F)(F)F,35.2,0.5,0.01,10.1021/acs.organomet.9b00366,ODH,3546,ODH_charity_0616:row:3546,17.6,train,
19759,19759,O[C@H]/1CCCC1=C/c2cccc(c2)C(F)(F)F,37.3,0.5,0.01,10.1021/acs.organomet.9b00366,ODH,3547,ODH_charity_0616:row:3547,18.65,train,
19762,19762,Fc1ccccc1[C@@H]2CC(=O)N=C(S2)c3ccccc3,42.9,0.5,0.1,10.1021/acs.orglett.9b03685,ODH,3548,ODH_charity_0616:row:3548,21.45,train,
19763,19763,Fc1ccccc1[C@H]2CC(=O)N=C(S2)c3ccccc3,37.3,0.5,0.1,10.1021/acs.orglett.9b03685,ODH,3549,ODH_charity_0616:row:3549,18.65,train,
19772,19772,COC(=O)[C@@]1(OC(=O)c2cc3ccccc3n12)c4ccc(C)cc4,29.9,0.3,0.1,10.1002/anie.201912160,ODH,3550,ODH_charity_0616:row:3550,8.97,train,
19773,19773,COC(=O)[C@]1(OC(=O)c2cc3ccccc3n12)c4ccc(C)cc4,37.4,0.3,0.1,10.1002/anie.201912160,ODH,3551,ODH_charity_0616:row:3551,11.22,train,
19778,19778,O[C@@H](C(=O)NCCc1ccc(cc1)[N+]([O-])=O)c2ccccc2,35.25,0.8,0.1,10.1002/adsc.201700846,ODH,3552,ODH_charity_0616:row:3552,28.2,train,
19779,19779,O[C@H](C(=O)NCCc1ccc(cc1)[N+]([O-])=O)c2ccccc2,37.44,0.8,0.1,10.1002/adsc.201700846,ODH,3553,ODH_charity_0616:row:3553,29.952,train,
19782,19782,IC[C@]1(CCc2ccccc2)COc3ccccc13,29.8,0.5,0.01,10.1021/jacs.9b04332,ODH,3554,ODH_charity_0616:row:3554,14.9,train,
19783,19783,IC[C@@]1(CCc2ccccc2)COc3ccccc13,37.5,0.5,0.01,10.1021/jacs.9b04332,ODH,3555,ODH_charity_0616:row:3555,18.75,valid,
19800,19800,O=C1[C@H](Cc2ccccc2)Oc3ccccc3N1c4ccccc4,28.2,0.5,0.05,10.1021/acs.orglett.1c01701,ODH,3556,ODH_charity_0616:row:3556,14.1,train,
19801,19801,O=C1[C@@H](Cc2ccccc2)Oc3ccccc3N1c4ccccc4,37.6,0.5,0.05,10.1021/acs.orglett.1c01701,ODH,3557,ODH_charity_0616:row:3557,18.8,train,
19812,19812,CCOC(=O)[C@@]1(N[S](=O)(=O)c2ccccc12)C#Cc3cccc(OC)c3,52.7,0.5,0.15,10.1039/c7cc02159c,ODH,3558,ODH_charity_0616:row:3558,26.35,test,
19813,19813,CCOC(=O)[C@]1(N[S](=O)(=O)c2ccccc12)C#Cc3cccc(OC)c3,37.7,0.5,0.15,10.1039/c7cc02159c,ODH,3559,ODH_charity_0616:row:3559,18.85,train,
19848,19848,CCC[C@H](C=C)c1n2ccccc2cc1C,39.709,0.3,0.0,10.1021/acs.orglett.0c03383,ODH,3560,ODH_charity_0616:row:3560,11.9127,train,
19849,19849,CCC[C@@H](C=C)c1n2ccccc2cc1C,38.074,0.3,0.0,10.1021/acs.orglett.0c03383,ODH,3561,ODH_charity_0616:row:3561,11.4222,train,
19864,19864,CCCCC[C@H](C=C)c1c[nH]c2ccc(cc12)c3ccccc3,40.4,1.0,0.004,10.1002/chem.202004613,ODH,3562,ODH_charity_0616:row:3562,40.4,train,
19865,19865,CCCCC[C@@H](C=C)c1c[nH]c2ccc(cc12)c3ccccc3,38.1,1.0,0.004,10.1002/chem.202004613,ODH,3563,ODH_charity_0616:row:3563,38.1,train,
19869,19869,COc1ccc(cc1OC)[C@@H](C)O,36.55,1.0,0.05,10.1021/acs.orglett.8b02591,ODH,3564,ODH_charity_0616:row:3564,36.55,train,
19870,19870,COc1ccc(cc1OC)[C@H](C)O,38.13,1.0,0.05,10.1021/acs.orglett.8b02591,ODH,3565,ODH_charity_0616:row:3565,38.13,train,
19873,19873,CC(C)[C@@H]1C=Cc2cc(Br)c(Br)cc2[C@H]1O,49.41,1.0,0.01,10.1002/asia.200800159,ODH,3566,ODH_charity_0616:row:3566,49.41,train,
19880,19880,FC(F)(F)[C@@]1(CC(=CC(=O)O1)c2ccc(Br)cc2)c3ccccc3,29.1,0.75,0.05,10.1021/ja303618z,ODH,3567,ODH_charity_0616:row:3567,21.825,train,
19881,19881,FC(F)(F)[C@]1(CC(=CC(=O)O1)c2ccc(Br)cc2)c3ccccc3,38.2,0.75,0.05,10.1021/ja303618z,ODH,3568,ODH_charity_0616:row:3568,28.65,train,
19899,19899,O[C@@H]/1CCC1=C/c2ccc(OC(F)F)cc2,33.601,0.8,0.02,10.1021/acs.orglett.9b01514,ODH,3569,ODH_charity_0616:row:3569,26.8808,train,
19900,19900,O[C@H]/1CCC1=C/c2ccc(OC(F)F)cc2,38.417,0.8,0.02,10.1021/acs.orglett.9b01514,ODH,3570,ODH_charity_0616:row:3570,30.7336,train,
19934,19934,O[C@]1([C@H](C=C)c2cccnc2)C(=O)N(Cc3cccc4ccccc34)c5ccccc15,25.045,1.0,0.1,10.1021/acs.orglett.8b02655,ODH,3571,ODH_charity_0616:row:3571,25.045,train,
19935,19935,O[C@@]1([C@H](C=C)c2cccnc2)C(=O)N(Cc3cccc4ccccc34)c5ccccc15,38.781,1.0,0.1,10.1021/acs.orglett.8b02655,ODH,3572,ODH_charity_0616:row:3572,38.781,train,
19936,19936,Cc1ccc(cc1)[S](=O)(=O)N2CC[C@H](C2)c3ccc(Br)cc3,40.5,1.0,0.03,10.1039/C7QO00248C,ODH,3573,ODH_charity_0616:row:3573,40.5,train,
19937,19937,Cc1ccc(cc1)[S](=O)(=O)N2CC[C@@H](C2)c3ccc(Br)cc3,38.8,1.0,0.03,10.1039/C7QO00248C,ODH,3574,ODH_charity_0616:row:3574,38.8,train,
19957,19957,C=C[C@@H](c1ccccc1)c2c[nH]c3ccccc23,41.6,1.0,0.005,10.1002/chem.202004613,ODH,3575,ODH_charity_0616:row:3575,41.6,train,
19958,19958,C=C[C@H](c1ccccc1)c2c[nH]c3ccccc23,39.0,1.0,0.005,10.1002/chem.202004613,ODH,3576,ODH_charity_0616:row:3576,39.0,train,
19961,19961,Cc1ccc(cc1)[S](=O)(=O)N2C(=O)[C@@H]([C@H](C=C2c3ccc(Br)cc3)c4ccc(Br)cc4)c5ccccc5,16.1,0.75,0.2,10.1021/ol300676w,ODH,3577,ODH_charity_0616:row:3577,12.075,train,
19966,19966,CCOC(=O)[C@@H]1c2cc3OCOc3cc2C(=O)N4[C@]1(C(=O)OCC)c5ccccc5[S]4(=O)=O,33.4,0.6,0.05,10.1021/acs.orglett.1c02676,ODH,3578,ODH_charity_0616:row:3578,20.04,valid,
19969,19969,CCOC(=O)c1ccc2N[C@@H]([C@@H]3CCO[C@@H]3c2c1)c4ccccc4,32.3,1.0,0.1,10.1002/anie.201504790,ODH,3579,ODH_charity_0616:row:3579,32.3,train,
19979,19979,Cc1cccc(c1)[C@](C)(C\C=C\c2ccccc2)C=O,42.848,1.0,0.01,10.1016/j.chempr.2018.03.010,ODH,3580,ODH_charity_0616:row:3580,42.848,train,
19980,19980,Cc1cccc(c1)[C@@](C)(C\C=C\c2ccccc2)C=O,39.278,1.0,0.01,10.1016/j.chempr.2018.03.010,ODH,3581,ODH_charity_0616:row:3581,39.278,train,
19982,19982,[O-][N+](=O)C[C@@H](c1ccccc1)c2ccccc2Cl,16.1,1.0,0.2,10.1021/acs.orglett.5b00863,ODH,3582,ODH_charity_0616:row:3582,16.1,train,
19983,19983,[O-][N+](=O)C[C@H](c1ccccc1)c2ccccc2Cl,39.3,1.0,0.2,10.1021/acs.orglett.5b00863,ODH,3583,ODH_charity_0616:row:3583,39.3,train,
20008,20008,Clc1ccc2O[S](=O)(=O)N[C@H](\C=C\c3ccccc3)c2c1,32.1,0.8,0.15,10.1016/j.tetlet.2018.03.026,ODH,3584,ODH_charity_0616:row:3584,25.68,train,
20009,20009,Clc1ccc2O[S](=O)(=O)N[C@@H](\C=C\c3ccccc3)c2c1,39.5,0.8,0.15,10.1016/j.tetlet.2018.03.026,ODH,3585,ODH_charity_0616:row:3585,31.6,train,
20012,20012,CCCC1=C(N(C(=O)C[C@@H]1c2ccccc2)[S](=O)(=O)c3ccc(C)cc3)c4ccccc4,35.3,0.5,0.1,10.1002/anie.201303247,ODH,3586,ODH_charity_0616:row:3586,17.65,train,
20013,20013,CCCC1=C(N(C(=O)C[C@H]1c2ccccc2)[S](=O)(=O)c3ccc(C)cc3)c4ccccc4,39.5,0.5,0.1,10.1002/anie.201303247,ODH,3587,ODH_charity_0616:row:3587,19.75,train,
20017,20017,COc1ccc(cc1)[C@H](C)COC=O,41.3,0.5,0.005,10.1021/acs.orglett.7b03469,ODH,3588,ODH_charity_0616:row:3588,20.65,train,
20018,20018,COc1ccc(cc1)[C@@H](C)COC=O,39.6,0.5,0.005,10.1021/acs.orglett.7b03469,ODH,3589,ODH_charity_0616:row:3589,19.8,train,
20019,20019,COc1ccc(cc1)[C@H](C)COC=O,41.3,0.5,0.005,10.1021/acs.orglett.7b03469,ODH,3590,ODH_charity_0616:row:3590,20.65,train,
20020,20020,COc1ccc(cc1)[C@@H](C)COC=O,39.6,0.5,0.005,10.1021/acs.orglett.7b03469,ODH,3591,ODH_charity_0616:row:3591,19.8,train,
20021,20021,O=Cc1cccc(c1)[S@](=O)Cc2ccccc2,46.8,0.5,0.05,10.1021/jacs.8b00178,ODH,3592,ODH_charity_0616:row:3592,23.4,train,
20022,20022,O=Cc1cccc(c1)[S@@](=O)Cc2ccccc2,39.6,0.5,0.05,10.1021/jacs.8b00178,ODH,3593,ODH_charity_0616:row:3593,19.8,train,
20031,20031,COC(=O)[C@@H](Cc1sccc1)NC(=O)c2ccccc2OC,43.4,0.8,0.04,10.1002/anie.201916534,ODH,3594,ODH_charity_0616:row:3594,34.72,train,
20032,20032,COC(=O)[C@H](Cc1sccc1)NC(=O)c2ccccc2OC,39.7,0.8,0.04,10.1002/anie.201916534,ODH,3595,ODH_charity_0616:row:3595,31.76,train,
20033,20033,COc1ccc(cc1)[S](=O)(=O)N/C(c2ccccc2)=C3/[C@H]([C@@H](CC3=O)c4ccc(Br)cc4)c5ccc(Br)cc5,68.9,0.75,0.1,10.1039/C3SC50666E,ODH,3596,ODH_charity_0616:row:3596,51.675,train,
20034,20034,CC(C)(C)OC(=O)[C@@](C)(N)C\C=C\c1cc(Cl)cc(Cl)c1,15.9,0.5,0.08,10.1021/jacs.7b05460,ODH,3597,ODH_charity_0616:row:3597,7.95,train,
20035,20035,CC(C)(C)OC(=O)[C@](C)(N)C\C=C\c1cc(Cl)cc(Cl)c1,39.8,0.5,0.08,10.1021/jacs.7b05460,ODH,3598,ODH_charity_0616:row:3598,19.9,train,
20036,20036,CC(C)(C)OC(=O)[C@@](C)(N)C\C=C\c1cc(Cl)cc(Cl)c1,15.9,0.5,0.08,10.1021/jacs.7b05460,ODH,3599,ODH_charity_0616:row:3599,7.95,train,
20037,20037,CC(C)(C)OC(=O)[C@](C)(N)C\C=C\c1cc(Cl)cc(Cl)c1,39.8,0.5,0.08,10.1021/jacs.7b05460,ODH,3600,ODH_charity_0616:row:3600,19.9,train,
20045,20045,COC(=O)CCCNC(=O)[C@@](C)(NC(=O)c1ccc(OC)cc1)C(=O)OCc2ccccc2,33.9,0.5,0.1,10.1039/D0SC00808G,ODH,3601,ODH_charity_0616:row:3601,16.95,valid,
20046,20046,COC(=O)CCCNC(=O)[C@](C)(NC(=O)c1ccc(OC)cc1)C(=O)OCc2ccccc2,39.8,0.5,0.1,10.1039/D0SC00808G,ODH,3602,ODH_charity_0616:row:3602,19.9,train,
20047,20047,CC[C@]1(CC(=CC(=O)O1)c2ccccc2)C(F)(F)F,44.3,0.75,0.03,10.1021/ja303618z,ODH,3603,ODH_charity_0616:row:3603,33.225,train,
20048,20048,CC[C@@]1(CC(=CC(=O)O1)c2ccccc2)C(F)(F)F,39.8,0.75,0.03,10.1021/ja303618z,ODH,3604,ODH_charity_0616:row:3604,29.85,train,
20056,20056,CCc1cccc(\C=C\[C@H](C)C#Cc2ccc(cc2)C#N)c1,37.9,0.2,0.02,10.1002/anie.202110233,ODH,3605,ODH_charity_0616:row:3605,7.58,train,
20057,20057,CCc1cccc(\C=C\[C@@H](C)C#Cc2ccc(cc2)C#N)c1,39.9,0.2,0.02,10.1002/anie.202110233,ODH,3606,ODH_charity_0616:row:3606,7.98,train,
20072,20072,COc1ccc([C@H](C)c2ccccc2)c(CC=C)c1,4.4,1.0,0.05,10.1021/ja510980d,ODH,3607,ODH_charity_0616:row:3607,4.4,train,
20073,20073,COc1ccc([C@@H](C)c2ccccc2)c(CC=C)c1,4.0,1.0,0.05,10.1021/ja510980d,ODH,3608,ODH_charity_0616:row:3608,4.0,train,
20092,20092,COc1ccc(cc1)[C@H]2N(C)CCc3ccccc23,4.4,1.0,0.1,10.1039/C7QO00060J,ODH,3609,ODH_charity_0616:row:3609,4.4,train,
20093,20093,COc1ccc(cc1)[C@@H]2N(C)CCc3ccccc23,4.1,1.0,0.1,10.1039/C7QO00060J,ODH,3610,ODH_charity_0616:row:3610,4.1,train,
20096,20096,CCCCO[C@H](c1ccc(cc1)c2ccccc2)c3ccccc3c4ccccc4,4.5,1.0,0.01,10.1021/acs.orglett.5b03072,ODH,3611,ODH_charity_0616:row:3611,4.5,test,
20097,20097,CCCCO[C@@H](c1ccc(cc1)c2ccccc2)c3ccccc3c4ccccc4,4.1,1.0,0.01,10.1021/acs.orglett.5b03072,ODH,3612,ODH_charity_0616:row:3612,4.1,train,
20102,20102,COC(=O)[C@H](O)c1cccc(Cl)c1,3.93,2.0,0.1,10.1002/anie.200704651,ODH,3613,ODH_charity_0616:row:3613,7.86,train,
20103,20103,COC(=O)[C@@H](O)c1cccc(Cl)c1,4.2,2.0,0.1,10.1002/anie.200704651,ODH,3614,ODH_charity_0616:row:3614,8.4,train,
20104,20104,COc1ccc(cc1)[C@H]2N(C)CCc3ccccc23,4.4,1.0,0.1,10.1021/jacs.5b06659,ODH,3615,ODH_charity_0616:row:3615,4.4,train,
20105,20105,COc1ccc(cc1)[C@@H]2N(C)CCc3ccccc23,4.2,1.0,0.1,10.1021/jacs.5b06659,ODH,3616,ODH_charity_0616:row:3616,4.2,train,
20128,20128,C1CCC(CC1)C[C@H]2CCC(=N2)c3ccccc3,6.1,1.0,0.03,10.1021/ja203190t,ODH,3617,ODH_charity_0616:row:3617,6.1,train,
20129,20129,C1CCC(CC1)C[C@@H]2CCC(=N2)c3ccccc3,4.3,1.0,0.03,10.1021/ja203190t,ODH,3618,ODH_charity_0616:row:3618,4.3,train,
20130,20130,COc1ccc([C@H](C)c2ccccc2)c(c1)c3ccccc3,6.3,1.0,0.05,10.1021/ja510980d,ODH,3619,ODH_charity_0616:row:3619,6.3,train,
20131,20131,COc1ccc([C@@H](C)c2ccccc2)c(c1)c3ccccc3,4.3,1.0,0.05,10.1021/ja510980d,ODH,3620,ODH_charity_0616:row:3620,4.3,train,
20162,20162,CC[Si](CC)(CC)[C@@H](C(=O)OC)c1ccccc1,3.55,1.0,0.15,10.1002/ange.200803192,ODH,3621,ODH_charity_0616:row:3621,3.55,train,
20163,20163,CC[Si](CC)(CC)[C@H](C(=O)OC)c1ccccc1,4.55,1.0,0.15,10.1002/ange.200803192,ODH,3622,ODH_charity_0616:row:3622,4.55,train,
20171,20171,C[C@@H](\C=C\c1ccc(F)cc1)[C@@](C)(N)C(=O)OC(C)(C)C,5.3,1.0,0.05,10.1021/jacs.0c02150,ODH,3623,ODH_charity_0616:row:3623,5.3,train,
20186,20186,CCOC(=O)[C@H]1[C@@H](O)CC[C@H]1C(C)C,5.13,1.0,0.2,10.1021/acs.orglett.7b01343,ODH,3624,ODH_charity_0616:row:3624,5.13,train,
20187,20187,CCCCC[C@@H]1CCC(=N1)c2ccccc2,12.4,1.0,0.03,10.1021/ja203190t,ODH,3625,ODH_charity_0616:row:3625,12.4,train,
20188,20188,CCCCC[C@H]1CCC(=N1)c2ccccc2,4.7,1.0,0.03,10.1021/ja203190t,ODH,3626,ODH_charity_0616:row:3626,4.7,train,
20189,20189,C[C@@H](\C=C\c1ccccc1)[C@@](N)(COC(C)(C)C)C(=O)OC(C)(C)C,4.1,1.0,0.02,10.1021/jacs.0c02150,ODH,3627,ODH_charity_0616:row:3627,4.1,train,
20190,20190,CC(C)C[C@](N)([C@@H](C)\C=C\c1ccccc1)C(=O)OC(C)(C)C,4.2,1.0,0.05,10.1021/jacs.0c02150,ODH,3628,ODH_charity_0616:row:3628,4.2,train,
20193,20193,CCCCC[C@H](C=C)n1ccc2c(Cl)cccc12,5.4,1.0,0.01,10.1002/chem.202004613,ODH,3629,ODH_charity_0616:row:3629,5.4,train,
20194,20194,CCCCC[C@@H](C=C)n1ccc2c(Cl)cccc12,4.7,1.0,0.01,10.1002/chem.202004613,ODH,3630,ODH_charity_0616:row:3630,4.7,train,
20195,20195,CCCCC[C@H](C=C)n1ccc2ccccc12,5.4,1.0,0.01,10.1002/chem.202004613,ODH,3631,ODH_charity_0616:row:3631,5.4,train,
20196,20196,CCCCC[C@@H](C=C)n1ccc2ccccc12,4.7,1.0,0.01,10.1002/chem.202004613,ODH,3632,ODH_charity_0616:row:3632,4.7,train,
20197,20197,C[C@@H](\C=C\c1ccccc1F)[C@@](C)(N)C(=O)OC(C)(C)C,5.8,1.0,0.05,10.1021/jacs.0c02150,ODH,3633,ODH_charity_0616:row:3633,5.8,train,
20207,20207,C[C@@H](\C=C\c1ccccc1)[C@](N)(COC(C)(C)C)C(=O)OC(C)(C)C,4.1,1.0,0.05,10.1021/jacs.0c02150,ODH,3634,ODH_charity_0616:row:3634,4.1,train,
20221,20221,CC(=O)N[C@H](C(=[N+]=[N-])C(=O)c1ccc(cc1)c2ccccc2)C(F)(F)F,3.973,1.0,0.3,10.1002/anie.201810253,ODH,3635,ODH_charity_0616:row:3635,3.973,valid,
20222,20222,CC(=O)N[C@@H](C(=[N+]=[N-])C(=O)c1ccc(cc1)c2ccccc2)C(F)(F)F,4.807,1.0,0.3,10.1002/anie.201810253,ODH,3636,ODH_charity_0616:row:3636,4.807,train,
20227,20227,COC(=O)[C@H](O)c1ccccc1OC,4.48,2.0,0.1,10.1002/anie.200704651,ODH,3637,ODH_charity_0616:row:3637,8.96,train,
20228,20228,COC(=O)[C@@H](O)c1ccccc1OC,4.88,2.0,0.1,10.1002/anie.200704651,ODH,3638,ODH_charity_0616:row:3638,9.76,train,
20233,20233,C[C@@H](\C=C\c1c(C)cc(C)cc1C)[C@@](C)(N)C(=O)OC(C)(C)C,5.3,1.0,0.02,10.1021/jacs.0c02150,ODH,3639,ODH_charity_0616:row:3639,5.3,train,
20238,20238,O=C(O[C@H]1C[C@@H](C2=CC=CC(C(F)(F)F)=C2)N3C4=C1C=CC=C4CC[C@@H]3C5=CC=CC=C5)NCC6=CC=CC=C6,5.82,1.0,0.3,10.1021/ol1006086,ODH,3640,ODH_charity_0616:row:3640,5.82,train,
20247,20247,C=C[C@@H](CCc1ccccc1)N2CCOCC2,5.394,1.0,0.05,10.1021/acscatal.0c00712,ODH,3641,ODH_charity_0616:row:3641,5.394,train,
20248,20248,C=C[C@H](CCc1ccccc1)N2CCOCC2,4.94,1.0,0.05,10.1021/acscatal.0c00712,ODH,3642,ODH_charity_0616:row:3642,4.94,train,
20249,20249,C[Si]1(C)OC2=C([C@@H]3[C@H]([C@H](C2)c4ccccc4)C(=O)c5ccccc5C3=O)c6ccccc16,6.13,1.0,0.3,10.1021/ja3007148,ODH,3643,ODH_charity_0616:row:3643,6.13,train,
20254,20254,C=C[C@@H](CCc1ccccc1)N2CCOCC2,5.42,1.0,0.05,10.1021/jacs.9b06035,ODH,3644,ODH_charity_0616:row:3644,5.42,train,
20255,20255,C=C[C@H](CCc1ccccc1)N2CCOCC2,4.99,1.0,0.05,10.1021/jacs.9b06035,ODH,3645,ODH_charity_0616:row:3645,4.99,train,
20268,20268,CC(C)[C@@H]1CC(=O)N=C(S1)c2ccccc2,47.9,0.6,0.02,10.1021/acs.orglett.9b03685,ODH,3646,ODH_charity_0616:row:3646,28.74,test,
20269,20269,CC(C)[C@H]1CC(=O)N=C(S1)c2ccccc2,40.1,0.6,0.02,10.1021/acs.orglett.9b03685,ODH,3647,ODH_charity_0616:row:3647,24.06,train,
20271,20271,COCN1C(=O)[C@@](COC(=O)OC(C)(C)C)(CC=C)c2ccccc12,7.0,0.8,0.05,10.1039/D0QO00072H,ODH,3648,ODH_charity_0616:row:3648,5.6,train,
20272,20272,COCN1C(=O)[C@](COC(=O)OC(C)(C)C)(CC=C)c2ccccc12,40.1,0.8,0.05,10.1039/D0QO00072H,ODH,3649,ODH_charity_0616:row:3649,32.08,test,
20276,20276,Cc1ccc(cc1)[C@]2(CC(=CC(=O)O2)c3ccccc3)C(F)(F)F,18.5,0.75,0.1,10.1021/ja303618z,ODH,3650,ODH_charity_0616:row:3650,13.875,train,
20277,20277,Cc1ccc(cc1)[C@@]2(CC(=CC(=O)O2)c3ccccc3)C(F)(F)F,40.2,0.75,0.1,10.1021/ja303618z,ODH,3651,ODH_charity_0616:row:3651,30.15,train,
20281,20281,COc1ccc2cc(ccc2c1)[C@H](O)C(O)=O,33.87,0.8,0.02,10.1002/adsc.201700846,ODH,3652,ODH_charity_0616:row:3652,27.096,test,
20282,20282,COc1ccc2cc(ccc2c1)[C@@H](O)C(O)=O,40.21,0.8,0.02,10.1002/adsc.201700846,ODH,3653,ODH_charity_0616:row:3653,32.168,train,
20297,20297,Cc1ccc(cc1)[S](=O)(=O)N2CC[C@H](C2)c3ccccc3,42.4,1.0,0.03,10.1039/C7QO00248C,ODH,3654,ODH_charity_0616:row:3654,42.4,test,
20298,20298,Cc1ccc(cc1)[S](=O)(=O)N2CC[C@@H](C2)c3ccccc3,40.4,1.0,0.03,10.1039/C7QO00248C,ODH,3655,ODH_charity_0616:row:3655,40.4,train,
20306,20306,C[C@@](CC(=C)c1ccccc1)(C=O)c2cccc(F)c2,45.18,1.0,0.01,10.1016/j.chempr.2018.03.010,ODH,3656,ODH_charity_0616:row:3656,45.18,valid,
20307,20307,C[C@](CC(=C)c1ccccc1)(C=O)c2cccc(F)c2,40.578,1.0,0.01,10.1016/j.chempr.2018.03.010,ODH,3657,ODH_charity_0616:row:3657,40.578,train,
20324,20324,COc1ccc(C[C@@H]2NCCc3cc(OC)c(OC)cc23)cc1OC,24.92,1.0,0.2,10.1021/cs300069g,ODH,3658,ODH_charity_0616:row:3658,24.92,test,
20325,20325,COc1ccc(C[C@H]2NCCc3cc(OC)c(OC)cc23)cc1OC,40.78,1.0,0.2,10.1021/cs300069g,ODH,3659,ODH_charity_0616:row:3659,40.78,train,
20332,20332,COc1ccc(cc1)[C@H]2CC(=O)OC(=C2C(C)=O)C,48.4,0.7,0.05,10.1002/anie.201302152,ODH,3660,ODH_charity_0616:row:3660,33.88,train,
20333,20333,COc1ccc(cc1)[C@@H]2CC(=O)OC(=C2C(C)=O)C,40.8,0.7,0.05,10.1002/anie.201302152,ODH,3661,ODH_charity_0616:row:3661,28.56,train,
20351,20351,O[C@@H](c1ccccc1)c2ccccc2Cl,32.22,1.0,0.02,10.1021/acs.orglett.8b02591,ODH,3662,ODH_charity_0616:row:3662,32.22,train,
20352,20352,O[C@H](c1ccccc1)c2ccccc2Cl,41.0,1.0,0.02,10.1021/acs.orglett.8b02591,ODH,3663,ODH_charity_0616:row:3663,41.0,train,
20355,20355,COc1ccc(cc1)[C@H](O)CO,36.5,0.8,0.04,10.1021/acs.orglett.8b01029,ODH,3664,ODH_charity_0616:row:3664,29.2,train,
20356,20356,COc1ccc(cc1)[C@@H](O)CO,41.0,0.8,0.04,10.1021/acs.orglett.8b01029,ODH,3665,ODH_charity_0616:row:3665,32.8,train,
20369,20369,Cc1ccc(cc1)[S](=O)(=O)N2CC[C@H](C2)c3ccc4OCOc4c3,45.1,1.0,0.05,10.1039/C7QO00248C,ODH,3666,ODH_charity_0616:row:3666,45.1,train,
20370,20370,Cc1ccc(cc1)[S](=O)(=O)N2CC[C@@H](C2)c3ccc4OCOc4c3,41.2,1.0,0.05,10.1039/C7QO00248C,ODH,3667,ODH_charity_0616:row:3667,41.2,train,
20377,20377,CCO[P](=O)(OCC)[C@@]12CC(=CC(=O)N1[S](=O)(=O)Oc3ccccc23)c4ccc(Cl)cc4,20.5,0.8,0.2,10.1039/C8QO00877A,ODH,3668,ODH_charity_0616:row:3668,16.4,train,
20378,20378,CCO[P](=O)(OCC)[C@]12CC(=CC(=O)N1[S](=O)(=O)Oc3ccccc23)c4ccc(Cl)cc4,41.4,0.8,0.2,10.1039/C8QO00877A,ODH,3669,ODH_charity_0616:row:3669,33.12,test,
20381,20381,O=C1C[C@H](C=C(O1)c2ccc3ccccc3c2)c4ccccc4,49.3,0.5,0.1,10.1021/ol402877n,ODH,3670,ODH_charity_0616:row:3670,24.65,train,
20382,20382,O=C1C[C@@H](C=C(O1)c2ccc3ccccc3c2)c4ccccc4,41.4,0.5,0.1,10.1021/ol402877n,ODH,3671,ODH_charity_0616:row:3671,20.7,train,
20403,20403,C[C@@]1(COc2ccccc12)CC#Cc3cccc(Cl)c3,43.9,0.5,0.0,10.1002/anie.201913367,ODH,3672,ODH_charity_0616:row:3672,21.95,train,
20404,20404,C[C@]1(COc2ccccc12)CC#Cc3cccc(Cl)c3,41.6,0.5,0.0,10.1002/anie.201913367,ODH,3673,ODH_charity_0616:row:3673,20.8,train,
20405,20405,CCOC(=O)[C@@]1(N[S](=O)(=O)c2ccc(OC)cc12)C#Cc3ccccc3,48.7,0.5,0.15,10.1039/c7cc02159c,ODH,3674,ODH_charity_0616:row:3674,24.35,train,
20406,20406,CCOC(=O)[C@]1(N[S](=O)(=O)c2ccc(OC)cc12)C#Cc3ccccc3,41.6,0.5,0.15,10.1039/c7cc02159c,ODH,3675,ODH_charity_0616:row:3675,20.8,train,
20447,20447,COC(=O)[C@@]1(N[S](=O)(=O)c2ccccc12)C#Cc3ccccc3,50.7,0.5,0.05,10.1039/c7cc02159c,ODH,3676,ODH_charity_0616:row:3676,25.35,train,
20448,20448,COC(=O)[C@]1(N[S](=O)(=O)c2ccccc12)C#Cc3ccccc3,42.2,0.5,0.05,10.1039/c7cc02159c,ODH,3677,ODH_charity_0616:row:3677,21.1,train,
20449,20449,Fc1ccc(cc1)[C@@H](Nc2ccccc2)C(=O)c3ccc(F)cc3,15.12,1.0,0.1,10.1021/acs.orglett.0c01626,ODH,3678,ODH_charity_0616:row:3678,15.12,train,
20450,20450,Fc1ccc(cc1)[C@H](Nc2ccccc2)C(=O)c3ccc(F)cc3,42.25,1.0,0.1,10.1021/acs.orglett.0c01626,ODH,3679,ODH_charity_0616:row:3679,42.25,train,
20451,20451,COc1ccc2c(c1)N(Cc3cccc4ccccc34)C(=O)[C@@]2(O)[C@H](C=C)c5ccccc5,15.302,1.0,0.1,10.1021/acs.orglett.8b02655,ODH,3680,ODH_charity_0616:row:3680,15.302,train,
20460,20460,COc1ccc2C[C@@](O)([C@H](C=C)c3ccccc3)C(=O)c2c1,39.2,0.5,0.03,10.1021/acs.orglett.7b02577,ODH,3681,ODH_charity_0616:row:3681,19.6,train,
20489,20489,Fc1ccc(OC(=O)/C=C/[C@H](CCCCCCCC=C)N2C(=O)C3CC=CCC3C2=O)cc1,36.6,0.8,0.1,10.1039/C9SC04073K,ODH,3682,ODH_charity_0616:row:3682,29.28,train,
20490,20490,Fc1ccc(OC(=O)/C=C/[C@@H](CCCCCCCC=C)N2C(=O)C3CC=CCC3C2=O)cc1,42.8,0.8,0.1,10.1039/C9SC04073K,ODH,3683,ODH_charity_0616:row:3683,34.24,train,
20491,20491,COC(=O)[C@@H](Cc1ccc(F)cc1)NC(=O)c2ccccc2OC,46.1,0.8,0.02,10.1002/anie.201916534,ODH,3684,ODH_charity_0616:row:3684,36.88,train,
20492,20492,COC(=O)[C@H](Cc1ccc(F)cc1)NC(=O)c2ccccc2OC,42.8,0.8,0.02,10.1002/anie.201916534,ODH,3685,ODH_charity_0616:row:3685,34.24,train,
20505,20505,Cc1ccc(cc1)[S](=O)(=O)N2C(=O)[C@@H]([C@H](C=C2c3cccnc3)c4ccccc4)c5ccccc5,25.6,0.75,0.2,10.1021/ol300676w,ODH,3686,ODH_charity_0616:row:3686,19.2,train,
20506,20506,FC(F)(F)c1cccc(c1)C2=NC(=O)C[C@H](S2)c3ccccc3,35.2,0.5,0.15,10.1021/acs.orglett.9b03685,ODH,3687,ODH_charity_0616:row:3687,17.6,train,
20507,20507,FC(F)(F)c1cccc(c1)C2=NC(=O)C[C@@H](S2)c3ccccc3,43.0,0.5,0.15,10.1021/acs.orglett.9b03685,ODH,3688,ODH_charity_0616:row:3688,21.5,train,
20522,20522,OC[C@@H]1COCCCO1,45.2,1.0,0.02,10.1021/acs.orglett.9b04244,ODH,3689,ODH_charity_0616:row:3689,45.2,train,
20523,20523,OC[C@H]1COCCCO1,43.1,1.0,0.02,10.1021/acs.orglett.9b04244,ODH,3690,ODH_charity_0616:row:3690,43.1,train,
20526,20526,Brc1ccc(\C=C\[C@H]2COc3ccccc3O2)cc1,39.54,1.0,0.003,10.1002/cjoc.201800540,ODH,3691,ODH_charity_0616:row:3691,39.54,train,
20527,20527,Brc1ccc(\C=C\[C@@H]2COc3ccccc3O2)cc1,43.14,1.0,0.003,10.1002/cjoc.201800540,ODH,3692,ODH_charity_0616:row:3692,43.14,train,
20539,20539,Cc1ccc(cc1)[C@H](O)CO,49.9,1.0,0.02,10.1021/acs.orglett.8b01029,ODH,3693,ODH_charity_0616:row:3693,49.9,train,
20540,20540,Cc1ccc(cc1)[C@@H](O)CO,43.3,1.0,0.02,10.1021/acs.orglett.8b01029,ODH,3694,ODH_charity_0616:row:3694,43.3,valid,
20545,20545,[O-][N+](=O)C[C@H](c1ccccc1)c2ccc(Cl)cc2,64.4,1.0,0.05,10.1021/acs.orglett.5b00863,ODH,3695,ODH_charity_0616:row:3695,64.4,excluded,official_RTv_gt_60
20546,20546,[O-][N+](=O)C[C@@H](c1ccccc1)c2ccc(Cl)cc2,43.4,1.0,0.05,10.1021/acs.orglett.5b00863,ODH,3696,ODH_charity_0616:row:3696,43.4,train,
20547,20547,O=[S]1(=O)N2[C@H]3C=CCC[C@H]3C(=C2c4ccccc14)Cc5ccccc5,34.18,0.7,0.1,10.1021/acs.orglett.6b03529,ODH,3697,ODH_charity_0616:row:3697,23.926,train,
20548,20548,O=[S]1(=O)N2[C@@H]3C=CCC[C@H]3C(=C2c4ccccc14)Cc5ccccc5,43.49,0.7,0.1,10.1021/acs.orglett.6b03529,ODH,3698,ODH_charity_0616:row:3698,30.443,train,
20551,20551,O[C@@H]1CC[C@]12O[C@H]2c3ccccc3,35.793,0.8,0.01,10.1021/acs.orglett.9b01514,ODH,3699,ODH_charity_0616:row:3699,28.6344,train,
20563,20563,Cc1ccc(cc1)[C@H](C[N+]([O-])=O)c2ccccc2Cl,14.7,1.5,0.1,10.1021/acs.orglett.5b00863,ODH,3700,ODH_charity_0616:row:3700,22.05,train,
20564,20564,Cc1ccc(cc1)[C@@H](C[N+]([O-])=O)c2ccccc2Cl,43.7,1.5,0.1,10.1021/acs.orglett.5b00863,ODH,3701,ODH_charity_0616:row:3701,65.55,excluded,official_RTv_gt_60
20573,20573,Cc1ccc(cc1)[S](=O)(=O)N2C(=O)C[C@@H](C(=C2c3ccccc3)C)c4ccccc4,40.2,0.5,0.1,10.1002/anie.201303247,ODH,3702,ODH_charity_0616:row:3702,20.1,train,
20574,20574,Cc1ccc(cc1)[S](=O)(=O)N2C(=O)C[C@H](C(=C2c3ccccc3)C)c4ccccc4,44.0,0.5,0.1,10.1002/anie.201303247,ODH,3703,ODH_charity_0616:row:3703,22.0,train,
20582,20582,COC(=O)C[C@@H](O)c1ccc(cc1)N(C)C,40.4,0.5,0.05,10.1021/acs.orglett.9b02736,ODH,3704,ODH_charity_0616:row:3704,20.2,train,
20583,20583,COC(=O)C[C@H](O)c1ccc(cc1)N(C)C,44.2,0.5,0.05,10.1021/acs.orglett.9b02736,ODH,3705,ODH_charity_0616:row:3705,22.1,train,
20621,20621,Brc1ccc(cc1)[C@@H]2NCCNC2=O,38.0,1.0,0.1,10.1002/adsc.201700175,ODH,3706,ODH_charity_0616:row:3706,38.0,train,
20622,20622,Brc1ccc(cc1)[C@H]2NCCNC2=O,44.6,1.0,0.1,10.1002/adsc.201700175,ODH,3707,ODH_charity_0616:row:3707,44.6,train,
20636,20636,COc1ccc(cc1)C(=O)N[C@](C)(C(=O)Nc2ccccc2)C(=O)OCc3ccccc3,49.4,0.5,0.1,10.1039/D0SC00808G,ODH,3708,ODH_charity_0616:row:3708,24.7,train,
20637,20637,COc1ccc(cc1)C(=O)N[C@@](C)(C(=O)Nc2ccccc2)C(=O)OCc3ccccc3,44.8,0.5,0.1,10.1039/D0SC00808G,ODH,3709,ODH_charity_0616:row:3709,22.4,train,
20643,20643,Cc1ccccc1[C@@H](O)c2ccccc2,40.68,1.0,0.02,10.1021/acs.orglett.8b02591,ODH,3710,ODH_charity_0616:row:3710,40.68,test,
20644,20644,Cc1ccccc1[C@H](O)c2ccccc2,45.01,1.0,0.02,10.1021/acs.orglett.8b02591,ODH,3711,ODH_charity_0616:row:3711,45.01,train,
20648,20648,C[C@H](COC=O)c1ccc(F)cc1,42.8,0.5,0.003,10.1021/acs.orglett.7b03469,ODH,3712,ODH_charity_0616:row:3712,21.4,train,
20649,20649,C[C@@H](COC=O)c1ccc(F)cc1,45.1,0.5,0.003,10.1021/acs.orglett.7b03469,ODH,3713,ODH_charity_0616:row:3713,22.55,train,
20650,20650,C[C@H](COC=O)c1ccc(F)cc1,42.8,0.5,0.003,10.1021/acs.orglett.7b03469,ODH,3714,ODH_charity_0616:row:3714,21.4,train,
20651,20651,C[C@@H](COC=O)c1ccc(F)cc1,45.1,0.5,0.003,10.1021/acs.orglett.7b03469,ODH,3715,ODH_charity_0616:row:3715,22.55,train,
20662,20662,CC[C@@H]1C=Cc2cc(Br)c(Br)cc2[C@H]1O,50.95,1.0,0.01,10.1002/asia.200800159,ODH,3716,ODH_charity_0616:row:3716,50.95,train,
20670,20670,CCOC(=O)[C@](N)(CCc1ccccc1)C\C=C\c2ccccc2,14.0,1.0,0.1,10.1021/jacs.7b05460,ODH,3717,ODH_charity_0616:row:3717,14.0,train,
20671,20671,CCOC(=O)[C@@](N)(CCc1ccccc1)C\C=C\c2ccccc2,45.6,1.0,0.1,10.1021/jacs.7b05460,ODH,3718,ODH_charity_0616:row:3718,45.6,train,
20672,20672,CCOC(=O)[C@](N)(CCc1ccccc1)C\C=C\c2ccccc2,14.0,1.0,0.1,10.1021/jacs.7b05460,ODH,3719,ODH_charity_0616:row:3719,14.0,valid,
20673,20673,CCOC(=O)[C@@](N)(CCc1ccccc1)C\C=C\c2ccccc2,45.6,1.0,0.1,10.1021/jacs.7b05460,ODH,3720,ODH_charity_0616:row:3720,45.6,train,
20678,20678,Cc1ccc(cc1)[S](=O)(=O)N2CC[C@H](C2)c3ccc(Cl)cc3,47.2,1.0,0.03,10.1039/C7QO00248C,ODH,3721,ODH_charity_0616:row:3721,47.2,train,
20679,20679,Cc1ccc(cc1)[S](=O)(=O)N2CC[C@@H](C2)c3ccc(Cl)cc3,45.6,1.0,0.03,10.1039/C7QO00248C,ODH,3722,ODH_charity_0616:row:3722,45.6,train,
20691,20691,C=CC1=C[C@@H](CCc2ccccc2)C(C1)(C#N)C#N,47.24,0.5,0.01,10.1021/acs.orglett.0c00962,ODH,3723,ODH_charity_0616:row:3723,23.62,train,
20692,20692,C=CC1=C[C@H](CCc2ccccc2)C(C1)(C#N)C#N,45.73,0.5,0.01,10.1021/acs.orglett.0c00962,ODH,3724,ODH_charity_0616:row:3724,22.865,test,
20697,20697,COC(=O)CCNC(=O)[C@@](C)(NC(=O)c1ccc(OC)cc1)C(=O)OCc2ccccc2,32.4,0.5,0.1,10.1039/D0SC00808G,ODH,3725,ODH_charity_0616:row:3725,16.2,train,
20698,20698,COC(=O)CCNC(=O)[C@](C)(NC(=O)c1ccc(OC)cc1)C(=O)OCc2ccccc2,45.9,0.5,0.1,10.1039/D0SC00808G,ODH,3726,ODH_charity_0616:row:3726,22.95,valid,
20701,20701,Fc1cccc(c1)[C@@H](Nc2ccccc2)C(=O)c3cccc(F)c3,12.68,1.0,0.1,10.1021/acs.orglett.0c01626,ODH,3727,ODH_charity_0616:row:3727,12.68,train,
20702,20702,Fc1cccc(c1)[C@H](Nc2ccccc2)C(=O)c3cccc(F)c3,45.97,1.0,0.1,10.1021/acs.orglett.0c01626,ODH,3728,ODH_charity_0616:row:3728,45.97,train,
20721,20721,COC(=O)C[C@@H](O)c1ccc(F)cc1,36.6,0.5,0.02,10.1021/ja511371a,ODH,3729,ODH_charity_0616:row:3729,18.3,train,
20722,20722,COC(=O)C[C@H](O)c1ccc(F)cc1,46.3,0.5,0.02,10.1021/ja511371a,ODH,3730,ODH_charity_0616:row:3730,23.15,train,
20739,20739,FC(F)(F)c1ccc(cc1)[C@@H]2NCCNC2=O,33.2,1.0,0.1,10.1002/adsc.201700175,ODH,3731,ODH_charity_0616:row:3731,33.2,train,
20740,20740,FC(F)(F)c1ccc(cc1)[C@H]2NCCNC2=O,46.7,1.0,0.1,10.1002/adsc.201700175,ODH,3732,ODH_charity_0616:row:3732,46.7,train,
20762,20762,Fc1ccc(cc1)[C@@H]2NCCNC2=O,41.4,1.0,0.1,10.1002/adsc.201700175,ODH,3733,ODH_charity_0616:row:3733,41.4,train,
20763,20763,Fc1ccc(cc1)[C@H]2NCCNC2=O,47.1,1.0,0.1,10.1002/adsc.201700175,ODH,3734,ODH_charity_0616:row:3734,47.1,train,
20766,20766,Cc1ccc(cc1)[S](=O)(=O)N2CC[C@H](C2)c3ccc4ccccc4c3,51.7,1.0,0.05,10.1039/C7QO00248C,ODH,3735,ODH_charity_0616:row:3735,51.7,train,
20767,20767,Cc1ccc(cc1)[S](=O)(=O)N2CC[C@@H](C2)c3ccc4ccccc4c3,47.1,1.0,0.05,10.1039/C7QO00248C,ODH,3736,ODH_charity_0616:row:3736,47.1,train,
20774,20774,O=C([C@H](Nc1ccccc1)c2ccc3ccccc3c2)c4ccc5ccccc5c4,34.25,1.0,0.1,10.1021/acs.orglett.0c01626,ODH,3737,ODH_charity_0616:row:3737,34.25,train,
20775,20775,O=C([C@@H](Nc1ccccc1)c2ccc3ccccc3c2)c4ccc5ccccc5c4,47.36,1.0,0.1,10.1021/acs.orglett.0c01626,ODH,3738,ODH_charity_0616:row:3738,47.36,train,
20783,20783,COc1ccc(C[C@H]2[C@H](C=C(OC2=O)c3ccc(OC)cc3)c4ccccc4)cc1,36.5,0.75,0.05,10.1021/ol303035r,ODH,3739,ODH_charity_0616:row:3739,27.375,train,
20784,20784,COc1ccc(C[C@@H]2[C@H](C=C(OC2=O)c3ccc(OC)cc3)c4ccccc4)cc1,47.5,0.75,0.05,10.1021/ol303035r,ODH,3740,ODH_charity_0616:row:3740,35.625,train,
20799,20799,Cc1ccc(cc1)[C@@H]2NCCNC2=O,41.3,1.0,0.1,10.1002/adsc.201700175,ODH,3741,ODH_charity_0616:row:3741,41.3,train,
20800,20800,Cc1ccc(cc1)[C@H]2NCCNC2=O,47.8,1.0,0.1,10.1002/adsc.201700175,ODH,3742,ODH_charity_0616:row:3742,47.8,train,
20821,20821,CCOC(=O)[C@@]1(N[S](=O)(=O)c2ccccc12)C#Cc3ccc4ccccc4c3,59.4,0.5,0.15,10.1039/c7cc02159c,ODH,3743,ODH_charity_0616:row:3743,29.7,train,
20822,20822,CCOC(=O)[C@]1(N[S](=O)(=O)c2ccccc12)C#Cc3ccc4ccccc4c3,48.5,0.5,0.15,10.1039/c7cc02159c,ODH,3744,ODH_charity_0616:row:3744,24.25,train,
20825,20825,COC(=O)[C@@H](Cc1ccc(Br)cc1)NC(=O)c2ccccc2OC,51.0,0.8,0.03,10.1002/anie.201916534,ODH,3745,ODH_charity_0616:row:3745,40.8,train,
20826,20826,COC(=O)[C@H](Cc1ccc(Br)cc1)NC(=O)c2ccccc2OC,48.6,0.8,0.03,10.1002/anie.201916534,ODH,3746,ODH_charity_0616:row:3746,38.88,valid,
20838,20838,CCO[P](=O)(OCC)[C@@]12CC(=CC(=O)N1[S](=O)(=O)c3ccccc23)c4cccc(C)c4,40.5,0.8,0.2,10.1021/acs.orglett.8b02707,ODH,3747,ODH_charity_0616:row:3747,32.4,train,
20839,20839,CCO[P](=O)(OCC)[C@]12CC(=CC(=O)N1[S](=O)(=O)c3ccccc23)c4cccc(C)c4,48.9,0.8,0.2,10.1021/acs.orglett.8b02707,ODH,3748,ODH_charity_0616:row:3748,39.12,train,
20850,20850,OC[C@@H](O)c1ccc(F)cc1,55.9,1.0,0.02,10.1021/acs.orglett.8b01029,ODH,3749,ODH_charity_0616:row:3749,55.9,train,
20851,20851,OC[C@H](O)c1ccc(F)cc1,49.3,1.0,0.02,10.1021/acs.orglett.8b01029,ODH,3750,ODH_charity_0616:row:3750,49.3,test,
20854,20854,O[C@@H]1CC[C@@H]1Cc2ccccc2,45.769,0.5,0.01,10.1021/acs.orglett.9b01514,ODH,3751,ODH_charity_0616:row:3751,22.8845,valid,
20865,20865,COc1ccc(cc1)[C@@H]2CC(=O)C(/[C@H]2c3ccc(Br)cc3)=C(\N[S](=O)(=O)c4ccc(OC)cc4)c5ccccc5,70.3,0.75,0.1,10.1039/C3SC50666E,ODH,3752,ODH_charity_0616:row:3752,52.725,train,
20866,20866,C=C[C@@H](CCc1ccccc1)C(Cc2ccc(cc2)C#N)(C#N)C#N,53.14,1.0,0.02,10.1021/acs.orglett.0c00962,ODH,3753,ODH_charity_0616:row:3753,53.14,valid,
20867,20867,C=C[C@H](CCc1ccccc1)C(Cc2ccc(cc2)C#N)(C#N)C#N,49.73,1.0,0.02,10.1021/acs.orglett.0c00962,ODH,3754,ODH_charity_0616:row:3754,49.73,train,
20870,20870,COC(=O)[C@@H](CN(Cc1ccccc1)Cc2ccccc2)CC(=O)OCc3ccccc3,43.5,0.5,0.02,10.1002/anie.201412132,ODH,3755,ODH_charity_0616:row:3755,21.75,train,
20871,20871,COC(=O)[C@H](CN(Cc1ccccc1)Cc2ccccc2)CC(=O)OCc3ccccc3,49.8,0.5,0.02,10.1002/anie.201412132,ODH,3756,ODH_charity_0616:row:3756,24.9,train,
20872,20872,Cc1ccc(cc1)[S](=O)(=O)N2CC[C@H](C2)c3ccc(F)cc3,51.7,1.0,0.03,10.1039/C7QO00248C,ODH,3757,ODH_charity_0616:row:3757,51.7,train,
20873,20873,Cc1ccc(cc1)[S](=O)(=O)N2CC[C@@H](C2)c3ccc(F)cc3,49.8,1.0,0.03,10.1039/C7QO00248C,ODH,3758,ODH_charity_0616:row:3758,49.8,train,
20877,20877,O=C([C@](C1=CC=CC=C12)(C#CC3=CC=C(C(OC)=O)C=C3)NS2(=O)=O)OCC,60.2,0.5,0.15,10.1039/c7cc02159c,ODH,3759,ODH_charity_0616:row:3759,30.1,train,
20878,20878,O=C([C@@](C1=CC=CC=C12)(C#CC3=CC=C(C(OC)=O)C=C3)NS2(=O)=O)OCC,49.9,0.5,0.15,10.1039/c7cc02159c,ODH,3760,ODH_charity_0616:row:3760,24.95,train,
20879,20879,C1CC(=N[C@H]1Cc2ccccc2)c3ccccc3,11.8,1.0,0.1,10.1021/ja203190t,ODH,3761,ODH_charity_0616:row:3761,11.8,train,
20880,20880,C1CC(=N[C@@H]1Cc2ccccc2)c3ccccc3,5.0,1.0,0.1,10.1021/ja203190t,ODH,3762,ODH_charity_0616:row:3762,5.0,valid,
20887,20887,C[C@@H](\C=C\c1ccccc1F)[C@](C)(N)C(=O)OC(C)(C)C,5.3,1.0,0.02,10.1021/jacs.0c02150,ODH,3763,ODH_charity_0616:row:3763,5.3,valid,
20888,20888,COC(=O)[C@H](Oc1cccc(c1)C(F)(F)F)c2ccc(Cl)cc2,5.47,1.0,0.1,10.1002/anie.201309820,ODH,3764,ODH_charity_0616:row:3764,5.47,train,
20889,20889,COC(=O)[C@@H](Oc1cccc(c1)C(F)(F)F)c2ccc(Cl)cc2,5.0,1.0,0.1,10.1002/anie.201309820,ODH,3765,ODH_charity_0616:row:3765,5.0,train,
20892,20892,C[C@@H](\C=C\c1occc1)[C@@](C)(N)C(=O)OC(C)(C)C,5.7,1.0,0.05,10.1021/jacs.0c02150,ODH,3766,ODH_charity_0616:row:3766,5.7,train,
20899,20899,COC(=O)[C@H]1CCc2cc(F)ccc2O1,7.77,1.0,0.3,10.1002/anie.201209455,ODH,3767,ODH_charity_0616:row:3767,7.77,train,
20900,20900,COC(=O)[C@@H]1CCc2cc(F)ccc2O1,5.0,1.0,0.3,10.1002/anie.201209455,ODH,3768,ODH_charity_0616:row:3768,5.0,train,
20903,20903,CCC(COC(=O)[C@H](NC(=O)c1ccc(cc1)C(C)(C)C)c2ccc(C)c(C)c2)(c3ccccc3)c4ccccc4,6.03,1.0,0.3,10.1055/s/0030/1259711,ODH,3769,ODH_charity_0616:row:3769,6.03,train,
20904,20904,CCC(COC(=O)[C@@H](NC(=O)c1ccc(cc1)C(C)(C)C)c2ccc(C)c(C)c2)(c3ccccc3)c4ccccc4,5.05,1.0,0.3,10.1055/s/0030/1259711,ODH,3770,ODH_charity_0616:row:3770,5.05,train,
20922,20922,C[C@@H](\C=C\c1ccccc1Cl)[C@@](C)(N)C(=O)OC(C)(C)C,6.2,1.0,0.05,10.1021/jacs.0c02150,ODH,3771,ODH_charity_0616:row:3771,6.2,train,
20930,20930,COC(=O)[C@H](O)c1cccc(OC)c1,4.42,2.0,0.1,10.1002/anie.200704651,ODH,3772,ODH_charity_0616:row:3772,8.84,train,
20931,20931,COC(=O)[C@@H](O)c1cccc(OC)c1,5.11,2.0,0.1,10.1002/anie.200704651,ODH,3773,ODH_charity_0616:row:3773,10.22,train,
20948,20948,CC[C@@H]1CCC(=N1)c2ccccc2,11.2,1.0,0.1,10.1021/ja203190t,ODH,3774,ODH_charity_0616:row:3774,11.2,train,
20949,20949,CC[C@H]1CCC(=N1)c2ccccc2,5.2,1.0,0.1,10.1021/ja203190t,ODH,3775,ODH_charity_0616:row:3775,5.2,train,
20950,20950,CCC[C@@H]1CCC(=N1)c2ccccc2,14.4,1.0,0.03,10.1021/ja203190t,ODH,3776,ODH_charity_0616:row:3776,14.4,train,
20951,20951,CCC[C@H]1CCC(=N1)c2ccccc2,5.2,1.0,0.03,10.1021/ja203190t,ODH,3777,ODH_charity_0616:row:3777,5.2,train,
20954,20954,Cc1ccc2c(OC(=O)[C@]2(C)C(=O)OCC=C)c1,5.6,1.0,0.05,10.1039/C9QO01025D,ODH,3778,ODH_charity_0616:row:3778,5.6,train,
20955,20955,Cc1ccc2c(OC(=O)[C@@]2(C)C(=O)OCC=C)c1,5.2,1.0,0.05,10.1039/C9QO01025D,ODH,3779,ODH_charity_0616:row:3779,5.2,train,
20968,20968,C[C@@H](\C=C\c1cccc(F)c1)[C@@](C)(N)C(=O)OC(C)(C)C,6.9,1.0,0.05,10.1021/jacs.0c02150,ODH,3780,ODH_charity_0616:row:3780,6.9,train,
20969,20969,C[C@@H](\C=C\c1ccc(C)cc1)[C@@](C)(N)C(=O)OC(C)(C)C,7.3,1.0,0.05,10.1021/jacs.0c02150,ODH,3781,ODH_charity_0616:row:3781,7.3,train,
20987,20987,CCC[C@H](c1ccccc1)c2cc(cc(c2)c3ccccc3)c4ccccc4,4.68,1.0,0.01,10.1021/jacs.0c09125,ODH,3782,ODH_charity_0616:row:3782,4.68,train,
20988,20988,CCC[C@@H](c1ccccc1)c2cc(cc(c2)c3ccccc3)c4ccccc4,5.25,1.0,0.01,10.1021/jacs.0c09125,ODH,3783,ODH_charity_0616:row:3783,5.25,train,
20989,20989,CC(C)C[C@H](C=C)C(Cc1ccccc1)(C#N)C#N,6.28,1.0,0.05,10.1021/acs.orglett.0c00962,ODH,3784,ODH_charity_0616:row:3784,6.28,train,
20990,20990,CC(C)C[C@@H](C=C)C(Cc1ccccc1)(C#N)C#N,5.25,1.0,0.05,10.1021/acs.orglett.0c00962,ODH,3785,ODH_charity_0616:row:3785,5.25,train,
20995,20995,O=C([C@@H]1[C@@H]2CCC=C[C@@H]2OC1(c3ccccc3)c4ccccc4)c5ccccc5,4.759,1.0,0.08,10.1039/C9CC07204G,ODH,3786,ODH_charity_0616:row:3786,4.759,train,
21008,21008,CC(C)(C)OC(=O)[C@@](C)(N)C\C=C\c1ccccc1F,4.3,1.0,0.15,10.1021/jacs.7b05460,ODH,3787,ODH_charity_0616:row:3787,4.3,train,
21009,21009,CC(C)(C)OC(=O)[C@](C)(N)C\C=C\c1ccccc1F,5.3,1.0,0.15,10.1021/jacs.7b05460,ODH,3788,ODH_charity_0616:row:3788,5.3,train,
21010,21010,CC(C)(C)OC(=O)[C@@](C)(N)C\C=C\c1ccccc1F,4.3,1.0,0.15,10.1021/jacs.7b05460,ODH,3789,ODH_charity_0616:row:3789,4.3,train,
21011,21011,CC(C)(C)OC(=O)[C@](C)(N)C\C=C\c1ccccc1F,5.3,1.0,0.15,10.1021/jacs.7b05460,ODH,3790,ODH_charity_0616:row:3790,5.3,valid,
21012,21012,CC(C)(C)OC(=O)[C@@](C)(N)C\C=C\c1cccc(F)c1,4.4,0.5,0.08,10.1021/jacs.7b05460,ODH,3791,ODH_charity_0616:row:3791,2.2,train,
21013,21013,CC(C)(C)OC(=O)[C@](C)(N)C\C=C\c1cccc(F)c1,5.3,0.5,0.08,10.1021/jacs.7b05460,ODH,3792,ODH_charity_0616:row:3792,2.65,train,
21014,21014,CC(C)(C)OC(=O)[C@@](C)(N)C\C=C\c1cccc(F)c1,4.4,0.5,0.08,10.1021/jacs.7b05460,ODH,3793,ODH_charity_0616:row:3793,2.2,train,
21015,21015,CC(C)(C)OC(=O)[C@](C)(N)C\C=C\c1cccc(F)c1,5.3,0.5,0.08,10.1021/jacs.7b05460,ODH,3794,ODH_charity_0616:row:3794,2.65,train,
21018,21018,O1C=C[C@@H](c2ccccc2)c3ccccc13,4.9,1.0,0.05,10.1021/acs.orglett.7b00867,ODH,3795,ODH_charity_0616:row:3795,4.9,train,
21019,21019,O1C=C[C@H](c2ccccc2)c3ccccc13,5.3,1.0,0.05,10.1021/acs.orglett.7b00867,ODH,3796,ODH_charity_0616:row:3796,5.3,train,
21028,21028,C[C@H](\C=C\c1ccccc1)[C@@](C)(N)C(=O)OC(C)(C)C,6.0,1.0,0.05,10.1021/jacs.0c02150,ODH,3797,ODH_charity_0616:row:3797,6.0,train,
21036,21036,C[C@@H]1N(N([C@H](COC(C)=O)C=C1C)C(=O)OC(C)(C)C)C(=O)Nc2ccc(Cl)cc2,6.4,1.0,0.1,10.1021/ja3110472,ODH,3798,ODH_charity_0616:row:3798,6.4,train,
21038,21038,CCCCC[C@H](C=C)n1ccc2cc(C=C)ccc12,6.8,1.0,0.001,10.1002/chem.202004613,ODH,3799,ODH_charity_0616:row:3799,6.8,train,
21039,21039,CCCCC[C@@H](C=C)n1ccc2cc(C=C)ccc12,5.3,1.0,0.001,10.1002/chem.202004613,ODH,3800,ODH_charity_0616:row:3800,5.3,train,
21046,21046,C[C@@](C\C=C\c1ccccc1)(C=O)C2CCCCC2,6.415,1.0,0.03,10.1021/acs.orglett.8b00740,ODH,3801,ODH_charity_0616:row:3801,6.415,train,
21047,21047,C[C@](C\C=C\c1ccccc1)(C=O)C2CCCCC2,5.332,1.0,0.03,10.1021/acs.orglett.8b00740,ODH,3802,ODH_charity_0616:row:3802,5.332,train,
21063,21063,Cc1ccc(cc1)N2N=C(C)[C@@](C\C=C\c3ccccc3)(Cc4ccc(cc4)C(C)(C)C)C2=O,9.597,1.0,0.3,10.1021/jacs.6b08236,ODH,3803,ODH_charity_0616:row:3803,9.597,train,
21064,21064,Cc1ccc(cc1)N2N=C(C)[C@](C\C=C\c3ccccc3)(Cc4ccc(cc4)C(C)(C)C)C2=O,5.389,1.0,0.3,10.1021/jacs.6b08236,ODH,3804,ODH_charity_0616:row:3804,5.389,train,
21072,21072,CC[C@](N)([C@@H](C)\C=C\c1ccccc1)C(=O)OC(C)(C)C,4.6,1.0,0.05,10.1021/jacs.0c02150,ODH,3805,ODH_charity_0616:row:3805,4.6,train,
21073,21073,C[C@@H](\C=C\c1cccc(C)c1)[C@](C)(N)C(=O)OC(C)(C)C,4.9,1.0,0.05,10.1021/jacs.0c02150,ODH,3806,ODH_charity_0616:row:3806,4.9,train,
21080,21080,CCCC[C@H]1Cc2ccccc2[C@H](N1)c3ccccc3,6.4,0.7,0.05,10.1021/acs.orglett.7b02502,ODH,3807,ODH_charity_0616:row:3807,4.48,valid,
21081,21081,CCCC[C@@H]1Cc2ccccc2[C@H](N1)c3ccccc3,5.4,0.7,0.05,10.1021/acs.orglett.7b02502,ODH,3808,ODH_charity_0616:row:3808,3.78,train,
21095,21095,CCOC(=O)[C@H]1[C@@H](O)CC[C@@H]1CCc2ccccc2,4.57,1.0,0.2,10.1021/acs.orglett.7b01343,ODH,3809,ODH_charity_0616:row:3809,4.57,train,
21098,21098,COC(=O)[C@H](NC(=O)OC(C)(C)C)c1ccc(C)cc1,4.94,1.0,0.1,10.1002/anie.201105485,ODH,3810,ODH_charity_0616:row:3810,4.94,train,
21099,21099,COC(=O)[C@@H](NC(=O)OC(C)(C)C)c1ccc(C)cc1,5.45,1.0,0.1,10.1002/anie.201105485,ODH,3811,ODH_charity_0616:row:3811,5.45,train,
21100,21100,COc1ccc(cc1)[C@H]2CC3=C([C@@H]4[C@H]2C(=O)c5ccccc5C4=O)c6ccccc6[Si](C)(C)O3,6.43,1.0,0.3,10.1021/ja3007148,ODH,3812,ODH_charity_0616:row:3812,6.43,train,
21111,21111,Cc1ccc2c(OC(=O)[C@]2(C)C(=O)OCC=C)c1,5.9,1.0,0.05,10.1039/c6cc09451a,ODH,3813,ODH_charity_0616:row:3813,5.9,valid,
21112,21112,Cc1ccc2c(OC(=O)[C@@]2(C)C(=O)OCC=C)c1,5.5,1.0,0.05,10.1039/c6cc09451a,ODH,3814,ODH_charity_0616:row:3814,5.5,train,
21113,21113,COc1ccccc1[C@@](c2[nH]c(C)cc2)(c3[nH]c4ccccc4c3c5ccccc5)c6ccccc6,6.3,1.0,0.03,10.1038/s41929/020/00535/4,ODH,3815,ODH_charity_0616:row:3815,6.3,train,
21114,21114,COc1ccccc1[C@](c2[nH]c(C)cc2)(c3[nH]c4ccccc4c3c5ccccc5)c6ccccc6,5.5,1.0,0.03,10.1038/s41929/020/00535/4,ODH,3816,ODH_charity_0616:row:3816,5.5,train,
21130,21130,COC(=O)[C@H](O)c1ccc(C)cc1,4.73,2.0,0.06,10.1038/nchem.651,ODH,3817,ODH_charity_0616:row:3817,9.46,train,
21131,21131,COC(=O)[C@@H](O)c1ccc(C)cc1,5.55,2.0,0.06,10.1038/nchem.651,ODH,3818,ODH_charity_0616:row:3818,11.1,train,
21132,21132,COC(=O)[C@H](O)c1ccc(C)cc1,4.73,2.0,0.06,10.1038/nchem.651,ODH,3819,ODH_charity_0616:row:3819,9.46,train,
21133,21133,COC(=O)[C@@H](O)c1ccc(C)cc1,5.55,2.0,0.06,10.1038/nchem.651,ODH,3820,ODH_charity_0616:row:3820,11.1,train,
21136,21136,Fc1ccccc1\C=C\[C@H]2COc3ccccc3O2,5.9,1.0,0.1,10.1002/cjoc.201800540,ODH,3821,ODH_charity_0616:row:3821,5.9,train,
21137,21137,Fc1ccccc1\C=C\[C@@H]2COc3ccccc3O2,5.55,1.0,0.1,10.1002/cjoc.201800540,ODH,3822,ODH_charity_0616:row:3822,5.55,train,
21142,21142,C[C@@H](\C=C\c1cccc(C)c1)[C@@](C)(N)C(=O)OC(C)(C)C,10.9,1.0,0.05,10.1021/jacs.0c02150,ODH,3823,ODH_charity_0616:row:3823,10.9,train,
21143,21143,COc1ccc(cc1)c2c([nH]c3ccccc23)[C@@](c4[nH]ccc4)(c5ccccc5)c6ccccc6OC,16.1,1.0,0.1,10.1038/s41929/020/00535/4,ODH,3824,ODH_charity_0616:row:3824,16.1,train,
21144,21144,COc1ccc(cc1)c2c([nH]c3ccccc23)[C@](c4[nH]ccc4)(c5ccccc5)c6ccccc6OC,5.6,1.0,0.1,10.1038/s41929/020/00535/4,ODH,3825,ODH_charity_0616:row:3825,5.6,train,
21146,21146,CC[C@@](N)([C@@H](C)\C=C\c1ccccc1)C(=O)OC(C)(C)C,5.1,1.0,0.05,10.1021/jacs.0c02150,ODH,3826,ODH_charity_0616:row:3826,5.1,train,
21151,21151,Clc1ccc2sc(SC[C@@H](CN(CC=C)C(c3ccccc3)c4ccccc4)OCc5ccccc5)nc2c1,6.9,1.0,0.2,10.1002/anie.201712395,ODH,3827,ODH_charity_0616:row:3827,6.9,train,
21152,21152,Clc1ccc2sc(SC[C@H](CN(CC=C)C(c3ccccc3)c4ccccc4)OCc5ccccc5)nc2c1,5.6,1.0,0.2,10.1002/anie.201712395,ODH,3828,ODH_charity_0616:row:3828,5.6,train,
21155,21155,Cc1ccc(cc1)N2N=C(C)[C@@](C\C=C\c3ccccc3)(Cc4ccccc4F)C2=O,10.018,1.0,0.3,10.1021/jacs.6b08236,ODH,3829,ODH_charity_0616:row:3829,10.018,test,
21156,21156,Cc1ccc(cc1)N2N=C(C)[C@](C\C=C\c3ccccc3)(Cc4ccccc4F)C2=O,5.603,1.0,0.3,10.1021/jacs.6b08236,ODH,3830,ODH_charity_0616:row:3830,5.603,train,
21161,21161,Cc1cccc(c1)[C@](C)(C\C=C\C=C\c2ccccc2)C=O,6.082,1.0,0.15,10.6023/A18060235,ODH,3831,ODH_charity_0616:row:3831,6.082,train,
21162,21162,Cc1cccc(c1)[C@@](C)(C\C=C\C=C\c2ccccc2)C=O,5.623,1.0,0.15,10.6023/A18060235,ODH,3832,ODH_charity_0616:row:3832,5.623,train,
21170,21170,C[C@@H](O)c1cc(cc(c1)C(F)(F)F)C(F)(F)F,5.17,1.0,0.05,10.1021/acs.orglett.8b02591,ODH,3833,ODH_charity_0616:row:3833,5.17,train,
21171,21171,C[C@H](O)c1cc(cc(c1)C(F)(F)F)C(F)(F)F,5.66,1.0,0.05,10.1021/acs.orglett.8b02591,ODH,3834,ODH_charity_0616:row:3834,5.66,train,
21172,21172,C=C1C[C@](CC#C)(C(=O)O1)c2ccc3ccccc3c2,6.19,2.0,0.02,10.1016/j.tetlet.2020.152106,ODH,3835,ODH_charity_0616:row:3835,12.38,train,
21173,21173,C=C1C[C@@](CC#C)(C(=O)O1)c2ccc3ccccc3c2,5.66,2.0,0.02,10.1016/j.tetlet.2020.152106,ODH,3836,ODH_charity_0616:row:3836,11.32,train,
21174,21174,O=C(O[C@H]1C[C@@H](C2=CC=C(Br)C=C2)N3C4=C1C=CC=C4CC[C@H]3C5=CC=C(F)C=C5)NCC6=CC=CC=C6,9.79,1.0,0.3,10.1021/ol1006086,ODH,3837,ODH_charity_0616:row:3837,9.79,train,
21182,21182,O[C@@H]1CCCC2(OCCO2)[C@@H]1c3ccc(cc3)C(F)(F)F,5.24,1.0,0.1,10.1021/acs.orglett.1c00044,ODH,3838,ODH_charity_0616:row:3838,5.24,train,
21185,21185,C=C[C@@H](C1CCCCC1)C(Cc2ccccc2)(C#N)C#N,6.77,1.0,0.05,10.1021/acs.orglett.0c00962,ODH,3839,ODH_charity_0616:row:3839,6.77,train,
21186,21186,C=C[C@H](C1CCCCC1)C(Cc2ccccc2)(C#N)C#N,5.68,1.0,0.05,10.1021/acs.orglett.0c00962,ODH,3840,ODH_charity_0616:row:3840,5.68,train,
21191,21191,C[C@@H](\C=C\c1ccc(F)cc1)[C@](C)(N)C(=O)OC(C)(C)C,5.2,1.0,0.02,10.1021/jacs.0c02150,ODH,3841,ODH_charity_0616:row:3841,5.2,train,
21198,21198,Cc1ccc(cc1)[C@@]2(Cc3ccccc3[C@H](N2)c4ccccc4)c5ccccc5,6.2,0.8,0.05,10.1021/acs.orglett.7b02502,ODH,3842,ODH_charity_0616:row:3842,4.96,train,
21203,21203,CCCC(=O)O\C(c1ccccc1)=C\2[C@H]([C@H](C)C=C2c3ccccc3)c4cccnc4,7.3,0.75,0.2,10.1002/anie.201408604,ODH,3843,ODH_charity_0616:row:3843,5.475,train,
21204,21204,CCCC(=O)O\C(c1ccccc1)=C\2[C@@H]([C@H](C)C=C2c3ccccc3)c4cccnc4,5.7,0.75,0.2,10.1002/anie.201408604,ODH,3844,ODH_charity_0616:row:3844,4.275,train,
21205,21205,CCOC(=O)[C@H](O)c1ccccc1,4.15,2.0,0.06,10.1002/anie.200704651,ODH,3845,ODH_charity_0616:row:3845,8.3,train,
21206,21206,CCOC(=O)[C@@H](O)c1ccccc1,5.71,2.0,0.06,10.1002/anie.200704651,ODH,3846,ODH_charity_0616:row:3846,11.42,train,
21210,21210,Cc1cccc(c1)[C@](C)(C\C=C\C=C\c2ccccc2)C=O,6.236,1.0,0.15,10.1021/acs.orglett.8b00740,ODH,3847,ODH_charity_0616:row:3847,6.236,train,
21211,21211,Cc1cccc(c1)[C@@](C)(C\C=C\C=C\c2ccccc2)C=O,5.743,1.0,0.15,10.1021/acs.orglett.8b00740,ODH,3848,ODH_charity_0616:row:3848,5.743,train,
21214,21214,CC[C@H](C#C[Si](C(C)C)(C(C)C)C(C)C)c1ccc2OCOc2c1,6.1,1.0,0.0,10.1021/jacs.0c09125,ODH,3849,ODH_charity_0616:row:3849,6.1,train,
21215,21215,CC[C@@H](C#C[Si](C(C)C)(C(C)C)C(C)C)c1ccc2OCOc2c1,5.75,1.0,0.0,10.1021/jacs.0c09125,ODH,3850,ODH_charity_0616:row:3850,5.75,train,
21232,21232,O=C(O[C@H]1C[C@@H](C2=CC=C(Br)C=C2)N3C4=C1C=C(Cl)C=C4CC[C@H]3C5=CC=CC=C5)NCC6=CC=CC=C6,13.45,1.0,0.3,10.1021/ol1006086,ODH,3851,ODH_charity_0616:row:3851,13.45,train,
21235,21235,CN1CCc2ccccc2[C@@H]1Cc3ccccc3,6.52,0.8,0.02,10.1002/adsc.200900602,ODH,3852,ODH_charity_0616:row:3852,5.216,test,
21236,21236,CN1CCc2ccccc2[C@H]1Cc3ccccc3,5.79,0.8,0.02,10.1002/adsc.200900602,ODH,3853,ODH_charity_0616:row:3853,4.632,train,
21241,21241,COc1ccc([C@H](C)c2ccc(cc2)c3ccccc3)c(O[Si](C)(C)C)c1,4.8,1.0,0.01,10.1021/ja510980d,ODH,3854,ODH_charity_0616:row:3854,4.8,valid,
21242,21242,COc1ccc([C@@H](C)c2ccc(cc2)c3ccccc3)c(O[Si](C)(C)C)c1,5.8,1.0,0.01,10.1021/ja510980d,ODH,3855,ODH_charity_0616:row:3855,5.8,train,
21246,21246,CC(C)(C)C(=O)OC[C@]1(CCSC1)Cc2ccccc2,5.2,1.0,0.01,10.1002/anie.201910917,ODH,3856,ODH_charity_0616:row:3856,5.2,train,
21247,21247,CC(C)(C)C(=O)OC[C@@]1(CCSC1)Cc2ccccc2,5.8,1.0,0.01,10.1002/anie.201910917,ODH,3857,ODH_charity_0616:row:3857,5.8,train,
21248,21248,O=C([C@H]1OCC=C[C@@H]1c2ccccc2)c3ccccc3,6.2,1.0,0.05,10.1021/jacs.6b06156,ODH,3858,ODH_charity_0616:row:3858,6.2,train,
21250,21250,CN1CCc2ccccc2[C@@H]1c3ccccc3,6.3,0.7,0.02,10.1021/jacs.5b06659,ODH,3859,ODH_charity_0616:row:3859,4.41,train,
21251,21251,CN1CCc2ccccc2[C@H]1c3ccccc3,5.8,0.7,0.02,10.1021/jacs.5b06659,ODH,3860,ODH_charity_0616:row:3860,4.06,train,
21260,21260,Cc1ccc(O[C@H](C(=O)OCc2ccccc2)c3ccccc3)cc1,6.6,1.0,0.1,10.1002/anie.201504483,ODH,3861,ODH_charity_0616:row:3861,6.6,train,
21261,21261,Cc1ccc(O[C@@H](C(=O)OCc2ccccc2)c3ccccc3)cc1,5.8,1.0,0.1,10.1002/anie.201504483,ODH,3862,ODH_charity_0616:row:3862,5.8,train,
21262,21262,Cc1ccc(O[C@@H](C(=O)OCc2ccccc2)c3ccccc3)cc1,6.7,1.0,0.1,10.1021/acs.organomet.9b00219,ODH,3863,ODH_charity_0616:row:3863,6.7,train,
21263,21263,Cc1ccc(O[C@H](C(=O)OCc2ccccc2)c3ccccc3)cc1,5.8,1.0,0.1,10.1021/acs.organomet.9b00219,ODH,3864,ODH_charity_0616:row:3864,5.8,train,
21269,21269,C[C@@H](\C=C\c1sccc1)[C@@](C)(N)C(=O)OC(C)(C)C,8.6,1.0,0.05,10.1021/jacs.0c02150,ODH,3865,ODH_charity_0616:row:3865,8.6,train,
21272,21272,C[C@@H](\C=C\c1ccccc1C)[C@@](C)(N)C(=O)OC(C)(C)C,9.4,1.0,0.05,10.1021/jacs.0c02150,ODH,3866,ODH_charity_0616:row:3866,9.4,train,
21279,21279,Cc1cccc(\C=C\[C@H]2COc3ccccc3O2)c1,6.84,1.0,0.1,10.1002/cjoc.201800540,ODH,3867,ODH_charity_0616:row:3867,6.84,train,
21280,21280,Cc1cccc(\C=C\[C@@H]2COc3ccccc3O2)c1,5.83,1.0,0.1,10.1002/cjoc.201800540,ODH,3868,ODH_charity_0616:row:3868,5.83,train,
21290,21290,O[C@@H]1CCCC2(OCCO2)[C@@H]1c3ccc(F)cc3,5.273,1.0,0.1,10.1021/acs.orglett.1c00044,ODH,3869,ODH_charity_0616:row:3869,5.273,train,
21291,21291,Cc1ccc(cc1)[S](=O)(=O)N2[C@H]3CCCC[C@H]3C[C@H]2C(=O)OCC=C,15.0,1.0,0.2,10.1002/adsc.202000151,ODH,3870,ODH_charity_0616:row:3870,15.0,valid,
21293,21293,C[C@@](C/C=C/c1ccccc1F)(C=O)c2ccccc2,6.599,1.0,0.06,10.1021/acs.orglett.8b00740,ODH,3871,ODH_charity_0616:row:3871,6.599,train,
21294,21294,C[C@](C/C=C/c1ccccc1F)(C=O)c2ccccc2,5.868,1.0,0.06,10.1021/acs.orglett.8b00740,ODH,3872,ODH_charity_0616:row:3872,5.868,valid,
21295,21295,CC(C)(C)OC[C@@H](C(=O)c1ccccc1)c2ccccc2,5.24,1.0,0.003,10.1002/anie.201903007,ODH,3873,ODH_charity_0616:row:3873,5.24,train,
21296,21296,CC(C)(C)OC[C@H](C(=O)c1ccccc1)c2ccccc2,5.88,1.0,0.003,10.1002/anie.201903007,ODH,3874,ODH_charity_0616:row:3874,5.88,train,
21302,21302,C[C@@H](\C=C\c1ccccc1Cl)[C@](C)(N)C(=O)OC(C)(C)C,4.9,1.0,0.02,10.1021/jacs.0c02150,ODH,3875,ODH_charity_0616:row:3875,4.9,train,
21312,21312,O[C@H]([C@@H](C=C)c1ccccc1)c2cccc3ccccc23,7.0,1.0,0.3,10.1021/acs.orglett.6b03378,ODH,3876,ODH_charity_0616:row:3876,7.0,train,
21317,21317,CCN(C[C@H](CSc1sc2ccc(Cl)cc2n1)OCc3ccccc3)C(c4ccccc4)c5ccccc5,7.3,1.0,0.05,10.1002/anie.201712395,ODH,3877,ODH_charity_0616:row:3877,7.3,train,
21318,21318,CCN(C[C@@H](CSc1sc2ccc(Cl)cc2n1)OCc3ccccc3)C(c4ccccc4)c5ccccc5,5.9,1.0,0.05,10.1002/anie.201712395,ODH,3878,ODH_charity_0616:row:3878,5.9,train,
21327,21327,Cc1cccc(\C=C\[C@H]2COc3cc4CCCc4cc3O2)c1,6.85,1.0,0.1,10.1002/cjoc.201800540,ODH,3879,ODH_charity_0616:row:3879,6.85,train,
21328,21328,Cc1cccc(\C=C\[C@@H]2COc3cc4CCCc4cc3O2)c1,5.91,1.0,0.1,10.1002/cjoc.201800540,ODH,3880,ODH_charity_0616:row:3880,5.91,train,
21333,21333,O=C(O[C@H]1C[C@@H](C2=CC=CC(Cl)=C2)N3C4=C1C=CC=C4CC[C@H]3C5=CC=CC=C5)NCC6=CC=CC=C6,8.07,1.0,0.3,10.1021/ol1006086,ODH,3881,ODH_charity_0616:row:3881,8.07,train,
21340,21340,FC(F)(F)c1cccc(\C=C\[C@H]2COc3ccccc3O2)c1,6.48,1.0,0.1,10.1002/cjoc.201800540,ODH,3882,ODH_charity_0616:row:3882,6.48,train,
21341,21341,FC(F)(F)c1cccc(\C=C\[C@@H]2COc3ccccc3O2)c1,5.94,1.0,0.1,10.1002/cjoc.201800540,ODH,3883,ODH_charity_0616:row:3883,5.94,train,
21342,21342,CCCCOC[C@@H](C(=O)c1ccccc1)c2ccccc2,5.43,1.0,0.03,10.1002/anie.201903007,ODH,3884,ODH_charity_0616:row:3884,5.43,train,
21343,21343,CCCCOC[C@H](C(=O)c1ccccc1)c2ccccc2,5.97,1.0,0.03,10.1002/anie.201903007,ODH,3885,ODH_charity_0616:row:3885,5.97,train,
21344,21344,CCC[C@H]1N(CCCC1=C)c2ccc(OC)cc2,4.475,1.0,0.005,10.1021/jacs.1c04016,ODH,3886,ODH_charity_0616:row:3886,4.475,train,
21345,21345,CCC[C@@H]1N(CCCC1=C)c2ccc(OC)cc2,5.973,1.0,0.005,10.1021/jacs.1c04016,ODH,3887,ODH_charity_0616:row:3887,5.973,train,
21346,21346,COC(=O)[C@@]1(CCCC1=O)[C@@H](CC(C)C)C[N+]([O-])=O,8.05,1.0,0.1,10.1021/ol4017386,ODH,3888,ODH_charity_0616:row:3888,8.05,train,
21348,21348,COc1ccc(C[C@H]2[C@H](C=C(OC2=O)c3ccccc3)c4ccc(C)cc4)cc1,40.7,0.75,0.01,10.1021/ol303035r,ODH,3889,ODH_charity_0616:row:3889,30.525,train,
21349,21349,COc1ccc(C[C@@H]2[C@H](C=C(OC2=O)c3ccccc3)c4ccc(C)cc4)cc1,50.0,0.75,0.01,10.1021/ol303035r,ODH,3890,ODH_charity_0616:row:3890,37.5,train,
21350,21350,Clc1ccc(cc1)[C@@H]2NCCNC2=O,42.1,1.0,0.1,10.1002/adsc.201700175,ODH,3891,ODH_charity_0616:row:3891,42.1,train,
21351,21351,Clc1ccc(cc1)[C@H]2NCCNC2=O,50.0,1.0,0.1,10.1002/adsc.201700175,ODH,3892,ODH_charity_0616:row:3892,50.0,train,
21361,21361,Cc1ccc(cc1C)[C@@H]2NCCNC2=O,36.1,1.0,0.1,10.1002/adsc.201700175,ODH,3893,ODH_charity_0616:row:3893,36.1,train,
21362,21362,Cc1ccc(cc1C)[C@H]2NCCNC2=O,50.2,1.0,0.1,10.1002/adsc.201700175,ODH,3894,ODH_charity_0616:row:3894,50.2,train,
21372,21372,FC(F)(F)[C@@]1(CC(=CC(=O)O1)c2ccccc2)c3ccccc3,22.1,0.75,0.1,10.1021/ja303618z,ODH,3895,ODH_charity_0616:row:3895,16.575,train,
21373,21373,FC(F)(F)[C@]1(CC(=CC(=O)O1)c2ccccc2)c3ccccc3,50.4,0.75,0.1,10.1021/ja303618z,ODH,3896,ODH_charity_0616:row:3896,37.8,train,
21398,21398,CCC[C@@H](\C=C\C(=O)Oc1ccc(F)cc1)N2C(=O)C3CC=CCC3C2=O,37.0,0.8,0.1,10.1039/C9SC04073K,ODH,3897,ODH_charity_0616:row:3897,29.6,train,
21399,21399,CCC[C@H](\C=C\C(=O)Oc1ccc(F)cc1)N2C(=O)C3CC=CCC3C2=O,50.8,0.8,0.1,10.1039/C9SC04073K,ODH,3898,ODH_charity_0616:row:3898,40.64,train,
21408,21408,FC(F)(F)[C@@]1(CC(=CC(=O)O1)c2ccccc2)c3sccc3,24.2,0.75,0.1,10.1021/ja303618z,ODH,3899,ODH_charity_0616:row:3899,18.15,train,
21409,21409,FC(F)(F)[C@]1(CC(=CC(=O)O1)c2ccccc2)c3sccc3,51.0,0.75,0.1,10.1021/ja303618z,ODH,3900,ODH_charity_0616:row:3900,38.25,train,
21410,21410,C1C[C@@H](CN1)Cc2ccccc2,46.8,0.5,0.08,10.1002/anie.201209126,ODH,3901,ODH_charity_0616:row:3901,23.4,train,
21411,21411,C1C[C@H](CN1)Cc2ccccc2,51.0,0.5,0.08,10.1002/anie.201209126,ODH,3902,ODH_charity_0616:row:3902,25.5,train,
21412,21412,CC(C)(C)c1ccc(cc1)[C@@H]2NCCNC2=O,34.3,1.0,0.08,10.1002/adsc.201700175,ODH,3903,ODH_charity_0616:row:3903,34.3,train,
21413,21413,CC(C)(C)c1ccc(cc1)[C@H]2NCCNC2=O,51.1,1.0,0.08,10.1002/adsc.201700175,ODH,3904,ODH_charity_0616:row:3904,51.1,train,
21422,21422,CCOC(=O)[C@]1(CC(=CC(=O)O1)c2ccccc2)C(F)(F)F,54.1,0.75,0.03,10.1021/ja303618z,ODH,3905,ODH_charity_0616:row:3905,40.575,train,
21423,21423,CCOC(=O)[C@@]1(CC(=CC(=O)O1)c2ccccc2)C(F)(F)F,51.2,0.75,0.03,10.1021/ja303618z,ODH,3906,ODH_charity_0616:row:3906,38.4,train,
21424,21424,O=C([C@](C1=CC=CC(OC(F)(F)F)=C12)(C#CC3=CC=CC=C3)NS2(=O)=O)OCC,57.9,0.5,0.05,10.1039/c7cc02159c,ODH,3907,ODH_charity_0616:row:3907,28.95,train,
21425,21425,O=C([C@@](C1=CC=CC(OC(F)(F)F)=C12)(C#CC3=CC=CC=C3)NS2(=O)=O)OCC,51.2,0.5,0.05,10.1039/c7cc02159c,ODH,3908,ODH_charity_0616:row:3908,25.6,valid,
21462,21462,COC(=O)C[C@@H](O)c1ccc(F)cc1,41.5,0.5,0.02,10.1016/j.gresc.2021.05.002,ODH,3909,ODH_charity_0616:row:3909,20.75,train,
21463,21463,COC(=O)C[C@H](O)c1ccc(F)cc1,52.0,0.5,0.02,10.1016/j.gresc.2021.05.002,ODH,3910,ODH_charity_0616:row:3910,26.0,train,
21468,21468,O[C@]1(Cc2ccccc2C1=O)[C@H](C=C)c3ccc4ccccc4c3,46.8,0.5,0.03,10.1021/acs.orglett.7b02577,ODH,3911,ODH_charity_0616:row:3911,23.4,train,
21469,21469,O[C@@]1(Cc2ccccc2C1=O)[C@H](C=C)c3ccc4ccccc4c3,52.2,0.5,0.03,10.1021/acs.orglett.7b02577,ODH,3912,ODH_charity_0616:row:3912,26.1,train,
21479,21479,CCOc1cccc2[C@H](N[S](=O)(=O)Oc12)\C=C\c3ccccc3,61.2,0.8,0.2,10.1016/j.tetlet.2018.03.026,ODH,3913,ODH_charity_0616:row:3913,48.96,train,
21480,21480,CCOc1cccc2[C@@H](N[S](=O)(=O)Oc12)\C=C\c3ccccc3,52.3,0.8,0.2,10.1016/j.tetlet.2018.03.026,ODH,3914,ODH_charity_0616:row:3914,41.84,valid,
21485,21485,O=C1C[C@H](C=C(O1)c2ccccc2)c3ccc4ccccc4c3,43.0,0.5,0.1,10.1021/ol402877n,ODH,3915,ODH_charity_0616:row:3915,21.5,train,
21486,21486,O=C1C[C@@H](C=C(O1)c2ccccc2)c3ccc4ccccc4c3,52.4,0.5,0.1,10.1021/ol402877n,ODH,3916,ODH_charity_0616:row:3916,26.2,train,
21487,21487,OCC[C@@H](O)c1ccccc1,49.0,0.6,0.04,10.1016/j.gresc.2021.05.002,ODH,3917,ODH_charity_0616:row:3917,29.4,test,
21488,21488,OCC[C@H](O)c1ccccc1,52.4,0.6,0.04,10.1016/j.gresc.2021.05.002,ODH,3918,ODH_charity_0616:row:3918,31.44,train,
21501,21501,FCCCCC[C@@]1(CI)COc2ccccc12,55.4,0.75,0.0,10.1021/jacs.9b04332,ODH,3919,ODH_charity_0616:row:3919,41.55,train,
21502,21502,FCCCCC[C@]1(CI)COc2ccccc12,52.7,0.75,0.0,10.1021/jacs.9b04332,ODH,3920,ODH_charity_0616:row:3920,39.525,train,
21513,21513,C[C@@H](O)C1=CC=C2C=CC=CC2=C1,50.52,1.0,0.02,10.1039/C5CC00479A,ODH,3921,ODH_charity_0616:row:3921,50.52,train,
21514,21514,C[C@H](O)C1=CC=C2C=CC=CC2=C1,52.98,1.0,0.02,10.1039/C5CC00479A,ODH,3922,ODH_charity_0616:row:3922,52.98,train,
21523,21523,Cc1ccc(cc1)[C@H](C[N+]([O-])=O)c2cccc3ccccc23,37.5,1.5,0.1,10.1021/acs.orglett.5b00863,ODH,3923,ODH_charity_0616:row:3923,56.25,train,
21524,21524,Cc1ccc(cc1)[C@@H](C[N+]([O-])=O)c2cccc3ccccc23,53.2,1.5,0.1,10.1021/acs.orglett.5b00863,ODH,3924,ODH_charity_0616:row:3924,79.8,excluded,official_RTv_gt_60
21527,21527,ClCCCC[C@]1(CI)COc2ccccc12,59.8,0.75,0.0,10.1021/jacs.9b04332,ODH,3925,ODH_charity_0616:row:3925,44.85,train,
21528,21528,ClCCCC[C@@]1(CI)COc2ccccc12,53.2,0.75,0.0,10.1021/jacs.9b04332,ODH,3926,ODH_charity_0616:row:3926,39.9,train,
21529,21529,CCCC[C@@H]1C=Cc2ccccc2[C@H]1O,66.9,1.0,0.005,10.1002/asia.200800159,ODH,3927,ODH_charity_0616:row:3927,66.9,excluded,official_RTv_gt_60
21530,21530,O[C@@H]([C@@H](C=C)c1ccc(cc1)[N+]([O-])=O)C(=O)c2ccccc2,37.4,0.5,0.05,10.1021/jacs.6b06156,ODH,3928,ODH_charity_0616:row:3928,18.7,valid,
21531,21531,O[C@@H]([C@@H](C=C)c1ccc(cc1)[N+]([O-])=O)C(=O)c2ccccc2,37.4,0.5,0.05,10.1021/jacs.6b06156,ODH,3929,ODH_charity_0616:row:3929,18.7,train,
21550,21550,CCOC(=O)[C@@H]1c2ccccc2C(=O)N3[C@]1(CO)c4ccccc4[S]3(=O)=O,69.7,0.5,0.05,10.1021/acs.orglett.1c02676,ODH,3930,ODH_charity_0616:row:3930,34.85,train,
21552,21552,CCO[P](=O)(OCC)[C@@]12CC(=CC(=O)N1[S](=O)(=O)Oc3ccccc23)c4ccc(Br)cc4,24.9,0.8,0.2,10.1039/C8QO00877A,ODH,3931,ODH_charity_0616:row:3931,19.92,train,
21553,21553,CCO[P](=O)(OCC)[C@]12CC(=CC(=O)N1[S](=O)(=O)Oc3ccccc23)c4ccc(Br)cc4,54.0,0.8,0.2,10.1039/C8QO00877A,ODH,3932,ODH_charity_0616:row:3932,43.2,train,
21555,21555,CCOC(=O)[C@H]1[C@@H]2N(C(=O)c3ccccc13)[S](=O)(=O)c4ccccc24,45.9,0.5,0.03,10.1021/acs.orglett.1c02676,ODH,3933,ODH_charity_0616:row:3933,22.95,train,
21569,21569,C[C@@H](C#Cc1ccc(cc1)C#N)c2ccc(COC(C)=O)cc2,48.9,0.8,0.03,10.1002/anie.202110233,ODH,3934,ODH_charity_0616:row:3934,39.12,train,
21570,21570,C[C@H](C#Cc1ccc(cc1)C#N)c2ccc(COC(C)=O)cc2,54.6,0.8,0.03,10.1002/anie.202110233,ODH,3935,ODH_charity_0616:row:3935,43.68,train,
21571,21571,Fc1ccc(cc1)[C@@H]2CC(=O)N=C(S2)c3ccccc3,61.8,0.5,0.1,10.1021/acs.orglett.9b03685,ODH,3936,ODH_charity_0616:row:3936,30.9,train,
21572,21572,Fc1ccc(cc1)[C@H]2CC(=O)N=C(S2)c3ccccc3,54.6,0.5,0.1,10.1021/acs.orglett.9b03685,ODH,3937,ODH_charity_0616:row:3937,27.3,train,
21579,21579,COc1ccc2O[S](=O)(=O)N[C@H](\C=C\c3ccccc3)c2c1,40.2,0.8,0.15,10.1016/j.tetlet.2018.03.026,ODH,3938,ODH_charity_0616:row:3938,32.16,train,
21580,21580,COc1ccc2O[S](=O)(=O)N[C@@H](\C=C\c3ccccc3)c2c1,54.9,0.8,0.15,10.1016/j.tetlet.2018.03.026,ODH,3939,ODH_charity_0616:row:3939,43.92,train,
21591,21591,OC[C@@H](O)c1ccc(Cl)cc1,61.1,1.0,0.02,10.1021/acs.orglett.8b01029,ODH,3940,ODH_charity_0616:row:3940,61.1,excluded,official_RTv_gt_60
21592,21592,OC[C@H](O)c1ccc(Cl)cc1,55.0,1.0,0.02,10.1021/acs.orglett.8b01029,ODH,3941,ODH_charity_0616:row:3941,55.0,train,
21593,21593,CC(C)(C)OC(=O)OC[C@@]1(CC=C)C(=O)N(COCc2ccccc2)c3ccccc13,9.7,0.8,0.05,10.1039/D0QO00072H,ODH,3942,ODH_charity_0616:row:3942,7.76,train,
21594,21594,CC(C)(C)OC(=O)OC[C@]1(CC=C)C(=O)N(COCc2ccccc2)c3ccccc13,55.0,0.8,0.05,10.1039/D0QO00072H,ODH,3943,ODH_charity_0616:row:3943,44.0,train,
21623,21623,FCCCCC[C@]1(CI)COc2ccccc12,52.2,0.75,0.0,10.1021/jacs.9b04332,ODH,3944,ODH_charity_0616:row:3944,39.15,train,
21624,21624,FCCCCC[C@@]1(CI)COc2ccccc12,56.2,0.75,0.0,10.1021/jacs.9b04332,ODH,3945,ODH_charity_0616:row:3945,42.15,train,
21634,21634,C=CC[C@]12COC(=O)N1CC(=O)c3ccccc23,46.0,0.8,0.1,10.1002/chem.201704760,ODH,3946,ODH_charity_0616:row:3946,36.8,train,
21635,21635,C=CC[C@@]12COC(=O)N1CC(=O)c3ccccc23,56.4,0.8,0.1,10.1002/chem.201704760,ODH,3947,ODH_charity_0616:row:3947,45.12,train,
21642,21642,COc1ccc(C[C@@H]2Oc3ccccc3N(Cc4ccccc4)C2=O)cc1OC,50.9,0.5,0.05,10.1021/acs.orglett.1c01701,ODH,3948,ODH_charity_0616:row:3948,25.45,train,
21643,21643,COc1ccc(C[C@H]2Oc3ccccc3N(Cc4ccccc4)C2=O)cc1OC,56.5,0.5,0.05,10.1021/acs.orglett.1c01701,ODH,3949,ODH_charity_0616:row:3949,28.25,train,
21651,21651,CCCCOc1ccccc1[C@@](c2[nH]c(C)cc2)(c3ccccc3)c4ccc(O)cc4,62.0,1.0,0.007,10.1038/s41929/020/00535/4,ODH,3950,ODH_charity_0616:row:3950,62.0,excluded,official_RTv_gt_60
21652,21652,CCCCOc1ccccc1[C@](c2[nH]c(C)cc2)(c3ccccc3)c4ccc(O)cc4,56.7,1.0,0.007,10.1038/s41929/020/00535/4,ODH,3951,ODH_charity_0616:row:3951,56.7,train,
21670,21670,CCOC(=O)[C@@]1(N[S](=O)(=O)c2ccccc12)C#Cc3ccc(cc3)c4ccccc4,65.1,0.5,0.15,10.1039/c7cc02159c,ODH,3952,ODH_charity_0616:row:3952,32.55,train,
21671,21671,CCOC(=O)[C@]1(N[S](=O)(=O)c2ccccc12)C#Cc3ccc(cc3)c4ccccc4,57.2,0.5,0.15,10.1039/c7cc02159c,ODH,3953,ODH_charity_0616:row:3953,28.6,train,
21683,21683,FC(F)(F)c1ccc(CC(C#N)(C#N)[C@H](CCc2ccccc2)C=C)cc1,61.26,0.5,0.001,10.1021/acs.orglett.0c00962,ODH,3954,ODH_charity_0616:row:3954,30.63,train,
21684,21684,FC(F)(F)c1ccc(CC(C#N)(C#N)[C@@H](CCc2ccccc2)C=C)cc1,57.5,0.5,0.001,10.1021/acs.orglett.0c00962,ODH,3955,ODH_charity_0616:row:3955,28.75,train,
21686,21686,CCO[P](=O)(OCC)[C@@]12CC(=CC(=O)N1[S](=O)(=O)Oc3ccccc23)c4cccc(OC)c4,34.0,0.8,0.2,10.1039/C8QO00877A,ODH,3956,ODH_charity_0616:row:3956,27.2,train,
21687,21687,CCO[P](=O)(OCC)[C@]12CC(=CC(=O)N1[S](=O)(=O)Oc3ccccc23)c4cccc(OC)c4,57.6,0.8,0.2,10.1039/C8QO00877A,ODH,3957,ODH_charity_0616:row:3957,46.08,train,
21690,21690,O=COC[C@H](C1=CC=C2C=CC=CC2=C1)C,93.8,0.5,0.005,10.1021/acs.orglett.7b03469,ODH,3958,ODH_charity_0616:row:3958,46.9,train,
21691,21691,O=COC[C@@H](C1=CC=C2C=CC=CC2=C1)C,57.6,0.5,0.005,10.1021/acs.orglett.7b03469,ODH,3959,ODH_charity_0616:row:3959,28.8,train,
21692,21692,Cc1oc(c2ccccc2)c([C@H](Nc3ccccc3)c4ccccc4)c1[C@@H](O)c5ccccc5,44.6,0.8,0.02,10.1002/anie.201003136,ODH,3960,ODH_charity_0616:row:3960,35.68,train,
21702,21702,COc1cc(Br)cc2[C@H](N[S](=O)(=O)Oc12)\C=C\c3ccccc3,44.1,0.8,0.15,10.1016/j.tetlet.2018.03.026,ODH,3961,ODH_charity_0616:row:3961,35.28,train,
21703,21703,COc1cc(Br)cc2[C@@H](N[S](=O)(=O)Oc12)\C=C\c3ccccc3,58.0,0.8,0.15,10.1016/j.tetlet.2018.03.026,ODH,3962,ODH_charity_0616:row:3962,46.4,test,
21719,21719,CCOC(=O)[C@]1(N[S](=O)(=O)c2ccccc12)C(C)C=C,36.5,0.5,0.05,10.1002/chem.201704760,ODH,3963,ODH_charity_0616:row:3963,18.25,train,
21720,21720,CCOC(=O)[C@@]1(N[S](=O)(=O)c2ccccc12)C(C)C=C,58.55,0.5,0.05,10.1002/chem.201704760,ODH,3964,ODH_charity_0616:row:3964,29.275,train,
21724,21724,Cc1ccc(cc1)[S](=O)(=O)N2CCN[C@H](C2=O)c3ccccc3,44.0,0.5,0.1,10.1002/adsc.201700175,ODH,3965,ODH_charity_0616:row:3965,22.0,train,
21725,21725,Cc1ccc(cc1)[S](=O)(=O)N2CCN[C@@H](C2=O)c3ccccc3,58.8,0.5,0.1,10.1002/adsc.201700175,ODH,3966,ODH_charity_0616:row:3966,29.4,train,
21732,21732,C[C@H](COC=O)c1ccc(cc1)c2ccccc2,54.3,0.5,0.005,10.1021/acs.orglett.7b03469,ODH,3967,ODH_charity_0616:row:3967,27.15,train,
21733,21733,C[C@@H](COC=O)c1ccc(cc1)c2ccccc2,59.0,0.5,0.005,10.1021/acs.orglett.7b03469,ODH,3968,ODH_charity_0616:row:3968,29.5,train,
21734,21734,C[C@H](COC=O)c1ccc(cc1)c2ccccc2,54.3,0.5,0.005,10.1021/acs.orglett.7b03469,ODH,3969,ODH_charity_0616:row:3969,27.15,train,
21735,21735,C[C@@H](COC=O)c1ccc(cc1)c2ccccc2,59.0,0.5,0.005,10.1021/acs.orglett.7b03469,ODH,3970,ODH_charity_0616:row:3970,29.5,train,
21740,21740,ClCCCC[C@@]1(CI)COc2ccccc12,51.5,0.75,0.0,10.1021/jacs.9b04332,ODH,3971,ODH_charity_0616:row:3971,38.625,train,
21741,21741,ClCCCC[C@]1(CI)COc2ccccc12,59.4,0.75,0.0,10.1021/jacs.9b04332,ODH,3972,ODH_charity_0616:row:3972,44.55,train,
21764,21764,C[C@@H](\C=C\c1ccccc1)[C@@](C)(N)C(=O)OC(C)(C)C,14.4,1.0,0.05,10.1021/jacs.0c02150,ODH,3973,ODH_charity_0616:row:3973,14.4,train,
21767,21767,O[C@@H](C1CCCCC1)[C@@H](C=C)c2ccccc2,5.5,1.0,0.03,10.1021/acs.orglett.6b03378,ODH,3974,ODH_charity_0616:row:3974,5.5,train,
21770,21770,CN1CCc2ccccc2[C@H]1c3ccccc3,6.3,0.7,0.02,10.1039/C7QO00060J,ODH,3975,ODH_charity_0616:row:3975,4.41,train,
21771,21771,CN1CCc2ccccc2[C@@H]1c3ccccc3,6.0,0.7,0.02,10.1039/C7QO00060J,ODH,3976,ODH_charity_0616:row:3976,4.2,train,
21775,21775,CCCC(=O)O\C(c1ccccc1)=C\2[C@H]([C@H](C)C=C2c3ccccc3)c4ccc(C)cc4,7.0,0.7,0.01,10.1002/anie.201408604,ODH,3977,ODH_charity_0616:row:3977,4.9,train,
21776,21776,CCCC(=O)O\C(c1ccccc1)=C\2[C@@H]([C@H](C)C=C2c3ccccc3)c4ccc(C)cc4,6.0,0.7,0.01,10.1002/anie.201408604,ODH,3978,ODH_charity_0616:row:3978,4.2,train,
21779,21779,CN1CCc2ccccc2[C@H]1c3ccc(Br)cc3,7.2,0.7,0.02,10.1039/C7QO00060J,ODH,3979,ODH_charity_0616:row:3979,5.04,train,
21780,21780,CN1CCc2ccccc2[C@@H]1c3ccc(Br)cc3,6.0,0.7,0.02,10.1039/C7QO00060J,ODH,3980,ODH_charity_0616:row:3980,4.2,train,
21793,21793,CCCCCCCCCCCC[S@](=O)c1ccccc1,7.011,1.0,0.05,10.1039/D0CC00434K,ODH,3981,ODH_charity_0616:row:3981,7.011,train,
21794,21794,CCCCCCCCCCCC[S@@](=O)c1ccccc1,6.023,1.0,0.05,10.1039/D0CC00434K,ODH,3982,ODH_charity_0616:row:3982,6.023,test,
21799,21799,CCOC(=O)N1N(C(C)=O)[C@@](C)(C=C1c2ccccc2)c3ccccc3,10.04,1.0,0.2,10.1038/s41929/020/0460/y,ODH,3983,ODH_charity_0616:row:3983,10.04,train,
21800,21800,CCOC(=O)N1N(C(C)=O)[C@](C)(C=C1c2ccccc2)c3ccccc3,6.05,1.0,0.2,10.1038/s41929/020/0460/y,ODH,3984,ODH_charity_0616:row:3984,6.05,test,
21809,21809,C=CCOC(=O)[C@@H]1C[C@@H]2CCCC[C@@H]2N1,5.145,1.0,0.08,10.1002/adsc.202000151,ODH,3985,ODH_charity_0616:row:3985,5.145,train,
21810,21810,CC(C)[C@H](C=C)C(Cc1ccccc1)(C#N)C#N,7.83,1.0,0.05,10.1021/acs.orglett.0c00962,ODH,3986,ODH_charity_0616:row:3986,7.83,train,
21811,21811,CC(C)[C@@H](C=C)C(Cc1ccccc1)(C#N)C#N,6.07,1.0,0.05,10.1021/acs.orglett.0c00962,ODH,3987,ODH_charity_0616:row:3987,6.07,train,
21825,21825,C[C@@H]1C=C[C@H](COC(C)=O)N(N1C(=O)OC(C)(C)C)C(=O)Nc2ccc(Cl)cc2,16.5,1.0,0.1,10.1021/ja3110472,ODH,3988,ODH_charity_0616:row:3988,16.5,train,
21826,21826,CC(C)(C)OC(=O)[C@@](C)(N)C\C=C\c1occc1,4.8,1.0,0.1,10.1021/jacs.7b05460,ODH,3989,ODH_charity_0616:row:3989,4.8,train,
21827,21827,CC(C)(C)OC(=O)[C@](C)(N)C\C=C\c1occc1,6.1,1.0,0.1,10.1021/jacs.7b05460,ODH,3990,ODH_charity_0616:row:3990,6.1,valid,
21830,21830,C[C@@H](\C=C\c1ccc(C)c(C)c1)[C@](C)(N)C(=O)OC(C)(C)C,5.3,1.0,0.02,10.1021/jacs.0c02150,ODH,3991,ODH_charity_0616:row:3991,5.3,train,
21837,21837,CN1CCc2ccccc2[C@H]1c3ccccc3,6.4,0.7,0.02,10.1021/jacs.5b06659,ODH,3992,ODH_charity_0616:row:3992,4.48,train,
21838,21838,CN1CCc2ccccc2[C@@H]1c3ccccc3,6.1,0.7,0.02,10.1021/jacs.5b06659,ODH,3993,ODH_charity_0616:row:3993,4.27,train,
21853,21853,CCC(COC(=O)[C@H](NC(=O)c1ccc(cc1)C(C)(C)C)c2ccccc2)(c3ccccc3)c4ccccc4,6.99,1.0,0.3,10.1055/s/0030/1259711,ODH,3994,ODH_charity_0616:row:3994,6.99,train,
21854,21854,CCC(COC(=O)[C@@H](NC(=O)c1ccc(cc1)C(C)(C)C)c2ccccc2)(c3ccccc3)c4ccccc4,6.1,1.0,0.3,10.1055/s/0030/1259711,ODH,3995,ODH_charity_0616:row:3995,6.1,train,
21855,21855,CC(C)OC(=O)[C@H](Oc1ccccc1)c2ccccc2,7.1,1.0,0.03,10.1021/acs.organomet.9b00219,ODH,3996,ODH_charity_0616:row:3996,7.1,train,
21856,21856,CC(C)OC(=O)[C@@H](Oc1ccccc1)c2ccccc2,6.1,1.0,0.03,10.1021/acs.organomet.9b00219,ODH,3997,ODH_charity_0616:row:3997,6.1,train,
21867,21867,C1O[C@H](C[C@@H]1c2ccccc2)c3ccccc3,6.8,1.0,0.1,10.1002/anie.201612208,ODH,3998,ODH_charity_0616:row:3998,6.8,train,
21894,21894,C[C@H](CC(=O)C(F)(F)F)\C=C\c1ccccc1,38.85,0.8,0.02,10.1002/adsc.201600375,ODH,3999,ODH_charity_0616:row:3999,31.08,train,
21895,21895,C[C@@H](CC(=O)C(F)(F)F)\C=C\c1ccccc1,6.16,0.8,0.02,10.1002/adsc.201600375,ODH,4000,ODH_charity_0616:row:4000,4.928,valid,
21908,21908,CC(=C)[C@@H]1CN(C(=C1)C2=CCCCC2)[S](=O)(=O)c3ccc(C)cc3,5.69,0.8,0.1,10.1021/jacs.6b00386,ODH,4001,ODH_charity_0616:row:4001,4.552,train,
21909,21909,CC(=C)[C@H]1CN(C(=C1)C2=CCCCC2)[S](=O)(=O)c3ccc(C)cc3,6.19,0.8,0.1,10.1021/jacs.6b00386,ODH,4002,ODH_charity_0616:row:4002,4.952,train,
21912,21912,C[C@@H]1CCC(=N1)c2ccccc2,14.5,1.0,0.1,10.1021/ja203190t,ODH,4003,ODH_charity_0616:row:4003,14.5,train,
21913,21913,C[C@H]1CCC(=N1)c2ccccc2,6.2,1.0,0.1,10.1021/ja203190t,ODH,4004,ODH_charity_0616:row:4004,6.2,test,
21916,21916,Cc1cccc(c1)C2(SCCCS2)[C@@H](C=Cc3ccccc3)c4ccccc4,5.0,1.0,0.02,10.1021/acs.orglett.6b03161,ODH,4005,ODH_charity_0616:row:4005,5.0,train,
21917,21917,Cc1cccc(c1)C2(SCCCS2)[C@H](C=Cc3ccccc3)c4ccccc4,6.2,1.0,0.02,10.1021/acs.orglett.6b03161,ODH,4006,ODH_charity_0616:row:4006,6.2,test,
21926,21926,COc1ccccc1[C@@](c2[nH]ccc2)(c3[nH]c4ccccc4c3c5ccc6ccccc6c5)c7ccccc7,5.8,1.0,0.1,10.1038/s41929/020/00535/4,ODH,4007,ODH_charity_0616:row:4007,5.8,train,
21927,21927,COc1ccccc1[C@](c2[nH]ccc2)(c3[nH]c4ccccc4c3c5ccc6ccccc6c5)c7ccccc7,6.2,1.0,0.1,10.1038/s41929/020/00535/4,ODH,4008,ODH_charity_0616:row:4008,6.2,test,
21938,21938,CCCCC[C@@H]1Cc2ccccc2N1,7.6,1.0,0.01,10.1021/ja502020b,ODH,4009,ODH_charity_0616:row:4009,7.6,train,
21939,21939,CCCCC[C@H]1Cc2ccccc2N1,6.2,1.0,0.01,10.1021/ja502020b,ODH,4010,ODH_charity_0616:row:4010,6.2,valid,
21942,21942,CCCC(=O)O\C(c1ccccc1)=C\2[C@H]([C@H](C)C=C2c3ccccc3)c4ccncc4,7.7,0.75,0.2,10.1002/anie.201408604,ODH,4011,ODH_charity_0616:row:4011,5.775,train,
21943,21943,CCCC(=O)O\C(c1ccccc1)=C\2[C@@H]([C@H](C)C=C2c3ccccc3)c4ccncc4,6.2,0.75,0.2,10.1002/anie.201408604,ODH,4012,ODH_charity_0616:row:4012,4.65,train,
21961,21961,COC(=O)[C@H]1[C@H]([C@@H]([C@H]2N1CCc3ccccc23)C(=O)n4nc(C)cc4C)c5ccccc5Br,5.422,1.0,0.1,10.1002/chem.202102476,ODH,4013,ODH_charity_0616:row:4013,5.422,train,
21966,21966,COC(=O)[C@H](O)c1ccc(Cl)cc1,5.8,2.0,0.06,10.1002/anie.200704651,ODH,4014,ODH_charity_0616:row:4014,11.6,train,
21967,21967,COC(=O)[C@@H](O)c1ccc(Cl)cc1,6.26,2.0,0.06,10.1002/anie.200704651,ODH,4015,ODH_charity_0616:row:4015,12.52,train,
21974,21974,CCC[C@H](C=C)C(Cc1ccccc1)(C#N)C#N,7.15,1.0,0.05,10.1021/acs.orglett.0c00962,ODH,4016,ODH_charity_0616:row:4016,7.15,train,
21975,21975,CCC[C@@H](C=C)C(Cc1ccccc1)(C#N)C#N,6.27,1.0,0.05,10.1021/acs.orglett.0c00962,ODH,4017,ODH_charity_0616:row:4017,6.27,train,
21976,21976,O[C@H](CCC1)[C@@H](C2=C(C)C=CC=C2)C31OCCO3,5.796,1.0,0.1,10.1021/acs.orglett.1c00044,ODH,4018,ODH_charity_0616:row:4018,5.796,train,
21984,21984,Cc1ccc(C[C@]2(C\C=C\c3ccccc3)C(=NN(c4ccc(C)cc4)C2=O)C)cc1,11.751,1.0,0.3,10.1021/jacs.6b08236,ODH,4019,ODH_charity_0616:row:4019,11.751,train,
21985,21985,Cc1ccc(C[C@@]2(C\C=C\c3ccccc3)C(=NN(c4ccc(C)cc4)C2=O)C)cc1,6.3,1.0,0.3,10.1021/jacs.6b08236,ODH,4020,ODH_charity_0616:row:4020,6.3,train,
21999,21999,CC(C)OC(=O)[C@H](c1ccccc1)c2cc(C)n(Cc3ccccc3)c2C,7.0,0.7,0.2,10.1039/C7QO00815E,ODH,4021,ODH_charity_0616:row:4021,4.9,train,
22000,22000,CC(C)OC(=O)[C@@H](c1ccccc1)c2cc(C)n(Cc3ccccc3)c2C,6.3,0.7,0.2,10.1039/C7QO00815E,ODH,4022,ODH_charity_0616:row:4022,4.41,train,
22001,22001,O=C(CN1CCCCC1)N2[C@@H]3CCCC[C@@H]3c4ccccc24,7.1,1.0,0.1,10.1021/ja502020b,ODH,4023,ODH_charity_0616:row:4023,7.1,train,
22002,22002,CC(C)OC(=O)[C@@H](Oc1ccccc1)c2ccccc2,7.3,1.0,0.03,10.1002/anie.201504483,ODH,4024,ODH_charity_0616:row:4024,7.3,train,
22003,22003,CC(C)OC(=O)[C@H](Oc1ccccc1)c2ccccc2,6.3,1.0,0.03,10.1002/anie.201504483,ODH,4025,ODH_charity_0616:row:4025,6.3,train,
22004,22004,Cc1ccc(cc1)c2oc(C)c3Cc4ccccc4N5CCCC[C@H]5c23,7.4,0.6,0.1,10.1002/chem.201100019,ODH,4026,ODH_charity_0616:row:4026,4.44,train,
22005,22005,Cc1ccc(cc1)c2oc(C)c3Cc4ccccc4N5CCCC[C@@H]5c23,6.3,0.6,0.1,10.1002/chem.201100019,ODH,4027,ODH_charity_0616:row:4027,3.78,train,
22006,22006,CCCC(=O)O\C(c1ccccc1)=C\2[C@H]([C@H](C)C=C2c3ccccc3)c4ccccc4Cl,7.4,0.7,0.01,10.1002/anie.201408604,ODH,4028,ODH_charity_0616:row:4028,5.18,train,
22007,22007,CCCC(=O)O\C(c1ccccc1)=C\2[C@@H]([C@H](C)C=C2c3ccccc3)c4ccccc4Cl,6.3,0.7,0.01,10.1002/anie.201408604,ODH,4029,ODH_charity_0616:row:4029,4.41,train,
22010,22010,O=C(OCc1ccccc1)[C@H](Oc2ccccc2)c3ccccc3,9.1,1.0,0.2,10.1021/acs.organomet.9b00219,ODH,4030,ODH_charity_0616:row:4030,9.1,train,
22011,22011,O=C(OCc1ccccc1)[C@@H](Oc2ccccc2)c3ccccc3,6.3,1.0,0.2,10.1021/acs.organomet.9b00219,ODH,4031,ODH_charity_0616:row:4031,6.3,train,
22012,22012,O=C(OCc1ccccc1)[C@@H](Oc2ccccc2)c3ccccc3,9.5,1.0,0.2,10.1002/anie.201504483,ODH,4032,ODH_charity_0616:row:4032,9.5,train,
22013,22013,O=C(OCc1ccccc1)[C@H](Oc2ccccc2)c3ccccc3,6.3,1.0,0.2,10.1002/anie.201504483,ODH,4033,ODH_charity_0616:row:4033,6.3,train,
22024,22024,CCC(COC(=O)[C@H](NC(=O)c1ccc(cc1)C(C)(C)C)c2ccccc2Cl)(c3ccccc3)c4ccccc4,7.63,1.0,0.3,10.1055/s/0030/1259711,ODH,4034,ODH_charity_0616:row:4034,7.63,train,
22025,22025,CCC(COC(=O)[C@@H](NC(=O)c1ccc(cc1)C(C)(C)C)c2ccccc2Cl)(c3ccccc3)c4ccccc4,6.32,1.0,0.3,10.1055/s/0030/1259711,ODH,4035,ODH_charity_0616:row:4035,6.32,train,
22039,22039,COc1ccccc1C[C@]2(C\C=C\c3ccccc3)C(=NN(C2=O)c4ccc(C)cc4)C,10.784,1.0,0.3,10.1021/jacs.6b08236,ODH,4036,ODH_charity_0616:row:4036,10.784,train,
22040,22040,COc1ccccc1C[C@@]2(C\C=C\c3ccccc3)C(=NN(C2=O)c4ccc(C)cc4)C,6.337,1.0,0.3,10.1021/jacs.6b08236,ODH,4037,ODH_charity_0616:row:4037,6.337,valid,
22064,22064,Cc1ccc(cc1)N2N=C(C)[C@@](C\C=C\c3ccccc3)(Cc4cccc(C)c4)C2=O,11.464,1.0,0.3,10.1021/jacs.6b08236,ODH,4038,ODH_charity_0616:row:4038,11.464,train,
22065,22065,Cc1ccc(cc1)N2N=C(C)[C@](C\C=C\c3ccccc3)(Cc4cccc(C)c4)C2=O,6.396,1.0,0.3,10.1021/jacs.6b08236,ODH,4039,ODH_charity_0616:row:4039,6.396,train,
22069,22069,C[C@@H](\C=C\c1ccccc1)[C@](C)(N)C(=O)OC(C)(C)C,5.5,1.0,0.05,10.1021/jacs.0c02150,ODH,4040,ODH_charity_0616:row:4040,5.5,train,
22070,22070,CCCC(=O)O\C(c1ccccc1)=C\2[C@H]([C@H](C)C=C2c3ccccc3)c4ccccc4,6.8,0.7,0.01,10.1002/anie.201408604,ODH,4041,ODH_charity_0616:row:4041,4.76,valid,
22071,22071,CCCC(=O)O\C(c1ccccc1)=C\2[C@@H]([C@H](C)C=C2c3ccccc3)c4ccccc4,6.4,0.7,0.01,10.1002/anie.201408604,ODH,4042,ODH_charity_0616:row:4042,4.48,train,
22074,22074,C1C[C@@H](c2ccccc2)c3ccccc3O1,7.0,1.0,0.01,10.1021/acs.orglett.7b00867,ODH,4043,ODH_charity_0616:row:4043,7.0,train,
22075,22075,C1C[C@H](c2ccccc2)c3ccccc3O1,6.4,1.0,0.01,10.1021/acs.orglett.7b00867,ODH,4044,ODH_charity_0616:row:4044,6.4,train,
22078,22078,CCCC(=O)O\C(c1ccccc1)=C\2[C@H]([C@H](C)C=C2c3ccccc3)c4ccc(F)cc4,7.2,0.7,0.01,10.1002/anie.201408604,ODH,4045,ODH_charity_0616:row:4045,5.04,train,
22079,22079,CCCC(=O)O\C(c1ccccc1)=C\2[C@@H]([C@H](C)C=C2c3ccccc3)c4ccc(F)cc4,6.4,0.7,0.01,10.1002/anie.201408604,ODH,4046,ODH_charity_0616:row:4046,4.48,train,
22080,22080,O[C@@H]/1CCCC1=C/Cc2ccccc2,7.2,0.8,0.2,10.1021/acs.organomet.9b00366,ODH,4047,ODH_charity_0616:row:4047,5.76,train,
22081,22081,O[C@H]/1CCCC1=C/Cc2ccccc2,6.4,0.8,0.2,10.1021/acs.organomet.9b00366,ODH,4048,ODH_charity_0616:row:4048,5.12,train,
22084,22084,Cc1ccc(cc1)c2oc(C)c3Cc4ccccc4N5CCOC[C@H]5c23,7.7,0.8,0.2,10.1002/chem.201100019,ODH,4049,ODH_charity_0616:row:4049,6.16,train,
22085,22085,Cc1ccc(cc1)c2oc(C)c3Cc4ccccc4N5CCOC[C@@H]5c23,6.4,0.8,0.2,10.1002/chem.201100019,ODH,4050,ODH_charity_0616:row:4050,5.12,train,
22086,22086,Cc1oc(c2ccccc2)c3[C@@H]4CCCCN4c5ccccc5Cc13,7.8,0.6,0.1,10.1002/chem.201100019,ODH,4051,ODH_charity_0616:row:4051,4.68,train,
22087,22087,Cc1oc(c2ccccc2)c3[C@H]4CCCCN4c5ccccc5Cc13,6.4,0.6,0.1,10.1002/chem.201100019,ODH,4052,ODH_charity_0616:row:4052,3.84,train,
22101,22101,CC(C)[C@H](c1ccccc1)c2cc(cc(c2)c3ccccc3)c4ccccc4,5.79,1.0,0.005,10.1021/jacs.0c09125,ODH,4053,ODH_charity_0616:row:4053,5.79,train,
22102,22102,CC(C)[C@@H](c1ccccc1)c2cc(cc(c2)c3ccccc3)c4ccccc4,6.44,1.0,0.005,10.1021/jacs.0c09125,ODH,4054,ODH_charity_0616:row:4054,6.44,train,
22119,22119,C=C[C@H](NCc1ccccc1)c2ccccc2,7.833,0.8,0.01,10.1021/acscatal.0c00712,ODH,4055,ODH_charity_0616:row:4055,6.2664,train,
22120,22120,C=C[C@@H](NCc1ccccc1)c2ccccc2,6.474,0.8,0.01,10.1021/acscatal.0c00712,ODH,4056,ODH_charity_0616:row:4056,5.1792,train,
22130,22130,C[C@]1(C(=O)OCC=C)C(=O)Oc2c3ccccc3ccc12,13.0,0.6,0.05,10.1039/C9QO01025D,ODH,4057,ODH_charity_0616:row:4057,7.8,train,
22131,22131,C[C@@]1(C(=O)OCC=C)C(=O)Oc2c3ccccc3ccc12,6.5,0.6,0.05,10.1039/C9QO01025D,ODH,4058,ODH_charity_0616:row:4058,3.9,train,
22132,22132,Cc1ccc(cc1)[C@H](Oc2ccccc2)C(=O)OCc3ccccc3,13.8,1.0,0.1,10.1002/anie.201504483,ODH,4059,ODH_charity_0616:row:4059,13.8,train,
22133,22133,Cc1ccc(cc1)[C@@H](Oc2ccccc2)C(=O)OCc3ccccc3,6.5,1.0,0.1,10.1002/anie.201504483,ODH,4060,ODH_charity_0616:row:4060,6.5,train,
22134,22134,Cc1ccc(cc1)[C@@H](Oc2ccccc2)C(=O)OCc3ccccc3,14.7,1.0,0.1,10.1021/acs.organomet.9b00219,ODH,4061,ODH_charity_0616:row:4061,14.7,train,
22135,22135,Cc1ccc(cc1)[C@H](Oc2ccccc2)C(=O)OCc3ccccc3,6.5,1.0,0.1,10.1021/acs.organomet.9b00219,ODH,4062,ODH_charity_0616:row:4062,6.5,train,
22138,22138,C[C@@H](\C=C\c1ccccc1)[C@](N)(CC=C)C(=O)OC(C)(C)C,5.9,1.0,0.02,10.1021/jacs.0c02150,ODH,4063,ODH_charity_0616:row:4063,5.9,train,
22144,22144,CCCC(=O)O\C(c1ccccc1)=C\2[C@H]([C@H](C)C=C2c3ccccc3)c4occc4,7.0,0.7,0.01,10.1002/anie.201408604,ODH,4064,ODH_charity_0616:row:4064,4.9,train,
22145,22145,CCCC(=O)O\C(c1ccccc1)=C\2[C@@H]([C@H](C)C=C2c3ccccc3)c4occc4,6.5,0.7,0.01,10.1002/anie.201408604,ODH,4065,ODH_charity_0616:row:4065,4.55,train,
22149,22149,CCCC(=O)O\C(c1ccccc1)=C\2[C@H]([C@H](C)C=C2c3ccccc3)c4cccc(F)c4,7.4,0.7,0.01,10.1002/anie.201408604,ODH,4066,ODH_charity_0616:row:4066,5.18,train,
22150,22150,CCCC(=O)O\C(c1ccccc1)=C\2[C@@H]([C@H](C)C=C2c3ccccc3)c4cccc(F)c4,6.5,0.7,0.01,10.1002/anie.201408604,ODH,4067,ODH_charity_0616:row:4067,4.55,train,
22153,22153,CCCC[C@@H]1Cc2ccccc2N1,7.9,1.0,0.01,10.1021/ja502020b,ODH,4068,ODH_charity_0616:row:4068,7.9,train,
22154,22154,CCCC[C@H]1Cc2ccccc2N1,6.5,1.0,0.01,10.1021/ja502020b,ODH,4069,ODH_charity_0616:row:4069,6.5,valid,
22157,22157,C[C@@H]1Cc2cc(F)ccc2N1,9.1,1.0,0.01,10.1021/ja502020b,ODH,4070,ODH_charity_0616:row:4070,9.1,train,
22158,22158,C[C@H]1Cc2cc(F)ccc2N1,6.5,1.0,0.01,10.1021/ja502020b,ODH,4071,ODH_charity_0616:row:4071,6.5,train,
22170,22170,O=C(O[C@H]1C[C@@H](C2=CC=C(Br)C=C2)N3C4=C1C=CC=C4CC[C@H]3C5=CC=C6C=CC=CC6=C5)NCC7=CC=CC=C7,11.83,1.0,0.3,10.1021/ol1006086,ODH,4072,ODH_charity_0616:row:4072,11.83,train,
22178,22178,O[C@H](CCC1)[C@@H](C2=CC=CC=C2OC)C31OCCO3,7.815,1.0,0.1,10.1021/acs.orglett.1c00044,ODH,4073,ODH_charity_0616:row:4073,7.815,train,
22179,22179,COc1ccccc1[C@](C)(CC(=C)c2ccccc2)C=O,7.085,1.0,0.1,10.1016/j.chempr.2018.03.010,ODH,4074,ODH_charity_0616:row:4074,7.085,train,
22180,22180,COc1ccccc1[C@@](C)(CC(=C)c2ccccc2)C=O,6.553,1.0,0.1,10.1016/j.chempr.2018.03.010,ODH,4075,ODH_charity_0616:row:4075,6.553,train,
22189,22189,CC[Si](CC)(CC)C[C@](C)(c1ccccc1)c2ccc(cc2)c3ccccc3,8.46,0.6,0.01,10.1002/anie.202106109,ODH,4076,ODH_charity_0616:row:4076,5.076,train,
22190,22190,CC[Si](CC)(CC)C[C@@](C)(c1ccccc1)c2ccc(cc2)c3ccccc3,6.57,0.6,0.01,10.1002/anie.202106109,ODH,4077,ODH_charity_0616:row:4077,3.942,train,
22192,22192,CC(=C)[C@@H](CCc1ccccc1)NCc2ccccc2,5.956,1.0,0.01,10.1021/jacs.1c04016,ODH,4078,ODH_charity_0616:row:4078,5.956,train,
22193,22193,CC(=C)[C@H](CCc1ccccc1)NCc2ccccc2,6.571,1.0,0.01,10.1021/jacs.1c04016,ODH,4079,ODH_charity_0616:row:4079,6.571,train,
22195,22195,C1Cc2cc3OC[C@@H](Oc3cc2C1)\C=C\c4ccccc4,7.67,1.0,0.1,10.1002/cjoc.201800540,ODH,4080,ODH_charity_0616:row:4080,7.67,train,
22196,22196,C1Cc2cc3OC[C@H](Oc3cc2C1)\C=C\c4ccccc4,6.58,1.0,0.1,10.1002/cjoc.201800540,ODH,4081,ODH_charity_0616:row:4081,6.58,train,
22208,22208,C[C@]1(C(=O)OCC=C)C(=O)Oc2ccc3ccccc3c12,14.2,1.0,0.05,10.1039/c6cc09451a,ODH,4082,ODH_charity_0616:row:4082,14.2,train,
22209,22209,C[C@@]1(C(=O)OCC=C)C(=O)Oc2ccc3ccccc3c12,6.6,1.0,0.05,10.1039/c6cc09451a,ODH,4083,ODH_charity_0616:row:4083,6.6,train,
22216,22216,C=C[C@]1(COC(=O)N1)c2ccccc2,6.0,1.0,0.25,10.1002/chem.201405830,ODH,4084,ODH_charity_0616:row:4084,6.0,test,
22217,22217,C=C[C@@]1(COC(=O)N1)c2ccccc2,6.6,1.0,0.25,10.1002/chem.201405830,ODH,4085,ODH_charity_0616:row:4085,6.6,train,
22222,22222,CN1CCc2ccccc2[C@H]1CCc3ccccc3,7.2,0.7,0.02,10.1039/C7QO00060J,ODH,4086,ODH_charity_0616:row:4086,5.04,train,
22223,22223,CN1CCc2ccccc2[C@@H]1CCc3ccccc3,6.6,0.7,0.02,10.1039/C7QO00060J,ODH,4087,ODH_charity_0616:row:4087,4.62,train,
22232,22232,COc1cccc(c1)[C@H](O)[C@@H](C=C)c2ccccc2,7.8,1.0,0.3,10.1021/acs.orglett.6b03378,ODH,4088,ODH_charity_0616:row:4088,7.8,train,
22238,22238,CCCC(=O)O\C(c1ccccc1)=C\2[C@H]([C@H](C)C=C2c3ccccc3)c4cccc(Br)c4,8.4,0.7,0.01,10.1002/anie.201408604,ODH,4089,ODH_charity_0616:row:4089,5.88,train,
22239,22239,CCCC(=O)O\C(c1ccccc1)=C\2[C@@H]([C@H](C)C=C2c3ccccc3)c4cccc(Br)c4,6.6,0.7,0.01,10.1002/anie.201408604,ODH,4090,ODH_charity_0616:row:4090,4.62,train,
22240,22240,C1CC[C@@H]2Nc3ccccc3C[C@H]2C1,9.5,0.8,0.1,10.1002/cjoc.202000409,ODH,4091,ODH_charity_0616:row:4091,7.6,train,
22254,22254,CC(C)(C)c1ccc(cc1)[P@@](=O)(OCc2ccccc2Br)c3ccccc3,6.05,0.8,0.2,10.1021/acs.orglett.0c01537,ODH,4092,ODH_charity_0616:row:4092,4.84,train,
22255,22255,CC(C)(C)c1ccc(cc1)[P@](=O)(OCc2ccccc2Br)c3ccccc3,6.65,0.8,0.2,10.1021/acs.orglett.0c01537,ODH,4093,ODH_charity_0616:row:4093,5.32,train,
22272,22272,Clc1cccc(\C=C\[C@H]2COc3ccccc3O2)c1,8.5,1.0,0.1,10.1002/cjoc.201800540,ODH,4094,ODH_charity_0616:row:4094,8.5,train,
22273,22273,Clc1cccc(\C=C\[C@@H]2COc3ccccc3O2)c1,6.69,1.0,0.1,10.1002/cjoc.201800540,ODH,4095,ODH_charity_0616:row:4095,6.69,train,
22274,22274,CC[C@@H](C#Cc1ccccc1)c2ccc(C)cc2,8.58,0.7,0.005,10.1002/anie.202006317,ODH,4096,ODH_charity_0616:row:4096,6.006,train,
22275,22275,CC[C@H](C#Cc1ccccc1)c2ccc(C)cc2,6.69,0.7,0.005,10.1002/anie.202006317,ODH,4097,ODH_charity_0616:row:4097,4.683,train,
22280,22280,N[C@H](C#Cc1ccccc1)C(F)(F)F,12.3,1.0,0.1,10.1021/acs.orglett.6b02283,ODH,4098,ODH_charity_0616:row:4098,12.3,train,
22281,22281,N[C@@H](C#Cc1ccccc1)C(F)(F)F,6.7,1.0,0.1,10.1021/acs.orglett.6b02283,ODH,4099,ODH_charity_0616:row:4099,6.7,train,
22284,22284,Cc1ccc(cc1)C2(SCCCS2)[C@@H](C=Cc3ccccc3)c4ccccc4,5.3,1.0,0.02,10.1021/acs.orglett.6b03161,ODH,4100,ODH_charity_0616:row:4100,5.3,train,
22285,22285,Cc1ccc(cc1)C2(SCCCS2)[C@H](C=Cc3ccccc3)c4ccccc4,6.7,1.0,0.02,10.1021/acs.orglett.6b03161,ODH,4101,ODH_charity_0616:row:4101,6.7,train,
22286,22286,Cc1ccc(C=C[C@@H](c2ccc(C)cc2)C3(SCCCS3)c4ccccc4)cc1,5.4,1.0,0.02,10.1021/acs.orglett.6b03161,ODH,4102,ODH_charity_0616:row:4102,5.4,train,
22287,22287,Cc1ccc(C=C[C@H](c2ccc(C)cc2)C3(SCCCS3)c4ccccc4)cc1,6.7,1.0,0.02,10.1021/acs.orglett.6b03161,ODH,4103,ODH_charity_0616:row:4103,6.7,train,
22291,22291,CC(C)(C)c1ccc(C[C@H](B2OC(C)(C)C(C)(C)O2)N3CCOC3=O)cc1,5.9,1.0,0.1,10.1021/acscatal.9b04543.,ODH,4104,ODH_charity_0616:row:4104,5.9,train,
22292,22292,CC(C)(C)c1ccc(C[C@@H](B2OC(C)(C)C(C)(C)O2)N3CCOC3=O)cc1,6.7,1.0,0.1,10.1021/acscatal.9b04543.,ODH,4105,ODH_charity_0616:row:4105,6.7,train,
22305,22305,CCCCCC(=O)O\C(c1ccccc1)=C\2[C@H]([C@H](CCC)C=C2c3ccccc3)c4cccc(OC)c4,7.7,0.7,0.01,10.1002/anie.201408604,ODH,4106,ODH_charity_0616:row:4106,5.39,train,
22306,22306,CCCCCC(=O)O\C(c1ccccc1)=C\2[C@@H]([C@H](CCC)C=C2c3ccccc3)c4cccc(OC)c4,6.7,0.7,0.01,10.1002/anie.201408604,ODH,4107,ODH_charity_0616:row:4107,4.69,train,
22309,22309,CCCCC[C@@H]1[C@@H](C(=O)OCC)C(=O)Oc2cc(OC)ccc12,7.8,1.0,0.05,10.1021/acs.orglett.1c00993,ODH,4108,ODH_charity_0616:row:4108,7.8,valid,
22312,22312,COc1ccccc1c2oc(C)c3Cc4ccccc4N5CCOC[C@H]5c23,8.1,0.8,0.2,10.1002/chem.201100019,ODH,4109,ODH_charity_0616:row:4109,6.48,test,
22313,22313,COc1ccccc1c2oc(C)c3Cc4ccccc4N5CCOC[C@@H]5c23,6.7,0.8,0.2,10.1002/chem.201100019,ODH,4110,ODH_charity_0616:row:4110,5.36,train,
22318,22318,COc1ccc(N[C@@H](C#CC(F)(F)C(F)(F)C(F)(F)F)c2ccccc2)cc1,9.0,0.8,0.05,10.1021/acs.orglett.6b02283,ODH,4111,ODH_charity_0616:row:4111,7.2,train,
22319,22319,COc1ccc(N[C@H](C#CC(F)(F)C(F)(F)C(F)(F)F)c2ccccc2)cc1,6.7,0.8,0.05,10.1021/acs.orglett.6b02283,ODH,4112,ODH_charity_0616:row:4112,5.36,train,
22321,22321,C1Oc2ccccc2O[C@H]1\C=C\c3ccccc3,8.34,1.0,0.1,10.1002/cjoc.201800540,ODH,4113,ODH_charity_0616:row:4113,8.34,train,
22322,22322,C1Oc2ccccc2O[C@@H]1\C=C\c3ccccc3,6.71,1.0,0.1,10.1002/cjoc.201800540,ODH,4114,ODH_charity_0616:row:4114,6.71,test,
22323,22323,C[C@@](C\C=C\C=C\c1ccccc1)(C=O)c2ccc(F)cc2,7.371,1.0,0.15,10.6023/A18060235,ODH,4115,ODH_charity_0616:row:4115,7.371,train,
22324,22324,C[C@](C\C=C\C=C\c1ccccc1)(C=O)c2ccc(F)cc2,6.711,1.0,0.15,10.6023/A18060235,ODH,4116,ODH_charity_0616:row:4116,6.711,train,
22327,22327,C=CCN[C@H](CCc1ccccc1)C=C,7.407,0.8,0.008,10.1021/acscatal.0c00712,ODH,4117,ODH_charity_0616:row:4117,5.9256,train,
22328,22328,C=CCN[C@@H](CCc1ccccc1)C=C,6.737,0.8,0.008,10.1021/acscatal.0c00712,ODH,4118,ODH_charity_0616:row:4118,5.3896,train,
22331,22331,Cc1cccc(/C=C/[C@H]2COc3cc(F)c(F)cc3O2)c1,7.99,1.0,0.1,10.1002/cjoc.201800540,ODH,4119,ODH_charity_0616:row:4119,7.99,train,
22332,22332,Cc1cccc(/C=C/[C@@H]2COc3cc(F)c(F)cc3O2)c1,6.74,1.0,0.1,10.1002/cjoc.201800540,ODH,4120,ODH_charity_0616:row:4120,6.74,train,
22333,22333,Cc1ccc(cc1)N2N=C(C)[C@@](C\C=C\c3ccccc3)(Cc4cccc(Cl)c4)C2=O,12.519,1.0,0.3,10.1021/jacs.6b08236,ODH,4121,ODH_charity_0616:row:4121,12.519,train,
22334,22334,Cc1ccc(cc1)N2N=C(C)[C@](C\C=C\c3ccccc3)(Cc4cccc(Cl)c4)C2=O,6.759,1.0,0.3,10.1021/jacs.6b08236,ODH,4122,ODH_charity_0616:row:4122,6.759,train,
22340,22340,CCc1ccc(cc1)[C@@]2(CC)N(c3cc(C)c(C)cc3C2=C)[S](=O)(=O)C(F)(F)F,5.6,1.0,0.0,10.1002/anie.201904805,ODH,4123,ODH_charity_0616:row:4123,5.6,train,
22341,22341,CCc1ccc(cc1)[C@]2(CC)N(c3cc(C)c(C)cc3C2=C)[S](=O)(=O)C(F)(F)F,6.78,1.0,0.0,10.1002/anie.201904805,ODH,4124,ODH_charity_0616:row:4124,6.78,train,
22343,22343,C[C@@H](O)C1CCCCC1,6.17,1.0,0.02,10.1039/C5CC00479A,ODH,4125,ODH_charity_0616:row:4125,6.17,test,
22344,22344,C[C@H](O)C1CCCCC1,6.79,1.0,0.02,10.1039/C5CC00479A,ODH,4126,ODH_charity_0616:row:4126,6.79,train,
22357,22357,CCOc1ccc2nc(SC[C@H](CN(Cc3ccccc3)Cc4ccccc4)c5ccccc5)sc2c1,6.3,1.0,0.1,10.1002/anie.201712395,ODH,4127,ODH_charity_0616:row:4127,6.3,train,
22358,22358,CCOc1ccc2nc(SC[C@@H](CN(Cc3ccccc3)Cc4ccccc4)c5ccccc5)sc2c1,6.8,1.0,0.1,10.1002/anie.201712395,ODH,4128,ODH_charity_0616:row:4128,6.8,train,
22363,22363,CCCC(=O)O\C(c1ccccc1)=C\2[C@H]([C@H](C)C=C2c3ccccc3)c4sccc4,7.5,0.7,0.01,10.1002/anie.201408604,ODH,4129,ODH_charity_0616:row:4129,5.25,train,
22364,22364,CCCC(=O)O\C(c1ccccc1)=C\2[C@@H]([C@H](C)C=C2c3ccccc3)c4sccc4,6.8,0.7,0.01,10.1002/anie.201408604,ODH,4130,ODH_charity_0616:row:4130,4.76,train,
22373,22373,C[C@@H](\C=C\c1ccccc1C#N)[C@@](C)(N)C(=O)OC(C)(C)C,7.7,1.0,0.05,10.1021/jacs.0c02150,ODH,4131,ODH_charity_0616:row:4131,7.7,valid,
22395,22395,COc1ccccc1\C=C\[C@H]2COc3ccccc3O2,7.73,1.0,0.1,10.1002/cjoc.201800540,ODH,4132,ODH_charity_0616:row:4132,7.73,test,
22396,22396,COc1ccccc1\C=C\[C@@H]2COc3ccccc3O2,6.83,1.0,0.1,10.1002/cjoc.201800540,ODH,4133,ODH_charity_0616:row:4133,6.83,train,
22401,22401,CC(C)(C)c1ccc(cc1)C2=C(C[C@@H](O2)C=C)C#N,8.112,1.0,0.01,10.1021/acs.orglett.0c01483,ODH,4134,ODH_charity_0616:row:4134,8.112,train,
22402,22402,CC(C)(C)c1ccc(cc1)C2=C(C[C@H](O2)C=C)C#N,6.841,1.0,0.01,10.1021/acs.orglett.0c01483,ODH,4135,ODH_charity_0616:row:4135,6.841,train,
22406,22406,COC(=O)[C@@H](SCc1ccccc1)c2ccccc2,6.43,1.0,0.1,10.1039/C3SC52807C,ODH,4136,ODH_charity_0616:row:4136,6.43,train,
22407,22407,COC(=O)[C@H](SCc1ccccc1)c2ccccc2,6.85,1.0,0.1,10.1039/C3SC52807C,ODH,4137,ODH_charity_0616:row:4137,6.85,train,
22408,22408,C[C@@H](C#Cc1ccccc1)c2ccc(c(F)c2)c3ccccc3,7.42,0.7,0.05,10.1002/anie.202006317,ODH,4138,ODH_charity_0616:row:4138,5.194,train,
22409,22409,C[C@H](C#Cc1ccccc1)c2ccc(c(F)c2)c3ccccc3,6.85,0.7,0.05,10.1002/anie.202006317,ODH,4139,ODH_charity_0616:row:4139,4.795,train,
22413,22413,Cc1ccc(cc1)[S](=O)(=O)N2CC(C[C@@H]2CBr)(c3ccccc3)c4ccccc4,8.78,1.0,0.3,10.1002/anie.201705066,ODH,4140,ODH_charity_0616:row:4140,8.78,train,
22414,22414,Cc1ccc(cc1)[S](=O)(=O)N2CC(C[C@H]2CBr)(c3ccccc3)c4ccccc4,6.86,1.0,0.3,10.1002/anie.201705066,ODH,4141,ODH_charity_0616:row:4141,6.86,train,
22415,22415,Cc1ccc(cc1)N2N=C(C)[C@@](C\C=C\c3ccccc3)(Cc4ccc(Cl)cc4)C2=O,13.611,1.0,0.3,10.1021/jacs.6b08236,ODH,4142,ODH_charity_0616:row:4142,13.611,valid,
22416,22416,Cc1ccc(cc1)N2N=C(C)[C@](C\C=C\c3ccccc3)(Cc4ccc(Cl)cc4)C2=O,6.87,1.0,0.3,10.1021/jacs.6b08236,ODH,4143,ODH_charity_0616:row:4143,6.87,train,
22422,22422,CCC[C@@H](NCCc1ccccc1)C(=C)CC,3.609,1.0,0.005,10.1021/jacs.1c04016,ODH,4144,ODH_charity_0616:row:4144,3.609,train,
22423,22423,CCC[C@H](NCCc1ccccc1)C(=C)CC,6.88,1.0,0.005,10.1021/jacs.1c04016,ODH,4145,ODH_charity_0616:row:4145,6.88,train,
22427,22427,CC(C)Cc1ccc(cc1)\C=C\2CC[C@H]2O,6.32,0.8,0.2,10.1021/acs.orglett.9b01514,ODH,4146,ODH_charity_0616:row:4146,5.056,train,
22428,22428,CC(C)Cc1ccc(cc1)\C=C\2CC[C@@H]2O,6.891,0.8,0.2,10.1021/acs.orglett.9b01514,ODH,4147,ODH_charity_0616:row:4147,5.5128,train,
22443,22443,CC(C)(C)[Si](C)(C)OC[C@@H](\C=C\c1ccccc1)c2ccccc2,6.2,1.0,0.005,10.1002/anie.201300188,ODH,4148,ODH_charity_0616:row:4148,6.2,train,
22444,22444,CC(C)(C)[Si](C)(C)OC[C@H](\C=C\c1ccccc1)c2ccccc2,6.9,1.0,0.005,10.1002/anie.201300188,ODH,4149,ODH_charity_0616:row:4149,6.9,train,
22447,22447,O[C@@H]/1CCCC1=C/c2cccc(Cl)c2,6.4,0.8,0.2,10.1021/acs.organomet.9b00366,ODH,4150,ODH_charity_0616:row:4150,5.12,train,
22448,22448,O[C@H]/1CCCC1=C/c2cccc(Cl)c2,6.9,0.8,0.2,10.1021/acs.organomet.9b00366,ODH,4151,ODH_charity_0616:row:4151,5.52,train,
22449,22449,C1CC[C@@H]2Nc3ccccc3C[C@@H]2C1,7.3,0.8,0.1,10.1002/cjoc.202000409,ODH,4152,ODH_charity_0616:row:4152,5.84,train,
22452,22452,CC(C)(C)[Si](C)(C)O[C@@H]1C[C@@H](CC(=O)C1(C)C)c2ccccc2,7.5,0.6,0.05,10.1021/acs.orglett.9b03622,ODH,4153,ODH_charity_0616:row:4153,4.5,train,
22459,22459,CCCC[C@H]1NCc2ccc(C)cc2[C@H]1F,7.7,0.8,0.1,10.1039/C3CC45341C,ODH,4154,ODH_charity_0616:row:4154,6.16,train,
22460,22460,CCCC[C@@H]1NCc2ccc(C)cc2[C@H]1F,6.9,0.8,0.1,10.1039/C3CC45341C,ODH,4155,ODH_charity_0616:row:4155,5.52,train,
22486,22486,CC[C@](C)(C\C=C\c1ccccc1)C=O,7.598,1.0,0.01,10.1021/acs.orglett.8b00740,ODH,4156,ODH_charity_0616:row:4156,7.598,train,
22487,22487,CC[C@@](C)(C\C=C\c1ccccc1)C=O,6.931,1.0,0.01,10.1021/acs.orglett.8b00740,ODH,4157,ODH_charity_0616:row:4157,6.931,train,
22490,22490,Cc1ccc(cc1)N2N=C(C)[C@@](C\C=C\c3ccccc3)(Cc4ccc(F)cc4)C2=O,13.877,1.0,0.3,10.1021/jacs.6b08236,ODH,4158,ODH_charity_0616:row:4158,13.877,train,
22491,22491,Cc1ccc(cc1)N2N=C(C)[C@](C\C=C\c3ccccc3)(Cc4ccc(F)cc4)C2=O,6.941,1.0,0.3,10.1021/jacs.6b08236,ODH,4159,ODH_charity_0616:row:4159,6.941,test,
22495,22495,C(Cc1ccccc1)[C@H]2COc3ccccc3O2,8.0,1.0,0.1,10.1002/cjoc.201800540,ODH,4160,ODH_charity_0616:row:4160,8.0,test,
22496,22496,C(Cc1ccccc1)[C@@H]2COc3ccccc3O2,6.95,1.0,0.1,10.1002/cjoc.201800540,ODH,4161,ODH_charity_0616:row:4161,6.95,train,
22497,22497,COC(=O)c1ccc(cc1)[C@@H]2C[C@H](NC(=O)OCc3ccccc3)c4cccc5CC[C@H](N2c45)c6ccccc6,9.07,1.0,0.3,10.1021/ol1006086,ODH,4162,ODH_charity_0616:row:4162,9.07,train,
22501,22501,CC(=O)[C@@]1(CO1)c2ccccc2Cl,8.26,1.0,0.1,10.1021/acs.orglett.1c02588,ODH,4163,ODH_charity_0616:row:4163,8.26,train,
22502,22502,CC(=O)[C@]1(CO1)c2ccccc2Cl,6.97,1.0,0.1,10.1021/acs.orglett.1c02588,ODH,4164,ODH_charity_0616:row:4164,6.97,train,
22508,22508,Clc1ccc2C[C@H](COc2c1)c3ccccc3,57.0,0.5,0.001,10.1021/acs.orglett.7b02341,ODH,4165,ODH_charity_0616:row:4165,28.5,train,
22509,22509,Clc1ccc2C[C@@H](COc2c1)c3ccccc3,60.1,0.5,0.001,10.1021/acs.orglett.7b02341,ODH,4166,ODH_charity_0616:row:4166,30.05,train,
22526,22526,CCOC(=O)[C@@]1(N[S](=O)(=O)c2ccccc12)C#Cc3sccc3,68.2,0.5,0.1,10.1039/c7cc02159c,ODH,4167,ODH_charity_0616:row:4167,34.1,train,
22527,22527,CCOC(=O)[C@]1(N[S](=O)(=O)c2ccccc12)C#Cc3sccc3,60.7,0.5,0.1,10.1039/c7cc02159c,ODH,4168,ODH_charity_0616:row:4168,30.35,test,
22542,22542,Cc1ccc(cc1)[S](=O)(=O)N2C(=O)[C@@H]([C@H](C=C2c3ccccc3)c4ccccc4)c5cccc6ccccc56,16.7,0.75,0.2,10.1021/ol300676w,ODH,4169,ODH_charity_0616:row:4169,12.525,train,
22545,22545,CCO[P](=O)(OCC)[C@@]12CC(=CC(=O)N1[S](=O)(=O)c3ccccc23)c4ccc(Br)cc4,49.6,0.8,0.2,10.1021/acs.orglett.8b02707,ODH,4170,ODH_charity_0616:row:4170,39.68,train,
22546,22546,CCO[P](=O)(OCC)[C@]12CC(=CC(=O)N1[S](=O)(=O)c3ccccc23)c4ccc(Br)cc4,61.7,0.8,0.2,10.1021/acs.orglett.8b02707,ODH,4171,ODH_charity_0616:row:4171,49.36,train,
22576,22576,O=C([C@H](Nc1ccccc1)c2ccc3OCOc3c2)c4ccc5OCOc5c4,25.46,1.0,0.2,10.1021/acs.orglett.0c01626,ODH,4172,ODH_charity_0616:row:4172,25.46,train,
22577,22577,O=C([C@@H](Nc1ccccc1)c2ccc3OCOc3c2)c4ccc5OCOc5c4,63.34,1.0,0.2,10.1021/acs.orglett.0c01626,ODH,4173,ODH_charity_0616:row:4173,63.34,excluded,official_RTv_gt_60
22603,22603,O=C([C@@H]1CCC=C[C@@H]1N2C(=O)c3ccccc3[S]2(=O)=O)c4ccccc4,44.62,0.5,0.1,10.1021/acs.orglett.6b03529,ODH,4174,ODH_charity_0616:row:4174,22.31,train,
22612,22612,O[C@@]1([C@H](C=C)c2ccc3OCOc3c2)C(=O)N(Cc4cccc5ccccc45)c6ccccc16,21.549,1.0,0.1,10.1021/acs.orglett.8b02655,ODH,4175,ODH_charity_0616:row:4175,21.549,train,
22614,22614,[O-][N+](=O)C[C@@H](c1ccccc1)c2ccc(Cl)cc2,43.5,1.0,0.05,10.1021/acs.orglett.5b00863,ODH,4176,ODH_charity_0616:row:4176,43.5,train,
22615,22615,[O-][N+](=O)C[C@H](c1ccccc1)c2ccc(Cl)cc2,65.4,1.0,0.05,10.1021/acs.orglett.5b00863,ODH,4177,ODH_charity_0616:row:4177,65.4,excluded,official_RTv_gt_60
22624,22624,CN1CCN[C@H](C1=O)c2ccccc2,40.8,1.0,0.1,10.1002/adsc.201700175,ODH,4178,ODH_charity_0616:row:4178,40.8,train,
22625,22625,CN1CCN[C@@H](C1=O)c2ccccc2,66.0,1.0,0.1,10.1002/adsc.201700175,ODH,4179,ODH_charity_0616:row:4179,66.0,excluded,official_RTv_gt_60
22653,22653,COC(=O)C[C@@H](O)c1ccc(OC)cc1,62.3,0.5,0.02,10.1021/ja511371a,ODH,4180,ODH_charity_0616:row:4180,31.15,train,
22654,22654,COC(=O)C[C@H](O)c1ccc(OC)cc1,68.2,0.5,0.02,10.1021/ja511371a,ODH,4181,ODH_charity_0616:row:4181,34.1,train,
22655,22655,O[C@@H]([C@H](C=C)c1ccccc1)C(=O)c2ccc3OCOc3c2,57.0,0.5,0.03,10.1021/jacs.6b06156,ODH,4182,ODH_charity_0616:row:4182,28.5,train,
22656,22656,O[C@@H]([C@H](C=C)c1ccccc1)C(=O)c2ccc3OCOc3c2,57.0,0.5,0.03,10.1021/jacs.6b06156,ODH,4183,ODH_charity_0616:row:4183,28.5,train,
22662,22662,COc1ccc(cc1)[C@@H]2CCN(C2)[S](=O)(=O)c3ccc(C)cc3,71.2,1.0,0.03,10.1039/C7QO00248C,ODH,4184,ODH_charity_0616:row:4184,71.2,excluded,official_RTv_gt_60
22663,22663,COc1ccc(cc1)[C@H]2CCN(C2)[S](=O)(=O)c3ccc(C)cc3,68.8,1.0,0.03,10.1039/C7QO00248C,ODH,4185,ODH_charity_0616:row:4185,68.8,excluded,official_RTv_gt_60
22672,22672,COc1ccc(cc1)C2=CC(=O)O[C@](C2)(c3ccccc3)C(F)(F)F,60.1,0.75,0.2,10.1021/ja303618z,ODH,4186,ODH_charity_0616:row:4186,45.075,train,
22673,22673,COc1ccc(cc1)C2=CC(=O)O[C@@](C2)(c3ccccc3)C(F)(F)F,69.5,0.75,0.2,10.1021/ja303618z,ODH,4187,ODH_charity_0616:row:4187,52.125,train,
22679,22679,C[C@]1(CC(=CC(=O)O1)c2ccccc2)C(F)(F)F,76.6,0.75,0.03,10.1021/ja303618z,ODH,4188,ODH_charity_0616:row:4188,57.45,train,
22680,22680,C[C@@]1(CC(=CC(=O)O1)c2ccccc2)C(F)(F)F,69.6,0.75,0.03,10.1021/ja303618z,ODH,4189,ODH_charity_0616:row:4189,52.2,train,
22683,22683,CCCC[C@H]1[C@H](C=C(OC1=O)c2ccccc2)c3ccccc3,38.7,0.75,0.001,10.1021/ol303035r,ODH,4190,ODH_charity_0616:row:4190,29.025,train,
22684,22684,CCCC[C@@H]1[C@H](C=C(OC1=O)c2ccccc2)c3ccccc3,69.9,0.75,0.001,10.1021/ol303035r,ODH,4191,ODH_charity_0616:row:4191,52.425,train,
22703,22703,CC(C)OC(=O)[C@H](F)\C=C\c1ccccc1,6.7,1.0,0.01,10.1002/anie.201204521,ODH,4192,ODH_charity_0616:row:4192,6.7,train,
22704,22704,CC(C)OC(=O)[C@@H](F)\C=C\c1ccccc1,7.0,1.0,0.01,10.1002/anie.201204521,ODH,4193,ODH_charity_0616:row:4193,7.0,train,
22707,22707,COc1ccc(N[C@H](C#CC2=CCCCC2)C(F)(F)F)cc1,7.8,0.8,0.05,10.1021/acs.orglett.6b02283,ODH,4194,ODH_charity_0616:row:4194,6.24,train,
22708,22708,COc1ccc(N[C@@H](C#CC2=CCCCC2)C(F)(F)F)cc1,7.0,0.8,0.05,10.1021/acs.orglett.6b02283,ODH,4195,ODH_charity_0616:row:4195,5.6,train,
22709,22709,COC(=O)N1C(=O)[C@@](C)([C@H](C=C)c2ccccc2)c3ccc(Cl)cc13,7.9,1.0,0.05,10.1002/chem.202101267.,ODH,4196,ODH_charity_0616:row:4196,7.9,train,
22715,22715,CCCCC[C@H]1NCc2ccccc2[C@H]1F,8.2,0.8,0.1,10.1039/C3CC45341C,ODH,4197,ODH_charity_0616:row:4197,6.56,train,
22716,22716,CCCCC[C@@H]1NCc2ccccc2[C@H]1F,7.0,0.8,0.1,10.1039/C3CC45341C,ODH,4198,ODH_charity_0616:row:4198,5.6,train,
22724,22724,CCc1cc([C@H](C(=O)OCc2ccccc2)c3ccccc3)c(CC)n1Cc4ccccc4,9.2,0.7,0.2,10.1039/C7QO00815E,ODH,4199,ODH_charity_0616:row:4199,6.44,train,
22725,22725,CCc1cc([C@@H](C(=O)OCc2ccccc2)c3ccccc3)c(CC)n1Cc4ccccc4,7.0,0.7,0.2,10.1039/C7QO00815E,ODH,4200,ODH_charity_0616:row:4200,4.9,train,
22735,22735,Cc1ccc(cc1)N2N=C(C)[C@@](C\C=C\c3ccccc3)(Cc4ccc(Br)cc4)C2=O,13.959,1.0,0.3,10.1021/jacs.6b08236,ODH,4201,ODH_charity_0616:row:4201,13.959,train,
22736,22736,Cc1ccc(cc1)N2N=C(C)[C@](C\C=C\c3ccccc3)(Cc4ccc(Br)cc4)C2=O,7.038,1.0,0.3,10.1021/jacs.6b08236,ODH,4202,ODH_charity_0616:row:4202,7.038,train,
22743,22743,CCOC(=O)N[C@H](C[C@](C)(NC(C)=O)c1ccccc1)c2ccccc2,8.98,1.0,0.1,10.1038/s41929/020/0460/y,ODH,4203,ODH_charity_0616:row:4203,8.98,train,
22744,22744,CCOC(=O)N[C@@H](C[C@](C)(NC(C)=O)c1ccccc1)c2ccccc2,7.05,1.0,0.1,10.1038/s41929/020/0460/y,ODH,4204,ODH_charity_0616:row:4204,7.05,train,
22747,22747,CC(C)c1ccc(C[C@](C)(C\C=C\C=C\c2ccccc2)C=O)cc1,7.55,1.0,0.08,10.1021/acs.orglett.8b00740,ODH,4205,ODH_charity_0616:row:4205,7.55,train,
22748,22748,CC(C)c1ccc(C[C@@](C)(C\C=C\C=C\c2ccccc2)C=O)cc1,7.053,1.0,0.08,10.1021/acs.orglett.8b00740,ODH,4206,ODH_charity_0616:row:4206,7.053,train,
22753,22753,CCCCCCCCCCCC[S@@](=O)c1ccccc1,5.97,1.0,0.1,10.1021/jacs.8b00178,ODH,4207,ODH_charity_0616:row:4207,5.97,train,
22754,22754,CCCCCCCCCCCC[S@](=O)c1ccccc1,7.07,1.0,0.1,10.1021/jacs.8b00178,ODH,4208,ODH_charity_0616:row:4208,7.07,train,
22757,22757,OC[C@H]1[C@@H]([C@H](CO)N2CCc3ccccc3[C@@H]12)c4ccccc4,8.382,1.0,0.2,10.1002/chem.202102476,ODH,4209,ODH_charity_0616:row:4209,8.382,unused_rounding,
22765,22765,Brc1ccc(cc1)[C@@H](Oc2ccccc2)C(=O)OCc3ccccc3,12.4,1.0,0.1,10.1021/acs.organomet.9b00219,ODH,4210,ODH_charity_0616:row:4210,12.4,train,
22766,22766,Brc1ccc(cc1)[C@H](Oc2ccccc2)C(=O)OCc3ccccc3,7.1,1.0,0.1,10.1021/acs.organomet.9b00219,ODH,4211,ODH_charity_0616:row:4211,7.1,valid,
22776,22776,Fc1cccc(c1)C2(SCCCS2)[C@@H](C=Cc3ccccc3)c4ccccc4,5.9,1.0,0.02,10.1021/acs.orglett.6b03161,ODH,4212,ODH_charity_0616:row:4212,5.9,train,
22777,22777,Fc1cccc(c1)C2(SCCCS2)[C@H](C=Cc3ccccc3)c4ccccc4,7.1,1.0,0.02,10.1021/acs.orglett.6b03161,ODH,4213,ODH_charity_0616:row:4213,7.1,train,
22788,22788,FC(F)(F)[C@@H]1Cc2ccccc2N[C@H]1C#Cc3ccccc3,8.0,0.7,0.3,10.1055/s/0033/1338661,ODH,4214,ODH_charity_0616:row:4214,5.6,train,
22801,22801,C[C@@](C/C=C/C=C/c1ccc(F)cc1)(C=O)c2ccccc2,7.783,1.0,0.05,10.1021/acs.orglett.8b00740,ODH,4215,ODH_charity_0616:row:4215,7.783,train,
22802,22802,C[C@](C/C=C/C=C/c1ccc(F)cc1)(C=O)c2ccccc2,7.107,1.0,0.05,10.1021/acs.orglett.8b00740,ODH,4216,ODH_charity_0616:row:4216,7.107,test,
22810,22810,Cc1ccccc1\C=C\[C@H]2COc3ccccc3O2,7.84,1.0,0.1,10.1002/cjoc.201800540,ODH,4217,ODH_charity_0616:row:4217,7.84,train,
22811,22811,Cc1ccccc1\C=C\[C@@H]2COc3ccccc3O2,7.12,1.0,0.1,10.1002/cjoc.201800540,ODH,4218,ODH_charity_0616:row:4218,7.12,train,
22818,22818,C[C@@H](C#Cc1ccccc1)c2ccc3Oc4ncccc4Cc3c2,8.24,1.0,0.2,10.1002/anie.202006317,ODH,4219,ODH_charity_0616:row:4219,8.24,test,
22819,22819,C[C@H](C#Cc1ccccc1)c2ccc3Oc4ncccc4Cc3c2,7.13,1.0,0.2,10.1002/anie.202006317,ODH,4220,ODH_charity_0616:row:4220,7.13,train,
22837,22837,C[C@@](C\C=C\C=C\c1ccccc1)(C=O)c2ccc(F)cc2,7.971,1.0,0.15,10.1021/acs.orglett.8b00740,ODH,4221,ODH_charity_0616:row:4221,7.971,train,
22838,22838,C[C@](C\C=C\C=C\c1ccccc1)(C=O)c2ccc(F)cc2,7.162,1.0,0.15,10.1021/acs.orglett.8b00740,ODH,4222,ODH_charity_0616:row:4222,7.162,train,
22846,22846,C[C@@](C\C=C\C=C\c1ccc(cc1)C(F)(F)F)(C=O)c2ccccc2,7.776,1.0,0.05,10.1021/acs.orglett.8b00740,ODH,4223,ODH_charity_0616:row:4223,7.776,train,
22847,22847,C[C@](C\C=C\C=C\c1ccc(cc1)C(F)(F)F)(C=O)c2ccccc2,7.191,1.0,0.05,10.1021/acs.orglett.8b00740,ODH,4224,ODH_charity_0616:row:4224,7.191,train,
22848,22848,C=C[C@@H](CCc1ccccc1)NCc2ccccc2,7.961,1.0,0.01,10.1021/acscatal.0c00712,ODH,4225,ODH_charity_0616:row:4225,7.961,train,
22849,22849,C=C[C@H](CCc1ccccc1)NCc2ccccc2,7.195,1.0,0.01,10.1021/acscatal.0c00712,ODH,4226,ODH_charity_0616:row:4226,7.195,train,
22854,22854,CC1(C)CCC[C@@H]1NC(=O)c2ccccc2,11.6,0.8,0.1,10.1021/ja5075745,ODH,4227,ODH_charity_0616:row:4227,9.28,train,
22855,22855,CC1(C)CCC[C@H]1NC(=O)c2ccccc2,7.2,0.8,0.1,10.1021/ja5075745,ODH,4228,ODH_charity_0616:row:4228,5.76,train,
22858,22858,CCOC(=O)[C@@H](Oc1ccccc1)c2ccccc2,15.4,1.0,0.03,10.1002/anie.201504483,ODH,4229,ODH_charity_0616:row:4229,15.4,train,
22859,22859,CCOC(=O)[C@H](Oc1ccccc1)c2ccccc2,7.2,1.0,0.03,10.1002/anie.201504483,ODH,4230,ODH_charity_0616:row:4230,7.2,train,
22869,22869,CC(C)(C)OC(=O)N1[C@H]2CC[C@@H](C=C2)N1C(=O)Nc3ccc(Cl)cc3,6.5,1.0,0.1,10.1021/ja3110472,ODH,4231,ODH_charity_0616:row:4231,6.5,excluded,official_bad_conformer
22874,22874,COc1ccc(\C=C\[C@H]2COc3cc4CCCc4cc3O2)cc1,7.81,1.0,0.1,10.1002/cjoc.201800540,ODH,4232,ODH_charity_0616:row:4232,7.81,train,
22875,22875,COc1ccc(\C=C\[C@@H]2COc3cc4CCCc4cc3O2)cc1,7.2,1.0,0.1,10.1002/cjoc.201800540,ODH,4233,ODH_charity_0616:row:4233,7.2,train,
22878,22878,COC(=O)[C@H](c1ccc(Cl)cc1)c2cn(c3ccccc23)[Si](C)(C)C(C)(C)C,8.1,0.6,0.02,10.1002/anie.201504483,ODH,4234,ODH_charity_0616:row:4234,4.86,test,
22879,22879,COC(=O)[C@@H](c1ccc(Cl)cc1)c2cn(c3ccccc23)[Si](C)(C)C(C)(C)C,7.2,0.6,0.02,10.1002/anie.201504483,ODH,4235,ODH_charity_0616:row:4235,4.32,train,
22898,22898,C[C@@H]1Cc2cc(C)ccc2N1,9.2,1.0,0.01,10.1021/ja502020b,ODH,4236,ODH_charity_0616:row:4236,9.2,train,
22899,22899,C[C@H]1Cc2cc(C)ccc2N1,7.2,1.0,0.01,10.1021/ja502020b,ODH,4237,ODH_charity_0616:row:4237,7.2,train,
22906,22906,C[C@H](NC(=O)OC(C)(C)C)[C@H](O)c1ccccc1,7.84,0.8,0.08,10.1021/jacs.1c07726,ODH,4238,ODH_charity_0616:row:4238,6.272,train,
22907,22907,C[C@@H](NC(=O)OC(C)(C)C)[C@H](O)c1ccccc1,7.21,0.8,0.08,10.1021/jacs.1c07726,ODH,4239,ODH_charity_0616:row:4239,5.768,train,
22908,22908,C[C@@](C/C=C/C=C/c1ccc(F)cc1)(C=O)c2ccccc2,7.866,1.0,0.05,10.6023/A18060235,ODH,4240,ODH_charity_0616:row:4240,7.866,train,
22909,22909,C[C@](C/C=C/C=C/c1ccc(F)cc1)(C=O)c2ccccc2,7.212,1.0,0.05,10.6023/A18060235,ODH,4241,ODH_charity_0616:row:4241,7.212,train,
22914,22914,COC(=O)[C@@H](SCc1ccccc1)c2ccc(C)cc2,7.81,1.0,0.05,10.1039/C3SC52807C,ODH,4242,ODH_charity_0616:row:4242,7.81,train,
22915,22915,COC(=O)[C@H](SCc1ccccc1)c2ccc(C)cc2,7.23,1.0,0.05,10.1039/C3SC52807C,ODH,4243,ODH_charity_0616:row:4243,7.23,train,
22920,22920,CC(C)(C)c1ccc(cc1)[P@@](=O)(OCc2ccc(I)cc2)c3ccccc3,6.46,0.8,0.2,10.1021/acs.orglett.0c01537,ODH,4244,ODH_charity_0616:row:4244,5.168,train,
22921,22921,CC(C)(C)c1ccc(cc1)[P@](=O)(OCc2ccc(I)cc2)c3ccccc3,7.26,0.8,0.2,10.1021/acs.orglett.0c01537,ODH,4245,ODH_charity_0616:row:4245,5.808,train,
22928,22928,CC[C@H](c1ccccc1)c2cc(cc(c2)c3ccccc3)c4ccccc4,6.54,1.0,0.005,10.1021/jacs.0c09125,ODH,4246,ODH_charity_0616:row:4246,6.54,train,
22929,22929,CC[C@@H](c1ccccc1)c2cc(cc(c2)c3ccccc3)c4ccccc4,7.27,1.0,0.005,10.1021/jacs.0c09125,ODH,4247,ODH_charity_0616:row:4247,7.27,train,
22938,22938,CC1(C)OC[C@@H](CO)Oc2ccc(OCC=C)cc12,10.4,1.0,0.1,10.1021/acs.orglett.9b04244,ODH,4248,ODH_charity_0616:row:4248,10.4,train,
22939,22939,CC1(C)OC[C@H](CO)Oc2ccc(OCC=C)cc12,7.3,1.0,0.1,10.1021/acs.orglett.9b04244,ODH,4249,ODH_charity_0616:row:4249,7.3,train,
22945,22945,O=C(OCc1ccccc1)[C@H](Oc2ccccc2)c3ccc(cc3)c4ccccc4,12.9,1.0,0.2,10.1021/acs.organomet.9b00219,ODH,4250,ODH_charity_0616:row:4250,12.9,train,
22946,22946,O=C(OCc1ccccc1)[C@@H](Oc2ccccc2)c3ccc(cc3)c4ccccc4,7.3,1.0,0.2,10.1021/acs.organomet.9b00219,ODH,4251,ODH_charity_0616:row:4251,7.3,train,
22949,22949,Fc1ccc(cc1)[C@@H](Oc2ccccc2)C(=O)OCc3ccccc3,14.0,1.0,0.1,10.1021/acs.organomet.9b00219,ODH,4252,ODH_charity_0616:row:4252,14.0,test,
22950,22950,Fc1ccc(cc1)[C@H](Oc2ccccc2)C(=O)OCc3ccccc3,7.3,1.0,0.1,10.1021/acs.organomet.9b00219,ODH,4253,ODH_charity_0616:row:4253,7.3,train,
22966,22966,COC(=O)N1C(=O)[C@@](C)([C@H](C=C)c2ccccc2)c3ccc(F)cc13,7.9,1.0,0.05,10.1002/chem.202101267.,ODH,4254,ODH_charity_0616:row:4254,7.9,train,
22967,22967,C[C@@H]1Cc2cc(C)cc(C)c2N1,8.1,1.0,0.01,10.1039/C8QO00710A,ODH,4255,ODH_charity_0616:row:4255,8.1,train,
22968,22968,C[C@H]1Cc2cc(C)cc(C)c2N1,7.3,1.0,0.01,10.1039/C8QO00710A,ODH,4256,ODH_charity_0616:row:4256,7.3,train,
22971,22971,CCCC(=O)O\C(c1ccccc1)=C\2[C@H]([C@H](C)C=C2c3ccccc3)c4cccc(OC)c4,8.3,0.7,0.01,10.1002/anie.201408604,ODH,4257,ODH_charity_0616:row:4257,5.81,train,
22972,22972,CCCC(=O)O\C(c1ccccc1)=C\2[C@@H]([C@H](C)C=C2c3ccccc3)c4cccc(OC)c4,7.3,0.7,0.01,10.1002/anie.201408604,ODH,4258,ODH_charity_0616:row:4258,5.11,train,
22973,22973,COc1cccc(c1)[C@H]2[C@H](C)C=C([C@H]2C(=O)c3ccc(Br)cc3)c4ccc(Br)cc4,8.3,0.75,0.1,10.1002/anie.201408604,ODH,4259,ODH_charity_0616:row:4259,6.225,train,
22980,22980,CCCC[C@H]1NCc2ccccc2[C@H]1F,8.9,0.8,0.1,10.1039/C3CC45341C,ODH,4260,ODH_charity_0616:row:4260,7.12,train,
22981,22981,CCCC[C@@H]1NCc2ccccc2[C@H]1F,7.3,0.8,0.1,10.1039/C3CC45341C,ODH,4261,ODH_charity_0616:row:4261,5.84,train,
22984,22984,COc1ccc(N[C@H](C#Cc2ccccc2)C(F)(F)C(F)(F)F)cc1,9.8,0.8,0.05,10.1021/acs.orglett.6b02283,ODH,4262,ODH_charity_0616:row:4262,7.84,train,
22985,22985,COc1ccc(N[C@@H](C#Cc2ccccc2)C(F)(F)C(F)(F)F)cc1,7.3,0.8,0.05,10.1021/acs.orglett.6b02283,ODH,4263,ODH_charity_0616:row:4263,5.84,train,
22999,22999,O[C@@H]/1CCCC1=C/c2ccc(Cl)cc2,6.6,1.0,0.1,10.1021/acs.orglett.8b02591,ODH,4264,ODH_charity_0616:row:4264,6.6,train,
23000,23000,O[C@H]/1CCCC1=C/c2ccc(Cl)cc2,7.35,1.0,0.1,10.1021/acs.orglett.8b02591,ODH,4265,ODH_charity_0616:row:4265,7.35,train,
23007,23007,Cc1ccc(/C=C/C=C/C[C@](C)(C=O)c2ccccc2)cc1,8.433,1.0,0.05,10.6023/A18060235,ODH,4266,ODH_charity_0616:row:4266,8.433,train,
23008,23008,Cc1ccc(/C=C/C=C/C[C@@](C)(C=O)c2ccccc2)cc1,7.365,1.0,0.05,10.6023/A18060235,ODH,4267,ODH_charity_0616:row:4267,7.365,train,
23029,23029,COC(=O)[C@@H]1Nc2ccccc2C[C@@H]1C,11.6,0.7,0.3,10.1021/acs.orglett.1c03430,ODH,4268,ODH_charity_0616:row:4268,8.12,train,
23030,23030,CCOC(=O)[C@H](Oc1ccccc1)c2ccccc2,15.6,1.0,0.03,10.1021/acs.organomet.9b00219,ODH,4269,ODH_charity_0616:row:4269,15.6,train,
23031,23031,CCOC(=O)[C@@H](Oc1ccccc1)c2ccccc2,7.4,1.0,0.03,10.1021/acs.organomet.9b00219,ODH,4270,ODH_charity_0616:row:4270,7.4,train,
23040,23040,CCOC(=O)[C@H](F)\C=C\c1ccccc1,7.0,1.0,0.03,10.1002/anie.201204521,ODH,4271,ODH_charity_0616:row:4271,7.0,train,
23041,23041,CCOC(=O)[C@@H](F)\C=C\c1ccccc1,7.4,1.0,0.03,10.1002/anie.201204521,ODH,4272,ODH_charity_0616:row:4272,7.4,train,
23044,23044,CC(C)OC(=O)[C@@]1(CCC(=O)O1)c2ccccc2,8.1,0.75,0.2,10.1002/chem.201501481,ODH,4273,ODH_charity_0616:row:4273,6.075,train,
23045,23045,CC(C)OC(=O)[C@]1(CCC(=O)O1)c2ccccc2,7.4,0.75,0.2,10.1002/chem.201501481,ODH,4274,ODH_charity_0616:row:4274,5.55,train,
23053,23053,Cc1ccccc1N2[C@H](COC2=O)C=C,8.8,1.0,0.2,10.1002/chem.201405830,ODH,4275,ODH_charity_0616:row:4275,8.8,train,
23054,23054,Cc1ccccc1N2[C@@H](COC2=O)C=C,7.4,1.0,0.2,10.1002/chem.201405830,ODH,4276,ODH_charity_0616:row:4276,7.4,train,
23055,23055,COc1ccc(cc1)c2oc(C)c3Cc4ccccc4N5CCCC[C@H]5c23,9.2,0.6,0.1,10.1002/chem.201100019,ODH,4277,ODH_charity_0616:row:4277,5.52,train,
23056,23056,COc1ccc(cc1)c2oc(C)c3Cc4ccccc4N5CCCC[C@@H]5c23,7.4,0.6,0.1,10.1002/chem.201100019,ODH,4278,ODH_charity_0616:row:4278,4.44,train,
23057,23057,CCCC(=O)O\C(c1ccccc1)=C\2[C@H]([C@H](C)C=C2c3ccccc3)c4ccc5ccccc5c4,9.5,0.7,0.01,10.1002/anie.201408604,ODH,4279,ODH_charity_0616:row:4279,6.65,train,
23058,23058,CCCC(=O)O\C(c1ccccc1)=C\2[C@@H]([C@H](C)C=C2c3ccccc3)c4ccc5ccccc5c4,7.4,0.7,0.01,10.1002/anie.201408604,ODH,4280,ODH_charity_0616:row:4280,5.18,train,
23066,23066,CC#CC[C@@H](C#Cc1ccccc1)c2ccccc2,6.53,0.7,0.01,10.1002/anie.202006317,ODH,4281,ODH_charity_0616:row:4281,4.571,train,
23067,23067,CC#CC[C@H](C#Cc1ccccc1)c2ccccc2,7.43,0.7,0.01,10.1002/anie.202006317,ODH,4282,ODH_charity_0616:row:4282,5.201,train,
23068,23068,C=C[C@@H](CCc1ccccc1)NCc2ccccc2,8.12,1.0,0.01,10.1021/jacs.9b06035,ODH,4283,ODH_charity_0616:row:4283,8.12,train,
23069,23069,C=C[C@H](CCc1ccccc1)NCc2ccccc2,7.43,1.0,0.01,10.1021/jacs.9b06035,ODH,4284,ODH_charity_0616:row:4284,7.43,train,
23074,23074,CCOC(=O)[C@@H](C)Oc1ccc2ccccc2c1,6.69,1.0,0.1,10.1021/ja074729k,ODH,4285,ODH_charity_0616:row:4285,6.69,train,
23075,23075,CCOC(=O)[C@H](C)Oc1ccc2ccccc2c1,7.44,1.0,0.1,10.1021/ja074729k,ODH,4286,ODH_charity_0616:row:4286,7.44,train,
23087,23087,FC(F)(F)Oc1ccc(cc1)C2=C(C[C@@H](O2)C=C)C#N,8.713,1.0,0.01,10.1021/acs.orglett.0c01483,ODH,4287,ODH_charity_0616:row:4287,8.713,train,
23088,23088,FC(F)(F)Oc1ccc(cc1)C2=C(C[C@H](O2)C=C)C#N,7.466,1.0,0.01,10.1021/acs.orglett.0c01483,ODH,4288,ODH_charity_0616:row:4288,7.466,train,
23100,23100,C1Cc2ccccc2[C@H](N1)c3ccccc3,11.0,1.0,0.1,10.1002/anie.201208300,ODH,4289,ODH_charity_0616:row:4289,11.0,train,
23101,23101,C1Cc2ccccc2[C@@H](N1)c3ccccc3,7.5,1.0,0.1,10.1002/anie.201208300,ODH,4290,ODH_charity_0616:row:4290,7.5,train,
23123,23123,ClC[C@H]1COc2ccccc2O1,8.2,1.0,0.03,10.1002/anie.201601844,ODH,4291,ODH_charity_0616:row:4291,8.2,train,
23124,23124,ClC[C@@H]1COc2ccccc2O1,7.5,1.0,0.03,10.1002/anie.201601844,ODH,4292,ODH_charity_0616:row:4292,7.5,train,
23133,23133,CCC[C@@H](Nc1ccccc1)C=C,8.51,1.0,0.001,10.1021/jacs.9b06035,ODH,4293,ODH_charity_0616:row:4293,8.51,train,
23134,23134,CCC[C@H](Nc1ccccc1)C=C,7.5,1.0,0.001,10.1021/jacs.9b06035,ODH,4294,ODH_charity_0616:row:4294,7.5,train,
23135,23135,CCCCc1oc(C)c2Cc3ccccc3N4CCOC[C@H]4c12,8.7,0.6,0.05,10.1002/chem.201100019,ODH,4295,ODH_charity_0616:row:4295,5.22,train,
23136,23136,CCCCc1oc(C)c2Cc3ccccc3N4CCOC[C@@H]4c12,7.5,0.6,0.05,10.1002/chem.201100019,ODH,4296,ODH_charity_0616:row:4296,4.5,train,
23140,23140,O[C@@H]1CC[C@@H](N(C1)Cc2ccccc2)c3ccccc3,9.0,0.6,0.15,10.1021/acscatal.5b02625,ODH,4297,ODH_charity_0616:row:4297,5.4,train,
23143,23143,S=C1N[C@@H](c2ccccc2)c3ccccc3N1,9.6,1.0,0.2,10.1039/C9QO00443B,ODH,4298,ODH_charity_0616:row:4298,9.6,train,
23144,23144,S=C1N[C@H](c2ccccc2)c3ccccc3N1,7.5,1.0,0.2,10.1039/C9QO00443B,ODH,4299,ODH_charity_0616:row:4299,7.5,train,
23151,23151,CCC(=C)[C@@H](C)Nc1ccc(OC)cc1,6.738,1.0,0.005,10.1021/jacs.1c04016,ODH,4300,ODH_charity_0616:row:4300,6.738,train,
23152,23152,CCC(=C)[C@H](C)Nc1ccc(OC)cc1,7.525,1.0,0.005,10.1021/jacs.1c04016,ODH,4301,ODH_charity_0616:row:4301,7.525,train,
23161,23161,C[C@@](C\C=C\C=C\c1ccccc1)(C=O)c2ccccc2,8.531,1.0,0.1,10.1021/acs.orglett.8b00740,ODH,4302,ODH_charity_0616:row:4302,8.531,train,
23162,23162,C[C@](C\C=C\C=C\c1ccccc1)(C=O)c2ccccc2,7.54,1.0,0.1,10.1021/acs.orglett.8b00740,ODH,4303,ODH_charity_0616:row:4303,7.54,train,
23176,23176,COC(=O)[C@H]1[C@H]([C@@H]([C@H]2N1CCc3ccccc23)C(=O)n4nc(C)cc4C)c5cccc(Br)c5,5.769,1.0,0.1,10.1002/chem.202102476,ODH,4304,ODH_charity_0616:row:4304,5.769,train,
23177,23177,Cc1ccc(cc1)[S](=O)(=O)N2C[C@@H](C=C)N(c3cc(C)c(C)cc3C2=O)[S](C)(=O)=O,23.58,1.0,0.3,10.1021/acscatal.1c04541,ODH,4305,ODH_charity_0616:row:4305,23.58,train,
23178,23178,Cc1ccc(cc1)[S](=O)(=O)N2C[C@H](C=C)N(c3cc(C)c(C)cc3C2=O)[S](C)(=O)=O,7.56,1.0,0.3,10.1021/acscatal.1c04541,ODH,4306,ODH_charity_0616:row:4306,7.56,train,
23182,23182,Cc1ccc(cc1)[C@](C)(C\C=C\C=C\c2ccccc2)C=O,8.902,1.0,0.05,10.6023/A18060235,ODH,4307,ODH_charity_0616:row:4307,8.902,train,
23183,23183,Cc1ccc(cc1)[C@@](C)(C\C=C\C=C\c2ccccc2)C=O,7.564,1.0,0.05,10.6023/A18060235,ODH,4308,ODH_charity_0616:row:4308,7.564,train,
23184,23184,COC(=O)[C@H]1[C@H]([C@@H]([C@H]2N1CCc3ccccc23)C(=O)n4nc(C)cc4C)c5sccc5,6.256,1.0,0.1,10.1002/chem.202102476,ODH,4309,ODH_charity_0616:row:4309,6.256,train,
23197,23197,Cc1ccc(cc1)[C@](C)(C\C=C\C=C\c2ccccc2)C=O,8.916,1.0,0.05,10.1021/acs.orglett.8b00740,ODH,4310,ODH_charity_0616:row:4310,8.916,valid,
23198,23198,Cc1ccc(cc1)[C@@](C)(C\C=C\C=C\c2ccccc2)C=O,7.586,1.0,0.05,10.1021/acs.orglett.8b00740,ODH,4311,ODH_charity_0616:row:4311,7.586,test,
23213,23213,COc1ccc(cc1)[C@H]2Cc3ccccc3[C@H](N2)c4ccccc4,10.3,0.8,0.05,10.1021/acs.orglett.7b02502,ODH,4312,ODH_charity_0616:row:4312,8.24,train,
23214,23214,COc1ccc(cc1)[C@@H]2Cc3ccccc3[C@H](N2)c4ccccc4,7.6,0.8,0.05,10.1021/acs.orglett.7b02502,ODH,4313,ODH_charity_0616:row:4313,6.08,train,
23232,23232,F[C@H](\C=C\c1ccccc1)C(=O)OCC=C,7.3,1.0,0.03,10.1002/anie.201204521,ODH,4314,ODH_charity_0616:row:4314,7.3,train,
23233,23233,F[C@@H](\C=C\c1ccccc1)C(=O)OCC=C,7.6,1.0,0.03,10.1002/anie.201204521,ODH,4315,ODH_charity_0616:row:4315,7.6,train,
23245,23245,C[C@H]1Nc2ccccc2OC1=O,8.6,0.7,0.3,10.1039/D0CC03091K,ODH,4316,ODH_charity_0616:row:4316,6.02,train,
23246,23246,C[C@@H]1Nc2ccccc2OC1=O,7.6,0.7,0.3,10.1039/D0CC03091K,ODH,4317,ODH_charity_0616:row:4317,5.32,train,
23247,23247,CCC[C@H]1NCc2ccc(C)cc2[C@H]1F,8.6,0.8,0.1,10.1039/C3CC45341C,ODH,4318,ODH_charity_0616:row:4318,6.88,train,
23248,23248,CCC[C@@H]1NCc2ccc(C)cc2[C@H]1F,7.6,0.8,0.1,10.1039/C3CC45341C,ODH,4319,ODH_charity_0616:row:4319,6.08,train,
23265,23265,Cc1ccc(/C=C/C=C/C[C@](C)(C=O)c2ccccc2)cc1,8.707,1.0,0.05,10.1021/acs.orglett.8b00740,ODH,4320,ODH_charity_0616:row:4320,8.707,train,
23266,23266,Cc1ccc(/C=C/C=C/C[C@@](C)(C=O)c2ccccc2)cc1,7.605,1.0,0.05,10.1021/acs.orglett.8b00740,ODH,4321,ODH_charity_0616:row:4321,7.605,train,
23276,23276,CC(C)(C)c1ccc(\C=C\C=C\C[C@](C)(C=O)c2ccccc2)cc1,8.362,1.0,0.02,10.1021/acs.orglett.8b00740,ODH,4322,ODH_charity_0616:row:4322,8.362,train,
23277,23277,CC(C)(C)c1ccc(\C=C\C=C\C[C@@](C)(C=O)c2ccccc2)cc1,7.622,1.0,0.02,10.1021/acs.orglett.8b00740,ODH,4323,ODH_charity_0616:row:4323,7.622,test,
23280,23280,CC(C)(C)OC(=O)[C@](O)(SCc1ccccc1)[Si](C)(C)c2ccccc2,13.93,1.0,0.01,10.1039/D1SC01096D,ODH,4324,ODH_charity_0616:row:4324,13.93,train,
23281,23281,CC(C)(C)OC(=O)[C@@](O)(SCc1ccccc1)[Si](C)(C)c2ccccc2,7.63,1.0,0.01,10.1039/D1SC01096D,ODH,4325,ODH_charity_0616:row:4325,7.63,valid,
23286,23286,CCC[C@@H](Oc1ccccc1)C=C,7.965,0.5,0.001,10.1021/acscatal.0c00712,ODH,4326,ODH_charity_0616:row:4326,3.9825,train,
23287,23287,CCC[C@H](Oc1ccccc1)C=C,7.632,0.5,0.001,10.1021/acscatal.0c00712,ODH,4327,ODH_charity_0616:row:4327,3.816,train,
23290,23290,CC[C@@H](C#Cc1ccccc1)c2ccc(cc2)C(=O)OC,9.22,0.7,0.03,10.1002/anie.202006317,ODH,4328,ODH_charity_0616:row:4328,6.454,train,
23291,23291,CC[C@H](C#Cc1ccccc1)c2ccc(cc2)C(=O)OC,7.64,0.7,0.03,10.1002/anie.202006317,ODH,4329,ODH_charity_0616:row:4329,5.348,train,
23296,23296,COC(=O)[C@H](O)c1ccc(Br)cc1,7.07,2.0,0.06,10.1002/anie.200704651,ODH,4330,ODH_charity_0616:row:4330,14.14,train,
23297,23297,COC(=O)[C@@H](O)c1ccc(Br)cc1,7.65,2.0,0.06,10.1002/anie.200704651,ODH,4331,ODH_charity_0616:row:4331,15.3,train,
23300,23300,C=C[C@@H](CCc1ccccc1)C(CC2CCCCC2)(C#N)C#N,6.88,1.0,0.01,10.1021/acs.orglett.0c00962,ODH,4332,ODH_charity_0616:row:4332,6.88,train,
23301,23301,C=C[C@H](CCc1ccccc1)C(CC2CCCCC2)(C#N)C#N,7.66,1.0,0.01,10.1021/acs.orglett.0c00962,ODH,4333,ODH_charity_0616:row:4333,7.66,valid,
23312,23312,O[C@@H]/1CCC1=C/c2cccc(Br)c2,6.805,0.8,0.2,10.1021/acs.orglett.9b01514,ODH,4334,ODH_charity_0616:row:4334,5.444,train,
23313,23313,O[C@H]/1CCC1=C/c2cccc(Br)c2,7.684,0.8,0.2,10.1021/acs.orglett.9b01514,ODH,4335,ODH_charity_0616:row:4335,6.1472,train,
23317,23317,O[C@H](CCC(=O)Nc1ccccc1)c2ccccc2,8.73,0.8,0.3,10.1002/adsc.201801186,ODH,4336,ODH_charity_0616:row:4336,6.984,train,
23318,23318,O[C@@H](CCC(=O)Nc1ccccc1)c2ccccc2,7.69,0.8,0.3,10.1002/adsc.201801186,ODH,4337,ODH_charity_0616:row:4337,6.152,train,
23319,23319,COc1cc2[C@H](c3ccc(C)cc3)C(=C(N)Oc2c4ccccc14)C#N,10.2,0.7,0.3,10.1021/acs.orglett.5b03148,ODH,4338,ODH_charity_0616:row:4338,7.14,train,
23320,23320,COc1cc2[C@@H](c3ccc(C)cc3)C(=C(N)Oc2c4ccccc14)C#N,7.7,0.7,0.3,10.1021/acs.orglett.5b03148,ODH,4339,ODH_charity_0616:row:4339,5.39,train,
23325,23325,CCOC(=O)[C@](C)(N)[C@@H](C)\C=C\c1ccccc1,13.7,1.0,0.05,10.1021/jacs.0c02150,ODH,4340,ODH_charity_0616:row:4340,13.7,valid,
23327,23327,Cc1ccc2O[C@H]3OCC[C@H]3c2c1,6.6,1.0,0.02,10.1039/D0SC01391A,ODH,4341,ODH_charity_0616:row:4341,6.6,train,
23328,23328,Cc1ccc2O[C@@H]3OCC[C@H]3c2c1,7.7,1.0,0.02,10.1039/D0SC01391A,ODH,4342,ODH_charity_0616:row:4342,7.7,train,
23360,23360,CCC[C@@H]1Cc2ccccc2N1,9.2,1.0,0.05,10.1039/C8QO00710A,ODH,4343,ODH_charity_0616:row:4343,9.2,train,
23361,23361,CCC[C@H]1Cc2ccccc2N1,7.7,1.0,0.05,10.1039/C8QO00710A,ODH,4344,ODH_charity_0616:row:4344,7.7,train,
23366,23366,COC(=O)[C@H]1[C@H]([C@@H]([C@H]2N1CCc3ccccc23)C(=O)n4nc(C)cc4C)c5ccc(C)cc5,6.633,1.0,0.05,10.1002/chem.202102476,ODH,4345,ODH_charity_0616:row:4345,6.633,train,
23415,23415,CC[C@@H](C#Cc1ccccc1)c2ccc(Cl)cc2,11.23,0.7,0.005,10.1002/anie.202006317,ODH,4346,ODH_charity_0616:row:4346,7.861,train,
23416,23416,CC[C@H](C#Cc1ccccc1)c2ccc(Cl)cc2,7.79,0.7,0.005,10.1002/anie.202006317,ODH,4347,ODH_charity_0616:row:4347,5.453,train,
23417,23417,Cc1ccc(cc1)[S](=O)(=O)N2C[C@@H](C=C)N(c3cc(C)ccc3C2=O)[S](C)(=O)=O,15.34,1.0,0.3,10.1021/acscatal.1c04541,ODH,4348,ODH_charity_0616:row:4348,15.34,train,
23418,23418,Cc1ccc(cc1)[S](=O)(=O)N2C[C@H](C=C)N(c3cc(C)ccc3C2=O)[S](C)(=O)=O,7.79,1.0,0.3,10.1021/acscatal.1c04541,ODH,4349,ODH_charity_0616:row:4349,7.79,train,
23421,23421,CCCC[C@@](NC(=O)c1ccccc1)(C(=O)NCCC(=O)OC)C(=O)OCc2ccccc2,11.1,1.0,0.2,10.1039/D0SC00808G,ODH,4350,ODH_charity_0616:row:4350,11.1,train,
23422,23422,CCCC[C@](NC(=O)c1ccccc1)(C(=O)NCCC(=O)OC)C(=O)OCc2ccccc2,7.8,1.0,0.2,10.1039/D0SC00808G,ODH,4351,ODH_charity_0616:row:4351,7.8,train,
23423,23423,C[C@]1(C(=O)OCC=C)C(=O)N(C(=O)C(c2ccccc2)c3ccccc3)c4ccc(Cl)cc14,11.5,0.8,0.01,10.1002/ajoc.201900294,ODH,4352,ODH_charity_0616:row:4352,9.2,train,
23424,23424,C[C@@]1(C(=O)OCC=C)C(=O)N(C(=O)C(c2ccccc2)c3ccccc3)c4ccc(Cl)cc14,7.8,0.8,0.01,10.1002/ajoc.201900294,ODH,4353,ODH_charity_0616:row:4353,6.24,train,
23430,23430,O[C@@H]/1CCCC1=C/c2ccccc2Cl,6.5,0.8,0.2,10.1021/acs.organomet.9b00366,ODH,4354,ODH_charity_0616:row:4354,5.2,train,
23431,23431,O[C@H]/1CCCC1=C/c2ccccc2Cl,7.8,0.8,0.2,10.1021/acs.organomet.9b00366,ODH,4355,ODH_charity_0616:row:4355,6.24,train,
23432,23432,C[C@@H](N[S](=O)(=O)C(C)(C)C)c1ccc(C)cc1,6.6,1.0,0.05,10.1002/anie.201902576,ODH,4356,ODH_charity_0616:row:4356,6.6,train,
23433,23433,C[C@H](N[S](=O)(=O)C(C)(C)C)c1ccc(C)cc1,7.8,1.0,0.05,10.1002/anie.201902576,ODH,4357,ODH_charity_0616:row:4357,7.8,train,
23434,23434,CC(C)(C)[S](=O)(=O)N[C@H](C1CC1)c2ccccc2,6.6,1.0,0.05,10.1002/anie.201902576,ODH,4358,ODH_charity_0616:row:4358,6.6,train,
23435,23435,CC(C)(C)[S](=O)(=O)N[C@@H](C1CC1)c2ccccc2,7.8,1.0,0.05,10.1002/anie.201902576,ODH,4359,ODH_charity_0616:row:4359,7.8,valid,
23448,23448,Cc1ccc(cc1)[S](=O)(=O)n2c3C[C@]4(CO[Si](C)(C)C(C)(C)C)C[C@@H](C=C4)c3c5ccccc25,8.4,0.6,0.02,10.1021/acs.orglett.0c04030,ODH,4360,ODH_charity_0616:row:4360,5.04,train,
23451,23451,C[C@H](CC(C)=O)\C=C\c1sc(C)cc1,8.52,0.8,0.02,10.1002/adsc.201600375,ODH,4361,ODH_charity_0616:row:4361,6.816,train,
23452,23452,C[C@@H](CC(C)=O)\C=C\c1sc(C)cc1,7.8,0.8,0.02,10.1002/adsc.201600375,ODH,4362,ODH_charity_0616:row:4362,6.24,train,
23455,23455,O[C@@H]/1CCCC1=C/c2ccc(Cl)cc2,8.6,0.8,0.1,10.1021/acs.organomet.9b00366,ODH,4363,ODH_charity_0616:row:4363,6.88,train,
23456,23456,O[C@H]/1CCCC1=C/c2ccc(Cl)cc2,7.8,0.8,0.1,10.1021/acs.organomet.9b00366,ODH,4364,ODH_charity_0616:row:4364,6.24,train,
23463,23463,O[C@H]([C@@H](C=C)c1ccccc1)c2ccccc2[N+]([O-])=O,9.2,1.0,0.1,10.1021/acs.orglett.6b03378,ODH,4365,ODH_charity_0616:row:4365,9.2,train,
23476,23476,Cc1cccc(c1)[C@]2(CC#C)CC(=C)OC2=O,9.2,1.0,0.01,10.1016/j.tetlet.2020.152106,ODH,4366,ODH_charity_0616:row:4366,9.2,train,
23477,23477,Cc1cccc(c1)[C@@]2(CC#C)CC(=C)OC2=O,7.82,1.0,0.01,10.1016/j.tetlet.2020.152106,ODH,4367,ODH_charity_0616:row:4367,7.82,train,
23478,23478,CC(=C)C[C@H]1CC(=NO1)c2ccc(Cl)cc2,7.29,0.8,0.1,10.1002/anie.201912408,ODH,4368,ODH_charity_0616:row:4368,5.832,train,
23479,23479,CC(=C)C[C@@H]1CC(=NO1)c2ccc(Cl)cc2,7.83,0.8,0.1,10.1002/anie.201912408,ODH,4369,ODH_charity_0616:row:4369,6.264,train,
23480,23480,O=C(O[C@H]1C[C@@H](C2=CC=CC([N+]([O-])=O)=C2)N3C4=C1C=CC=C4CC[C@H]3C5=CC=CC=C5)NCC6=CC=CC=C6,10.01,1.0,0.3,10.1021/ol1006086,ODH,4370,ODH_charity_0616:row:4370,10.01,valid,
23486,23486,COc1ccc(cc1)[C@](C)(C\C=C\C=C\c2ccccc2)C=O,8.654,1.0,0.15,10.6023/A18060235,ODH,4371,ODH_charity_0616:row:4371,8.654,train,
23487,23487,COc1ccc(cc1)[C@@](C)(C\C=C\C=C\c2ccccc2)C=O,7.854,1.0,0.15,10.6023/A18060235,ODH,4372,ODH_charity_0616:row:4372,7.854,train,
23490,23490,O=C(O[C@H]1C[C@@H](C2=CC=CO2)N3C4=C1C=CC=C4CC[C@H]3C5=CC=CC=C5)NCC6=CC=CC=C6,8.49,1.0,0.1,10.1021/ol1006086,ODH,4373,ODH_charity_0616:row:4373,8.49,train,
23493,23493,CCOC(=O)[C@@H](CC(=O)c1ccccc1)C(=C)\C=C\C(=O)c2ccccc2,6.93,1.0,0.2,10.1039/C6CC02742C,ODH,4374,ODH_charity_0616:row:4374,6.93,train,
23494,23494,CCOC(=O)[C@H](CC(=O)c1ccccc1)C(=C)\C=C\C(=O)c2ccccc2,7.87,1.0,0.2,10.1039/C6CC02742C,ODH,4375,ODH_charity_0616:row:4375,7.87,valid,
23508,23508,CC(=C)C[C@H]1CC(=NO1)c2ccc(C)c(C)c2,8.53,0.8,0.1,10.1002/anie.201912408,ODH,4376,ODH_charity_0616:row:4376,6.824,train,
23509,23509,CC(=C)C[C@@H]1CC(=NO1)c2ccc(C)c(C)c2,7.89,0.8,0.1,10.1002/anie.201912408,ODH,4377,ODH_charity_0616:row:4377,6.312,train,
23518,23518,CCOC(=O)C1=C(C)OC(=O)C[C@H]1c2cccc(Br)c2,17.7,0.7,0.25,10.1021/acs.orglett.7b03650,ODH,4378,ODH_charity_0616:row:4378,12.39,train,
23519,23519,CCOC(=O)C1=C(C)OC(=O)C[C@@H]1c2cccc(Br)c2,7.9,0.7,0.25,10.1021/acs.orglett.7b03650,ODH,4379,ODH_charity_0616:row:4379,5.53,train,
23520,23520,COC(=O)[C@@H](Oc1ccccc1)c2ccccc2,20.0,1.0,0.03,10.1002/anie.201504483,ODH,4380,ODH_charity_0616:row:4380,20.0,train,
23521,23521,COC(=O)[C@H](Oc1ccccc1)c2ccccc2,7.9,1.0,0.03,10.1002/anie.201504483,ODH,4381,ODH_charity_0616:row:4381,7.9,test,
23526,23526,CCCc1ccc(C[C@H](B2OC(C)(C)C(C)(C)O2)N3CCOC3=O)cc1,6.4,1.0,0.1,10.1021/acscatal.9b04543.,ODH,4382,ODH_charity_0616:row:4382,6.4,train,
23527,23527,CCCc1ccc(C[C@@H](B2OC(C)(C)C(C)(C)O2)N3CCOC3=O)cc1,7.9,1.0,0.1,10.1021/acscatal.9b04543.,ODH,4383,ODH_charity_0616:row:4383,7.9,train,
23539,23539,CCOC(=O)[C@H](c1ccccc1)c2cc(C)n(Cc3ccccc3)c2C,8.5,0.7,0.2,10.1039/C7QO00815E,ODH,4384,ODH_charity_0616:row:4384,5.95,train,
23540,23540,CCOC(=O)[C@@H](c1ccccc1)c2cc(C)n(Cc3ccccc3)c2C,7.9,0.7,0.2,10.1039/C7QO00815E,ODH,4385,ODH_charity_0616:row:4385,5.53,train,
23549,23549,COc1ccc(cc1)[C@](c2[nH]ccc2)(c3[nH]c4ccccc4c3c5ccccc5)c6ccccc6OC,9.3,1.0,0.05,10.1038/s41929/020/00535/4,ODH,4386,ODH_charity_0616:row:4386,9.3,train,
23550,23550,COc1ccc(cc1)[C@@](c2[nH]ccc2)(c3[nH]c4ccccc4c3c5ccccc5)c6ccccc6OC,7.9,1.0,0.05,10.1038/s41929/020/00535/4,ODH,4387,ODH_charity_0616:row:4387,7.9,train,
23562,23562,COc1ccc(\C=C\C=C\C[C@](C)(C=O)c2ccccc2)cc1,8.799,1.0,0.15,10.6023/A18060235,ODH,4388,ODH_charity_0616:row:4388,8.799,train,
23563,23563,COc1ccc(\C=C\C=C\C[C@@](C)(C=O)c2ccccc2)cc1,7.912,1.0,0.15,10.6023/A18060235,ODH,4389,ODH_charity_0616:row:4389,7.912,valid,
23566,23566,CC[C@@]1(N(c2cc(C)c(C)cc2C1=C)[S](=O)(=O)C(F)(F)F)c3ccc(Br)cc3,8.23,0.5,0.02,10.1002/anie.201904805,ODH,4390,ODH_charity_0616:row:4390,4.115,train,
23567,23567,CC[C@]1(N(c2cc(C)c(C)cc2C1=C)[S](=O)(=O)C(F)(F)F)c3ccc(Br)cc3,7.92,0.5,0.02,10.1002/anie.201904805,ODH,4391,ODH_charity_0616:row:4391,3.96,train,
23579,23579,COc1ccc(\C=C\C=C\C[C@](C)(C=O)c2ccccc2)cc1,8.873,1.0,0.15,10.1021/acs.orglett.8b00740,ODH,4392,ODH_charity_0616:row:4392,8.873,train,
23580,23580,COc1ccc(\C=C\C=C\C[C@@](C)(C=O)c2ccccc2)cc1,7.935,1.0,0.15,10.1021/acs.orglett.8b00740,ODH,4393,ODH_charity_0616:row:4393,7.935,train,
23591,23591,O[C@H]/1CCCCC1=C/c2ccccc2,6.58,1.0,0.1,10.1021/ja100652f,ODH,4394,ODH_charity_0616:row:4394,6.58,train,
23592,23592,O[C@@H]/1CCCCC1=C/c2ccccc2,7.96,1.0,0.1,10.1021/ja100652f,ODH,4395,ODH_charity_0616:row:4395,7.96,train,
23599,23599,C[C@@](C\C=C\C=C\c1ccccc1)(C=O)c2cccc(Cl)c2,8.448,1.0,0.15,10.1021/acs.orglett.8b00740,ODH,4396,ODH_charity_0616:row:4396,8.448,train,
23600,23600,C[C@](C\C=C\C=C\c1ccccc1)(C=O)c2cccc(Cl)c2,7.971,1.0,0.15,10.1021/acs.orglett.8b00740,ODH,4397,ODH_charity_0616:row:4397,7.971,train,
23622,23622,FC(F)(F)[C@@]1(CC(=CC(=O)O1)c2ccccc2)c3ccc(Cl)cc3,28.7,0.75,0.1,10.1021/ja303618z,ODH,4398,ODH_charity_0616:row:4398,21.525,train,
23623,23623,FC(F)(F)[C@]1(CC(=CC(=O)O1)c2ccccc2)c3ccc(Cl)cc3,71.9,0.75,0.1,10.1021/ja303618z,ODH,4399,ODH_charity_0616:row:4399,53.925,train,
23626,23626,O[C@@H]/1CCC1=C/c2ccc3ccccc3c2,67.507,0.8,0.01,10.1021/acs.orglett.9b01514,ODH,4400,ODH_charity_0616:row:4400,54.0056,train,
23627,23627,O[C@H]/1CCC1=C/c2ccc3ccccc3c2,72.346,0.8,0.01,10.1021/acs.orglett.9b01514,ODH,4401,ODH_charity_0616:row:4401,57.8768,train,
23634,23634,C[C@H](COC=O)c1ccc(cc1)C(F)(F)F,75.4,0.5,0.0,10.1021/acs.orglett.7b03469,ODH,4402,ODH_charity_0616:row:4402,37.7,train,
23635,23635,C[C@@H](COC=O)c1ccc(cc1)C(F)(F)F,73.0,0.5,0.0,10.1021/acs.orglett.7b03469,ODH,4403,ODH_charity_0616:row:4403,36.5,train,
23646,23646,CCOC(=O)[C@@H](CC(=O)c1ccc(Cl)c(Cl)c1)N2N=CC=CC2=O,68.16,0.5,0.4,10.1016/j.isci.2020.101138,ODH,4404,ODH_charity_0616:row:4404,34.08,test,
23647,23647,CCOC(=O)[C@H](CC(=O)c1ccc(Cl)c(Cl)c1)N2N=CC=CC2=O,73.29,0.5,0.4,10.1016/j.isci.2020.101138,ODH,4405,ODH_charity_0616:row:4405,36.645,train,
23654,23654,CC(C)(C)OC(=O)[C@](N)(CCCCNC(=O)OCc1ccccc1)CC=Cc2ccccc2,18.4,1.0,0.1,10.1021/jacs.7b05460,ODH,4406,ODH_charity_0616:row:4406,18.4,train,
23655,23655,CC(C)(C)OC(=O)[C@@](N)(CCCCNC(=O)OCc1ccccc1)CC=Cc2ccccc2,74.3,1.0,0.1,10.1021/jacs.7b05460,ODH,4407,ODH_charity_0616:row:4407,74.3,excluded,official_RTv_gt_60
23656,23656,CC(C)(C)OC(=O)[C@](N)(CCCCNC(=O)OCc1ccccc1)CC=Cc2ccccc2,18.4,1.0,0.333333333,10.1021/jacs.7b05460,ODH,4408,ODH_charity_0616:row:4408,18.4,train,
23657,23657,CC(C)(C)OC(=O)[C@@](N)(CCCCNC(=O)OCc1ccccc1)CC=Cc2ccccc2,74.3,1.0,0.333333333,10.1021/jacs.7b05460,ODH,4409,ODH_charity_0616:row:4409,74.3,excluded,official_RTv_gt_60
23668,23668,FC(F)(F)[C@@]1(CC(=CC(=O)O1)c2cccnc2)c3ccccc3,35.1,0.75,0.2,10.1021/ja303618z,ODH,4410,ODH_charity_0616:row:4410,26.325,train,
23669,23669,FC(F)(F)[C@]1(CC(=CC(=O)O1)c2cccnc2)c3ccccc3,76.1,0.75,0.2,10.1021/ja303618z,ODH,4411,ODH_charity_0616:row:4411,57.075,valid,
23677,23677,FC(F)(F)[C@@]1(CC(=CC(=O)O1)c2ccccc2)c3ccc(Br)cc3,30.8,0.75,0.1,10.1021/ja303618z,ODH,4412,ODH_charity_0616:row:4412,23.1,train,
23678,23678,FC(F)(F)[C@]1(CC(=CC(=O)O1)c2ccccc2)c3ccc(Br)cc3,76.9,0.75,0.1,10.1021/ja303618z,ODH,4413,ODH_charity_0616:row:4413,57.675,train,
23687,23687,Cc1ccc(cc1)[S](=O)(=O)N2C[C@@H]3C=CCN(C=C3C2)[S](=O)(=O)c4ccc(C)cc4,41.47,0.8,0.3,10.1021/jacs.5b01305,ODH,4414,ODH_charity_0616:row:4414,33.176,train,
23688,23688,Cc1ccc(cc1)[S](=O)(=O)N2C[C@H]3C=CCN(C=C3C2)[S](=O)(=O)c4ccc(C)cc4,77.97,0.8,0.3,10.1021/jacs.5b01305,ODH,4415,ODH_charity_0616:row:4415,62.376,excluded,official_RTv_gt_60
23689,23689,CCO[P](=O)(OCC)[C@@]12CC(=CC(=O)N1[S](=O)(=O)c3ccccc23)c4cccc(OC)c4,58.0,0.8,0.2,10.1021/acs.orglett.8b02707,ODH,4416,ODH_charity_0616:row:4416,46.4,train,
23690,23690,CCO[P](=O)(OCC)[C@]12CC(=CC(=O)N1[S](=O)(=O)c3ccccc23)c4cccc(OC)c4,78.1,0.8,0.2,10.1021/acs.orglett.8b02707,ODH,4417,ODH_charity_0616:row:4417,62.48,excluded,official_RTv_gt_60
23694,23694,C[C@@H](CNC(C)=O)c1ccccc1,58.2,0.8,0.02,10.1039/c8cc02798f,ODH,4418,ODH_charity_0616:row:4418,46.56,train,
23695,23695,C[C@H](CNC(C)=O)c1ccccc1,78.6,0.8,0.02,10.1039/c8cc02798f,ODH,4419,ODH_charity_0616:row:4419,62.88,excluded,official_RTv_gt_60
23703,23703,CCO[P](=O)(OCC)[C@@]12CC(=CC(=O)N1[S](=O)(=O)c3ccccc23)c4ccc(OC)cc4,52.6,0.8,0.2,10.1021/acs.orglett.8b02707,ODH,4420,ODH_charity_0616:row:4420,42.08,train,
23704,23704,CCO[P](=O)(OCC)[C@]12CC(=CC(=O)N1[S](=O)(=O)c3ccccc23)c4ccc(OC)cc4,79.1,0.8,0.2,10.1021/acs.orglett.8b02707,ODH,4421,ODH_charity_0616:row:4421,63.28,excluded,official_RTv_gt_60
23706,23706,Nc1ncnc2n(cnc12)[C@H]/3CCC3=C/c4ccccc4,75.397,0.5,0.05,10.1021/acs.orglett.9b01514,ODH,4422,ODH_charity_0616:row:4422,37.6985,train,
23707,23707,Nc1ncnc2n(cnc12)[C@@H]/3CCC3=C/c4ccccc4,79.613,0.5,0.05,10.1021/acs.orglett.9b01514,ODH,4423,ODH_charity_0616:row:4423,39.8065,train,
23708,23708,Cc1ccc(cc1)[S](=O)(=O)N2C(=O)[C@@H]([C@H](C=C2c3ccccc3)c4cccnc4)c5ccccc5,35.5,0.75,0.2,10.1021/ol300676w,ODH,4424,ODH_charity_0616:row:4424,26.625,train,
23714,23714,COc1cc2[C@H](c3ccccc3)C(=C(N)Oc2c4ccccc14)C#N,10.6,0.7,0.3,10.1021/acs.orglett.5b03148,ODH,4425,ODH_charity_0616:row:4425,7.42,train,
23715,23715,COc1cc2[C@@H](c3ccccc3)C(=C(N)Oc2c4ccccc14)C#N,8.0,0.7,0.3,10.1021/acs.orglett.5b03148,ODH,4426,ODH_charity_0616:row:4426,5.6,train,
23716,23716,C[C@H](Nc1ccccc1)C(=C)c2ccccc2,10.6,1.0,0.01,10.1021/jacs.0c07210,ODH,4427,ODH_charity_0616:row:4427,10.6,train,
23717,23717,C[C@@H](Nc1ccccc1)C(=C)c2ccccc2,8.0,1.0,0.01,10.1021/jacs.0c07210,ODH,4428,ODH_charity_0616:row:4428,8.0,train,
23720,23720,CCOC(=O)C[C@H]1C=CCN(N1C(=O)OC(C)(C)C)C(=O)Nc2ccc(Cl)cc2,11.2,0.7,0.1,10.1021/ol503047s,ODH,4429,ODH_charity_0616:row:4429,7.84,train,
23721,23721,CCOC(=O)C[C@@H]1C=CCN(N1C(=O)OC(C)(C)C)C(=O)Nc2ccc(Cl)cc2,8.0,0.7,0.1,10.1021/ol503047s,ODH,4430,ODH_charity_0616:row:4430,5.6,train,
23722,23722,C1CCC(CC1)[C@H]2Cc3ccccc3N2,11.9,0.8,0.03,10.1021/ja502020b,ODH,4431,ODH_charity_0616:row:4431,9.52,train,
23723,23723,C1CCC(CC1)[C@@H]2Cc3ccccc3N2,8.0,0.8,0.03,10.1021/ja502020b,ODH,4432,ODH_charity_0616:row:4432,6.4,train,
23726,23726,CC[C@@H](N[S](=O)(=O)C(C)(C)C)c1ccccc1,6.6,1.0,0.05,10.1002/anie.201902576,ODH,4433,ODH_charity_0616:row:4433,6.6,train,
23727,23727,CC[C@H](N[S](=O)(=O)C(C)(C)C)c1ccccc1,8.0,1.0,0.05,10.1002/anie.201902576,ODH,4434,ODH_charity_0616:row:4434,8.0,train,
23728,23728,COC(=O)N1C(=O)[C@@](Cc2ccccc2)([C@H](C=C)c3ccccc3)c4ccccc14,6.7,1.0,0.05,10.1002/chem.202101267.,ODH,4435,ODH_charity_0616:row:4435,6.7,train,
23735,23735,CC[C@@H]1Cc2ccccc2N1,9.0,1.0,0.05,10.1039/C8QO00710A,ODH,4436,ODH_charity_0616:row:4436,9.0,train,
23736,23736,CC[C@H]1Cc2ccccc2N1,8.0,1.0,0.05,10.1039/C8QO00710A,ODH,4437,ODH_charity_0616:row:4437,8.0,train,
23758,23758,O[C@@H]/1CCCCC1=C/c2ccccc2,6.55,1.0,0.1,10.1021/acs.orglett.8b02591,ODH,4438,ODH_charity_0616:row:4438,6.55,train,
23759,23759,O[C@H]/1CCCCC1=C/c2ccccc2,8.04,1.0,0.1,10.1021/acs.orglett.8b02591,ODH,4439,ODH_charity_0616:row:4439,8.04,train,
23761,23761,CC(C)Cc1ccc(cc1)[C@@H](C)C#Cc2ccccc2,10.63,0.7,0.005,10.1002/anie.202006317,ODH,4440,ODH_charity_0616:row:4440,7.441,train,
23762,23762,CC(C)Cc1ccc(cc1)[C@H](C)C#Cc2ccccc2,8.05,0.7,0.005,10.1002/anie.202006317,ODH,4441,ODH_charity_0616:row:4441,5.635,train,
23767,23767,CC[C@@]1(N(c2cc(C)c(C)cc2C1=C)[S](=O)(=O)C(F)(F)F)c3ccc4ccccc4c3,8.47,0.5,0.05,10.1002/anie.201904805,ODH,4442,ODH_charity_0616:row:4442,4.235,train,
23768,23768,CC[C@]1(N(c2cc(C)c(C)cc2C1=C)[S](=O)(=O)C(F)(F)F)c3ccc4ccccc4c3,8.05,0.5,0.05,10.1002/anie.201904805,ODH,4443,ODH_charity_0616:row:4443,4.025,train,
23784,23784,CC[C@@]1(N(c2cc(C)c(C)cc2C1=C)[S](=O)(=O)C(F)(F)F)c3ccc(F)cc3,7.52,1.0,0.0,10.1002/anie.201904805,ODH,4444,ODH_charity_0616:row:4444,7.52,train,
23785,23785,CC[C@]1(N(c2cc(C)c(C)cc2C1=C)[S](=O)(=O)C(F)(F)F)c3ccc(F)cc3,8.08,1.0,0.0,10.1002/anie.201904805,ODH,4445,ODH_charity_0616:row:4445,8.08,train,
23788,23788,C[C@H](CC(C)=O)\C=C\c1ccc(C)cc1,9.15,0.8,0.02,10.1002/adsc.201600375,ODH,4446,ODH_charity_0616:row:4446,7.32,train,
23789,23789,C[C@@H](CC(C)=O)\C=C\c1ccc(C)cc1,8.08,0.8,0.02,10.1002/adsc.201600375,ODH,4447,ODH_charity_0616:row:4447,6.464,train,
23796,23796,COc1ccc(cc1)[C@](C)(C\C=C\C=C\c2ccccc2)C=O,9.073,1.0,0.15,10.1021/acs.orglett.8b00740,ODH,4448,ODH_charity_0616:row:4448,9.073,train,
23797,23797,COc1ccc(cc1)[C@@](C)(C\C=C\C=C\c2ccccc2)C=O,8.092,1.0,0.15,10.1021/acs.orglett.8b00740,ODH,4449,ODH_charity_0616:row:4449,8.092,train,
23798,23798,CCC[C@@H]1[C@H](F)c2ccccc2CN1C(=O)c3ccc(Br)cc3,10.1,0.8,0.1,10.1039/C3CC45341C,ODH,4450,ODH_charity_0616:row:4450,8.08,train,
23801,23801,CCCCC[C@H](C=C)n1cc(CC#N)c2ccccc12,10.9,1.0,0.05,10.1002/chem.202004613,ODH,4451,ODH_charity_0616:row:4451,10.9,train,
23802,23802,CCCCC[C@@H](C=C)n1cc(CC#N)c2ccccc12,8.1,1.0,0.05,10.1002/chem.202004613,ODH,4452,ODH_charity_0616:row:4452,8.1,train,
23814,23814,OC[C@@H]1COC2(CCCCCC2)c3ccccc3O1,14.8,1.0,0.1,10.1021/acs.orglett.9b04244,ODH,4453,ODH_charity_0616:row:4453,14.8,train,
23815,23815,OC[C@H]1COC2(CCCCCC2)c3ccccc3O1,8.1,1.0,0.1,10.1021/acs.orglett.9b04244,ODH,4454,ODH_charity_0616:row:4454,8.1,train,
23822,23822,ClC[C@H]1CO[C@H]([C@@H]1I)c2ccccc2,6.5,1.0,0.05,10.1002/anie.201601844,ODH,4455,ODH_charity_0616:row:4455,6.5,train,
23828,23828,CC1(C)OB(OC1(C)C)[C@@H](Cc2ccc(cc2)C(F)(F)F)N3CCOC3=O,7.0,1.0,0.1,10.1021/acscatal.9b04543.,ODH,4456,ODH_charity_0616:row:4456,7.0,train,
23829,23829,CC1(C)OB(OC1(C)C)[C@H](Cc2ccc(cc2)C(F)(F)F)N3CCOC3=O,8.1,1.0,0.1,10.1021/acscatal.9b04543.,ODH,4457,ODH_charity_0616:row:4457,8.1,train,
23837,23837,FC(F)(F)c1ccc(cc1)[C@H]2NCCc3ccccc23,8.9,0.8,0.15,10.1021/acs.orglett.7b02502,ODH,4458,ODH_charity_0616:row:4458,7.12,train,
23838,23838,FC(F)(F)c1ccc(cc1)[C@@H]2NCCc3ccccc23,8.1,0.8,0.15,10.1021/acs.orglett.7b02502,ODH,4459,ODH_charity_0616:row:4459,6.48,train,
23843,23843,CC(C)(O)C[C@H]1CCc2ccccc2N1,9.4,0.8,0.1,10.1055/s/0030/1260129,ODH,4460,ODH_charity_0616:row:4460,7.52,train,
23844,23844,CC(C)(O)C[C@@H]1CCc2ccccc2N1,8.1,0.8,0.1,10.1055/s/0030/1260129,ODH,4461,ODH_charity_0616:row:4461,6.48,train,
23845,23845,C[C@@H](C(=O)OCc1ccccc1)c2cc(C)n(Cc3ccccc3)c2C,9.5,0.7,0.2,10.1039/C7QO00815E,ODH,4462,ODH_charity_0616:row:4462,6.65,train,
23846,23846,C[C@H](C(=O)OCc1ccccc1)c2cc(C)n(Cc3ccccc3)c2C,8.1,0.7,0.2,10.1039/C7QO00815E,ODH,4463,ODH_charity_0616:row:4463,5.67,train,
23847,23847,CC[C@@H](C#Cc1ccccc1)c2cccc(Cl)c2,9.62,0.7,0.005,10.1002/anie.202006317,ODH,4464,ODH_charity_0616:row:4464,6.734,train,
23848,23848,CC[C@H](C#Cc1ccccc1)c2cccc(Cl)c2,8.1,0.7,0.005,10.1002/anie.202006317,ODH,4465,ODH_charity_0616:row:4465,5.67,train,
23849,23849,C[C@@H]1CCC[C@@H](N1)c2cccc3ccccc23,9.8,1.0,0.1,10.1021/acs.orglett.7b02502,ODH,4466,ODH_charity_0616:row:4466,9.8,train,
23860,23860,CCC(=C)C[C@@]1(C)CC(=NO1)c2ccccc2,7.51,0.8,0.05,10.1002/anie.201912408,ODH,4467,ODH_charity_0616:row:4467,6.008,valid,
23861,23861,CCC(=C)C[C@]1(C)CC(=NO1)c2ccccc2,8.12,0.8,0.05,10.1002/anie.201912408,ODH,4468,ODH_charity_0616:row:4468,6.496,train,
23866,23866,CCC[C@H]1[C@H](\C=C\C(=O)OCC)N1[S](=O)(=O)c2ccc(C)cc2,10.01,0.8,0.3,10.1021/jacs.5b01305,ODH,4469,ODH_charity_0616:row:4469,8.008,train,
23867,23867,CCC[C@@H]1[C@H](\C=C\C(=O)OCC)N1[S](=O)(=O)c2ccc(C)cc2,8.14,0.8,0.3,10.1021/jacs.5b01305,ODH,4470,ODH_charity_0616:row:4470,6.512,train,
23871,23871,O=C(O[C@H]1C[C@@H](C2=CC=C([N+]([O-])=O)C=C2)N3C4=C1C=CC=C4CC[C@H]3C5=CC=CC=C5)NCC6=CC=CC=C6,12.42,1.0,0.3,10.1021/ol1006086,ODH,4471,ODH_charity_0616:row:4471,12.42,test,
23882,23882,CCC[C@@H](NCc1ccccc1)C=C,10.603,0.5,0.005,10.1021/acscatal.0c00712,ODH,4472,ODH_charity_0616:row:4472,5.3015,train,
23883,23883,CCC[C@H](NCc1ccccc1)C=C,8.195,0.5,0.005,10.1021/acscatal.0c00712,ODH,4473,ODH_charity_0616:row:4473,4.0975,test,
23899,23899,C1CSC(SC1)([C@@H](C=Cc2ccccc2)c3ccccc3)c4ccc5ccccc5c4,6.5,1.0,0.02,10.1021/acs.orglett.6b03161,ODH,4474,ODH_charity_0616:row:4474,6.5,train,
23900,23900,C1CSC(SC1)([C@H](C=Cc2ccccc2)c3ccccc3)c4ccc5ccccc5c4,8.2,1.0,0.02,10.1021/acs.orglett.6b03161,ODH,4475,ODH_charity_0616:row:4475,8.2,train,
23903,23903,C1CSC(SC1)([C@@H](C=Cc2ccccc2)c3ccccc3)c4ccccc4,6.6,1.0,0.02,10.1021/acs.orglett.6b03161,ODH,4476,ODH_charity_0616:row:4476,6.6,train,
23904,23904,C1CSC(SC1)([C@H](C=Cc2ccccc2)c3ccccc3)c4ccccc4,8.2,1.0,0.02,10.1021/acs.orglett.6b03161,ODH,4477,ODH_charity_0616:row:4477,8.2,train,
23905,23905,C[C@@H](N[S](=O)(=O)C(C)(C)C)c1cccc(C)c1,6.9,1.0,0.05,10.1002/anie.201902576,ODH,4478,ODH_charity_0616:row:4478,6.9,train,
23906,23906,C[C@H](N[S](=O)(=O)C(C)(C)C)c1cccc(C)c1,8.2,1.0,0.05,10.1002/anie.201902576,ODH,4479,ODH_charity_0616:row:4479,8.2,train,
23913,23913,C[C@@H](N[S](=O)(=O)C(C)(C)C)c1occc1,7.4,1.0,0.05,10.1002/anie.201902576,ODH,4480,ODH_charity_0616:row:4480,7.4,train,
23914,23914,C[C@H](N[S](=O)(=O)C(C)(C)C)c1occc1,8.2,1.0,0.05,10.1002/anie.201902576,ODH,4481,ODH_charity_0616:row:4481,8.2,train,
23917,23917,COC(=O)[C@H](F)\C=C(/C)c1ccccc1,7.6,1.0,0.03,10.1002/anie.201204521,ODH,4482,ODH_charity_0616:row:4482,7.6,train,
23918,23918,COC(=O)[C@@H](F)\C=C(/C)c1ccccc1,8.2,1.0,0.03,10.1002/anie.201204521,ODH,4483,ODH_charity_0616:row:4483,8.2,valid,
23919,23919,CC(C)[C@@]1(COc2ccccc12)CC3=CCCC3,7.7,0.5,0.01,10.1002/anie.201907840,ODH,4484,ODH_charity_0616:row:4484,3.85,train,
23920,23920,CC(C)[C@]1(COc2ccccc12)CC3=CCCC3,8.2,0.5,0.01,10.1002/anie.201907840,ODH,4485,ODH_charity_0616:row:4485,4.1,train,
23938,23938,CN(C[C@@H](CSc1scnn1)C#N)C(c2ccccc2)c3ccccc3,9.9,1.0,0.05,10.1002/anie.201712395,ODH,4486,ODH_charity_0616:row:4486,9.9,train,
23939,23939,CN(C[C@H](CSc1scnn1)C#N)C(c2ccccc2)c3ccccc3,8.2,1.0,0.05,10.1002/anie.201712395,ODH,4487,ODH_charity_0616:row:4487,8.2,train,
23940,23940,CCC(=C)[C@@H](C)NCc1ccccc1,7.293,0.8,0.001,10.1021/jacs.1c04016,ODH,4488,ODH_charity_0616:row:4488,5.8344,train,
23941,23941,CCC(=C)[C@H](C)NCc1ccccc1,8.203,0.8,0.001,10.1021/jacs.1c04016,ODH,4489,ODH_charity_0616:row:4489,6.5624,train,
23944,23944,COC(=O)[C@@]1(CCCC1=O)[C@H](C[N+]([O-])=O)c2occc2,12.8,1.0,0.1,10.1021/ol4017386,ODH,4490,ODH_charity_0616:row:4490,12.8,train,
23945,23945,Cc1ccc(cc1)[S](=O)(=O)N2C[C@@H](C=C)N(c3ccc(C)cc3C2=O)[S](C)(=O)=O,21.09,1.0,0.3,10.1021/acscatal.1c04541,ODH,4491,ODH_charity_0616:row:4491,21.09,train,
23946,23946,Cc1ccc(cc1)[S](=O)(=O)N2C[C@H](C=C)N(c3ccc(C)cc3C2=O)[S](C)(=O)=O,8.22,1.0,0.3,10.1021/acscatal.1c04541,ODH,4492,ODH_charity_0616:row:4492,8.22,train,
23955,23955,CN1C[C@H](CO)Oc2ccccc12,7.033,1.0,0.125,10.1002/anie.201712350,ODH,4493,ODH_charity_0616:row:4493,7.033,train,
23956,23956,CN1C[C@@H](CO)Oc2ccccc12,8.234,1.0,0.125,10.1002/anie.201712350,ODH,4494,ODH_charity_0616:row:4494,8.234,train,
23958,23958,COC(=O)[C@H](NC(=O)OC(C)(C)C)c1ccccc1Cl,6.92,1.0,0.1,10.1002/anie.201105485,ODH,4495,ODH_charity_0616:row:4495,6.92,train,
23959,23959,COC(=O)[C@@H](NC(=O)OC(C)(C)C)c1ccccc1Cl,8.24,1.0,0.1,10.1002/anie.201105485,ODH,4496,ODH_charity_0616:row:4496,8.24,train,
23970,23970,COc1cccc(C[C@]2(C\C=C\c3ccccc3)C(=NN(C2=O)c4ccc(C)cc4)C)c1,17.254,1.0,0.3,10.1021/jacs.6b08236,ODH,4497,ODH_charity_0616:row:4497,17.254,valid,
23971,23971,COc1cccc(C[C@@]2(C\C=C\c3ccccc3)C(=NN(C2=O)c4ccc(C)cc4)C)c1,8.278,1.0,0.3,10.1021/jacs.6b08236,ODH,4498,ODH_charity_0616:row:4498,8.278,train,
23976,23976,CCOC[C@@H](C(=O)c1ccccc1)c2ccccc2,7.73,1.0,0.01,10.1002/anie.201903007,ODH,4499,ODH_charity_0616:row:4499,7.73,train,
23977,23977,CCOC[C@H](C(=O)c1ccccc1)c2ccccc2,8.28,1.0,0.01,10.1002/anie.201903007,ODH,4500,ODH_charity_0616:row:4500,8.28,train,
23984,23984,C[C@@H]1CCC[C@@H](N1)c2cccc3ccccc23,10.0,1.0,0.1,10.1039/C5QO00069F,ODH,4501,ODH_charity_0616:row:4501,10.0,train,
23985,23985,CCC[C@H]1NCc2ccccc2[C@H]1F,10.3,0.8,0.1,10.1039/C3CC45341C,ODH,4502,ODH_charity_0616:row:4502,8.24,train,
23986,23986,CCC[C@@H]1NCc2ccccc2[C@H]1F,8.3,0.8,0.1,10.1039/C3CC45341C,ODH,4503,ODH_charity_0616:row:4503,6.64,train,
23989,23989,FC(F)(F)[C@H]1Cc2ccccc2N[C@H]1C#Cc3ccccc3,10.8,0.7,0.3,10.1055/s/0033/1338661,ODH,4504,ODH_charity_0616:row:4504,7.56,train,
23990,23990,FC(F)(F)[C@@H]1Cc2ccccc2N[C@H]1C#Cc3ccccc3,8.3,0.7,0.3,10.1055/s/0033/1338661,ODH,4505,ODH_charity_0616:row:4505,5.81,train,
23993,23993,COc1ccc(cc1)[C@H]2N[C@H](Cc3ccccc23)c4ccccc4,12.0,0.8,0.05,10.1021/acs.orglett.7b02502,ODH,4506,ODH_charity_0616:row:4506,9.6,train,
23994,23994,COc1ccc(cc1)[C@@H]2N[C@H](Cc3ccccc23)c4ccccc4,8.3,0.8,0.05,10.1021/acs.orglett.7b02502,ODH,4507,ODH_charity_0616:row:4507,6.64,train,
24006,24006,CC(C)(C)[S](=O)(=O)N[C@H](C1CCCC1)c2ccccc2,6.4,1.0,0.05,10.1002/anie.201902576,ODH,4508,ODH_charity_0616:row:4508,6.4,train,
24007,24007,CC(C)(C)[S](=O)(=O)N[C@@H](C1CCCC1)c2ccccc2,8.3,1.0,0.05,10.1002/anie.201902576,ODH,4509,ODH_charity_0616:row:4509,8.3,train,
24008,24008,CCc1ccc(C[C@H](B2OC(C)(C)C(C)(C)O2)N3CCOC3=O)cc1,6.6,1.0,0.1,10.1021/acscatal.9b04543.,ODH,4510,ODH_charity_0616:row:4510,6.6,train,
24009,24009,CCc1ccc(C[C@@H](B2OC(C)(C)C(C)(C)O2)N3CCOC3=O)cc1,8.3,1.0,0.1,10.1021/acscatal.9b04543.,ODH,4511,ODH_charity_0616:row:4511,8.3,train,
24013,24013,Cc1[nH]c(cc1)[C@](C)(c2ccc(O)cc2)c3cc(C)cc(C)c3,7.1,1.0,0.1,10.1002/anie.201506701,ODH,4512,ODH_charity_0616:row:4512,7.1,test,
24014,24014,Cc1[nH]c(cc1)[C@@](C)(c2ccc(O)cc2)c3cc(C)cc(C)c3,8.3,1.0,0.1,10.1002/anie.201506701,ODH,4513,ODH_charity_0616:row:4513,8.3,train,
24036,24036,CC(C)(C)OC(=O)N1OCC[C@@H]1Cc2ccccc2,9.2,0.8,0.1,10.1039/D1SC01337H,ODH,4514,ODH_charity_0616:row:4514,7.36,train,
24037,24037,CC(C)(C)OC(=O)N1OCC[C@H]1Cc2ccccc2,8.311,0.8,0.1,10.1039/D1SC01337H,ODH,4515,ODH_charity_0616:row:4515,6.6488,train,
24038,24038,CCC[C@H](C=C)c1n2cc(Br)ccc2cc1c3ccccc3,7.379,1.0,0.0,10.1021/acs.orglett.0c03383,ODH,4516,ODH_charity_0616:row:4516,7.379,train,
24039,24039,CCC[C@@H](C=C)c1n2cc(Br)ccc2cc1c3ccccc3,8.318,1.0,0.0,10.1021/acs.orglett.0c03383,ODH,4517,ODH_charity_0616:row:4517,8.318,train,
24040,24040,C=C[C@@H](CCc1ccccc1)C(CC#C)(C#N)C#N,10.6,1.0,0.05,10.1021/acs.orglett.0c00962,ODH,4518,ODH_charity_0616:row:4518,10.6,train,
24041,24041,C=C[C@H](CCc1ccccc1)C(CC#C)(C#N)C#N,8.32,1.0,0.05,10.1021/acs.orglett.0c00962,ODH,4519,ODH_charity_0616:row:4519,8.32,train,
24049,24049,CCOC(=O)CC/C=C/C=C/C[C@](C)(C=O)c1ccccc1,9.361,1.0,0.05,10.6023/A18060235,ODH,4520,ODH_charity_0616:row:4520,9.361,train,
24050,24050,CCOC(=O)CC/C=C/C=C/C[C@@](C)(C=O)c1ccccc1,8.327,1.0,0.05,10.6023/A18060235,ODH,4521,ODH_charity_0616:row:4521,8.327,train,
24064,24064,CC[C@]1(CC(C)=C)CC(=NO1)c2ccccc2,8.85,0.6,0.05,10.1002/anie.201912408,ODH,4522,ODH_charity_0616:row:4522,5.31,train,
24065,24065,CC[C@@]1(CC(C)=C)CC(=NO1)c2ccccc2,8.35,0.6,0.05,10.1002/anie.201912408,ODH,4523,ODH_charity_0616:row:4523,5.01,train,
24066,24066,C[C@H](CC(C)=O)\C=C\c1occc1,8.94,0.8,0.02,10.1002/adsc.201600375,ODH,4524,ODH_charity_0616:row:4524,7.152,train,
24067,24067,C[C@@H](CC(C)=O)\C=C\c1occc1,8.35,0.8,0.02,10.1002/adsc.201600375,ODH,4525,ODH_charity_0616:row:4525,6.68,train,
24068,24068,Cc1ccc(cc1)[S](=O)(=O)N2C[C@@H](C=C)N(c3cc(Br)ccc3C2=O)[S](C)(=O)=O,20.94,1.0,0.3,10.1021/acscatal.1c04541,ODH,4526,ODH_charity_0616:row:4526,20.94,train,
24069,24069,Cc1ccc(cc1)[S](=O)(=O)N2C[C@H](C=C)N(c3cc(Br)ccc3C2=O)[S](C)(=O)=O,8.36,1.0,0.3,10.1021/acscatal.1c04541,ODH,4527,ODH_charity_0616:row:4527,8.36,train,
24070,24070,COC(=O)[C@@]1(CCCCCCC1=O)[C@H](C[N+]([O-])=O)c2ccccc2,7.83,1.0,0.1,10.1021/ol4017386,ODH,4528,ODH_charity_0616:row:4528,7.83,train,
24073,24073,CC(C)(C)OC(=O)N1OCC[C@@H]1Cc2ccc(F)cc2,7.331,0.8,0.1,10.1039/D1SC01337H,ODH,4529,ODH_charity_0616:row:4529,5.8648,train,
24074,24074,CC(C)(C)OC(=O)N1OCC[C@H]1Cc2ccc(F)cc2,8.363,0.8,0.1,10.1039/D1SC01337H,ODH,4530,ODH_charity_0616:row:4530,6.6904,train,
24075,24075,CC(C)(C)OC(=O)N1OCC[C@@H]1Cc2ccccc2F,7.007,0.8,0.1,10.1039/D1SC01337H,ODH,4531,ODH_charity_0616:row:4531,5.6056,train,
24076,24076,CC(C)(C)OC(=O)N1OCC[C@H]1Cc2ccccc2F,8.369,0.8,0.1,10.1039/D1SC01337H,ODH,4532,ODH_charity_0616:row:4532,6.6952,train,
24084,24084,CCC[C@@H](Nc1ccccc1)C(=C)CC,7.082,1.0,0.0,10.1021/jacs.1c04016,ODH,4533,ODH_charity_0616:row:4533,7.082,valid,
24085,24085,CCC[C@H](Nc1ccccc1)C(=C)CC,8.372,1.0,0.0,10.1021/jacs.1c04016,ODH,4534,ODH_charity_0616:row:4534,8.372,train,
24090,24090,O[C@@H]/1CCCC1=C/c2cccc(Cl)c2,7.37,1.0,0.1,10.1021/acs.orglett.8b02591,ODH,4535,ODH_charity_0616:row:4535,7.37,train,
24091,24091,O[C@H]/1CCCC1=C/c2cccc(Cl)c2,8.38,1.0,0.1,10.1021/acs.orglett.8b02591,ODH,4536,ODH_charity_0616:row:4536,8.38,train,
24092,24092,COC(=O)[C@H]1Cc2cc(Cl)ccc2O1,9.04,1.0,0.1,10.1002/anie.201209455,ODH,4537,ODH_charity_0616:row:4537,9.04,train,
24093,24093,COC(=O)[C@@H]1Cc2cc(Cl)ccc2O1,8.38,1.0,0.1,10.1002/anie.201209455,ODH,4538,ODH_charity_0616:row:4538,8.38,train,
24094,24094,C[C@@]1(N(c2ccccc2C1=C)[S](=O)(=O)C(F)(F)F)c3ccccc3,9.43,0.5,0.05,10.1002/anie.201904805,ODH,4539,ODH_charity_0616:row:4539,4.715,train,
24095,24095,C[C@]1(N(c2ccccc2C1=C)[S](=O)(=O)C(F)(F)F)c3ccccc3,8.38,0.5,0.05,10.1002/anie.201904805,ODH,4540,ODH_charity_0616:row:4540,4.19,train,
24098,24098,CC(C)[C@@H](C#Cc1ccccc1)c2ccccc2,9.02,0.7,0.005,10.1002/anie.202006317,ODH,4541,ODH_charity_0616:row:4541,6.314,train,
24099,24099,CC(C)[C@H](C#Cc1ccccc1)c2ccccc2,8.39,0.7,0.005,10.1002/anie.202006317,ODH,4542,ODH_charity_0616:row:4542,5.873,test,
24100,24100,Cc1ccc(cc1)\C=C\2CCC[C@H]2O,10.2,0.8,0.1,10.1021/acs.organomet.9b00366,ODH,4543,ODH_charity_0616:row:4543,8.16,train,
24101,24101,Cc1ccc(cc1)\C=C\2CCC[C@@H]2O,8.4,0.8,0.1,10.1021/acs.organomet.9b00366,ODH,4544,ODH_charity_0616:row:4544,6.72,train,
24108,24108,C1[C@@H](Oc2ccccc2[C@@H]1C#Cc3ccccc3)Sc4ccccc4,10.9,1.0,0.03,10.1021/acs.orglett.7b00867,ODH,4545,ODH_charity_0616:row:4545,10.9,train,
24117,24117,O[C@]1(CC=C)C=C[C@@H](Nc2cc(cc(c2)C(F)(F)F)C(F)(F)F)[C@@H]1c3ccccc3,16.3,1.0,0.05,10.1002/anie.201607714,ODH,4546,ODH_charity_0616:row:4546,16.3,valid,
24126,24126,C[C@@H](N[S](=O)(=O)C(C)(C)C)c1ccc(C)c(C)c1,7.0,1.0,0.05,10.1002/anie.201902576,ODH,4547,ODH_charity_0616:row:4547,7.0,train,
24127,24127,C[C@H](N[S](=O)(=O)C(C)(C)C)c1ccc(C)c(C)c1,8.4,1.0,0.05,10.1002/anie.201902576,ODH,4548,ODH_charity_0616:row:4548,8.4,train,
24128,24128,C[C@@H](N[S](=O)(=O)C(C)(C)C)c1ccccc1C,7.1,1.0,0.05,10.1002/anie.201902576,ODH,4549,ODH_charity_0616:row:4549,7.1,train,
24129,24129,C[C@H](N[S](=O)(=O)C(C)(C)C)c1ccccc1C,8.4,1.0,0.05,10.1002/anie.201902576,ODH,4550,ODH_charity_0616:row:4550,8.4,train,
24137,24137,Cc1ccc2O[C@H]3OCC[C@H]3c2c1,8.0,1.0,0.02,10.1039/D0SC01391A,ODH,4551,ODH_charity_0616:row:4551,8.0,train,
24138,24138,Cc1ccc2O[C@@H]3OCC[C@H]3c2c1,8.4,1.0,0.02,10.1039/D0SC01391A,ODH,4552,ODH_charity_0616:row:4552,8.4,train,
24149,24149,Cc1ccc(cc1)[C@@H](C(=O)OCc2ccccc2)c3cc(C)n(Cc4ccccc4)c3C,9.7,0.7,0.2,10.1039/C7QO00815E,ODH,4553,ODH_charity_0616:row:4553,6.79,test,
24150,24150,Cc1ccc(cc1)[C@H](C(=O)OCc2ccccc2)c3cc(C)n(Cc4ccccc4)c3C,8.4,0.7,0.2,10.1039/C7QO00815E,ODH,4554,ODH_charity_0616:row:4554,5.88,train,
24151,24151,Clc1ccc(cc1)[C@H](OC(=O)c2ccccc2)C(=O)c3ccccc3,9.8,0.8,0.1,10.1002/anie.201603590,ODH,4555,ODH_charity_0616:row:4555,7.84,train,
24152,24152,Clc1ccc(cc1)[C@@H](OC(=O)c2ccccc2)C(=O)c3ccccc3,8.4,0.8,0.1,10.1002/anie.201603590,ODH,4556,ODH_charity_0616:row:4556,6.72,train,
24153,24153,O=C(O[C@H](C(=O)c1ccccc1)c2ccccc2)c3ccccc3,9.8,0.8,0.1,10.1002/anie.201603590,ODH,4557,ODH_charity_0616:row:4557,7.84,train,
24154,24154,O=C(O[C@@H](C(=O)c1ccccc1)c2ccccc2)c3ccccc3,8.4,0.8,0.1,10.1002/anie.201603590,ODH,4558,ODH_charity_0616:row:4558,6.72,train,
24175,24175,COc1ccc(C[C@]2(C\C=C\c3ccccc3)C(=NN(C2=O)c4ccc(C)cc4)C)cc1,17.419,1.0,0.3,10.1021/jacs.6b08236,ODH,4559,ODH_charity_0616:row:4559,17.419,train,
24176,24176,COc1ccc(C[C@@]2(C\C=C\c3ccccc3)C(=NN(C2=O)c4ccc(C)cc4)C)cc1,8.458,1.0,0.3,10.1021/jacs.6b08236,ODH,4560,ODH_charity_0616:row:4560,8.458,train,
24199,24199,CC[C@@]1(N(c2cc(C)c(C)cc2C1=C)[S](=O)(=O)C(F)(F)F)c3ccccc3,7.85,0.5,0.05,10.1002/anie.201904805,ODH,4561,ODH_charity_0616:row:4561,3.925,train,
24200,24200,CC[C@]1(N(c2cc(C)c(C)cc2C1=C)[S](=O)(=O)C(F)(F)F)c3ccccc3,8.49,0.5,0.05,10.1002/anie.201904805,ODH,4562,ODH_charity_0616:row:4562,4.245,test,
24214,24214,CCc1oc(c2ccccc2)c3[C@@H]4COCCN4c5ccccc5Cc13,11.0,0.6,0.1,10.1002/chem.201100019,ODH,4563,ODH_charity_0616:row:4563,6.6,train,
24215,24215,CCc1oc(c2ccccc2)c3[C@H]4COCCN4c5ccccc5Cc13,8.5,0.6,0.1,10.1002/chem.201100019,ODH,4564,ODH_charity_0616:row:4564,5.1,train,
24221,24221,Cc1ccccc1S[C@H]2C[C@@H](c3ccccc3)c4ccccc4O2,5.9,1.0,0.05,10.1021/acs.orglett.7b00867,ODH,4565,ODH_charity_0616:row:4565,5.9,train,
24236,24236,Cc1ccc(C[C@@H]2Cc3ccccc3N2)cc1,9.3,1.0,0.01,10.1021/ja502020b,ODH,4566,ODH_charity_0616:row:4566,9.3,train,
24237,24237,Cc1ccc(C[C@H]2Cc3ccccc3N2)cc1,8.5,1.0,0.01,10.1021/ja502020b,ODH,4567,ODH_charity_0616:row:4567,8.5,train,
24238,24238,Cc1cccc(C[C@@H]2Cc3ccccc3N2)c1,9.3,1.0,0.01,10.1021/ja502020b,ODH,4568,ODH_charity_0616:row:4568,9.3,train,
24239,24239,Cc1cccc(C[C@H]2Cc3ccccc3N2)c1,8.5,1.0,0.01,10.1021/ja502020b,ODH,4569,ODH_charity_0616:row:4569,8.5,train,
24250,24250,CCC[C@@H](Nc1ccc(cc1)C(C)(C)C)C(=C)CC,6.534,1.0,0.0,10.1021/jacs.1c04016,ODH,4570,ODH_charity_0616:row:4570,6.534,train,
24251,24251,CCC[C@H](Nc1ccc(cc1)C(C)(C)C)C(=C)CC,8.512,1.0,0.0,10.1021/jacs.1c04016,ODH,4571,ODH_charity_0616:row:4571,8.512,train,
24254,24254,C[C@H](CC(C)=O)\C=C\c1cccc(C)c1,10.24,0.8,0.02,10.1002/adsc.201600375,ODH,4572,ODH_charity_0616:row:4572,8.192,train,
24255,24255,C[C@@H](CC(C)=O)\C=C\c1cccc(C)c1,8.52,0.8,0.02,10.1002/adsc.201600375,ODH,4573,ODH_charity_0616:row:4573,6.816,train,
24258,24258,CCOC(=O)[C@@H](C)Oc1cccc2ccccc12,5.78,1.0,0.07,10.1021/ja074729k,ODH,4574,ODH_charity_0616:row:4574,5.78,train,
24259,24259,CCOC(=O)[C@H](C)Oc1cccc2ccccc12,8.52,1.0,0.07,10.1021/ja074729k,ODH,4575,ODH_charity_0616:row:4575,8.52,train,
24264,24264,Cc1cccc(c1)C2=C(C[C@@H](O2)C=C)C#N,9.171,1.0,0.01,10.1021/acs.orglett.0c01483,ODH,4576,ODH_charity_0616:row:4576,9.171,test,
24265,24265,Cc1cccc(c1)C2=C(C[C@H](O2)C=C)C#N,8.529,1.0,0.01,10.1021/acs.orglett.0c01483,ODH,4577,ODH_charity_0616:row:4577,8.529,train,
24279,24279,Cc1ccc2N[C@@H]([C@@H]3CCO[C@@H]3c2c1)c4ccc(cc4)[N+]([O-])=O,21.42,1.0,0.3,10.1002/anie.201504790,ODH,4578,ODH_charity_0616:row:4578,21.42,train,
24280,24280,Cc1ccc(cc1)\C=C\2CCC[C@H]2O,7.19,1.022,0.1,10.1021/acs.orglett.8b02591,ODH,4579,ODH_charity_0616:row:4579,7.34818,train,
24281,24281,Cc1ccc(cc1)\C=C\2CCC[C@@H]2O,8.58,1.022,0.1,10.1021/acs.orglett.8b02591,ODH,4580,ODH_charity_0616:row:4580,8.76876,train,
24282,24282,COC(=O)[C@H](OCC=C)c1ccccc1,7.69,1.0,0.01,10.1038/nchem.651,ODH,4581,ODH_charity_0616:row:4581,7.69,train,
24283,24283,COC(=O)[C@@H](OCC=C)c1ccccc1,8.58,1.0,0.01,10.1038/nchem.651,ODH,4582,ODH_charity_0616:row:4582,8.58,train,
24284,24284,COC(=O)[C@H](OCC=C)c1ccccc1,7.69,1.0,0.01,10.1038/nchem.651,ODH,4583,ODH_charity_0616:row:4583,7.69,train,
24285,24285,COC(=O)[C@@H](OCC=C)c1ccccc1,8.58,1.0,0.01,10.1038/nchem.651,ODH,4584,ODH_charity_0616:row:4584,8.58,train,
24311,24311,C1CCC(C1)[C@H]2Cc3ccccc3N2,12.2,0.8,0.03,10.1021/ja502020b,ODH,4585,ODH_charity_0616:row:4585,9.76,train,
24312,24312,C1CCC(C1)[C@@H]2Cc3ccccc3N2,8.6,0.8,0.03,10.1021/ja502020b,ODH,4586,ODH_charity_0616:row:4586,6.88,train,
24313,24313,COc1ccc(O[C@H](C(=O)OCc2ccccc2)c3ccccc3)cc1,12.6,1.0,0.1,10.1002/anie.201504483,ODH,4587,ODH_charity_0616:row:4587,12.6,train,
24314,24314,COc1ccc(O[C@@H](C(=O)OCc2ccccc2)c3ccccc3)cc1,8.6,1.0,0.1,10.1002/anie.201504483,ODH,4588,ODH_charity_0616:row:4588,8.6,train,
24319,24319,Cc1ccccc1O[C@H](C(=O)OCc2ccccc2)c3ccccc3,18.2,1.0,0.03,10.1002/anie.201504483,ODH,4589,ODH_charity_0616:row:4589,18.2,train,
24320,24320,Cc1ccccc1O[C@@H](C(=O)OCc2ccccc2)c3ccccc3,8.6,1.0,0.03,10.1002/anie.201504483,ODH,4590,ODH_charity_0616:row:4590,8.6,train,
24321,24321,Cc1ccc(cc1)[C@]2(CCC(=O)O2)C(=O)OC(c3ccccc3)c4ccccc4,21.3,0.75,0.2,10.1002/chem.201501481,ODH,4591,ODH_charity_0616:row:4591,15.975,train,
24322,24322,Cc1ccc(cc1)[C@@]2(CCC(=O)O2)C(=O)OC(c3ccccc3)c4ccccc4,8.6,0.75,0.2,10.1002/chem.201501481,ODH,4592,ODH_charity_0616:row:4592,6.45,train,
24325,24325,Cc1ccccc1/C=C/C[C@](C)(N)C(=O)OC(C)(C)C,4.9,1.0,0.1,10.1021/jacs.7b05460,ODH,4593,ODH_charity_0616:row:4593,4.9,train,
24326,24326,Cc1ccccc1/C=C/C[C@@](C)(N)C(=O)OC(C)(C)C,8.6,1.0,0.1,10.1021/jacs.7b05460,ODH,4594,ODH_charity_0616:row:4594,8.6,train,
24327,24327,Cc1ccccc1/C=C/C[C@](C)(N)C(=O)OC(C)(C)C,4.9,1.0,0.1,10.1021/jacs.7b05460,ODH,4595,ODH_charity_0616:row:4595,4.9,train,
24328,24328,Cc1ccccc1/C=C/C[C@@](C)(N)C(=O)OC(C)(C)C,8.6,1.0,0.1,10.1021/jacs.7b05460,ODH,4596,ODH_charity_0616:row:4596,8.6,train,
24332,24332,C[C@@H](N[S](=O)(=O)C(C)(C)C)c1ccccc1F,7.4,1.0,0.05,10.1002/anie.201902576,ODH,4597,ODH_charity_0616:row:4597,7.4,train,
24333,24333,C[C@H](N[S](=O)(=O)C(C)(C)C)c1ccccc1F,8.6,1.0,0.05,10.1002/anie.201902576,ODH,4598,ODH_charity_0616:row:4598,8.6,train,
24338,24338,O[C@@H]/1CCCC1=C/c2ccccc2C(F)(F)F,7.9,0.8,0.05,10.1021/acs.organomet.9b00366,ODH,4599,ODH_charity_0616:row:4599,6.32,train,
24339,24339,O[C@H]/1CCCC1=C/c2ccccc2C(F)(F)F,8.6,0.8,0.05,10.1021/acs.organomet.9b00366,ODH,4600,ODH_charity_0616:row:4600,6.88,train,
24357,24357,O[C@H]1CC[C@@H](N(C1)Cc2ccccc2)c3ccccc3,9.7,0.6,0.15,10.1021/acscatal.5b02625,ODH,4601,ODH_charity_0616:row:4601,5.82,train,
24360,24360,CC(C)(C)OC(=O)N1OCC[C@@H]1Cc2cccc(Cl)c2,7.887,0.8,0.1,10.1039/D1SC01337H,ODH,4602,ODH_charity_0616:row:4602,6.3096,train,
24361,24361,CC(C)(C)OC(=O)N1OCC[C@H]1Cc2cccc(Cl)c2,8.608,0.8,0.1,10.1039/D1SC01337H,ODH,4603,ODH_charity_0616:row:4603,6.8864,train,
24362,24362,COC(=O)[C@@]1(CCCC1=O)[C@H](C[N+]([O-])=O)c2ccccc2,12.77,1.0,0.2,10.1021/ol4017386,ODH,4604,ODH_charity_0616:row:4604,12.77,train,
24363,24363,CCC[C@@H](O)c1ccccc1,7.86,1.0,0.05,10.1021/acs.orglett.8b02591,ODH,4605,ODH_charity_0616:row:4605,7.86,train,
24364,24364,CCC[C@H](O)c1ccccc1,8.61,1.0,0.05,10.1021/acs.orglett.8b02591,ODH,4606,ODH_charity_0616:row:4606,8.61,train,
24384,24384,COC(=O)[C@H]1[C@H]([C@@H]([C@H]2N1CCc3ccccc23)C(=O)n4nc(C)cc4C)c5ccc(I)cc5,7.485,1.0,0.05,10.1002/chem.202102476,ODH,4607,ODH_charity_0616:row:4607,7.485,train,
24395,24395,COC(=O)[C@@]1(CCCC1=O)[C@H](C[N+]([O-])=O)c2ccccc2Br,10.49,1.0,0.05,10.1021/ol4017386,ODH,4608,ODH_charity_0616:row:4608,10.49,train,
24396,24396,CC(C)Cc1ccc(cc1)C(=O)C(=[N+]=[N-])[C@@H](N)C(F)(F)F,6.958,1.0,0.15,10.1002/anie.201810253,ODH,4609,ODH_charity_0616:row:4609,6.958,train,
24397,24397,CC(C)Cc1ccc(cc1)C(=O)C(=[N+]=[N-])[C@H](N)C(F)(F)F,8.694,1.0,0.15,10.1002/anie.201810253,ODH,4610,ODH_charity_0616:row:4610,8.694,train,
24398,24398,Cc1cc([C@H](C(=O)OCc2ccccc2)c3ccc(F)cc3)c(C)n1Cc4ccccc4,10.0,0.7,0.2,10.1039/C7QO00815E,ODH,4611,ODH_charity_0616:row:4611,7.0,train,
24399,24399,Cc1cc([C@@H](C(=O)OCc2ccccc2)c3ccc(F)cc3)c(C)n1Cc4ccccc4,8.7,0.7,0.2,10.1039/C7QO00815E,ODH,4612,ODH_charity_0616:row:4612,6.09,train,
24400,24400,Fc1ccc(O[C@@H](C(=O)OCc2ccccc2)c3ccccc3)cc1,10.0,1.0,0.03,10.1021/acs.organomet.9b00219,ODH,4613,ODH_charity_0616:row:4613,10.0,train,
24401,24401,Fc1ccc(O[C@H](C(=O)OCc2ccccc2)c3ccccc3)cc1,8.7,1.0,0.03,10.1021/acs.organomet.9b00219,ODH,4614,ODH_charity_0616:row:4614,8.7,train,
24412,24412,CCCCC[C@H](C=C)n1ccc2c(OC)cccc12,12.2,1.0,0.005,10.1002/chem.202004613,ODH,4615,ODH_charity_0616:row:4615,12.2,train,
24413,24413,CCCCC[C@@H](C=C)n1ccc2c(OC)cccc12,8.7,1.0,0.005,10.1002/chem.202004613,ODH,4616,ODH_charity_0616:row:4616,8.7,train,
24416,24416,COc1ccc(O[C@@H](C(=O)OCc2ccccc2)c3ccccc3)cc1,12.8,1.0,0.1,10.1021/acs.organomet.9b00219,ODH,4617,ODH_charity_0616:row:4617,12.8,train,
24417,24417,COc1ccc(O[C@H](C(=O)OCc2ccccc2)c3ccccc3)cc1,8.7,1.0,0.1,10.1021/acs.organomet.9b00219,ODH,4618,ODH_charity_0616:row:4618,8.7,valid,
24418,24418,C=CCN1C(=O)OC[C@]1(CC=C)c2ccccc2,17.5,1.0,0.15,10.1002/chem.201704760,ODH,4619,ODH_charity_0616:row:4619,17.5,train,
24419,24419,C=CCN1C(=O)OC[C@@]1(CC=C)c2ccccc2,8.7,1.0,0.15,10.1002/chem.201704760,ODH,4620,ODH_charity_0616:row:4620,8.7,valid,
24422,24422,CC(C)(C)OC[C@](N)(C\C=C\c1ccccc1)C(=O)OC(C)(C)C,5.1,1.0,0.1,10.1021/jacs.7b05460,ODH,4621,ODH_charity_0616:row:4621,5.1,train,
24423,24423,CC(C)(C)OC[C@@](N)(C\C=C\c1ccccc1)C(=O)OC(C)(C)C,8.7,1.0,0.1,10.1021/jacs.7b05460,ODH,4622,ODH_charity_0616:row:4622,8.7,train,
24424,24424,CC(C)(C)OC[C@](N)(C\C=C\c1ccccc1)C(=O)OC(C)(C)C,5.1,1.0,0.1,10.1021/jacs.7b05460,ODH,4623,ODH_charity_0616:row:4623,5.1,train,
24425,24425,CC(C)(C)OC[C@@](N)(C\C=C\c1ccccc1)C(=O)OC(C)(C)C,8.7,1.0,0.1,10.1021/jacs.7b05460,ODH,4624,ODH_charity_0616:row:4624,8.7,train,
24426,24426,Brc1ccc(cc1)C2(SCCCS2)[C@@H](C=Cc3ccccc3)c4ccccc4,6.1,1.0,0.02,10.1021/acs.orglett.6b03161,ODH,4625,ODH_charity_0616:row:4625,6.1,train,
24427,24427,Brc1ccc(cc1)C2(SCCCS2)[C@H](C=Cc3ccccc3)c4ccccc4,8.7,1.0,0.02,10.1021/acs.orglett.6b03161,ODH,4626,ODH_charity_0616:row:4626,8.7,train,
24429,24429,CC(C)(C)[C@@]1(COc2ccccc12)CC3=CCCC3,7.4,0.75,0.0,10.1002/anie.201907840,ODH,4627,ODH_charity_0616:row:4627,5.55,train,
24430,24430,CC(C)(C)[C@]1(COc2ccccc12)CC3=CCCC3,8.7,0.75,0.0,10.1002/anie.201907840,ODH,4628,ODH_charity_0616:row:4628,6.525,train,
24449,24449,O[C@@H]/1CCCC1=C/c2ccc(F)cc2,9.9,1.0,0.05,10.1021/acs.organomet.9b00366,ODH,4629,ODH_charity_0616:row:4629,9.9,train,
24450,24450,O[C@H]/1CCCC1=C/c2ccc(F)cc2,8.7,1.0,0.05,10.1021/acs.organomet.9b00366,ODH,4630,ODH_charity_0616:row:4630,8.7,train,
24451,24451,Cc1ccc(cc1)[C@@H]2[C@H](O)CCCC23OCCO3,9.361,1.0,0.05,10.1021/acs.orglett.1c00044,ODH,4631,ODH_charity_0616:row:4631,9.361,train,
24453,24453,CC[C@@H](C#Cc1ccccc1)c2ccc(Br)cc2,13.7,0.7,0.005,10.1002/anie.202006317,ODH,4632,ODH_charity_0616:row:4632,9.59,train,
24454,24454,CC[C@H](C#Cc1ccccc1)c2ccc(Br)cc2,8.71,0.7,0.005,10.1002/anie.202006317,ODH,4633,ODH_charity_0616:row:4633,6.097,valid,
24465,24465,Fc1cccc(c1)C2=C(C[C@@H](O2)C=C)C#N,9.44,1.0,0.01,10.1021/acs.orglett.0c01483,ODH,4634,ODH_charity_0616:row:4634,9.44,valid,
24466,24466,Fc1cccc(c1)C2=C(C[C@H](O2)C=C)C#N,8.73,1.0,0.01,10.1021/acs.orglett.0c01483,ODH,4635,ODH_charity_0616:row:4635,8.73,test,
24469,24469,CC(C)Oc1ccc(cc1)\C=C\2CC[C@H]2O,7.782,0.8,0.3,10.1021/acs.orglett.9b01514,ODH,4636,ODH_charity_0616:row:4636,6.2256,train,
24470,24470,CC(C)Oc1ccc(cc1)\C=C\2CC[C@@H]2O,8.737,0.8,0.3,10.1021/acs.orglett.9b01514,ODH,4637,ODH_charity_0616:row:4637,6.9896,train,
24475,24475,CC[C@@H](C#Cc1ccccc1)c2ccccc2C,8.12,0.7,0.005,10.1002/anie.202006317,ODH,4638,ODH_charity_0616:row:4638,5.684,train,
24476,24476,CC[C@H](C#Cc1ccccc1)c2ccccc2C,8.74,0.7,0.005,10.1002/anie.202006317,ODH,4639,ODH_charity_0616:row:4639,6.118,train,
24489,24489,Cc1cccc(c1)[C@@H](O)C(=O)c2cccc(C)c2,13.8,1.0,0.1,10.1021/acs.orglett.0c01626,ODH,4640,ODH_charity_0616:row:4640,13.8,train,
24490,24490,Cc1cccc(c1)[C@H](O)C(=O)c2cccc(C)c2,8.76,1.0,0.1,10.1021/acs.orglett.0c01626,ODH,4641,ODH_charity_0616:row:4641,8.76,train,
24492,24492,N#CC1=C(O[C@H]2C=CCC[C@@H]12)c3ccccc3,9.493,0.8,0.01,10.1039/C9CC07204G,ODH,4642,ODH_charity_0616:row:4642,7.5944,train,
24499,24499,CC(C)(C)OC(=O)N1OCC[C@]1(C)Cc2ccc(cc2)c3ccccc3,9.565,0.8,0.1,10.1039/D1SC01337H,ODH,4643,ODH_charity_0616:row:4643,7.652,train,
24500,24500,CC(C)(C)OC(=O)N1OCC[C@@]1(C)Cc2ccc(cc2)c3ccccc3,8.787,0.8,0.1,10.1039/D1SC01337H,ODH,4644,ODH_charity_0616:row:4644,7.0296,train,
24501,24501,COc1ccccc1\C=C\[C@H]2COc3ccccc3O2,9.3,1.0,0.1,10.1002/cjoc.201800540,ODH,4645,ODH_charity_0616:row:4645,9.3,train,
24502,24502,COc1ccccc1\C=C\[C@@H]2COc3ccccc3O2,8.79,1.0,0.1,10.1002/cjoc.201800540,ODH,4646,ODH_charity_0616:row:4646,8.79,train,
24503,24503,Fc1ccc(cc1)C2=C(C[C@@H](O2)C=C)C#N,10.319,1.0,0.01,10.1021/acs.orglett.0c01483,ODH,4647,ODH_charity_0616:row:4647,10.319,test,
24504,24504,Fc1ccc(cc1)C2=C(C[C@H](O2)C=C)C#N,8.795,1.0,0.01,10.1021/acs.orglett.0c01483,ODH,4648,ODH_charity_0616:row:4648,8.795,train,
24507,24507,CCOC(=O)[C@@]1(CCC(=O)O1)c2ccccc2,10.0,0.75,0.2,10.1002/chem.201501481,ODH,4649,ODH_charity_0616:row:4649,7.5,train,
24508,24508,CCOC(=O)[C@]1(CCC(=O)O1)c2ccccc2,8.8,0.75,0.2,10.1002/chem.201501481,ODH,4650,ODH_charity_0616:row:4650,6.6,train,
24511,24511,O=S1(N[C@@H](P(OC(C)C)(OC(C)C)=O)C2=CC=CC=C21)=O,10.2,0.8,0.2,10.1016/j.tetlet.2018.06.037,ODH,4651,ODH_charity_0616:row:4651,8.16,train,
24512,24512,O=S1(N[C@H](P(OC(C)C)(OC(C)C)=O)C2=CC=CC=C21)=O,8.8,0.8,0.2,10.1016/j.tetlet.2018.06.037,ODH,4652,ODH_charity_0616:row:4652,7.04,train,
24515,24515,COc1ccccc1[C@@H]2Cc3ccccc3C(=O)C(=N2)c4ccccc4O,10.9,0.8,0.07,10.1021/acs.orglett.6b03027,ODH,4653,ODH_charity_0616:row:4653,8.72,valid,
24516,24516,COc1ccccc1[C@H]2Cc3ccccc3C(=O)C(=N2)c4ccccc4O,8.8,0.8,0.07,10.1021/acs.orglett.6b03027,ODH,4654,ODH_charity_0616:row:4654,7.04,test,
24519,24519,Fc1ccccc1[C@]2(CCC(=O)O2)C(=O)OC(c3ccccc3)c4ccccc4,11.9,0.75,0.2,10.1002/chem.201501481,ODH,4655,ODH_charity_0616:row:4655,8.925,train,
24520,24520,Fc1ccccc1[C@@]2(CCC(=O)O2)C(=O)OC(c3ccccc3)c4ccccc4,8.8,0.75,0.2,10.1002/chem.201501481,ODH,4656,ODH_charity_0616:row:4656,6.6,train,
24523,24523,Clc1ccc(cc1)[C@@H](Oc2ccccc2)C(=O)OCc3ccccc3,14.3,0.7,0.15,10.1021/acs.organomet.9b00219,ODH,4657,ODH_charity_0616:row:4657,10.01,train,
24524,24524,Clc1ccc(cc1)[C@H](Oc2ccccc2)C(=O)OCc3ccccc3,8.8,0.7,0.15,10.1021/acs.organomet.9b00219,ODH,4658,ODH_charity_0616:row:4658,6.16,train,
24532,24532,Clc1ccc(cc1)C2(SCCCS2)[C@@H](C=Cc3ccccc3)c4ccccc4,6.2,1.0,0.02,10.1021/acs.orglett.6b03161,ODH,4659,ODH_charity_0616:row:4659,6.2,train,
24533,24533,Clc1ccc(cc1)C2(SCCCS2)[C@H](C=Cc3ccccc3)c4ccccc4,8.8,1.0,0.02,10.1021/acs.orglett.6b03161,ODH,4660,ODH_charity_0616:row:4660,8.8,test,
24538,24538,CCCCC[C@H](C=C)n1ccc2cc(ccc12)c3ccccc3,7.3,1.0,0.001,10.1002/chem.202004613,ODH,4661,ODH_charity_0616:row:4661,7.3,train,
24539,24539,CCCCC[C@@H](C=C)n1ccc2cc(ccc12)c3ccccc3,8.8,1.0,0.001,10.1002/chem.202004613,ODH,4662,ODH_charity_0616:row:4662,8.8,train,
24540,24540,CCCCC[C@H](C=C)n1ccc2cc(ccc12)C#Cc3ccccc3,7.9,1.0,0.001,10.1002/chem.202004613,ODH,4663,ODH_charity_0616:row:4663,7.9,train,
24541,24541,CCCCC[C@@H](C=C)n1ccc2cc(ccc12)C#Cc3ccccc3,8.8,1.0,0.001,10.1002/chem.202004613,ODH,4664,ODH_charity_0616:row:4664,8.8,train,
24542,24542,CC(C)[C@@H](N[S](=O)(=O)C(C)(C)C)c1ccccc1,7.9,1.0,0.05,10.1002/anie.201902576,ODH,4665,ODH_charity_0616:row:4665,7.9,train,
24543,24543,CC(C)[C@H](N[S](=O)(=O)C(C)(C)C)c1ccccc1,8.8,1.0,0.05,10.1002/anie.201902576,ODH,4666,ODH_charity_0616:row:4666,8.8,train,
24557,24557,CCOC(=O)/C=C/[C@H]1[C@H](C(C)C)N1[S](=O)(=O)c2ccc(C)cc2,12.89,0.8,0.2,10.1021/jacs.5b01305,ODH,4667,ODH_charity_0616:row:4667,10.312,test,
24558,24558,CCOC(=O)/C=C/[C@@H]1[C@H](C(C)C)N1[S](=O)(=O)c2ccc(C)cc2,8.82,0.8,0.2,10.1021/jacs.5b01305,ODH,4668,ODH_charity_0616:row:4668,7.056,train,
24559,24559,CC[C@@]1(N(c2cc(C)c(C)cc2C1=C)[S](=O)(=O)C(F)(F)F)c3ccc(Cl)cc3,8.26,0.6,0.0,10.1002/anie.201904805,ODH,4669,ODH_charity_0616:row:4669,4.956,test,
24560,24560,CC[C@]1(N(c2cc(C)c(C)cc2C1=C)[S](=O)(=O)C(F)(F)F)c3ccc(Cl)cc3,8.82,0.6,0.0,10.1002/anie.201904805,ODH,4670,ODH_charity_0616:row:4670,5.292,train,
24570,24570,C[C@@](C/C=C/C=C/c1ccccc1F)(C=O)c2ccccc2,10.05,1.0,0.03,10.1021/acs.orglett.8b00740,ODH,4671,ODH_charity_0616:row:4671,10.05,train,
24571,24571,C[C@](C/C=C/C=C/c1ccccc1F)(C=O)c2ccccc2,8.851,1.0,0.03,10.1021/acs.orglett.8b00740,ODH,4672,ODH_charity_0616:row:4672,8.851,train,
24575,24575,Cc1cccc(c1)[C@@H]2CCc3ccccc3N2,7.15,1.0,0.05,10.1021/ja903547q,ODH,4673,ODH_charity_0616:row:4673,7.15,train,
24576,24576,Cc1cccc(c1)[C@H]2CCc3ccccc3N2,8.86,1.0,0.05,10.1021/ja903547q,ODH,4674,ODH_charity_0616:row:4674,8.86,train,
24585,24585,FC(F)(F)c1ccc(cc1)C2=C(C[C@@H](O2)C=C)C#N,10.72,1.0,0.01,10.1021/acs.orglett.0c01483,ODH,4675,ODH_charity_0616:row:4675,10.72,train,
24586,24586,FC(F)(F)c1ccc(cc1)C2=C(C[C@H](O2)C=C)C#N,8.878,1.0,0.01,10.1021/acs.orglett.0c01483,ODH,4676,ODH_charity_0616:row:4676,8.878,train,
24591,24591,C=C1C[C@](CC#C)(C(=O)O1)c2ccc(cc2)c3ccccc3,9.72,2.0,0.005,10.1016/j.tetlet.2020.152106,ODH,4677,ODH_charity_0616:row:4677,19.44,train,
24592,24592,C=C1C[C@@](CC#C)(C(=O)O1)c2ccc(cc2)c3ccccc3,8.89,2.0,0.005,10.1016/j.tetlet.2020.152106,ODH,4678,ODH_charity_0616:row:4678,17.78,train,
24593,24593,C[C@H](CC(C)=O)\C=C\c1ccccc1C,9.99,0.8,0.02,10.1002/adsc.201600375,ODH,4679,ODH_charity_0616:row:4679,7.992,train,
24594,24594,C[C@@H](CC(C)=O)\C=C\c1ccccc1C,8.89,0.8,0.02,10.1002/adsc.201600375,ODH,4680,ODH_charity_0616:row:4680,7.112,train,
24597,24597,Cc1cccc(c1)[C@@H](C(=O)OCc2ccccc2)c3cc(C)n(Cc4ccccc4)c3C,10.0,0.7,0.2,10.1039/C7QO00815E,ODH,4681,ODH_charity_0616:row:4681,7.0,test,
24598,24598,Cc1cccc(c1)[C@H](C(=O)OCc2ccccc2)c3cc(C)n(Cc4ccccc4)c3C,8.9,0.7,0.2,10.1039/C7QO00815E,ODH,4682,ODH_charity_0616:row:4682,6.23,train,
24599,24599,CCCCC[C@]1(CI)COc2cc(ccc12)C(=O)N3CCCCC3,10.0,0.8,0.2,10.1021/jacs.9b04332,ODH,4683,ODH_charity_0616:row:4683,8.0,train,
24600,24600,CCCCC[C@@]1(CI)COc2cc(ccc12)C(=O)N3CCCCC3,8.9,0.8,0.2,10.1021/jacs.9b04332,ODH,4684,ODH_charity_0616:row:4684,7.12,valid,
24609,24609,Fc1ccc(O[C@H](C(=O)OCc2ccccc2)c3ccccc3)cc1,10.3,1.0,0.03,10.1002/anie.201504483,ODH,4685,ODH_charity_0616:row:4685,10.3,test,
24610,24610,Fc1ccc(O[C@@H](C(=O)OCc2ccccc2)c3ccccc3)cc1,8.9,1.0,0.03,10.1002/anie.201504483,ODH,4686,ODH_charity_0616:row:4686,8.9,train,
24627,24627,Brc1ccc(CCC(=O)O\C(c2ccccc2)=C\3[C@H]([C@@H](C=C3c4ccccc4)c5ccc(Br)cc5)c6cccc(Br)c6)cc1,13.1,0.7,0.05,10.1002/anie.201408604,ODH,4687,ODH_charity_0616:row:4687,9.17,train,
24638,24638,C[C@@H](N[S](=O)(=O)C(C)(C)C)c1cccc(F)c1,6.9,1.0,0.05,10.1002/anie.201902576,ODH,4688,ODH_charity_0616:row:4688,6.9,train,
24639,24639,C[C@H](N[S](=O)(=O)C(C)(C)C)c1cccc(F)c1,8.9,1.0,0.05,10.1002/anie.201902576,ODH,4689,ODH_charity_0616:row:4689,8.9,train,
24643,24643,CCCCC[C@H](C=C)n1ccc2cc(OC)ccc12,7.8,1.0,0.005,10.1002/chem.202004613,ODH,4690,ODH_charity_0616:row:4690,7.8,train,
24644,24644,CCCCC[C@@H](C=C)n1ccc2cc(OC)ccc12,8.9,1.0,0.005,10.1002/chem.202004613,ODH,4691,ODH_charity_0616:row:4691,8.9,train,
24651,24651,CCCC[C@H]1NCc2ccc(C)cc2[C@H]1F,9.5,0.8,0.05,10.1021/acs.orglett.7b02502,ODH,4692,ODH_charity_0616:row:4692,7.6,train,
24652,24652,CCCC[C@@H]1NCc2ccc(C)cc2[C@H]1F,8.9,0.8,0.05,10.1021/acs.orglett.7b02502,ODH,4693,ODH_charity_0616:row:4693,7.12,train,
24660,24660,CCCCC[C@H](C=C)c1c[nH]c2c(Cl)cccc12,9.8,1.0,0.002,10.1002/chem.202004613,ODH,4694,ODH_charity_0616:row:4694,9.8,valid,
24661,24661,CCCCC[C@@H](C=C)c1c[nH]c2c(Cl)cccc12,8.9,1.0,0.002,10.1002/chem.202004613,ODH,4695,ODH_charity_0616:row:4695,8.9,train,
24662,24662,Clc1ccc(O[C@H](C(=O)OCc2ccccc2)c3ccccc3)cc1,9.8,1.0,0.03,10.1002/anie.201504483,ODH,4696,ODH_charity_0616:row:4696,9.8,train,
24663,24663,Clc1ccc(O[C@@H](C(=O)OCc2ccccc2)c3ccccc3)cc1,8.9,1.0,0.03,10.1002/anie.201504483,ODH,4697,ODH_charity_0616:row:4697,8.9,valid,
24664,24664,CCOC(=O)[C@H]1CC[C@]2([C@@H]1N(C(=O)OC(C)(C)C)c3ccccc23)[N+]([O-])=O,6.424,1.0,0.1,10.1002/anie.201900036,ODH,4698,ODH_charity_0616:row:4698,6.424,train,
24684,24684,C[C@H](O)[C@H](N1CCCC1)c2cccc(C)c2,7.14,1.0,0.01,10.1021/ja901058u,ODH,4699,ODH_charity_0616:row:4699,7.14,train,
24685,24685,C[C@@H](O)[C@H](N1CCCC1)c2cccc(C)c2,8.96,1.0,0.01,10.1021/ja901058u,ODH,4700,ODH_charity_0616:row:4700,8.96,train,
24691,24691,CCc1ccc(cc1)C2=NO[C@@](C)(CC(C)=C)C2,8.0,0.6,0.05,10.1002/anie.201912408,ODH,4701,ODH_charity_0616:row:4701,4.8,train,
24692,24692,CCc1ccc(cc1)C2=NO[C@](C)(CC(C)=C)C2,8.97,0.6,0.05,10.1002/anie.201912408,ODH,4702,ODH_charity_0616:row:4702,5.382,train,
24703,24703,Cc1ccc2N(Cc3ccccc3)C(=O)[C@]4(OC(=O)c5cc6ccccc6n45)c2c1Br,72.7,0.3,0.1,10.1002/anie.201912160,ODH,4703,ODH_charity_0616:row:4703,21.81,train,
24704,24704,Cc1ccc2N(Cc3ccccc3)C(=O)[C@@]4(OC(=O)c5cc6ccccc6n45)c2c1Br,80.6,0.3,0.1,10.1002/anie.201912160,ODH,4704,ODH_charity_0616:row:4704,24.18,train,
24711,24711,O=C1OC(=C[C@@H]([C@@H]1Cc2ccccc2)c3cccnc3)c4ccccc4,31.6,0.75,0.1,10.1021/ol303035r,ODH,4705,ODH_charity_0616:row:4705,23.7,test,
24714,24714,Cc1ccc(cc1)[S](=O)(=O)N2C(=O)C[C@@H](C=C2c3ccccc3)c4sccc4,76.4,0.6,0.05,10.1021/acs.orglett.7b03650,ODH,4706,ODH_charity_0616:row:4706,45.84,train,
24715,24715,Cc1ccc(cc1)[S](=O)(=O)N2C(=O)C[C@H](C=C2c3ccccc3)c4sccc4,83.5,0.6,0.05,10.1021/acs.orglett.7b03650,ODH,4707,ODH_charity_0616:row:4707,50.1,train,
24720,24720,O[C@@H]1C[C@H](CCc2ccccc2)Oc3ccc(F)cc13,89.431,0.5,0.03,10.1039/C8CC07787H,ODH,4708,ODH_charity_0616:row:4708,44.7155,train,
24722,24722,COc1cccc(c1)[C@@H]2NCCNC2=O,62.0,1.0,0.1,10.1002/adsc.201700175,ODH,4709,ODH_charity_0616:row:4709,62.0,excluded,official_RTv_gt_60
24723,24723,COc1cccc(c1)[C@H]2NCCNC2=O,85.1,1.0,0.1,10.1002/adsc.201700175,ODH,4710,ODH_charity_0616:row:4710,85.1,excluded,official_RTv_gt_60
24763,24763,Clc1ccc(cc1)[C@H](Oc2ccccc2)C(=O)OCc3ccccc3,14.6,0.7,0.15,10.1002/anie.201504483,ODH,4711,ODH_charity_0616:row:4711,10.22,train,
24764,24764,Clc1ccc(cc1)[C@@H](Oc2ccccc2)C(=O)OCc3ccccc3,9.0,0.7,0.15,10.1002/anie.201504483,ODH,4712,ODH_charity_0616:row:4712,6.3,valid,
24769,24769,O=C(OCc1ccccc1)[C@@H](Oc2ccccc2)c3ccc4ccccc4c3,18.5,1.0,0.1,10.1002/anie.201504483,ODH,4713,ODH_charity_0616:row:4713,18.5,train,
24770,24770,O=C(OCc1ccccc1)[C@H](Oc2ccccc2)c3ccc4ccccc4c3,9.0,1.0,0.1,10.1002/anie.201504483,ODH,4714,ODH_charity_0616:row:4714,9.0,train,
24773,24773,Cc1oc(c2ccccc2)c3[C@@H]4COCCN4c5cc(ccc5Cc13)C#Cc6ccccc6,6.2,0.8,0.1,10.1002/chem.201100019,ODH,4715,ODH_charity_0616:row:4715,4.96,train,
24774,24774,Cc1oc(c2ccccc2)c3[C@H]4COCCN4c5cc(ccc5Cc13)C#Cc6ccccc6,9.0,0.8,0.1,10.1002/chem.201100019,ODH,4716,ODH_charity_0616:row:4716,7.2,train,
24780,24780,[N-]=[N+]=NC[C@@H]1COC2(CCC2)c3ccccc3O1,7.9,1.0,0.03,10.1021/acs.orglett.9b04244,ODH,4717,ODH_charity_0616:row:4717,7.9,train,
24781,24781,[N-]=[N+]=NC[C@H]1COC2(CCC2)c3ccccc3O1,9.0,1.0,0.03,10.1021/acs.orglett.9b04244,ODH,4718,ODH_charity_0616:row:4718,9.0,train,
24784,24784,COc1ccc(Br)cc1C(C)(C)C[C@]2(Cc3n(C(=O)OC(C)(C)C)c4ccccc4c3C(=O)O2)C(F)(F)F,8.0,0.6,0.05,10.1002/anie.201305861,ODH,4719,ODH_charity_0616:row:4719,4.8,train,
24785,24785,COc1ccc(Br)cc1C(C)(C)C[C@@]2(Cc3n(C(=O)OC(C)(C)C)c4ccccc4c3C(=O)O2)C(F)(F)F,9.0,0.6,0.05,10.1002/anie.201305861,ODH,4720,ODH_charity_0616:row:4720,5.4,train,
24786,24786,COC(=O)[C@H](F)\C=C\c1ccccc1,8.2,1.0,0.03,10.1002/anie.201204521,ODH,4721,ODH_charity_0616:row:4721,8.2,valid,
24787,24787,COC(=O)[C@@H](F)\C=C\c1ccccc1,9.0,1.0,0.03,10.1002/anie.201204521,ODH,4722,ODH_charity_0616:row:4722,9.0,train,
24788,24788,COc1ccc(N[C@H](CC(C)C)C(=O)Oc2ccccc2)cc1,8.2,1.0,0.05,10.1021/jacs.0c07210,ODH,4723,ODH_charity_0616:row:4723,8.2,test,
24789,24789,COc1ccc(N[C@@H](CC(C)C)C(=O)Oc2ccccc2)cc1,9.0,1.0,0.05,10.1021/jacs.0c07210,ODH,4724,ODH_charity_0616:row:4724,9.0,train,
24792,24792,CC[C@]1(OC(=O)c2cc(C)ccc2O1)C(F)(F)F,9.6,0.5,0.01,10.1038/ncomms15598,ODH,4725,ODH_charity_0616:row:4725,4.8,train,
24793,24793,CC[C@@]1(OC(=O)c2cc(C)ccc2O1)C(F)(F)F,9.0,0.5,0.01,10.1038/ncomms15598,ODH,4726,ODH_charity_0616:row:4726,4.5,valid,
24796,24796,Clc1ccc(O[C@@H](C(=O)OCc2ccccc2)c3ccccc3)cc1,9.8,1.0,0.03,10.1021/acs.organomet.9b00219,ODH,4727,ODH_charity_0616:row:4727,9.8,train,
24797,24797,Clc1ccc(O[C@H](C(=O)OCc2ccccc2)c3ccccc3)cc1,9.0,1.0,0.03,10.1021/acs.organomet.9b00219,ODH,4728,ODH_charity_0616:row:4728,9.0,train,
24800,24800,C=C[C@H]1CC(=C(O1)c2cocc2)C#N,9.704,1.0,0.01,10.1021/acs.orglett.0c01483,ODH,4729,ODH_charity_0616:row:4729,9.704,train,
24801,24801,C=C[C@@H]1CC(=C(O1)c2cocc2)C#N,9.006,1.0,0.01,10.1021/acs.orglett.0c01483,ODH,4730,ODH_charity_0616:row:4730,9.006,train,
24811,24811,C=C[C@@H](C1CC1)C(Cc2ccccc2)(C#N)C#N,9.74,1.0,0.05,10.1021/acs.orglett.0c00962,ODH,4731,ODH_charity_0616:row:4731,9.74,train,
24812,24812,C=C[C@H](C1CC1)C(Cc2ccccc2)(C#N)C#N,9.04,1.0,0.05,10.1021/acs.orglett.0c00962,ODH,4732,ODH_charity_0616:row:4732,9.04,train,
24813,24813,Clc1cccc(c1)C2=C(C[C@@H](O2)C=C)C#N,9.893,1.0,0.01,10.1021/acs.orglett.0c01483,ODH,4733,ODH_charity_0616:row:4733,9.893,test,
24814,24814,Clc1cccc(c1)C2=C(C[C@H](O2)C=C)C#N,9.049,1.0,0.01,10.1021/acs.orglett.0c01483,ODH,4734,ODH_charity_0616:row:4734,9.049,train,
24830,24830,CC[C@@]1(N(c2ccc(C)cc2C1=C)[S](=O)(=O)C(F)(F)F)c3ccccc3,8.1,0.5,0.05,10.1002/anie.201904805,ODH,4735,ODH_charity_0616:row:4735,4.05,train,
24831,24831,CC[C@]1(N(c2ccc(C)cc2C1=C)[S](=O)(=O)C(F)(F)F)c3ccccc3,9.08,0.5,0.05,10.1002/anie.201904805,ODH,4736,ODH_charity_0616:row:4736,4.54,train,
24857,24857,CCCCCC(=O)O\C(c1ccccc1)=C\2[C@H]([C@H](CCC)C=C2c3ccccc3)c4cccc(Br)c4,10.6,0.7,0.01,10.1002/anie.201408604,ODH,4737,ODH_charity_0616:row:4737,7.42,train,
24858,24858,CCCCCC(=O)O\C(c1ccccc1)=C\2[C@@H]([C@H](CCC)C=C2c3ccccc3)c4cccc(Br)c4,9.1,0.7,0.01,10.1002/anie.201408604,ODH,4738,ODH_charity_0616:row:4738,6.37,test,
24877,24877,Fc1cccc(c1)[C@]2(CCC(=O)O2)C(=O)OC(c3ccccc3)c4ccccc4,31.2,0.75,0.2,10.1002/chem.201501481,ODH,4739,ODH_charity_0616:row:4739,23.4,train,
24878,24878,Fc1cccc(c1)[C@@]2(CCC(=O)O2)C(=O)OC(c3ccccc3)c4ccccc4,9.1,0.75,0.2,10.1002/chem.201501481,ODH,4740,ODH_charity_0616:row:4740,6.825,train,
24897,24897,Cc1ccc(C[C@@]2(C)CC(=NO2)c3ccccc3)cc1,9.89,0.8,0.1,10.1002/anie.201912408,ODH,4741,ODH_charity_0616:row:4741,7.912,test,
24898,24898,Cc1ccc(C[C@]2(C)CC(=NO2)c3ccccc3)cc1,9.1,0.8,0.1,10.1002/anie.201912408,ODH,4742,ODH_charity_0616:row:4742,7.28,train,
24899,24899,CCCCCC/C=C/C=C/C[C@](S)(Cc1ccccc1Br)C(N)=O,8.295,1.0,0.03,10.1021/acs.orglett.8b01697,ODH,4743,ODH_charity_0616:row:4743,8.295,test,
24900,24900,CCCCCC/C=C/C=C/C[C@@](S)(Cc1ccccc1Br)C(N)=O,9.103,1.0,0.03,10.1021/acs.orglett.8b01697,ODH,4744,ODH_charity_0616:row:4744,9.103,test,
24911,24911,O[C@@H]/1CCCC1=C/c2ccccc2,8.47,1.0,0.1,10.1021/acs.orglett.8b02591,ODH,4745,ODH_charity_0616:row:4745,8.47,train,
24912,24912,O[C@H]/1CCCC1=C/c2ccccc2,9.12,1.0,0.1,10.1021/acs.orglett.8b02591,ODH,4746,ODH_charity_0616:row:4746,9.12,train,
24938,24938,CN(CC[C@@H](O)c1cccc(Cl)c1)Cc2ccccc2,12.08,1.0,0.05,10.1039/C3OB40135A,ODH,4747,ODH_charity_0616:row:4747,12.08,train,
24939,24939,CN(CC[C@H](O)c1cccc(Cl)c1)Cc2ccccc2,9.18,1.0,0.05,10.1039/C3OB40135A,ODH,4748,ODH_charity_0616:row:4748,9.18,train,
24952,24952,IC[C@]1(CCCCN2c3ccccc3C=Cc4ccccc24)COc5ccccc15,10.0,0.8,0.1,10.1021/jacs.9b04332,ODH,4749,ODH_charity_0616:row:4749,8.0,train,
24953,24953,IC[C@@]1(CCCCN2c3ccccc3C=Cc4ccccc24)COc5ccccc15,9.2,0.8,0.1,10.1021/jacs.9b04332,ODH,4750,ODH_charity_0616:row:4750,7.36,train,
24958,24958,Cc1cc([C@H](C(=O)OCc2ccccc2)c3ccc(Br)cc3)c(C)n1Cc4ccccc4,10.6,0.7,0.2,10.1039/C7QO00815E,ODH,4751,ODH_charity_0616:row:4751,7.42,train,
24959,24959,Cc1cc([C@@H](C(=O)OCc2ccccc2)c3ccc(Br)cc3)c(C)n1Cc4ccccc4,9.2,0.7,0.2,10.1039/C7QO00815E,ODH,4752,ODH_charity_0616:row:4752,6.44,train,
24965,24965,Cc1oc(c2ccccc2)c3[C@@H]4COCCN4c5ccccc5Cc13,13.7,0.6,0.1,10.1002/chem.201100019,ODH,4753,ODH_charity_0616:row:4753,8.22,valid,
24966,24966,Cc1oc(c2ccccc2)c3[C@H]4COCCN4c5ccccc5Cc13,9.2,0.6,0.1,10.1002/chem.201100019,ODH,4754,ODH_charity_0616:row:4754,5.52,test,
24969,24969,COc1ccc2N[C@H](C)Cc2c1,18.4,1.0,0.05,10.1039/C8QO00710A,ODH,4755,ODH_charity_0616:row:4755,18.4,train,
24970,24970,COc1ccc2N[C@@H](C)Cc2c1,9.2,1.0,0.05,10.1039/C8QO00710A,ODH,4756,ODH_charity_0616:row:4756,9.2,train,
24971,24971,Cc1cccc(O[C@@H](C(=O)OCc2ccccc2)c3ccccc3)c1,19.6,0.7,0.03,10.1021/acs.organomet.9b00219,ODH,4757,ODH_charity_0616:row:4757,13.72,train,
24972,24972,Cc1cccc(O[C@H](C(=O)OCc2ccccc2)c3ccccc3)c1,9.2,0.7,0.03,10.1021/acs.organomet.9b00219,ODH,4758,ODH_charity_0616:row:4758,6.44,train,
24973,24973,Cc1ccccc1O[C@@H](C(=O)OCc2ccccc2)c3ccccc3,20.4,1.0,0.03,10.1021/acs.organomet.9b00219,ODH,4759,ODH_charity_0616:row:4759,20.4,train,
24974,24974,Cc1ccccc1O[C@H](C(=O)OCc2ccccc2)c3ccccc3,9.2,1.0,0.03,10.1021/acs.organomet.9b00219,ODH,4760,ODH_charity_0616:row:4760,9.2,train,
24975,24975,O=C(OCc1ccccc1)[C@H](Oc2ccc(cc2)c3ccccc3)c4ccccc4,22.9,1.0,0.1,10.1021/acs.organomet.9b00219,ODH,4761,ODH_charity_0616:row:4761,22.9,train,
24976,24976,O=C(OCc1ccccc1)[C@@H](Oc2ccc(cc2)c3ccccc3)c4ccccc4,9.2,1.0,0.1,10.1021/acs.organomet.9b00219,ODH,4762,ODH_charity_0616:row:4762,9.2,train,
24984,24984,O[C@@H]/1CCCCCC1=C/c2ccccc2,7.6,0.8,0.1,10.1021/acs.organomet.9b00366,ODH,4763,ODH_charity_0616:row:4763,6.08,train,
24985,24985,O[C@H]/1CCCCCC1=C/c2ccccc2,9.2,0.8,0.1,10.1021/acs.organomet.9b00366,ODH,4764,ODH_charity_0616:row:4764,7.36,train,
24986,24986,CC(C)(Cc1ccccc1)[C@@H](O)c2ccccc2,7.8,0.8,0.1,10.1016/j.tetlet.2011.03.057,ODH,4765,ODH_charity_0616:row:4765,6.24,train,
24987,24987,CC(C)(Cc1ccccc1)[C@H](O)c2ccccc2,9.2,0.8,0.1,10.1016/j.tetlet.2011.03.057,ODH,4766,ODH_charity_0616:row:4766,7.36,train,
25006,25006,O[C@@H]/1CCC1=C/c2ccccc2F,7.731,0.8,0.1,10.1021/acs.orglett.9b01514,ODH,4767,ODH_charity_0616:row:4767,6.1848,train,
25007,25007,O[C@H]/1CCC1=C/c2ccccc2F,9.214,0.8,0.1,10.1021/acs.orglett.9b01514,ODH,4768,ODH_charity_0616:row:4768,7.3712,train,
25008,25008,Fc1ccc(cc1F)C2=C(C[C@@H](O2)C=C)C#N,9.951,1.0,0.01,10.1021/acs.orglett.0c01483,ODH,4769,ODH_charity_0616:row:4769,9.951,train,
25009,25009,Fc1ccc(cc1F)C2=C(C[C@H](O2)C=C)C#N,9.221,1.0,0.01,10.1021/acs.orglett.0c01483,ODH,4770,ODH_charity_0616:row:4770,9.221,train,
25012,25012,C=C[C@@H](c1ccccc1)C(Cc2ccccc2)(C#N)C#N,10.3,1.0,0.05,10.1021/acs.orglett.0c00962,ODH,4771,ODH_charity_0616:row:4771,10.3,test,
25013,25013,C=C[C@H](c1ccccc1)C(Cc2ccccc2)(C#N)C#N,9.23,1.0,0.05,10.1021/acs.orglett.0c00962,ODH,4772,ODH_charity_0616:row:4772,9.23,train,
25014,25014,CC(=C)[C@@H]1CN(C(=C1)c2ccc(F)cc2)[S](=O)(=O)c3ccc(C)cc3,8.53,0.8,0.05,10.1021/jacs.6b00386,ODH,4773,ODH_charity_0616:row:4773,6.824,train,
25015,25015,CC(=C)[C@H]1CN(C(=C1)c2ccc(F)cc2)[S](=O)(=O)c3ccc(C)cc3,9.23,0.8,0.05,10.1021/jacs.6b00386,ODH,4774,ODH_charity_0616:row:4774,7.384,train,
25030,25030,CC[C@@]1(N(c2cc(C)ccc2C1=C)[S](=O)(=O)C(F)(F)F)c3ccccc3,7.86,0.5,0.05,10.1002/anie.201904805,ODH,4775,ODH_charity_0616:row:4775,3.93,train,
25031,25031,CC[C@]1(N(c2cc(C)ccc2C1=C)[S](=O)(=O)C(F)(F)F)c3ccccc3,9.27,0.5,0.05,10.1002/anie.201904805,ODH,4776,ODH_charity_0616:row:4776,4.635,train,
25041,25041,C[C@@H]1Cc2ccccc2N1,10.1,0.8,0.03,10.1021/ja502020b,ODH,4777,ODH_charity_0616:row:4777,8.08,train,
25042,25042,C[C@H]1Cc2ccccc2N1,9.3,0.8,0.03,10.1021/ja502020b,ODH,4778,ODH_charity_0616:row:4778,7.44,valid,
25045,25045,CC(C)(C)OC(=O)N1[C@@H](CCO[Si](C)(C)C(C)(C)C)C=CCN1C(=O)Nc2ccc(Cl)cc2,10.2,0.5,0.06,10.1021/ol503047s,ODH,4779,ODH_charity_0616:row:4779,5.1,train,
25046,25046,CC(C)(C)OC(=O)N1[C@H](CCO[Si](C)(C)C(C)(C)C)C=CCN1C(=O)Nc2ccc(Cl)cc2,9.3,0.5,0.06,10.1021/ol503047s,ODH,4780,ODH_charity_0616:row:4780,4.65,train,
25047,25047,COc1cccc(c1)[C@H]2[C@H](C)[C@@H]3O[C@@]3([C@H]2C(=O)c4ccc(Br)cc4)c5ccc(Br)cc5,10.4,0.75,0.1,10.1002/anie.201408604,ODH,4781,ODH_charity_0616:row:4781,7.8,train,
25052,25052,Oc1ccccc1[C@H](OCCOC(=O)c2ccccc2)c3ccccc3,11.0,1.0,0.1,10.1021/acs.orglett.5b03072,ODH,4782,ODH_charity_0616:row:4782,11.0,train,
25053,25053,Oc1ccccc1[C@@H](OCCOC(=O)c2ccccc2)c3ccccc3,9.3,1.0,0.1,10.1021/acs.orglett.5b03072,ODH,4783,ODH_charity_0616:row:4783,9.3,train,
25072,25072,O=C(OCc1ccccc1)[C@@H](Oc2ccc(cc2)c3ccccc3)c4ccccc4,22.8,1.0,0.1,10.1002/anie.201504483,ODH,4784,ODH_charity_0616:row:4784,22.8,train,
25073,25073,O=C(OCc1ccccc1)[C@H](Oc2ccc(cc2)c3ccccc3)c4ccccc4,9.3,1.0,0.1,10.1002/anie.201504483,ODH,4785,ODH_charity_0616:row:4785,9.3,train,
25082,25082,Cc1ccc(C[C@H](B2OC(C)(C)C(C)(C)O2)N3CCOC3=O)cc1,7.5,1.0,0.1,10.1021/acscatal.9b04543.,ODH,4786,ODH_charity_0616:row:4786,7.5,train,
25083,25083,Cc1ccc(C[C@@H](B2OC(C)(C)C(C)(C)O2)N3CCOC3=O)cc1,9.3,1.0,0.1,10.1021/acscatal.9b04543.,ODH,4787,ODH_charity_0616:row:4787,9.3,train,
25084,25084,Fc1cccc2[C@@H]3CCO[C@@H]3Oc12,7.7,1.0,0.02,10.1039/D0SC01391A,ODH,4788,ODH_charity_0616:row:4788,7.7,train,
25085,25085,CC1(C)OB(OC1(C)C)[C@@H](Cc2ccc(F)cc2)N3CCOC3=O,7.8,1.0,0.1,10.1021/acscatal.9b04543.,ODH,4789,ODH_charity_0616:row:4789,7.8,train,
25086,25086,CC1(C)OB(OC1(C)C)[C@H](Cc2ccc(F)cc2)N3CCOC3=O,9.3,1.0,0.1,10.1021/acscatal.9b04543.,ODH,4790,ODH_charity_0616:row:4790,9.3,train,
25090,25090,C[C@@H](N[S](=O)(=O)C(C)(C)C)c1ccccc1Cl,8.0,1.0,0.05,10.1002/anie.201902576,ODH,4791,ODH_charity_0616:row:4791,8.0,train,
25091,25091,C[C@H](N[S](=O)(=O)C(C)(C)C)c1ccccc1Cl,9.3,1.0,0.05,10.1002/anie.201902576,ODH,4792,ODH_charity_0616:row:4792,9.3,train,
25093,25093,CC1(C)OB(OC1(C)C)[C@@H](Cc2ccc(Cl)cc2)N3CCOC3=O,8.0,1.0,0.1,10.1021/acscatal.9b04543.,ODH,4793,ODH_charity_0616:row:4793,8.0,train,
25094,25094,CC1(C)OB(OC1(C)C)[C@H](Cc2ccc(Cl)cc2)N3CCOC3=O,9.3,1.0,0.1,10.1021/acscatal.9b04543.,ODH,4794,ODH_charity_0616:row:4794,9.3,train,
25111,25111,CCC/C=C/C[C@@]1(C)CCc2ccccc12,9.6,0.5,0.0,10.1002/anie.201907840,ODH,4795,ODH_charity_0616:row:4795,4.8,train,
25112,25112,CCC/C=C/C[C@]1(C)CCc2ccccc12,9.3,0.5,0.0,10.1002/anie.201907840,ODH,4796,ODH_charity_0616:row:4796,4.65,train,
25115,25115,CCCCC[S@@](=O)c1ccccc1,7.63,1.0,0.1,10.1021/jacs.8b00178,ODH,4797,ODH_charity_0616:row:4797,7.63,train,
25116,25116,CCCCC[S@](=O)c1ccccc1,9.31,1.0,0.1,10.1021/jacs.8b00178,ODH,4798,ODH_charity_0616:row:4798,9.31,train,
25117,25117,C[C@@H](C#Cc1ccccc1)c2ccccc2Br,8.66,0.7,0.005,10.1002/anie.202006317,ODH,4799,ODH_charity_0616:row:4799,6.062,valid,
25118,25118,C[C@H](C#Cc1ccccc1)c2ccccc2Br,9.32,0.7,0.005,10.1002/anie.202006317,ODH,4800,ODH_charity_0616:row:4800,6.524,train,
25121,25121,CCOC(=O)C(=C)C[C@]1(C=C(c2ccccc2)c3ccccc13)C(F)(F)F,8.57,0.5,0.025,10.1021/acs.orglett.7b02895,ODH,4801,ODH_charity_0616:row:4801,4.285,train,
25122,25122,CCOC(=O)C(=C)C[C@@]1(C=C(c2ccccc2)c3ccccc13)C(F)(F)F,9.35,0.5,0.025,10.1021/acs.orglett.7b02895,ODH,4802,ODH_charity_0616:row:4802,4.675,valid,
25131,25131,Fc1cccc2OC(=O)C[C@H](c3ccccc3)c12,10.84,1.0,0.1,10.1039/D0SC04340K,ODH,4803,ODH_charity_0616:row:4803,10.84,train,
25132,25132,Fc1cccc2OC(=O)C[C@@H](c3ccccc3)c12,9.37,1.0,0.1,10.1039/D0SC04340K,ODH,4804,ODH_charity_0616:row:4804,9.37,train,
25133,25133,CCC[C@@H](Nc1ccc2[nH]ccc2c1)C=C,11.71,2.0,0.1,10.1021/jacs.9b06035,ODH,4805,ODH_charity_0616:row:4805,23.42,train,
25134,25134,CCC[C@H](Nc1ccc2[nH]ccc2c1)C=C,9.37,2.0,0.1,10.1021/jacs.9b06035,ODH,4806,ODH_charity_0616:row:4806,18.74,train,
25148,25148,Brc1ccc(O[C@@H](C(=O)OCc2ccccc2)c3ccccc3)cc1,10.2,1.0,0.03,10.1021/acs.organomet.9b00219,ODH,4807,ODH_charity_0616:row:4807,10.2,train,
25149,25149,Brc1ccc(O[C@H](C(=O)OCc2ccccc2)c3ccccc3)cc1,9.4,1.0,0.03,10.1021/acs.organomet.9b00219,ODH,4808,ODH_charity_0616:row:4808,9.4,train,
25150,25150,CCOC(=O)[C@H]1[C@H](c2ccccc2)c3ccccc3OC1=O,10.4,0.7,0.2,10.1002/anie.201813400,ODH,4809,ODH_charity_0616:row:4809,7.28,train,
25151,25151,CCOC(=O)[C@@H]1[C@H](c2ccccc2)c3ccccc3OC1=O,9.4,0.7,0.2,10.1002/anie.201813400,ODH,4810,ODH_charity_0616:row:4810,6.58,train,
25152,25152,Cc1cc([C@H](C(=O)OCc2ccccc2)c3ccc(Cl)cc3)c(C)n1Cc4ccccc4,10.5,0.7,0.2,10.1039/C7QO00815E,ODH,4811,ODH_charity_0616:row:4811,7.35,train,
25153,25153,Cc1cc([C@@H](C(=O)OCc2ccccc2)c3ccc(Cl)cc3)c(C)n1Cc4ccccc4,9.4,0.7,0.2,10.1039/C7QO00815E,ODH,4812,ODH_charity_0616:row:4812,6.58,train,
25156,25156,Cc1cc([C@H](C(=O)OCc2ccccc2)c3cccc(F)c3)c(C)n1Cc4ccccc4,10.7,0.7,0.2,10.1039/C7QO00815E,ODH,4813,ODH_charity_0616:row:4813,7.49,train,
25157,25157,Cc1cc([C@@H](C(=O)OCc2ccccc2)c3cccc(F)c3)c(C)n1Cc4ccccc4,9.4,0.7,0.2,10.1039/C7QO00815E,ODH,4814,ODH_charity_0616:row:4814,6.58,train,
25162,25162,Cc1cc([C@H](C(=O)OCc2ccccc2)c3cccc(Cl)c3)c(C)n1Cc4ccccc4,11.2,0.7,0.2,10.1039/C7QO00815E,ODH,4815,ODH_charity_0616:row:4815,7.84,train,
25163,25163,Cc1cc([C@@H](C(=O)OCc2ccccc2)c3cccc(Cl)c3)c(C)n1Cc4ccccc4,9.4,0.7,0.2,10.1039/C7QO00815E,ODH,4816,ODH_charity_0616:row:4816,6.58,train,
25164,25164,COc1ccc(cc1)[C@@](C)(c2[nH]c3ccccc3c2)c4ccccc4,11.3,1.0,0.1,10.1002/anie.201506701,ODH,4817,ODH_charity_0616:row:4817,11.3,train,
25165,25165,COc1ccc(cc1)[C@](C)(c2[nH]c3ccccc3c2)c4ccccc4,9.4,1.0,0.1,10.1002/anie.201506701,ODH,4818,ODH_charity_0616:row:4818,9.4,train,
25180,25180,Cc1oc(c2ccccc2)c3[C@@H]4COCCN4c5cc(Br)ccc5Cc13,16.3,0.6,0.05,10.1002/chem.201100019,ODH,4819,ODH_charity_0616:row:4819,9.78,train,
25181,25181,Cc1oc(c2ccccc2)c3[C@H]4COCCN4c5cc(Br)ccc5Cc13,9.4,0.6,0.05,10.1002/chem.201100019,ODH,4820,ODH_charity_0616:row:4820,5.64,train,
25182,25182,Cc1ccc(cc1)[C@H]2Nc3ccccc3OC2=O,26.2,0.7,0.3,10.1002/anie.201813400,ODH,4821,ODH_charity_0616:row:4821,18.34,train,
25183,25183,Cc1ccc(cc1)[C@@H]2Nc3ccccc3OC2=O,9.4,0.7,0.3,10.1002/anie.201813400,ODH,4822,ODH_charity_0616:row:4822,6.58,train,
25187,25187,Cc1ccc2N[C@@H]([C@@H]3CCO[C@@H]3c2c1)c4ccc(Cl)cc4Cl,6.84,1.0,0.15,10.1002/anie.201504790,ODH,4823,ODH_charity_0616:row:4823,6.84,train,
25197,25197,CC(C)[C@@H](O)c1ccccc1,7.9,0.8,0.05,10.1016/j.tetlet.2011.03.057,ODH,4824,ODH_charity_0616:row:4824,6.32,test,
25198,25198,CC(C)[C@H](O)c1ccccc1,9.4,0.8,0.05,10.1016/j.tetlet.2011.03.057,ODH,4825,ODH_charity_0616:row:4825,7.52,train,
25201,25201,CC(C)O[P](=O)(OC(C)C)[C@]1(CC(=CC(=O)O1)c2ccccc2)c3ccccc3,8.0,0.6,0.2,10.1039/C8CC03017K,ODH,4826,ODH_charity_0616:row:4826,4.8,train,
25202,25202,CC(C)O[P](=O)(OC(C)C)[C@@]1(CC(=CC(=O)O1)c2ccccc2)c3ccccc3,9.4,0.6,0.2,10.1039/C8CC03017K,ODH,4827,ODH_charity_0616:row:4827,5.64,train,
25207,25207,COC(=O)[C@H](F)\C=C\c1ccccc1,8.6,1.0,0.03,10.1002/anie.201409961,ODH,4828,ODH_charity_0616:row:4828,8.6,train,
25208,25208,COC(=O)[C@@H](F)\C=C\c1ccccc1,9.4,1.0,0.03,10.1002/anie.201409961,ODH,4829,ODH_charity_0616:row:4829,9.4,train,
25215,25215,N#CC1=C(O[C@H]2C=CCC[C@@H]12)c3cscc3,10.727,1.0,0.01,10.1039/C9CC07204G,ODH,4830,ODH_charity_0616:row:4830,10.727,train,
25217,25217,O[C@H](c1cccc(F)c1)C(=O)c2cccc(F)c2,11.69,1.0,0.1,10.1021/acs.orglett.0c01626,ODH,4831,ODH_charity_0616:row:4831,11.69,train,
25218,25218,O[C@@H](c1cccc(F)c1)C(=O)c2cccc(F)c2,9.41,1.0,0.1,10.1021/acs.orglett.0c01626,ODH,4832,ODH_charity_0616:row:4832,9.41,train,
25226,25226,COc1ccccc1C#C[C@H](CC(C)(C)C(=O)OC(C)(C)C)c2ccccc2,8.6,0.5,0.01,10.1021/jacs.0c03130,ODH,4833,ODH_charity_0616:row:4833,4.3,train,
25227,25227,COc1ccccc1C#C[C@@H](CC(C)(C)C(=O)OC(C)(C)C)c2ccccc2,9.42,0.5,0.01,10.1021/jacs.0c03130,ODH,4834,ODH_charity_0616:row:4834,4.71,train,
25228,25228,C[C@@H](C#Cc1ccccc1)c2ccc(OC(C)=O)cc2,10.12,0.7,0.03,10.1002/anie.202006317,ODH,4835,ODH_charity_0616:row:4835,7.084,train,
25229,25229,C[C@H](C#Cc1ccccc1)c2ccc(OC(C)=O)cc2,9.43,0.7,0.03,10.1002/anie.202006317,ODH,4836,ODH_charity_0616:row:4836,6.601,train,
25232,25232,CC(C)(C)c1ccc(cc1)[P@@](=O)(OCc2ccccc2Cl)c3ccccc3,8.05,0.8,0.1,10.1021/acs.orglett.0c01537,ODH,4837,ODH_charity_0616:row:4837,6.44,train,
25233,25233,CC(C)(C)c1ccc(cc1)[P@](=O)(OCc2ccccc2Cl)c3ccccc3,9.43,0.8,0.1,10.1021/acs.orglett.0c01537,ODH,4838,ODH_charity_0616:row:4838,7.544,train,
25236,25236,CCC[C@@H](/C=C/c1ccccc1)c2ccccc2,8.52,1.0,0.0,10.1021/jacs.2c00957,ODH,4839,ODH_charity_0616:row:4839,8.52,train,
25237,25237,CCC[C@H](/C=C/c1ccccc1)c2ccccc2,9.46,1.0,0.0,10.1021/jacs.2c00957,ODH,4840,ODH_charity_0616:row:4840,9.46,train,
25240,25240,C[C@@H](c1cc(cc(c1)c2ccccc2)c3ccccc3)c4ccccc4F,8.98,0.6,0.01,10.1021/jacs.0c09125,ODH,4841,ODH_charity_0616:row:4841,5.388,train,
25241,25241,C[C@H](c1cc(cc(c1)c2ccccc2)c3ccccc3)c4ccccc4F,9.46,0.6,0.01,10.1021/jacs.0c09125,ODH,4842,ODH_charity_0616:row:4842,5.676,train,
25272,25272,CC1(C)OC[C@@H](CO)Oc2cc(Cl)ccc12,11.1,1.0,0.05,10.1021/acs.orglett.9b04244,ODH,4843,ODH_charity_0616:row:4843,11.1,train,
25273,25273,CC1(C)OC[C@H](CO)Oc2cc(Cl)ccc12,9.5,1.0,0.05,10.1021/acs.orglett.9b04244,ODH,4844,ODH_charity_0616:row:4844,9.5,train,
25277,25277,Clc1ccc(cc1)C2=C(C[C@@H](O2)C=C)C#N,11.572,1.0,0.01,10.1021/acs.orglett.0c01483,ODH,4845,ODH_charity_0616:row:4845,11.572,train,
25278,25278,Clc1ccc(cc1)C2=C(C[C@H](O2)C=C)C#N,9.5,1.0,0.01,10.1021/acs.orglett.0c01483,ODH,4846,ODH_charity_0616:row:4846,9.5,train,
25285,25285,ClCC(=O)N1[C@@H]2CCCC[C@@H]2c3ccccc13,12.7,1.0,0.1,10.1021/ja502020b,ODH,4847,ODH_charity_0616:row:4847,12.7,train,
25288,25288,CCCC[C@@H]1Cc2ccccc2N1,13.1,1.0,0.01,10.1039/C8QO00710A,ODH,4848,ODH_charity_0616:row:4848,13.1,train,
25289,25289,CCCC[C@H]1Cc2ccccc2N1,9.5,1.0,0.01,10.1039/C8QO00710A,ODH,4849,ODH_charity_0616:row:4849,9.5,train,
25293,25293,Clc1ccc(cc1)[C@]2(CCC(=O)O2)C(=O)OC(c3ccccc3)c4ccccc4,28.5,0.75,0.2,10.1002/chem.201501481,ODH,4850,ODH_charity_0616:row:4850,21.375,train,
25294,25294,Clc1ccc(cc1)[C@@]2(CCC(=O)O2)C(=O)OC(c3ccccc3)c4ccccc4,9.5,0.75,0.2,10.1002/chem.201501481,ODH,4851,ODH_charity_0616:row:4851,7.125,train,
25297,25297,CC1(C)OB(OC1(C)C)[C@@H](Cc2cccc(F)c2)N3CCOC3=O,8.1,1.0,0.1,10.1021/acscatal.9b04543.,ODH,4852,ODH_charity_0616:row:4852,8.1,train,
25298,25298,CC1(C)OB(OC1(C)C)[C@H](Cc2cccc(F)c2)N3CCOC3=O,9.5,1.0,0.1,10.1021/acscatal.9b04543.,ODH,4853,ODH_charity_0616:row:4853,9.5,train,
25302,25302,CC1(C)OB(OC1(C)C)[C@@H](Cc2ccc(Br)cc2)N3CCOC3=O,8.3,1.0,0.1,10.1021/acscatal.9b04543.,ODH,4854,ODH_charity_0616:row:4854,8.3,train,
25303,25303,CC1(C)OB(OC1(C)C)[C@H](Cc2ccc(Br)cc2)N3CCOC3=O,9.5,1.0,0.1,10.1021/acscatal.9b04543.,ODH,4855,ODH_charity_0616:row:4855,9.5,train,
25308,25308,O[C@H](CC(=C)c1ccccc1)c2ccc(cc2)[N+]([O-])=O,8.5,1.0,0.15,10.1021/acs.orglett.6b03378,ODH,4856,ODH_charity_0616:row:4856,8.5,train,
25309,25309,O[C@@H](CC(=C)c1ccccc1)c2ccc(cc2)[N+]([O-])=O,9.5,1.0,0.15,10.1021/acs.orglett.6b03378,ODH,4857,ODH_charity_0616:row:4857,9.5,train,
25316,25316,C[C@@](C/C=C/C=C/c1cccc(Cl)c1)(C=O)c2ccccc2,10.923,1.0,0.03,10.1021/acs.orglett.8b00740,ODH,4858,ODH_charity_0616:row:4858,10.923,train,
25317,25317,C[C@](C/C=C/C=C/c1cccc(Cl)c1)(C=O)c2ccccc2,9.502,1.0,0.03,10.1021/acs.orglett.8b00740,ODH,4859,ODH_charity_0616:row:4859,9.502,valid,
25321,25321,COC(=O)[C@@]1(CCCC1=O)[C@H](C[N+]([O-])=O)c2cccc(C)c2,13.26,1.0,0.1,10.1021/ol4017386,ODH,4860,ODH_charity_0616:row:4860,13.26,train,
25346,25346,CCN(C)C(=O)Oc1cccc(c1)[C@H](C)N(C)C,16.01,1.0,0.2,10.1021/jacs.1c07726,ODH,4861,ODH_charity_0616:row:4861,16.01,train,
25347,25347,CCN(C)C(=O)Oc1cccc(c1)[C@@H](C)N(C)C,9.56,1.0,0.2,10.1021/jacs.1c07726,ODH,4862,ODH_charity_0616:row:4862,9.56,train,
25353,25353,CC(C)Cc1ccc(cc1)[C@H](O)C(O)=O,7.11,0.8,0.1,10.1002/adsc.201700846,ODH,4863,ODH_charity_0616:row:4863,5.688,train,
25354,25354,CC(C)Cc1ccc(cc1)[C@@H](O)C(O)=O,9.57,0.8,0.1,10.1002/adsc.201700846,ODH,4864,ODH_charity_0616:row:4864,7.656,valid,
25359,25359,CC(=C)[C@@H]1CN(C(=C1)c2ccc(Br)cc2)[S](=O)(=O)c3ccc(C)cc3,8.67,0.8,0.05,10.1021/jacs.6b00386,ODH,4865,ODH_charity_0616:row:4865,6.936,train,
25360,25360,CC(=C)[C@H]1CN(C(=C1)c2ccc(Br)cc2)[S](=O)(=O)c3ccc(C)cc3,9.59,0.8,0.05,10.1021/jacs.6b00386,ODH,4866,ODH_charity_0616:row:4866,7.672,train,
25361,25361,Cc1cccc(c1)[C@H]2CCC(=O)C2(C)C,8.7,1.0,0.005,10.1002/anie.202017190,ODH,4867,ODH_charity_0616:row:4867,8.7,train,
25362,25362,Cc1cccc(c1)[C@@H]2CCC(=O)C2(C)C,9.59,1.0,0.005,10.1002/anie.202017190,ODH,4868,ODH_charity_0616:row:4868,9.59,train,
25389,25389,CCCCC[C@@H]1Cc2ccccc2N1,12.4,1.0,0.01,10.1039/C8QO00710A,ODH,4869,ODH_charity_0616:row:4869,12.4,test,
25390,25390,CCCCC[C@H]1Cc2ccccc2N1,9.6,1.0,0.01,10.1039/C8QO00710A,ODH,4870,ODH_charity_0616:row:4870,9.6,train,
25402,25402,Cc1cccc(O[C@H](C(=O)OCc2ccccc2)c3ccccc3)c1,19.5,1.0,0.03,10.1002/anie.201504483,ODH,4871,ODH_charity_0616:row:4871,19.5,test,
25403,25403,Cc1cccc(O[C@@H](C(=O)OCc2ccccc2)c3ccccc3)c1,9.6,1.0,0.03,10.1002/anie.201504483,ODH,4872,ODH_charity_0616:row:4872,9.6,train,
25410,25410,FC(F)(F)c1cc(N[C@@H]2CCC(=O)O[C@H]2c3ccccc3)cc(c1)C(F)(F)F,22.6,1.0,0.1,10.1002/anie.201607714,ODH,4873,ODH_charity_0616:row:4873,22.6,train,
25411,25411,Cc1ccc(cc1)[C@H]2Nc3ccccc3OC2=O,26.0,0.7,0.3,10.1039/D0CC03091K,ODH,4874,ODH_charity_0616:row:4874,18.2,train,
25412,25412,Cc1ccc(cc1)[C@@H]2Nc3ccccc3OC2=O,9.6,0.7,0.3,10.1039/D0CC03091K,ODH,4875,ODH_charity_0616:row:4875,6.72,train,
25413,25413,Clc1cccc(c1)[C@]2(CCC(=O)O2)C(=O)OC(c3ccccc3)c4ccccc4,28.6,0.75,0.2,10.1002/chem.201501481,ODH,4876,ODH_charity_0616:row:4876,21.45,train,
25414,25414,Clc1cccc(c1)[C@@]2(CCC(=O)O2)C(=O)OC(c3ccccc3)c4ccccc4,9.6,0.75,0.2,10.1002/chem.201501481,ODH,4877,ODH_charity_0616:row:4877,7.2,train,
25422,25422,O[C@H]([C@@H](C=C)c1ccccc1)c2ccc(Cl)cc2,8.4,1.0,0.1,10.1021/acs.orglett.6b03378,ODH,4878,ODH_charity_0616:row:4878,8.4,train,
25425,25425,Fc1ccc2O[C@H]3OCC[C@H]3c2c1,8.5,1.0,0.02,10.1039/D0SC01391A,ODH,4879,ODH_charity_0616:row:4879,8.5,train,
25426,25426,Fc1ccc2O[C@@H]3OCC[C@H]3c2c1,9.6,1.0,0.02,10.1039/D0SC01391A,ODH,4880,ODH_charity_0616:row:4880,9.6,train,
25429,25429,C1[C@@H](Oc2ccccc2[C@@H]1c3sccc3)Sc4ccccc4,9.1,1.0,0.01,10.1021/acs.orglett.7b00867,ODH,4881,ODH_charity_0616:row:4881,9.1,train,
25435,25435,COc1ccc(cc1)[C@@H]2[C@H](O)CCCC23OCCO3,11.073,1.0,0.05,10.1021/acs.orglett.1c00044,ODH,4882,ODH_charity_0616:row:4882,11.073,train,
25436,25436,CCC[C@@H](NCc1ccccc1)C(=C)CC,26.543,0.5,0.02,10.1021/jacs.1c04016,ODH,4883,ODH_charity_0616:row:4883,13.2715,train,
25437,25437,CCC[C@H](NCc1ccccc1)C(=C)CC,9.618,0.5,0.02,10.1021/jacs.1c04016,ODH,4884,ODH_charity_0616:row:4884,4.809,train,
25444,25444,O[C@H](c1ccc(F)cc1)C(=O)c2ccc(F)cc2,10.14,1.0,0.1,10.1021/acs.orglett.0c01626,ODH,4885,ODH_charity_0616:row:4885,10.14,valid,
25445,25445,O[C@@H](c1ccc(F)cc1)C(=O)c2ccc(F)cc2,9.63,1.0,0.1,10.1021/acs.orglett.0c01626,ODH,4886,ODH_charity_0616:row:4886,9.63,test,
25457,25457,COC(=O)C(=C)C[C@]1(C=C(c2ccccc2)c3ccccc13)C(F)(F)F,8.88,0.5,0.025,10.1021/acs.orglett.7b02895,ODH,4887,ODH_charity_0616:row:4887,4.44,train,
25458,25458,COC(=O)C(=C)C[C@@]1(C=C(c2ccccc2)c3ccccc13)C(F)(F)F,9.64,0.5,0.025,10.1021/acs.orglett.7b02895,ODH,4888,ODH_charity_0616:row:4888,4.82,train,
25472,25472,COc1ccc(cc1)[C@](C)(C/C=C/c2ccc(Cl)cc2)C=O,8.957,1.0,0.1,10.1016/j.chempr.2018.03.010,ODH,4889,ODH_charity_0616:row:4889,8.957,train,
25473,25473,COc1ccc(cc1)[C@@](C)(C/C=C/c2ccc(Cl)cc2)C=O,9.69,1.0,0.1,10.1016/j.chempr.2018.03.010,ODH,4890,ODH_charity_0616:row:4890,9.69,train,
25486,25486,Cc1cc([C@H](C(=O)OCc2ccccc2)c3ccccc3)c(C)n1Cc4ccccc4,10.9,0.7,0.2,10.1039/C7QO00815E,ODH,4891,ODH_charity_0616:row:4891,7.63,train,
25487,25487,Cc1cc([C@@H](C(=O)OCc2ccccc2)c3ccccc3)c(C)n1Cc4ccccc4,9.7,0.7,0.2,10.1039/C7QO00815E,ODH,4892,ODH_charity_0616:row:4892,6.79,train,
25490,25490,F[C@H]1[C@H](NCc2ccccc12)C3CC3,11.8,0.8,0.1,10.1039/C3CC45341C,ODH,4893,ODH_charity_0616:row:4893,9.44,train,
25491,25491,F[C@@H]1[C@H](NCc2ccccc12)C3CC3,9.7,0.8,0.1,10.1039/C3CC45341C,ODH,4894,ODH_charity_0616:row:4894,7.76,train,
25492,25492,Cn1c2ccccc2c([C@H](C(=O)OCc3ccccc3)c4ccccc4)c1c5ccc(Cl)cc5,12.3,0.7,0.1,10.1002/anie.201504483,ODH,4895,ODH_charity_0616:row:4895,8.61,test,
25493,25493,Cn1c2ccccc2c([C@@H](C(=O)OCc3ccccc3)c4ccccc4)c1c5ccc(Cl)cc5,9.7,0.7,0.1,10.1002/anie.201504483,ODH,4896,ODH_charity_0616:row:4896,6.79,train,
25498,25498,Cc1ccc2OC(=O)[C@H](Nc2c1)c3ccccc3,12.7,0.7,0.3,10.1002/anie.201813400,ODH,4897,ODH_charity_0616:row:4897,8.89,train,
25499,25499,Cc1ccc2OC(=O)[C@@H](Nc2c1)c3ccccc3,9.7,0.7,0.3,10.1002/anie.201813400,ODH,4898,ODH_charity_0616:row:4898,6.79,train,
25503,25503,Cc1ccc2c(O[C@H](CO)COC2(C)C)c1,12.8,1.0,0.05,10.1021/acs.orglett.9b04244,ODH,4899,ODH_charity_0616:row:4899,12.8,valid,
25504,25504,Cc1ccc2c(O[C@@H](CO)COC2(C)C)c1,9.7,1.0,0.05,10.1021/acs.orglett.9b04244,ODH,4900,ODH_charity_0616:row:4900,9.7,train,
25517,25517,O[C@@H]/1CCCCC1=C/c2ccccc2,8.0,0.8,0.1,10.1021/acs.organomet.9b00366,ODH,4901,ODH_charity_0616:row:4901,6.4,train,
25518,25518,O[C@H]/1CCCCC1=C/c2ccccc2,9.7,0.8,0.1,10.1021/acs.organomet.9b00366,ODH,4902,ODH_charity_0616:row:4902,7.76,train,
25521,25521,CCCCC[C@H](C=C)n1ccc2ccc(OC)cc12,8.7,1.0,0.001,10.1002/chem.202004613,ODH,4903,ODH_charity_0616:row:4903,8.7,train,
25522,25522,CCCCC[C@@H](C=C)n1ccc2ccc(OC)cc12,9.7,1.0,0.001,10.1002/chem.202004613,ODH,4904,ODH_charity_0616:row:4904,9.7,train,
25525,25525,CC1(C)OB(OC1(C)C)[C@@H](Cc2cccc(Cl)c2)N3CCOC3=O,8.8,1.0,0.1,10.1021/acscatal.9b04543.,ODH,4905,ODH_charity_0616:row:4905,8.8,train,
25526,25526,CC1(C)OB(OC1(C)C)[C@H](Cc2cccc(Cl)c2)N3CCOC3=O,9.7,1.0,0.1,10.1021/acscatal.9b04543.,ODH,4906,ODH_charity_0616:row:4906,9.7,valid,
25531,25531,COC(=O)[C@H](F)\C=C\c1ccc(F)cc1,9.0,1.0,0.01,10.1002/anie.201204521,ODH,4907,ODH_charity_0616:row:4907,9.0,train,
25532,25532,COC(=O)[C@@H](F)\C=C\c1ccc(F)cc1,9.7,1.0,0.01,10.1002/anie.201204521,ODH,4908,ODH_charity_0616:row:4908,9.7,train,
25535,25535,COC(=O)[C@H](F)\C=C\c1ccccc1C=C,9.1,1.0,0.03,10.1002/anie.201204521,ODH,4909,ODH_charity_0616:row:4909,9.1,train,
25536,25536,COC(=O)[C@@H](F)\C=C\c1ccccc1C=C,9.7,1.0,0.03,10.1002/anie.201204521,ODH,4910,ODH_charity_0616:row:4910,9.7,train,
25539,25539,Cc1cccc(c1)C2=CC[C@@]3(C)COc4cccc2c34,9.3,0.5,0.01,10.1002/anie.201913367,ODH,4911,ODH_charity_0616:row:4911,4.65,train,
25540,25540,Cc1cccc(c1)C2=CC[C@]3(C)COc4cccc2c34,9.7,0.5,0.01,10.1002/anie.201913367,ODH,4912,ODH_charity_0616:row:4912,4.85,train,
25543,25543,C[C@@](C\C=C\C=C\c1ccccc1)(C=O)c2ccc(cc2)C(F)(F)F,11.554,1.0,0.1,10.1021/acs.orglett.8b00740,ODH,4913,ODH_charity_0616:row:4913,11.554,train,
25544,25544,C[C@](C\C=C\C=C\c1ccccc1)(C=O)c2ccc(cc2)C(F)(F)F,9.708,1.0,0.1,10.1021/acs.orglett.8b00740,ODH,4914,ODH_charity_0616:row:4914,9.708,train,
25545,25545,C=C[C@@H](CCc1ccccc1)NCC#C,10.36,0.8,0.008,10.1021/jacs.9b06035,ODH,4915,ODH_charity_0616:row:4915,8.288,train,
25546,25546,C=C[C@H](CCc1ccccc1)NCC#C,9.71,0.8,0.008,10.1021/jacs.9b06035,ODH,4916,ODH_charity_0616:row:4916,7.768,train,
25554,25554,C[C@@H](N1CCN(CCOc2ccc(F)cc2)CC1)[C@](O)(Cn3cncn3)c4ccc(F)cc4F,10.86,1.0,0.3,10.1021/acs.orglett.1c02588,ODH,4917,ODH_charity_0616:row:4917,10.86,train,
25588,25588,C[C@@H](O)c1ccc(Cl)cc1,8.89,1.0,0.05,10.1021/acs.orglett.8b02591,ODH,4918,ODH_charity_0616:row:4918,8.89,train,
25589,25589,C[C@H](O)c1ccc(Cl)cc1,9.77,1.0,0.05,10.1021/acs.orglett.8b02591,ODH,4919,ODH_charity_0616:row:4919,9.77,train,
25600,25600,COc1ccc2C(=O)N(C[C@@H](C=C)N(c2c1)[S](C)(=O)=O)[S](=O)(=O)c3ccc(C)cc3,22.28,1.0,0.3,10.1021/acscatal.1c04541,ODH,4920,ODH_charity_0616:row:4920,22.28,valid,
25601,25601,COc1ccc2C(=O)N(C[C@H](C=C)N(c2c1)[S](C)(=O)=O)[S](=O)(=O)c3ccc(C)cc3,9.79,1.0,0.3,10.1021/acscatal.1c04541,ODH,4921,ODH_charity_0616:row:4921,9.79,train,
25605,25605,Cc1ccccc1C[C@@H]2Cc3ccccc3N2,10.8,1.0,0.01,10.1021/ja502020b,ODH,4922,ODH_charity_0616:row:4922,10.8,train,
25606,25606,Cc1ccccc1C[C@H]2Cc3ccccc3N2,9.8,1.0,0.01,10.1021/ja502020b,ODH,4923,ODH_charity_0616:row:4923,9.8,train,
25613,25613,CN1C(=O)N[C@@H](c2ccccc2)c3cc(Br)ccc13,11.2,1.0,0.2,10.1002/cjoc.202000045,ODH,4924,ODH_charity_0616:row:4924,11.2,train,
25614,25614,CN1C(=O)N[C@H](c2ccccc2)c3cc(Br)ccc13,9.8,1.0,0.2,10.1002/cjoc.202000045,ODH,4925,ODH_charity_0616:row:4925,9.8,valid,
25621,25621,Cc1cc([C@H](C(=O)OCc2ccccc2)c3cccc(Br)c3)c(C)n1Cc4ccccc4,11.9,0.7,0.2,10.1039/C7QO00815E,ODH,4926,ODH_charity_0616:row:4926,8.33,train,
25622,25622,Cc1cc([C@@H](C(=O)OCc2ccccc2)c3cccc(Br)c3)c(C)n1Cc4ccccc4,9.8,0.7,0.2,10.1039/C7QO00815E,ODH,4927,ODH_charity_0616:row:4927,6.86,train,
25627,25627,Clc1ccc2sc(SC[C@@H](CN(Cc3ccccc3)C(c4ccccc4)c5ccccc5)OCc6ccccc6)nc2c1,12.3,1.0,0.01,10.1002/anie.201712395,ODH,4928,ODH_charity_0616:row:4928,12.3,train,
25628,25628,Clc1ccc2sc(SC[C@H](CN(Cc3ccccc3)C(c4ccccc4)c5ccccc5)OCc6ccccc6)nc2c1,9.8,1.0,0.01,10.1002/anie.201712395,ODH,4929,ODH_charity_0616:row:4929,9.8,train,
25637,25637,Cn1c2ccccc2c([C@H](C(=O)OCc3ccccc3)c4ccccc4)c1c5ccc(F)cc5,13.1,0.7,0.1,10.1002/anie.201504483,ODH,4930,ODH_charity_0616:row:4930,9.17,train,
25638,25638,Cn1c2ccccc2c([C@@H](C(=O)OCc3ccccc3)c4ccccc4)c1c5ccc(F)cc5,9.8,0.7,0.1,10.1002/anie.201504483,ODH,4931,ODH_charity_0616:row:4931,6.86,valid,
25639,25639,OC[C@@H](O)c1cccc2ccccc12,13.6,0.5,0.3,10.1021/acs.orglett.8b01029,ODH,4932,ODH_charity_0616:row:4932,6.8,train,
25640,25640,OC[C@H](O)c1cccc2ccccc12,9.8,0.5,0.3,10.1021/acs.orglett.8b01029,ODH,4933,ODH_charity_0616:row:4933,4.9,train,
25643,25643,C[C@H]1C=C[C@@H](CO)N(N1C(=O)OC(C)(C)C)C(=O)Nc2ccc(Cl)cc2,6.8,0.6,0.3,10.1021/ol503047s,ODH,4934,ODH_charity_0616:row:4934,4.08,train,
25653,25653,O[C@H]([C@@H](C=C)c1ccccc1)c2ccc(cc2)C(F)(F)F,7.9,1.0,0.1,10.1021/acs.orglett.6b03378,ODH,4935,ODH_charity_0616:row:4935,7.9,valid,
25659,25659,C[C@@H](N[S](=O)(=O)C(C)(C)C)c1ccc(C)cc1C,8.3,1.0,0.05,10.1002/anie.201902576,ODH,4936,ODH_charity_0616:row:4936,8.3,valid,
25660,25660,C[C@H](N[S](=O)(=O)C(C)(C)C)c1ccc(C)cc1C,9.8,1.0,0.05,10.1002/anie.201902576,ODH,4937,ODH_charity_0616:row:4937,9.8,train,
25663,25663,COC(=O)C[C@H]1CC[C@H](C)[C@@H](COCc2ccccc2)O1,8.4,1.0,0.03,10.1002/chem.201801197,ODH,4938,ODH_charity_0616:row:4938,8.4,train,
25674,25674,Cc1[nH]c(cc1)[C@@](C)(c2ccccc2)c3ccc(O)c(F)c3,8.9,1.0,0.1,10.1002/anie.201506701,ODH,4939,ODH_charity_0616:row:4939,8.9,train,
25675,25675,Cc1[nH]c(cc1)[C@](C)(c2ccccc2)c3ccc(O)c(F)c3,9.8,1.0,0.1,10.1002/anie.201506701,ODH,4940,ODH_charity_0616:row:4940,9.8,train,
25686,25686,C[C@@](C\C=C\C=C\c1cscc1)(C=O)c2ccccc2,11.714,1.0,0.03,10.1021/acs.orglett.8b00740,ODH,4941,ODH_charity_0616:row:4941,11.714,train,
25687,25687,C[C@](C\C=C\C=C\c1cscc1)(C=O)c2ccccc2,9.823,1.0,0.03,10.1021/acs.orglett.8b00740,ODH,4942,ODH_charity_0616:row:4942,9.823,train,
25712,25712,C1CCC(CC1)[C@@H](C#Cc2ccccc2)c3ccccc3,11.73,0.7,0.005,10.1002/anie.202006317,ODH,4943,ODH_charity_0616:row:4943,8.211,train,
25713,25713,C1CCC(CC1)[C@H](C#Cc2ccccc2)c3ccccc3,9.88,0.7,0.005,10.1002/anie.202006317,ODH,4944,ODH_charity_0616:row:4944,6.916,train,
25724,25724,CCC[C@@H](Nc1ccccc1)C=C,12.691,0.5,0.001,10.1021/acscatal.0c00712,ODH,4945,ODH_charity_0616:row:4945,6.3455,train,
25725,25725,CCC[C@H](Nc1ccccc1)C=C,9.898,0.5,0.001,10.1021/acscatal.0c00712,ODH,4946,ODH_charity_0616:row:4946,4.949,train,
25737,25737,CC1(C)OC[C@@H](CO)Oc2ccc(Cl)cc12,11.5,1.0,0.05,10.1021/acs.orglett.9b04244,ODH,4947,ODH_charity_0616:row:4947,11.5,train,
25738,25738,CC1(C)OC[C@H](CO)Oc2ccc(Cl)cc12,9.9,1.0,0.05,10.1021/acs.orglett.9b04244,ODH,4948,ODH_charity_0616:row:4948,9.9,train,
25745,25745,NC1=C(C#N)[C@@H](c2ccc(F)cc2)c3cc4OCOc4cc3O1,11.8,0.7,0.3,10.1021/acs.orglett.5b03148,ODH,4949,ODH_charity_0616:row:4949,8.26,valid,
25746,25746,NC1=C(C#N)[C@H](c2ccc(F)cc2)c3cc4OCOc4cc3O1,9.9,0.7,0.3,10.1021/acs.orglett.5b03148,ODH,4950,ODH_charity_0616:row:4950,6.93,train,
25748,25748,Cc1ccc2OC(=O)[C@H](Nc2c1)c3ccccc3,13.0,0.7,0.3,10.1039/D0CC03091K,ODH,4951,ODH_charity_0616:row:4951,9.1,train,
25749,25749,Cc1ccc2OC(=O)[C@@H](Nc2c1)c3ccccc3,9.9,0.7,0.3,10.1039/D0CC03091K,ODH,4952,ODH_charity_0616:row:4952,6.93,train,
25762,25762,COc1ccccc1[C@@H]2C[C@@H](Oc3ccccc23)Sc4ccccc4,7.4,1.0,0.03,10.1021/acs.orglett.7b00867,ODH,4953,ODH_charity_0616:row:4953,7.4,train,
25785,25785,O[C@@H]1CCCC2(OCCO2)[C@@H]1c3ccc(Cl)cc3,11.412,1.0,0.05,10.1021/acs.orglett.1c00044,ODH,4954,ODH_charity_0616:row:4954,11.412,test,
25790,25790,O[C@@H]1CCCC2(OCCO2)[C@@H]1c3ccccc3,10.953,1.0,0.05,10.1021/acs.orglett.1c00044,ODH,4955,ODH_charity_0616:row:4955,10.953,train,
25795,25795,COc1cccc(C[C@H]2CCON2C(=O)OC(C)(C)C)c1,12.657,0.8,0.1,10.1039/D1SC01337H,ODH,4956,ODH_charity_0616:row:4956,10.1256,train,
25796,25796,COc1cccc(C[C@@H]2CCON2C(=O)OC(C)(C)C)c1,9.932,0.8,0.1,10.1039/D1SC01337H,ODH,4957,ODH_charity_0616:row:4957,7.9456,train,
25809,25809,CCC[C@@H](N[S](=O)(=O)c1ccc(C)cc1)C=C,8.74,1.0,0.05,10.1021/acscatal.0c00712,ODH,4958,ODH_charity_0616:row:4958,8.74,train,
25810,25810,CCC[C@H](N[S](=O)(=O)c1ccc(C)cc1)C=C,9.969,1.0,0.05,10.1021/acscatal.0c00712,ODH,4959,ODH_charity_0616:row:4959,9.969,train,
25821,25821,Cc1ccc(cc1)C2=C(C[C@@H](O2)C=C)C#N,12.665,1.0,0.01,10.1021/acs.orglett.0c01483,ODH,4960,ODH_charity_0616:row:4960,12.665,train,
25822,25822,Cc1ccc(cc1)C2=C(C[C@H](O2)C=C)C#N,9.99,1.0,0.01,10.1021/acs.orglett.0c01483,ODH,4961,ODH_charity_0616:row:4961,9.99,train,
25825,25825,CCOC(=O)[C@@]1(N[S](=O)(=O)c2ccccc12)C#Cc3ccc(cc3)C#N,96.5,0.5,0.15,10.1039/c7cc02159c,ODH,4962,ODH_charity_0616:row:4962,48.25,train,
25826,25826,CCOC(=O)[C@]1(N[S](=O)(=O)c2ccccc12)C#Cc3ccc(cc3)C#N,90.0,0.5,0.15,10.1039/c7cc02159c,ODH,4963,ODH_charity_0616:row:4963,45.0,train,
25829,25829,O=C1OC(=C[C@@H]([C@@H]1Cc2ccccc2)c3ccccc3)c4ccccc4,75.4,0.5,0.002,10.1021/ol303035r,ODH,4964,ODH_charity_0616:row:4964,37.7,train,
25836,25836,O[C@@H]([C@H](C=C)c1ccc(cc1)[N+]([O-])=O)C(=O)c2ccccc2,46.9,0.5,0.05,10.1021/jacs.6b06156,ODH,4965,ODH_charity_0616:row:4965,23.45,train,
25837,25837,O[C@@H]([C@H](C=C)c1ccc(cc1)[N+]([O-])=O)C(=O)c2ccccc2,46.9,0.5,0.05,10.1021/jacs.6b06156,ODH,4966,ODH_charity_0616:row:4966,23.45,train,
25838,25838,COc1ccc(cc1)C(=O)N[C@](C)(C(=O)NC(C)C)C(=O)OCc2ccccc2,99.6,0.1,0.2,10.1039/D0SC00808G,ODH,4967,ODH_charity_0616:row:4967,9.96,train,
25839,25839,COc1ccc(cc1)C(=O)N[C@@](C)(C(=O)NC(C)C)C(=O)OCc2ccccc2,92.7,0.1,0.2,10.1039/D0SC00808G,ODH,4968,ODH_charity_0616:row:4968,9.27,train,
25852,25852,COc1ccc(C[C@H]2[C@H](C=C(OC2=O)c3ccccc3)c4ccccc4)cc1,83.1,0.75,0.005,10.1021/ol303035r,ODH,4969,ODH_charity_0616:row:4969,62.325,excluded,official_RTv_gt_60
25853,25853,COc1ccc(C[C@@H]2[C@H](C=C(OC2=O)c3ccccc3)c4ccccc4)cc1,94.8,0.75,0.005,10.1021/ol303035r,ODH,4970,ODH_charity_0616:row:4970,71.1,excluded,official_RTv_gt_60
25858,25858,Brc1ccc(cc1)[C@@H]2C=C(C[C@H]2c3ccccc3)c4ccccc4,65.2,0.3,0.002,10.1038/nchem.1710,ODH,4971,ODH_charity_0616:row:4971,19.56,train,
